Date,Time,"Core 0 T0 Effective Clock [MHz]","Core 0 T0 Usage [%]","Total CPU Usage [%]","CPU Package [¡ÆC]","CPU Package Power [W]",
21.9.2026,0:8:16.871,151.0,5.5,7.3,66,6.160,
21.9.2026,0:8:17.078,1146.9,27.0,31.8,84,24.747,
21.9.2026,0:8:17.286,1628.5,35.5,22.9,63,22.288,
21.9.2026,0:8:17.498,363.6,7.1,8.1,58,13.118,
21.9.2026,0:8:17.709,394.3,10.0,5.5,47,13.118,
21.9.2026,0:8:17.917,267.1,3.5,5.2,80,8.203,
21.9.2026,0:8:18.121,3098.6,69.1,22.1,60,9.944,
21.9.2026,0:8:18.328,1592.3,36.4,19.4,59,20.085,
21.9.2026,0:8:18.527,745.7,16.5,5.6,47,21.274,
21.9.2026,0:8:18.739,685.2,15.0,5.2,51,9.942,
21.9.2026,0:8:18.946,846.5,25.4,12.2,70,9.516,
21.9.2026,0:8:19.135,557.0,18.1,23.6,66,11.816,
21.9.2026,0:8:19.342,578.6,12.7,15.8,55,21.407,
21.9.2026,0:8:19.723,528.2,10.9,3.8,54,12.404,
21.9.2026,0:8:19.751,528.2,10.9,3.8,54,12.404,
21.9.2026,0:8:19.961,564.0,13.1,19.5,60,7.295,
21.9.2026,0:8:20.152,661.0,15.1,14.8,73,20.179,
21.9.2026,0:8:20.357,633.0,20.7,20.3,49,20.505,
21.9.2026,0:8:20.567,573.7,12.8,3.6,48,16.056,
21.9.2026,0:8:20.776,383.9,5.8,1.7,47,8.017,
21.9.2026,0:8:20.984,579.0,18.1,12.1,67,7.074,
21.9.2026,0:8:21.194,149.0,2.7,14.4,73,13.266,
21.9.2026,0:8:21.396,39.3,4.2,8.3,47,11.507,
21.9.2026,0:8:21.599,506.3,8.7,9.3,48,7.688,
21.9.2026,0:8:21.794,394.7,9.0,2.8,46,6.788,
21.9.2026,0:8:21.999,198.9,2.9,14.9,84,14.390,
21.9.2026,0:8:22.206,110.1,1.5,11.4,84,20.001,
21.9.2026,0:8:22.416,1091.1,22.2,6.1,48,11.650,
21.9.2026,0:8:22.614,173.3,7.5,7.6,46,5.800,
21.9.2026,0:8:22.824,170.6,6.8,7.1,46,5.430,
21.9.2026,0:8:23.034,2516.3,51.8,11.3,80,18.019,
21.9.2026,0:8:23.240,3735.4,84.4,17.1,78,20.162,
21.9.2026,0:8:23.434,286.2,8.5,7.5,48,10.904,
21.9.2026,0:8:23.644,1078.2,22.3,19.4,58,17.945,
21.9.2026,0:8:23.839,621.6,5.9,8.9,47,13.993,
21.9.2026,0:8:24.044,246.4,11.2,17.3,80,17.333,
21.9.2026,0:8:24.253,197.4,3.6,14.2,84,19.616,
21.9.2026,0:8:24.464,151.6,6.9,7.3,48,8.580,
21.9.2026,0:8:24.681,382.5,3.3,6.7,47,8.205,
21.9.2026,0:8:24.887,192.8,7.5,6.7,47,7.415,
21.9.2026,0:8:25.093,207.8,3.6,13.6,84,17.997,
21.9.2026,0:8:25.295,167.7,2.8,15.9,80,19.669,
21.9.2026,0:8:25.495,150.7,3.2,4.2,48,6.680,
21.9.2026,0:8:25.701,151.0,3.3,1.0,46,5.910,
21.9.2026,0:8:25.912,326.7,7.5,4.5,47,5.940,
21.9.2026,0:8:26.120,112.7,1.5,15.3,85,19.302,
21.9.2026,0:8:26.326,141.3,2.7,14.1,82,18.959,
21.9.2026,0:8:26.525,158.2,5.0,3.9,47,7.324,
21.9.2026,0:8:26.737,137.3,7.8,4.1,47,5.796,
21.9.2026,0:8:26.941,147.1,1.5,4.3,68,7.094,
21.9.2026,0:8:27.148,45.7,0.0,16.2,86,19.694,
21.9.2026,0:8:27.362,85.7,1.6,15.1,76,18.943,
21.9.2026,0:8:27.569,161.3,6.4,6.5,47,6.444,
21.9.2026,0:8:27.783,134.4,1.0,0.3,47,5.586,
21.9.2026,0:8:27.989,87.9,5.1,9.5,71,7.663,
21.9.2026,0:8:28.195,185.9,3.1,15.4,85,19.182,
21.9.2026,0:8:28.397,1061.9,27.4,13.7,49,17.436,
21.9.2026,0:8:28.601,128.5,0.0,2.4,47,5.167,
21.9.2026,0:8:28.813,78.9,2.2,3.1,46,5.709,
21.9.2026,0:8:29.016,152.4,7.6,8.6,79,8.611,
21.9.2026,0:8:29.222,1647.8,35.4,17.9,74,19.624,
21.9.2026,0:8:29.431,2469.6,54.0,10.0,47,16.142,
21.9.2026,0:8:29.645,296.7,12.7,7.2,46,6.202,
21.9.2026,0:8:29.852,462.7,6.6,1.8,46,7.518,
21.9.2026,0:8:30.042,435.7,9.7,7.4,77,11.611,
21.9.2026,0:8:30.247,2082.1,49.1,23.6,73,19.963,
21.9.2026,0:8:30.456,468.5,8.9,8.6,47,14.301,
21.9.2026,0:8:30.661,939.3,20.2,11.4,57,13.384,
21.9.2026,0:8:30.861,809.1,15.5,9.1,48,11.894,
21.9.2026,0:8:31.060,790.6,21.1,17.6,78,16.135,
21.9.2026,0:8:31.266,726.8,14.1,16.6,83,20.148,
21.9.2026,0:8:31.470,1382.8,29.5,14.5,47,14.138,
21.9.2026,0:8:31.678,761.7,16.0,5.3,46,9.161,
21.9.2026,0:8:31.871,614.5,12.4,2.6,46,7.828,
21.9.2026,0:8:32.076,1987.4,46.3,17.8,68,16.394,
21.9.2026,0:8:32.282,590.7,11.1,17.4,78,20.884,
21.9.2026,0:8:32.487,2485.9,64.5,14.5,47,13.960,
21.9.2026,0:8:32.697,800.2,15.1,4.4,47,8.577,
21.9.2026,0:8:32.907,773.1,19.2,7.2,46,8.314,
21.9.2026,0:8:33.112,3535.4,74.8,15.1,70,18.064,
21.9.2026,0:8:33.319,879.5,16.3,16.9,74,20.240,
21.9.2026,0:8:33.527,1030.2,20.9,7.8,46,11.216,
21.9.2026,0:8:33.735,997.4,25.3,12.0,46,10.998,
21.9.2026,0:8:33.946,400.8,2.3,1.4,46,6.750,
21.9.2026,0:8:34.153,125.1,8.2,19.0,79,17.801,
21.9.2026,0:8:34.361,225.5,3.8,13.9,75,20.320,
21.9.2026,0:8:34.569,553.7,12.3,11.5,78,13.256,
21.9.2026,0:8:34.774,593.3,12.8,16.1,74,19.390,
21.9.2026,0:8:34.980,706.0,22.3,21.8,72,19.839,
21.9.2026,0:8:35.187,2918.7,69.4,41.1,69,29.470,
21.9.2026,0:8:35.397,2444.4,59.0,52.9,68,31.681,
21.9.2026,0:8:35.593,3484.6,84.3,53.7,62,31.681,
21.9.2026,0:8:35.799,2340.2,62.3,43.5,61,25.157,
21.9.2026,0:8:36.003,2711.3,67.2,36.0,67,25.907,
21.9.2026,0:8:36.198,2166.0,59.3,44.9,54,26.770,
21.9.2026,0:8:36.410,2356.9,60.5,41.8,69,26.502,
21.9.2026,0:8:36.603,1746.8,40.7,33.1,54,23.738,
21.9.2026,0:8:36.811,1768.0,46.3,24.2,59,18.283,
21.9.2026,0:8:37.030,899.4,22.3,14.7,72,16.543,
21.9.2026,0:8:37.236,923.9,23.2,20.7,78,21.379,
21.9.2026,0:8:37.440,1157.7,28.8,21.8,62,21.167,
21.9.2026,0:8:37.648,795.9,20.8,10.9,49,14.252,
21.9.2026,0:8:37.850,2284.8,55.2,26.2,59,21.233,
21.9.2026,0:8:38.053,1482.4,36.6,20.8,68,19.472,
21.9.2026,0:8:38.258,2054.4,44.7,40.0,66,28.798,
21.9.2026,0:8:38.447,1638.2,46.4,36.9,71,26.920,
21.9.2026,0:8:38.656,955.0,15.8,13.4,52,15.308,
21.9.2026,0:8:38.861,2244.0,56.7,19.9,55,19.537,
21.9.2026,0:8:39.067,634.7,14.4,12.5,75,17.618,
21.9.2026,0:8:39.273,762.7,18.3,25.5,68,23.839,
21.9.2026,0:8:39.471,755.6,17.4,22.4,54,23.321,
21.9.2026,0:8:39.667,528.0,21.1,15.7,49,12.425,
21.9.2026,0:8:39.874,1026.4,24.0,13.3,50,16.739,
21.9.2026,0:8:40.073,510.3,11.5,11.3,74,13.330,
21.9.2026,0:8:40.287,874.4,21.6,20.1,79,22.122,
21.9.2026,0:8:40.494,749.8,19.0,19.5,58,22.065,
21.9.2026,0:8:40.683,610.5,21.0,17.7,58,17.605,
21.9.2026,0:8:40.888,659.1,15.1,14.1,65,17.239,
21.9.2026,0:8:41.087,592.4,14.0,22.1,78,22.329,
21.9.2026,0:8:41.310,1006.3,24.3,33.4,84,28.429,
21.9.2026,0:8:41.508,631.1,22.0,26.6,72,20.552,
21.9.2026,0:8:41.713,938.5,26.2,27.2,83,22.357,
21.9.2026,0:8:41.906,498.6,11.5,16.3,75,19.056,
21.9.2026,0:8:42.110,1789.1,41.3,31.4,79,26.420,
21.9.2026,0:8:42.316,1285.3,31.5,33.9,78,26.580,
21.9.2026,0:8:42.522,1629.3,45.0,44.0,67,26.296,
21.9.2026,0:8:42.728,1540.7,36.6,21.6,62,19.037,
21.9.2026,0:8:42.917,3045.3,71.3,40.2,63,24.592,
21.9.2026,0:8:43.123,2712.4,59.4,23.2,79,24.350,
21.9.2026,0:8:43.323,985.6,37.3,33.7,72,23.963,
21.9.2026,0:8:43.535,653.0,16.5,26.8,63,22.294,
21.9.2026,0:8:43.732,682.2,14.0,15.8,67,17.638,
21.9.2026,0:8:43.932,1039.1,29.0,31.9,67,22.779,
21.9.2026,0:8:44.139,1556.5,42.2,33.3,68,24.000,
21.9.2026,0:8:44.353,525.9,17.1,29.9,82,24.640,
21.9.2026,0:8:44.560,1312.1,29.6,27.1,60,24.185,
21.9.2026,0:8:44.773,1996.5,45.7,28.3,60,23.470,
21.9.2026,0:8:44.965,748.2,16.6,15.2,67,17.694,
21.9.2026,0:8:45.169,1617.2,42.6,32.8,67,23.558,
21.9.2026,0:8:45.375,884.8,20.8,33.5,83,26.340,
21.9.2026,0:8:45.574,1157.7,30.6,29.2,62,21.100,
21.9.2026,0:8:45.790,906.3,16.5,12.8,58,16.986,
21.9.2026,0:8:45.999,766.1,23.8,21.3,63,17.271,
21.9.2026,0:8:46.186,768.5,19.8,32.0,74,17.271,
21.9.2026,0:8:46.394,2337.8,57.1,27.0,80,23.639,
21.9.2026,0:8:46.590,3559.5,79.4,21.7,74,26.812,
21.9.2026,0:8:46.792,3559.5,79.4,21.7,74,22.909,
21.9.2026,0:8:47.000,1876.8,45.9,23.4,62,17.835,
21.9.2026,0:8:47.208,427.9,7.6,13.5,78,18.134,
21.9.2026,0:8:47.407,505.7,10.0,26.8,80,27.345,
21.9.2026,0:8:47.604,3432.1,82.9,27.1,67,26.000,
21.9.2026,0:8:47.809,3350.9,80.9,46.4,69,28.458,
21.9.2026,0:8:48.017,1049.0,29.1,22.9,70,20.988,
21.9.2026,0:8:48.221,719.1,15.9,26.4,68,21.728,
21.9.2026,0:8:48.428,958.9,28.1,27.3,65,24.341,
21.9.2026,0:8:48.619,2419.3,57.2,31.0,71,27.117,
21.9.2026,0:8:48.841,1122.8,29.4,24.5,58,19.667,
21.9.2026,0:8:49.034,692.7,8.3,13.0,67,17.813,
21.9.2026,0:8:49.243,1066.7,23.0,22.0,76,21.161,
21.9.2026,0:8:49.444,1857.4,53.4,34.3,67,23.662,
21.9.2026,0:8:49.639,594.7,22.7,33.1,71,24.177,
21.9.2026,0:8:49.843,763.7,7.9,15.6,62,18.131,
21.9.2026,0:8:50.051,763.8,17.3,15.2,71,16.866,
21.9.2026,0:8:50.256,958.7,34.8,28.7,64,19.083,
21.9.2026,0:8:50.455,473.8,11.1,28.5,69,22.631,
21.9.2026,0:8:50.656,1538.0,38.4,24.1,57,25.145,
21.9.2026,0:8:50.860,1723.0,44.4,20.7,66,17.480,
21.9.2026,0:8:51.057,1489.1,32.5,14.7,56,16.690,
21.9.2026,0:8:51.274,1975.9,51.1,29.7,71,24.137,
21.9.2026,0:8:51.472,1756.3,46.8,34.6,78,26.806,
21.9.2026,0:8:51.672,2164.8,49.5,21.1,62,23.828,
21.9.2026,0:8:51.875,1259.7,32.7,19.7,65,17.836,
21.9.2026,0:8:52.083,746.8,15.5,15.7,60,17.741,
21.9.2026,0:8:52.282,1614.4,44.9,28.3,74,22.599,
21.9.2026,0:8:52.480,853.9,21.2,30.7,55,24.988,
21.9.2026,0:8:52.686,729.7,21.5,30.0,66,21.772,
21.9.2026,0:8:52.892,1024.7,23.7,18.6,63,19.278,
21.9.2026,0:8:53.087,692.6,20.6,19.5,66,18.640,
21.9.2026,0:8:53.303,2134.0,60.6,49.1,71,24.654,
21.9.2026,0:8:53.504,1427.3,33.8,47.4,78,29.336,
21.9.2026,0:8:53.699,1579.7,44.2,34.8,57,23.684,
21.9.2026,0:8:53.906,675.0,14.3,6.1,50,9.488,
21.9.2026,0:8:54.115,847.7,18.1,6.7,54,9.053,
21.9.2026,0:8:54.321,843.9,15.4,14.9,76,20.253,
21.9.2026,0:8:54.512,648.2,12.7,19.8,76,21.903,
21.9.2026,0:8:54.715,2842.1,68.9,29.6,54,20.627,
21.9.2026,0:8:54.924,939.8,19.4,9.3,57,11.706,
21.9.2026,0:8:55.128,410.9,9.6,4.4,72,8.451,
21.9.2026,0:8:55.334,849.9,16.6,19.3,84,21.009,
21.9.2026,0:8:55.536,1434.8,32.2,20.4,64,21.809,
21.9.2026,0:8:55.730,2305.3,54.2,16.6,50,15.516,
21.9.2026,0:8:55.937,588.0,7.4,3.5,49,7.410,
21.9.2026,0:8:56.144,1229.6,29.6,13.0,79,12.795,
21.9.2026,0:8:56.343,959.2,21.8,20.2,87,18.627,
21.9.2026,0:8:56.543,3505.1,79.9,19.0,87,20.482,
21.9.2026,0:8:56.753,1893.3,52.6,18.7,56,14.598,
21.9.2026,0:8:56.960,522.9,11.1,4.1,49,8.141,
21.9.2026,0:8:57.160,1177.0,28.4,15.4,49,12.698,
21.9.2026,0:8:57.358,993.8,26.0,21.9,88,20.164,
21.9.2026,0:8:57.561,1238.4,25.4,19.9,88,20.855,
21.9.2026,0:8:57.767,1089.9,21.8,8.7,50,11.791,
21.9.2026,0:8:57.974,939.8,18.7,7.0,49,10.164,
21.9.2026,0:8:58.179,1281.8,27.0,15.8,49,17.522,
21.9.2026,0:8:58.370,1003.2,32.6,29.7,83,19.015,
21.9.2026,0:8:58.578,461.4,7.8,14.4,89,19.204,
21.9.2026,0:8:58.787,541.8,5.8,3.7,53,7.591,
21.9.2026,0:8:59.000,723.7,13.5,5.3,49,7.802,
21.9.2026,0:8:59.210,2042.0,45.5,17.8,66,17.065,
21.9.2026,0:8:59.417,1148.1,23.4,19.7,77,22.757,
21.9.2026,0:8:59.605,2284.8,54.2,23.9,77,17.873,
21.9.2026,0:8:59.813,542.8,7.8,2.9,50,8.763,
21.9.2026,0:9:0.018,481.0,8.1,5.1,48,9.292,
21.9.2026,0:9:0.225,1765.6,39.7,19.6,75,19.342,
21.9.2026,0:9:0.432,783.6,18.6,24.4,73,21.985,
21.9.2026,0:9:0.621,783.6,18.6,24.4,73,21.985,
21.9.2026,0:9:0.828,1341.7,38.3,38.4,67,25.169,
21.9.2026,0:9:1.039,697.4,6.5,1.8,50,8.302,
21.9.2026,0:9:1.247,428.9,13.5,16.9,79,15.661,
21.9.2026,0:9:1.451,3830.3,84.6,15.9,79,19.960,
21.9.2026,0:9:1.664,1627.6,35.5,4.8,80,10.258,
21.9.2026,0:9:1.877,395.7,10.5,5.8,49,6.258,
21.9.2026,0:9:2.072,423.8,11.3,4.7,49,6.837,
21.9.2026,0:9:2.280,1427.6,28.4,12.0,49,17.432,
21.9.2026,0:9:2.483,428.0,7.4,14.9,74,19.799,
21.9.2026,0:9:2.697,364.0,9.6,6.9,49,19.799,
21.9.2026,0:9:2.906,163.8,1.9,3.8,48,8.718,
21.9.2026,0:9:3.118,185.9,0.3,0.7,48,5.603,
21.9.2026,0:9:3.323,286.0,12.7,19.1,89,5.371,
21.9.2026,0:9:3.529,145.1,2.6,14.4,83,19.670,
21.9.2026,0:9:3.745,215.4,7.4,3.2,48,19.415,
21.9.2026,0:9:3.947,154.4,4.1,3.0,47,6.308,
21.9.2026,0:9:4.158,155.9,1.3,3.8,48,5.569,
21.9.2026,0:9:4.362,254.0,4.4,14.8,86,5.811,
21.9.2026,0:9:4.572,363.8,6.7,17.6,58,19.701,
21.9.2026,0:9:4.778,35.5,5.4,1.8,47,19.891,
21.9.2026,0:9:4.982,170.5,3.6,3.9,47,5.240,
21.9.2026,0:9:5.194,144.0,0.0,4.0,70,5.464,
21.9.2026,0:9:5.402,239.4,5.0,15.7,85,7.499,
21.9.2026,0:9:5.606,310.8,13.1,15.9,52,19.689,
21.9.2026,0:9:5.817,434.1,7.7,5.0,47,17.698,
21.9.2026,0:9:6.028,354.1,12.3,4.3,47,6.441,
21.9.2026,0:9:6.240,352.8,5.4,6.3,82,6.265,
21.9.2026,0:9:6.447,367.7,7.0,14.5,70,10.271,
21.9.2026,0:9:6.655,323.9,13.5,15.5,48,20.010,
21.9.2026,0:9:6.855,364.4,3.7,1.7,48,15.174,
21.9.2026,0:9:7.070,374.0,10.8,3.2,47,6.343,
21.9.2026,0:9:7.273,375.1,8.9,8.5,81,6.051,
21.9.2026,0:9:7.479,325.0,19.9,21.4,75,11.465,
21.9.2026,0:9:7.689,226.2,4.7,9.7,48,18.645,
21.9.2026,0:9:7.906,347.6,10.3,7.3,47,15.275,
21.9.2026,0:9:8.117,395.1,6.2,2.9,47,6.144,
21.9.2026,0:9:8.321,585.4,16.1,9.7,78,6.144,
21.9.2026,0:9:8.527,351.4,8.2,18.7,83,19.294,
21.9.2026,0:9:8.745,517.3,9.7,9.1,47,13.395,
21.9.2026,0:9:8.947,527.6,12.2,3.9,47,6.842,
21.9.2026,0:9:9.138,577.0,15.0,5.9,47,7.033,
21.9.2026,0:9:9.344,488.2,9.5,12.5,77,14.026,
21.9.2026,0:9:9.550,343.8,6.4,26.9,79,29.196,
21.9.2026,0:9:9.757,306.9,7.2,23.5,81,21.428,
21.9.2026,0:9:9.964,294.5,5.8,20.1,80,18.956,
21.9.2026,0:9:10.172,530.6,16.1,15.0,87,19.259,
21.9.2026,0:9:10.377,323.0,8.2,22.0,82,25.401,
21.9.2026,0:9:10.583,890.1,21.2,27.7,78,23.962,
21.9.2026,0:9:10.800,572.9,16.9,14.9,47,14.374,
21.9.2026,0:9:11.011,810.8,11.6,5.8,62,11.148,
21.9.2026,0:9:11.218,990.3,40.7,27.7,78,15.469,
21.9.2026,0:9:11.425,2543.1,60.6,39.8,72,30.265,
21.9.2026,0:9:11.629,1092.7,26.6,40.9,75,32.331,
21.9.2026,0:9:11.834,1825.0,43.1,46.9,66,31.030,
21.9.2026,0:9:12.047,1347.4,31.3,25.4,69,24.056,
21.9.2026,0:9:12.231,236.1,10.6,19.1,75,18.784,
21.9.2026,0:9:12.436,191.6,3.8,15.3,86,18.784,
21.9.2026,0:9:12.641,1789.5,38.9,13.0,80,19.929,
21.9.2026,0:9:12.847,325.7,6.3,18.4,82,20.367,
21.9.2026,0:9:13.053,346.9,5.2,14.2,78,19.888,
21.9.2026,0:9:13.259,311.5,4.7,13.4,68,19.135,
21.9.2026,0:9:13.465,600.6,18.5,24.2,75,20.905,
21.9.2026,0:9:13.672,533.2,9.2,14.4,71,19.467,
21.9.2026,0:9:13.877,564.3,10.5,14.4,69,19.505,
21.9.2026,0:9:14.082,685.3,16.2,15.3,85,19.321,
21.9.2026,0:9:14.288,775.7,18.6,14.8,75,20.004,
21.9.2026,0:9:14.493,541.5,10.5,16.3,86,19.414,
21.9.2026,0:9:14.707,2619.1,60.5,15.0,82,17.076,
21.9.2026,0:9:14.930,4471.8,99.0,15.3,76,17.076,
21.9.2026,0:9:15.106,172.2,8.1,19.7,63,19.226,
21.9.2026,0:9:15.313,223.5,4.5,13.4,66,18.144,
21.9.2026,0:9:15.517,706.5,14.8,14.2,62,18.878,
21.9.2026,0:9:15.724,1025.0,27.4,29.1,78,21.927,
21.9.2026,0:9:15.930,3326.1,77.9,23.4,79,23.951,
21.9.2026,0:9:16.121,696.7,23.7,25.2,74,22.473,
21.9.2026,0:9:16.327,691.0,17.2,27.8,75,25.985,
21.9.2026,0:9:16.536,143.5,2.7,17.0,83,22.148,
21.9.2026,0:9:16.740,2933.7,64.3,19.8,73,22.980,
21.9.2026,0:9:16.946,741.8,21.2,18.0,89,20.447,
21.9.2026,0:9:17.153,492.1,8.9,17.3,73,19.139,
21.9.2026,0:9:17.360,260.5,4.6,14.7,89,20.051,
21.9.2026,0:9:17.564,1783.2,38.0,12.3,75,19.972,
21.9.2026,0:9:17.770,317.7,5.0,14.6,81,20.062,
21.9.2026,0:9:17.977,3756.7,82.9,13.9,55,19.182,
21.9.2026,0:9:18.182,448.2,7.6,9.5,60,13.428,
21.9.2026,0:9:18.387,408.2,14.3,16.5,69,14.867,
21.9.2026,0:9:18.591,655.0,13.0,13.4,89,18.815,
21.9.2026,0:9:18.797,2236.7,50.6,13.4,67,17.455,
21.9.2026,0:9:19.002,955.8,18.7,14.3,75,19.370,
21.9.2026,0:9:19.209,540.9,9.6,14.1,88,19.424,
21.9.2026,0:9:19.416,328.8,12.0,19.3,85,17.734,
21.9.2026,0:9:19.623,229.4,4.4,15.2,78,17.801,
21.9.2026,0:9:19.826,199.0,2.9,16.8,88,18.410,
21.9.2026,0:9:20.033,3923.4,93.2,14.4,76,18.814,
21.9.2026,0:9:20.237,422.6,6.8,14.1,88,19.071,
21.9.2026,0:9:20.442,4174.6,92.4,14.1,76,19.934,
21.9.2026,0:9:20.652,366.3,5.6,16.4,73,20.151,
21.9.2026,0:9:20.854,963.0,25.2,22.0,87,20.231,
21.9.2026,0:9:21.061,4517.3,99.8,15.0,72,18.784,
21.9.2026,0:9:21.266,1616.3,37.5,19.9,83,18.712,
21.9.2026,0:9:21.471,292.8,5.8,16.0,82,19.332,
21.9.2026,0:9:21.677,312.7,5.8,15.4,83,19.569,
21.9.2026,0:9:21.869,2252.5,55.4,23.2,66,20.322,
21.9.2026,0:9:22.075,687.5,12.7,16.3,86,20.322,
21.9.2026,0:9:22.290,544.6,12.2,16.0,81,20.388,
21.9.2026,0:9:22.488,875.1,12.5,16.5,73,19.911,
21.9.2026,0:9:22.694,4141.5,92.6,15.7,78,19.708,
21.9.2026,0:9:22.900,765.5,14.9,16.3,82,18.938,
21.9.2026,0:9:23.106,307.1,12.8,19.9,81,19.732,
21.9.2026,0:9:23.329,804.6,15.8,17.5,89,19.288,
21.9.2026,0:9:23.535,979.7,19.4,15.0,72,19.195,
21.9.2026,0:9:23.743,1062.1,23.5,16.4,68,17.916,
21.9.2026,0:9:23.949,838.8,24.8,20.7,70,19.178,
21.9.2026,0:9:24.154,645.7,12.8,16.3,77,18.519,
21.9.2026,0:9:24.359,2069.5,47.4,14.1,63,17.086,
21.9.2026,0:9:24.565,1239.6,29.7,18.6,80,18.883,
21.9.2026,0:9:24.772,1145.0,25.1,20.2,73,20.257,
21.9.2026,0:9:24.976,4481.9,99.9,15.6,74,18.221,
21.9.2026,0:9:25.181,4514.4,99.8,15.2,79,18.559,
21.9.2026,0:9:25.386,174.4,15.9,18.7,85,19.869,
21.9.2026,0:9:25.592,454.4,9.0,17.5,86,19.821,
21.9.2026,0:9:25.801,4168.5,93.2,18.3,79,20.107,
21.9.2026,0:9:26.004,641.5,12.8,17.1,79,20.248,
21.9.2026,0:9:26.209,4128.4,93.4,15.7,71,18.435,
21.9.2026,0:9:26.417,3996.4,90.5,20.3,68,18.881,
21.9.2026,0:9:26.604,1339.9,34.7,36.2,65,24.673,
21.9.2026,0:9:26.811,706.3,16.0,33.1,76,26.379,
21.9.2026,0:9:27.017,2309.3,48.7,32.6,73,24.410,
21.9.2026,0:9:27.232,1082.3,29.6,27.8,72,21.614,
21.9.2026,0:9:27.422,834.4,21.0,23.6,74,19.985,
21.9.2026,0:9:27.622,665.1,21.0,27.4,74,20.051,
21.9.2026,0:9:27.825,831.5,19.8,21.3,70,20.051,
21.9.2026,0:9:28.032,437.5,9.8,15.8,70,18.407,
21.9.2026,0:9:28.239,3564.4,79.9,15.5,79,18.216,
21.9.2026,0:9:28.445,3334.7,76.0,22.1,67,20.747,
21.9.2026,0:9:28.638,3334.7,76.0,22.1,67,20.747,
21.9.2026,0:9:28.856,598.7,19.5,31.1,80,23.139,
21.9.2026,0:9:29.046,788.0,23.9,18.9,80,19.219,
21.9.2026,0:9:29.252,3819.0,93.3,17.8,72,19.219,
21.9.2026,0:9:29.458,659.4,14.2,17.8,89,20.661,
21.9.2026,0:9:29.656,824.8,17.4,21.1,90,21.653,
21.9.2026,0:9:29.855,643.3,10.8,17.1,73,20.606,
21.9.2026,0:9:30.061,2514.6,59.8,25.0,77,20.340,
21.9.2026,0:9:30.266,820.6,17.7,18.9,66,20.596,
21.9.2026,0:9:30.476,933.7,20.7,20.0,76,20.484,
21.9.2026,0:9:30.667,921.4,19.4,18.6,85,20.484,
21.9.2026,0:9:30.872,2685.4,61.9,20.7,68,20.530,
21.9.2026,0:9:31.073,1380.4,38.1,23.7,90,20.755,
21.9.2026,0:9:31.278,866.0,18.8,23.0,68,22.676,
21.9.2026,0:9:31.478,1378.4,37.3,26.8,82,22.157,
21.9.2026,0:9:31.689,629.4,12.8,21.5,84,19.835,
21.9.2026,0:9:31.888,3892.7,93.4,19.1,76,19.616,
21.9.2026,0:9:32.088,4455.1,99.3,18.0,79,20.487,
21.9.2026,0:9:32.291,833.8,18.6,20.3,82,20.740,
21.9.2026,0:9:32.497,2516.6,58.2,30.6,65,22.217,
21.9.2026,0:9:32.704,752.9,22.0,31.6,71,24.911,
21.9.2026,0:9:32.908,1002.0,23.4,31.1,77,24.475,
21.9.2026,0:9:33.104,2247.9,54.6,57.9,73,29.236,
21.9.2026,0:9:33.320,4531.7,99.1,17.1,76,20.486,
21.9.2026,0:9:33.518,2155.9,49.0,18.8,79,20.452,
21.9.2026,0:9:33.717,1340.6,30.5,27.1,68,20.099,
21.9.2026,0:9:33.923,1036.1,29.3,18.9,89,20.828,
21.9.2026,0:9:34.123,939.8,20.4,17.8,80,20.226,
21.9.2026,0:9:34.323,824.9,17.1,18.3,79,20.795,
21.9.2026,0:9:34.539,788.1,22.7,22.9,85,19.791,
21.9.2026,0:9:34.734,4439.7,99.8,17.5,76,19.121,
21.9.2026,0:9:34.941,900.6,21.2,18.8,75,19.863,
21.9.2026,0:9:35.138,696.8,14.1,16.0,90,19.529,
21.9.2026,0:9:35.338,585.0,11.8,18.2,80,19.411,
21.9.2026,0:9:35.545,790.0,23.1,24.6,86,19.780,
21.9.2026,0:9:35.751,1176.2,25.5,20.0,66,19.057,
21.9.2026,0:9:35.956,1205.6,29.9,20.1,78,18.757,
21.9.2026,0:9:36.152,2408.5,54.8,25.6,77,22.725,
21.9.2026,0:9:36.367,1207.6,28.7,22.1,66,18.742,
21.9.2026,0:9:36.557,2918.1,67.8,30.2,67,20.319,
21.9.2026,0:9:36.766,1703.2,36.8,24.7,68,21.063,
21.9.2026,0:9:36.973,599.7,11.8,15.6,63,19.699,
21.9.2026,0:9:37.176,672.5,13.5,16.8,88,20.326,
21.9.2026,0:9:37.375,728.7,14.9,15.9,74,19.649,
21.9.2026,0:9:37.573,1063.9,28.1,22.9,79,18.761,
21.9.2026,0:9:37.780,1098.7,37.4,24.7,74,19.002,
21.9.2026,0:9:38.000,588.6,12.3,19.7,81,20.363,
21.9.2026,0:9:38.191,808.2,21.6,23.4,78,18.512,
21.9.2026,0:9:38.396,2093.6,48.4,17.9,66,20.408,
21.9.2026,0:9:38.589,1862.7,42.0,29.4,71,20.408,
21.9.2026,0:9:38.808,3702.8,81.4,22.5,74,20.613,
21.9.2026,0:9:39.014,716.2,21.9,17.9,89,21.104,
21.9.2026,0:9:39.237,730.9,14.6,15.3,89,20.887,
21.9.2026,0:9:39.427,765.4,14.4,17.6,90,19.854,
21.9.2026,0:9:39.634,735.9,15.0,20.5,82,19.550,
21.9.2026,0:9:39.840,501.8,15.6,18.4,88,20.952,
21.9.2026,0:9:40.046,1730.0,38.8,16.5,88,20.193,
21.9.2026,0:9:40.253,548.8,10.5,17.0,88,19.294,
21.9.2026,0:9:40.460,780.7,15.6,15.2,88,20.536,
21.9.2026,0:9:40.663,1310.0,27.4,18.9,81,20.590,
21.9.2026,0:9:40.870,739.8,15.7,18.3,73,20.584,
21.9.2026,0:9:41.076,799.2,20.9,20.2,89,20.587,
21.9.2026,0:9:41.282,767.7,14.4,15.1,88,20.508,
21.9.2026,0:9:41.489,1432.8,28.9,16.6,88,20.022,
21.9.2026,0:9:41.696,340.8,4.9,16.3,82,20.532,
21.9.2026,0:9:41.903,2271.3,54.1,17.9,88,20.258,
21.9.2026,0:9:42.111,1255.9,27.4,16.6,69,20.925,
21.9.2026,0:9:42.315,1089.4,22.1,23.0,71,20.925,
21.9.2026,0:9:42.520,1874.9,46.1,30.7,70,25.103,
21.9.2026,0:9:42.726,541.1,12.9,18.1,88,20.346,
21.9.2026,0:9:42.932,488.8,15.1,19.5,89,20.524,
21.9.2026,0:9:43.139,354.4,5.4,15.1,89,20.201,
21.9.2026,0:9:43.345,499.3,9.1,16.5,88,20.313,
21.9.2026,0:9:43.554,520.4,8.8,17.0,88,20.648,
21.9.2026,0:9:43.758,865.6,17.8,20.4,89,20.938,
21.9.2026,0:9:43.964,493.6,15.2,17.7,89,20.024,
21.9.2026,0:9:44.170,416.5,6.6,15.8,88,20.006,
21.9.2026,0:9:44.377,451.0,7.3,14.2,89,20.365,
21.9.2026,0:9:44.582,1790.9,40.3,17.7,88,20.534,
21.9.2026,0:9:44.789,509.5,8.5,13.6,90,19.543,
21.9.2026,0:9:44.995,1449.1,38.9,25.0,64,20.233,
21.9.2026,0:9:45.201,329.2,6.2,15.3,89,20.410,
21.9.2026,0:9:45.408,349.6,5.5,13.7,88,20.138,
21.9.2026,0:9:45.616,296.0,4.2,16.5,88,19.124,
21.9.2026,0:9:45.825,453.3,7.3,18.4,60,20.310,
21.9.2026,0:9:46.030,411.0,12.6,19.1,88,20.779,
21.9.2026,0:9:46.234,389.7,7.4,18.9,77,20.368,
21.9.2026,0:9:46.441,1725.4,41.3,17.8,71,20.559,
21.9.2026,0:9:46.647,333.3,6.1,14.9,88,20.664,
21.9.2026,0:9:46.853,2676.0,56.6,17.2,62,20.265,
21.9.2026,0:9:47.059,382.7,13.2,17.7,83,17.845,
21.9.2026,0:9:47.265,373.3,6.0,13.2,88,19.316,
21.9.2026,0:9:47.471,394.0,6.3,13.2,62,18.935,
21.9.2026,0:9:47.678,489.9,9.3,9.8,54,13.793,
21.9.2026,0:9:47.885,369.2,5.6,6.2,50,12.043,
21.9.2026,0:9:48.088,497.7,16.6,18.2,66,15.755,
21.9.2026,0:9:48.296,442.9,9.6,16.1,83,19.572,
21.9.2026,0:9:48.500,3453.2,77.0,17.6,83,19.333,
21.9.2026,0:9:48.705,1529.8,35.9,12.9,66,14.734,
21.9.2026,0:9:48.908,247.6,5.9,10.8,55,14.688,
21.9.2026,0:9:49.115,619.5,11.7,9.0,72,14.504,
21.9.2026,0:9:49.320,385.2,5.8,10.5,85,16.454,
21.9.2026,0:9:49.526,370.8,12.6,17.8,88,19.122,
21.9.2026,0:9:49.731,377.6,6.8,15.3,81,19.530,
21.9.2026,0:9:49.937,368.3,6.3,14.1,80,19.775,
21.9.2026,0:9:50.144,393.2,6.3,15.1,88,19.469,
21.9.2026,0:9:50.350,379.4,5.7,13.5,86,19.530,
21.9.2026,0:9:50.556,378.7,6.0,13.3,89,18.740,
21.9.2026,0:9:50.763,181.7,9.0,17.7,90,19.489,
21.9.2026,0:9:50.984,372.6,5.6,15.4,90,19.645,
21.9.2026,0:9:51.176,418.2,6.9,14.8,88,18.499,
21.9.2026,0:9:51.382,366.4,5.4,14.0,89,19.695,
21.9.2026,0:9:51.589,331.4,11.6,19.0,86,19.301,
21.9.2026,0:9:51.796,441.5,7.1,15.1,88,18.588,
21.9.2026,0:9:52.002,356.5,5.4,14.6,89,19.596,
21.9.2026,0:9:52.209,297.8,3.9,12.3,85,19.624,
21.9.2026,0:9:52.419,325.4,8.4,18.7,88,19.699,
21.9.2026,0:9:52.626,214.4,7.0,16.2,89,19.619,
21.9.2026,0:9:52.833,361.0,6.8,13.5,89,19.835,
21.9.2026,0:9:53.037,159.1,6.9,19.5,89,19.914,
21.9.2026,0:9:53.243,192.3,0.0,12.8,89,20.050,
21.9.2026,0:9:53.449,210.1,10.8,16.4,89,19.847,
21.9.2026,0:9:53.653,169.3,3.5,14.1,89,19.892,
21.9.2026,0:9:53.859,165.9,3.3,13.2,88,19.848,
21.9.2026,0:9:54.066,257.2,5.0,15.6,88,20.086,
21.9.2026,0:9:54.274,157.7,1.6,12.4,88,20.004,
21.9.2026,0:9:54.481,197.0,10.2,20.7,89,19.626,
21.9.2026,0:9:54.688,219.3,4.5,12.3,89,18.848,
21.9.2026,0:9:54.894,458.4,9.2,16.3,88,19.849,
21.9.2026,0:9:55.101,388.8,7.4,13.7,88,19.856,
21.9.2026,0:9:55.308,320.2,5.5,14.2,88,19.799,
21.9.2026,0:9:55.514,139.2,8.6,16.7,89,19.749,
21.9.2026,0:9:55.722,157.4,2.1,16.6,89,19.673,
21.9.2026,0:9:55.928,244.2,4.5,13.5,81,19.731,
21.9.2026,0:9:56.135,333.5,6.8,10.2,54,15.774,
21.9.2026,0:9:56.350,161.5,8.4,6.1,49,9.349,
21.9.2026,0:9:56.556,179.7,0.0,1.8,49,6.155,
21.9.2026,0:9:56.759,172.6,10.3,8.9,64,10.010,
21.9.2026,0:9:56.968,260.8,6.1,9.9,55,13.675,
21.9.2026,0:9:57.169,191.2,4.0,6.9,51,10.037,
21.9.2026,0:9:57.375,277.9,5.5,7.0,60,13.101,
21.9.2026,0:9:57.580,272.3,2.3,7.6,59,12.219,
21.9.2026,0:9:57.787,244.8,8.3,8.2,56,11.744,
21.9.2026,0:9:57.995,223.2,4.4,7.0,62,12.878,
21.9.2026,0:9:58.201,156.3,8.5,8.8,48,8.434,
21.9.2026,0:9:58.410,159.6,2.7,1.6,48,6.187,
21.9.2026,0:9:58.613,208.4,3.6,6.0,48,6.825,
21.9.2026,0:9:58.821,155.2,2.8,1.6,48,6.337,
21.9.2026,0:9:59.030,163.6,8.8,7.1,48,6.265,
21.9.2026,0:9:59.240,169.7,2.0,3.1,48,6.001,
21.9.2026,0:9:59.446,165.1,0.6,1.0,47,5.904,
21.9.2026,0:9:59.654,130.9,8.7,4.4,47,6.051,
21.9.2026,0:9:59.860,139.5,1.9,3.0,48,6.281,
21.9.2026,0:10:0.072,174.9,2.7,3.7,47,6.674,
21.9.2026,0:10:0.282,183.4,8.0,7.7,47,6.677,
21.9.2026,0:10:0.489,179.9,1.2,1.9,47,6.439,
21.9.2026,0:10:0.695,98.0,1.7,2.3,66,8.138,
21.9.2026,0:10:0.901,162.7,6.3,22.9,68,19.336,
21.9.2026,0:10:1.108,465.3,12.8,16.8,77,19.073,
21.9.2026,0:10:1.314,348.4,6.0,17.9,70,18.923,
21.9.2026,0:10:1.521,624.8,13.6,18.5,74,19.257,
21.9.2026,0:10:1.726,622.3,13.6,15.2,80,19.162,
21.9.2026,0:10:1.933,316.6,6.2,14.6,81,18.572,
21.9.2026,0:10:2.137,421.8,14.4,17.6,68,17.554,
21.9.2026,0:10:2.344,232.9,2.1,8.9,86,17.363,
21.9.2026,0:10:2.551,177.3,5.2,14.5,88,19.667,
21.9.2026,0:10:2.758,239.6,3.9,15.7,75,20.523,
21.9.2026,0:10:2.965,152.5,1.6,13.3,88,20.362,
21.9.2026,0:10:3.173,278.3,11.8,16.3,88,20.233,
21.9.2026,0:10:3.380,182.7,2.7,13.5,88,20.222,
21.9.2026,0:10:3.585,158.5,2.2,15.2,83,20.101,
21.9.2026,0:10:3.792,273.2,5.7,13.3,88,20.310,
21.9.2026,0:10:3.998,459.2,15.5,15.5,89,20.017,
21.9.2026,0:10:4.205,1351.2,29.2,16.1,88,20.005,
21.9.2026,0:10:4.410,626.9,13.0,13.1,89,20.236,
21.9.2026,0:10:4.617,172.6,3.4,14.1,88,19.988,
21.9.2026,0:10:4.824,185.2,4.1,14.2,88,20.346,
21.9.2026,0:10:5.025,190.8,10.2,16.8,63,19.530,
21.9.2026,0:10:5.231,142.9,3.2,8.8,56,14.164,
21.9.2026,0:10:5.442,303.7,6.4,7.9,50,12.865,
21.9.2026,0:10:5.635,158.1,0.0,2.6,47,6.230,
21.9.2026,0:10:5.845,111.5,7.3,4.6,48,6.862,
21.9.2026,0:10:6.051,252.9,3.5,8.4,79,11.362,
21.9.2026,0:10:6.257,393.2,8.8,14.4,81,19.553,
21.9.2026,0:10:6.463,210.8,4.0,13.4,83,17.424,
21.9.2026,0:10:6.667,231.6,11.6,21.0,82,17.780,
21.9.2026,0:10:6.873,220.6,4.7,15.1,84,17.892,
21.9.2026,0:10:7.079,360.2,6.9,13.8,85,20.405,
21.9.2026,0:10:7.294,138.7,2.1,15.8,89,19.920,
21.9.2026,0:10:7.491,107.7,1.6,15.9,76,19.278,
21.9.2026,0:10:7.697,154.2,2.3,15.2,84,19.495,
21.9.2026,0:10:7.905,44.3,3.7,16.9,88,19.389,
21.9.2026,0:10:8.108,152.6,6.3,16.3,87,19.264,
21.9.2026,0:10:8.313,1340.4,31.3,19.9,91,20.236,
21.9.2026,0:10:8.519,34.6,0.1,13.0,90,19.210,
21.9.2026,0:10:8.726,4624.8,99.7,15.3,68,21.482,
21.9.2026,0:10:8.930,56.1,0.9,15.0,92,20.572,
21.9.2026,0:10:9.137,4647.6,99.7,13.1,76,20.204,
21.9.2026,0:10:9.348,211.1,11.2,20.5,90,19.425,
21.9.2026,0:10:9.545,4356.8,99.6,16.6,54,19.470,
21.9.2026,0:10:9.752,4280.5,92.6,12.6,82,20.302,
21.9.2026,0:10:9.957,728.4,14.6,14.4,90,19.572,
21.9.2026,0:10:10.163,124.8,1.7,13.0,89,18.798,
21.9.2026,0:10:10.368,138.3,2.4,14.3,87,20.096,
21.9.2026,0:10:10.572,4643.3,99.6,14.2,85,20.337,
21.9.2026,0:10:10.780,3935.4,85.5,17.0,80,20.356,
21.9.2026,0:10:10.983,4641.2,99.8,13.9,86,20.418,
21.9.2026,0:10:11.188,712.1,20.6,18.0,86,20.723,
21.9.2026,0:10:11.395,157.5,2.4,13.2,91,20.279,
21.9.2026,0:10:11.601,353.3,6.7,15.6,90,22.777,
21.9.2026,0:10:11.808,121.0,1.9,15.7,88,20.284,
21.9.2026,0:10:12.011,140.7,9.5,17.6,89,19.471,
21.9.2026,0:10:12.218,132.7,2.5,14.9,87,21.265,
21.9.2026,0:10:12.422,3863.2,99.6,22.4,82,18.377,
21.9.2026,0:10:12.630,148.0,9.4,14.1,89,19.947,
21.9.2026,0:10:12.833,132.5,2.5,15.2,88,19.450,
21.9.2026,0:10:13.037,4637.7,99.9,14.9,83,20.915,
21.9.2026,0:10:13.244,129.0,8.7,16.4,91,18.697,
21.9.2026,0:10:13.450,160.5,9.1,14.7,92,19.604,
21.9.2026,0:10:13.656,160.9,2.8,15.9,89,19.589,
21.9.2026,0:10:13.861,2546.6,60.7,15.6,89,19.482,
21.9.2026,0:10:14.065,137.7,2.7,13.3,88,19.564,
21.9.2026,0:10:14.272,136.4,2.4,14.3,90,19.352,
21.9.2026,0:10:14.477,4642.7,99.7,13.8,83,20.959,
21.9.2026,0:10:14.668,125.0,1.7,13.1,88,20.847,
21.9.2026,0:10:14.876,2484.4,56.2,18.7,90,20.606,
21.9.2026,0:10:15.080,144.4,2.1,12.9,89,19.620,
21.9.2026,0:10:15.286,126.2,2.2,14.3,89,19.400,
21.9.2026,0:10:15.494,2496.4,53.1,16.1,90,20.650,
21.9.2026,0:10:15.681,144.9,2.3,16.5,88,19.430,
21.9.2026,0:10:15.889,2169.9,50.1,15.3,87,20.841,
21.9.2026,0:10:16.096,129.5,1.0,15.6,89,19.665,
21.9.2026,0:10:16.299,149.8,2.3,13.3,87,19.511,
21.9.2026,0:10:16.507,4619.2,99.6,20.0,83,20.643,
21.9.2026,0:10:16.710,120.5,1.7,12.8,89,19.597,
21.9.2026,0:10:16.915,110.1,1.4,15.1,83,20.865,
21.9.2026,0:10:17.121,133.8,9.3,16.7,89,19.620,
21.9.2026,0:10:17.327,1203.3,25.3,17.7,90,21.225,
21.9.2026,0:10:17.535,153.2,2.5,15.0,91,21.904,
21.9.2026,0:10:17.740,2428.3,52.3,19.9,74,23.871,
21.9.2026,0:10:17.946,485.4,9.6,13.7,88,19.911,
21.9.2026,0:10:18.154,1852.7,43.5,19.6,88,20.116,
21.9.2026,0:10:18.360,147.5,2.2,15.4,88,19.625,
21.9.2026,0:10:18.567,172.8,2.5,14.6,90,19.895,
21.9.2026,0:10:18.774,158.9,2.2,13.5,88,19.721,
21.9.2026,0:10:18.977,133.9,2.3,14.0,82,20.138,
21.9.2026,0:10:19.169,4641.0,99.6,15.0,78,20.124,
21.9.2026,0:10:19.370,150.1,9.6,18.4,87,19.306,
21.9.2026,0:10:19.576,152.4,3.1,15.0,82,19.868,
21.9.2026,0:10:19.782,365.8,7.5,16.7,82,20.097,
21.9.2026,0:10:19.987,79.9,0.8,13.8,86,19.470,
21.9.2026,0:10:20.194,4637.7,99.6,13.8,79,19.969,
21.9.2026,0:10:20.399,147.6,2.0,16.2,86,19.412,
21.9.2026,0:10:20.606,377.4,14.2,19.0,87,19.517,
21.9.2026,0:10:20.810,4631.2,99.5,15.1,79,19.926,
21.9.2026,0:10:21.016,65.8,7.0,15.3,89,19.927,
21.9.2026,0:10:21.223,366.4,7.0,12.9,88,19.457,
21.9.2026,0:10:21.432,1100.5,22.8,15.4,89,20.068,
21.9.2026,0:10:21.634,182.3,3.3,16.6,87,19.554,
21.9.2026,0:10:21.839,145.5,9.8,16.1,87,19.489,
21.9.2026,0:10:22.046,4625.5,99.6,14.8,79,20.112,
21.9.2026,0:10:22.250,4640.4,99.7,12.9,79,20.084,
21.9.2026,0:10:22.457,371.8,13.9,18.3,90,19.477,
21.9.2026,0:10:22.662,146.0,2.3,14.1,88,19.447,
21.9.2026,0:10:22.869,3940.2,84.5,15.1,89,20.255,
21.9.2026,0:10:23.076,142.7,5.6,20.0,89,19.849,
21.9.2026,0:10:23.282,146.6,4.7,13.8,89,19.699,
21.9.2026,0:10:23.487,146.4,2.9,14.3,88,19.480,
21.9.2026,0:10:23.693,4621.2,99.5,14.2,79,20.034,
21.9.2026,0:10:23.900,3922.2,84.2,14.0,82,20.447,
21.9.2026,0:10:24.107,159.1,8.1,16.2,51,16.367,
21.9.2026,0:10:24.318,273.9,6.5,5.5,50,10.947,
21.9.2026,0:10:24.528,214.7,1.2,2.9,49,7.364,
21.9.2026,0:10:24.732,530.7,17.9,20.2,68,14.663,
21.9.2026,0:10:24.941,2230.9,45.0,19.9,58,18.500,
21.9.2026,0:10:25.147,1391.1,40.5,22.1,61,21.853,
21.9.2026,0:10:25.354,72.4,0.1,10.9,64,17.816,
21.9.2026,0:10:25.556,362.4,13.3,18.1,59,17.628,
21.9.2026,0:10:25.762,276.6,7.5,8.9,61,15.390,
21.9.2026,0:10:25.963,330.6,7.9,12.3,52,13.485,
21.9.2026,0:10:26.170,317.5,8.6,9.0,60,12.659,
21.9.2026,0:10:26.376,238.9,4.2,6.9,49,12.722,
21.9.2026,0:10:26.580,266.7,6.5,5.7,62,10.949,
21.9.2026,0:10:26.787,167.3,3.5,10.2,51,11.798,
21.9.2026,0:10:26.997,354.5,6.7,6.3,54,12.146,
21.9.2026,0:10:27.203,148.5,8.9,8.0,49,7.614,
21.9.2026,0:10:27.409,237.5,4.6,5.7,54,11.436,
21.9.2026,0:10:27.611,96.5,1.8,5.0,49,11.659,
21.9.2026,0:10:27.820,279.6,6.2,8.2,49,11.461,
21.9.2026,0:10:28.027,249.3,4.8,7.2,56,10.629,
21.9.2026,0:10:28.234,242.4,11.4,9.6,54,10.013,
21.9.2026,0:10:28.441,203.1,3.6,5.3,48,11.008,
21.9.2026,0:10:28.654,331.4,6.8,9.1,49,12.467,
21.9.2026,0:10:28.856,262.9,10.8,7.3,48,8.532,
21.9.2026,0:10:29.061,264.1,6.0,5.5,52,10.609,
21.9.2026,0:10:29.271,176.1,2.5,4.5,48,11.368,
21.9.2026,0:10:29.477,258.4,5.4,4.9,52,7.992,
21.9.2026,0:10:29.681,242.0,5.3,5.2,50,9.789,
21.9.2026,0:10:29.888,254.0,12.8,10.8,55,10.869,
21.9.2026,0:10:30.093,297.9,5.8,10.5,57,11.731,
21.9.2026,0:10:30.296,179.2,5.3,2.8,47,6.520,
21.9.2026,0:10:30.503,292.4,6.7,7.5,57,11.917,
21.9.2026,0:10:30.704,191.9,5.1,10.9,58,14.808,
21.9.2026,0:10:30.912,199.2,4.8,8.1,58,12.612,
21.9.2026,0:10:31.116,298.1,8.8,5.5,62,8.873,
21.9.2026,0:10:31.322,323.1,3.8,9.2,66,15.925,
21.9.2026,0:10:31.534,391.0,15.1,13.1,48,13.429,
21.9.2026,0:10:31.729,151.1,0.0,1.6,47,13.429,
21.9.2026,0:10:31.940,277.1,11.0,12.7,54,5.988,
21.9.2026,0:10:32.150,366.8,5.4,3.5,47,9.680,
21.9.2026,0:10:32.356,170.8,0.7,3.4,47,9.664,
21.9.2026,0:10:32.561,157.0,8.5,5.0,47,6.616,
21.9.2026,0:10:32.765,190.8,4.1,3.5,47,6.341,
21.9.2026,0:10:32.973,277.5,7.1,13.3,55,6.924,
21.9.2026,0:10:33.186,131.2,1.2,3.2,56,14.295,
21.9.2026,0:10:33.389,163.4,8.5,8.3,55,8.944,
21.9.2026,0:10:33.594,296.0,6.3,7.3,48,10.802,
21.9.2026,0:10:33.799,247.4,5.4,5.7,48,11.233,
21.9.2026,0:10:34.008,177.0,5.1,8.1,47,11.970,
21.9.2026,0:10:34.200,296.0,4.8,9.3,54,11.638,
21.9.2026,0:10:34.412,123.8,8.3,7.0,46,12.841,
21.9.2026,0:10:34.623,203.5,2.0,2.5,47,7.977,
21.9.2026,0:10:34.828,199.5,8.5,6.4,46,7.672,
21.9.2026,0:10:35.045,200.6,3.7,7.7,46,7.133,
21.9.2026,0:10:35.254,107.8,4.3,2.8,46,6.978,
21.9.2026,0:10:35.463,263.6,4.1,8.5,50,5.991,
21.9.2026,0:10:35.672,252.2,10.4,6.8,47,8.800,
21.9.2026,0:10:35.879,289.9,5.6,9.4,61,9.989,
21.9.2026,0:10:36.091,402.4,7.4,9.2,51,14.309,
21.9.2026,0:10:36.305,229.1,7.9,6.3,46,8.374,
21.9.2026,0:10:36.510,193.0,1.3,3.6,46,7.321,
21.9.2026,0:10:36.719,140.6,8.4,5.6,48,7.438,
21.9.2026,0:10:36.924,287.6,4.5,8.3,55,11.366,
21.9.2026,0:10:37.131,252.9,6.2,7.1,54,12.772,
21.9.2026,0:10:37.337,351.1,6.9,10.5,59,13.899,
21.9.2026,0:10:37.542,354.1,8.4,8.0,54,10.153,
21.9.2026,0:10:37.732,275.9,7.3,9.4,57,10.153,
21.9.2026,0:10:37.937,316.2,13.7,10.4,55,13.754,
21.9.2026,0:10:38.142,219.9,4.6,3.8,46,11.974,
21.9.2026,0:10:38.348,560.4,10.8,6.8,52,7.754,
21.9.2026,0:10:38.556,321.5,7.4,6.9,46,11.553,
21.9.2026,0:10:38.759,246.2,11.3,7.9,46,11.553,
21.9.2026,0:10:38.963,275.1,7.5,10.4,54,7.145,
21.9.2026,0:10:39.177,334.0,8.3,9.4,58,14.548,
21.9.2026,0:10:39.380,124.2,0.0,1.7,46,7.493,
21.9.2026,0:10:39.586,292.7,6.7,8.9,46,12.758,
21.9.2026,0:10:39.775,188.3,4.1,5.6,50,12.758,
21.9.2026,0:10:39.983,267.7,12.2,14.0,50,9.795,
21.9.2026,0:10:40.196,256.9,0.6,3.8,51,13.850,
21.9.2026,0:10:40.405,278.1,6.1,5.4,53,9.467,
21.9.2026,0:10:40.604,247.1,9.8,8.8,54,9.953,
21.9.2026,0:10:40.817,260.8,7.1,7.9,53,8.637,
21.9.2026,0:10:41.025,242.4,0.9,1.3,45,8.923,
21.9.2026,0:10:41.237,182.8,9.7,8.4,44,7.015,
21.9.2026,0:10:41.446,170.0,0.0,1.4,46,7.216,
21.9.2026,0:10:41.659,197.1,8.5,5.2,45,6.625,
21.9.2026,0:10:41.868,220.8,2.1,3.2,47,7.063,
21.9.2026,0:10:42.075,334.4,3.6,1.8,46,7.600,
21.9.2026,0:10:42.283,165.0,9.0,5.7,45,6.220,
21.9.2026,0:10:42.495,223.7,9.3,6.2,44,6.652,
21.9.2026,0:10:42.704,190.8,3.0,2.1,44,6.142,
21.9.2026,0:10:42.915,261.5,1.9,1.7,44,6.897,
21.9.2026,0:10:43.125,323.5,9.8,7.7,45,7.583,
21.9.2026,0:10:43.339,209.7,0.4,0.8,44,8.186,
21.9.2026,0:10:43.542,292.8,12.8,11.1,44,6.912,
21.9.2026,0:10:43.751,229.6,3.6,1.6,44,8.064,
21.9.2026,0:10:43.952,156.7,4.7,5.2,44,7.243,
21.9.2026,0:10:44.159,191.8,2.7,2.2,44,6.152,
21.9.2026,0:10:44.362,151.9,4.2,3.0,44,6.960,
21.9.2026,0:10:44.563,146.7,5.2,4.4,44,6.015,
21.9.2026,0:10:44.773,178.2,1.4,1.3,43,6.154,
21.9.2026,0:10:44.979,188.8,10.0,6.8,44,5.961,
21.9.2026,0:10:45.188,193.4,2.6,2.9,44,6.458,
21.9.2026,0:10:45.400,184.2,7.0,5.1,44,6.711,
21.9.2026,0:10:45.610,152.3,0.4,1.8,43,6.025,
21.9.2026,0:10:45.811,152.3,0.4,1.8,43,5.869,
21.9.2026,0:10:46.024,64.1,0.0,1.3,43,6.597,
21.9.2026,0:10:46.233,168.8,7.9,6.5,43,5.844,
21.9.2026,0:10:46.444,177.6,0.6,4.4,43,6.675,
21.9.2026,0:10:46.654,214.9,10.0,7.5,52,7.119,
21.9.2026,0:10:46.861,197.3,2.1,3.3,43,8.050,
21.9.2026,0:10:47.072,161.8,7.2,7.1,43,6.772,
21.9.2026,0:10:47.286,147.1,0.3,1.6,44,7.001,
21.9.2026,0:10:47.489,204.0,3.7,3.0,43,7.353,
21.9.2026,0:10:47.683,205.6,9.8,5.2,43,7.573,
21.9.2026,0:10:47.892,190.7,2.3,6.4,42,8.383,
21.9.2026,0:10:48.101,139.0,1.1,2.4,43,7.114,
21.9.2026,0:10:48.296,139.0,1.1,2.4,43,7.448,
21.9.2026,0:10:48.505,192.9,8.4,8.5,43,7.104,
21.9.2026,0:10:48.716,210.7,3.0,1.5,43,7.103,
21.9.2026,0:10:48.929,101.5,6.5,6.5,43,7.391,
21.9.2026,0:10:49.122,192.1,0.0,0.7,42,6.456,
21.9.2026,0:10:49.329,170.6,9.1,4.2,43,6.946,
21.9.2026,0:10:49.538,107.0,1.3,3.5,44,6.116,
21.9.2026,0:10:49.747,142.7,1.0,2.8,43,6.615,
21.9.2026,0:10:49.951,177.1,9.7,5.6,43,6.494,
21.9.2026,0:10:50.160,178.1,3.3,2.9,43,6.926,
21.9.2026,0:10:50.366,89.7,0.0,5.0,43,6.738,
21.9.2026,0:10:50.576,218.3,3.7,2.7,43,7.154,
21.9.2026,0:10:50.785,343.6,11.7,5.7,43,7.592,
21.9.2026,0:10:50.997,209.9,4.0,6.1,43,6.989,
21.9.2026,0:10:51.202,195.1,8.2,3.9,43,6.398,
21.9.2026,0:10:51.408,160.4,2.1,3.9,43,6.579,
21.9.2026,0:10:51.613,290.3,6.3,7.6,51,11.607,
21.9.2026,0:10:51.816,192.8,4.4,13.8,56,15.638,
21.9.2026,0:10:52.026,288.2,7.3,11.7,54,16.119,
21.9.2026,0:10:52.232,137.1,8.0,14.5,58,17.568,
21.9.2026,0:10:52.436,389.2,9.5,15.8,57,17.973,
21.9.2026,0:10:52.642,290.9,7.3,16.8,58,17.732,
21.9.2026,0:10:52.846,209.2,5.0,13.3,58,17.680,
21.9.2026,0:10:53.055,179.5,4.8,13.7,58,17.504,
21.9.2026,0:10:53.258,389.1,8.5,12.4,56,17.205,
21.9.2026,0:10:53.463,333.2,8.7,12.8,57,17.292,
21.9.2026,0:10:53.666,320.2,15.3,18.0,57,16.403,
21.9.2026,0:10:53.869,430.5,11.3,12.2,61,15.615,
21.9.2026,0:10:54.076,374.9,10.3,13.2,60,16.744,
21.9.2026,0:10:54.281,428.3,9.8,11.5,59,15.882,
21.9.2026,0:10:54.485,239.8,5.6,14.0,66,16.524,
21.9.2026,0:10:54.689,465.9,11.2,13.1,60,16.680,
21.9.2026,0:10:54.895,757.2,19.2,15.2,61,18.650,
21.9.2026,0:10:55.100,349.2,8.1,13.8,63,16.224,
21.9.2026,0:10:55.305,474.1,10.9,14.0,61,16.613,
21.9.2026,0:10:55.510,369.9,9.0,12.5,58,17.739,
21.9.2026,0:10:55.715,292.9,7.1,12.2,67,15.866,
21.9.2026,0:10:55.919,287.1,13.5,17.2,50,16.293,
21.9.2026,0:10:56.124,449.4,10.2,11.7,57,15.340,
21.9.2026,0:10:56.330,354.5,9.3,14.8,61,16.409,
21.9.2026,0:10:56.534,497.2,10.6,10.9,54,16.533,
21.9.2026,0:10:56.739,121.4,3.7,13.3,63,15.817,
21.9.2026,0:10:56.944,317.1,7.3,11.6,62,16.685,
21.9.2026,0:10:57.149,447.9,10.7,14.3,60,17.511,
21.9.2026,0:10:57.341,557.5,19.3,18.6,66,17.511,
21.9.2026,0:10:57.545,404.2,10.7,15.2,60,16.926,
21.9.2026,0:10:57.747,328.8,7.2,13.6,60,16.539,
21.9.2026,0:10:57.950,277.9,6.6,11.6,60,16.208,
21.9.2026,0:10:58.156,202.5,4.7,14.0,82,16.623,
21.9.2026,0:10:58.362,1047.3,19.7,17.5,79,16.611,
21.9.2026,0:10:58.567,358.5,9.1,13.2,61,20.210,
21.9.2026,0:10:58.771,299.1,7.3,13.0,46,16.186,
21.9.2026,0:10:58.976,250.3,6.2,11.8,68,14.425,
21.9.2026,0:10:59.180,435.5,10.9,14.8,61,15.920,
21.9.2026,0:10:59.384,212.5,5.1,12.2,66,18.631,
21.9.2026,0:10:59.588,293.9,7.0,14.8,62,16.813,
21.9.2026,0:10:59.793,413.0,16.4,13.0,58,15.324,
21.9.2026,0:10:59.999,461.9,9.9,17.6,63,15.465,
21.9.2026,0:11:0.203,343.3,9.4,11.9,64,16.589,
21.9.2026,0:11:0.407,546.3,11.9,12.2,61,14.757,
21.9.2026,0:11:0.614,240.8,5.7,15.3,61,17.218,
21.9.2026,0:11:0.819,257.4,5.5,9.6,62,16.290,
21.9.2026,0:11:1.020,240.3,6.6,10.9,66,15.301,
21.9.2026,0:11:1.225,203.2,4.3,11.1,79,15.741,
21.9.2026,0:11:1.430,421.1,9.3,15.6,62,16.373,
21.9.2026,0:11:1.634,347.8,14.6,14.3,60,16.749,
21.9.2026,0:11:1.839,236.4,6.0,12.9,51,16.183,
21.9.2026,0:11:2.044,361.0,7.9,12.5,64,15.449,
21.9.2026,0:11:2.250,306.8,7.3,13.8,61,15.755,
21.9.2026,0:11:2.456,270.0,5.7,11.9,68,17.166,
21.9.2026,0:11:2.664,195.9,4.6,11.1,59,16.543,
21.9.2026,0:11:2.868,292.7,6.3,16.0,61,15.206,
21.9.2026,0:11:3.070,486.0,11.5,13.6,64,15.831,
21.9.2026,0:11:3.275,143.9,3.1,10.5,68,16.985,
21.9.2026,0:11:3.480,289.3,12.6,16.9,67,16.326,
21.9.2026,0:11:3.686,209.8,4.5,14.1,63,16.548,
21.9.2026,0:11:3.891,224.4,5.3,12.0,66,16.745,
21.9.2026,0:11:4.093,247.0,5.0,12.0,57,15.955,
21.9.2026,0:11:4.299,423.0,11.5,13.2,63,16.208,
21.9.2026,0:11:4.505,288.6,5.6,13.4,88,16.490,
21.9.2026,0:11:4.712,247.9,4.9,16.0,88,20.283,
21.9.2026,0:11:4.919,379.3,13.5,14.5,73,20.283,
21.9.2026,0:11:5.124,2515.7,56.2,29.7,75,15.548,
21.9.2026,0:11:5.331,2659.6,57.1,15.3,83,23.920,
21.9.2026,0:11:5.538,626.6,13.7,16.2,79,19.648,
21.9.2026,0:11:5.741,300.1,5.3,13.6,92,19.320,
21.9.2026,0:11:5.946,154.8,3.1,16.8,80,19.923,
21.9.2026,0:11:6.154,2911.1,64.7,15.6,87,18.855,
21.9.2026,0:11:6.358,2230.3,47.2,16.6,89,19.456,
21.9.2026,0:11:6.563,148.5,2.6,13.9,89,19.699,
21.9.2026,0:11:6.770,213.8,4.2,15.2,87,19.394,
21.9.2026,0:11:6.975,4325.1,94.8,16.1,66,19.062,
21.9.2026,0:11:7.182,66.0,0.8,13.2,85,19.932,
21.9.2026,0:11:7.387,171.4,10.0,18.1,88,19.715,
21.9.2026,0:11:7.608,271.6,5.3,17.1,86,20.233,
21.9.2026,0:11:7.799,2496.5,53.8,15.5,57,18.825,
21.9.2026,0:11:8.005,420.0,6.8,18.3,83,18.825,
21.9.2026,0:11:8.211,178.9,3.1,12.3,88,18.894,
21.9.2026,0:11:8.405,195.7,3.5,14.1,88,19.672,
21.9.2026,0:11:8.609,124.9,8.3,19.3,88,20.163,
21.9.2026,0:11:8.815,1419.7,30.0,13.0,88,20.331,
21.9.2026,0:11:9.025,1593.9,33.8,13.8,88,20.188,
21.9.2026,0:11:9.229,143.8,1.8,13.1,86,19.771,
21.9.2026,0:11:9.436,167.0,10.0,15.8,86,20.227,
21.9.2026,0:11:9.642,872.5,18.2,13.8,55,19.796,
21.9.2026,0:11:9.849,221.4,5.6,6.3,58,16.724,
21.9.2026,0:11:10.054,130.3,1.5,10.5,52,12.098,
21.9.2026,0:11:10.260,227.7,5.3,7.6,56,11.836,
21.9.2026,0:11:10.467,151.4,9.3,9.7,48,11.565,
21.9.2026,0:11:10.676,151.8,3.4,4.3,48,10.567,
21.9.2026,0:11:10.883,276.0,4.7,10.8,51,8.724,
21.9.2026,0:11:11.088,268.9,4.3,5.0,47,11.551,
21.9.2026,0:11:11.295,387.1,13.2,12.7,52,12.913,
21.9.2026,0:11:11.503,489.3,8.1,7.1,49,11.727,
21.9.2026,0:11:11.706,501.0,9.3,9.2,54,13.037,
21.9.2026,0:11:11.912,414.1,7.4,8.4,50,12.219,
21.9.2026,0:11:12.120,508.8,9.5,6.9,57,13.118,
21.9.2026,0:11:12.324,577.6,17.3,13.1,59,12.946,
21.9.2026,0:11:12.528,372.1,0.0,6.1,59,10.652,
21.9.2026,0:11:12.735,545.7,17.6,12.8,57,14.909,
21.9.2026,0:11:12.939,562.5,10.0,13.8,57,17.338,
21.9.2026,0:11:13.150,495.8,10.8,8.7,49,12.620,
21.9.2026,0:11:13.361,184.0,1.0,1.8,46,7.462,
21.9.2026,0:11:13.571,364.9,5.7,3.7,47,6.116,
21.9.2026,0:11:13.773,158.8,7.9,3.5,47,7.360,
21.9.2026,0:11:13.970,248.5,6.3,8.4,47,6.367,
21.9.2026,0:11:14.179,185.8,2.4,1.0,46,8.085,
21.9.2026,0:11:14.375,185.8,2.4,1.0,46,6.257,
21.9.2026,0:11:14.581,145.5,7.3,6.5,45,6.225,
21.9.2026,0:11:14.790,214.2,3.0,2.6,46,6.704,
21.9.2026,0:11:14.982,231.7,3.1,1.6,47,6.856,
21.9.2026,0:11:15.196,181.2,9.6,6.5,47,7.163,
21.9.2026,0:11:15.388,194.8,0.0,2.3,46,6.294,
21.9.2026,0:11:15.594,141.8,8.9,9.9,46,6.266,
21.9.2026,0:11:15.803,95.8,0.4,1.1,46,6.329,
21.9.2026,0:11:16.013,194.4,3.1,1.5,46,6.656,
21.9.2026,0:11:16.218,173.5,8.7,7.1,46,6.353,
21.9.2026,0:11:16.424,197.4,2.9,1.4,45,6.501,
21.9.2026,0:11:16.631,438.4,9.7,20.0,77,19.734,
21.9.2026,0:11:16.837,1796.9,41.6,16.1,64,19.176,
21.9.2026,0:11:17.041,487.9,11.1,17.2,78,19.254,
21.9.2026,0:11:17.248,1466.4,38.1,19.0,68,18.820,
21.9.2026,0:11:17.454,330.8,7.6,14.3,77,19.124,
21.9.2026,0:11:17.660,267.1,5.4,16.1,79,19.613,
21.9.2026,0:11:17.867,4054.4,91.1,19.1,69,19.686,
21.9.2026,0:11:18.074,4525.7,99.8,16.9,65,19.369,
21.9.2026,0:11:18.278,4339.9,99.9,17.7,61,19.173,
21.9.2026,0:11:18.487,1694.8,44.5,17.0,67,19.552,
21.9.2026,0:11:18.693,211.1,2.1,14.2,62,19.591,
21.9.2026,0:11:18.899,448.8,9.9,16.6,68,19.249,
21.9.2026,0:11:19.105,1686.7,37.7,18.6,86,22.311,
21.9.2026,0:11:19.311,152.4,9.5,21.4,89,19.845,
21.9.2026,0:11:19.515,214.1,4.2,12.8,67,19.472,
21.9.2026,0:11:19.720,223.7,5.4,10.0,72,13.990,
21.9.2026,0:11:19.925,180.0,3.8,15.0,88,19.502,
21.9.2026,0:11:20.131,149.8,2.6,14.7,84,19.634,
21.9.2026,0:11:20.339,2781.2,59.3,14.7,88,20.522,
21.9.2026,0:11:20.527,160.2,9.6,16.4,89,19.448,
21.9.2026,0:11:20.733,4362.1,93.6,14.6,69,20.559,
21.9.2026,0:11:20.940,147.3,2.6,17.0,88,20.202,
21.9.2026,0:11:21.147,196.3,7.2,15.2,88,20.280,
21.9.2026,0:11:21.353,211.5,0.0,13.1,88,20.610,
21.9.2026,0:11:21.562,411.9,15.1,17.3,89,20.153,
21.9.2026,0:11:21.767,734.4,15.2,14.3,89,20.239,
21.9.2026,0:11:21.976,231.0,3.6,13.6,88,20.194,
21.9.2026,0:11:22.193,118.6,1.2,14.5,90,20.267,
21.9.2026,0:11:22.388,210.5,10.3,19.4,66,19.396,
21.9.2026,0:11:22.597,102.7,1.0,14.3,88,19.379,
21.9.2026,0:11:22.804,159.8,2.4,14.3,89,19.952,
21.9.2026,0:11:23.008,140.0,1.9,14.3,88,20.248,
21.9.2026,0:11:23.211,567.9,11.7,10.5,57,16.365,
21.9.2026,0:11:23.404,268.4,6.2,7.9,49,13.873,
21.9.2026,0:11:23.611,283.5,5.3,6.7,61,9.625,
21.9.2026,0:11:23.814,404.6,15.8,8.5,52,11.118,
21.9.2026,0:11:24.025,309.8,7.5,6.8,48,10.119,
21.9.2026,0:11:24.229,366.7,6.6,8.1,58,11.752,
21.9.2026,0:11:24.437,219.8,11.3,7.6,48,8.923,
21.9.2026,0:11:24.642,293.4,5.3,7.4,54,10.027,
21.9.2026,0:11:24.856,182.5,5.2,8.0,57,10.967,
21.9.2026,0:11:25.068,68.6,4.1,6.0,46,7.088,
21.9.2026,0:11:25.275,158.3,0.0,2.0,48,6.304,
21.9.2026,0:11:25.483,163.7,9.7,7.4,47,6.483,
21.9.2026,0:11:25.687,175.6,2.6,3.7,50,7.317,
21.9.2026,0:11:25.899,297.8,3.4,4.7,59,12.854,
21.9.2026,0:11:26.110,324.6,11.8,8.3,55,12.004,
21.9.2026,0:11:26.317,619.6,11.7,10.1,59,11.127,
21.9.2026,0:11:26.521,637.0,12.8,9.3,54,12.085,
21.9.2026,0:11:26.733,348.3,9.2,5.5,56,14.520,
21.9.2026,0:11:26.938,528.6,9.8,9.9,46,8.370,
21.9.2026,0:11:27.146,417.0,7.3,7.8,50,11.885,
21.9.2026,0:11:27.351,545.9,10.0,7.8,55,11.081,
21.9.2026,0:11:27.560,445.8,14.3,11.7,55,12.992,
21.9.2026,0:11:27.763,209.2,4.5,9.8,47,12.735,
21.9.2026,0:11:27.972,321.3,4.5,5.8,50,13.973,
21.9.2026,0:11:28.176,559.0,10.6,10.1,47,9.631,
21.9.2026,0:11:28.381,585.8,15.3,10.0,50,13.084,
21.9.2026,0:11:28.584,300.9,3.7,5.9,59,12.535,
21.9.2026,0:11:28.793,160.1,8.5,4.0,46,12.265,
21.9.2026,0:11:29.002,137.8,1.6,5.9,50,6.423,
21.9.2026,0:11:29.208,164.0,2.1,3.3,46,6.086,
21.9.2026,0:11:29.399,182.4,9.4,6.2,46,7.164,
21.9.2026,0:11:29.610,177.0,2.8,3.1,46,7.992,
21.9.2026,0:11:29.814,218.1,4.0,7.6,46,6.225,
21.9.2026,0:11:30.024,212.8,2.9,1.7,46,6.732,
21.9.2026,0:11:30.234,227.8,9.7,5.0,46,6.795,
21.9.2026,0:11:30.440,132.3,1.6,7.5,46,6.689,
21.9.2026,0:11:30.648,186.1,2.5,1.3,46,6.782,
21.9.2026,0:11:30.856,214.1,10.4,6.2,46,6.469,
21.9.2026,0:11:31.070,114.5,0.0,4.1,46,6.369,
21.9.2026,0:11:31.281,224.9,9.3,5.5,46,6.123,
21.9.2026,0:11:31.490,120.7,0.0,2.7,45,5.858,
21.9.2026,0:11:31.704,170.1,6.2,4.2,46,6.589,
21.9.2026,0:11:31.917,236.8,1.7,2.8,45,6.650,
21.9.2026,0:11:32.132,163.8,8.0,5.4,45,6.153,
21.9.2026,0:11:32.345,512.7,11.2,7.3,46,7.559,
21.9.2026,0:11:32.554,214.5,1.9,0.9,46,6.716,
21.9.2026,0:11:32.765,129.7,7.6,6.5,46,5.809,
21.9.2026,0:11:32.969,67.0,0.0,1.6,45,6.528,
21.9.2026,0:11:33.180,74.7,0.0,2.1,44,6.210,
21.9.2026,0:11:33.390,75.3,6.9,6.4,45,6.568,
21.9.2026,0:11:33.604,81.7,0.0,2.7,45,6.380,
21.9.2026,0:11:33.818,240.0,8.5,6.2,46,6.978,
21.9.2026,0:11:34.032,172.9,0.0,1.4,44,6.451,
21.9.2026,0:11:34.238,256.7,8.6,5.5,44,7.528,
21.9.2026,0:11:34.455,148.2,2.9,2.4,45,6.912,
21.9.2026,0:11:34.667,119.5,4.5,3.8,44,6.765,
21.9.2026,0:11:34.874,91.7,5.8,8.4,44,6.352,
21.9.2026,0:11:35.081,125.5,0.7,8.9,61,12.020,
21.9.2026,0:11:35.286,394.6,7.3,15.5,64,19.363,
21.9.2026,0:11:35.492,249.5,4.8,15.5,67,18.475,
21.9.2026,0:11:35.699,362.2,8.3,17.0,72,18.972,
21.9.2026,0:11:35.906,366.8,7.1,16.9,52,17.684,
21.9.2026,0:11:36.112,236.3,10.7,15.2,79,18.529,
21.9.2026,0:11:36.319,207.1,4.1,14.2,68,18.046,
21.9.2026,0:11:36.526,3103.1,70.4,16.4,66,18.631,
21.9.2026,0:11:36.731,1743.4,42.7,15.8,81,18.178,
21.9.2026,0:11:36.945,541.3,12.4,18.2,74,19.680,
21.9.2026,0:11:37.143,443.4,10.2,18.1,66,18.551,
21.9.2026,0:11:37.349,461.4,10.4,15.2,74,19.152,
21.9.2026,0:11:37.555,1233.2,28.0,15.4,72,18.736,
21.9.2026,0:11:37.761,1007.6,21.3,12.7,63,18.676,
21.9.2026,0:11:37.966,147.8,9.6,18.8,83,19.326,
21.9.2026,0:11:38.172,1287.6,27.8,13.7,85,17.324,
21.9.2026,0:11:38.394,166.2,2.3,13.4,88,19.782,
21.9.2026,0:11:38.594,194.2,4.0,15.0,83,18.884,
21.9.2026,0:11:38.791,148.8,2.3,14.5,84,18.922,
21.9.2026,0:11:38.997,186.1,10.3,17.2,88,20.238,
21.9.2026,0:11:39.202,507.6,10.5,14.8,88,20.195,
21.9.2026,0:11:39.409,131.4,2.7,13.4,88,20.450,
21.9.2026,0:11:39.615,243.4,4.7,13.4,85,18.954,
21.9.2026,0:11:39.820,157.7,2.4,13.5,89,20.432,
21.9.2026,0:11:40.009,398.7,9.5,9.2,52,12.796,
21.9.2026,0:11:40.217,302.2,13.4,11.0,59,11.579,
21.9.2026,0:11:40.425,200.3,2.5,4.2,48,8.805,
21.9.2026,0:11:40.631,299.3,6.7,5.9,47,12.293,
21.9.2026,0:11:40.835,290.9,6.1,9.5,48,10.243,
21.9.2026,0:11:41.028,309.6,7.1,5.2,46,10.062,
21.9.2026,0:11:41.232,187.1,10.8,12.3,50,11.595,
21.9.2026,0:11:41.439,177.2,3.9,6.2,49,9.810,
21.9.2026,0:11:41.644,239.4,4.9,5.5,49,11.094,
21.9.2026,0:11:41.850,185.9,3.3,4.8,46,10.026,
21.9.2026,0:11:42.056,254.5,5.7,7.7,46,9.490,
21.9.2026,0:11:42.265,283.0,12.0,14.1,52,14.959,
21.9.2026,0:11:42.473,164.3,1.1,2.5,46,7.917,
21.9.2026,0:11:42.680,135.9,1.7,3.3,46,6.713,
21.9.2026,0:11:42.888,243.9,9.8,7.6,46,7.447,
21.9.2026,0:11:43.099,181.0,2.1,1.3,45,6.612,
21.9.2026,0:11:43.304,190.7,2.6,3.3,45,6.379,
21.9.2026,0:11:43.496,237.4,4.2,3.0,45,7.051,
21.9.2026,0:11:43.705,290.2,12.9,6.9,46,7.812,
21.9.2026,0:11:43.916,186.6,1.8,3.6,45,6.990,
21.9.2026,0:11:44.121,373.5,11.5,11.8,67,11.203,
21.9.2026,0:11:44.328,1696.7,39.5,15.2,75,19.420,
21.9.2026,0:11:44.535,2734.1,61.3,17.1,72,19.303,
21.9.2026,0:11:44.738,1596.0,36.1,16.0,71,18.678,
21.9.2026,0:11:44.945,304.3,5.9,17.9,56,20.044,
21.9.2026,0:11:45.139,209.5,9.8,16.7,75,19.472,
21.9.2026,0:11:45.343,176.1,2.1,14.1,88,18.879,
21.9.2026,0:11:45.551,258.4,4.7,10.4,62,16.251,
21.9.2026,0:11:45.758,135.1,1.8,11.4,91,18.530,
21.9.2026,0:11:45.965,151.7,9.5,19.1,81,21.613,
21.9.2026,0:11:46.172,215.7,3.3,13.6,86,19.867,
21.9.2026,0:11:46.379,144.3,2.2,14.5,86,20.448,
21.9.2026,0:11:46.586,846.2,10.2,13.0,69,20.585,
21.9.2026,0:11:46.792,154.7,12.8,20.8,86,20.280,
21.9.2026,0:11:46.998,171.0,6.8,15.3,85,19.538,
21.9.2026,0:11:47.203,130.1,1.9,14.2,83,19.411,
21.9.2026,0:11:47.409,1807.4,38.2,13.7,86,19.880,
21.9.2026,0:11:47.616,128.1,2.0,14.0,88,19.807,
21.9.2026,0:11:47.838,539.8,12.1,16.0,88,19.718,
21.9.2026,0:11:48.029,139.2,8.9,21.4,88,18.972,
21.9.2026,0:11:48.234,192.1,3.9,12.4,57,18.201,
21.9.2026,0:11:48.443,270.1,0.9,11.1,52,15.215,
21.9.2026,0:11:48.650,157.2,5.0,4.9,49,7.798,
21.9.2026,0:11:48.863,225.0,9.0,5.8,46,8.591,
21.9.2026,0:11:49.071,222.9,2.3,3.7,54,6.871,
21.9.2026,0:11:49.275,105.0,0.9,2.8,46,6.423,
21.9.2026,0:11:49.484,182.4,10.4,7.9,45,7.361,
21.9.2026,0:11:49.693,176.8,3.0,2.4,46,7.693,
21.9.2026,0:11:49.899,256.4,3.7,3.2,50,8.398,
21.9.2026,0:11:50.089,320.7,13.2,14.6,51,11.785,
21.9.2026,0:11:50.296,201.2,3.8,3.0,48,8.327,
21.9.2026,0:11:50.503,138.6,1.4,5.2,46,7.211,
21.9.2026,0:11:50.713,179.4,2.3,2.0,46,7.258,
21.9.2026,0:11:50.923,237.6,10.2,8.4,48,8.079,
21.9.2026,0:11:51.129,188.3,2.4,6.2,45,6.781,
21.9.2026,0:11:51.339,162.6,0.6,0.8,45,6.547,
21.9.2026,0:11:51.548,291.2,12.2,9.0,45,7.403,
21.9.2026,0:11:51.752,188.0,2.2,1.1,45,6.424,
21.9.2026,0:11:51.968,211.6,7.8,4.1,45,6.182,
21.9.2026,0:11:52.180,130.7,1.3,4.5,45,7.582,
21.9.2026,0:11:52.387,54.5,3.6,4.4,45,6.244,
21.9.2026,0:11:52.595,92.9,0.8,5.7,45,6.503,
21.9.2026,0:11:52.804,182.6,2.6,3.7,45,7.867,
21.9.2026,0:11:53.014,217.7,9.6,6.1,46,7.981,
21.9.2026,0:11:53.225,229.1,3.1,4.1,45,6.538,
21.9.2026,0:11:53.437,175.1,0.0,1.5,44,7.294,
21.9.2026,0:11:53.645,99.2,4.8,6.5,47,8.271,
21.9.2026,0:11:53.851,198.3,3.8,4.5,44,7.354,
21.9.2026,0:11:54.046,157.8,2.2,2.3,45,7.535,
21.9.2026,0:11:54.253,145.0,7.4,5.4,44,6.006,
21.9.2026,0:11:54.459,160.1,2.5,0.7,45,6.516,
21.9.2026,0:11:54.671,192.1,8.2,6.3,44,6.239,
21.9.2026,0:11:54.886,201.7,1.7,3.1,44,7.005,
21.9.2026,0:11:55.097,135.2,6.2,5.6,44,6.142,
21.9.2026,0:11:55.305,130.3,0.4,2.3,44,6.480,
21.9.2026,0:11:55.501,282.9,9.8,6.6,46,7.115,
21.9.2026,0:11:55.706,236.0,2.9,3.4,50,8.093,
21.9.2026,0:11:55.914,204.5,4.6,3.9,44,6.866,
21.9.2026,0:11:56.108,147.1,7.7,8.0,44,6.866,
21.9.2026,0:11:56.321,147.8,1.7,2.0,44,5.903,
21.9.2026,0:11:56.514,237.6,8.1,5.9,48,6.446,
21.9.2026,0:11:56.717,190.5,3.4,2.9,44,7.643,
21.9.2026,0:11:56.925,246.2,5.7,8.4,44,7.349,
21.9.2026,0:11:57.135,137.3,1.6,5.8,48,9.718,
21.9.2026,0:11:57.346,261.8,7.7,4.5,44,8.493,
21.9.2026,0:11:57.556,224.1,5.0,3.2,45,7.784,
21.9.2026,0:11:57.762,202.7,2.1,3.7,44,7.524,
21.9.2026,0:11:57.977,235.5,10.4,4.7,44,6.574,
21.9.2026,0:11:58.170,256.5,2.0,3.6,44,7.302,
21.9.2026,0:11:58.382,189.3,8.1,5.8,44,7.073,
21.9.2026,0:11:58.590,238.3,1.9,5.9,44,8.943,
21.9.2026,0:11:58.800,170.1,8.7,10.1,44,10.046,
21.9.2026,0:11:59.007,300.5,9.5,8.4,57,9.381,
21.9.2026,0:11:59.212,3912.3,95.3,14.0,52,10.146,
21.9.2026,0:11:59.421,589.8,19.8,21.4,61,19.598,
21.9.2026,0:11:59.627,940.4,21.3,17.9,61,18.933,
21.9.2026,0:11:59.832,553.2,12.0,17.6,63,19.409,
21.9.2026,0:12:0.037,462.7,10.3,14.8,63,18.530,
21.9.2026,0:12:0.243,1557.5,34.2,16.4,56,17.986,
21.9.2026,0:12:0.450,661.0,21.5,23.6,61,17.797,
21.9.2026,0:12:0.657,213.3,4.2,13.3,61,18.974,
21.9.2026,0:12:0.860,268.0,6.2,7.3,46,18.536,
21.9.2026,0:12:1.067,315.6,6.9,11.2,62,12.245,
21.9.2026,0:12:1.272,4562.2,99.9,15.1,61,13.318,
21.9.2026,0:12:1.477,1050.5,22.7,16.3,59,19.587,
21.9.2026,0:12:1.683,256.8,12.0,14.5,52,19.657,
21.9.2026,0:12:1.886,413.0,9.9,10.0,54,15.635,
21.9.2026,0:12:2.091,541.2,13.2,10.8,52,15.439,
21.9.2026,0:12:2.296,401.2,9.0,10.1,52,15.964,
21.9.2026,0:12:2.502,228.8,5.4,11.5,58,15.836,
21.9.2026,0:12:2.709,1408.5,33.4,19.6,59,11.539,
21.9.2026,0:12:2.915,549.7,13.1,17.0,63,19.695,
21.9.2026,0:12:3.122,818.9,25.9,21.4,63,18.868,
21.9.2026,0:12:3.328,475.1,12.6,16.0,61,20.033,
21.9.2026,0:12:3.536,602.1,14.0,20.6,60,17.789,
21.9.2026,0:12:3.739,520.1,12.9,16.5,67,19.636,
21.9.2026,0:12:3.945,613.7,15.3,18.1,62,19.484,
21.9.2026,0:12:4.134,947.6,22.2,17.5,58,18.837,
21.9.2026,0:12:4.341,374.7,15.7,14.8,58,18.038,
21.9.2026,0:12:4.547,272.6,6.3,13.5,55,15.731,
21.9.2026,0:12:4.750,353.8,7.4,11.8,59,17.596,
21.9.2026,0:12:4.963,223.3,4.8,12.4,47,15.018,
21.9.2026,0:12:5.155,114.0,6.6,5.2,45,15.025,
21.9.2026,0:12:5.362,146.5,2.0,4.8,45,6.719,
21.9.2026,0:12:5.567,178.8,1.2,3.0,45,7.481,
21.9.2026,0:12:5.775,626.3,14.3,7.8,57,6.767,
21.9.2026,0:12:5.974,243.7,9.6,6.8,46,12.287,
21.9.2026,0:12:6.183,34.1,0.0,1.1,45,7.815,
21.9.2026,0:12:6.390,129.0,7.6,10.8,45,5.885,
21.9.2026,0:12:6.599,46.5,0.2,1.9,44,6.268,
21.9.2026,0:12:6.804,100.9,0.0,6.0,71,8.195,
21.9.2026,0:12:7.015,461.3,9.4,14.0,46,13.396,
21.9.2026,0:12:7.223,395.6,10.6,10.2,45,9.872,
21.9.2026,0:12:7.424,356.6,4.4,2.4,45,7.355,
21.9.2026,0:12:7.634,350.4,9.9,5.5,44,7.463,
21.9.2026,0:12:7.847,556.8,9.3,10.2,48,10.210,
21.9.2026,0:12:8.056,362.6,7.2,7.7,45,12.807,
21.9.2026,0:12:8.249,1139.4,28.4,21.1,50,15.953,
21.9.2026,0:12:8.461,431.4,5.7,3.3,46,7.839,
21.9.2026,0:12:8.667,324.9,9.2,11.2,44,7.092,
21.9.2026,0:12:8.874,205.2,3.3,9.2,45,14.067,
21.9.2026,0:12:9.087,419.6,6.6,1.9,45,6.895,
21.9.2026,0:12:9.296,355.6,9.1,6.6,44,7.138,
21.9.2026,0:12:9.509,353.4,4.4,3.1,45,6.947,
21.9.2026,0:12:9.717,365.6,6.8,3.5,44,6.597,
21.9.2026,0:12:9.925,354.8,7.7,3.9,44,6.855,
21.9.2026,0:12:10.120,367.7,3.5,4.1,44,6.990,
21.9.2026,0:12:10.326,476.7,12.4,11.7,75,10.829,
21.9.2026,0:12:10.534,725.9,15.6,16.9,48,19.296,
21.9.2026,0:12:10.740,271.2,4.6,10.1,80,12.859,
21.9.2026,0:12:10.944,1236.7,24.2,14.1,81,19.479,
21.9.2026,0:12:11.147,454.8,9.8,9.1,48,13.436,
21.9.2026,0:12:11.349,418.3,8.0,6.2,47,10.423,
21.9.2026,0:12:11.550,217.4,8.5,7.6,44,6.516,
21.9.2026,0:12:11.761,347.1,3.5,1.6,45,7.485,
21.9.2026,0:12:11.971,237.8,8.7,7.3,44,7.144,
21.9.2026,0:12:12.179,478.3,6.8,5.5,59,8.809,
21.9.2026,0:12:12.386,1919.7,42.3,14.7,71,18.830,
21.9.2026,0:12:12.591,418.7,13.3,17.2,70,19.201,
21.9.2026,0:12:12.798,520.9,10.8,11.0,54,13.556,
21.9.2026,0:12:13.009,462.0,6.5,2.1,45,7.629,
21.9.2026,0:12:13.200,526.4,13.4,8.6,45,7.668,
21.9.2026,0:12:13.407,579.4,7.5,3.3,44,8.245,
21.9.2026,0:12:13.611,543.2,9.8,18.7,67,18.686,
21.9.2026,0:12:13.818,788.4,15.3,13.7,74,18.153,
21.9.2026,0:12:14.022,852.7,15.7,15.3,47,17.203,
21.9.2026,0:12:14.214,262.7,10.4,8.7,45,8.740,
21.9.2026,0:12:14.421,604.4,10.3,9.1,46,13.397,
21.9.2026,0:12:14.632,450.0,5.8,5.2,45,10.721,
21.9.2026,0:12:14.839,431.2,7.6,7.0,46,10.242,
21.9.2026,0:12:15.048,450.7,13.7,13.4,45,9.544,
21.9.2026,0:12:15.258,414.6,3.7,2.1,50,7.675,
21.9.2026,0:12:15.467,607.0,15.6,8.7,44,9.970,
21.9.2026,0:12:15.674,553.1,7.1,5.4,58,9.481,
21.9.2026,0:12:15.881,610.6,10.2,6.4,45,9.890,
21.9.2026,0:12:16.088,427.2,6.6,6.7,46,9.352,
21.9.2026,0:12:16.280,492.0,13.3,10.9,44,10.075,
21.9.2026,0:12:16.488,614.2,10.4,7.4,45,10.282,
21.9.2026,0:12:16.695,522.5,7.3,4.2,44,8.029,
21.9.2026,0:12:16.905,472.3,14.2,8.0,44,8.029,
21.9.2026,0:12:17.115,649.2,11.4,7.0,60,9.919,
21.9.2026,0:12:17.325,253.9,3.4,3.8,44,8.519,
21.9.2026,0:12:17.529,409.0,11.5,8.7,44,8.724,
21.9.2026,0:12:17.739,599.9,10.8,9.4,57,7.547,
21.9.2026,0:12:17.949,371.4,4.7,2.3,44,10.689,
21.9.2026,0:12:18.153,197.4,9.0,8.9,56,10.693,
21.9.2026,0:12:18.355,522.5,8.7,4.1,45,8.083,
21.9.2026,0:12:18.558,626.6,8.7,6.8,46,10.322,
21.9.2026,0:12:18.764,87.5,7.1,5.6,44,6.977,
21.9.2026,0:12:18.971,273.4,4.9,5.6,45,8.722,
21.9.2026,0:12:19.176,161.4,2.3,1.9,44,6.788,
21.9.2026,0:12:19.383,162.6,2.6,2.4,44,6.413,
21.9.2026,0:12:19.577,330.4,12.5,11.7,45,10.111,
21.9.2026,0:12:19.787,190.5,2.4,5.4,47,9.368,
21.9.2026,0:12:19.992,280.4,5.0,6.9,50,9.749,
21.9.2026,0:12:20.185,232.2,10.9,7.3,44,8.087,
21.9.2026,0:12:20.387,554.8,12.8,13.7,45,16.183,
21.9.2026,0:12:20.595,402.1,8.7,11.5,51,11.926,
21.9.2026,0:12:20.805,212.2,3.8,5.3,45,10.289,
21.9.2026,0:12:21.015,100.9,6.2,4.6,44,6.086,
21.9.2026,0:12:21.221,231.7,3.0,4.9,45,9.969,
21.9.2026,0:12:21.427,149.9,2.9,5.5,44,8.798,
21.9.2026,0:12:21.636,301.2,5.1,7.2,45,10.193,
21.9.2026,0:12:21.841,411.3,14.9,10.3,44,9.995,
21.9.2026,0:12:22.045,444.0,9.4,6.9,52,9.670,
21.9.2026,0:12:22.252,1057.6,25.0,12.8,66,15.520,
21.9.2026,0:12:22.455,133.7,2.4,16.0,77,17.845,
21.9.2026,0:12:22.660,119.7,1.9,13.4,72,17.922,
21.9.2026,0:12:22.866,184.6,3.7,15.9,72,18.080,
21.9.2026,0:12:23.075,4640.5,99.6,15.5,73,19.449,
21.9.2026,0:12:23.278,195.7,10.8,16.5,85,19.466,
21.9.2026,0:12:23.485,183.2,0.0,16.5,85,19.701,
21.9.2026,0:12:23.688,4608.9,99.7,16.7,74,20.458,
21.9.2026,0:12:23.896,192.1,3.8,15.0,77,18.374,
21.9.2026,0:12:24.100,103.5,1.0,14.2,68,18.146,
21.9.2026,0:12:24.304,4627.6,99.6,13.9,69,18.111,
21.9.2026,0:12:24.511,1913.5,40.9,13.6,69,18.036,
21.9.2026,0:12:24.717,4646.5,99.6,21.9,69,18.178,
21.9.2026,0:12:24.925,1931.3,45.7,14.4,77,18.520,
21.9.2026,0:12:25.130,224.6,3.4,15.7,81,18.863,
21.9.2026,0:12:25.336,178.5,2.9,17.7,77,18.132,
21.9.2026,0:12:25.541,142.2,2.5,13.4,78,17.809,
21.9.2026,0:12:25.747,351.5,13.8,21.8,74,18.222,
21.9.2026,0:12:25.955,159.8,2.9,14.0,78,17.788,
21.9.2026,0:12:26.159,144.2,2.3,14.2,79,17.736,
21.9.2026,0:12:26.367,379.7,7.5,13.2,85,18.032,
21.9.2026,0:12:26.570,125.4,1.6,17.7,80,19.918,
21.9.2026,0:12:26.776,475.1,13.4,17.7,89,20.427,
21.9.2026,0:12:26.984,146.2,5.4,15.1,86,19.398,
21.9.2026,0:12:27.187,4627.3,99.6,18.5,76,19.941,
21.9.2026,0:12:27.395,4633.8,99.9,14.2,78,20.213,
21.9.2026,0:12:27.599,4630.8,99.8,15.5,76,20.406,
21.9.2026,0:12:27.806,4645.0,99.7,13.7,79,20.508,
21.9.2026,0:12:28.012,1091.9,32.7,20.9,88,20.582,
21.9.2026,0:12:28.230,162.0,2.5,17.7,88,20.373,
21.9.2026,0:12:28.424,50.0,0.0,13.7,86,18.878,
21.9.2026,0:12:28.630,661.1,16.4,15.2,88,19.815,
21.9.2026,0:12:28.836,4616.2,99.6,15.2,76,20.588,
21.9.2026,0:12:29.043,277.9,4.9,20.3,88,21.856,
21.9.2026,0:12:29.248,4630.6,99.6,21.0,78,20.404,
21.9.2026,0:12:29.454,4581.1,99.5,15.6,76,20.226,
21.9.2026,0:12:29.660,48.2,6.7,18.2,73,20.301,
21.9.2026,0:12:29.865,156.0,2.5,16.2,84,19.947,
21.9.2026,0:12:30.073,797.1,16.1,17.1,84,20.424,
21.9.2026,0:12:30.281,4521.8,99.6,22.7,62,21.710,
21.9.2026,0:12:30.485,870.8,25.4,21.9,79,21.165,
21.9.2026,0:12:30.692,4640.9,99.6,16.7,72,17.813,
21.9.2026,0:12:30.900,2421.7,57.5,21.7,88,23.513,
21.9.2026,0:12:31.105,68.9,4.8,20.8,90,20.160,
21.9.2026,0:12:31.314,245.7,8.2,16.3,88,19.676,
21.9.2026,0:12:31.516,64.7,0.1,12.9,85,19.350,
21.9.2026,0:12:31.722,1102.5,23.2,13.6,87,18.730,
21.9.2026,0:12:31.929,120.7,1.6,13.1,83,18.343,
21.9.2026,0:12:32.135,84.4,0.3,15.9,88,19.030,
21.9.2026,0:12:32.342,42.6,7.1,17.4,79,19.462,
21.9.2026,0:12:32.547,1088.3,22.3,14.0,86,18.889,
21.9.2026,0:12:32.752,210.1,4.1,13.3,79,18.919,
21.9.2026,0:12:32.957,1078.3,22.4,14.1,70,17.959,
21.9.2026,0:12:33.164,1870.9,42.1,19.1,52,19.663,
21.9.2026,0:12:33.369,1328.4,33.6,20.3,79,23.916,
21.9.2026,0:12:33.576,4645.8,99.7,15.7,72,21.950,
21.9.2026,0:12:33.780,4631.4,99.5,14.9,66,21.412,
21.9.2026,0:12:33.987,3934.8,85.5,15.2,67,20.940,
21.9.2026,0:12:34.191,4647.3,99.8,13.3,66,21.177,
21.9.2026,0:12:34.398,1159.8,29.5,19.3,69,21.281,
21.9.2026,0:12:34.602,4640.2,99.8,13.1,66,20.448,
21.9.2026,0:12:34.808,1087.6,28.3,17.6,76,20.964,
21.9.2026,0:12:35.013,3278.5,76.3,18.0,70,19.589,
21.9.2026,0:12:35.219,4638.5,99.5,14.1,65,20.780,
21.9.2026,0:12:35.426,4634.6,99.8,15.4,65,20.859,
21.9.2026,0:12:35.629,99.5,8.2,13.9,67,20.694,
21.9.2026,0:12:35.837,139.8,2.6,13.1,71,20.895,
21.9.2026,0:12:36.044,3204.4,68.6,15.7,71,20.541,
21.9.2026,0:12:36.252,131.3,8.1,18.2,75,20.728,
21.9.2026,0:12:36.459,615.1,13.7,30.9,70,27.734,
21.9.2026,0:12:36.666,823.3,19.0,28.4,70,26.293,
21.9.2026,0:12:36.871,3653.6,82.0,30.6,70,26.155,
21.9.2026,0:12:37.079,1337.3,34.9,30.9,73,25.480,
21.9.2026,0:12:37.283,3352.9,74.8,27.9,73,27.030,
21.9.2026,0:12:37.490,224.9,3.9,14.1,76,21.361,
21.9.2026,0:12:37.694,1112.0,23.3,13.7,77,21.010,
21.9.2026,0:12:37.902,1095.0,23.1,13.6,76,20.626,
21.9.2026,0:12:38.110,1096.3,27.6,19.4,74,20.407,
21.9.2026,0:12:38.315,1128.1,23.1,15.5,67,20.137,
21.9.2026,0:12:38.522,246.0,3.5,13.1,71,20.545,
21.9.2026,0:12:38.728,4640.7,99.6,14.8,67,20.083,
21.9.2026,0:12:38.936,4630.0,99.6,16.9,65,20.019,
21.9.2026,0:12:39.143,1712.9,37.4,15.9,73,20.259,
21.9.2026,0:12:39.347,4638.3,99.6,14.2,66,19.892,
21.9.2026,0:12:39.552,4638.4,99.6,16.1,67,19.993,
21.9.2026,0:12:39.758,4649.7,99.8,13.2,67,20.030,
21.9.2026,0:12:39.964,3944.4,85.9,15.2,67,19.907,
21.9.2026,0:12:40.170,1441.1,35.1,18.1,74,20.509,
21.9.2026,0:12:40.379,4636.4,99.6,14.2,66,19.859,
21.9.2026,0:12:40.581,2666.9,60.3,16.3,71,20.115,
21.9.2026,0:12:40.788,4639.1,99.6,13.2,66,19.302,
21.9.2026,0:12:40.994,4637.4,99.8,16.4,62,19.163,
21.9.2026,0:12:41.200,903.7,29.2,18.8,75,20.245,
21.9.2026,0:12:41.407,1436.1,30.0,15.0,67,19.418,
21.9.2026,0:12:41.612,4627.2,99.7,14.0,65,18.946,
21.9.2026,0:12:41.821,4626.8,99.6,14.4,65,18.975,
21.9.2026,0:12:42.025,4644.9,99.8,14.7,65,19.202,
21.9.2026,0:12:42.233,177.4,15.8,17.5,69,19.517,
21.9.2026,0:12:42.436,4633.1,99.6,14.3,65,19.272,
21.9.2026,0:12:42.642,1485.0,36.2,16.8,68,19.177,
21.9.2026,0:12:42.849,178.5,2.7,14.8,75,19.395,
21.9.2026,0:12:43.057,4632.8,99.6,13.2,65,18.664,
21.9.2026,0:12:43.264,137.2,8.1,18.5,73,19.059,
21.9.2026,0:12:43.471,4613.7,99.2,13.9,66,18.727,
21.9.2026,0:12:43.676,4632.5,99.4,15.1,67,18.938,
21.9.2026,0:12:43.882,4639.1,99.8,14.9,65,18.433,
21.9.2026,0:12:44.087,1438.7,34.9,14.2,63,18.745,
21.9.2026,0:12:44.292,1447.4,35.7,16.6,66,18.108,
21.9.2026,0:12:44.500,84.2,1.1,15.9,73,18.267,
21.9.2026,0:12:44.707,1443.3,29.9,13.3,68,18.091,
21.9.2026,0:12:44.916,4627.3,99.6,14.7,63,17.847,
21.9.2026,0:12:45.105,3296.5,70.4,15.0,67,18.434,
21.9.2026,0:12:45.312,4638.5,99.6,17.3,65,18.239,
21.9.2026,0:12:45.520,4640.7,99.8,15.4,63,18.110,
21.9.2026,0:12:45.727,1479.7,30.4,12.7,66,18.405,
21.9.2026,0:12:45.934,4641.2,99.8,18.4,65,18.549,
21.9.2026,0:12:46.141,2486.4,56.4,18.4,72,19.024,
21.9.2026,0:12:46.348,172.8,1.9,14.1,66,18.240,
21.9.2026,0:12:46.555,4638.0,99.6,15.0,63,18.055,
21.9.2026,0:12:46.764,4626.1,99.5,15.1,63,18.110,
21.9.2026,0:12:46.969,4645.7,99.7,18.3,65,18.026,
21.9.2026,0:12:47.176,2266.5,52.0,15.0,69,18.261,
21.9.2026,0:12:47.384,4640.4,99.6,15.7,63,17.838,
21.9.2026,0:12:47.574,114.6,0.6,13.9,63,17.738,
21.9.2026,0:12:47.783,3619.8,79.4,22.6,66,19.382,
21.9.2026,0:12:47.988,3619.8,79.4,22.6,66,19.382,
21.9.2026,0:12:48.203,3619.8,79.4,22.6,66,19.382,
21.9.2026,0:12:48.385,3619.8,79.4,22.6,66,27.298,
21.9.2026,0:12:48.592,3619.8,79.4,22.6,66,27.298,
21.9.2026,0:12:48.797,3619.8,79.4,22.6,66,27.298,
21.9.2026,0:12:49.003,3619.8,79.4,22.6,66,27.298,
21.9.2026,0:12:49.210,3619.8,79.4,22.6,66,27.298,
21.9.2026,0:12:49.415,3619.8,79.4,22.6,66,27.298,
21.9.2026,0:12:49.621,3619.8,79.4,22.6,66,27.298,
21.9.2026,0:12:49.829,3619.8,79.4,22.6,66,27.298,
21.9.2026,0:12:50.034,3619.8,79.4,22.6,66,27.298,
21.9.2026,0:12:50.240,3619.8,79.4,22.6,66,27.298,
21.9.2026,0:12:50.444,3619.8,79.4,22.6,66,27.298,
21.9.2026,0:12:50.636,3619.8,79.4,22.6,66,27.298,
21.9.2026,0:12:50.845,3619.8,79.4,22.6,66,27.298,
21.9.2026,0:12:51.049,3619.8,79.4,22.6,66,27.298,
21.9.2026,0:12:51.255,3619.8,79.4,22.6,66,27.298,
21.9.2026,0:12:51.461,3619.8,79.4,22.6,66,27.298,
21.9.2026,0:12:51.651,3619.8,79.4,22.6,66,27.298,
21.9.2026,0:12:51.857,3619.8,79.4,22.6,66,27.298,
21.9.2026,0:12:52.063,3619.8,79.4,22.6,66,27.298,
21.9.2026,0:12:52.270,3619.8,79.4,22.6,66,27.298,
21.9.2026,0:12:52.477,3619.8,79.4,22.6,66,27.298,
21.9.2026,0:12:52.668,3619.8,79.4,22.6,66,27.298,
21.9.2026,0:12:52.872,3619.8,79.4,22.6,66,27.298,
21.9.2026,0:12:53.077,4087.7,97.4,25.7,82,27.298,
21.9.2026,0:12:53.282,4087.7,97.4,25.7,82,27.298,
21.9.2026,0:12:53.490,4087.7,97.4,25.7,82,27.298,
21.9.2026,0:12:53.693,4087.7,97.4,25.7,82,27.298,
21.9.2026,0:12:53.899,4087.7,97.4,25.7,82,27.298,
21.9.2026,0:12:54.104,4087.7,97.4,25.7,82,27.298,
21.9.2026,0:12:54.311,4087.7,97.4,25.7,82,27.298,
21.9.2026,0:12:54.517,4087.7,97.4,25.7,82,27.298,
21.9.2026,0:12:54.722,4087.7,97.4,25.7,82,27.298,
21.9.2026,0:12:54.929,4087.7,97.4,25.7,82,27.298,
21.9.2026,0:12:55.133,4087.7,97.4,25.7,82,27.298,
21.9.2026,0:12:55.325,4087.7,97.4,25.7,82,27.298,
21.9.2026,0:12:55.530,4087.7,97.4,25.7,82,27.298,
21.9.2026,0:12:55.736,4087.7,97.4,25.7,82,27.298,
21.9.2026,0:12:55.943,4087.7,97.4,25.7,82,27.298,
21.9.2026,0:12:56.150,4087.7,97.4,25.7,82,27.298,
21.9.2026,0:12:56.356,4087.7,97.4,25.7,82,27.298,
21.9.2026,0:12:56.563,4087.7,97.4,25.7,82,27.298,
21.9.2026,0:12:56.767,4087.7,97.4,25.7,82,27.298,
21.9.2026,0:12:56.975,4087.7,97.4,25.7,82,27.298,
21.9.2026,0:12:57.180,4087.7,97.4,25.7,82,27.298,
21.9.2026,0:12:57.388,4087.7,97.4,25.7,82,27.298,
21.9.2026,0:12:57.592,4087.7,97.4,25.7,82,27.298,
21.9.2026,0:12:57.796,4087.7,97.4,25.7,82,27.298,
21.9.2026,0:12:58.002,4210.3,100.0,30.8,87,29.284,
21.9.2026,0:12:58.209,4210.3,100.0,30.8,87,29.284,
21.9.2026,0:12:58.417,4210.3,100.0,30.8,87,29.284,
21.9.2026,0:12:58.618,4210.3,100.0,30.8,87,29.284,
21.9.2026,0:12:58.825,4210.3,100.0,30.8,87,29.284,
21.9.2026,0:12:59.031,4210.3,100.0,30.8,87,29.284,
21.9.2026,0:12:59.237,4210.3,100.0,30.8,87,29.284,
21.9.2026,0:12:59.445,4210.3,100.0,30.8,87,29.284,
21.9.2026,0:12:59.649,4210.3,100.0,30.8,87,29.284,
21.9.2026,0:12:59.857,4210.3,100.0,30.8,87,29.284,
21.9.2026,0:13:0.062,4210.3,100.0,30.8,87,29.284,
21.9.2026,0:13:0.271,4210.3,100.0,30.8,87,29.284,
21.9.2026,0:13:0.474,4210.3,100.0,30.8,87,29.284,
21.9.2026,0:13:0.680,4210.3,100.0,30.8,87,29.284,
21.9.2026,0:13:0.887,4210.3,100.0,30.8,87,29.284,
21.9.2026,0:13:1.094,4210.3,100.0,30.8,87,29.284,
21.9.2026,0:13:1.298,4210.3,100.0,30.8,87,29.284,
21.9.2026,0:13:1.503,4210.3,100.0,30.8,87,29.284,
21.9.2026,0:13:1.710,4210.3,100.0,30.8,87,29.284,
21.9.2026,0:13:1.916,4210.3,100.0,30.8,87,29.284,
21.9.2026,0:13:2.121,4210.3,100.0,30.8,87,29.284,
21.9.2026,0:13:2.330,4210.3,100.0,30.8,87,29.284,
21.9.2026,0:13:2.534,4210.3,100.0,30.8,87,29.284,
21.9.2026,0:13:2.739,4234.8,100.0,26.5,87,29.393,
21.9.2026,0:13:2.944,4234.8,100.0,26.5,87,29.393,
21.9.2026,0:13:3.152,4234.8,100.0,26.5,87,29.393,
21.9.2026,0:13:3.339,4234.8,100.0,26.5,87,29.393,
21.9.2026,0:13:3.547,4234.8,100.0,26.5,87,29.393,
21.9.2026,0:13:3.751,4234.8,100.0,26.5,87,29.393,
21.9.2026,0:13:3.960,4234.8,100.0,26.5,87,29.393,
21.9.2026,0:13:4.162,4234.8,100.0,26.5,87,29.393,
21.9.2026,0:13:4.372,4234.8,100.0,26.5,87,29.393,
21.9.2026,0:13:4.574,4234.8,100.0,26.5,87,29.393,
21.9.2026,0:13:4.781,4234.8,100.0,26.5,87,29.393,
21.9.2026,0:13:4.987,4234.8,100.0,26.5,87,29.393,
21.9.2026,0:13:5.194,4234.8,100.0,26.5,87,29.393,
21.9.2026,0:13:5.401,4234.8,100.0,26.5,87,29.393,
21.9.2026,0:13:5.606,4234.8,100.0,26.5,87,29.393,
21.9.2026,0:13:5.814,4234.8,100.0,26.5,87,29.393,
21.9.2026,0:13:6.020,4234.8,100.0,26.5,87,29.393,
21.9.2026,0:13:6.226,4234.8,100.0,26.5,87,29.393,
21.9.2026,0:13:6.432,4234.8,100.0,26.5,87,29.393,
21.9.2026,0:13:6.639,4234.8,100.0,26.5,87,29.393,
21.9.2026,0:13:6.845,4234.8,100.0,26.5,87,29.393,
21.9.2026,0:13:7.051,4234.8,100.0,26.5,87,29.393,
21.9.2026,0:13:7.262,4234.8,100.0,26.5,87,29.393,
21.9.2026,0:13:7.464,4183.3,100.0,26.3,83,28.454,
21.9.2026,0:13:7.671,4183.3,100.0,26.3,83,28.454,
21.9.2026,0:13:7.876,4183.3,100.0,26.3,83,28.454,
21.9.2026,0:13:8.085,4183.3,100.0,26.3,83,28.454,
21.9.2026,0:13:8.290,4183.3,100.0,26.3,83,28.454,
21.9.2026,0:13:8.496,4183.3,100.0,26.3,83,28.454,
21.9.2026,0:13:8.703,4183.3,100.0,26.3,83,28.454,
21.9.2026,0:13:8.910,4183.3,100.0,26.3,83,28.454,
21.9.2026,0:13:9.113,4183.3,100.0,26.3,83,28.454,
21.9.2026,0:13:9.318,4183.3,100.0,26.3,83,28.454,
21.9.2026,0:13:9.523,4183.3,100.0,26.3,83,28.454,
21.9.2026,0:13:9.729,4183.3,100.0,26.3,83,28.454,
21.9.2026,0:13:9.935,4183.3,100.0,26.3,83,28.454,
21.9.2026,0:13:10.139,4183.3,100.0,26.3,83,28.454,
21.9.2026,0:13:10.348,4183.3,100.0,26.3,83,28.454,
21.9.2026,0:13:10.552,4183.3,100.0,26.3,83,28.454,
21.9.2026,0:13:10.761,4183.3,100.0,26.3,83,28.454,
21.9.2026,0:13:10.964,4183.3,100.0,26.3,83,28.454,
21.9.2026,0:13:11.170,4183.3,100.0,26.3,83,28.454,
21.9.2026,0:13:11.376,4183.3,100.0,26.3,83,28.454,
21.9.2026,0:13:11.582,4183.3,100.0,26.3,83,28.454,
21.9.2026,0:13:11.790,4183.3,100.0,26.3,83,28.454,
21.9.2026,0:13:11.994,4183.3,100.0,26.3,83,28.454,
21.9.2026,0:13:12.202,4183.3,100.0,26.3,83,28.454,
21.9.2026,0:13:12.408,4183.3,100.0,26.3,83,28.454,
21.9.2026,0:13:12.614,4183.3,100.0,26.3,83,28.454,
21.9.2026,0:13:12.821,4183.3,100.0,26.3,83,28.454,
21.9.2026,0:13:13.027,4183.3,100.0,26.3,83,28.454,
21.9.2026,0:13:13.233,4183.3,100.0,26.3,83,28.454,
21.9.2026,0:13:13.438,4225.2,100.0,26.6,87,28.621,
21.9.2026,0:13:13.644,4225.2,100.0,26.6,87,28.621,
21.9.2026,0:13:13.850,4225.2,100.0,26.6,87,28.621,
21.9.2026,0:13:14.055,4225.2,100.0,26.6,87,28.621,
21.9.2026,0:13:14.246,4225.2,100.0,26.6,87,28.621,
21.9.2026,0:13:14.451,4225.2,100.0,26.6,87,28.621,
21.9.2026,0:13:14.656,4225.2,100.0,26.6,87,28.621,
21.9.2026,0:13:14.862,4225.2,100.0,26.6,87,28.621,
21.9.2026,0:13:15.070,4225.2,100.0,26.6,87,28.621,
21.9.2026,0:13:15.274,4225.2,100.0,26.6,87,28.621,
21.9.2026,0:13:15.482,4225.2,100.0,26.6,87,28.621,
21.9.2026,0:13:15.686,4225.2,100.0,26.6,87,28.621,
21.9.2026,0:13:15.895,4225.2,100.0,26.6,87,28.621,
21.9.2026,0:13:16.097,4225.2,100.0,26.6,87,28.621,
21.9.2026,0:13:16.304,4225.2,100.0,26.6,87,28.621,
21.9.2026,0:13:16.511,4225.2,100.0,26.6,87,28.621,
21.9.2026,0:13:16.716,4225.2,100.0,26.6,87,28.621,
21.9.2026,0:13:16.923,4225.2,100.0,26.6,87,28.621,
21.9.2026,0:13:17.128,4225.2,100.0,26.6,87,28.621,
21.9.2026,0:13:17.336,4225.2,100.0,26.6,87,28.621,
21.9.2026,0:13:17.541,4225.2,100.0,26.6,87,28.621,
21.9.2026,0:13:17.749,4225.2,100.0,26.6,87,28.621,
21.9.2026,0:13:17.953,4225.2,100.0,26.6,87,28.621,
21.9.2026,0:13:18.159,4241.9,100.0,26.4,86,28.621,
21.9.2026,0:13:18.366,4241.9,100.0,26.4,86,28.548,
21.9.2026,0:13:18.569,4241.9,100.0,26.4,86,28.548,
21.9.2026,0:13:18.775,4241.9,100.0,26.4,86,28.548,
21.9.2026,0:13:18.979,4241.9,100.0,26.4,86,28.548,
21.9.2026,0:13:19.186,4241.9,100.0,26.4,86,28.548,
21.9.2026,0:13:19.390,4241.9,100.0,26.4,86,28.548,
21.9.2026,0:13:19.595,4241.9,100.0,26.4,86,28.548,
21.9.2026,0:13:19.803,4241.9,100.0,26.4,86,28.548,
21.9.2026,0:13:20.009,4241.9,100.0,26.4,86,28.548,
21.9.2026,0:13:20.212,4241.9,100.0,26.4,86,28.548,
21.9.2026,0:13:20.417,4241.9,100.0,26.4,86,28.548,
21.9.2026,0:13:20.624,4241.9,100.0,26.4,86,28.548,
21.9.2026,0:13:20.830,4241.9,100.0,26.4,86,28.548,
21.9.2026,0:13:21.036,4241.9,100.0,26.4,86,28.548,
21.9.2026,0:13:21.243,4241.9,100.0,26.4,86,28.548,
21.9.2026,0:13:21.449,4241.9,100.0,26.4,86,28.548,
21.9.2026,0:13:21.656,4241.9,100.0,26.4,86,28.548,
21.9.2026,0:13:21.861,4241.9,100.0,26.4,86,28.548,
21.9.2026,0:13:22.069,4241.9,100.0,26.4,86,28.548,
21.9.2026,0:13:22.262,4241.9,100.0,26.4,86,28.548,
21.9.2026,0:13:22.466,4241.9,100.0,26.4,86,28.548,
21.9.2026,0:13:22.675,4241.9,100.0,26.4,86,28.548,
21.9.2026,0:13:22.878,4223.0,100.0,26.4,85,28.548,
21.9.2026,0:13:23.085,4223.0,100.0,26.4,85,28.206,
21.9.2026,0:13:23.292,4223.0,100.0,26.4,85,28.206,
21.9.2026,0:13:23.495,4223.0,100.0,26.4,85,28.206,
21.9.2026,0:13:23.701,4223.0,100.0,26.4,85,28.206,
21.9.2026,0:13:23.905,4223.0,100.0,26.4,85,28.206,
21.9.2026,0:13:24.110,4223.0,100.0,26.4,85,28.206,
21.9.2026,0:13:24.317,4223.0,100.0,26.4,85,28.206,
21.9.2026,0:13:24.521,4223.0,100.0,26.4,85,28.206,
21.9.2026,0:13:24.726,4223.0,100.0,26.4,85,28.206,
21.9.2026,0:13:24.930,4223.0,100.0,26.4,85,28.206,
21.9.2026,0:13:25.119,4223.0,100.0,26.4,85,28.206,
21.9.2026,0:13:25.325,4223.0,100.0,26.4,85,28.206,
21.9.2026,0:13:25.528,4223.0,100.0,26.4,85,28.206,
21.9.2026,0:13:25.734,4223.0,100.0,26.4,85,28.206,
21.9.2026,0:13:25.938,4223.0,100.0,26.4,85,28.206,
21.9.2026,0:13:26.143,4223.0,100.0,26.4,85,28.206,
21.9.2026,0:13:26.349,4223.0,100.0,26.4,85,28.206,
21.9.2026,0:13:26.555,4223.0,100.0,26.4,85,28.206,
21.9.2026,0:13:26.745,4223.0,100.0,26.4,85,28.206,
21.9.2026,0:13:26.951,4223.0,100.0,26.4,85,28.206,
21.9.2026,0:13:27.158,4223.0,100.0,26.4,85,28.206,
21.9.2026,0:13:27.364,4223.0,100.0,26.4,85,28.206,
21.9.2026,0:13:27.571,4223.0,100.0,26.4,85,28.206,
21.9.2026,0:13:27.790,4229.7,100.0,26.4,86,28.279,
21.9.2026,0:13:27.983,4229.7,100.0,26.4,86,28.279,
21.9.2026,0:13:28.185,4229.7,100.0,26.4,86,28.279,
21.9.2026,0:13:28.392,4229.7,100.0,26.4,86,28.279,
21.9.2026,0:13:28.598,4229.7,100.0,26.4,86,28.279,
21.9.2026,0:13:28.804,4229.7,100.0,26.4,86,28.279,
21.9.2026,0:13:29.012,4229.7,100.0,26.4,86,28.279,
21.9.2026,0:13:29.217,4229.7,100.0,26.4,86,28.279,
21.9.2026,0:13:29.426,4229.7,100.0,26.4,86,28.279,
21.9.2026,0:13:29.630,4229.7,100.0,26.4,86,28.279,
21.9.2026,0:13:29.838,4229.7,100.0,26.4,86,28.279,
21.9.2026,0:13:30.042,4229.7,100.0,26.4,86,28.279,
21.9.2026,0:13:30.246,4229.7,100.0,26.4,86,28.279,
21.9.2026,0:13:30.454,4229.7,100.0,26.4,86,28.279,
21.9.2026,0:13:30.657,4229.7,100.0,26.4,86,28.279,
21.9.2026,0:13:30.863,4229.7,100.0,26.4,86,28.279,
21.9.2026,0:13:31.070,4229.7,100.0,26.4,86,28.279,
21.9.2026,0:13:31.273,4229.7,100.0,26.4,86,28.279,
21.9.2026,0:13:31.469,4229.7,100.0,26.4,86,28.279,
21.9.2026,0:13:31.669,4229.7,100.0,26.4,86,28.279,
21.9.2026,0:13:31.873,4229.7,100.0,26.4,86,28.279,
21.9.2026,0:13:32.079,4229.7,100.0,26.4,86,28.279,
21.9.2026,0:13:32.285,4229.7,100.0,26.4,86,28.279,
21.9.2026,0:13:32.489,4220.1,100.0,26.4,87,28.090,
21.9.2026,0:13:32.694,4220.1,100.0,26.4,87,28.090,
21.9.2026,0:13:32.901,4220.1,100.0,26.4,87,28.090,
21.9.2026,0:13:33.104,4220.1,100.0,26.4,87,28.090,
21.9.2026,0:13:33.309,4220.1,100.0,26.4,87,28.090,
21.9.2026,0:13:33.515,4220.1,100.0,26.4,87,28.090,
21.9.2026,0:13:33.721,4220.1,100.0,26.4,87,28.090,
21.9.2026,0:13:33.928,4220.1,100.0,26.4,87,28.090,
21.9.2026,0:13:34.134,4220.1,100.0,26.4,87,28.090,
21.9.2026,0:13:34.336,4220.1,100.0,26.4,87,28.090,
21.9.2026,0:13:34.547,4220.1,100.0,26.4,87,28.090,
21.9.2026,0:13:34.738,4220.1,100.0,26.4,87,28.090,
21.9.2026,0:13:34.944,4220.1,100.0,26.4,87,28.090,
21.9.2026,0:13:35.150,4220.1,100.0,26.4,87,28.090,
21.9.2026,0:13:35.355,4220.1,100.0,26.4,87,28.090,
21.9.2026,0:13:35.562,4220.1,100.0,26.4,87,28.090,
21.9.2026,0:13:35.768,4220.1,100.0,26.4,87,28.090,
21.9.2026,0:13:35.975,4220.1,100.0,26.4,87,28.090,
21.9.2026,0:13:36.181,4220.1,100.0,26.4,87,28.090,
21.9.2026,0:13:36.370,4220.1,100.0,26.4,87,28.090,
21.9.2026,0:13:36.577,4220.1,100.0,26.4,87,28.090,
21.9.2026,0:13:36.797,4220.1,100.0,26.4,87,28.090,
21.9.2026,0:13:36.989,4220.1,100.0,26.4,87,28.090,
21.9.2026,0:13:37.196,4156.6,100.0,26.7,79,26.967,
21.9.2026,0:13:37.399,4156.6,100.0,26.7,79,26.967,
21.9.2026,0:13:37.607,4156.6,100.0,26.7,79,26.967,
21.9.2026,0:13:37.813,4156.6,100.0,26.7,79,26.967,
21.9.2026,0:13:38.034,4156.6,100.0,26.7,79,26.967,
21.9.2026,0:13:38.225,4156.6,100.0,26.7,79,26.967,
21.9.2026,0:13:38.429,4156.6,100.0,26.7,79,26.967,
21.9.2026,0:13:38.651,4156.6,100.0,26.7,79,26.967,
21.9.2026,0:13:38.842,4156.6,100.0,26.7,79,26.967,
21.9.2026,0:13:39.048,4156.6,100.0,26.7,79,26.967,
21.9.2026,0:13:39.254,4156.6,100.0,26.7,79,26.967,
21.9.2026,0:13:39.463,4156.6,100.0,26.7,79,26.967,
21.9.2026,0:13:39.665,4156.6,100.0,26.7,79,26.967,
21.9.2026,0:13:39.874,4156.6,100.0,26.7,79,26.967,
21.9.2026,0:13:40.077,4156.6,100.0,26.7,79,26.967,
21.9.2026,0:13:40.297,4156.6,100.0,26.7,79,26.967,
21.9.2026,0:13:40.491,4156.6,100.0,26.7,79,26.967,
21.9.2026,0:13:40.710,4156.6,100.0,26.7,79,26.967,
21.9.2026,0:13:40.887,4156.6,100.0,26.7,79,26.967,
21.9.2026,0:13:41.109,4156.6,100.0,26.7,79,26.967,
21.9.2026,0:13:41.301,4156.6,100.0,26.7,79,26.967,
21.9.2026,0:13:41.506,4156.6,100.0,26.7,79,26.967,
21.9.2026,0:13:41.714,4156.6,100.0,26.7,79,26.967,
21.9.2026,0:13:41.918,4042.7,100.0,26.6,81,24.740,
21.9.2026,0:13:42.125,4042.7,100.0,26.6,81,24.740,
21.9.2026,0:13:42.346,4042.7,100.0,26.6,81,24.740,
21.9.2026,0:13:42.537,4042.7,100.0,26.6,81,24.740,
21.9.2026,0:13:42.757,4042.7,100.0,26.6,81,24.740,
21.9.2026,0:13:42.952,4042.7,100.0,26.6,81,24.740,
21.9.2026,0:13:43.155,4042.7,100.0,26.6,81,24.740,
21.9.2026,0:13:43.365,4042.7,100.0,26.6,81,24.740,
21.9.2026,0:13:43.577,4042.7,100.0,26.6,81,24.740,
21.9.2026,0:13:43.774,4042.7,100.0,26.6,81,24.740,
21.9.2026,0:13:43.983,4042.7,100.0,26.6,81,24.740,
21.9.2026,0:13:44.186,4042.7,100.0,26.6,81,24.740,
21.9.2026,0:13:44.395,4042.7,100.0,26.6,81,24.740,
21.9.2026,0:13:44.598,4042.7,100.0,26.6,81,24.740,
21.9.2026,0:13:44.818,4042.7,100.0,26.6,81,24.740,
21.9.2026,0:13:45.012,4042.7,100.0,26.6,81,24.740,
21.9.2026,0:13:45.221,4042.7,100.0,26.6,81,24.740,
21.9.2026,0:13:45.440,4042.7,100.0,26.6,81,24.740,
21.9.2026,0:13:45.632,4042.7,100.0,26.6,81,24.740,
21.9.2026,0:13:45.838,4042.7,100.0,26.6,81,24.740,
21.9.2026,0:13:46.046,4042.7,100.0,26.6,81,24.740,
21.9.2026,0:13:46.251,4042.7,100.0,26.6,81,24.740,
21.9.2026,0:13:46.458,4042.7,100.0,26.6,81,24.740,
21.9.2026,0:13:46.677,4042.7,100.0,26.6,81,24.740,
21.9.2026,0:13:46.869,4060.9,100.0,27.0,65,24.991,
21.9.2026,0:13:47.074,4060.9,100.0,27.0,65,24.991,
21.9.2026,0:13:47.282,4060.9,100.0,27.0,65,24.991,
21.9.2026,0:13:47.486,4060.9,100.0,27.0,65,24.991,
21.9.2026,0:13:47.694,4060.9,100.0,27.0,65,24.991,
21.9.2026,0:13:47.899,4060.9,100.0,27.0,65,24.991,
21.9.2026,0:13:48.105,4060.9,100.0,27.0,65,24.991,
21.9.2026,0:13:48.312,730.5,52.6,50.8,68,22.867,
21.9.2026,0:13:48.518,4472.8,99.7,13.9,86,18.068,
21.9.2026,0:13:48.725,4649.6,99.9,13.2,88,20.032,
21.9.2026,0:13:48.930,4643.9,99.8,13.4,86,19.833,
21.9.2026,0:13:49.138,2199.6,53.9,18.6,91,19.670,
21.9.2026,0:13:49.343,4538.5,97.7,17.4,70,20.276,
21.9.2026,0:13:49.550,1173.4,26.7,14.6,90,19.075,
21.9.2026,0:13:49.758,4610.1,99.7,13.2,86,19.398,
21.9.2026,0:13:49.965,1154.1,28.9,21.0,90,19.139,
21.9.2026,0:13:50.171,1083.5,22.9,15.7,91,20.553,
21.9.2026,0:13:50.378,395.4,7.6,15.0,78,19.305,
21.9.2026,0:13:50.584,1102.2,23.8,15.5,90,19.208,
21.9.2026,0:13:50.790,148.4,2.6,13.1,92,18.849,
21.9.2026,0:13:50.995,156.0,9.4,21.3,88,19.661,
21.9.2026,0:13:51.203,150.0,2.8,14.3,91,19.154,
21.9.2026,0:13:51.408,406.5,5.2,13.6,91,18.947,
21.9.2026,0:13:51.615,163.6,4.4,17.2,90,18.971,
21.9.2026,0:13:51.821,4650.3,99.9,13.2,85,19.659,
21.9.2026,0:13:52.029,183.4,10.0,28.7,84,26.222,
21.9.2026,0:13:52.236,424.5,8.4,29.0,92,27.058,
21.9.2026,0:13:52.440,314.5,6.4,19.0,89,22.156,
21.9.2026,0:13:52.646,4613.2,99.6,16.2,85,19.705,
21.9.2026,0:13:52.855,222.4,3.5,12.9,90,18.848,
21.9.2026,0:13:53.060,4633.0,99.7,18.7,86,19.451,
21.9.2026,0:13:53.268,171.8,9.9,14.9,88,19.662,
21.9.2026,0:13:53.477,4639.1,99.6,14.7,83,19.479,
21.9.2026,0:13:53.681,144.3,1.5,13.5,90,19.086,
21.9.2026,0:13:53.887,152.5,8.9,16.1,89,18.897,
21.9.2026,0:13:54.095,128.8,1.7,16.3,90,18.716,
21.9.2026,0:13:54.302,56.1,0.0,12.9,90,18.740,
21.9.2026,0:13:54.505,166.8,2.1,17.7,90,19.151,
21.9.2026,0:13:54.713,129.0,2.2,14.3,90,18.715,
21.9.2026,0:13:54.916,4643.4,99.9,13.3,82,19.266,
21.9.2026,0:13:55.122,165.6,9.9,16.8,91,19.043,
21.9.2026,0:13:55.329,4633.1,99.6,14.8,83,19.380,
21.9.2026,0:13:55.532,143.1,9.0,17.6,89,19.145,
21.9.2026,0:13:55.740,163.4,2.8,13.3,90,18.661,
21.9.2026,0:13:55.945,4639.7,99.6,13.9,82,19.393,
21.9.2026,0:13:56.151,3716.0,79.8,15.2,85,19.444,
21.9.2026,0:13:56.358,1450.9,35.1,15.1,90,19.650,
21.9.2026,0:13:56.563,127.9,1.5,16.3,90,18.916,
21.9.2026,0:13:56.771,4594.0,99.9,15.5,83,19.289,
21.9.2026,0:13:56.974,4634.6,99.4,14.0,83,19.514,
21.9.2026,0:13:57.179,1457.9,35.9,15.2,86,19.470,
21.9.2026,0:13:57.370,119.9,2.2,13.1,87,19.454,
21.9.2026,0:13:57.576,139.9,5.7,21.0,90,19.562,
21.9.2026,0:13:57.781,47.7,3.5,16.8,90,18.985,
21.9.2026,0:13:57.987,4052.4,87.0,14.7,82,19.150,
21.9.2026,0:13:58.192,3214.6,68.7,14.2,88,19.485,
21.9.2026,0:13:58.398,195.1,3.8,14.1,90,19.063,
21.9.2026,0:13:58.602,4638.1,99.7,15.8,82,19.585,
21.9.2026,0:13:58.810,149.7,9.8,20.4,91,19.106,
21.9.2026,0:13:59.014,4629.7,99.5,14.0,82,19.117,
21.9.2026,0:13:59.222,1787.3,41.9,15.4,85,19.385,
21.9.2026,0:13:59.425,4633.6,99.9,14.0,82,19.304,
21.9.2026,0:13:59.630,4641.8,99.7,14.2,83,19.418,
21.9.2026,0:13:59.837,4640.1,99.7,17.5,81,19.211,
21.9.2026,0:14:0.041,4641.1,99.9,15.5,83,19.164,
21.9.2026,0:14:0.249,2556.5,58.0,20.6,89,19.298,
21.9.2026,0:14:0.453,4621.4,99.6,14.2,82,19.407,
21.9.2026,0:14:0.658,105.9,8.3,13.8,85,19.666,
21.9.2026,0:14:0.863,4631.2,99.5,17.3,83,19.388,
21.9.2026,0:14:1.072,204.4,3.8,14.7,90,19.149,
21.9.2026,0:14:1.279,216.2,10.0,17.9,89,19.366,
21.9.2026,0:14:1.485,149.2,1.3,15.0,90,19.044,
21.9.2026,0:14:1.692,151.1,2.1,13.9,89,19.059,
21.9.2026,0:14:1.897,4628.5,99.5,14.4,81,19.217,
21.9.2026,0:14:2.103,125.2,2.4,18.5,90,19.006,
21.9.2026,0:14:2.310,1019.9,26.7,17.4,90,19.228,
21.9.2026,0:14:2.516,4631.2,99.6,14.4,80,19.239,
21.9.2026,0:14:2.722,4625.6,99.6,15.1,81,19.164,
21.9.2026,0:14:2.926,4643.0,99.8,14.8,81,19.283,
21.9.2026,0:14:3.133,4647.6,99.8,13.6,83,19.196,
21.9.2026,0:14:3.338,857.6,23.3,15.3,89,19.044,
21.9.2026,0:14:3.545,4631.4,99.6,18.8,81,19.060,
21.9.2026,0:14:3.749,4632.3,99.5,15.1,81,19.163,
21.9.2026,0:14:3.956,4627.4,99.8,15.1,81,19.109,
21.9.2026,0:14:4.161,900.0,23.9,15.3,91,19.508,
21.9.2026,0:14:4.367,118.2,1.5,14.2,82,19.099,
21.9.2026,0:14:4.572,4643.8,99.7,12.9,82,19.121,
21.9.2026,0:14:4.780,141.4,9.2,20.7,89,18.939,
21.9.2026,0:14:4.984,146.4,2.3,15.2,87,18.782,
21.9.2026,0:14:5.192,4634.0,99.6,13.2,82,19.047,
21.9.2026,0:14:5.395,48.2,0.1,15.7,82,19.174,
21.9.2026,0:14:5.601,4630.4,99.6,13.2,81,18.758,
21.9.2026,0:14:5.791,4388.3,94.3,17.1,82,19.912,
21.9.2026,0:14:5.996,4632.5,99.8,20.6,79,18.990,
21.9.2026,0:14:6.201,4077.1,88.5,15.4,79,19.103,
21.9.2026,0:14:6.407,4656.6,99.9,14.0,82,19.295,
21.9.2026,0:14:6.613,4640.7,99.8,15.3,82,19.132,
21.9.2026,0:14:6.818,4462.1,99.7,16.9,81,19.365,
21.9.2026,0:14:7.024,1618.0,38.8,15.5,80,18.986,
21.9.2026,0:14:7.230,64.7,7.4,16.8,88,18.815,
21.9.2026,0:14:7.437,4650.0,99.6,15.7,79,19.076,
21.9.2026,0:14:7.641,4622.5,99.5,18.5,76,18.828,
21.9.2026,0:14:7.846,4646.2,99.8,13.6,80,19.119,
21.9.2026,0:14:8.051,108.2,8.3,14.9,81,19.178,
21.9.2026,0:14:8.260,173.9,2.9,13.5,88,18.792,
21.9.2026,0:14:8.452,153.8,8.5,14.4,91,18.792,
21.9.2026,0:14:8.655,110.4,1.6,19.1,79,19.377,
21.9.2026,0:14:8.860,173.6,3.0,11.5,88,18.850,
21.9.2026,0:14:9.081,4640.1,99.6,15.8,81,18.568,
21.9.2026,0:14:9.271,2596.5,64.6,16.5,82,18.777,
21.9.2026,0:14:9.478,3170.6,68.1,16.5,84,18.186,
21.9.2026,0:14:9.683,4634.5,99.6,17.5,79,18.910,
21.9.2026,0:14:9.891,4645.4,99.9,13.2,80,18.833,
21.9.2026,0:14:10.095,1829.5,43.0,15.3,89,19.018,
21.9.2026,0:14:10.302,230.3,3.9,14.9,87,19.097,
21.9.2026,0:14:10.510,834.5,17.1,14.0,88,18.813,
21.9.2026,0:14:10.713,4634.8,99.6,13.5,81,19.091,
21.9.2026,0:14:10.919,4638.0,99.5,21.1,79,18.963,
21.9.2026,0:14:11.125,2213.8,50.6,15.3,86,18.951,
21.9.2026,0:14:11.333,1779.3,37.9,14.3,86,18.646,
21.9.2026,0:14:11.537,4635.7,99.6,15.6,79,18.538,
21.9.2026,0:14:11.742,4645.3,99.8,14.9,81,18.596,
21.9.2026,0:14:11.948,179.7,10.3,13.6,88,18.769,
21.9.2026,0:14:12.153,4618.2,99.6,20.5,78,18.843,
21.9.2026,0:14:12.360,198.3,4.0,14.4,89,18.806,
21.9.2026,0:14:12.565,4634.6,99.5,15.8,79,18.747,
21.9.2026,0:14:12.772,88.1,8.5,14.1,82,19.086,
21.9.2026,0:14:12.976,4644.5,99.6,16.6,79,19.012,
21.9.2026,0:14:13.181,211.2,3.8,15.8,84,19.052,
21.9.2026,0:14:13.396,142.4,9.1,19.4,85,18.678,
21.9.2026,0:14:13.596,135.9,2.3,14.5,86,19.215,
21.9.2026,0:14:13.799,213.2,3.6,13.2,88,17.540,
21.9.2026,0:14:14.007,4642.2,99.6,14.8,78,19.003,
21.9.2026,0:14:14.212,212.4,3.9,16.7,87,18.669,
21.9.2026,0:14:14.403,791.0,19.0,16.5,89,18.387,
21.9.2026,0:14:14.610,1008.3,23.3,17.1,89,19.003,
21.9.2026,0:14:14.816,1362.9,29.1,13.2,90,19.043,
21.9.2026,0:14:15.021,4614.6,99.4,17.7,78,18.773,
21.9.2026,0:14:15.228,147.3,8.4,17.8,88,18.702,
21.9.2026,0:14:15.436,370.6,14.0,16.1,87,18.686,
21.9.2026,0:14:15.640,127.2,1.6,16.4,82,18.708,
21.9.2026,0:14:15.848,109.9,1.3,14.2,76,18.974,
21.9.2026,0:14:16.052,4626.6,99.5,13.3,78,18.674,
21.9.2026,0:14:16.257,160.6,2.2,16.5,85,18.488,
21.9.2026,0:14:16.448,4648.3,99.9,13.2,79,18.330,
21.9.2026,0:14:16.654,151.6,9.0,21.2,89,18.659,
21.9.2026,0:14:16.859,1784.8,38.0,13.2,79,18.863,
21.9.2026,0:14:17.067,1801.7,37.9,16.1,88,19.787,
21.9.2026,0:14:17.273,3038.9,64.7,14.2,82,18.718,
21.9.2026,0:14:17.478,4641.6,99.6,13.2,78,18.487,
21.9.2026,0:14:17.686,146.7,9.2,22.5,85,18.715,
21.9.2026,0:14:17.890,4637.2,99.5,14.3,79,18.412,
21.9.2026,0:14:18.098,139.8,8.4,14.7,86,18.774,
21.9.2026,0:14:18.303,1671.8,35.1,14.2,85,18.726,
21.9.2026,0:14:18.510,4638.7,99.6,15.6,76,18.478,
21.9.2026,0:14:18.717,2664.4,56.9,18.1,75,18.585,
21.9.2026,0:14:18.925,1427.7,34.5,14.4,85,18.158,
21.9.2026,0:14:19.132,140.2,1.4,12.6,87,18.227,
21.9.2026,0:14:19.338,175.0,2.9,15.8,86,18.301,
21.9.2026,0:14:19.546,4638.4,99.7,17.9,76,18.572,
21.9.2026,0:14:19.750,4639.0,99.6,13.1,76,18.296,
21.9.2026,0:14:19.957,114.2,8.0,14.9,78,18.418,
21.9.2026,0:14:20.166,143.4,1.3,14.9,86,18.518,
21.9.2026,0:14:20.369,2249.9,47.8,15.2,82,18.266,
21.9.2026,0:14:20.577,4635.3,99.6,18.9,76,18.349,
21.9.2026,0:14:20.786,203.4,2.3,13.7,84,18.357,
21.9.2026,0:14:20.989,183.5,3.1,15.1,88,18.228,
21.9.2026,0:14:21.195,4641.1,99.6,14.8,78,18.895,
21.9.2026,0:14:21.402,168.4,9.4,18.3,85,18.465,
21.9.2026,0:14:21.608,4630.7,99.6,14.4,76,18.875,
21.9.2026,0:14:21.816,139.8,4.4,15.3,85,18.396,
21.9.2026,0:14:22.023,4642.1,99.6,14.0,76,18.223,
21.9.2026,0:14:22.231,151.4,14.7,17.4,85,18.255,
21.9.2026,0:14:22.436,213.7,3.6,13.9,85,18.203,
21.9.2026,0:14:22.644,4635.4,99.6,15.4,75,18.731,
21.9.2026,0:14:22.847,4638.9,99.6,13.2,76,18.278,
21.9.2026,0:14:23.054,4644.3,99.8,14.1,76,18.444,
21.9.2026,0:14:23.262,1455.0,35.2,15.0,76,18.684,
21.9.2026,0:14:23.467,848.2,20.9,16.7,86,18.594,
21.9.2026,0:14:23.676,4634.4,99.6,15.4,75,18.521,
21.9.2026,0:14:23.879,4626.0,99.5,15.8,76,18.441,
21.9.2026,0:14:24.086,4647.6,99.8,13.8,76,18.349,
21.9.2026,0:14:24.293,4641.0,99.7,20.6,75,18.515,
21.9.2026,0:14:24.501,458.1,20.6,16.5,84,18.345,
21.9.2026,0:14:24.706,4643.1,99.6,14.0,76,18.576,
21.9.2026,0:14:24.912,150.5,8.7,17.5,85,18.360,
21.9.2026,0:14:25.121,4645.9,99.8,13.0,76,18.157,
21.9.2026,0:14:25.326,145.8,14.6,17.8,85,18.189,
21.9.2026,0:14:25.533,4630.2,99.5,15.1,75,18.324,
21.9.2026,0:14:25.740,120.3,7.5,14.9,85,18.347,
21.9.2026,0:14:25.946,4634.8,99.6,13.1,74,18.230,
21.9.2026,0:14:26.153,118.7,8.4,16.7,80,18.198,
21.9.2026,0:14:26.359,3566.2,76.2,13.8,79,18.202,
21.9.2026,0:14:26.566,4627.4,99.5,14.1,76,18.145,
21.9.2026,0:14:26.773,4648.9,99.8,15.4,76,18.253,
21.9.2026,0:14:26.980,4646.3,99.7,13.8,76,18.204,
21.9.2026,0:14:27.185,4635.4,99.8,19.1,76,18.351,
21.9.2026,0:14:27.392,1797.7,42.0,15.9,83,18.517,
21.9.2026,0:14:27.598,4632.8,99.9,14.3,75,18.118,
21.9.2026,0:14:27.806,38.3,0.0,13.3,79,18.260,
21.9.2026,0:14:28.010,4634.8,99.6,14.1,76,18.336,
21.9.2026,0:14:28.216,4630.8,99.7,18.5,76,18.192,
21.9.2026,0:14:28.422,2587.3,58.2,12.9,83,18.425,
21.9.2026,0:14:28.628,4622.4,99.6,15.8,76,18.262,
21.9.2026,0:14:28.836,4642.1,99.7,14.1,76,18.461,
21.9.2026,0:14:29.041,4646.8,99.8,14.1,76,18.466,
21.9.2026,0:14:29.248,115.7,13.9,16.1,76,18.410,
21.9.2026,0:14:29.455,163.2,2.0,16.8,86,18.473,
21.9.2026,0:14:29.662,4644.2,99.8,13.3,76,18.179,
21.9.2026,0:14:29.868,4635.9,99.5,15.5,76,18.416,
21.9.2026,0:14:30.074,4638.6,99.8,16.9,76,18.504,
21.9.2026,0:14:30.281,1832.5,42.7,15.3,83,18.344,
21.9.2026,0:14:30.487,1480.4,31.1,16.4,85,18.153,
21.9.2026,0:14:30.696,4634.1,99.6,14.2,76,18.431,
21.9.2026,0:14:30.901,147.2,8.4,14.9,85,18.442,
21.9.2026,0:14:31.109,139.1,1.9,18.1,78,18.160,
21.9.2026,0:14:31.316,138.0,1.1,13.7,83,18.507,
21.9.2026,0:14:31.525,132.2,1.3,14.6,83,18.203,
21.9.2026,0:14:31.731,114.9,7.9,18.6,84,19.325,
21.9.2026,0:14:31.938,4642.1,99.5,13.9,75,18.100,
21.9.2026,0:14:32.144,4626.1,99.5,16.6,73,18.176,
21.9.2026,0:14:32.352,1087.5,27.8,13.7,76,18.260,
21.9.2026,0:14:32.557,742.5,15.1,17.1,69,18.246,
21.9.2026,0:14:32.764,4628.5,99.9,17.6,75,18.416,
21.9.2026,0:14:32.972,124.9,7.7,15.8,85,18.124,
21.9.2026,0:14:33.177,4640.8,99.6,14.8,74,18.130,
21.9.2026,0:14:33.386,4274.4,91.9,12.5,72,18.397,
21.9.2026,0:14:33.575,4646.8,99.8,17.4,73,18.331,
21.9.2026,0:14:33.783,4638.0,99.8,13.9,74,18.334,
21.9.2026,0:14:33.988,4647.3,99.8,14.1,75,18.126,
21.9.2026,0:14:34.193,2501.2,56.6,17.7,80,18.051,
21.9.2026,0:14:34.399,3570.9,76.7,13.1,79,18.147,
21.9.2026,0:14:34.606,4639.4,99.7,15.0,73,17.934,
21.9.2026,0:14:34.814,4640.6,99.8,15.6,74,18.080,
21.9.2026,0:14:35.019,4638.0,99.7,14.1,76,18.185,
21.9.2026,0:14:35.225,4648.5,99.9,14.7,76,18.207,
21.9.2026,0:14:35.431,156.4,2.3,14.9,82,18.294,
21.9.2026,0:14:35.621,4637.8,99.6,18.9,74,18.344,
21.9.2026,0:14:35.827,184.1,10.3,14.1,85,18.035,
21.9.2026,0:14:36.033,149.0,2.7,15.7,85,18.284,
21.9.2026,0:14:36.241,704.3,14.2,14.1,75,18.399,
21.9.2026,0:14:36.446,2507.4,53.2,12.9,83,18.138,
21.9.2026,0:14:36.652,4627.6,99.6,19.9,74,17.967,
21.9.2026,0:14:36.858,4641.9,99.7,13.0,75,18.153,
21.9.2026,0:14:37.064,725.3,20.4,14.7,82,18.126,
21.9.2026,0:14:37.272,4631.5,99.6,15.2,73,17.915,
21.9.2026,0:14:37.479,125.5,0.4,13.4,83,17.987,
21.9.2026,0:14:37.687,4626.3,99.6,16.7,75,17.961,
21.9.2026,0:14:37.891,141.7,8.9,16.3,83,18.046,
21.9.2026,0:14:38.096,4642.9,99.6,17.2,76,18.019,
21.9.2026,0:14:38.303,4638.4,99.9,13.0,76,18.069,
21.9.2026,0:14:38.511,1188.7,30.2,16.2,83,18.169,
21.9.2026,0:14:38.715,731.4,21.1,17.3,80,18.094,
21.9.2026,0:14:38.921,142.5,1.5,14.3,79,17.979,
21.9.2026,0:14:39.127,4639.6,99.7,13.3,75,18.196,
21.9.2026,0:14:39.334,176.8,3.0,14.1,83,18.169,
21.9.2026,0:14:39.539,751.4,15.4,14.3,85,18.078,
21.9.2026,0:14:39.745,473.9,15.6,17.2,83,18.290,
21.9.2026,0:14:39.951,4615.6,99.5,16.3,75,18.416,
21.9.2026,0:14:40.157,1359.0,33.5,15.2,82,18.025,
21.9.2026,0:14:40.365,4641.1,99.6,15.6,75,17.896,
21.9.2026,0:14:40.571,130.9,8.8,14.5,84,18.023,
21.9.2026,0:14:40.777,4639.1,99.6,17.8,74,18.007,
21.9.2026,0:14:40.985,161.8,9.5,14.9,82,18.140,
21.9.2026,0:14:41.191,761.2,14.8,14.7,77,17.859,
21.9.2026,0:14:41.399,733.8,14.7,13.1,82,17.969,
21.9.2026,0:14:41.593,778.0,21.1,20.0,78,17.731,
21.9.2026,0:14:41.797,149.6,1.8,13.5,79,17.886,
21.9.2026,0:14:42.005,683.1,13.9,13.4,75,18.081,
21.9.2026,0:14:42.209,4630.4,99.6,15.8,75,18.046,
21.9.2026,0:14:42.418,3208.5,68.8,14.1,78,17.976,
21.9.2026,0:14:42.623,2855.7,63.8,17.7,81,18.050,
21.9.2026,0:14:42.828,763.0,15.6,14.4,83,18.137,
21.9.2026,0:14:43.034,4629.3,99.6,14.5,74,18.214,
21.9.2026,0:14:43.241,186.8,3.5,15.2,83,17.976,
21.9.2026,0:14:43.449,3225.9,71.0,16.3,81,18.273,
21.9.2026,0:14:43.654,283.7,4.9,16.9,82,17.981,
21.9.2026,0:14:43.864,1023.4,20.9,15.5,82,17.833,
21.9.2026,0:14:44.069,4633.1,99.7,13.9,74,17.882,
21.9.2026,0:14:44.275,41.7,0.0,13.3,82,18.108,
21.9.2026,0:14:44.481,111.5,7.7,17.2,74,17.967,
21.9.2026,0:14:44.688,148.8,2.0,15.4,82,18.016,
21.9.2026,0:14:44.895,162.3,2.5,14.0,82,17.855,
21.9.2026,0:14:45.105,4625.4,99.6,14.7,73,18.228,
21.9.2026,0:14:45.310,163.3,8.3,18.0,77,17.851,
21.9.2026,0:14:45.518,1794.4,38.3,14.1,81,18.063,
21.9.2026,0:14:45.723,4636.2,99.5,13.3,74,17.082,
21.9.2026,0:14:45.929,147.6,1.9,16.9,78,17.990,
21.9.2026,0:14:46.136,364.6,13.6,15.7,82,17.842,
21.9.2026,0:14:46.341,354.4,6.4,16.4,74,18.078,
21.9.2026,0:14:46.548,168.2,2.8,14.8,83,17.989,
21.9.2026,0:14:46.755,4635.5,99.6,13.2,73,17.972,
21.9.2026,0:14:46.961,107.5,0.9,15.3,75,18.010,
21.9.2026,0:14:47.170,170.0,9.3,18.1,80,18.087,
21.9.2026,0:14:47.373,4645.4,99.6,15.0,76,17.990,
21.9.2026,0:14:47.580,749.2,21.4,14.8,78,18.029,
21.9.2026,0:14:47.787,4635.9,99.6,14.1,74,18.052,
21.9.2026,0:14:47.992,144.0,2.0,13.8,82,18.072,
21.9.2026,0:14:48.200,4628.8,99.9,18.5,72,17.844,
21.9.2026,0:14:48.404,4628.8,99.9,18.5,72,17.830,
21.9.2026,0:14:48.611,4628.8,99.9,18.5,72,27.183,
21.9.2026,0:14:48.817,4628.8,99.9,18.5,72,27.183,
21.9.2026,0:14:49.024,4628.8,99.9,18.5,72,27.183,
21.9.2026,0:14:49.232,4628.8,99.9,18.5,72,27.183,
21.9.2026,0:14:49.436,4628.8,99.9,18.5,72,27.183,
21.9.2026,0:14:49.643,4628.8,99.9,18.5,72,27.183,
21.9.2026,0:14:49.849,4628.8,99.9,18.5,72,27.183,
21.9.2026,0:14:50.056,4628.8,99.9,18.5,72,27.183,
21.9.2026,0:14:50.262,4628.8,99.9,18.5,72,27.183,
21.9.2026,0:14:50.468,4628.8,99.9,18.5,72,27.183,
21.9.2026,0:14:50.671,4628.8,99.9,18.5,72,27.183,
21.9.2026,0:14:50.877,4628.8,99.9,18.5,72,27.183,
21.9.2026,0:14:51.083,4628.8,99.9,18.5,72,27.183,
21.9.2026,0:14:51.289,4628.8,99.9,18.5,72,27.183,
21.9.2026,0:14:51.496,4628.8,99.9,18.5,72,27.183,
21.9.2026,0:14:51.702,4628.8,99.9,18.5,72,27.183,
21.9.2026,0:14:51.909,4628.8,99.9,18.5,72,27.183,
21.9.2026,0:14:52.114,4628.8,99.9,18.5,72,27.183,
21.9.2026,0:14:52.320,4628.8,99.9,18.5,72,27.183,
21.9.2026,0:14:52.511,4628.8,99.9,18.5,72,27.183,
21.9.2026,0:14:52.717,4628.8,99.9,18.5,72,27.183,
21.9.2026,0:14:52.923,4628.8,99.9,18.5,72,27.183,
21.9.2026,0:14:53.129,4628.8,99.9,18.5,72,27.183,
21.9.2026,0:14:53.336,4628.8,99.9,18.5,72,27.183,
21.9.2026,0:14:53.526,3300.1,74.6,21.8,83,27.183,
21.9.2026,0:14:53.732,3300.1,74.6,21.8,83,27.183,
21.9.2026,0:14:53.937,3300.1,74.6,21.8,83,27.183,
21.9.2026,0:14:54.145,3300.1,74.6,21.8,83,27.183,
21.9.2026,0:14:54.350,3300.1,74.6,21.8,83,27.183,
21.9.2026,0:14:54.541,3300.1,74.6,21.8,83,27.183,
21.9.2026,0:14:54.746,3300.1,74.6,21.8,83,27.183,
21.9.2026,0:14:54.954,3300.1,74.6,21.8,83,27.183,
21.9.2026,0:14:55.158,3300.1,74.6,21.8,83,27.183,
21.9.2026,0:14:55.365,3300.1,74.6,21.8,83,27.183,
21.9.2026,0:14:55.571,3300.1,74.6,21.8,83,27.183,
21.9.2026,0:14:55.762,3300.1,74.6,21.8,83,27.183,
21.9.2026,0:14:55.968,3300.1,74.6,21.8,83,27.183,
21.9.2026,0:14:56.174,3300.1,74.6,21.8,83,27.183,
21.9.2026,0:14:56.380,3300.1,74.6,21.8,83,27.183,
21.9.2026,0:14:56.588,3300.1,74.6,21.8,83,27.183,
21.9.2026,0:14:56.776,3300.1,74.6,21.8,83,27.183,
21.9.2026,0:14:56.983,3300.1,74.6,21.8,83,27.183,
21.9.2026,0:14:57.189,3300.1,74.6,21.8,83,27.183,
21.9.2026,0:14:57.397,3300.1,74.6,21.8,83,27.183,
21.9.2026,0:14:57.601,3300.1,74.6,21.8,83,27.183,
21.9.2026,0:14:57.794,3300.1,74.6,21.8,83,27.183,
21.9.2026,0:14:57.997,3300.1,74.6,21.8,83,27.183,
21.9.2026,0:14:58.203,3300.1,74.6,21.8,83,27.183,
21.9.2026,0:14:58.411,4347.0,100.0,44.1,85,29.357,
21.9.2026,0:14:58.620,4347.0,100.0,44.1,85,29.357,
21.9.2026,0:14:58.808,4347.0,100.0,44.1,85,29.357,
21.9.2026,0:14:59.016,4347.0,100.0,44.1,85,29.357,
21.9.2026,0:14:59.220,4347.0,100.0,44.1,85,29.357,
21.9.2026,0:14:59.426,4347.0,100.0,44.1,85,29.357,
21.9.2026,0:14:59.632,4347.0,100.0,44.1,85,29.357,
21.9.2026,0:14:59.826,4347.0,100.0,44.1,85,29.357,
21.9.2026,0:15:0.028,4347.0,100.0,44.1,85,29.357,
21.9.2026,0:15:0.234,4347.0,100.0,44.1,85,29.357,
21.9.2026,0:15:0.441,4347.0,100.0,44.1,85,29.357,
21.9.2026,0:15:0.647,4347.0,100.0,44.1,85,29.357,
21.9.2026,0:15:0.837,4347.0,100.0,44.1,85,29.357,
21.9.2026,0:15:1.047,4347.0,100.0,44.1,85,29.357,
21.9.2026,0:15:1.251,4347.0,100.0,44.1,85,29.357,
21.9.2026,0:15:1.460,4347.0,100.0,44.1,85,29.357,
21.9.2026,0:15:1.664,4347.0,100.0,44.1,85,29.357,
21.9.2026,0:15:1.857,4347.0,100.0,44.1,85,29.357,
21.9.2026,0:15:2.061,4347.0,100.0,44.1,85,29.357,
21.9.2026,0:15:2.269,4347.0,100.0,44.1,85,29.357,
21.9.2026,0:15:2.473,4347.0,100.0,44.1,85,29.357,
21.9.2026,0:15:2.682,4347.0,100.0,44.1,85,29.357,
21.9.2026,0:15:2.869,4347.0,100.0,44.1,85,29.357,
21.9.2026,0:15:3.078,4315.9,100.0,26.4,86,29.357,
21.9.2026,0:15:3.281,4315.9,100.0,26.4,86,28.817,
21.9.2026,0:15:3.487,4315.9,100.0,26.4,86,28.817,
21.9.2026,0:15:3.694,4315.9,100.0,26.4,86,28.817,
21.9.2026,0:15:3.899,4315.9,100.0,26.4,86,28.817,
21.9.2026,0:15:4.106,4315.9,100.0,26.4,86,28.817,
21.9.2026,0:15:4.312,4315.9,100.0,26.4,86,28.817,
21.9.2026,0:15:4.520,4315.9,100.0,26.4,86,28.817,
21.9.2026,0:15:4.725,4315.9,100.0,26.4,86,28.817,
21.9.2026,0:15:4.933,4315.9,100.0,26.4,86,28.817,
21.9.2026,0:15:5.138,4315.9,100.0,26.4,86,28.817,
21.9.2026,0:15:5.344,4315.9,100.0,26.4,86,28.817,
21.9.2026,0:15:5.551,4315.9,100.0,26.4,86,28.817,
21.9.2026,0:15:5.757,4315.9,100.0,26.4,86,28.817,
21.9.2026,0:15:5.964,4315.9,100.0,26.4,86,28.817,
21.9.2026,0:15:6.170,4315.9,100.0,26.4,86,28.817,
21.9.2026,0:15:6.376,4315.9,100.0,26.4,86,28.817,
21.9.2026,0:15:6.583,4315.9,100.0,26.4,86,28.817,
21.9.2026,0:15:6.789,4315.9,100.0,26.4,86,28.817,
21.9.2026,0:15:6.996,4315.9,100.0,26.4,86,28.817,
21.9.2026,0:15:7.202,4315.9,100.0,26.4,86,28.817,
21.9.2026,0:15:7.409,4315.9,100.0,26.4,86,28.817,
21.9.2026,0:15:7.615,4315.9,100.0,26.4,86,28.817,
21.9.2026,0:15:7.822,4299.1,100.0,26.4,86,28.817,
21.9.2026,0:15:8.028,4299.1,100.0,26.4,86,28.587,
21.9.2026,0:15:8.235,4299.1,100.0,26.4,86,28.587,
21.9.2026,0:15:8.441,4299.1,100.0,26.4,86,28.587,
21.9.2026,0:15:8.648,4299.1,100.0,26.4,86,28.587,
21.9.2026,0:15:8.852,4299.1,100.0,26.4,86,28.587,
21.9.2026,0:15:9.044,4299.1,100.0,26.4,86,28.587,
21.9.2026,0:15:9.249,4299.1,100.0,26.4,86,28.587,
21.9.2026,0:15:9.456,4299.1,100.0,26.4,86,28.587,
21.9.2026,0:15:9.659,4299.1,100.0,26.4,86,28.587,
21.9.2026,0:15:9.865,4299.1,100.0,26.4,86,28.587,
21.9.2026,0:15:10.072,4299.1,100.0,26.4,86,28.587,
21.9.2026,0:15:10.278,4299.1,100.0,26.4,86,28.587,
21.9.2026,0:15:10.486,4299.1,100.0,26.4,86,28.587,
21.9.2026,0:15:10.691,4299.1,100.0,26.4,86,28.587,
21.9.2026,0:15:10.899,4299.1,100.0,26.4,86,28.587,
21.9.2026,0:15:11.104,4299.1,100.0,26.4,86,28.587,
21.9.2026,0:15:11.312,4299.1,100.0,26.4,86,28.587,
21.9.2026,0:15:11.517,4299.1,100.0,26.4,86,28.587,
21.9.2026,0:15:11.726,4299.1,100.0,26.4,86,28.587,
21.9.2026,0:15:11.930,4299.1,100.0,26.4,86,28.587,
21.9.2026,0:15:12.136,4299.1,100.0,26.4,86,28.587,
21.9.2026,0:15:12.341,4299.1,100.0,26.4,86,28.587,
21.9.2026,0:15:12.547,4294.2,100.0,26.5,86,28.587,
21.9.2026,0:15:12.755,4294.2,100.0,26.5,86,28.600,
21.9.2026,0:15:12.960,4294.2,100.0,26.5,86,28.600,
21.9.2026,0:15:13.166,4294.2,100.0,26.5,86,28.600,
21.9.2026,0:15:13.373,4294.2,100.0,26.5,86,28.600,
21.9.2026,0:15:13.579,4294.2,100.0,26.5,86,28.600,
21.9.2026,0:15:13.785,4294.2,100.0,26.5,86,28.600,
21.9.2026,0:15:13.992,4294.2,100.0,26.5,86,28.600,
21.9.2026,0:15:14.198,4294.2,100.0,26.5,86,28.600,
21.9.2026,0:15:14.405,4294.2,100.0,26.5,86,28.600,
21.9.2026,0:15:14.611,4294.2,100.0,26.5,86,28.600,
21.9.2026,0:15:14.818,4294.2,100.0,26.5,86,28.600,
21.9.2026,0:15:15.024,4294.2,100.0,26.5,86,28.600,
21.9.2026,0:15:15.231,4294.2,100.0,26.5,86,28.600,
21.9.2026,0:15:15.437,4294.2,100.0,26.5,86,28.600,
21.9.2026,0:15:15.643,4294.2,100.0,26.5,86,28.600,
21.9.2026,0:15:15.849,4294.2,100.0,26.5,86,28.600,
21.9.2026,0:15:16.056,4294.2,100.0,26.5,86,28.600,
21.9.2026,0:15:16.262,4294.2,100.0,26.5,86,28.600,
21.9.2026,0:15:16.469,4294.2,100.0,26.5,86,28.600,
21.9.2026,0:15:16.674,4294.2,100.0,26.5,86,28.600,
21.9.2026,0:15:16.883,4294.2,100.0,26.5,86,28.600,
21.9.2026,0:15:17.087,4294.2,100.0,26.5,86,28.600,
21.9.2026,0:15:17.296,4289.0,100.0,26.2,86,28.600,
21.9.2026,0:15:17.500,4289.0,100.0,26.2,86,28.566,
21.9.2026,0:15:17.706,4289.0,100.0,26.2,86,28.566,
21.9.2026,0:15:17.912,4289.0,100.0,26.2,86,28.566,
21.9.2026,0:15:18.118,4289.0,100.0,26.2,86,28.566,
21.9.2026,0:15:18.324,4289.0,100.0,26.2,86,28.566,
21.9.2026,0:15:18.532,4289.0,100.0,26.2,86,28.566,
21.9.2026,0:15:18.737,4289.0,100.0,26.2,86,28.566,
21.9.2026,0:15:18.945,4289.0,100.0,26.2,86,28.566,
21.9.2026,0:15:19.150,4289.0,100.0,26.2,86,28.566,
21.9.2026,0:15:19.358,4289.0,100.0,26.2,86,28.566,
21.9.2026,0:15:19.562,4289.0,100.0,26.2,86,28.566,
21.9.2026,0:15:19.768,4289.0,100.0,26.2,86,28.566,
21.9.2026,0:15:19.974,4289.0,100.0,26.2,86,28.566,
21.9.2026,0:15:20.181,4289.0,100.0,26.2,86,28.566,
21.9.2026,0:15:20.387,4289.0,100.0,26.2,86,28.566,
21.9.2026,0:15:20.594,4289.0,100.0,26.2,86,28.566,
21.9.2026,0:15:20.799,4289.0,100.0,26.2,86,28.566,
21.9.2026,0:15:21.006,4289.0,100.0,26.2,86,28.566,
21.9.2026,0:15:21.213,4289.0,100.0,26.2,86,28.566,
21.9.2026,0:15:21.419,4289.0,100.0,26.2,86,28.566,
21.9.2026,0:15:21.624,4289.0,100.0,26.2,86,28.566,
21.9.2026,0:15:21.832,4289.0,100.0,26.2,86,28.566,
21.9.2026,0:15:22.037,4289.0,100.0,26.2,86,28.566,
21.9.2026,0:15:22.244,4276.0,100.0,26.5,86,28.441,
21.9.2026,0:15:22.449,4276.0,100.0,26.5,86,28.441,
21.9.2026,0:15:22.654,4276.0,100.0,26.5,86,28.441,
21.9.2026,0:15:22.861,4276.0,100.0,26.5,86,28.441,
21.9.2026,0:15:23.067,4276.0,100.0,26.5,86,28.441,
21.9.2026,0:15:23.274,4276.0,100.0,26.5,86,28.441,
21.9.2026,0:15:23.483,4276.0,100.0,26.5,86,28.441,
21.9.2026,0:15:23.686,4276.0,100.0,26.5,86,28.441,
21.9.2026,0:15:23.891,4276.0,100.0,26.5,86,28.441,
21.9.2026,0:15:24.096,4276.0,100.0,26.5,86,28.441,
21.9.2026,0:15:24.302,4276.0,100.0,26.5,86,28.441,
21.9.2026,0:15:24.510,4276.0,100.0,26.5,86,28.441,
21.9.2026,0:15:24.715,4276.0,100.0,26.5,86,28.441,
21.9.2026,0:15:24.921,4276.0,100.0,26.5,86,28.441,
21.9.2026,0:15:25.141,4276.0,100.0,26.5,86,28.441,
21.9.2026,0:15:25.334,4276.0,100.0,26.5,86,28.441,
21.9.2026,0:15:25.555,4276.0,100.0,26.5,86,28.441,
21.9.2026,0:15:25.748,4276.0,100.0,26.5,86,28.441,
21.9.2026,0:15:25.952,4276.0,100.0,26.5,86,28.441,
21.9.2026,0:15:26.160,4276.0,100.0,26.5,86,28.441,
21.9.2026,0:15:26.365,4276.0,100.0,26.5,86,28.441,
21.9.2026,0:15:26.556,4276.0,100.0,26.5,86,28.441,
21.9.2026,0:15:26.765,4276.0,100.0,26.5,86,28.441,
21.9.2026,0:15:26.968,4135.3,100.0,26.4,79,26.188,
21.9.2026,0:15:27.174,4135.3,100.0,26.4,79,26.188,
21.9.2026,0:15:27.380,4135.3,100.0,26.4,79,26.188,
21.9.2026,0:15:27.588,4135.3,100.0,26.4,79,26.188,
21.9.2026,0:15:27.794,4135.3,100.0,26.4,79,26.188,
21.9.2026,0:15:28.000,4135.3,100.0,26.4,79,26.188,
21.9.2026,0:15:28.208,4135.3,100.0,26.4,79,26.188,
21.9.2026,0:15:28.416,4135.3,100.0,26.4,79,26.188,
21.9.2026,0:15:28.604,4135.3,100.0,26.4,79,26.188,
21.9.2026,0:15:28.811,4135.3,100.0,26.4,79,26.188,
21.9.2026,0:15:29.017,4135.3,100.0,26.4,79,26.188,
21.9.2026,0:15:29.223,4135.3,100.0,26.4,79,26.188,
21.9.2026,0:15:29.429,4135.3,100.0,26.4,79,26.188,
21.9.2026,0:15:29.635,4135.3,100.0,26.4,79,26.188,
21.9.2026,0:15:29.828,4135.3,100.0,26.4,79,26.188,
21.9.2026,0:15:30.047,4135.3,100.0,26.4,79,26.188,
21.9.2026,0:15:30.241,4135.3,100.0,26.4,79,26.188,
21.9.2026,0:15:30.459,4135.3,100.0,26.4,79,26.188,
21.9.2026,0:15:30.636,4135.3,100.0,26.4,79,26.188,
21.9.2026,0:15:30.857,4135.3,100.0,26.4,79,26.188,
21.9.2026,0:15:31.046,4135.3,100.0,26.4,79,26.188,
21.9.2026,0:15:31.252,4135.3,100.0,26.4,79,26.188,
21.9.2026,0:15:31.457,4135.3,100.0,26.4,79,26.188,
21.9.2026,0:15:31.666,4066.3,100.0,26.4,79,24.785,
21.9.2026,0:15:31.870,4066.3,100.0,26.4,79,24.785,
21.9.2026,0:15:32.076,4066.3,100.0,26.4,79,24.785,
21.9.2026,0:15:32.282,4066.3,100.0,26.4,79,24.785,
21.9.2026,0:15:32.490,4066.3,100.0,26.4,79,24.785,
21.9.2026,0:15:32.694,4066.3,100.0,26.4,79,24.785,
21.9.2026,0:15:32.901,4066.3,100.0,26.4,79,24.785,
21.9.2026,0:15:33.107,4066.3,100.0,26.4,79,24.785,
21.9.2026,0:15:33.328,4066.3,100.0,26.4,79,24.785,
21.9.2026,0:15:33.522,4066.3,100.0,26.4,79,24.785,
21.9.2026,0:15:33.727,4066.3,100.0,26.4,79,24.785,
21.9.2026,0:15:33.918,4066.3,100.0,26.4,79,24.785,
21.9.2026,0:15:34.125,4066.3,100.0,26.4,79,24.785,
21.9.2026,0:15:34.331,4066.3,100.0,26.4,79,24.785,
21.9.2026,0:15:34.539,4066.3,100.0,26.4,79,24.785,
21.9.2026,0:15:34.741,4066.3,100.0,26.4,79,24.785,
21.9.2026,0:15:34.935,4066.3,100.0,26.4,79,24.785,
21.9.2026,0:15:35.139,4066.3,100.0,26.4,79,24.785,
21.9.2026,0:15:35.346,4066.3,100.0,26.4,79,24.785,
21.9.2026,0:15:35.552,4066.3,100.0,26.4,79,24.785,
21.9.2026,0:15:35.758,4066.3,100.0,26.4,79,24.785,
21.9.2026,0:15:35.950,4066.3,100.0,26.4,79,24.785,
21.9.2026,0:15:36.168,4066.3,100.0,26.4,79,24.785,
21.9.2026,0:15:36.361,4110.9,100.0,26.3,82,25.121,
21.9.2026,0:15:36.568,4110.9,100.0,26.3,82,25.121,
21.9.2026,0:15:36.773,4110.9,100.0,26.3,82,25.121,
21.9.2026,0:15:36.963,4110.9,100.0,26.3,82,25.121,
21.9.2026,0:15:37.170,4110.9,100.0,26.3,82,25.121,
21.9.2026,0:15:37.376,4110.9,100.0,26.3,82,25.121,
21.9.2026,0:15:37.583,4110.9,100.0,26.3,82,25.121,
21.9.2026,0:15:37.789,4110.9,100.0,26.3,82,25.121,
21.9.2026,0:15:37.981,4110.9,100.0,26.3,82,25.121,
21.9.2026,0:15:38.186,4110.9,100.0,26.3,82,25.121,
21.9.2026,0:15:38.393,4110.9,100.0,26.3,82,25.121,
21.9.2026,0:15:38.599,4110.9,100.0,26.3,82,25.121,
21.9.2026,0:15:38.804,4110.9,100.0,26.3,82,25.121,
21.9.2026,0:15:38.997,4110.9,100.0,26.3,82,25.121,
21.9.2026,0:15:39.202,4110.9,100.0,26.3,82,25.121,
21.9.2026,0:15:39.409,4110.9,100.0,26.3,82,25.121,
21.9.2026,0:15:39.631,4110.9,100.0,26.3,82,25.121,
21.9.2026,0:15:39.822,4110.9,100.0,26.3,82,25.121,
21.9.2026,0:15:40.028,4110.9,100.0,26.3,82,25.121,
21.9.2026,0:15:40.233,4110.9,100.0,26.3,82,25.121,
21.9.2026,0:15:40.443,4110.9,100.0,26.3,82,25.121,
21.9.2026,0:15:40.647,4110.9,100.0,26.3,82,25.121,
21.9.2026,0:15:40.852,4110.9,100.0,26.3,82,25.121,
21.9.2026,0:15:41.043,4110.9,100.0,26.3,82,25.121,
21.9.2026,0:15:41.250,4107.2,100.0,26.7,78,25.121,
21.9.2026,0:15:41.456,4107.2,100.0,26.7,78,25.119,
21.9.2026,0:15:41.661,4107.2,100.0,26.7,78,25.119,
21.9.2026,0:15:41.867,4107.2,100.0,26.7,78,25.119,
21.9.2026,0:15:42.057,4107.2,100.0,26.7,78,25.119,
21.9.2026,0:15:42.263,4107.2,100.0,26.7,78,25.119,
21.9.2026,0:15:42.469,4107.2,100.0,26.7,78,25.119,
21.9.2026,0:15:42.675,4107.2,100.0,26.7,78,25.119,
21.9.2026,0:15:42.881,4107.2,100.0,26.7,78,25.119,
21.9.2026,0:15:43.103,4107.2,100.0,26.7,78,25.119,
21.9.2026,0:15:43.309,4107.2,100.0,26.7,78,25.119,
21.9.2026,0:15:43.501,4107.2,100.0,26.7,78,25.119,
21.9.2026,0:15:43.705,4107.2,100.0,26.7,78,25.119,
21.9.2026,0:15:43.912,4107.2,100.0,26.7,78,25.119,
21.9.2026,0:15:44.116,4107.2,100.0,26.7,78,25.119,
21.9.2026,0:15:44.323,4107.2,100.0,26.7,78,25.119,
21.9.2026,0:15:44.529,4107.2,100.0,26.7,78,25.119,
21.9.2026,0:15:44.736,4107.2,100.0,26.7,78,25.119,
21.9.2026,0:15:44.940,4107.2,100.0,26.7,78,25.119,
21.9.2026,0:15:45.148,4107.2,100.0,26.7,78,25.119,
21.9.2026,0:15:45.352,4107.2,100.0,26.7,78,25.119,
21.9.2026,0:15:45.559,4107.2,100.0,26.7,78,25.119,
21.9.2026,0:15:45.765,4107.2,100.0,26.7,78,25.119,
21.9.2026,0:15:45.971,4108.9,100.0,26.3,76,25.119,
21.9.2026,0:15:46.176,4108.9,100.0,26.3,76,25.425,
21.9.2026,0:15:46.384,4108.9,100.0,26.3,76,25.425,
21.9.2026,0:15:46.590,4108.9,100.0,26.3,76,25.425,
21.9.2026,0:15:46.797,4108.9,100.0,26.3,76,25.425,
21.9.2026,0:15:47.016,4108.9,100.0,26.3,76,25.425,
21.9.2026,0:15:47.210,4108.9,100.0,26.3,76,25.425,
21.9.2026,0:15:47.414,4108.9,100.0,26.3,76,25.425,
21.9.2026,0:15:47.621,4108.9,100.0,26.3,76,25.425,
21.9.2026,0:15:47.826,4108.9,100.0,26.3,76,25.425,
21.9.2026,0:15:48.032,4108.9,100.0,26.3,76,25.425,
21.9.2026,0:15:48.239,4108.9,100.0,26.3,76,25.425,
21.9.2026,0:15:48.446,744.2,47.9,65.4,67,25.425,
21.9.2026,0:15:48.636,744.2,47.9,65.4,67,21.583,
21.9.2026,0:15:48.842,4392.0,99.7,15.8,79,16.278,
21.9.2026,0:15:49.051,4641.9,99.7,13.2,79,18.114,
21.9.2026,0:15:49.256,4645.6,99.9,14.0,79,18.059,
21.9.2026,0:15:49.465,4643.8,99.9,14.2,79,18.268,
21.9.2026,0:15:49.669,3578.5,79.6,16.1,81,18.162,
21.9.2026,0:15:49.876,4644.1,99.8,18.0,79,18.198,
21.9.2026,0:15:50.083,148.1,9.0,14.8,88,18.194,
21.9.2026,0:15:50.289,140.7,2.1,15.0,85,18.076,
21.9.2026,0:15:50.497,4632.4,99.6,13.9,78,17.972,
21.9.2026,0:15:50.701,2861.1,64.0,16.6,85,18.102,
21.9.2026,0:15:50.908,105.3,1.0,15.4,79,17.991,
21.9.2026,0:15:51.113,211.5,3.2,13.6,82,17.880,
21.9.2026,0:15:51.321,186.7,3.0,14.0,86,18.007,
21.9.2026,0:15:51.526,4631.2,99.6,14.1,78,17.830,
21.9.2026,0:15:51.733,153.4,9.1,18.1,86,17.955,
21.9.2026,0:15:51.940,127.2,0.9,13.9,87,17.958,
21.9.2026,0:15:52.145,4626.9,99.7,13.3,76,17.753,
21.9.2026,0:15:52.351,4631.1,99.6,13.3,76,17.916,
21.9.2026,0:15:52.557,4654.0,99.8,13.9,76,17.852,
21.9.2026,0:15:52.763,1800.4,46.5,17.9,85,18.054,
21.9.2026,0:15:52.972,4645.3,99.6,15.8,78,18.133,
21.9.2026,0:15:53.176,158.3,2.4,15.6,84,17.839,
21.9.2026,0:15:53.382,4631.5,99.6,13.2,78,17.882,
21.9.2026,0:15:53.589,1821.9,38.4,12.9,82,18.059,
21.9.2026,0:15:53.795,1801.0,42.6,16.7,85,17.891,
21.9.2026,0:15:54.002,4638.2,99.6,15.6,76,17.842,
21.9.2026,0:15:54.208,4642.5,99.6,13.2,76,18.009,
21.9.2026,0:15:54.415,1809.1,42.4,15.0,76,18.079,
21.9.2026,0:15:54.622,143.8,8.4,15.5,85,17.861,
21.9.2026,0:15:54.828,1111.6,23.1,14.8,85,18.081,
21.9.2026,0:15:55.034,4616.4,99.4,14.2,76,17.985,
21.9.2026,0:15:55.240,1792.9,42.4,14.4,84,17.915,
21.9.2026,0:15:55.445,1846.4,39.3,14.7,85,18.007,
21.9.2026,0:15:55.636,4640.9,99.6,13.7,76,17.948,
21.9.2026,0:15:55.843,151.6,9.1,21.2,86,17.889,
21.9.2026,0:15:56.050,4634.5,99.9,13.5,76,17.948,
21.9.2026,0:15:56.256,2798.0,60.8,14.3,83,18.010,
21.9.2026,0:15:56.462,140.3,1.8,13.1,85,17.956,
21.9.2026,0:15:56.667,162.6,9.9,16.8,86,17.933,
21.9.2026,0:15:56.873,722.9,15.1,19.0,85,18.056,
21.9.2026,0:15:57.080,101.8,1.7,13.2,85,18.360,
21.9.2026,0:15:57.285,118.6,1.4,15.0,76,17.855,
21.9.2026,0:15:57.494,4631.7,99.6,14.1,76,17.878,
21.9.2026,0:15:57.681,144.2,2.3,14.8,84,17.925,
21.9.2026,0:15:57.891,155.1,9.5,16.9,85,17.983,
21.9.2026,0:15:58.094,4625.3,99.7,14.7,76,17.909,
21.9.2026,0:15:58.300,154.0,2.4,13.8,85,17.789,
21.9.2026,0:15:58.507,4634.9,99.5,16.4,76,17.792,
21.9.2026,0:15:58.711,4632.4,99.5,14.1,76,17.951,
21.9.2026,0:15:58.918,4635.9,99.8,13.5,75,17.806,
21.9.2026,0:15:59.125,4648.7,99.8,21.5,76,17.849,
21.9.2026,0:15:59.332,4643.0,99.8,13.9,76,17.975,
21.9.2026,0:15:59.539,4650.0,99.8,15.7,76,17.942,
21.9.2026,0:15:59.744,4296.6,92.7,14.0,72,17.845,
21.9.2026,0:15:59.951,112.7,8.0,16.7,76,17.902,
21.9.2026,0:16:0.157,138.1,0.0,14.8,85,17.936,
21.9.2026,0:16:0.367,210.9,5.8,16.1,83,18.088,
21.9.2026,0:16:0.570,2507.7,53.6,14.8,78,17.715,
21.9.2026,0:16:0.775,3952.3,84.7,13.2,78,17.676,
21.9.2026,0:16:0.982,4631.3,99.6,17.6,75,17.763,
21.9.2026,0:16:1.189,4650.7,99.8,14.6,75,17.688,
21.9.2026,0:16:1.395,2509.7,56.5,14.3,83,17.870,
21.9.2026,0:16:1.601,2507.4,53.4,15.3,76,17.686,
21.9.2026,0:16:1.792,3258.4,69.6,13.4,78,17.523,
21.9.2026,0:16:1.997,4648.6,99.9,17.5,76,17.921,
21.9.2026,0:16:2.203,4648.8,99.8,14.8,75,17.791,
21.9.2026,0:16:2.409,136.3,8.8,14.5,84,17.885,
21.9.2026,0:16:2.616,4629.1,99.6,18.5,74,17.712,
21.9.2026,0:16:2.823,161.3,7.4,15.5,82,17.812,
21.9.2026,0:16:3.030,4627.8,99.6,16.8,75,17.773,
21.9.2026,0:16:3.236,2882.9,64.1,16.1,80,17.830,
21.9.2026,0:16:3.442,4635.2,99.6,13.9,75,17.785,
21.9.2026,0:16:3.651,2849.4,63.6,14.0,75,17.781,
21.9.2026,0:16:3.839,154.6,2.5,16.4,82,17.747,
21.9.2026,0:16:4.045,110.4,8.3,15.8,75,17.715,
21.9.2026,0:16:4.252,2870.7,60.9,15.3,74,17.718,
21.9.2026,0:16:4.457,158.9,2.6,13.1,83,17.662,
21.9.2026,0:16:4.664,115.5,1.1,14.4,80,18.850,
21.9.2026,0:16:4.870,2321.6,51.9,20.1,83,17.731,
21.9.2026,0:16:5.081,111.9,3.7,15.0,74,17.657,
21.9.2026,0:16:5.281,3241.8,69.4,14.7,80,17.676,
21.9.2026,0:16:5.488,4439.9,99.5,16.3,74,18.195,
21.9.2026,0:16:5.695,180.5,9.2,13.8,83,17.670,
21.9.2026,0:16:5.900,2193.8,46.6,13.2,82,17.617,
21.9.2026,0:16:6.108,4638.5,99.6,19.9,75,17.704,
21.9.2026,0:16:6.312,4642.3,99.5,14.8,75,17.634,
21.9.2026,0:16:6.521,1828.5,42.8,16.6,80,17.666,
21.9.2026,0:16:6.730,229.0,2.8,13.7,78,17.745,
21.9.2026,0:16:6.934,1492.0,36.2,16.9,83,17.659,
21.9.2026,0:16:7.143,217.0,4.2,13.6,84,17.980,
21.9.2026,0:16:7.347,3204.3,68.5,15.2,77,17.784,
21.9.2026,0:16:7.554,168.0,2.8,14.9,81,17.846,
21.9.2026,0:16:7.745,177.8,2.3,13.0,81,17.790,
21.9.2026,0:16:7.954,741.0,21.4,18.1,85,17.819,
21.9.2026,0:16:8.160,4614.7,99.6,16.1,74,17.662,
21.9.2026,0:16:8.366,4630.4,99.6,13.9,74,17.733,
21.9.2026,0:16:8.573,4639.7,99.8,13.2,74,17.608,
21.9.2026,0:16:8.780,117.2,13.9,20.3,74,17.653,
21.9.2026,0:16:8.989,68.3,0.1,15.2,83,17.694,
21.9.2026,0:16:9.196,156.6,2.1,12.9,83,17.584,
21.9.2026,0:16:9.404,146.0,1.6,14.5,75,17.707,
21.9.2026,0:16:9.609,129.2,8.3,15.9,78,17.747,
21.9.2026,0:16:9.815,153.6,2.2,17.3,80,17.516,
21.9.2026,0:16:10.021,4636.2,99.6,14.4,74,17.537,
21.9.2026,0:16:10.227,4637.3,99.5,14.1,74,17.758,
21.9.2026,0:16:10.434,3584.8,78.4,15.3,74,17.628,
21.9.2026,0:16:10.639,4647.1,99.8,16.7,74,17.667,
21.9.2026,0:16:10.848,3932.2,85.6,14.8,72,17.489,
21.9.2026,0:16:11.056,4645.2,99.8,16.3,74,17.510,
21.9.2026,0:16:11.260,175.7,9.1,15.1,78,17.718,
21.9.2026,0:16:11.467,4637.5,99.6,16.6,74,17.561,
21.9.2026,0:16:11.673,4625.9,99.6,14.0,74,17.591,
21.9.2026,0:16:11.880,3256.0,71.8,12.6,73,17.426,
21.9.2026,0:16:12.071,4624.6,99.6,15.4,73,17.570,
21.9.2026,0:16:12.277,3625.6,80.6,19.0,77,17.570,
21.9.2026,0:16:12.484,4650.4,99.8,13.9,74,17.544,
21.9.2026,0:16:12.692,132.5,6.1,15.5,75,17.810,
21.9.2026,0:16:12.897,2853.1,61.8,14.8,79,17.622,
21.9.2026,0:16:13.089,4645.5,99.6,13.9,74,17.671,
21.9.2026,0:16:13.294,180.8,10.3,18.6,82,17.599,
21.9.2026,0:16:13.501,109.4,0.7,14.2,76,17.540,
21.9.2026,0:16:13.707,3937.3,84.7,16.3,75,17.461,
21.9.2026,0:16:13.913,2221.6,47.3,12.6,80,17.536,
21.9.2026,0:16:14.104,4157.0,89.5,18.7,74,17.561,
21.9.2026,0:16:14.311,4628.7,99.6,17.7,73,17.671,
21.9.2026,0:16:14.520,4643.2,99.8,12.9,72,17.472,
21.9.2026,0:16:14.725,4642.4,99.8,13.2,72,17.423,
21.9.2026,0:16:14.934,2250.9,51.9,13.4,79,17.383,
21.9.2026,0:16:15.136,4629.1,99.5,19.4,72,17.396,
21.9.2026,0:16:15.343,4304.5,92.9,13.3,69,17.567,
21.9.2026,0:16:15.550,4646.6,99.9,14.0,72,17.509,
21.9.2026,0:16:15.757,176.2,9.2,13.8,81,17.829,
21.9.2026,0:16:15.966,1511.8,32.0,13.5,80,17.448,
21.9.2026,0:16:16.170,4635.5,99.6,18.9,72,17.381,
21.9.2026,0:16:16.377,79.1,7.6,14.1,80,17.469,
21.9.2026,0:16:16.584,58.3,0.0,15.3,75,17.465,
21.9.2026,0:16:16.791,205.4,3.3,12.2,74,17.544,
21.9.2026,0:16:16.997,750.7,20.6,18.5,81,17.629,
21.9.2026,0:16:17.204,4278.6,92.1,14.8,69,17.390,
21.9.2026,0:16:17.410,132.6,2.1,13.1,79,17.648,
21.9.2026,0:16:17.618,149.9,2.4,13.7,80,17.369,
21.9.2026,0:16:17.812,4300.0,92.8,17.8,69,17.611,
21.9.2026,0:16:18.017,55.6,0.0,14.3,82,17.546,
21.9.2026,0:16:18.223,4630.7,99.6,15.5,72,17.396,
21.9.2026,0:16:18.429,4637.4,99.4,13.3,73,17.601,
21.9.2026,0:16:18.636,4655.3,99.9,13.0,74,17.569,
21.9.2026,0:16:18.844,3969.0,87.2,17.7,73,17.524,
21.9.2026,0:16:19.049,4644.0,99.8,13.9,73,17.488,
21.9.2026,0:16:19.256,4642.4,99.8,15.7,73,17.646,
21.9.2026,0:16:19.462,4650.3,99.8,12.8,74,17.616,
21.9.2026,0:16:19.668,101.6,7.8,17.9,75,17.644,
21.9.2026,0:16:19.877,161.9,2.6,15.0,79,17.634,
21.9.2026,0:16:20.081,4635.6,99.6,13.8,70,17.440,
21.9.2026,0:16:20.287,4641.4,99.6,15.1,72,17.605,
21.9.2026,0:16:20.495,4643.7,99.9,13.0,73,17.599,
21.9.2026,0:16:20.700,4650.7,99.8,18.6,73,17.621,
21.9.2026,0:16:20.909,2632.9,56.0,13.6,74,17.436,
21.9.2026,0:16:21.112,4644.3,99.8,14.2,72,17.523,
21.9.2026,0:16:21.318,4649.1,99.8,15.1,73,17.540,
21.9.2026,0:16:21.526,4645.6,99.7,15.0,72,17.664,
21.9.2026,0:16:21.729,4649.6,99.9,16.2,73,17.544,
21.9.2026,0:16:21.938,2169.4,49.9,14.1,79,17.697,
21.9.2026,0:16:22.143,208.8,3.6,15.5,75,17.466,
21.9.2026,0:16:22.352,155.2,2.1,13.1,80,17.794,
21.9.2026,0:16:22.555,105.3,0.8,12.9,73,17.455,
21.9.2026,0:16:22.749,160.6,9.7,19.2,79,17.455,
21.9.2026,0:16:22.952,1521.0,32.2,15.6,81,17.380,
21.9.2026,0:16:23.158,4634.8,99.7,15.7,72,17.556,
21.9.2026,0:16:23.367,126.4,1.7,13.4,81,17.463,
21.9.2026,0:16:23.571,4629.9,99.6,14.1,73,17.722,
21.9.2026,0:16:23.761,155.0,9.7,19.4,81,17.540,
21.9.2026,0:16:23.967,841.9,17.5,16.4,80,17.698,
21.9.2026,0:16:24.173,118.8,1.5,12.7,79,17.448,
21.9.2026,0:16:24.380,4631.1,99.6,14.4,70,17.489,
21.9.2026,0:16:24.585,62.2,0.1,13.0,80,17.482,
21.9.2026,0:16:24.776,1290.6,26.9,14.8,78,17.522,
21.9.2026,0:16:24.982,369.3,13.6,18.2,80,17.300,
21.9.2026,0:16:25.190,4312.9,92.5,14.8,68,17.709,
21.9.2026,0:16:25.394,145.9,2.3,12.9,79,17.485,
21.9.2026,0:16:25.600,4642.7,99.6,13.9,72,17.504,
21.9.2026,0:16:25.791,4645.5,99.6,15.1,73,17.369,
21.9.2026,0:16:25.997,168.0,15.4,17.0,80,17.631,
21.9.2026,0:16:26.202,1620.7,35.1,18.5,70,17.576,
21.9.2026,0:16:26.408,136.2,1.9,28.5,75,18.743,
21.9.2026,0:16:26.616,4650.2,99.9,13.3,73,23.000,
21.9.2026,0:16:26.821,130.8,1.7,14.8,79,17.429,
21.9.2026,0:16:27.026,4635.9,99.6,18.2,73,17.472,
21.9.2026,0:16:27.234,4635.5,99.6,14.0,74,17.466,
21.9.2026,0:16:27.440,167.3,8.8,14.2,80,17.534,
21.9.2026,0:16:27.646,4301.0,92.4,13.3,73,17.627,
21.9.2026,0:16:27.854,3952.1,84.8,13.3,73,17.379,
21.9.2026,0:16:28.058,4648.2,99.8,18.9,73,17.413,
21.9.2026,0:16:28.265,4297.0,92.8,13.4,70,17.570,
21.9.2026,0:16:28.471,1688.5,35.7,13.7,79,17.543,
21.9.2026,0:16:28.677,4627.7,99.6,14.2,73,17.340,
21.9.2026,0:16:28.885,252.9,3.5,12.9,78,17.396,
21.9.2026,0:16:29.092,110.3,8.0,17.2,72,17.520,
21.9.2026,0:16:29.297,4282.2,92.1,14.2,73,17.361,
21.9.2026,0:16:29.505,2133.4,45.0,13.9,79,17.370,
21.9.2026,0:16:29.709,4292.3,92.1,13.8,72,17.198,
21.9.2026,0:16:29.915,2864.3,61.4,13.3,78,17.378,
21.9.2026,0:16:30.105,3002.4,66.6,19.9,75,17.271,
21.9.2026,0:16:30.311,4625.9,99.7,15.3,70,17.243,
21.9.2026,0:16:30.518,125.9,8.6,14.7,74,17.403,
21.9.2026,0:16:30.724,142.0,2.0,14.9,80,17.507,
21.9.2026,0:16:30.930,2346.1,49.8,15.6,78,17.517,
21.9.2026,0:16:31.120,4650.8,99.9,18.3,72,17.211,
21.9.2026,0:16:31.330,139.1,8.4,13.7,79,17.369,
21.9.2026,0:16:31.538,134.7,0.8,14.0,79,17.411,
21.9.2026,0:16:31.742,181.9,3.1,13.0,80,17.384,
21.9.2026,0:16:31.948,1794.1,42.6,20.1,78,17.780,
21.9.2026,0:16:32.153,4639.1,99.6,14.0,70,17.430,
21.9.2026,0:16:32.361,177.1,9.2,14.4,79,17.350,
21.9.2026,0:16:32.571,4639.6,99.7,13.6,70,17.464,
21.9.2026,0:16:32.776,159.1,8.8,17.1,69,17.341,
21.9.2026,0:16:32.986,1098.7,22.2,14.5,79,17.491,
21.9.2026,0:16:33.194,157.4,1.5,12.9,80,17.406,
21.9.2026,0:16:33.399,4645.7,99.9,13.8,70,17.507,
21.9.2026,0:16:33.607,132.5,8.0,19.7,79,17.407,
21.9.2026,0:16:33.814,137.1,1.2,12.6,80,17.355,
21.9.2026,0:16:34.020,432.2,8.5,13.2,80,17.346,
21.9.2026,0:16:34.226,4624.7,99.6,15.3,70,17.617,
21.9.2026,0:16:34.433,131.4,8.1,16.7,79,17.362,
21.9.2026,0:16:34.640,4640.0,99.6,14.7,72,17.480,
21.9.2026,0:16:34.848,231.8,3.3,12.6,78,17.260,
21.9.2026,0:16:35.054,188.3,2.3,12.8,79,17.468,
21.9.2026,0:16:35.261,4639.6,99.6,18.5,72,17.425,
21.9.2026,0:16:35.468,195.5,9.3,16.0,82,17.355,
21.9.2026,0:16:35.675,4639.6,99.6,13.9,69,17.546,
21.9.2026,0:16:35.882,153.2,8.3,14.3,78,17.347,
21.9.2026,0:16:36.088,4651.5,99.9,13.2,70,17.411,
21.9.2026,0:16:36.295,4652.1,99.8,19.0,70,17.430,
21.9.2026,0:16:36.499,4643.5,99.9,14.3,70,17.461,
21.9.2026,0:16:36.708,4648.7,99.8,13.6,72,17.448,
21.9.2026,0:16:36.912,3036.5,67.3,13.8,74,17.325,
21.9.2026,0:16:37.119,125.9,7.9,18.3,79,17.323,
21.9.2026,0:16:37.328,130.6,1.6,14.0,69,17.416,
21.9.2026,0:16:37.533,146.7,1.6,14.5,78,17.374,
21.9.2026,0:16:37.739,4313.4,92.5,12.3,68,17.463,
21.9.2026,0:16:37.945,2531.7,53.7,14.4,77,17.323,
21.9.2026,0:16:38.135,4304.4,92.9,18.3,69,17.180,
21.9.2026,0:16:38.342,127.1,1.6,13.9,74,17.439,
21.9.2026,0:16:38.549,4629.6,99.6,15.0,69,17.461,
21.9.2026,0:16:38.757,147.7,8.3,14.4,78,17.294,
21.9.2026,0:16:38.963,1803.4,37.9,14.0,79,17.238,
21.9.2026,0:16:39.182,533.5,22.6,24.6,67,17.340,
21.9.2026,0:16:39.380,1268.8,24.1,27.7,78,18.246,
21.9.2026,0:16:39.583,4640.1,99.9,13.2,70,21.526,
21.9.2026,0:16:39.791,138.9,1.2,14.3,79,17.207,
21.9.2026,0:16:39.997,1150.8,29.2,17.0,79,17.377,
21.9.2026,0:16:40.203,129.2,2.0,15.0,79,17.193,
21.9.2026,0:16:40.409,4618.2,99.6,13.9,70,17.689,
21.9.2026,0:16:40.616,145.7,1.6,13.9,79,17.084,
21.9.2026,0:16:40.823,154.3,2.6,16.6,80,17.618,
21.9.2026,0:16:41.027,114.9,8.1,15.7,70,17.374,
21.9.2026,0:16:41.234,112.5,1.0,14.0,70,17.277,
21.9.2026,0:16:41.440,4644.8,99.8,14.8,69,17.352,
21.9.2026,0:16:41.648,137.9,8.1,13.6,78,17.194,
21.9.2026,0:16:41.838,4641.7,99.6,18.8,70,17.415,
21.9.2026,0:16:42.045,469.8,15.8,14.2,79,17.277,
21.9.2026,0:16:42.250,4641.8,99.6,15.1,70,17.579,
21.9.2026,0:16:42.456,159.6,2.9,14.9,79,17.381,
21.9.2026,0:16:42.664,73.9,0.0,15.1,78,17.550,
21.9.2026,0:16:42.853,4290.4,92.7,19.1,68,17.332,
21.9.2026,0:16:43.060,4294.0,92.2,13.6,70,18.133,
21.9.2026,0:16:43.266,4648.5,99.7,14.8,69,17.726,
21.9.2026,0:16:43.472,4088.6,92.8,14.4,66,17.226,
21.9.2026,0:16:43.679,4641.4,99.8,14.8,69,17.627,
21.9.2026,0:16:43.869,4641.4,99.8,14.8,69,17.182,
21.9.2026,0:16:44.078,191.8,16.0,19.6,79,17.376,
21.9.2026,0:16:44.285,50.4,0.0,15.5,73,17.339,
21.9.2026,0:16:44.488,45.5,0.0,13.5,78,17.339,
21.9.2026,0:16:44.696,184.9,3.0,13.1,80,17.407,
21.9.2026,0:16:44.888,61.1,0.0,14.4,78,17.331,
21.9.2026,0:16:45.095,166.9,9.6,17.7,70,17.362,
21.9.2026,0:16:45.299,123.7,0.6,13.4,78,17.297,
21.9.2026,0:16:45.504,4637.2,99.6,14.2,70,17.173,
21.9.2026,0:16:45.712,4640.3,99.5,13.2,69,17.226,
21.9.2026,0:16:45.922,4648.7,99.8,18.3,70,17.362,
21.9.2026,0:16:46.124,2898.9,64.5,12.9,75,17.254,
21.9.2026,0:16:46.331,4295.3,92.1,14.2,69,17.191,
21.9.2026,0:16:46.537,4313.7,92.6,14.0,66,17.098,
21.9.2026,0:16:46.743,4306.1,92.4,14.3,70,17.182,
21.9.2026,0:16:46.933,154.9,8.9,14.6,79,17.416,
21.9.2026,0:16:47.140,2563.8,54.6,16.9,78,17.134,
21.9.2026,0:16:47.346,4634.2,99.6,14.8,69,17.177,
21.9.2026,0:16:47.553,123.7,1.1,13.5,72,17.296,
21.9.2026,0:16:47.759,4628.0,99.7,14.2,72,17.225,
21.9.2026,0:16:47.948,163.9,9.4,19.8,78,17.430,
21.9.2026,0:16:48.155,1970.5,42.1,15.0,79,17.130,
21.9.2026,0:16:48.361,139.5,1.8,14.0,74,17.338,
21.9.2026,0:16:48.568,4641.2,99.6,13.9,72,17.379,
21.9.2026,0:16:48.773,4641.2,99.6,13.9,72,29.373,
21.9.2026,0:16:48.964,4641.2,99.6,13.9,72,29.373,
21.9.2026,0:16:49.169,4641.2,99.6,13.9,72,29.373,
21.9.2026,0:16:49.376,4641.2,99.6,13.9,72,29.373,
21.9.2026,0:16:49.581,4641.2,99.6,13.9,72,29.373,
21.9.2026,0:16:49.786,4641.2,99.6,13.9,72,29.373,
21.9.2026,0:16:49.994,4641.2,99.6,13.9,72,29.373,
21.9.2026,0:16:50.182,4641.2,99.6,13.9,72,29.373,
21.9.2026,0:16:50.388,4641.2,99.6,13.9,72,29.373,
21.9.2026,0:16:50.594,4641.2,99.6,13.9,72,29.373,
21.9.2026,0:16:50.798,4641.2,99.6,13.9,72,29.373,
21.9.2026,0:16:51.005,4641.2,99.6,13.9,72,29.373,
21.9.2026,0:16:51.211,4641.2,99.6,13.9,72,29.373,
21.9.2026,0:16:51.417,4641.2,99.6,13.9,72,29.373,
21.9.2026,0:16:51.624,4641.2,99.6,13.9,72,29.373,
21.9.2026,0:16:51.831,4641.2,99.6,13.9,72,29.373,
21.9.2026,0:16:52.036,4641.2,99.6,13.9,72,29.373,
21.9.2026,0:16:52.242,4641.2,99.6,13.9,72,29.373,
21.9.2026,0:16:52.449,4641.2,99.6,13.9,72,29.373,
21.9.2026,0:16:52.655,4641.2,99.6,13.9,72,29.373,
21.9.2026,0:16:52.862,4641.2,99.6,13.9,72,29.373,
21.9.2026,0:16:53.068,4641.2,99.6,13.9,72,29.373,
21.9.2026,0:16:53.275,4641.2,99.6,13.9,72,29.373,
21.9.2026,0:16:53.481,4641.2,99.6,13.9,72,29.373,
21.9.2026,0:16:53.687,4641.2,99.6,13.9,72,29.373,
21.9.2026,0:16:53.894,4641.2,99.6,13.9,72,29.373,
21.9.2026,0:16:54.101,4641.2,99.6,13.9,72,29.373,
21.9.2026,0:16:54.310,4087.9,92.6,16.8,82,29.373,
21.9.2026,0:16:54.510,4087.9,92.6,16.8,82,29.373,
21.9.2026,0:16:54.717,4087.9,92.6,16.8,82,29.373,
21.9.2026,0:16:54.922,4087.9,92.6,16.8,82,29.373,
21.9.2026,0:16:55.129,4087.9,92.6,16.8,82,29.373,
21.9.2026,0:16:55.338,4087.9,92.6,16.8,82,29.373,
21.9.2026,0:16:55.542,4087.9,92.6,16.8,82,29.373,
21.9.2026,0:16:55.751,4087.9,92.6,16.8,82,29.373,
21.9.2026,0:16:55.955,4087.9,92.6,16.8,82,29.373,
21.9.2026,0:16:56.164,4087.9,92.6,16.8,82,29.373,
21.9.2026,0:16:56.367,4087.9,92.6,16.8,82,29.373,
21.9.2026,0:16:56.576,4087.9,92.6,16.8,82,29.373,
21.9.2026,0:16:56.780,4087.9,92.6,16.8,82,29.373,
21.9.2026,0:16:56.985,4087.9,92.6,16.8,82,29.373,
21.9.2026,0:16:57.191,4087.9,92.6,16.8,82,29.373,
21.9.2026,0:16:57.398,4087.9,92.6,16.8,82,29.373,
21.9.2026,0:16:57.605,4087.9,92.6,16.8,82,29.373,
21.9.2026,0:16:57.810,4087.9,92.6,16.8,82,29.373,
21.9.2026,0:16:58.018,4087.9,92.6,16.8,82,29.373,
21.9.2026,0:16:58.221,4087.9,92.6,16.8,82,29.373,
21.9.2026,0:16:58.427,4087.9,92.6,16.8,82,29.373,
21.9.2026,0:16:58.633,4087.9,92.6,16.8,82,29.373,
21.9.2026,0:16:58.843,4087.9,92.6,16.8,82,29.373,
21.9.2026,0:16:59.047,4342.5,100.0,57.9,85,29.373,
21.9.2026,0:16:59.253,4342.5,100.0,57.9,85,29.207,
21.9.2026,0:16:59.457,4342.5,100.0,57.9,85,29.207,
21.9.2026,0:16:59.663,4342.5,100.0,57.9,85,29.207,
21.9.2026,0:16:59.871,4342.5,100.0,57.9,85,29.207,
21.9.2026,0:17:0.076,4342.5,100.0,57.9,85,29.207,
21.9.2026,0:17:0.284,4342.5,100.0,57.9,85,29.207,
21.9.2026,0:17:0.487,4342.5,100.0,57.9,85,29.207,
21.9.2026,0:17:0.697,4342.5,100.0,57.9,85,29.207,
21.9.2026,0:17:0.901,4342.5,100.0,57.9,85,29.207,
21.9.2026,0:17:1.109,4342.5,100.0,57.9,85,29.207,
21.9.2026,0:17:1.314,4342.5,100.0,57.9,85,29.207,
21.9.2026,0:17:1.522,4342.5,100.0,57.9,85,29.207,
21.9.2026,0:17:1.726,4342.5,100.0,57.9,85,29.207,
21.9.2026,0:17:1.932,4342.5,100.0,57.9,85,29.207,
21.9.2026,0:17:2.139,4342.5,100.0,57.9,85,29.207,
21.9.2026,0:17:2.342,4342.5,100.0,57.9,85,29.207,
21.9.2026,0:17:2.550,4342.5,100.0,57.9,85,29.207,
21.9.2026,0:17:2.754,4342.5,100.0,57.9,85,29.207,
21.9.2026,0:17:2.960,4342.5,100.0,57.9,85,29.207,
21.9.2026,0:17:3.166,4342.5,100.0,57.9,85,29.207,
21.9.2026,0:17:3.376,4342.5,100.0,57.9,85,29.207,
21.9.2026,0:17:3.579,4342.5,100.0,57.9,85,29.207,
21.9.2026,0:17:3.785,4301.1,100.0,26.2,86,29.207,
21.9.2026,0:17:3.991,4301.1,100.0,26.2,86,28.546,
21.9.2026,0:17:4.185,4301.1,100.0,26.2,86,28.546,
21.9.2026,0:17:4.388,4301.1,100.0,26.2,86,28.546,
21.9.2026,0:17:4.597,4301.1,100.0,26.2,86,28.546,
21.9.2026,0:17:4.801,4301.1,100.0,26.2,86,28.546,
21.9.2026,0:17:5.006,4301.1,100.0,26.2,86,28.546,
21.9.2026,0:17:5.196,4301.1,100.0,26.2,86,28.546,
21.9.2026,0:17:5.405,4301.1,100.0,26.2,86,28.546,
21.9.2026,0:17:5.610,4301.1,100.0,26.2,86,28.546,
21.9.2026,0:17:5.818,4301.1,100.0,26.2,86,28.546,
21.9.2026,0:17:6.022,4301.1,100.0,26.2,86,28.546,
21.9.2026,0:17:6.227,4301.1,100.0,26.2,86,28.546,
21.9.2026,0:17:6.436,4301.1,100.0,26.2,86,28.546,
21.9.2026,0:17:6.639,4301.1,100.0,26.2,86,28.546,
21.9.2026,0:17:6.845,4301.1,100.0,26.2,86,28.546,
21.9.2026,0:17:7.052,4301.1,100.0,26.2,86,28.546,
21.9.2026,0:17:7.258,4301.1,100.0,26.2,86,28.546,
21.9.2026,0:17:7.465,4301.1,100.0,26.2,86,28.546,
21.9.2026,0:17:7.670,4301.1,100.0,26.2,86,28.546,
21.9.2026,0:17:7.877,4301.1,100.0,26.2,86,28.546,
21.9.2026,0:17:8.083,4301.1,100.0,26.2,86,28.546,
21.9.2026,0:17:8.291,4301.1,100.0,26.2,86,28.546,
21.9.2026,0:17:8.496,4301.1,100.0,26.2,86,28.546,
21.9.2026,0:17:8.703,4297.9,100.0,27.0,87,28.787,
21.9.2026,0:17:8.909,4297.9,100.0,27.0,87,28.787,
21.9.2026,0:17:9.116,4297.9,100.0,27.0,87,28.787,
21.9.2026,0:17:9.322,4297.9,100.0,27.0,87,28.787,
21.9.2026,0:17:9.528,4297.9,100.0,27.0,87,28.787,
21.9.2026,0:17:9.733,4297.9,100.0,27.0,87,28.787,
21.9.2026,0:17:9.940,4297.9,100.0,27.0,87,28.787,
21.9.2026,0:17:10.147,4297.9,100.0,27.0,87,28.787,
21.9.2026,0:17:10.354,4297.9,100.0,27.0,87,28.787,
21.9.2026,0:17:10.560,4297.9,100.0,27.0,87,28.787,
21.9.2026,0:17:10.766,4297.9,100.0,27.0,87,28.787,
21.9.2026,0:17:10.972,4297.9,100.0,27.0,87,28.787,
21.9.2026,0:17:11.178,4297.9,100.0,27.0,87,28.787,
21.9.2026,0:17:11.369,4297.9,100.0,27.0,87,28.787,
21.9.2026,0:17:11.576,4297.9,100.0,27.0,87,28.787,
21.9.2026,0:17:11.781,4297.9,100.0,27.0,87,28.787,
21.9.2026,0:17:11.987,4297.9,100.0,27.0,87,28.787,
21.9.2026,0:17:12.194,4297.9,100.0,27.0,87,28.787,
21.9.2026,0:17:12.399,4297.9,100.0,27.0,87,28.787,
21.9.2026,0:17:12.605,4297.9,100.0,27.0,87,28.787,
21.9.2026,0:17:12.812,4297.9,100.0,27.0,87,28.787,
21.9.2026,0:17:13.018,4297.9,100.0,27.0,87,28.787,
21.9.2026,0:17:13.224,4297.9,100.0,27.0,87,28.787,
21.9.2026,0:17:13.430,4296.4,100.0,26.3,86,28.346,
21.9.2026,0:17:13.636,4296.4,100.0,26.3,86,28.346,
21.9.2026,0:17:13.843,4296.4,100.0,26.3,86,28.346,
21.9.2026,0:17:14.048,4296.4,100.0,26.3,86,28.346,
21.9.2026,0:17:14.255,4296.4,100.0,26.3,86,28.346,
21.9.2026,0:17:14.458,4296.4,100.0,26.3,86,28.346,
21.9.2026,0:17:14.664,4296.4,100.0,26.3,86,28.346,
21.9.2026,0:17:14.870,4296.4,100.0,26.3,86,28.346,
21.9.2026,0:17:15.076,4296.4,100.0,26.3,86,28.346,
21.9.2026,0:17:15.283,4296.4,100.0,26.3,86,28.346,
21.9.2026,0:17:15.489,4296.4,100.0,26.3,86,28.346,
21.9.2026,0:17:15.695,4296.4,100.0,26.3,86,28.346,
21.9.2026,0:17:15.901,4296.4,100.0,26.3,86,28.346,
21.9.2026,0:17:16.107,4296.4,100.0,26.3,86,28.346,
21.9.2026,0:17:16.313,4296.4,100.0,26.3,86,28.346,
21.9.2026,0:17:16.519,4296.4,100.0,26.3,86,28.346,
21.9.2026,0:17:16.726,4296.4,100.0,26.3,86,28.346,
21.9.2026,0:17:16.932,4296.4,100.0,26.3,86,28.346,
21.9.2026,0:17:17.139,4296.4,100.0,26.3,86,28.346,
21.9.2026,0:17:17.346,4296.4,100.0,26.3,86,28.346,
21.9.2026,0:17:17.550,4296.4,100.0,26.3,86,28.346,
21.9.2026,0:17:17.757,4296.4,100.0,26.3,86,28.346,
21.9.2026,0:17:17.961,4296.4,100.0,26.3,86,28.346,
21.9.2026,0:17:18.166,4286.5,100.0,26.3,86,28.346,
21.9.2026,0:17:18.372,4286.5,100.0,26.3,86,28.302,
21.9.2026,0:17:18.578,4286.5,100.0,26.3,86,28.302,
21.9.2026,0:17:18.785,4286.5,100.0,26.3,86,28.302,
21.9.2026,0:17:18.991,4286.5,100.0,26.3,86,28.302,
21.9.2026,0:17:19.197,4286.5,100.0,26.3,86,28.302,
21.9.2026,0:17:19.387,4286.5,100.0,26.3,86,28.302,
21.9.2026,0:17:19.593,4286.5,100.0,26.3,86,28.302,
21.9.2026,0:17:19.798,4286.5,100.0,26.3,86,28.302,
21.9.2026,0:17:20.005,4286.5,100.0,26.3,86,28.302,
21.9.2026,0:17:20.211,4286.5,100.0,26.3,86,28.302,
21.9.2026,0:17:20.417,4286.5,100.0,26.3,86,28.302,
21.9.2026,0:17:20.624,4286.5,100.0,26.3,86,28.302,
21.9.2026,0:17:20.831,4286.5,100.0,26.3,86,28.302,
21.9.2026,0:17:21.036,4286.5,100.0,26.3,86,28.302,
21.9.2026,0:17:21.243,4286.5,100.0,26.3,86,28.302,
21.9.2026,0:17:21.449,4286.5,100.0,26.3,86,28.302,
21.9.2026,0:17:21.655,4286.5,100.0,26.3,86,28.302,
21.9.2026,0:17:21.861,4286.5,100.0,26.3,86,28.302,
21.9.2026,0:17:22.068,4286.5,100.0,26.3,86,28.302,
21.9.2026,0:17:22.273,4286.5,100.0,26.3,86,28.302,
21.9.2026,0:17:22.480,4286.5,100.0,26.3,86,28.302,
21.9.2026,0:17:22.684,4286.5,100.0,26.3,86,28.302,
21.9.2026,0:17:22.890,4266.8,100.0,27.0,83,28.302,
21.9.2026,0:17:23.096,4266.8,100.0,27.0,83,28.240,
21.9.2026,0:17:23.303,4266.8,100.0,27.0,83,28.240,
21.9.2026,0:17:23.509,4266.8,100.0,27.0,83,28.240,
21.9.2026,0:17:23.715,4266.8,100.0,27.0,83,28.240,
21.9.2026,0:17:23.921,4266.8,100.0,27.0,83,28.240,
21.9.2026,0:17:24.128,4266.8,100.0,27.0,83,28.240,
21.9.2026,0:17:24.334,4266.8,100.0,27.0,83,28.240,
21.9.2026,0:17:24.541,4266.8,100.0,27.0,83,28.240,
21.9.2026,0:17:24.747,4266.8,100.0,27.0,83,28.240,
21.9.2026,0:17:24.954,4266.8,100.0,27.0,83,28.240,
21.9.2026,0:17:25.159,4266.8,100.0,27.0,83,28.240,
21.9.2026,0:17:25.367,4266.8,100.0,27.0,83,28.240,
21.9.2026,0:17:25.571,4266.8,100.0,27.0,83,28.240,
21.9.2026,0:17:25.779,4266.8,100.0,27.0,83,28.240,
21.9.2026,0:17:25.983,4266.8,100.0,27.0,83,28.240,
21.9.2026,0:17:26.189,4266.8,100.0,27.0,83,28.240,
21.9.2026,0:17:26.396,4266.8,100.0,27.0,83,28.240,
21.9.2026,0:17:26.602,4266.8,100.0,27.0,83,28.240,
21.9.2026,0:17:26.808,4266.8,100.0,27.0,83,28.240,
21.9.2026,0:17:27.013,4266.8,100.0,27.0,83,28.240,
21.9.2026,0:17:27.219,4266.8,100.0,27.0,83,28.240,
21.9.2026,0:17:27.426,4266.8,100.0,27.0,83,28.240,
21.9.2026,0:17:27.635,4272.0,100.0,26.3,87,28.240,
21.9.2026,0:17:27.837,4272.0,100.0,26.3,87,28.097,
21.9.2026,0:17:28.054,4272.0,100.0,26.3,87,28.097,
21.9.2026,0:17:28.249,4272.0,100.0,26.3,87,28.097,
21.9.2026,0:17:28.455,4272.0,100.0,26.3,87,28.097,
21.9.2026,0:17:28.661,4272.0,100.0,26.3,87,28.097,
21.9.2026,0:17:28.869,4272.0,100.0,26.3,87,28.097,
21.9.2026,0:17:29.076,4272.0,100.0,26.3,87,28.097,
21.9.2026,0:17:29.283,4272.0,100.0,26.3,87,28.097,
21.9.2026,0:17:29.489,4272.0,100.0,26.3,87,28.097,
21.9.2026,0:17:29.700,4272.0,100.0,26.3,87,28.097,
21.9.2026,0:17:29.907,4272.0,100.0,26.3,87,28.097,
21.9.2026,0:17:30.110,4272.0,100.0,26.3,87,28.097,
21.9.2026,0:17:30.318,4272.0,100.0,26.3,87,28.097,
21.9.2026,0:17:30.522,4272.0,100.0,26.3,87,28.097,
21.9.2026,0:17:30.730,4272.0,100.0,26.3,87,28.097,
21.9.2026,0:17:30.934,4272.0,100.0,26.3,87,28.097,
21.9.2026,0:17:31.140,4272.0,100.0,26.3,87,28.097,
21.9.2026,0:17:31.345,4272.0,100.0,26.3,87,28.097,
21.9.2026,0:17:31.552,4272.0,100.0,26.3,87,28.097,
21.9.2026,0:17:31.759,4272.0,100.0,26.3,87,28.097,
21.9.2026,0:17:31.964,4272.0,100.0,26.3,87,28.097,
21.9.2026,0:17:32.170,4272.0,100.0,26.3,87,28.097,
21.9.2026,0:17:32.375,4081.1,100.0,26.3,80,28.097,
21.9.2026,0:17:32.582,4081.1,100.0,26.3,80,25.022,
21.9.2026,0:17:32.792,4081.1,100.0,26.3,80,25.022,
21.9.2026,0:17:32.982,4081.1,100.0,26.3,80,25.022,
21.9.2026,0:17:33.189,4081.1,100.0,26.3,80,25.022,
21.9.2026,0:17:33.393,4081.1,100.0,26.3,80,25.022,
21.9.2026,0:17:33.600,4081.1,100.0,26.3,80,25.022,
21.9.2026,0:17:33.821,4081.1,100.0,26.3,80,25.022,
21.9.2026,0:17:34.012,4081.1,100.0,26.3,80,25.022,
21.9.2026,0:17:34.217,4081.1,100.0,26.3,80,25.022,
21.9.2026,0:17:34.425,4081.1,100.0,26.3,80,25.022,
21.9.2026,0:17:34.633,4081.1,100.0,26.3,80,25.022,
21.9.2026,0:17:34.839,4081.1,100.0,26.3,80,25.022,
21.9.2026,0:17:35.062,4081.1,100.0,26.3,80,25.022,
21.9.2026,0:17:35.253,4081.1,100.0,26.3,80,25.022,
21.9.2026,0:17:35.460,4081.1,100.0,26.3,80,25.022,
21.9.2026,0:17:35.668,4081.1,100.0,26.3,80,25.022,
21.9.2026,0:17:35.875,4081.1,100.0,26.3,80,25.022,
21.9.2026,0:17:36.079,4081.1,100.0,26.3,80,25.022,
21.9.2026,0:17:36.289,4081.1,100.0,26.3,80,25.022,
21.9.2026,0:17:36.493,4081.1,100.0,26.3,80,25.022,
21.9.2026,0:17:36.698,4081.1,100.0,26.3,80,25.022,
21.9.2026,0:17:36.908,4081.1,100.0,26.3,80,25.022,
21.9.2026,0:17:37.112,4081.1,100.0,26.3,80,25.022,
21.9.2026,0:17:37.335,4063.6,100.0,27.0,81,24.912,
21.9.2026,0:17:37.526,4063.6,100.0,27.0,81,24.912,
21.9.2026,0:17:37.732,4063.6,100.0,27.0,81,24.912,
21.9.2026,0:17:37.939,4063.6,100.0,27.0,81,24.912,
21.9.2026,0:17:38.147,4063.6,100.0,27.0,81,24.912,
21.9.2026,0:17:38.352,4063.6,100.0,27.0,81,24.912,
21.9.2026,0:17:38.556,4063.6,100.0,27.0,81,24.912,
21.9.2026,0:17:38.763,4063.6,100.0,27.0,81,24.912,
21.9.2026,0:17:38.970,4063.6,100.0,27.0,81,24.912,
21.9.2026,0:17:39.177,4063.6,100.0,27.0,81,24.912,
21.9.2026,0:17:39.384,4063.6,100.0,27.0,81,24.912,
21.9.2026,0:17:39.601,4063.6,100.0,27.0,81,24.912,
21.9.2026,0:17:39.794,4063.6,100.0,27.0,81,24.912,
21.9.2026,0:17:40.001,4063.6,100.0,27.0,81,24.912,
21.9.2026,0:17:40.208,4063.6,100.0,27.0,81,24.912,
21.9.2026,0:17:40.415,4063.6,100.0,27.0,81,24.912,
21.9.2026,0:17:40.622,4063.6,100.0,27.0,81,24.912,
21.9.2026,0:17:40.826,4063.6,100.0,27.0,81,24.912,
21.9.2026,0:17:41.044,4063.6,100.0,27.0,81,24.912,
21.9.2026,0:17:41.239,4063.6,100.0,27.0,81,24.912,
21.9.2026,0:17:41.448,4063.6,100.0,27.0,81,24.912,
21.9.2026,0:17:41.652,4063.6,100.0,27.0,81,24.912,
21.9.2026,0:17:41.859,4063.6,100.0,27.0,81,24.912,
21.9.2026,0:17:42.066,4085.5,100.0,26.4,81,25.184,
21.9.2026,0:17:42.269,4085.5,100.0,26.4,81,25.184,
21.9.2026,0:17:42.475,4085.5,100.0,26.4,81,25.184,
21.9.2026,0:17:42.681,4085.5,100.0,26.4,81,25.184,
21.9.2026,0:17:42.888,4085.5,100.0,26.4,81,25.184,
21.9.2026,0:17:43.095,4085.5,100.0,26.4,81,25.184,
21.9.2026,0:17:43.301,4085.5,100.0,26.4,81,25.184,
21.9.2026,0:17:43.508,4085.5,100.0,26.4,81,25.184,
21.9.2026,0:17:43.714,4085.5,100.0,26.4,81,25.184,
21.9.2026,0:17:43.922,4085.5,100.0,26.4,81,25.184,
21.9.2026,0:17:44.126,4085.5,100.0,26.4,81,25.184,
21.9.2026,0:17:44.333,4085.5,100.0,26.4,81,25.184,
21.9.2026,0:17:44.538,4085.5,100.0,26.4,81,25.184,
21.9.2026,0:17:44.745,4085.5,100.0,26.4,81,25.184,
21.9.2026,0:17:44.950,4085.5,100.0,26.4,81,25.184,
21.9.2026,0:17:45.156,4085.5,100.0,26.4,81,25.184,
21.9.2026,0:17:45.362,4085.5,100.0,26.4,81,25.184,
21.9.2026,0:17:45.570,4085.5,100.0,26.4,81,25.184,
21.9.2026,0:17:45.774,4085.5,100.0,26.4,81,25.184,
21.9.2026,0:17:45.982,4085.5,100.0,26.4,81,25.184,
21.9.2026,0:17:46.187,4085.5,100.0,26.4,81,25.184,
21.9.2026,0:17:46.394,4085.5,100.0,26.4,81,25.184,
21.9.2026,0:17:46.602,4085.5,100.0,26.4,81,25.184,
21.9.2026,0:17:46.807,4129.5,100.0,26.3,79,25.184,
21.9.2026,0:17:47.014,4129.5,100.0,26.3,79,25.173,
21.9.2026,0:17:47.220,4129.5,100.0,26.3,79,25.173,
21.9.2026,0:17:47.427,4129.5,100.0,26.3,79,25.173,
21.9.2026,0:17:47.633,4129.5,100.0,26.3,79,25.173,
21.9.2026,0:17:47.840,4129.5,100.0,26.3,79,25.173,
21.9.2026,0:17:48.048,4129.5,100.0,26.3,79,25.173,
21.9.2026,0:17:48.252,4129.5,100.0,26.3,79,25.173,
21.9.2026,0:17:48.470,4129.5,100.0,26.3,79,25.173,
21.9.2026,0:17:48.655,4078.0,100.0,26.3,79,25.173,
21.9.2026,0:17:48.856,1906.0,27.6,32.7,69,24.199,
21.9.2026,0:17:49.060,677.6,22.1,16.7,85,16.777,
21.9.2026,0:17:49.267,4639.3,99.6,15.0,76,17.440,
21.9.2026,0:17:49.474,139.7,7.9,15.1,85,17.602,
21.9.2026,0:17:49.679,4640.4,99.6,14.8,76,17.474,
21.9.2026,0:17:49.887,166.7,2.7,14.8,80,17.806,
21.9.2026,0:17:50.092,125.8,8.3,16.1,85,17.491,
21.9.2026,0:17:50.300,4640.6,99.6,15.3,76,17.496,
21.9.2026,0:17:50.504,4642.0,99.9,15.0,76,17.414,
21.9.2026,0:17:50.712,4639.1,99.7,14.8,76,17.336,
21.9.2026,0:17:50.916,4296.1,92.7,14.9,71,17.445,
21.9.2026,0:17:51.124,4648.9,99.8,19.7,78,17.353,
21.9.2026,0:17:51.328,4478.5,100.0,19.3,73,20.400,
21.9.2026,0:17:51.533,4444.2,100.0,19.6,76,19.734,
21.9.2026,0:17:51.740,121.7,8.6,15.1,76,17.442,
21.9.2026,0:17:51.946,108.0,0.8,13.8,76,17.516,
21.9.2026,0:17:52.152,3312.3,71.1,15.0,80,17.399,
21.9.2026,0:17:52.359,4638.5,99.7,17.9,76,17.344,
21.9.2026,0:17:52.564,4645.2,99.6,13.1,76,17.367,
21.9.2026,0:17:52.772,4637.1,99.8,15.8,75,17.317,
21.9.2026,0:17:52.976,3226.9,71.1,13.5,79,17.353,
21.9.2026,0:17:53.181,4640.7,99.6,13.5,76,17.531,
21.9.2026,0:17:53.388,4644.4,99.8,21.3,76,17.405,
21.9.2026,0:17:53.595,4653.9,99.8,13.1,75,17.311,
21.9.2026,0:17:53.801,4648.9,99.8,15.5,76,17.526,
21.9.2026,0:17:54.007,2894.7,61.9,13.4,81,17.445,
21.9.2026,0:17:54.212,4647.2,99.7,14.1,74,17.466,
21.9.2026,0:17:54.419,4643.6,99.8,18.3,75,17.393,
21.9.2026,0:17:54.625,4655.9,99.8,14.5,75,17.342,
21.9.2026,0:17:54.831,4651.6,99.8,13.5,75,17.438,
21.9.2026,0:17:55.036,2519.0,57.0,14.4,82,17.237,
21.9.2026,0:17:55.244,3232.9,69.1,14.8,78,17.376,
21.9.2026,0:17:55.453,163.2,8.7,20.1,80,17.297,
21.9.2026,0:17:55.659,3219.6,68.6,13.8,80,17.218,
21.9.2026,0:17:55.865,127.8,1.1,14.6,84,17.430,
21.9.2026,0:17:56.070,1820.3,38.4,15.4,82,17.489,
21.9.2026,0:17:56.261,2872.8,61.1,14.6,74,17.370,
21.9.2026,0:17:56.468,139.6,8.2,18.3,84,17.370,
21.9.2026,0:17:56.675,202.1,0.0,13.9,83,17.458,
21.9.2026,0:17:56.880,4640.7,99.9,14.6,74,17.416,
21.9.2026,0:17:57.087,1581.5,38.0,16.7,82,17.337,
21.9.2026,0:17:57.276,118.1,1.4,15.2,74,17.221,
21.9.2026,0:17:57.484,126.5,8.7,18.7,77,17.337,
21.9.2026,0:17:57.689,4635.8,99.6,14.0,74,17.245,
21.9.2026,0:17:57.895,4633.7,99.5,15.6,74,17.309,
21.9.2026,0:17:58.101,1124.3,28.8,13.9,82,17.395,
21.9.2026,0:17:58.291,4632.1,99.6,17.1,73,17.200,
21.9.2026,0:17:58.497,4632.4,99.6,16.2,74,17.304,
21.9.2026,0:17:58.704,4652.4,99.8,14.8,75,17.259,
21.9.2026,0:17:58.908,3221.0,71.2,17.9,74,17.221,
21.9.2026,0:17:59.113,506.3,10.1,13.3,81,17.166,
21.9.2026,0:17:59.321,4627.5,99.6,15.4,74,17.218,
21.9.2026,0:17:59.528,163.4,8.7,16.6,82,17.314,
21.9.2026,0:17:59.736,1525.7,26.0,16.0,73,17.335,
21.9.2026,0:17:59.943,149.3,8.3,15.9,82,17.263,
21.9.2026,0:18:0.149,44.2,3.3,14.6,83,17.322,
21.9.2026,0:18:0.342,4625.5,99.7,21.0,73,17.403,
21.9.2026,0:18:0.546,3570.0,78.2,13.2,77,17.152,
21.9.2026,0:18:0.754,3659.5,78.4,14.1,77,17.258,
21.9.2026,0:18:0.958,4652.3,99.9,16.5,72,17.191,
21.9.2026,0:18:1.166,64.7,7.9,15.1,83,17.295,
21.9.2026,0:18:1.357,4634.5,99.6,14.8,74,17.322,
21.9.2026,0:18:1.564,136.0,8.0,20.6,82,17.183,
21.9.2026,0:18:1.770,481.2,8.8,13.7,82,17.206,
21.9.2026,0:18:1.975,3938.3,84.4,13.6,74,17.112,
21.9.2026,0:18:2.181,4633.9,99.6,13.1,73,17.120,
21.9.2026,0:18:2.388,106.9,14.4,18.4,74,17.284,
21.9.2026,0:18:2.595,142.8,0.0,16.4,82,17.179,
21.9.2026,0:18:2.802,3906.3,84.3,14.3,74,17.024,
21.9.2026,0:18:3.007,3583.0,76.6,15.9,73,17.090,
21.9.2026,0:18:3.213,4643.1,99.8,16.6,73,17.124,
21.9.2026,0:18:3.420,4640.4,99.8,16.5,73,17.122,
21.9.2026,0:18:3.627,4650.9,99.8,13.0,73,16.897,
21.9.2026,0:18:3.832,121.8,7.9,14.3,82,17.252,
21.9.2026,0:18:4.039,3238.7,69.1,13.7,75,16.980,
21.9.2026,0:18:4.243,4640.7,99.7,18.3,73,17.198,
21.9.2026,0:18:4.449,4625.6,99.6,16.0,73,17.121,
21.9.2026,0:18:4.654,4638.9,99.7,15.6,72,17.082,
21.9.2026,0:18:4.863,183.2,10.2,15.7,78,17.304,
21.9.2026,0:18:5.066,2847.6,60.8,17.3,79,16.994,
21.9.2026,0:18:5.272,4646.8,99.9,13.4,73,17.172,
21.9.2026,0:18:5.480,135.4,8.6,17.6,80,17.281,
21.9.2026,0:18:5.688,132.8,8.1,16.6,80,17.065,
21.9.2026,0:18:5.895,4651.9,99.9,13.8,72,17.224,
21.9.2026,0:18:6.100,149.3,1.4,15.6,82,17.076,
21.9.2026,0:18:6.291,4633.8,99.7,13.4,73,16.889,
21.9.2026,0:18:6.497,3527.4,76.9,20.5,75,17.146,
21.9.2026,0:18:6.705,123.8,3.1,14.5,72,17.160,
21.9.2026,0:18:6.908,4645.0,99.7,14.1,72,17.232,
21.9.2026,0:18:7.117,143.2,2.1,14.0,74,17.123,
21.9.2026,0:18:7.320,4641.8,99.7,15.0,70,17.142,
21.9.2026,0:18:7.525,215.9,4.0,13.3,80,17.255,
21.9.2026,0:18:7.731,4627.9,99.6,20.7,69,17.062,
21.9.2026,0:18:7.937,4297.7,92.1,12.9,71,17.190,
21.9.2026,0:18:8.144,125.9,1.5,13.2,69,17.244,
21.9.2026,0:18:8.351,150.6,1.4,15.5,79,17.239,
21.9.2026,0:18:8.558,4647.3,99.7,13.0,70,17.007,
21.9.2026,0:18:8.763,153.5,8.8,17.0,78,17.074,
21.9.2026,0:18:8.969,4641.3,99.5,15.3,70,17.046,
21.9.2026,0:18:9.175,1122.4,28.7,13.5,80,17.351,
21.9.2026,0:18:9.382,4621.3,99.6,15.6,70,17.005,
21.9.2026,0:18:9.586,4641.9,99.5,12.9,72,17.123,
21.9.2026,0:18:9.794,4646.9,99.7,14.8,72,17.117,
21.9.2026,0:18:9.998,3566.3,79.4,18.2,70,17.065,
21.9.2026,0:18:10.206,776.7,16.0,13.9,80,17.114,
21.9.2026,0:18:10.410,752.6,15.0,13.9,80,16.970,
21.9.2026,0:18:10.618,4619.9,99.6,15.8,70,17.066,
21.9.2026,0:18:10.824,4315.6,93.0,16.7,71,17.125,
21.9.2026,0:18:11.030,4640.9,99.8,14.3,72,17.074,
21.9.2026,0:18:11.239,387.4,13.8,16.3,79,17.079,
21.9.2026,0:18:11.442,105.1,0.9,12.9,69,16.951,
21.9.2026,0:18:11.649,4542.9,97.8,16.1,68,18.307,
21.9.2026,0:18:11.855,4294.4,93.1,15.0,70,17.009,
21.9.2026,0:18:12.063,4650.8,99.8,17.3,70,17.052,
21.9.2026,0:18:12.266,504.0,16.5,17.1,79,17.577,
21.9.2026,0:18:12.475,4644.6,99.6,14.2,70,17.084,
21.9.2026,0:18:12.679,4631.3,99.6,14.7,70,17.061,
21.9.2026,0:18:12.885,4313.9,93.1,13.3,70,17.102,
21.9.2026,0:18:13.091,4311.2,93.0,17.5,68,17.177,
21.9.2026,0:18:13.296,4648.0,99.8,14.9,69,17.155,
21.9.2026,0:18:13.504,126.1,9.0,14.2,74,17.235,
21.9.2026,0:18:13.712,4648.8,99.7,14.1,72,17.097,
21.9.2026,0:18:13.916,197.4,2.3,14.3,79,17.095,
21.9.2026,0:18:14.124,3989.7,86.5,16.1,72,16.946,
21.9.2026,0:18:14.328,4636.0,99.5,15.8,70,17.118,
21.9.2026,0:18:14.535,158.8,8.9,15.4,75,17.353,
21.9.2026,0:18:14.741,4645.0,99.7,14.0,70,17.074,
21.9.2026,0:18:14.947,140.2,1.5,14.0,74,17.132,
21.9.2026,0:18:15.153,3576.5,77.9,19.6,70,17.019,
21.9.2026,0:18:15.359,4655.9,99.9,13.1,69,17.026,
21.9.2026,0:18:15.566,163.8,9.8,14.4,78,17.228,
21.9.2026,0:18:15.773,4295.2,92.1,15.0,69,16.975,
21.9.2026,0:18:15.978,202.6,2.5,15.1,79,17.070,
21.9.2026,0:18:16.186,2955.8,65.7,16.0,77,16.959,
21.9.2026,0:18:16.390,1098.8,22.9,14.0,80,16.946,
21.9.2026,0:18:16.597,4605.2,99.6,14.5,69,16.856,
21.9.2026,0:18:16.805,151.2,8.7,15.1,80,17.211,
21.9.2026,0:18:17.013,4641.4,99.6,13.2,70,16.978,
21.9.2026,0:18:17.217,208.6,9.7,17.5,79,17.142,
21.9.2026,0:18:17.425,139.8,2.1,13.2,73,17.162,
21.9.2026,0:18:17.632,153.1,0.8,14.8,75,17.155,
21.9.2026,0:18:17.837,119.2,1.6,13.5,79,17.136,
21.9.2026,0:18:18.028,281.6,12.7,20.6,79,17.136,
21.9.2026,0:18:18.233,2141.2,41.7,14.8,68,17.874,
21.9.2026,0:18:18.439,4116.4,95.0,25.4,70,21.424,
21.9.2026,0:18:18.646,205.0,3.6,14.3,80,17.228,
21.9.2026,0:18:18.851,4290.8,92.2,14.6,70,16.988,
21.9.2026,0:18:19.041,4641.0,99.6,14.1,69,16.988,
21.9.2026,0:18:19.248,1211.4,35.1,18.4,78,17.085,
21.9.2026,0:18:19.455,143.7,2.1,13.1,80,17.389,
21.9.2026,0:18:19.662,4618.7,99.6,15.4,70,16.878,
21.9.2026,0:18:19.868,132.8,8.7,13.6,74,17.109,
21.9.2026,0:18:20.059,4639.7,99.8,18.1,69,17.109,
21.9.2026,0:18:20.265,164.0,9.2,13.8,79,16.978,
21.9.2026,0:18:20.472,4636.8,99.5,15.0,70,17.204,
21.9.2026,0:18:20.677,4641.0,99.7,13.3,72,16.915,
21.9.2026,0:18:20.885,4655.5,99.8,13.1,70,17.068,
21.9.2026,0:18:21.073,4645.8,99.8,13.6,70,17.028,
21.9.2026,0:18:21.282,391.7,19.5,19.3,79,17.128,
21.9.2026,0:18:21.487,4292.7,91.9,15.3,69,17.297,
21.9.2026,0:18:21.693,4631.1,99.6,13.1,70,17.143,
21.9.2026,0:18:21.900,4651.1,99.8,14.7,69,17.109,
21.9.2026,0:18:22.089,4311.9,93.5,17.7,70,17.105,
21.9.2026,0:18:22.297,4654.6,99.8,14.0,70,17.099,
21.9.2026,0:18:22.502,4639.0,99.7,13.4,70,17.048,
21.9.2026,0:18:22.708,4630.5,99.7,14.9,70,17.032,
21.9.2026,0:18:22.914,4654.2,99.8,13.9,70,16.947,
21.9.2026,0:18:23.104,3974.2,87.3,17.3,71,17.072,
21.9.2026,0:18:23.310,4648.0,99.8,14.0,70,17.106,
21.9.2026,0:18:23.517,4654.6,99.8,13.8,70,17.104,
21.9.2026,0:18:23.723,4640.9,99.9,15.7,69,17.214,
21.9.2026,0:18:23.931,113.9,7.7,12.6,68,17.021,
21.9.2026,0:18:24.138,129.2,8.0,19.2,73,17.170,
21.9.2026,0:18:24.343,49.1,0.3,13.2,78,17.168,
21.9.2026,0:18:24.552,4643.9,99.6,14.9,70,17.147,
21.9.2026,0:18:24.755,4326.4,92.8,12.2,70,17.093,
21.9.2026,0:18:24.962,4644.9,99.8,15.6,70,17.060,
21.9.2026,0:18:25.168,2908.1,67.2,17.4,77,17.027,
21.9.2026,0:18:25.373,4639.2,99.6,14.1,69,17.136,
21.9.2026,0:18:25.581,4654.0,99.8,13.9,69,16.978,
21.9.2026,0:18:25.786,4651.9,99.8,13.2,72,16.961,
21.9.2026,0:18:25.991,4645.3,99.8,14.1,69,16.929,
21.9.2026,0:18:26.197,2543.8,57.5,13.7,75,17.110,
21.9.2026,0:18:26.402,4305.9,92.9,17.6,68,17.000,
21.9.2026,0:18:26.609,136.8,1.6,15.1,70,17.009,
21.9.2026,0:18:26.814,139.2,1.8,13.0,77,16.822,
21.9.2026,0:18:27.020,4307.1,92.3,12.2,70,17.089,
21.9.2026,0:18:27.226,1894.3,40.5,13.5,76,16.894,
21.9.2026,0:18:27.417,155.2,8.6,18.2,72,17.142,
21.9.2026,0:18:27.623,152.9,2.4,14.8,77,16.971,
21.9.2026,0:18:27.830,4631.5,99.6,14.7,69,17.230,
21.9.2026,0:18:28.037,117.8,8.0,14.0,78,16.991,
21.9.2026,0:18:28.244,1469.1,30.6,15.1,79,17.242,
21.9.2026,0:18:28.433,4641.8,99.6,17.3,69,17.086,
21.9.2026,0:18:28.640,132.7,9.1,15.0,78,17.030,
21.9.2026,0:18:28.845,4617.3,99.6,14.1,70,17.150,
21.9.2026,0:18:29.051,139.7,1.7,13.1,78,16.995,
21.9.2026,0:18:29.258,1130.3,23.4,14.6,79,17.137,
21.9.2026,0:18:29.448,4640.7,99.6,17.3,69,17.038,
21.9.2026,0:18:29.655,140.2,9.1,16.0,78,16.977,
21.9.2026,0:18:29.860,4636.9,99.9,14.0,70,17.212,
21.9.2026,0:18:30.068,194.4,3.1,13.1,78,16.932,
21.9.2026,0:18:30.276,46.4,0.0,13.7,72,17.280,
21.9.2026,0:18:30.464,46.4,0.0,13.7,72,17.094,
21.9.2026,0:18:30.670,4300.8,93.0,19.7,69,16.989,
21.9.2026,0:18:30.876,155.6,3.0,15.2,77,17.116,
21.9.2026,0:18:31.081,4639.5,99.8,15.2,69,16.960,
21.9.2026,0:18:31.288,4595.5,98.6,14.9,69,17.073,
21.9.2026,0:18:31.493,318.4,12.9,13.9,79,17.058,
21.9.2026,0:18:31.698,143.3,2.0,14.8,66,17.062,
21.9.2026,0:18:31.904,157.0,9.6,18.3,80,17.215,
21.9.2026,0:18:32.110,4637.2,99.8,14.3,69,16.948,
21.9.2026,0:18:32.317,41.2,6.7,16.7,77,17.242,
21.9.2026,0:18:32.523,43.0,0.0,13.0,79,17.139,
21.9.2026,0:18:32.730,4628.4,99.9,14.5,69,16.870,
21.9.2026,0:18:32.934,4644.6,100.0,19.3,69,16.964,
21.9.2026,0:18:33.140,4594.0,98.6,13.9,69,16.997,
21.9.2026,0:18:33.346,191.9,10.1,14.1,78,17.119,
21.9.2026,0:18:33.553,4650.4,99.9,14.0,69,16.959,
21.9.2026,0:18:33.761,34.7,0.0,15.2,78,17.152,
21.9.2026,0:18:33.966,184.1,9.9,19.0,79,17.082,
21.9.2026,0:18:34.174,4637.8,100.0,14.0,68,16.774,
21.9.2026,0:18:34.378,49.0,0.0,15.0,76,17.031,
21.9.2026,0:18:34.587,4607.6,99.9,15.9,62,17.273,
21.9.2026,0:18:34.789,66.1,7.2,13.6,76,16.695,
21.9.2026,0:18:34.995,4649.9,100.0,15.1,67,16.812,
21.9.2026,0:18:35.202,4621.6,99.9,19.8,68,17.754,
21.9.2026,0:18:35.407,2898.8,64.4,13.6,73,16.744,
21.9.2026,0:18:35.614,4577.2,98.3,15.2,68,16.789,
21.9.2026,0:18:35.820,4306.1,93.1,13.2,68,16.901,
21.9.2026,0:18:36.028,4650.6,99.9,14.5,69,16.814,
21.9.2026,0:18:36.234,182.2,9.6,17.5,69,16.887,
21.9.2026,0:18:36.439,184.3,2.7,14.7,77,17.245,
21.9.2026,0:18:36.646,61.2,0.9,12.9,77,16.917,
21.9.2026,0:18:36.851,4418.4,94.9,14.5,63,16.851,
21.9.2026,0:18:37.060,4644.6,99.6,15.3,69,16.783,
21.9.2026,0:18:37.265,4306.8,93.5,18.2,68,16.825,
21.9.2026,0:18:37.473,153.7,1.9,13.6,76,17.097,
21.9.2026,0:18:37.676,4310.5,92.5,13.3,67,16.853,
21.9.2026,0:18:37.883,4644.3,99.8,14.1,67,16.934,
21.9.2026,0:18:38.089,4651.6,99.9,14.0,68,16.970,
21.9.2026,0:18:38.295,4322.0,93.6,19.8,68,16.865,
21.9.2026,0:18:38.503,1429.8,29.9,14.6,75,16.846,
21.9.2026,0:18:38.706,45.2,0.3,13.8,77,17.071,
21.9.2026,0:18:38.913,4643.6,99.9,15.7,67,16.858,
21.9.2026,0:18:39.121,33.7,0.0,12.7,77,17.036,
21.9.2026,0:18:39.328,230.4,8.9,17.3,71,17.040,
21.9.2026,0:18:39.534,730.4,15.8,13.7,74,16.797,
21.9.2026,0:18:39.741,4595.1,98.5,13.9,67,16.867,
21.9.2026,0:18:39.946,201.5,10.6,15.9,77,16.973,
21.9.2026,0:18:40.137,4578.2,98.2,15.7,68,16.791,
21.9.2026,0:18:40.342,4304.0,93.3,16.0,66,17.020,
21.9.2026,0:18:40.550,93.7,1.1,14.8,76,17.038,
21.9.2026,0:18:40.758,4307.7,92.4,13.1,66,16.800,
21.9.2026,0:18:40.961,131.1,1.0,13.4,71,16.995,
21.9.2026,0:18:41.151,4296.4,92.1,15.0,66,16.875,
21.9.2026,0:18:41.359,199.0,10.3,18.2,76,17.128,
21.9.2026,0:18:41.566,70.4,0.0,13.8,75,17.008,
21.9.2026,0:18:41.772,4626.4,99.5,14.0,67,16.876,
21.9.2026,0:18:41.978,129.9,1.2,14.5,76,17.043,
21.9.2026,0:18:42.184,4632.3,99.7,17.3,67,16.887,
21.9.2026,0:18:42.391,2030.5,52.4,24.4,74,21.331,
21.9.2026,0:18:42.597,4643.9,99.7,12.9,69,16.819,
21.9.2026,0:18:42.805,4306.0,92.5,12.2,67,16.878,
21.9.2026,0:18:43.009,140.4,2.0,14.1,75,17.098,
21.9.2026,0:18:43.200,142.1,9.4,21.7,77,17.261,
21.9.2026,0:18:43.406,736.2,14.9,13.3,77,16.761,
21.9.2026,0:18:43.612,4624.8,99.6,15.5,67,16.798,
21.9.2026,0:18:43.818,4294.9,92.2,13.3,67,16.858,
21.9.2026,0:18:44.026,135.4,1.9,13.4,77,17.065,
21.9.2026,0:18:44.233,120.4,7.6,20.4,69,16.875,
21.9.2026,0:18:44.438,2878.5,61.5,12.7,73,16.919,
21.9.2026,0:18:44.644,4639.1,99.5,13.8,69,16.853,
21.9.2026,0:18:44.851,51.3,0.0,12.8,77,17.131,
21.9.2026,0:18:45.056,4632.9,99.6,14.2,69,16.898,
21.9.2026,0:18:45.264,140.1,15.5,19.8,77,17.053,
21.9.2026,0:18:45.469,2319.5,49.7,15.3,75,17.012,
21.9.2026,0:18:45.678,4638.2,99.6,13.9,68,16.817,
21.9.2026,0:18:45.882,4648.8,99.7,13.1,69,16.927,
21.9.2026,0:18:46.087,111.1,8.2,14.9,69,16.949,
21.9.2026,0:18:46.293,159.3,9.5,18.3,75,16.979,
21.9.2026,0:18:46.499,1880.8,39.9,13.7,75,16.863,
21.9.2026,0:18:46.706,4633.8,99.6,15.8,68,16.838,
21.9.2026,0:18:46.912,131.5,1.6,13.5,76,17.060,
21.9.2026,0:18:47.121,4312.2,92.6,14.0,67,16.747,
21.9.2026,0:18:47.324,4651.6,99.9,19.6,69,16.908,
21.9.2026,0:18:47.533,1311.8,32.8,14.9,75,16.823,
21.9.2026,0:18:47.736,4639.9,99.7,14.1,67,16.896,
21.9.2026,0:18:47.946,146.0,2.2,13.9,75,17.101,
21.9.2026,0:18:48.150,4630.1,99.5,13.9,67,16.801,
21.9.2026,0:18:48.356,154.7,15.1,18.8,77,17.110,
21.9.2026,0:18:48.562,170.3,3.1,14.4,75,17.041,
21.9.2026,0:18:48.769,351.6,6.3,14.5,77,16.791,
21.9.2026,0:18:48.976,351.6,6.3,14.5,77,16.791,
21.9.2026,0:18:49.181,351.6,6.3,14.5,77,26.947,
21.9.2026,0:18:49.389,351.6,6.3,14.5,77,26.947,
21.9.2026,0:18:49.594,351.6,6.3,14.5,77,26.947,
21.9.2026,0:18:49.804,351.6,6.3,14.5,77,26.947,
21.9.2026,0:18:50.007,351.6,6.3,14.5,77,26.947,
21.9.2026,0:18:50.200,351.6,6.3,14.5,77,26.947,
21.9.2026,0:18:50.405,351.6,6.3,14.5,77,26.947,
21.9.2026,0:18:50.611,351.6,6.3,14.5,77,26.947,
21.9.2026,0:18:50.816,351.6,6.3,14.5,77,26.947,
21.9.2026,0:18:51.024,351.6,6.3,14.5,77,26.947,
21.9.2026,0:18:51.212,351.6,6.3,14.5,77,26.947,
21.9.2026,0:18:51.420,351.6,6.3,14.5,77,26.947,
21.9.2026,0:18:51.625,351.6,6.3,14.5,77,26.947,
21.9.2026,0:18:51.834,351.6,6.3,14.5,77,26.947,
21.9.2026,0:18:52.038,351.6,6.3,14.5,77,26.947,
21.9.2026,0:18:52.230,351.6,6.3,14.5,77,26.947,
21.9.2026,0:18:52.435,351.6,6.3,14.5,77,26.947,
21.9.2026,0:18:52.643,351.6,6.3,14.5,77,26.947,
21.9.2026,0:18:52.847,351.6,6.3,14.5,77,26.947,
21.9.2026,0:18:53.056,351.6,6.3,14.5,77,26.947,
21.9.2026,0:18:53.244,351.6,6.3,14.5,77,26.947,
21.9.2026,0:18:53.452,351.6,6.3,14.5,77,26.947,
21.9.2026,0:18:53.657,351.6,6.3,14.5,77,26.947,
21.9.2026,0:18:53.878,351.6,6.3,14.5,77,26.947,
21.9.2026,0:18:54.069,4406.0,99.9,24.8,82,26.947,
21.9.2026,0:18:54.259,4406.0,99.9,24.8,82,26.947,
21.9.2026,0:18:54.466,4406.0,99.9,24.8,82,26.947,
21.9.2026,0:18:54.673,4406.0,99.9,24.8,82,26.947,
21.9.2026,0:18:54.879,4406.0,99.9,24.8,82,26.947,
21.9.2026,0:18:55.086,4406.0,99.9,24.8,82,26.947,
21.9.2026,0:18:55.275,4406.0,99.9,24.8,82,26.947,
21.9.2026,0:18:55.495,4406.0,99.9,24.8,82,26.947,
21.9.2026,0:18:55.690,4406.0,99.9,24.8,82,26.947,
21.9.2026,0:18:55.895,4406.0,99.9,24.8,82,26.947,
21.9.2026,0:18:56.101,4406.0,99.9,24.8,82,26.947,
21.9.2026,0:18:56.292,4406.0,99.9,24.8,82,26.947,
21.9.2026,0:18:56.506,4406.0,99.9,24.8,82,26.947,
21.9.2026,0:18:56.704,4406.0,99.9,24.8,82,26.947,
21.9.2026,0:18:56.911,4406.0,99.9,24.8,82,26.947,
21.9.2026,0:18:57.132,4406.0,99.9,24.8,82,26.947,
21.9.2026,0:18:57.308,4406.0,99.9,24.8,82,26.947,
21.9.2026,0:18:57.514,4406.0,99.9,24.8,82,26.947,
21.9.2026,0:18:57.721,4406.0,99.9,24.8,82,26.947,
21.9.2026,0:18:57.924,4406.0,99.9,24.8,82,26.947,
21.9.2026,0:18:58.145,4406.0,99.9,24.8,82,26.947,
21.9.2026,0:18:58.346,4406.0,99.9,24.8,82,26.947,
21.9.2026,0:18:58.540,4406.0,99.9,24.8,82,26.947,
21.9.2026,0:18:58.746,4208.9,100.0,26.7,83,26.947,
21.9.2026,0:18:58.950,4208.9,100.0,26.7,83,26.840,
21.9.2026,0:18:59.155,4208.9,100.0,26.7,83,26.840,
21.9.2026,0:18:59.363,4208.9,100.0,26.7,83,26.840,
21.9.2026,0:18:59.581,4208.9,100.0,26.7,83,26.840,
21.9.2026,0:18:59.772,4208.9,100.0,26.7,83,26.840,
21.9.2026,0:18:59.978,4208.9,100.0,26.7,83,26.840,
21.9.2026,0:19:0.186,4208.9,100.0,26.7,83,26.840,
21.9.2026,0:19:0.406,4208.9,100.0,26.7,83,26.840,
21.9.2026,0:19:0.596,4208.9,100.0,26.7,83,26.840,
21.9.2026,0:19:0.802,4208.9,100.0,26.7,83,26.840,
21.9.2026,0:19:1.008,4208.9,100.0,26.7,83,26.840,
21.9.2026,0:19:1.230,4208.9,100.0,26.7,83,26.840,
21.9.2026,0:19:1.420,4208.9,100.0,26.7,83,26.840,
21.9.2026,0:19:1.626,4208.9,100.0,26.7,83,26.840,
21.9.2026,0:19:1.843,4208.9,100.0,26.7,83,26.840,
21.9.2026,0:19:2.038,4208.9,100.0,26.7,83,26.840,
21.9.2026,0:19:2.248,4208.9,100.0,26.7,83,26.840,
21.9.2026,0:19:2.468,4208.9,100.0,26.7,83,26.840,
21.9.2026,0:19:2.658,4208.9,100.0,26.7,83,26.840,
21.9.2026,0:19:2.864,4208.9,100.0,26.7,83,26.840,
21.9.2026,0:19:3.086,4208.9,100.0,26.7,83,26.840,
21.9.2026,0:19:3.276,4208.9,100.0,26.7,83,26.840,
21.9.2026,0:19:3.483,4116.6,100.0,26.9,86,26.840,
21.9.2026,0:19:3.704,4116.6,100.0,26.9,86,26.331,
21.9.2026,0:19:3.909,4116.6,100.0,26.9,86,26.331,
21.9.2026,0:19:4.116,4116.6,100.0,26.9,86,26.331,
21.9.2026,0:19:4.307,4116.6,100.0,26.9,86,26.331,
21.9.2026,0:19:4.513,4116.6,100.0,26.9,86,26.331,
21.9.2026,0:19:4.720,4116.6,100.0,26.9,86,26.331,
21.9.2026,0:19:4.926,4116.6,100.0,26.9,86,26.331,
21.9.2026,0:19:5.147,4116.6,100.0,26.9,86,26.331,
21.9.2026,0:19:5.346,4116.6,100.0,26.9,86,26.331,
21.9.2026,0:19:5.544,4116.6,100.0,26.9,86,26.331,
21.9.2026,0:19:5.750,4116.6,100.0,26.9,86,26.331,
21.9.2026,0:19:5.957,4116.6,100.0,26.9,86,26.331,
21.9.2026,0:19:6.148,4116.6,100.0,26.9,86,26.331,
21.9.2026,0:19:6.354,4116.6,100.0,26.9,86,26.331,
21.9.2026,0:19:6.561,4116.6,100.0,26.9,86,26.331,
21.9.2026,0:19:6.751,4116.6,100.0,26.9,86,26.331,
21.9.2026,0:19:6.957,4116.6,100.0,26.9,86,26.331,
21.9.2026,0:19:7.164,4116.6,100.0,26.9,86,26.331,
21.9.2026,0:19:7.353,4116.6,100.0,26.9,86,26.331,
21.9.2026,0:19:7.560,4116.6,100.0,26.9,86,26.331,
21.9.2026,0:19:7.782,4116.6,100.0,26.9,86,26.331,
21.9.2026,0:19:7.973,4116.6,100.0,26.9,86,26.331,
21.9.2026,0:19:8.179,4028.8,100.0,27.0,60,26.331,
21.9.2026,0:19:8.369,4028.8,100.0,27.0,60,25.755,
21.9.2026,0:19:8.574,4028.8,100.0,27.0,60,25.755,
21.9.2026,0:19:8.780,4028.8,100.0,27.0,60,25.755,
21.9.2026,0:19:8.987,4028.8,100.0,27.0,60,25.755,
21.9.2026,0:19:9.192,4028.8,100.0,27.0,60,25.755,
21.9.2026,0:19:9.400,4028.8,100.0,27.0,60,25.755,
21.9.2026,0:19:9.605,4028.8,100.0,27.0,60,25.755,
21.9.2026,0:19:9.813,4028.8,100.0,27.0,60,25.755,
21.9.2026,0:19:10.018,4028.8,100.0,27.0,60,25.755,
21.9.2026,0:19:10.224,4028.8,100.0,27.0,60,25.755,
21.9.2026,0:19:10.430,4028.8,100.0,27.0,60,25.755,
21.9.2026,0:19:10.636,4028.8,100.0,27.0,60,25.755,
21.9.2026,0:19:10.843,4028.8,100.0,27.0,60,25.755,
21.9.2026,0:19:11.049,4028.8,100.0,27.0,60,25.755,
21.9.2026,0:19:11.254,4028.8,100.0,27.0,60,25.755,
21.9.2026,0:19:11.461,4028.8,100.0,27.0,60,25.755,
21.9.2026,0:19:11.671,4028.8,100.0,27.0,60,25.755,
21.9.2026,0:19:11.875,4028.8,100.0,27.0,60,25.755,
21.9.2026,0:19:12.082,4028.8,100.0,27.0,60,25.755,
21.9.2026,0:19:12.288,4028.8,100.0,27.0,60,25.755,
21.9.2026,0:19:12.479,4028.8,100.0,27.0,60,25.755,
21.9.2026,0:19:12.685,4028.8,100.0,27.0,60,25.755,
21.9.2026,0:19:12.892,4028.8,100.0,27.0,60,25.755,
21.9.2026,0:19:13.102,4125.7,100.0,27.1,86,26.175,
21.9.2026,0:19:13.306,4125.7,100.0,27.1,86,26.175,
21.9.2026,0:19:13.512,4125.7,100.0,27.1,86,26.175,
21.9.2026,0:19:13.718,4125.7,100.0,27.1,86,26.175,
21.9.2026,0:19:13.925,4125.7,100.0,27.1,86,26.175,
21.9.2026,0:19:14.132,4125.7,100.0,27.1,86,26.175,
21.9.2026,0:19:14.338,4125.7,100.0,27.1,86,26.175,
21.9.2026,0:19:14.545,4125.7,100.0,27.1,86,26.175,
21.9.2026,0:19:14.749,4125.7,100.0,27.1,86,26.175,
21.9.2026,0:19:14.955,4125.7,100.0,27.1,86,26.175,
21.9.2026,0:19:15.161,4125.7,100.0,27.1,86,26.175,
21.9.2026,0:19:15.367,4125.7,100.0,27.1,86,26.175,
21.9.2026,0:19:15.573,4125.7,100.0,27.1,86,26.175,
21.9.2026,0:19:15.780,4125.7,100.0,27.1,86,26.175,
21.9.2026,0:19:15.987,4125.7,100.0,27.1,86,26.175,
21.9.2026,0:19:16.192,4125.7,100.0,27.1,86,26.175,
21.9.2026,0:19:16.400,4125.7,100.0,27.1,86,26.175,
21.9.2026,0:19:16.608,4125.7,100.0,27.1,86,26.175,
21.9.2026,0:19:16.810,4125.7,100.0,27.1,86,26.175,
21.9.2026,0:19:17.016,4125.7,100.0,27.1,86,26.175,
21.9.2026,0:19:17.223,4125.7,100.0,27.1,86,26.175,
21.9.2026,0:19:17.426,4125.7,100.0,27.1,86,26.175,
21.9.2026,0:19:17.631,4125.7,100.0,27.1,86,26.175,
21.9.2026,0:19:17.836,4269.3,100.0,26.3,86,26.832,
21.9.2026,0:19:18.040,4269.3,100.0,26.3,86,26.832,
21.9.2026,0:19:18.248,4269.3,100.0,26.3,86,26.832,
21.9.2026,0:19:18.452,4269.3,100.0,26.3,86,26.832,
21.9.2026,0:19:18.660,4269.3,100.0,26.3,86,26.832,
21.9.2026,0:19:18.865,4269.3,100.0,26.3,86,26.832,
21.9.2026,0:19:19.070,4269.3,100.0,26.3,86,26.832,
21.9.2026,0:19:19.275,4269.3,100.0,26.3,86,26.832,
21.9.2026,0:19:19.482,4269.3,100.0,26.3,86,26.832,
21.9.2026,0:19:19.689,4269.3,100.0,26.3,86,26.832,
21.9.2026,0:19:19.894,4269.3,100.0,26.3,86,26.832,
21.9.2026,0:19:20.101,4269.3,100.0,26.3,86,26.832,
21.9.2026,0:19:20.307,4269.3,100.0,26.3,86,26.832,
21.9.2026,0:19:20.528,4269.3,100.0,26.3,86,26.832,
21.9.2026,0:19:20.719,4269.3,100.0,26.3,86,26.832,
21.9.2026,0:19:20.925,4269.3,100.0,26.3,86,26.832,
21.9.2026,0:19:21.132,4269.3,100.0,26.3,86,26.832,
21.9.2026,0:19:21.339,4269.3,100.0,26.3,86,26.832,
21.9.2026,0:19:21.545,4269.3,100.0,26.3,86,26.832,
21.9.2026,0:19:21.753,4269.3,100.0,26.3,86,26.832,
21.9.2026,0:19:21.957,4269.3,100.0,26.3,86,26.832,
21.9.2026,0:19:22.166,4269.3,100.0,26.3,86,26.832,
21.9.2026,0:19:22.369,4269.3,100.0,26.3,86,26.832,
21.9.2026,0:19:22.580,4215.1,100.0,26.9,86,26.832,
21.9.2026,0:19:22.783,4215.1,100.0,26.9,86,26.564,
21.9.2026,0:19:22.990,4215.1,100.0,26.9,86,26.564,
21.9.2026,0:19:23.196,4215.1,100.0,26.9,86,26.564,
21.9.2026,0:19:23.385,4215.1,100.0,26.9,86,26.564,
21.9.2026,0:19:23.606,4215.1,100.0,26.9,86,26.564,
21.9.2026,0:19:23.796,4215.1,100.0,26.9,86,26.564,
21.9.2026,0:19:24.003,4215.1,100.0,26.9,86,26.564,
21.9.2026,0:19:24.208,4215.1,100.0,26.9,86,26.564,
21.9.2026,0:19:24.414,4215.1,100.0,26.9,86,26.564,
21.9.2026,0:19:24.620,4215.1,100.0,26.9,86,26.564,
21.9.2026,0:19:24.828,4215.1,100.0,26.9,86,26.564,
21.9.2026,0:19:25.030,4215.1,100.0,26.9,86,26.564,
21.9.2026,0:19:25.237,4215.1,100.0,26.9,86,26.564,
21.9.2026,0:19:25.441,4215.1,100.0,26.9,86,26.564,
21.9.2026,0:19:25.648,4215.1,100.0,26.9,86,26.564,
21.9.2026,0:19:25.852,4215.1,100.0,26.9,86,26.564,
21.9.2026,0:19:26.072,4215.1,100.0,26.9,86,26.564,
21.9.2026,0:19:26.267,4215.1,100.0,26.9,86,26.564,
21.9.2026,0:19:26.472,4215.1,100.0,26.9,86,26.564,
21.9.2026,0:19:26.680,4215.1,100.0,26.9,86,26.564,
21.9.2026,0:19:26.884,4215.1,100.0,26.9,86,26.564,
21.9.2026,0:19:27.090,4215.1,100.0,26.9,86,26.564,
21.9.2026,0:19:27.298,4215.1,100.0,26.9,86,26.564,
21.9.2026,0:19:27.503,4104.5,100.0,26.9,85,25.834,
21.9.2026,0:19:27.712,4104.5,100.0,26.9,85,25.834,
21.9.2026,0:19:27.916,4104.5,100.0,26.9,85,25.834,
21.9.2026,0:19:28.122,4104.5,100.0,26.9,85,25.834,
21.9.2026,0:19:28.329,4104.5,100.0,26.9,85,25.834,
21.9.2026,0:19:28.536,4104.5,100.0,26.9,85,25.834,
21.9.2026,0:19:28.742,4104.5,100.0,26.9,85,25.834,
21.9.2026,0:19:28.961,4104.5,100.0,26.9,85,25.834,
21.9.2026,0:19:29.155,4104.5,100.0,26.9,85,25.834,
21.9.2026,0:19:29.377,4104.5,100.0,26.9,85,25.834,
21.9.2026,0:19:29.569,4104.5,100.0,26.9,85,25.834,
21.9.2026,0:19:29.774,4104.5,100.0,26.9,85,25.834,
21.9.2026,0:19:29.992,4104.5,100.0,26.9,85,25.834,
21.9.2026,0:19:30.186,4104.5,100.0,26.9,85,25.834,
21.9.2026,0:19:30.393,4104.5,100.0,26.9,85,25.834,
21.9.2026,0:19:30.600,4104.5,100.0,26.9,85,25.834,
21.9.2026,0:19:30.808,4104.5,100.0,26.9,85,25.834,
21.9.2026,0:19:31.012,4104.5,100.0,26.9,85,25.834,
21.9.2026,0:19:31.235,4104.5,100.0,26.9,85,25.834,
21.9.2026,0:19:31.441,4104.5,100.0,26.9,85,25.834,
21.9.2026,0:19:31.632,4104.5,100.0,26.9,85,25.834,
21.9.2026,0:19:31.840,4104.5,100.0,26.9,85,25.834,
21.9.2026,0:19:32.059,4104.5,100.0,26.9,85,25.834,
21.9.2026,0:19:32.260,4098.0,100.0,27.3,86,26.085,
21.9.2026,0:19:32.458,4098.0,100.0,27.3,86,26.085,
21.9.2026,0:19:32.665,4098.0,100.0,27.3,86,26.085,
21.9.2026,0:19:32.885,4098.0,100.0,27.3,86,26.085,
21.9.2026,0:19:33.079,4098.0,100.0,27.3,86,26.085,
21.9.2026,0:19:33.285,4098.0,100.0,27.3,86,26.085,
21.9.2026,0:19:33.490,4098.0,100.0,27.3,86,26.085,
21.9.2026,0:19:33.698,4098.0,100.0,27.3,86,26.085,
21.9.2026,0:19:33.903,4098.0,100.0,27.3,86,26.085,
21.9.2026,0:19:34.111,4098.0,100.0,27.3,86,26.085,
21.9.2026,0:19:34.315,4098.0,100.0,27.3,86,26.085,
21.9.2026,0:19:34.522,4098.0,100.0,27.3,86,26.085,
21.9.2026,0:19:34.729,4098.0,100.0,27.3,86,26.085,
21.9.2026,0:19:34.933,4098.0,100.0,27.3,86,26.085,
21.9.2026,0:19:35.139,4098.0,100.0,27.3,86,26.085,
21.9.2026,0:19:35.345,4098.0,100.0,27.3,86,26.085,
21.9.2026,0:19:35.553,4098.0,100.0,27.3,86,26.085,
21.9.2026,0:19:35.757,4098.0,100.0,27.3,86,26.085,
21.9.2026,0:19:35.964,4098.0,100.0,27.3,86,26.085,
21.9.2026,0:19:36.170,4098.0,100.0,27.3,86,26.085,
21.9.2026,0:19:36.393,4098.0,100.0,27.3,86,26.085,
21.9.2026,0:19:36.586,4098.0,100.0,27.3,86,26.085,
21.9.2026,0:19:36.789,4098.0,100.0,27.3,86,26.085,
21.9.2026,0:19:37.011,4126.2,100.0,26.7,87,25.574,
21.9.2026,0:19:37.203,4126.2,100.0,26.7,87,25.574,
21.9.2026,0:19:37.407,4126.2,100.0,26.7,87,25.574,
21.9.2026,0:19:37.626,4126.2,100.0,26.7,87,25.574,
21.9.2026,0:19:37.820,4126.2,100.0,26.7,87,25.574,
21.9.2026,0:19:38.027,4126.2,100.0,26.7,87,25.574,
21.9.2026,0:19:38.232,4126.2,100.0,26.7,87,25.574,
21.9.2026,0:19:38.438,4126.2,100.0,26.7,87,25.574,
21.9.2026,0:19:38.646,4126.2,100.0,26.7,87,25.574,
21.9.2026,0:19:38.866,4126.2,100.0,26.7,87,25.574,
21.9.2026,0:19:39.061,4126.2,100.0,26.7,87,25.574,
21.9.2026,0:19:39.280,4126.2,100.0,26.7,87,25.574,
21.9.2026,0:19:39.471,4126.2,100.0,26.7,87,25.574,
21.9.2026,0:19:39.691,4126.2,100.0,26.7,87,25.574,
21.9.2026,0:19:39.881,4126.2,100.0,26.7,87,25.574,
21.9.2026,0:19:40.088,4126.2,100.0,26.7,87,25.574,
21.9.2026,0:19:40.308,4126.2,100.0,26.7,87,25.574,
21.9.2026,0:19:40.502,4126.2,100.0,26.7,87,25.574,
21.9.2026,0:19:40.714,4126.2,100.0,26.7,87,25.574,
21.9.2026,0:19:40.927,4126.2,100.0,26.7,87,25.574,
21.9.2026,0:19:41.128,4126.2,100.0,26.7,87,25.574,
21.9.2026,0:19:41.324,4126.2,100.0,26.7,87,25.574,
21.9.2026,0:19:41.530,4126.2,100.0,26.7,87,25.574,
21.9.2026,0:19:41.736,4074.6,100.0,27.1,85,25.329,
21.9.2026,0:19:41.941,4074.6,100.0,27.1,85,25.329,
21.9.2026,0:19:42.149,4074.6,100.0,27.1,85,25.329,
21.9.2026,0:19:42.361,4074.6,100.0,27.1,85,25.329,
21.9.2026,0:19:42.573,4074.6,100.0,27.1,85,25.329,
21.9.2026,0:19:42.767,4074.6,100.0,27.1,85,25.329,
21.9.2026,0:19:42.974,4074.6,100.0,27.1,85,25.329,
21.9.2026,0:19:43.196,4074.6,100.0,27.1,85,25.329,
21.9.2026,0:19:43.386,4074.6,100.0,27.1,85,25.329,
21.9.2026,0:19:43.593,4074.6,100.0,27.1,85,25.329,
21.9.2026,0:19:43.811,4074.6,100.0,27.1,85,25.329,
21.9.2026,0:19:44.005,4074.6,100.0,27.1,85,25.329,
21.9.2026,0:19:44.212,4074.6,100.0,27.1,85,25.329,
21.9.2026,0:19:44.418,4074.6,100.0,27.1,85,25.329,
21.9.2026,0:19:44.625,4074.6,100.0,27.1,85,25.329,
21.9.2026,0:19:44.842,4074.6,100.0,27.1,85,25.329,
21.9.2026,0:19:45.038,4074.6,100.0,27.1,85,25.329,
21.9.2026,0:19:45.257,4074.6,100.0,27.1,85,25.329,
21.9.2026,0:19:45.450,4074.6,100.0,27.1,85,25.329,
21.9.2026,0:19:45.671,4074.6,100.0,27.1,85,25.329,
21.9.2026,0:19:45.865,4074.6,100.0,27.1,85,25.329,
21.9.2026,0:19:46.070,4074.6,100.0,27.1,85,25.329,
21.9.2026,0:19:46.292,4074.6,100.0,27.1,85,25.329,
21.9.2026,0:19:46.482,4097.3,100.0,27.1,87,25.329,
21.9.2026,0:19:46.690,4097.3,100.0,27.1,87,25.452,
21.9.2026,0:19:46.895,4097.3,100.0,27.1,87,25.452,
21.9.2026,0:19:47.102,4097.3,100.0,27.1,87,25.452,
21.9.2026,0:19:47.308,4097.3,100.0,27.1,87,25.452,
21.9.2026,0:19:47.528,4097.3,100.0,27.1,87,25.452,
21.9.2026,0:19:47.720,4097.3,100.0,27.1,87,25.452,
21.9.2026,0:19:47.926,4097.3,100.0,27.1,87,25.452,
21.9.2026,0:19:48.133,4097.3,100.0,27.1,87,25.452,
21.9.2026,0:19:48.339,4097.3,100.0,27.1,87,25.452,
21.9.2026,0:19:48.548,4097.3,100.0,27.1,87,25.452,
21.9.2026,0:19:48.751,4097.3,100.0,27.1,87,25.452,
21.9.2026,0:19:48.958,4097.3,100.0,27.1,87,25.452,
21.9.2026,0:19:49.165,1504.5,59.4,55.4,67,25.452,
21.9.2026,0:19:49.370,269.3,12.5,17.0,79,23.037,
21.9.2026,0:19:49.577,4642.3,99.6,15.4,72,17.229,
21.9.2026,0:19:49.784,4634.9,99.7,15.6,72,16.792,
21.9.2026,0:19:49.989,4647.7,99.8,13.4,72,16.831,
21.9.2026,0:19:50.197,166.7,9.1,14.8,78,16.806,
21.9.2026,0:19:50.402,1859.5,44.0,18.2,77,17.138,
21.9.2026,0:19:50.612,159.3,0.0,13.3,79,16.853,
21.9.2026,0:19:50.815,4631.2,99.5,14.8,70,17.002,
21.9.2026,0:19:51.021,4631.6,99.6,15.0,72,16.735,
21.9.2026,0:19:51.228,4652.0,99.8,13.0,70,16.706,
21.9.2026,0:19:51.437,175.7,9.1,20.1,73,16.672,
21.9.2026,0:19:51.642,151.9,2.4,12.7,77,16.890,
21.9.2026,0:19:51.848,4639.8,99.6,16.5,70,16.745,
21.9.2026,0:19:52.055,4632.8,99.5,14.6,69,16.702,
21.9.2026,0:19:52.262,141.0,8.8,16.3,79,16.798,
21.9.2026,0:19:52.470,1087.6,22.2,14.5,78,16.958,
21.9.2026,0:19:52.674,2563.1,55.0,14.1,75,16.873,
21.9.2026,0:19:52.881,4645.0,99.6,16.2,70,16.564,
21.9.2026,0:19:53.088,2525.2,53.7,13.6,75,16.704,
21.9.2026,0:19:53.298,4627.9,99.6,18.1,69,16.830,
21.9.2026,0:19:53.502,404.0,13.9,13.7,75,16.669,
21.9.2026,0:19:53.709,4639.3,99.6,16.1,69,16.817,
21.9.2026,0:19:53.915,186.4,3.1,13.0,76,16.678,
21.9.2026,0:19:54.122,4646.5,99.7,19.0,70,16.856,
21.9.2026,0:19:54.329,2516.9,56.5,14.3,69,16.681,
21.9.2026,0:19:54.534,131.9,2.0,13.8,76,16.740,
21.9.2026,0:19:54.740,4643.7,99.7,13.9,69,16.803,
21.9.2026,0:19:54.946,158.6,2.7,13.4,76,16.723,
21.9.2026,0:19:55.152,1786.0,42.1,24.5,77,17.002,
21.9.2026,0:19:55.360,3933.3,84.4,14.0,71,16.671,
21.9.2026,0:19:55.566,4636.9,99.6,13.3,69,16.645,
21.9.2026,0:19:55.771,4643.8,99.7,13.9,69,16.650,
21.9.2026,0:19:55.977,4641.4,99.8,13.5,69,16.639,
21.9.2026,0:19:56.183,3504.6,78.3,20.2,73,16.674,
21.9.2026,0:19:56.391,126.5,0.8,14.5,69,16.623,
21.9.2026,0:19:56.596,4625.4,99.6,13.4,69,16.776,
21.9.2026,0:19:56.803,4645.5,99.6,14.6,69,16.572,
21.9.2026,0:19:57.009,4650.9,99.8,14.1,72,16.682,
21.9.2026,0:19:57.215,4642.1,99.9,17.6,69,16.753,
21.9.2026,0:19:57.422,3217.4,70.9,14.0,72,16.643,
21.9.2026,0:19:57.629,4622.4,99.6,15.9,69,16.665,
21.9.2026,0:19:57.838,4653.4,99.9,13.7,69,16.615,
21.9.2026,0:19:58.041,4648.8,99.8,14.3,67,16.607,
21.9.2026,0:19:58.248,135.1,8.5,17.6,73,16.748,
21.9.2026,0:19:58.454,140.2,2.0,14.7,75,16.995,
21.9.2026,0:19:58.663,4622.2,99.6,14.9,67,16.852,
21.9.2026,0:19:58.868,4639.0,99.7,13.9,68,16.598,
21.9.2026,0:19:59.078,170.8,15.1,18.6,77,16.569,
21.9.2026,0:19:59.282,1829.3,38.7,13.2,75,16.941,
21.9.2026,0:19:59.488,1793.4,37.3,15.5,68,16.646,
21.9.2026,0:19:59.695,2504.9,53.7,13.4,75,16.554,
21.9.2026,0:19:59.900,4630.5,99.6,13.4,68,16.629,
21.9.2026,0:20:0.106,110.7,8.1,18.6,74,16.557,
21.9.2026,0:20:0.313,183.3,3.2,14.0,76,16.962,
21.9.2026,0:20:0.523,1479.1,30.9,17.1,74,16.975,
21.9.2026,0:20:0.726,4627.3,99.5,13.2,68,16.677,
21.9.2026,0:20:0.933,4629.6,99.6,19.9,68,16.523,
21.9.2026,0:20:1.139,4641.7,99.9,13.9,69,16.504,
21.9.2026,0:20:1.344,1194.9,27.7,22.7,61,16.497,
21.9.2026,0:20:1.551,1107.6,28.6,14.0,77,18.964,
21.9.2026,0:20:1.757,4619.3,99.6,14.8,68,16.827,
21.9.2026,0:20:1.965,4640.3,99.6,16.6,67,16.443,
21.9.2026,0:20:2.171,2493.5,59.1,16.0,69,16.557,
21.9.2026,0:20:2.376,4645.2,99.6,13.9,68,16.828,
21.9.2026,0:20:2.583,826.8,23.5,14.3,74,16.498,
21.9.2026,0:20:2.791,2508.8,53.0,14.2,69,16.771,
21.9.2026,0:20:2.996,2495.4,56.2,17.5,68,16.475,
21.9.2026,0:20:3.203,4633.7,99.6,16.0,67,16.429,
21.9.2026,0:20:3.410,4642.7,99.6,13.8,68,16.747,
21.9.2026,0:20:3.619,96.5,7.6,14.0,76,16.513,
21.9.2026,0:20:3.823,4626.6,99.7,13.1,67,16.846,
21.9.2026,0:20:4.028,105.6,8.2,17.5,67,16.475,
21.9.2026,0:20:4.234,322.5,6.0,14.3,72,16.530,
21.9.2026,0:20:4.441,4280.5,91.7,18.7,66,16.606,
21.9.2026,0:20:4.648,118.2,0.6,12.5,71,16.410,
21.9.2026,0:20:4.855,127.3,8.2,16.1,69,16.658,
21.9.2026,0:20:5.063,2478.4,52.8,15.2,69,16.518,
21.9.2026,0:20:5.268,2507.7,53.4,13.4,74,16.500,
21.9.2026,0:20:5.477,3577.4,76.7,13.4,70,16.634,
21.9.2026,0:20:5.680,2502.3,53.0,14.3,68,16.539,
21.9.2026,0:20:5.888,4637.5,99.5,17.1,67,16.479,
21.9.2026,0:20:6.095,4646.0,99.9,14.1,68,16.567,
21.9.2026,0:20:6.299,116.4,9.1,14.2,75,16.478,
21.9.2026,0:20:6.506,3204.7,68.6,17.0,71,16.778,
21.9.2026,0:20:6.712,4631.5,99.6,13.3,68,16.454,
21.9.2026,0:20:6.919,102.8,8.0,18.8,68,16.411,
21.9.2026,0:20:7.127,4636.2,99.6,16.9,67,16.528,
21.9.2026,0:20:7.331,4641.7,99.6,13.3,67,16.559,
21.9.2026,0:20:7.539,2869.9,64.1,14.6,68,16.509,
21.9.2026,0:20:7.743,4631.0,99.6,15.7,66,16.542,
21.9.2026,0:20:7.953,2500.7,56.3,20.9,66,16.449,
21.9.2026,0:20:8.155,4621.9,99.5,13.7,66,16.417,
21.9.2026,0:20:8.362,107.9,8.2,14.8,66,16.631,
21.9.2026,0:20:8.570,2207.0,46.4,14.4,73,16.439,
21.9.2026,0:20:8.776,4629.2,99.6,14.2,66,16.563,
21.9.2026,0:20:8.982,135.0,8.1,17.7,68,16.443,
21.9.2026,0:20:9.188,4639.7,99.6,14.9,66,16.419,
21.9.2026,0:20:9.395,4638.2,99.6,13.2,67,16.630,
21.9.2026,0:20:9.601,1456.7,35.7,13.9,73,16.491,
21.9.2026,0:20:9.809,4637.8,99.6,17.2,66,16.451,
21.9.2026,0:20:10.014,4632.5,99.6,14.9,67,16.554,
21.9.2026,0:20:10.222,220.9,10.4,14.0,72,16.349,
21.9.2026,0:20:10.426,4632.7,99.6,18.5,67,16.740,
21.9.2026,0:20:10.632,811.3,16.3,13.6,74,16.440,
21.9.2026,0:20:10.837,4645.2,99.7,14.2,67,16.567,
21.9.2026,0:20:11.044,153.5,9.2,19.1,73,16.477,
21.9.2026,0:20:11.251,4636.6,99.6,14.9,66,16.700,
21.9.2026,0:20:11.455,4639.9,99.6,16.0,65,16.525,
21.9.2026,0:20:11.661,416.7,15.0,14.1,72,16.506,
21.9.2026,0:20:11.867,1492.2,31.3,13.4,73,16.452,
21.9.2026,0:20:12.076,2507.9,56.7,16.6,68,16.486,
21.9.2026,0:20:12.280,310.8,6.2,17.0,73,16.423,
21.9.2026,0:20:12.488,4643.5,99.6,16.0,66,17.474,
21.9.2026,0:20:12.694,59.8,0.0,13.4,68,16.431,
21.9.2026,0:20:12.900,4648.7,99.8,13.7,67,16.446,
21.9.2026,0:20:13.110,4627.9,99.5,20.6,66,16.460,
21.9.2026,0:20:13.313,90.2,7.4,16.4,69,16.541,
21.9.2026,0:20:13.519,264.3,5.2,14.2,75,16.429,
21.9.2026,0:20:13.724,4633.2,99.6,15.0,65,16.972,
21.9.2026,0:20:13.932,4643.3,99.6,14.1,66,16.355,
21.9.2026,0:20:14.137,4642.0,99.8,15.8,67,16.489,
21.9.2026,0:20:14.343,4641.2,99.8,14.0,67,16.329,
21.9.2026,0:20:14.549,3392.1,74.5,13.3,69,16.481,
21.9.2026,0:20:14.755,4646.1,99.7,15.0,65,16.379,
21.9.2026,0:20:14.962,4647.3,99.8,14.9,67,16.523,
21.9.2026,0:20:15.167,2521.8,60.3,17.9,73,16.435,
21.9.2026,0:20:15.376,4639.0,99.6,16.1,66,16.578,
21.9.2026,0:20:15.579,2204.6,46.9,13.1,65,16.485,
21.9.2026,0:20:15.786,3849.9,83.7,14.9,68,16.256,
21.9.2026,0:20:15.993,4649.1,99.8,14.0,65,16.428,
21.9.2026,0:20:16.199,4640.6,99.8,17.5,66,16.446,
21.9.2026,0:20:16.408,4651.8,99.8,19.1,67,16.434,
21.9.2026,0:20:16.613,2502.2,56.4,13.5,68,16.582,
21.9.2026,0:20:16.820,4642.4,99.7,13.2,67,16.454,
21.9.2026,0:20:17.026,132.5,8.9,14.4,74,16.526,
21.9.2026,0:20:17.231,4649.6,99.9,17.4,66,16.805,
21.9.2026,0:20:17.437,166.2,2.7,13.8,73,16.508,
21.9.2026,0:20:17.645,2200.4,46.7,14.0,68,16.805,
21.9.2026,0:20:17.849,4643.9,99.6,13.4,67,16.357,
21.9.2026,0:20:18.055,4645.5,99.6,14.1,66,16.590,
21.9.2026,0:20:18.263,1348.5,37.6,18.7,65,16.435,
21.9.2026,0:20:18.467,4629.3,99.6,14.9,67,16.694,
21.9.2026,0:20:18.675,1797.2,42.3,15.3,68,16.517,
21.9.2026,0:20:18.879,2517.3,53.4,14.5,65,16.490,
21.9.2026,0:20:19.086,4642.5,99.5,13.9,67,16.476,
21.9.2026,0:20:19.292,2520.3,60.0,17.1,67,16.471,
21.9.2026,0:20:19.500,2501.6,53.1,15.0,68,16.496,
21.9.2026,0:20:19.707,118.9,0.7,13.2,68,16.613,
21.9.2026,0:20:19.914,114.5,0.9,14.2,67,16.496,
21.9.2026,0:20:20.122,4644.0,99.6,15.5,66,16.460,
21.9.2026,0:20:20.327,4632.1,99.7,17.9,65,16.431,
21.9.2026,0:20:20.536,4640.9,99.7,13.0,67,16.519,
21.9.2026,0:20:20.740,403.0,14.4,14.0,73,16.411,
21.9.2026,0:20:20.949,4631.7,99.6,14.8,65,16.477,
21.9.2026,0:20:21.152,195.8,10.6,17.6,72,16.313,
21.9.2026,0:20:21.358,4616.2,99.6,17.5,66,16.567,
21.9.2026,0:20:21.566,4640.7,99.7,13.2,65,16.400,
21.9.2026,0:20:21.772,86.2,0.5,14.5,73,16.456,
21.9.2026,0:20:21.978,945.9,19.2,13.0,73,16.648,
21.9.2026,0:20:22.185,2522.8,57.4,18.1,72,16.494,
21.9.2026,0:20:22.394,4631.9,99.6,15.3,66,16.432,
21.9.2026,0:20:22.599,3920.8,84.1,13.9,67,16.496,
21.9.2026,0:20:22.805,4654.5,99.8,13.8,66,16.306,
21.9.2026,0:20:23.011,4649.6,99.8,16.6,66,16.470,
21.9.2026,0:20:23.220,2512.1,56.6,16.4,68,16.527,
21.9.2026,0:20:23.425,4638.7,99.6,15.0,65,16.696,
21.9.2026,0:20:23.631,3228.3,71.1,13.4,70,16.517,
21.9.2026,0:20:23.838,4641.0,99.6,13.3,65,16.383,
21.9.2026,0:20:24.044,4646.8,99.8,17.5,66,16.437,
21.9.2026,0:20:24.249,4642.0,99.8,15.8,65,16.450,
21.9.2026,0:20:24.456,4645.4,99.8,13.4,65,16.495,
21.9.2026,0:20:24.661,1268.6,32.0,13.7,72,16.583,
21.9.2026,0:20:24.870,4636.0,99.7,14.8,65,16.390,
21.9.2026,0:20:25.073,4640.3,99.7,16.7,66,16.402,
21.9.2026,0:20:25.280,211.0,10.4,15.5,72,16.562,
21.9.2026,0:20:25.488,2511.0,53.7,16.1,73,16.554,
21.9.2026,0:20:25.691,2516.1,53.6,13.3,72,16.625,
21.9.2026,0:20:25.897,4639.5,99.7,14.8,65,16.494,
21.9.2026,0:20:26.105,178.6,9.8,21.3,72,16.403,
21.9.2026,0:20:26.310,125.8,2.1,14.0,75,16.586,
21.9.2026,0:20:26.519,4633.5,99.6,16.0,66,16.707,
21.9.2026,0:20:26.723,142.9,1.9,13.7,75,16.382,
21.9.2026,0:20:26.929,2499.0,52.9,14.8,65,16.618,
21.9.2026,0:20:27.136,4641.0,99.6,15.8,65,16.467,
21.9.2026,0:20:27.343,147.2,8.4,15.7,68,16.477,
21.9.2026,0:20:27.549,142.6,2.2,16.0,73,16.496,
21.9.2026,0:20:27.757,1472.9,30.6,13.6,72,16.725,
21.9.2026,0:20:27.961,4643.5,99.6,15.0,66,16.479,
21.9.2026,0:20:28.169,2519.6,56.8,18.1,68,16.412,
21.9.2026,0:20:28.375,4639.0,99.6,14.0,66,16.470,
21.9.2026,0:20:28.584,4640.2,99.8,13.9,65,16.362,
21.9.2026,0:20:28.788,940.9,25.3,14.6,72,16.470,
21.9.2026,0:20:28.995,142.1,8.1,16.1,67,16.370,
21.9.2026,0:20:29.201,4637.2,99.6,18.2,65,16.424,
21.9.2026,0:20:29.408,4641.1,99.5,13.1,66,16.439,
21.9.2026,0:20:29.614,4636.7,99.8,14.4,66,16.434,
21.9.2026,0:20:29.822,126.7,8.0,14.5,68,16.500,
21.9.2026,0:20:30.030,4649.2,99.8,16.6,65,16.555,
21.9.2026,0:20:30.234,4635.0,99.5,13.2,66,16.358,
21.9.2026,0:20:30.440,4646.7,99.8,14.9,65,16.351,
21.9.2026,0:20:30.647,4296.7,92.8,13.9,63,16.392,
21.9.2026,0:20:30.853,4611.7,99.8,15.2,60,16.468,
21.9.2026,0:20:31.060,4626.3,99.9,17.4,65,16.230,
21.9.2026,0:20:31.265,4648.4,99.8,13.3,65,16.300,
21.9.2026,0:20:31.470,4650.3,99.8,14.1,65,16.293,
21.9.2026,0:20:31.676,120.5,8.2,15.7,66,16.395,
21.9.2026,0:20:31.882,4644.3,99.6,13.1,66,16.392,
21.9.2026,0:20:32.090,4633.5,99.6,16.6,65,16.318,
21.9.2026,0:20:32.294,4652.9,99.9,15.0,65,16.384,
21.9.2026,0:20:32.501,4653.6,99.8,15.6,65,16.311,
21.9.2026,0:20:32.710,102.3,7.8,13.9,67,16.385,
21.9.2026,0:20:32.915,4640.2,99.6,13.8,65,16.505,
21.9.2026,0:20:33.121,136.0,8.5,17.3,73,16.288,
21.9.2026,0:20:33.328,148.0,2.1,14.3,66,16.713,
21.9.2026,0:20:33.536,4643.5,99.8,14.0,65,16.682,
21.9.2026,0:20:33.741,170.2,2.8,14.2,73,16.376,
21.9.2026,0:20:33.947,4644.0,99.7,13.0,65,16.546,
21.9.2026,0:20:34.154,4637.3,99.6,19.7,65,16.347,
21.9.2026,0:20:34.360,114.7,8.1,15.5,65,16.325,
21.9.2026,0:20:34.567,2518.5,53.4,14.4,65,16.524,
21.9.2026,0:20:34.772,2515.3,53.6,17.2,72,16.456,
21.9.2026,0:20:34.980,4647.4,99.9,13.2,65,16.341,
21.9.2026,0:20:35.183,187.3,10.2,16.6,74,16.383,
21.9.2026,0:20:35.389,171.5,2.6,16.5,73,16.691,
21.9.2026,0:20:35.595,2492.9,52.8,14.8,65,16.545,
21.9.2026,0:20:35.802,2159.6,46.0,14.2,72,16.375,
21.9.2026,0:20:36.010,228.3,3.9,13.1,73,16.457,
21.9.2026,0:20:36.214,4644.4,99.6,18.5,65,16.616,
21.9.2026,0:20:36.420,4640.7,99.6,13.8,66,16.430,
21.9.2026,0:20:36.626,2507.1,56.7,13.5,65,16.301,
21.9.2026,0:20:36.834,113.2,0.3,15.7,66,16.588,
21.9.2026,0:20:37.042,121.6,1.0,13.0,66,16.353,
21.9.2026,0:20:37.247,4650.9,99.8,18.3,65,16.527,
21.9.2026,0:20:37.453,4644.8,99.7,13.7,65,16.355,
21.9.2026,0:20:37.660,4640.3,99.8,14.4,65,16.326,
21.9.2026,0:20:37.866,1121.1,28.6,14.4,72,16.388,
21.9.2026,0:20:38.072,4644.8,99.7,14.2,65,16.375,
21.9.2026,0:20:38.279,4624.1,99.6,20.2,65,16.445,
21.9.2026,0:20:38.487,4648.7,99.8,13.7,65,16.410,
21.9.2026,0:20:38.692,2538.1,53.9,14.1,69,16.325,
21.9.2026,0:20:38.899,415.0,7.5,13.9,73,16.380,
21.9.2026,0:20:39.105,4631.7,99.6,18.8,65,16.366,
21.9.2026,0:20:39.310,2549.7,57.8,13.1,68,16.147,
21.9.2026,0:20:39.517,104.9,1.0,14.7,65,16.406,
21.9.2026,0:20:39.723,2520.0,53.7,14.1,71,16.314,
21.9.2026,0:20:39.928,76.0,0.9,13.5,72,16.252,
21.9.2026,0:20:40.136,104.1,0.8,13.9,65,16.572,
21.9.2026,0:20:40.340,137.9,9.5,18.5,73,16.279,
21.9.2026,0:20:40.546,4641.1,99.6,16.3,63,16.568,
21.9.2026,0:20:40.753,152.0,2.4,13.3,74,16.233,
21.9.2026,0:20:40.959,149.9,2.1,14.9,75,16.557,
21.9.2026,0:20:41.166,4637.0,99.6,14.5,65,16.672,
21.9.2026,0:20:41.371,139.9,9.1,16.4,74,16.452,
21.9.2026,0:20:41.579,4636.0,99.6,15.8,65,16.510,
21.9.2026,0:20:41.782,222.4,4.4,14.2,72,16.359,
21.9.2026,0:20:41.989,148.9,1.9,16.9,63,16.468,
21.9.2026,0:20:42.196,139.4,1.7,13.0,74,16.403,
21.9.2026,0:20:42.401,4646.2,99.7,14.0,63,16.751,
21.9.2026,0:20:42.608,139.0,8.1,16.8,68,16.205,
21.9.2026,0:20:42.816,3225.8,68.8,13.9,68,16.391,
21.9.2026,0:20:43.021,4631.7,99.6,14.8,65,16.278,
21.9.2026,0:20:43.227,4619.1,99.6,13.7,65,16.236,
21.9.2026,0:20:43.433,127.5,14.9,16.9,74,16.416,
21.9.2026,0:20:43.639,2509.5,53.5,15.4,73,16.701,
21.9.2026,0:20:43.847,2857.7,61.2,13.6,70,16.384,
21.9.2026,0:20:44.052,4635.4,99.5,13.8,63,16.245,
21.9.2026,0:20:44.261,4624.1,99.5,16.6,65,16.224,
21.9.2026,0:20:44.453,128.3,14.0,18.2,67,16.403,
21.9.2026,0:20:44.657,4644.4,99.7,14.7,65,16.359,
21.9.2026,0:20:44.863,121.7,1.4,14.3,68,16.306,
21.9.2026,0:20:45.070,2987.2,64.2,16.6,67,17.826,
21.9.2026,0:20:45.276,4640.6,99.6,17.2,65,16.869,
21.9.2026,0:20:45.482,4635.5,99.6,16.9,65,16.318,
21.9.2026,0:20:45.688,4651.1,99.8,14.0,65,16.423,
21.9.2026,0:20:45.896,1809.3,42.7,15.5,72,16.318,
21.9.2026,0:20:46.101,170.1,2.4,13.6,72,16.458,
21.9.2026,0:20:46.311,4641.9,99.6,16.3,63,16.439,
21.9.2026,0:20:46.514,4645.1,99.7,17.1,63,16.324,
21.9.2026,0:20:46.721,4644.8,99.8,14.3,65,16.483,
21.9.2026,0:20:46.927,1157.3,29.1,13.5,73,16.249,
21.9.2026,0:20:47.134,157.3,2.4,13.2,71,16.307,
21.9.2026,0:20:47.341,74.4,7.5,19.8,73,16.540,
21.9.2026,0:20:47.546,4632.9,99.5,16.5,62,16.602,
21.9.2026,0:20:47.755,131.2,8.8,15.6,74,16.244,
21.9.2026,0:20:47.957,764.1,15.8,13.2,73,16.678,
21.9.2026,0:20:48.164,119.7,1.4,17.7,65,16.420,
21.9.2026,0:20:48.372,2498.5,56.3,14.7,65,16.451,
21.9.2026,0:20:48.576,4636.7,99.5,17.3,65,16.309,
21.9.2026,0:20:48.782,231.3,11.2,16.2,72,16.316,
21.9.2026,0:20:48.988,394.7,7.3,14.7,73,16.477,
21.9.2026,0:20:49.193,2528.1,53.9,15.9,63,16.583,
21.9.2026,0:20:49.402,4623.5,99.6,13.4,65,16.254,
21.9.2026,0:20:49.605,144.1,9.6,18.5,72,16.313,
21.9.2026,0:20:49.812,148.4,1.6,14.7,67,16.405,
21.9.2026,0:20:50.018,90.2,1.5,14.1,72,16.373,
21.9.2026,0:20:50.225,125.0,1.0,14.6,65,16.430,
21.9.2026,0:20:50.429,149.5,2.5,14.4,72,16.380,
21.9.2026,0:20:50.635,1392.7,34.2,16.2,73,16.386,
21.9.2026,0:20:50.841,4299.9,92.2,16.7,62,16.514,
21.9.2026,0:20:51.047,4633.5,99.6,15.0,65,16.265,
21.9.2026,0:20:51.255,2165.4,49.7,14.7,63,16.292,
21.9.2026,0:20:51.458,4637.0,99.5,16.8,65,16.333,
21.9.2026,0:20:51.665,4644.3,99.7,13.1,63,16.335,
21.9.2026,0:20:51.871,197.5,16.4,18.4,71,16.398,
21.9.2026,0:20:52.079,173.3,2.8,13.1,72,16.583,
21.9.2026,0:20:52.284,4636.5,99.6,13.9,65,16.531,
21.9.2026,0:20:52.490,2504.5,53.4,14.1,71,16.311,
21.9.2026,0:20:52.697,4632.8,99.6,15.4,65,16.247,
21.9.2026,0:20:52.902,3224.9,73.1,17.4,69,16.281,
21.9.2026,0:20:53.111,111.8,0.8,16.4,63,16.178,
21.9.2026,0:20:53.315,159.4,2.6,13.4,73,16.272,
21.9.2026,0:20:53.520,4645.2,99.6,13.2,65,16.556,
21.9.2026,0:20:53.727,2168.7,46.1,13.2,73,16.133,
21.9.2026,0:20:53.932,2861.6,64.0,15.5,70,16.561,
21.9.2026,0:20:54.142,4649.3,99.6,18.6,65,15.993,
21.9.2026,0:20:54.345,196.8,9.7,13.8,73,16.353,
21.9.2026,0:20:54.554,4641.4,99.6,15.6,65,16.579,
21.9.2026,0:20:54.757,132.6,1.5,12.9,74,16.202,
21.9.2026,0:20:54.964,2487.4,56.4,16.3,73,16.626,
21.9.2026,0:20:55.172,4645.7,99.6,15.4,66,16.334,
21.9.2026,0:20:55.378,159.9,2.3,14.8,74,16.297,
21.9.2026,0:20:55.585,4637.7,99.5,13.9,65,16.634,
21.9.2026,0:20:55.790,2139.2,49.1,14.6,65,16.158,
21.9.2026,0:20:55.995,2133.3,49.2,16.6,65,16.319,
21.9.2026,0:20:56.201,4650.7,99.6,13.2,66,16.313,
21.9.2026,0:20:56.407,152.3,2.7,14.9,73,16.340,
21.9.2026,0:20:56.616,4646.7,99.9,17.0,65,16.658,
21.9.2026,0:20:56.819,4641.0,99.5,14.0,65,16.329,
21.9.2026,0:20:57.027,1860.0,47.3,18.4,70,16.341,
21.9.2026,0:20:57.234,4641.5,99.6,15.4,65,16.332,
21.9.2026,0:20:57.440,4636.8,99.6,13.1,66,16.384,
21.9.2026,0:20:57.649,4645.9,99.8,14.7,65,16.355,
21.9.2026,0:20:57.853,3779.5,80.9,14.6,66,16.246,
21.9.2026,0:20:58.060,861.3,23.1,19.3,71,16.209,
21.9.2026,0:20:58.267,4612.5,99.5,13.5,63,16.309,
21.9.2026,0:20:58.472,141.7,1.9,12.7,74,16.234,
21.9.2026,0:20:58.679,4636.0,99.6,15.5,65,16.584,
21.9.2026,0:20:58.888,2151.9,45.6,16.9,68,16.354,
21.9.2026,0:20:59.095,457.0,14.3,15.0,72,16.441,
21.9.2026,0:20:59.299,4624.3,99.6,14.3,65,16.242,
21.9.2026,0:20:59.504,2124.7,45.2,14.4,65,16.293,
21.9.2026,0:20:59.709,4642.2,99.5,15.1,65,16.254,
21.9.2026,0:20:59.917,4634.8,99.7,15.2,63,16.333,
21.9.2026,0:21:0.122,78.4,13.0,16.4,70,16.293,
21.9.2026,0:21:0.328,215.6,4.1,18.5,70,16.575,
21.9.2026,0:21:0.536,4634.6,99.7,14.4,65,16.527,
21.9.2026,0:21:0.739,105.6,1.0,12.9,68,16.266,
21.9.2026,0:21:0.944,4292.5,92.2,14.5,62,16.223,
21.9.2026,0:21:1.150,4644.5,99.5,20.7,65,16.345,
21.9.2026,0:21:1.355,4654.3,99.8,14.1,65,16.323,
21.9.2026,0:21:1.563,4627.8,99.7,14.4,66,16.271,
21.9.2026,0:21:1.766,4650.2,99.8,14.0,66,16.323,
21.9.2026,0:21:1.975,111.6,8.1,14.9,65,16.247,
21.9.2026,0:21:2.177,4633.7,99.5,15.6,66,16.435,
21.9.2026,0:21:2.383,4639.8,99.5,17.7,66,16.243,
21.9.2026,0:21:2.572,4634.5,99.9,15.9,63,16.228,
21.9.2026,0:21:2.778,4652.5,99.8,13.6,66,16.419,
21.9.2026,0:21:2.984,3571.6,78.3,16.1,67,16.168,
21.9.2026,0:21:3.192,4086.4,87.8,15.0,63,16.326,
21.9.2026,0:21:3.395,4382.4,94.0,16.4,60,16.232,
21.9.2026,0:21:3.601,4647.8,99.8,12.9,65,16.251,
21.9.2026,0:21:3.808,4643.1,99.8,15.6,63,16.310,
21.9.2026,0:21:4.016,3208.3,70.9,15.3,69,16.285,
21.9.2026,0:21:4.219,4632.1,99.5,15.9,63,16.245,
21.9.2026,0:21:4.428,4652.4,99.8,13.3,65,16.221,
21.9.2026,0:21:4.630,4651.3,99.8,15.2,65,16.291,
21.9.2026,0:21:4.836,135.0,9.3,15.8,73,16.333,
21.9.2026,0:21:5.042,2233.9,51.2,16.6,70,16.604,
21.9.2026,0:21:5.250,143.1,2.4,15.9,68,16.408,
21.9.2026,0:21:5.452,2156.3,46.0,17.0,67,16.193,
21.9.2026,0:21:5.657,4642.9,99.8,13.5,66,16.373,
21.9.2026,0:21:5.864,4633.3,99.5,16.4,65,16.258,
21.9.2026,0:21:6.068,2157.7,49.9,14.3,66,16.402,
21.9.2026,0:21:6.277,4644.8,99.6,13.0,65,16.347,
21.9.2026,0:21:6.479,1492.7,40.7,21.4,73,16.267,
21.9.2026,0:21:6.684,4635.3,99.7,13.7,65,16.600,
21.9.2026,0:21:6.891,53.9,7.7,15.7,73,16.297,
21.9.2026,0:21:7.095,169.0,3.2,15.4,73,16.570,
21.9.2026,0:21:7.303,2134.3,45.7,14.3,65,16.523,
21.9.2026,0:21:7.504,2152.4,45.7,17.0,65,16.295,
21.9.2026,0:21:7.710,4650.7,99.8,13.9,65,16.361,
21.9.2026,0:21:7.917,2626.5,55.9,14.9,66,16.357,
21.9.2026,0:21:8.125,1796.8,42.4,19.6,70,16.311,
21.9.2026,0:21:8.328,101.2,1.0,14.1,65,16.545,
21.9.2026,0:21:8.535,4641.5,99.6,14.2,65,16.193,
21.9.2026,0:21:8.739,4622.3,99.5,16.2,65,16.399,
21.9.2026,0:21:8.947,4651.9,99.8,14.2,65,16.249,
21.9.2026,0:21:9.155,1500.4,40.5,20.7,71,16.326,
21.9.2026,0:21:9.358,2158.1,45.8,13.6,71,16.204,
21.9.2026,0:21:9.565,133.5,2.1,15.9,72,16.240,
21.9.2026,0:21:9.769,143.8,2.1,12.8,73,16.786,
21.9.2026,0:21:9.977,4646.3,99.6,13.8,63,16.606,
21.9.2026,0:21:10.185,1093.5,32.4,18.3,71,16.206,
21.9.2026,0:21:10.388,2168.9,46.2,12.8,73,16.513,
21.9.2026,0:21:10.593,129.0,2.1,16.7,67,16.317,
21.9.2026,0:21:10.799,4630.2,99.6,13.0,65,16.300,
21.9.2026,0:21:11.004,115.1,1.6,14.2,65,16.214,
21.9.2026,0:21:11.211,796.1,16.0,15.5,70,16.298,
21.9.2026,0:21:11.418,4635.8,99.6,17.5,63,16.377,
21.9.2026,0:21:11.622,4641.3,99.7,15.2,65,16.254,
21.9.2026,0:21:11.827,110.2,8.1,13.6,65,16.394,
21.9.2026,0:21:12.033,147.4,2.2,18.1,73,16.268,
21.9.2026,0:21:12.239,377.2,7.6,13.5,73,16.601,
21.9.2026,0:21:12.446,4634.8,99.7,13.3,63,16.524,
21.9.2026,0:21:12.650,2160.9,50.0,17.3,72,16.120,
21.9.2026,0:21:12.857,4639.6,99.6,14.6,65,16.475,
21.9.2026,0:21:13.062,213.5,4.5,18.5,71,16.219,
21.9.2026,0:21:13.269,92.3,0.3,14.7,71,16.523,
21.9.2026,0:21:13.476,2138.6,45.4,13.2,72,16.491,
21.9.2026,0:21:13.680,4644.8,99.7,13.8,63,16.344,
21.9.2026,0:21:13.889,4638.5,99.6,16.5,65,16.224,
21.9.2026,0:21:14.092,4301.1,92.8,13.5,61,16.264,
21.9.2026,0:21:14.298,230.5,3.9,14.7,70,16.310,
21.9.2026,0:21:14.504,4646.8,99.7,15.8,65,16.371,
21.9.2026,0:21:14.710,4649.2,99.7,13.8,65,16.232,
21.9.2026,0:21:14.915,4643.1,99.8,14.3,63,16.277,
21.9.2026,0:21:15.120,3947.5,86.6,20.8,62,16.332,
21.9.2026,0:21:15.326,852.7,20.3,17.6,73,16.115,
21.9.2026,0:21:15.533,4645.0,99.6,16.3,65,18.443,
21.9.2026,0:21:15.737,4643.1,99.6,13.4,66,16.174,
21.9.2026,0:21:15.946,4646.6,99.8,14.2,65,16.167,
21.9.2026,0:21:16.149,111.8,7.7,13.6,65,16.311,
21.9.2026,0:21:16.355,4641.8,99.6,20.0,65,16.378,
21.9.2026,0:21:16.560,4632.7,99.7,13.5,65,16.216,
21.9.2026,0:21:16.766,4652.5,99.8,14.6,65,16.296,
21.9.2026,0:21:16.973,4639.9,99.7,17.5,63,16.244,
21.9.2026,0:21:17.178,3237.6,71.4,13.3,67,16.346,
21.9.2026,0:21:17.384,4640.6,99.6,15.6,63,16.245,
21.9.2026,0:21:17.572,4646.8,99.8,16.1,65,16.200,
21.9.2026,0:21:17.780,4654.4,99.8,15.8,65,16.276,
21.9.2026,0:21:17.982,4643.1,99.8,14.0,63,16.340,
21.9.2026,0:21:18.189,2164.1,50.1,15.4,71,16.324,
21.9.2026,0:21:18.395,53.1,0.0,16.1,66,16.519,
21.9.2026,0:21:18.601,4641.3,99.6,16.6,63,16.370,
21.9.2026,0:21:18.806,64.9,7.4,16.6,72,16.236,
21.9.2026,0:21:19.012,4640.1,99.6,14.8,65,16.541,
21.9.2026,0:21:19.218,172.4,9.9,18.6,72,16.192,
21.9.2026,0:21:19.422,4644.6,99.6,13.3,65,16.604,
21.9.2026,0:21:19.627,110.6,1.5,14.3,63,16.211,
21.9.2026,0:21:19.833,4644.4,99.6,14.1,63,16.329,
21.9.2026,0:21:20.042,2142.3,45.3,16.6,68,16.278,
21.9.2026,0:21:20.246,2166.4,49.8,16.3,72,16.384,
21.9.2026,0:21:20.454,4630.4,99.7,15.5,66,16.395,
21.9.2026,0:21:20.657,4650.5,99.7,13.4,65,16.128,
21.9.2026,0:21:20.865,4650.0,99.8,17.3,65,16.374,
21.9.2026,0:21:21.069,4644.2,99.8,14.9,66,16.255,
21.9.2026,0:21:21.274,1783.1,45.8,16.1,69,16.239,
21.9.2026,0:21:21.480,2164.0,46.3,16.8,72,16.306,
21.9.2026,0:21:21.687,4645.1,99.6,14.8,63,16.318,
21.9.2026,0:21:21.890,4642.4,99.5,15.9,63,16.347,
21.9.2026,0:21:22.099,116.6,8.2,13.9,63,16.117,
21.9.2026,0:21:22.306,1439.2,30.0,14.4,71,16.330,
21.9.2026,0:21:22.510,2172.7,50.0,18.7,70,16.335,
21.9.2026,0:21:22.715,4642.7,99.6,14.0,63,16.433,
21.9.2026,0:21:22.921,101.4,8.2,16.4,63,16.269,
21.9.2026,0:21:23.127,4634.4,99.6,14.1,63,16.255,
21.9.2026,0:21:23.333,1089.1,23.2,14.6,71,16.414,
21.9.2026,0:21:23.537,107.5,1.2,13.9,62,16.377,
21.9.2026,0:21:23.742,1792.0,37.9,14.5,63,16.265,
21.9.2026,0:21:23.947,4640.6,99.5,20.7,65,16.164,
21.9.2026,0:21:24.155,537.3,16.4,15.9,69,16.247,
21.9.2026,0:21:24.363,725.4,13.8,13.7,70,16.088,
21.9.2026,0:21:24.569,2171.9,46.3,13.8,69,16.301,
21.9.2026,0:21:24.775,4619.4,99.7,16.9,62,15.785,
21.9.2026,0:21:24.981,4638.5,99.5,15.8,63,16.006,
21.9.2026,0:21:25.186,4644.7,99.8,16.6,62,16.107,
21.9.2026,0:21:25.393,121.5,8.9,14.3,63,16.180,
21.9.2026,0:21:25.597,143.9,2.0,13.0,72,16.123,
21.9.2026,0:21:25.803,1784.0,37.7,13.0,72,16.392,
21.9.2026,0:21:26.010,146.9,8.3,15.3,70,16.355,
21.9.2026,0:21:26.216,4632.7,99.6,17.5,62,16.205,
21.9.2026,0:21:26.423,1171.9,18.2,15.9,61,16.137,
21.9.2026,0:21:26.627,4644.5,99.7,14.2,62,17.503,
21.9.2026,0:21:26.834,4471.0,99.8,14.4,63,16.171,
21.9.2026,0:21:27.038,4643.7,99.8,16.9,65,16.817,
21.9.2026,0:21:27.246,4304.9,93.6,17.0,59,16.139,
21.9.2026,0:21:27.449,4654.5,99.8,14.0,62,16.079,
21.9.2026,0:21:27.656,1798.8,42.4,15.1,69,16.040,
21.9.2026,0:21:27.861,4635.5,99.6,13.4,63,16.222,
21.9.2026,0:21:28.067,4643.0,99.6,13.3,63,15.958,
21.9.2026,0:21:28.273,3906.3,85.3,15.4,66,16.105,
21.9.2026,0:21:28.479,4654.8,99.8,15.0,63,16.121,
21.9.2026,0:21:28.684,1803.7,42.6,16.8,65,16.111,
21.9.2026,0:21:28.892,268.5,4.0,12.8,70,16.117,
21.9.2026,0:21:29.099,208.8,4.0,15.9,62,16.150,
21.9.2026,0:21:29.304,3550.0,76.2,13.8,66,16.129,
21.9.2026,0:21:29.511,4645.5,99.7,16.0,63,16.025,
21.9.2026,0:21:29.715,4651.2,99.8,18.6,65,16.093,
21.9.2026,0:21:29.923,199.0,10.4,15.8,66,16.068,
21.9.2026,0:21:30.127,4637.7,99.6,14.7,63,16.180,
21.9.2026,0:21:30.335,3231.3,71.4,15.4,66,16.081,
21.9.2026,0:21:30.538,1794.4,38.0,13.2,66,16.025,
21.9.2026,0:21:30.745,146.7,8.5,17.0,69,16.151,
21.9.2026,0:21:30.951,4628.3,99.5,15.1,62,16.090,
21.9.2026,0:21:31.157,155.3,9.1,15.1,69,16.232,
21.9.2026,0:21:31.364,2829.6,60.5,13.2,68,16.132,
21.9.2026,0:21:31.569,4636.5,99.6,13.1,62,16.072,
21.9.2026,0:21:31.775,150.9,9.3,23.6,72,15.967,
21.9.2026,0:21:31.980,4642.8,99.8,14.6,62,16.378,
21.9.2026,0:21:32.187,4643.0,99.7,14.9,62,16.113,
21.9.2026,0:21:32.392,2496.3,56.5,14.2,66,16.059,
21.9.2026,0:21:32.598,4635.1,99.7,14.1,62,16.005,
21.9.2026,0:21:32.803,4646.2,99.8,13.4,62,16.114,
21.9.2026,0:21:33.011,4653.5,99.8,14.0,63,16.024,
21.9.2026,0:21:33.214,4641.2,99.9,17.1,62,16.104,
21.9.2026,0:21:33.421,2151.3,49.3,17.5,68,16.177,
21.9.2026,0:21:33.628,185.9,2.4,13.4,69,16.055,
21.9.2026,0:21:33.836,4622.5,99.6,13.5,62,16.266,
21.9.2026,0:21:34.039,127.4,1.8,13.9,71,15.967,
21.9.2026,0:21:34.244,4637.1,99.6,18.5,63,16.435,
21.9.2026,0:21:34.450,1772.8,42.0,15.5,63,16.063,
21.9.2026,0:21:34.656,122.6,1.7,14.9,65,16.295,
21.9.2026,0:21:34.862,4638.9,99.6,13.3,63,16.105,
21.9.2026,0:21:35.066,4644.4,99.5,17.6,63,16.266,
21.9.2026,0:21:35.274,4654.2,99.9,14.7,62,16.116,
21.9.2026,0:21:35.478,1454.6,39.8,16.3,69,16.060,
21.9.2026,0:21:35.684,4642.2,99.6,15.7,62,16.196,
21.9.2026,0:21:35.889,181.6,3.5,16.1,72,16.041,
21.9.2026,0:21:36.097,4649.5,99.7,13.1,63,16.426,
21.9.2026,0:21:36.300,2984.7,66.3,15.1,62,16.018,
21.9.2026,0:21:36.505,226.9,4.4,15.2,72,16.177,
21.9.2026,0:21:36.711,4641.5,99.6,14.2,62,16.300,
21.9.2026,0:21:36.916,137.5,9.1,17.2,66,16.108,
21.9.2026,0:21:37.123,161.4,3.0,18.9,65,16.221,
21.9.2026,0:21:37.328,4612.9,99.7,13.7,63,16.143,
21.9.2026,0:21:37.536,737.0,14.8,15.8,71,15.871,
21.9.2026,0:21:37.740,4643.0,99.6,12.8,65,16.340,
21.9.2026,0:21:37.945,4640.0,99.6,15.1,62,16.061,
21.9.2026,0:21:38.151,4645.2,99.8,18.6,61,16.105,
21.9.2026,0:21:38.355,4648.4,99.8,18.6,62,16.186,
21.9.2026,0:21:38.562,458.8,15.0,14.0,69,16.140,
21.9.2026,0:21:38.770,122.9,1.9,13.5,63,16.086,
21.9.2026,0:21:38.973,1797.2,38.0,16.7,66,16.061,
21.9.2026,0:21:39.178,4642.3,99.6,13.2,63,16.254,
21.9.2026,0:21:39.384,4634.7,99.7,17.5,65,16.109,
21.9.2026,0:21:39.575,60.5,7.2,17.2,70,16.102,
21.9.2026,0:21:39.779,4638.2,99.6,14.1,62,16.059,
21.9.2026,0:21:39.987,1795.9,38.3,15.0,64,16.044,
21.9.2026,0:21:40.189,4646.8,99.7,14.0,65,16.155,
21.9.2026,0:21:40.394,4284.5,92.0,14.4,60,16.079,
21.9.2026,0:21:40.601,4650.2,99.8,14.7,63,16.176,
21.9.2026,0:21:40.806,4656.3,99.8,13.0,61,16.111,
21.9.2026,0:21:41.013,4640.5,99.8,20.1,62,16.116,
21.9.2026,0:21:41.217,1802.1,42.5,14.0,63,16.078,
21.9.2026,0:21:41.422,3928.4,84.3,16.2,66,16.147,
21.9.2026,0:21:41.627,4630.0,99.6,13.9,63,16.210,
21.9.2026,0:21:41.832,4654.9,99.8,15.1,63,16.040,
21.9.2026,0:21:42.039,4637.2,99.8,16.1,63,16.064,
21.9.2026,0:21:42.244,4653.5,99.8,14.9,63,16.225,
21.9.2026,0:21:42.451,204.1,9.7,19.2,70,16.162,
21.9.2026,0:21:42.658,1477.4,31.0,13.2,70,16.138,
21.9.2026,0:21:42.863,4643.2,99.6,12.8,62,16.188,
21.9.2026,0:21:43.069,4636.9,99.5,19.1,63,16.015,
21.9.2026,0:21:43.274,4650.8,99.8,13.4,63,16.236,
21.9.2026,0:21:43.480,3218.8,72.9,20.0,66,16.211,
21.9.2026,0:21:43.685,4633.9,99.7,13.2,62,16.089,
21.9.2026,0:21:43.891,4653.4,99.8,14.1,62,16.074,
21.9.2026,0:21:44.097,4642.8,99.7,16.4,65,16.002,
21.9.2026,0:21:44.303,2727.6,61.1,13.9,68,16.092,
21.9.2026,0:21:44.510,2845.1,63.5,20.6,67,15.975,
21.9.2026,0:21:44.716,4631.1,99.6,13.4,62,16.061,
21.9.2026,0:21:44.922,4640.5,99.7,17.6,63,16.010,
21.9.2026,0:21:45.127,4646.5,99.9,15.0,63,16.085,
21.9.2026,0:21:45.334,4651.1,99.8,13.7,62,16.142,
21.9.2026,0:21:45.539,2502.6,56.6,14.4,67,16.094,
21.9.2026,0:21:45.745,1783.0,42.2,16.4,70,16.098,
21.9.2026,0:21:45.949,4622.2,99.6,18.3,62,16.274,
21.9.2026,0:21:46.157,150.3,8.5,13.4,69,16.020,
21.9.2026,0:21:46.364,4644.8,99.6,14.1,62,16.173,
21.9.2026,0:21:46.567,1796.2,37.9,17.1,65,16.063,
21.9.2026,0:21:46.773,4635.0,99.6,13.0,65,16.157,
21.9.2026,0:21:46.979,4643.4,99.8,19.3,63,16.049,
21.9.2026,0:21:47.186,2080.5,48.2,15.1,69,16.191,
21.9.2026,0:21:47.389,1798.8,38.1,14.1,72,15.983,
21.9.2026,0:21:47.594,1801.6,38.3,16.8,72,16.232,
21.9.2026,0:21:47.800,4633.9,99.6,14.0,63,16.220,
21.9.2026,0:21:48.005,123.9,9.2,14.1,72,16.067,
21.9.2026,0:21:48.211,1805.6,38.6,19.2,64,16.508,
21.9.2026,0:21:48.416,4647.5,99.6,15.8,63,16.247,
21.9.2026,0:21:48.623,145.2,9.3,19.1,73,16.127,
21.9.2026,0:21:48.827,4633.3,99.6,14.1,63,16.380,
21.9.2026,0:21:49.035,186.6,3.4,14.1,72,16.139,
21.9.2026,0:21:49.239,186.6,3.4,14.1,72,16.417,
21.9.2026,0:21:49.445,186.6,3.4,14.1,72,25.485,
21.9.2026,0:21:49.649,186.6,3.4,14.1,72,25.485,
21.9.2026,0:21:49.854,186.6,3.4,14.1,72,25.485,
21.9.2026,0:21:50.061,186.6,3.4,14.1,72,25.485,
21.9.2026,0:21:50.265,186.6,3.4,14.1,72,25.485,
21.9.2026,0:21:50.470,186.6,3.4,14.1,72,25.485,
21.9.2026,0:21:50.679,186.6,3.4,14.1,72,25.485,
21.9.2026,0:21:50.883,186.6,3.4,14.1,72,25.485,
21.9.2026,0:21:51.089,186.6,3.4,14.1,72,25.485,
21.9.2026,0:21:51.297,186.6,3.4,14.1,72,25.485,
21.9.2026,0:21:51.501,186.6,3.4,14.1,72,25.485,
21.9.2026,0:21:51.710,186.6,3.4,14.1,72,25.485,
21.9.2026,0:21:51.914,186.6,3.4,14.1,72,25.485,
21.9.2026,0:21:52.124,186.6,3.4,14.1,72,25.485,
21.9.2026,0:21:52.327,186.6,3.4,14.1,72,25.485,
21.9.2026,0:21:52.534,186.6,3.4,14.1,72,25.485,
21.9.2026,0:21:52.742,186.6,3.4,14.1,72,25.485,
21.9.2026,0:21:52.945,186.6,3.4,14.1,72,25.485,
21.9.2026,0:21:53.151,186.6,3.4,14.1,72,25.485,
21.9.2026,0:21:53.354,186.6,3.4,14.1,72,25.485,
21.9.2026,0:21:53.559,186.6,3.4,14.1,72,25.485,
21.9.2026,0:21:53.767,186.6,3.4,14.1,72,25.485,
21.9.2026,0:21:53.969,186.6,3.4,14.1,72,25.485,
21.9.2026,0:21:54.173,186.6,3.4,14.1,72,25.485,
21.9.2026,0:21:54.377,186.6,3.4,14.1,72,25.485,
21.9.2026,0:21:54.582,186.6,3.4,14.1,72,25.485,
21.9.2026,0:21:54.786,186.6,3.4,14.1,72,25.485,
21.9.2026,0:21:54.994,186.6,3.4,14.1,72,25.485,
21.9.2026,0:21:55.196,4300.7,96.5,24.0,81,25.485,
21.9.2026,0:21:55.405,4300.7,96.5,24.0,81,25.485,
21.9.2026,0:21:55.608,4300.7,96.5,24.0,81,25.485,
21.9.2026,0:21:55.815,4300.7,96.5,24.0,81,25.485,
21.9.2026,0:21:56.017,4300.7,96.5,24.0,81,25.485,
21.9.2026,0:21:56.223,4300.7,96.5,24.0,81,25.485,
21.9.2026,0:21:56.427,4300.7,96.5,24.0,81,25.485,
21.9.2026,0:21:56.633,4300.7,96.5,24.0,81,25.485,
21.9.2026,0:21:56.839,4300.7,96.5,24.0,81,25.485,
21.9.2026,0:21:57.045,4300.7,96.5,24.0,81,25.485,
21.9.2026,0:21:57.253,4300.7,96.5,24.0,81,25.485,
21.9.2026,0:21:57.457,4300.7,96.5,24.0,81,25.485,
21.9.2026,0:21:57.663,4300.7,96.5,24.0,81,25.485,
21.9.2026,0:21:57.868,4300.7,96.5,24.0,81,25.485,
21.9.2026,0:21:58.073,4300.7,96.5,24.0,81,25.485,
21.9.2026,0:21:58.279,4300.7,96.5,24.0,81,25.485,
21.9.2026,0:21:58.486,4300.7,96.5,24.0,81,25.485,
21.9.2026,0:21:58.692,4300.7,96.5,24.0,81,25.485,
21.9.2026,0:21:58.896,4300.7,96.5,24.0,81,25.485,
21.9.2026,0:21:59.103,4300.7,96.5,24.0,81,25.485,
21.9.2026,0:21:59.309,4300.7,96.5,24.0,81,25.485,
21.9.2026,0:21:59.514,4300.7,96.5,24.0,81,25.485,
21.9.2026,0:21:59.721,4300.7,96.5,24.0,81,25.485,
21.9.2026,0:21:59.925,4300.7,96.5,24.0,81,25.485,
21.9.2026,0:22:0.130,4352.7,100.0,26.6,83,29.167,
21.9.2026,0:22:0.336,4352.7,100.0,26.6,83,29.167,
21.9.2026,0:22:0.544,4352.7,100.0,26.6,83,29.167,
21.9.2026,0:22:0.745,4352.7,100.0,26.6,83,29.167,
21.9.2026,0:22:0.952,4352.7,100.0,26.6,83,29.167,
21.9.2026,0:22:1.156,4352.7,100.0,26.6,83,29.167,
21.9.2026,0:22:1.360,4352.7,100.0,26.6,83,29.167,
21.9.2026,0:22:1.568,4352.7,100.0,26.6,83,29.167,
21.9.2026,0:22:1.771,4352.7,100.0,26.6,83,29.167,
21.9.2026,0:22:1.977,4352.7,100.0,26.6,83,29.167,
21.9.2026,0:22:2.184,4352.7,100.0,26.6,83,29.167,
21.9.2026,0:22:2.386,4352.7,100.0,26.6,83,29.167,
21.9.2026,0:22:2.592,4352.7,100.0,26.6,83,29.167,
21.9.2026,0:22:2.796,4352.7,100.0,26.6,83,29.167,
21.9.2026,0:22:3.001,4352.7,100.0,26.6,83,29.167,
21.9.2026,0:22:3.208,4352.7,100.0,26.6,83,29.167,
21.9.2026,0:22:3.413,4352.7,100.0,26.6,83,29.167,
21.9.2026,0:22:3.618,4352.7,100.0,26.6,83,29.167,
21.9.2026,0:22:3.824,4352.7,100.0,26.6,83,29.167,
21.9.2026,0:22:4.032,4352.7,100.0,26.6,83,29.167,
21.9.2026,0:22:4.234,4352.7,100.0,26.6,83,29.167,
21.9.2026,0:22:4.440,4352.7,100.0,26.6,83,29.167,
21.9.2026,0:22:4.647,4352.7,100.0,26.6,83,29.167,
21.9.2026,0:22:4.850,4322.3,100.0,26.2,83,28.733,
21.9.2026,0:22:5.059,4322.3,100.0,26.2,83,28.733,
21.9.2026,0:22:5.262,4322.3,100.0,26.2,83,28.733,
21.9.2026,0:22:5.468,4322.3,100.0,26.2,83,28.733,
21.9.2026,0:22:5.675,4322.3,100.0,26.2,83,28.733,
21.9.2026,0:22:5.881,4322.3,100.0,26.2,83,28.733,
21.9.2026,0:22:6.089,4322.3,100.0,26.2,83,28.733,
21.9.2026,0:22:6.294,4322.3,100.0,26.2,83,28.733,
21.9.2026,0:22:6.503,4322.3,100.0,26.2,83,28.733,
21.9.2026,0:22:6.707,4322.3,100.0,26.2,83,28.733,
21.9.2026,0:22:6.913,4322.3,100.0,26.2,83,28.733,
21.9.2026,0:22:7.119,4322.3,100.0,26.2,83,28.733,
21.9.2026,0:22:7.326,4322.3,100.0,26.2,83,28.733,
21.9.2026,0:22:7.531,4322.3,100.0,26.2,83,28.733,
21.9.2026,0:22:7.739,4322.3,100.0,26.2,83,28.733,
21.9.2026,0:22:7.942,4322.3,100.0,26.2,83,28.733,
21.9.2026,0:22:8.147,4322.3,100.0,26.2,83,28.733,
21.9.2026,0:22:8.355,4322.3,100.0,26.2,83,28.733,
21.9.2026,0:22:8.557,4322.3,100.0,26.2,83,28.733,
21.9.2026,0:22:8.766,4322.3,100.0,26.2,83,28.733,
21.9.2026,0:22:8.971,4322.3,100.0,26.2,83,28.733,
21.9.2026,0:22:9.180,4322.3,100.0,26.2,83,28.733,
21.9.2026,0:22:9.384,4322.3,100.0,26.2,83,28.733,
21.9.2026,0:22:9.593,4289.0,100.0,26.3,86,28.256,
21.9.2026,0:22:9.797,4289.0,100.0,26.3,86,28.256,
21.9.2026,0:22:10.005,4289.0,100.0,26.3,86,28.256,
21.9.2026,0:22:10.209,4289.0,100.0,26.3,86,28.256,
21.9.2026,0:22:10.415,4289.0,100.0,26.3,86,28.256,
21.9.2026,0:22:10.622,4289.0,100.0,26.3,86,28.256,
21.9.2026,0:22:10.828,4289.0,100.0,26.3,86,28.256,
21.9.2026,0:22:11.036,4289.0,100.0,26.3,86,28.256,
21.9.2026,0:22:11.241,4289.0,100.0,26.3,86,28.256,
21.9.2026,0:22:11.447,4289.0,100.0,26.3,86,28.256,
21.9.2026,0:22:11.654,4289.0,100.0,26.3,86,28.256,
21.9.2026,0:22:11.859,4289.0,100.0,26.3,86,28.256,
21.9.2026,0:22:12.065,4289.0,100.0,26.3,86,28.256,
21.9.2026,0:22:12.270,4289.0,100.0,26.3,86,28.256,
21.9.2026,0:22:12.476,4289.0,100.0,26.3,86,28.256,
21.9.2026,0:22:12.667,4289.0,100.0,26.3,86,28.256,
21.9.2026,0:22:12.873,4289.0,100.0,26.3,86,28.256,
21.9.2026,0:22:13.081,4289.0,100.0,26.3,86,28.256,
21.9.2026,0:22:13.286,4289.0,100.0,26.3,86,28.256,
21.9.2026,0:22:13.494,4289.0,100.0,26.3,86,28.256,
21.9.2026,0:22:13.683,4289.0,100.0,26.3,86,28.256,
21.9.2026,0:22:13.890,4289.0,100.0,26.3,86,28.256,
21.9.2026,0:22:14.096,4289.0,100.0,26.3,86,28.256,
21.9.2026,0:22:14.303,4283.2,100.0,26.4,86,28.256,
21.9.2026,0:22:14.509,4283.2,100.0,26.4,86,28.350,
21.9.2026,0:22:14.716,4283.2,100.0,26.4,86,28.350,
21.9.2026,0:22:14.922,4283.2,100.0,26.4,86,28.350,
21.9.2026,0:22:15.127,4283.2,100.0,26.4,86,28.350,
21.9.2026,0:22:15.330,4283.2,100.0,26.4,86,28.350,
21.9.2026,0:22:15.536,4283.2,100.0,26.4,86,28.350,
21.9.2026,0:22:15.743,4283.2,100.0,26.4,86,28.350,
21.9.2026,0:22:15.946,4283.2,100.0,26.4,86,28.350,
21.9.2026,0:22:16.151,4283.2,100.0,26.4,86,28.350,
21.9.2026,0:22:16.356,4283.2,100.0,26.4,86,28.350,
21.9.2026,0:22:16.564,4283.2,100.0,26.4,86,28.350,
21.9.2026,0:22:16.771,4283.2,100.0,26.4,86,28.350,
21.9.2026,0:22:16.975,4283.2,100.0,26.4,86,28.350,
21.9.2026,0:22:17.181,4283.2,100.0,26.4,86,28.350,
21.9.2026,0:22:17.388,4283.2,100.0,26.4,86,28.350,
21.9.2026,0:22:17.594,4283.2,100.0,26.4,86,28.350,
21.9.2026,0:22:17.802,4283.2,100.0,26.4,86,28.350,
21.9.2026,0:22:18.004,4283.2,100.0,26.4,86,28.350,
21.9.2026,0:22:18.210,4283.2,100.0,26.4,86,28.350,
21.9.2026,0:22:18.413,4283.2,100.0,26.4,86,28.350,
21.9.2026,0:22:18.603,4283.2,100.0,26.4,86,28.350,
21.9.2026,0:22:18.809,4283.2,100.0,26.4,86,28.350,
21.9.2026,0:22:19.017,4283.2,100.0,26.4,86,28.350,
21.9.2026,0:22:19.221,4282.2,100.0,26.5,85,28.350,
21.9.2026,0:22:19.428,4282.2,100.0,26.5,85,28.188,
21.9.2026,0:22:19.619,4282.2,100.0,26.5,85,28.188,
21.9.2026,0:22:19.825,4282.2,100.0,26.5,85,28.188,
21.9.2026,0:22:20.031,4282.2,100.0,26.5,85,28.188,
21.9.2026,0:22:20.238,4282.2,100.0,26.5,85,28.188,
21.9.2026,0:22:20.444,4282.2,100.0,26.5,85,28.188,
21.9.2026,0:22:20.652,4282.2,100.0,26.5,85,28.188,
21.9.2026,0:22:20.856,4282.2,100.0,26.5,85,28.188,
21.9.2026,0:22:21.065,4282.2,100.0,26.5,85,28.188,
21.9.2026,0:22:21.268,4282.2,100.0,26.5,85,28.188,
21.9.2026,0:22:21.475,4282.2,100.0,26.5,85,28.188,
21.9.2026,0:22:21.683,4282.2,100.0,26.5,85,28.188,
21.9.2026,0:22:21.871,4282.2,100.0,26.5,85,28.188,
21.9.2026,0:22:22.079,4282.2,100.0,26.5,85,28.188,
21.9.2026,0:22:22.285,4282.2,100.0,26.5,85,28.188,
21.9.2026,0:22:22.493,4282.2,100.0,26.5,85,28.188,
21.9.2026,0:22:22.681,4282.2,100.0,26.5,85,28.188,
21.9.2026,0:22:22.887,4282.2,100.0,26.5,85,28.188,
21.9.2026,0:22:23.091,4282.2,100.0,26.5,85,28.188,
21.9.2026,0:22:23.297,4282.2,100.0,26.5,85,28.188,
21.9.2026,0:22:23.503,4282.2,100.0,26.5,85,28.188,
21.9.2026,0:22:23.708,4282.2,100.0,26.5,85,28.188,
21.9.2026,0:22:23.916,4279.8,100.0,26.3,86,28.188,
21.9.2026,0:22:24.121,4279.8,100.0,26.3,86,28.152,
21.9.2026,0:22:24.328,4279.8,100.0,26.3,86,28.152,
21.9.2026,0:22:24.534,4279.8,100.0,26.3,86,28.152,
21.9.2026,0:22:24.737,4279.8,100.0,26.3,86,28.152,
21.9.2026,0:22:24.943,4279.8,100.0,26.3,86,28.152,
21.9.2026,0:22:25.146,4279.8,100.0,26.3,86,28.152,
21.9.2026,0:22:25.352,4279.8,100.0,26.3,86,28.152,
21.9.2026,0:22:25.558,4279.8,100.0,26.3,86,28.152,
21.9.2026,0:22:25.765,4279.8,100.0,26.3,86,28.152,
21.9.2026,0:22:25.969,4279.8,100.0,26.3,86,28.152,
21.9.2026,0:22:26.173,4279.8,100.0,26.3,86,28.152,
21.9.2026,0:22:26.381,4279.8,100.0,26.3,86,28.152,
21.9.2026,0:22:26.585,4279.8,100.0,26.3,86,28.152,
21.9.2026,0:22:26.790,4279.8,100.0,26.3,86,28.152,
21.9.2026,0:22:26.997,4279.8,100.0,26.3,86,28.152,
21.9.2026,0:22:27.200,4279.8,100.0,26.3,86,28.152,
21.9.2026,0:22:27.406,4279.8,100.0,26.3,86,28.152,
21.9.2026,0:22:27.611,4279.8,100.0,26.3,86,28.152,
21.9.2026,0:22:27.817,4279.8,100.0,26.3,86,28.152,
21.9.2026,0:22:28.025,4279.8,100.0,26.3,86,28.152,
21.9.2026,0:22:28.228,4279.8,100.0,26.3,86,28.152,
21.9.2026,0:22:28.434,4279.8,100.0,26.3,86,28.152,
21.9.2026,0:22:28.641,4271.2,100.0,26.2,87,28.152,
21.9.2026,0:22:28.850,4271.2,100.0,26.2,87,27.869,
21.9.2026,0:22:29.053,4271.2,100.0,26.2,87,27.869,
21.9.2026,0:22:29.259,4271.2,100.0,26.2,87,27.869,
21.9.2026,0:22:29.466,4271.2,100.0,26.2,87,27.869,
21.9.2026,0:22:29.672,4271.2,100.0,26.2,87,27.869,
21.9.2026,0:22:29.879,4271.2,100.0,26.2,87,27.869,
21.9.2026,0:22:30.085,4271.2,100.0,26.2,87,27.869,
21.9.2026,0:22:30.292,4271.2,100.0,26.2,87,27.869,
21.9.2026,0:22:30.499,4271.2,100.0,26.2,87,27.869,
21.9.2026,0:22:30.701,4271.2,100.0,26.2,87,27.869,
21.9.2026,0:22:30.908,4271.2,100.0,26.2,87,27.869,
21.9.2026,0:22:31.112,4271.2,100.0,26.2,87,27.869,
21.9.2026,0:22:31.316,4271.2,100.0,26.2,87,27.869,
21.9.2026,0:22:31.523,4271.2,100.0,26.2,87,27.869,
21.9.2026,0:22:31.727,4271.2,100.0,26.2,87,27.869,
21.9.2026,0:22:31.934,4271.2,100.0,26.2,87,27.869,
21.9.2026,0:22:32.139,4271.2,100.0,26.2,87,27.869,
21.9.2026,0:22:32.344,4271.2,100.0,26.2,87,27.869,
21.9.2026,0:22:32.550,4271.2,100.0,26.2,87,27.869,
21.9.2026,0:22:32.756,4271.2,100.0,26.2,87,27.869,
21.9.2026,0:22:32.961,4271.2,100.0,26.2,87,27.869,
21.9.2026,0:22:33.167,4271.2,100.0,26.2,87,27.869,
21.9.2026,0:22:33.376,4263.9,100.0,26.6,82,27.869,
21.9.2026,0:22:33.579,4263.9,100.0,26.6,82,27.939,
21.9.2026,0:22:33.790,4263.9,100.0,26.6,82,27.939,
21.9.2026,0:22:33.997,4263.9,100.0,26.6,82,27.939,
21.9.2026,0:22:34.204,4263.9,100.0,26.6,82,27.939,
21.9.2026,0:22:34.420,4263.9,100.0,26.6,82,27.939,
21.9.2026,0:22:34.630,4263.9,100.0,26.6,82,27.939,
21.9.2026,0:22:34.821,4263.9,100.0,26.6,82,27.939,
21.9.2026,0:22:35.024,4263.9,100.0,26.6,82,27.939,
21.9.2026,0:22:35.230,4263.9,100.0,26.6,82,27.939,
21.9.2026,0:22:35.447,4263.9,100.0,26.6,82,27.939,
21.9.2026,0:22:35.655,4263.9,100.0,26.6,82,27.939,
21.9.2026,0:22:35.847,4263.9,100.0,26.6,82,27.939,
21.9.2026,0:22:36.054,4263.9,100.0,26.6,82,27.939,
21.9.2026,0:22:36.262,4263.9,100.0,26.6,82,27.939,
21.9.2026,0:22:36.469,4263.9,100.0,26.6,82,27.939,
21.9.2026,0:22:36.675,4263.9,100.0,26.6,82,27.939,
21.9.2026,0:22:36.883,4263.9,100.0,26.6,82,27.939,
21.9.2026,0:22:37.090,4263.9,100.0,26.6,82,27.939,
21.9.2026,0:22:37.296,4263.9,100.0,26.6,82,27.939,
21.9.2026,0:22:37.504,4263.9,100.0,26.6,82,27.939,
21.9.2026,0:22:37.711,4263.9,100.0,26.6,82,27.939,
21.9.2026,0:22:37.918,4263.9,100.0,26.6,82,27.939,
21.9.2026,0:22:38.123,4040.2,100.0,26.3,78,27.939,
21.9.2026,0:22:38.333,4040.2,100.0,26.3,78,24.670,
21.9.2026,0:22:38.536,4040.2,100.0,26.3,78,24.670,
21.9.2026,0:22:38.742,4040.2,100.0,26.3,78,24.670,
21.9.2026,0:22:38.948,4040.2,100.0,26.3,78,24.670,
21.9.2026,0:22:39.154,4040.2,100.0,26.3,78,24.670,
21.9.2026,0:22:39.360,4040.2,100.0,26.3,78,24.670,
21.9.2026,0:22:39.578,4040.2,100.0,26.3,78,24.670,
21.9.2026,0:22:39.769,4040.2,100.0,26.3,78,24.670,
21.9.2026,0:22:39.976,4040.2,100.0,26.3,78,24.670,
21.9.2026,0:22:40.185,4040.2,100.0,26.3,78,24.670,
21.9.2026,0:22:40.403,4040.2,100.0,26.3,78,24.670,
21.9.2026,0:22:40.596,4040.2,100.0,26.3,78,24.670,
21.9.2026,0:22:40.816,4040.2,100.0,26.3,78,24.670,
21.9.2026,0:22:41.006,4040.2,100.0,26.3,78,24.670,
21.9.2026,0:22:41.212,4040.2,100.0,26.3,78,24.670,
21.9.2026,0:22:41.418,4040.2,100.0,26.3,78,24.670,
21.9.2026,0:22:41.624,4040.2,100.0,26.3,78,24.670,
21.9.2026,0:22:41.832,4040.2,100.0,26.3,78,24.670,
21.9.2026,0:22:42.035,4040.2,100.0,26.3,78,24.670,
21.9.2026,0:22:42.241,4040.2,100.0,26.3,78,24.670,
21.9.2026,0:22:42.447,4040.2,100.0,26.3,78,24.670,
21.9.2026,0:22:42.652,4040.2,100.0,26.3,78,24.670,
21.9.2026,0:22:42.859,4050.5,100.0,26.2,78,24.670,
21.9.2026,0:22:43.067,4050.5,100.0,26.2,78,24.788,
21.9.2026,0:22:43.272,4050.5,100.0,26.2,78,24.788,
21.9.2026,0:22:43.478,4050.5,100.0,26.2,78,24.788,
21.9.2026,0:22:43.669,4050.5,100.0,26.2,78,24.788,
21.9.2026,0:22:43.890,4050.5,100.0,26.2,78,24.788,
21.9.2026,0:22:44.078,4050.5,100.0,26.2,78,24.788,
21.9.2026,0:22:44.284,4050.5,100.0,26.2,78,24.788,
21.9.2026,0:22:44.489,4050.5,100.0,26.2,78,24.788,
21.9.2026,0:22:44.711,4050.5,100.0,26.2,78,24.788,
21.9.2026,0:22:44.917,4050.5,100.0,26.2,78,24.788,
21.9.2026,0:22:45.108,4050.5,100.0,26.2,78,24.788,
21.9.2026,0:22:45.316,4050.5,100.0,26.2,78,24.788,
21.9.2026,0:22:45.522,4050.5,100.0,26.2,78,24.788,
21.9.2026,0:22:45.713,4050.5,100.0,26.2,78,24.788,
21.9.2026,0:22:45.921,4050.5,100.0,26.2,78,24.788,
21.9.2026,0:22:46.127,4050.5,100.0,26.2,78,24.788,
21.9.2026,0:22:46.331,4050.5,100.0,26.2,78,24.788,
21.9.2026,0:22:46.537,4050.5,100.0,26.2,78,24.788,
21.9.2026,0:22:46.743,4050.5,100.0,26.2,78,24.788,
21.9.2026,0:22:46.952,4050.5,100.0,26.2,78,24.788,
21.9.2026,0:22:47.157,4050.5,100.0,26.2,78,24.788,
21.9.2026,0:22:47.363,4050.5,100.0,26.2,78,24.788,
21.9.2026,0:22:47.571,4050.5,100.0,26.2,78,24.788,
21.9.2026,0:22:47.762,4053.2,100.0,26.5,78,24.935,
21.9.2026,0:22:47.967,4053.2,100.0,26.5,78,24.935,
21.9.2026,0:22:48.174,4053.2,100.0,26.5,78,24.935,
21.9.2026,0:22:48.379,4053.2,100.0,26.5,78,24.935,
21.9.2026,0:22:48.586,4053.2,100.0,26.5,78,24.935,
21.9.2026,0:22:48.777,4053.2,100.0,26.5,78,24.935,
21.9.2026,0:22:48.999,4053.2,100.0,26.5,78,24.935,
21.9.2026,0:22:49.190,4053.2,100.0,26.5,78,24.935,
21.9.2026,0:22:49.394,945.1,54.8,48.4,70,24.935,
21.9.2026,0:22:49.601,185.9,2.0,13.5,81,23.447,
21.9.2026,0:22:49.791,4630.8,99.7,18.0,74,15.919,
21.9.2026,0:22:49.998,1066.1,28.1,15.0,74,17.043,
21.9.2026,0:22:50.202,4637.4,99.6,15.8,73,17.026,
21.9.2026,0:22:50.410,169.2,2.9,15.6,80,17.128,
21.9.2026,0:22:50.612,4639.0,99.6,13.8,72,17.583,
21.9.2026,0:22:50.817,136.8,2.5,18.4,80,17.039,
21.9.2026,0:22:51.024,4648.1,100.0,13.5,70,17.062,
21.9.2026,0:22:51.229,135.6,8.6,17.2,79,17.024,
21.9.2026,0:22:51.437,3587.0,76.9,16.0,76,17.000,
21.9.2026,0:22:51.640,4627.8,99.6,13.9,72,17.158,
21.9.2026,0:22:51.845,4655.5,99.8,15.2,72,16.874,
21.9.2026,0:22:52.051,4649.4,99.8,16.1,72,17.012,
21.9.2026,0:22:52.256,4651.1,99.8,13.3,73,16.987,
21.9.2026,0:22:52.462,3213.3,72.8,15.8,75,17.038,
21.9.2026,0:22:52.668,4632.5,99.6,18.2,70,17.029,
21.9.2026,0:22:52.890,174.4,10.2,14.2,74,16.971,
21.9.2026,0:22:53.095,4634.2,99.6,13.7,70,17.262,
21.9.2026,0:22:53.302,153.4,2.8,15.1,78,16.883,
21.9.2026,0:22:53.506,163.6,2.4,13.9,79,17.081,
21.9.2026,0:22:53.711,100.9,1.3,14.9,72,17.234,
21.9.2026,0:22:53.917,4628.2,99.6,17.1,70,16.917,
21.9.2026,0:22:54.123,4634.1,99.5,17.8,72,16.935,
21.9.2026,0:22:54.329,4641.1,99.8,13.2,70,16.863,
21.9.2026,0:22:54.537,1105.2,28.1,14.4,78,16.980,
21.9.2026,0:22:54.740,4642.3,99.7,13.7,72,16.971,
21.9.2026,0:22:54.945,135.3,2.2,19.4,79,16.972,
21.9.2026,0:22:55.150,4639.0,99.6,15.5,70,17.085,
21.9.2026,0:22:55.355,4645.8,99.6,15.6,72,16.878,
21.9.2026,0:22:55.562,2131.6,49.3,16.1,78,16.970,
21.9.2026,0:22:55.767,4643.3,99.6,16.4,70,16.810,
21.9.2026,0:22:55.973,4634.5,99.6,14.3,69,16.892,
21.9.2026,0:22:56.179,4649.7,99.9,13.3,70,16.881,
21.9.2026,0:22:56.386,4652.1,99.8,13.2,70,16.916,
21.9.2026,0:22:56.590,114.1,14.1,19.1,69,16.828,
21.9.2026,0:22:56.798,734.1,15.1,13.1,74,17.047,
21.9.2026,0:22:57.001,4637.9,99.6,16.7,70,16.948,
21.9.2026,0:22:57.206,172.5,3.1,14.2,77,16.865,
21.9.2026,0:22:57.412,4634.2,99.5,17.3,70,17.015,
21.9.2026,0:22:57.619,1493.6,39.1,16.4,75,16.765,
21.9.2026,0:22:57.825,974.9,22.6,15.3,74,16.879,
21.9.2026,0:22:58.031,3614.3,77.5,13.1,91,16.795,
21.9.2026,0:22:58.238,189.6,2.7,15.7,62,16.769,
21.9.2026,0:22:58.439,272.3,6.2,4.7,60,18.203,
21.9.2026,0:22:58.641,251.3,6.3,6.3,59,12.007,
21.9.2026,0:22:58.847,271.4,5.8,5.8,55,12.453,
21.9.2026,0:22:59.051,292.2,6.2,4.9,55,12.906,
21.9.2026,0:22:59.252,282.5,6.8,6.3,85,11.612,
21.9.2026,0:22:59.456,278.0,6.2,10.7,56,12.784,
21.9.2026,0:22:59.660,139.2,3.5,6.6,67,14.236,
21.9.2026,0:22:59.866,253.4,4.7,8.2,66,12.171,
21.9.2026,0:23:0.071,360.6,8.7,8.5,59,14.639,
21.9.2026,0:23:0.272,242.6,5.9,8.7,69,13.064,
21.9.2026,0:23:0.476,148.5,3.6,13.6,66,16.852,
21.9.2026,0:23:0.682,82.4,2.6,9.5,89,14.880,
21.9.2026,0:23:0.871,789.9,20.0,17.2,94,14.025,
21.9.2026,0:23:1.079,271.1,8.1,20.5,79,20.134,
21.9.2026,0:23:1.297,1488.3,33.8,13.6,80,21.952,
21.9.2026,0:23:1.505,198.4,3.7,17.0,90,21.162,
21.9.2026,0:23:1.696,1252.8,21.0,17.6,80,18.883,
21.9.2026,0:23:1.886,185.6,15.9,21.7,67,19.867,
21.9.2026,0:23:2.093,523.1,10.7,14.7,66,20.739,
21.9.2026,0:23:2.299,303.8,6.9,13.5,63,19.522,
21.9.2026,0:23:2.503,472.9,10.5,15.1,66,17.629,
21.9.2026,0:23:2.708,305.3,5.3,12.7,66,19.387,
21.9.2026,0:23:2.915,324.5,6.6,11.0,63,17.971,
21.9.2026,0:23:3.119,227.6,4.9,10.9,63,18.193,
21.9.2026,0:23:3.326,183.0,9.1,12.7,60,17.870,
21.9.2026,0:23:3.532,229.2,4.8,11.6,61,17.554,
21.9.2026,0:23:3.736,462.2,7.5,21.1,69,17.203,
21.9.2026,0:23:3.947,486.9,8.8,12.7,63,20.189,
21.9.2026,0:23:4.150,262.8,6.5,11.7,60,18.868,
21.9.2026,0:23:4.352,225.8,5.3,12.7,63,17.248,
21.9.2026,0:23:4.554,263.7,6.4,9.9,66,17.092,
21.9.2026,0:23:4.760,89.5,2.1,14.8,66,16.096,
21.9.2026,0:23:4.963,233.6,5.0,13.6,62,17.853,
21.9.2026,0:23:5.152,294.6,15.5,18.9,61,18.051,
21.9.2026,0:23:5.356,182.3,3.9,11.6,61,16.649,
21.9.2026,0:23:5.563,344.1,6.5,13.2,61,16.305,
21.9.2026,0:23:5.767,252.1,5.6,12.2,66,17.387,
21.9.2026,0:23:5.975,233.4,4.3,11.5,66,16.539,
21.9.2026,0:23:6.178,402.3,7.7,16.0,71,17.993,
21.9.2026,0:23:6.384,402.3,7.7,16.0,71,19.007,
21.9.2026,0:23:6.588,195.8,4.3,8.7,63,18.892,
21.9.2026,0:23:6.792,263.9,6.3,14.5,66,17.200,
21.9.2026,0:23:6.999,357.1,7.3,11.4,64,16.430,
21.9.2026,0:23:7.202,332.2,7.2,13.8,64,18.275,
21.9.2026,0:23:7.407,260.4,5.0,10.2,67,17.402,
21.9.2026,0:23:7.613,229.7,4.2,13.1,66,16.032,
21.9.2026,0:23:7.817,365.3,7.9,14.9,66,16.935,
21.9.2026,0:23:8.023,450.0,10.1,13.9,60,18.030,
21.9.2026,0:23:8.227,372.7,7.0,13.4,62,18.030,
21.9.2026,0:23:8.431,148.3,9.8,12.4,73,19.064,
21.9.2026,0:23:8.634,260.3,6.3,10.6,66,16.189,
21.9.2026,0:23:8.839,307.4,6.8,10.8,60,15.797,
21.9.2026,0:23:9.044,167.7,3.6,13.6,63,16.663,
21.9.2026,0:23:9.252,542.3,12.5,12.2,60,15.868,
21.9.2026,0:23:9.456,489.3,7.9,22.6,72,18.607,
21.9.2026,0:23:9.662,552.7,11.5,16.3,70,20.472,
21.9.2026,0:23:9.869,183.4,2.9,14.9,64,20.264,
21.9.2026,0:23:10.073,215.3,11.4,16.2,61,18.559,
21.9.2026,0:23:10.279,227.3,3.9,9.2,61,17.818,
21.9.2026,0:23:10.485,205.8,4.1,18.0,68,16.522,
21.9.2026,0:23:10.687,269.7,6.3,9.8,60,17.937,
21.9.2026,0:23:10.892,336.5,6.2,14.2,60,17.200,
21.9.2026,0:23:11.097,367.4,8.1,11.6,61,17.362,
21.9.2026,0:23:11.304,135.0,1.8,10.2,61,16.784,
21.9.2026,0:23:11.507,109.0,2.4,12.8,61,16.773,
21.9.2026,0:23:11.709,274.5,6.0,11.3,61,17.087,
21.9.2026,0:23:11.915,306.0,6.1,13.1,61,16.662,
21.9.2026,0:23:12.122,161.7,9.9,12.1,60,17.415,
21.9.2026,0:23:12.326,303.2,6.2,13.4,61,16.861,
21.9.2026,0:23:12.529,155.5,3.7,9.0,61,17.600,
21.9.2026,0:23:12.735,257.1,4.6,9.7,60,17.403,
21.9.2026,0:23:12.939,202.2,4.3,11.0,61,17.446,
21.9.2026,0:23:13.142,172.7,3.8,10.6,61,16.833,
21.9.2026,0:23:13.350,247.9,4.9,17.2,61,16.635,
21.9.2026,0:23:13.552,66.3,1.6,10.5,62,17.386,
21.9.2026,0:23:13.758,198.4,2.7,11.3,61,16.600,
21.9.2026,0:23:13.950,198.4,2.7,11.3,61,17.177,
21.9.2026,0:23:14.153,296.3,12.6,16.7,54,16.347,
21.9.2026,0:23:14.357,290.0,6.4,9.8,61,16.696,
21.9.2026,0:23:14.561,231.0,5.3,15.1,59,16.516,
21.9.2026,0:23:14.762,468.7,11.4,11.8,61,16.894,
21.9.2026,0:23:14.968,156.2,5.1,10.8,58,15.850,
21.9.2026,0:23:15.171,308.3,6.1,8.7,61,16.397,
21.9.2026,0:23:15.373,282.4,7.0,9.7,59,16.295,
21.9.2026,0:23:15.583,194.2,5.5,13.5,60,16.072,
21.9.2026,0:23:15.787,327.3,6.6,10.5,58,16.785,
21.9.2026,0:23:15.990,381.4,8.7,9.8,59,16.376,
21.9.2026,0:23:16.194,291.7,7.0,13.4,59,16.601,
21.9.2026,0:23:16.396,578.7,10.5,12.9,60,17.313,
21.9.2026,0:23:16.604,126.1,6.3,10.4,59,16.476,
21.9.2026,0:23:16.808,234.3,11.0,13.9,59,16.758,
21.9.2026,0:23:17.015,340.9,8.0,10.1,60,17.096,
21.9.2026,0:23:17.218,267.3,0.0,13.1,61,16.204,
21.9.2026,0:23:17.422,386.1,15.8,11.8,61,17.041,
21.9.2026,0:23:17.629,372.2,7.7,11.2,59,16.299,
21.9.2026,0:23:17.831,212.8,3.5,10.7,60,16.602,
21.9.2026,0:23:18.033,284.7,7.3,11.9,60,15.772,
21.9.2026,0:23:18.239,258.4,6.9,12.3,59,16.367,
21.9.2026,0:23:18.446,239.5,4.9,9.1,60,16.703,
21.9.2026,0:23:18.649,285.0,5.4,10.9,59,17.008,
21.9.2026,0:23:18.853,308.5,7.0,12.7,54,16.471,
21.9.2026,0:23:19.071,229.2,0.0,7.2,59,16.195,
21.9.2026,0:23:19.279,298.3,13.5,17.6,60,16.471,
21.9.2026,0:23:19.480,293.7,7.5,13.0,59,17.424,
21.9.2026,0:23:19.686,338.4,7.3,9.7,60,16.853,
21.9.2026,0:23:19.892,518.6,11.3,13.3,61,16.518,
21.9.2026,0:23:20.101,591.7,13.0,10.0,56,16.910,
21.9.2026,0:23:20.305,352.1,7.2,10.1,61,15.951,
21.9.2026,0:23:20.509,734.4,17.3,16.0,72,16.637,
21.9.2026,0:23:20.712,234.0,12.2,16.1,63,18.292,
21.9.2026,0:23:20.915,117.1,2.5,9.7,61,16.873,
21.9.2026,0:23:21.121,212.7,4.0,12.1,60,16.078,
21.9.2026,0:23:21.325,273.9,6.1,14.0,66,17.864,
21.9.2026,0:23:21.532,436.7,9.4,13.4,62,16.749,
21.9.2026,0:23:21.737,155.1,2.4,11.8,60,16.743,
21.9.2026,0:23:21.940,207.0,5.2,10.7,58,17.346,
21.9.2026,0:23:22.147,311.7,5.6,11.1,60,16.335,
21.9.2026,0:23:22.352,252.6,4.8,14.7,61,16.828,
21.9.2026,0:23:22.557,167.1,9.8,13.1,60,17.341,
21.9.2026,0:23:22.765,356.7,7.9,14.9,60,16.759,
21.9.2026,0:23:22.969,261.3,5.7,10.4,59,16.553,
21.9.2026,0:23:23.172,768.8,18.3,15.8,61,16.348,
21.9.2026,0:23:23.375,308.1,7.7,10.4,59,17.242,
21.9.2026,0:23:23.579,236.0,6.1,12.8,60,16.545,
21.9.2026,0:23:23.782,285.4,7.0,10.2,60,15.671,
21.9.2026,0:23:23.985,193.9,4.4,10.9,60,16.377,
21.9.2026,0:23:24.189,272.7,6.3,17.8,59,16.206,
21.9.2026,0:23:24.393,151.3,3.5,10.7,61,17.199,
21.9.2026,0:23:24.596,192.7,5.0,12.0,60,16.608,
21.9.2026,0:23:24.802,264.3,5.9,14.9,59,15.762,
21.9.2026,0:23:25.006,218.7,5.4,12.8,60,16.912,
21.9.2026,0:23:25.214,1092.6,25.8,17.8,61,17.113,
21.9.2026,0:23:25.417,397.3,16.0,17.8,61,18.212,
21.9.2026,0:23:25.636,519.4,6.2,14.9,59,17.689,
21.9.2026,0:23:25.841,530.1,18.4,21.8,66,18.081,
21.9.2026,0:23:26.044,298.0,7.0,14.7,60,19.016,
21.9.2026,0:23:26.248,318.0,6.4,12.4,60,18.694,
21.9.2026,0:23:26.454,739.5,16.7,17.0,66,17.373,
21.9.2026,0:23:26.660,865.0,19.4,16.8,64,18.650,
21.9.2026,0:23:26.864,335.1,7.0,17.7,57,19.422,
21.9.2026,0:23:27.073,229.6,4.6,9.7,60,16.925,
21.9.2026,0:23:27.277,232.3,11.3,17.3,59,14.493,
21.9.2026,0:23:27.480,253.2,6.5,11.6,59,17.067,
21.9.2026,0:23:27.686,227.3,5.0,8.7,66,16.074,
21.9.2026,0:23:27.892,446.3,9.6,17.5,61,15.320,
21.9.2026,0:23:28.100,225.3,4.3,10.8,66,16.232,
21.9.2026,0:23:28.303,857.3,20.2,19.9,77,16.431,
21.9.2026,0:23:28.513,463.4,15.3,17.8,74,20.513,
21.9.2026,0:23:28.719,166.3,2.2,14.0,72,19.208,
21.9.2026,0:23:28.923,521.5,12.0,16.5,67,15.870,
21.9.2026,0:23:29.129,268.7,6.9,14.6,66,19.046,
21.9.2026,0:23:29.337,405.3,8.6,15.5,66,16.606,
21.9.2026,0:23:29.540,252.4,7.2,14.5,66,19.167,
21.9.2026,0:23:29.745,412.1,16.2,16.3,66,17.759,
21.9.2026,0:23:29.953,266.9,6.6,17.2,68,18.093,
21.9.2026,0:23:30.157,330.0,8.5,15.0,67,18.957,
21.9.2026,0:23:30.362,201.5,5.0,15.9,67,18.697,
21.9.2026,0:23:30.567,601.9,14.6,21.2,67,18.204,
21.9.2026,0:23:30.774,681.0,17.0,17.9,67,21.672,
21.9.2026,0:23:30.978,660.9,16.5,19.2,63,20.155,
21.9.2026,0:23:31.183,578.7,20.7,19.5,66,18.773,
21.9.2026,0:23:31.387,767.7,19.2,20.0,70,18.627,
21.9.2026,0:23:31.592,567.2,13.4,15.2,63,20.046,
21.9.2026,0:23:31.797,481.5,12.6,20.6,66,19.506,
21.9.2026,0:23:32.006,809.9,19.6,19.0,66,19.039,
21.9.2026,0:23:32.209,411.1,10.0,15.4,69,20.524,
21.9.2026,0:23:32.413,724.4,17.5,18.7,64,19.178,
21.9.2026,0:23:32.620,529.1,17.9,24.0,69,18.262,
21.9.2026,0:23:32.828,535.8,12.6,13.2,66,21.621,
21.9.2026,0:23:33.033,330.9,8.3,18.1,69,16.786,
21.9.2026,0:23:33.239,455.4,10.7,17.8,67,19.538,
21.9.2026,0:23:33.445,506.1,12.0,17.5,68,19.457,
21.9.2026,0:23:33.650,503.9,18.1,23.6,66,19.619,
21.9.2026,0:23:33.860,608.6,13.9,14.5,66,20.093,
21.9.2026,0:23:34.063,497.5,12.7,15.0,66,19.590,
21.9.2026,0:23:34.266,360.3,10.1,15.6,66,18.599,
21.9.2026,0:23:34.473,546.9,12.2,19.0,68,17.652,
21.9.2026,0:23:34.677,204.4,4.1,12.5,66,20.244,
21.9.2026,0:23:34.884,371.2,8.5,17.7,69,16.946,
21.9.2026,0:23:35.089,850.6,26.1,22.5,63,19.505,
21.9.2026,0:23:35.297,603.8,13.6,18.7,68,21.429,
21.9.2026,0:23:35.501,421.2,10.4,18.2,66,21.221,
21.9.2026,0:23:35.704,287.4,7.2,12.6,66,18.770,
21.9.2026,0:23:35.909,401.9,9.8,12.6,69,15.906,
21.9.2026,0:23:36.118,298.5,7.0,14.4,69,18.197,
21.9.2026,0:23:36.322,468.0,12.0,16.4,64,17.769,
21.9.2026,0:23:36.526,257.5,7.5,16.9,67,18.077,
21.9.2026,0:23:36.731,511.7,18.3,19.6,61,19.063,
21.9.2026,0:23:36.938,915.8,21.6,20.3,67,18.736,
21.9.2026,0:23:37.144,647.7,15.1,22.3,68,21.800,
21.9.2026,0:23:37.351,666.6,15.7,19.9,69,21.820,
21.9.2026,0:23:37.559,983.8,29.4,25.9,70,21.696,
21.9.2026,0:23:37.762,1051.5,25.7,23.1,62,23.515,
21.9.2026,0:23:37.968,833.2,19.7,25.0,71,24.003,
21.9.2026,0:23:38.176,810.4,20.1,18.5,66,22.141,
21.9.2026,0:23:38.380,414.8,9.7,11.5,56,21.135,
21.9.2026,0:23:38.586,478.0,11.3,16.4,67,15.463,
21.9.2026,0:23:38.792,523.3,19.2,19.3,68,18.410,
21.9.2026,0:23:39.012,459.9,11.8,17.6,68,20.085,
21.9.2026,0:23:39.211,1515.3,32.2,30.7,73,19.665,
21.9.2026,0:23:39.409,2835.0,77.3,29.2,76,23.784,
21.9.2026,0:23:39.624,1438.7,33.0,27.1,61,24.349,
21.9.2026,0:23:39.826,1306.1,41.1,31.6,65,25.268,
21.9.2026,0:23:40.031,1596.6,44.0,28.5,73,23.552,
21.9.2026,0:23:40.239,998.0,22.9,27.8,73,24.649,
21.9.2026,0:23:40.444,415.2,10.6,15.4,68,25.524,
21.9.2026,0:23:40.650,178.8,3.5,11.0,69,19.308,
21.9.2026,0:23:40.854,622.4,15.1,19.3,70,15.244,
21.9.2026,0:23:41.059,811.8,24.9,24.2,66,20.529,
21.9.2026,0:23:41.266,893.5,21.1,20.0,67,20.197,
21.9.2026,0:23:41.472,1753.3,41.2,27.5,67,22.225,
21.9.2026,0:23:41.683,1149.9,26.6,24.7,70,25.650,
21.9.2026,0:23:41.903,1482.7,39.6,33.0,71,24.046,
21.9.2026,0:23:42.094,878.3,26.5,23.3,70,26.247,
21.9.2026,0:23:42.300,427.2,11.2,13.5,70,21.150,
21.9.2026,0:23:42.504,406.7,10.7,16.5,72,18.537,
21.9.2026,0:23:42.707,270.0,7.2,14.4,68,18.702,
21.9.2026,0:23:42.916,280.3,5.2,13.7,67,17.669,
21.9.2026,0:23:43.119,306.5,7.3,12.3,68,18.098,
21.9.2026,0:23:43.324,420.2,16.9,21.6,66,17.481,
21.9.2026,0:23:43.530,953.8,23.8,16.0,64,17.711,
21.9.2026,0:23:43.738,1090.9,26.5,18.7,66,19.459,
21.9.2026,0:23:43.943,434.2,10.2,13.2,57,19.169,
21.9.2026,0:23:44.148,473.2,9.7,16.0,69,17.213,
21.9.2026,0:23:44.354,667.1,21.4,25.1,69,18.902,
21.9.2026,0:23:44.561,660.8,15.6,20.1,72,20.960,
21.9.2026,0:23:44.765,353.1,9.7,13.9,67,20.897,
21.9.2026,0:23:44.970,525.7,12.1,15.5,70,18.713,
21.9.2026,0:23:45.175,396.6,8.6,17.6,71,16.814,
21.9.2026,0:23:45.382,377.5,8.9,16.5,69,19.902,
21.9.2026,0:23:45.588,254.4,12.0,17.3,66,18.922,
21.9.2026,0:23:45.793,152.2,2.6,11.9,89,18.892,
21.9.2026,0:23:45.999,2482.7,59.9,28.5,68,18.460,
21.9.2026,0:23:46.205,332.2,9.2,16.7,66,22.395,
21.9.2026,0:23:46.412,300.6,7.5,13.8,66,19.030,
21.9.2026,0:23:46.617,285.7,6.0,10.6,70,18.089,
21.9.2026,0:23:46.821,364.8,15.7,18.4,66,16.360,
21.9.2026,0:23:47.028,418.0,8.7,21.8,69,17.024,
21.9.2026,0:23:47.234,503.0,11.3,19.3,71,22.235,
21.9.2026,0:23:47.443,1265.9,29.8,20.5,67,20.959,
21.9.2026,0:23:47.647,905.5,21.4,20.1,71,20.591,
21.9.2026,0:23:47.854,705.8,21.7,17.9,70,22.592,
21.9.2026,0:23:48.060,408.4,9.3,17.8,72,20.316,
21.9.2026,0:23:48.265,647.5,14.6,20.2,70,19.851,
21.9.2026,0:23:48.474,341.9,6.6,15.6,71,20.199,
21.9.2026,0:23:48.680,389.4,8.4,18.2,58,20.044,
21.9.2026,0:23:48.887,454.8,17.7,18.3,68,19.625,
21.9.2026,0:23:49.092,297.2,6.6,16.0,72,19.260,
21.9.2026,0:23:49.299,518.8,12.0,18.6,72,19.672,
21.9.2026,0:23:49.504,518.8,12.0,18.6,72,20.162,
21.9.2026,0:23:49.710,518.8,12.0,18.6,72,20.162,
21.9.2026,0:23:49.902,518.8,12.0,18.6,72,20.162,
21.9.2026,0:23:50.105,518.8,12.0,18.6,72,20.162,
21.9.2026,0:23:50.311,518.8,12.0,18.6,72,20.162,
21.9.2026,0:23:50.516,518.8,12.0,18.6,72,20.162,
21.9.2026,0:23:50.723,518.8,12.0,18.6,72,20.162,
21.9.2026,0:23:50.928,518.8,12.0,18.6,72,20.162,
21.9.2026,0:23:51.134,518.8,12.0,18.6,72,20.162,
21.9.2026,0:23:51.341,518.8,12.0,18.6,72,20.162,
21.9.2026,0:23:51.545,518.8,12.0,18.6,72,20.162,
21.9.2026,0:23:51.750,518.8,12.0,18.6,72,20.162,
21.9.2026,0:23:51.955,518.8,12.0,18.6,72,20.162,
21.9.2026,0:23:52.159,518.8,12.0,18.6,72,20.162,
21.9.2026,0:23:52.364,518.8,12.0,18.6,72,20.162,
21.9.2026,0:23:52.569,518.8,12.0,18.6,72,20.162,
21.9.2026,0:23:52.776,518.8,12.0,18.6,72,20.162,
21.9.2026,0:23:52.965,518.8,12.0,18.6,72,20.162,
21.9.2026,0:23:53.170,518.8,12.0,18.6,72,20.162,
21.9.2026,0:23:53.374,518.8,12.0,18.6,72,20.162,
21.9.2026,0:23:53.580,518.8,12.0,18.6,72,20.162,
21.9.2026,0:23:53.785,518.8,12.0,18.6,72,20.162,
21.9.2026,0:23:53.991,518.8,12.0,18.6,72,20.162,
21.9.2026,0:23:54.196,518.8,12.0,18.6,72,20.162,
21.9.2026,0:23:54.402,518.8,12.0,18.6,72,20.162,
21.9.2026,0:23:54.607,518.8,12.0,18.6,72,20.162,
21.9.2026,0:23:54.813,518.8,12.0,18.6,72,20.162,
21.9.2026,0:23:55.019,518.8,12.0,18.6,72,20.162,
21.9.2026,0:23:55.223,3400.6,98.6,28.6,76,25.937,
21.9.2026,0:23:55.429,3400.6,98.6,28.6,76,25.937,
21.9.2026,0:23:55.633,3400.6,98.6,28.6,76,25.937,
21.9.2026,0:23:55.840,3400.6,98.6,28.6,76,25.937,
21.9.2026,0:23:56.045,3400.6,98.6,28.6,76,25.937,
21.9.2026,0:23:56.247,3400.6,98.6,28.6,76,25.937,
21.9.2026,0:23:56.454,3400.6,98.6,28.6,76,25.937,
21.9.2026,0:23:56.659,3400.6,98.6,28.6,76,25.937,
21.9.2026,0:23:56.863,3400.6,98.6,28.6,76,25.937,
21.9.2026,0:23:57.070,3400.6,98.6,28.6,76,25.937,
21.9.2026,0:23:57.273,3400.6,98.6,28.6,76,25.937,
21.9.2026,0:23:57.478,3400.6,98.6,28.6,76,25.937,
21.9.2026,0:23:57.682,3400.6,98.6,28.6,76,25.937,
21.9.2026,0:23:57.889,3400.6,98.6,28.6,76,25.937,
21.9.2026,0:23:58.092,3400.6,98.6,28.6,76,25.937,
21.9.2026,0:23:58.297,3400.6,98.6,28.6,76,25.937,
21.9.2026,0:23:58.503,3400.6,98.6,28.6,76,25.937,
21.9.2026,0:23:58.710,3400.6,98.6,28.6,76,25.937,
21.9.2026,0:23:58.914,3400.6,98.6,28.6,76,25.937,
21.9.2026,0:23:59.119,3400.6,98.6,28.6,76,25.937,
21.9.2026,0:23:59.326,3400.6,98.6,28.6,76,25.937,
21.9.2026,0:23:59.531,3400.6,98.6,28.6,76,25.937,
21.9.2026,0:23:59.735,3400.6,98.6,28.6,76,25.937,
21.9.2026,0:23:59.943,4019.0,100.0,28.6,76,26.225,
21.9.2026,0:24:0.147,4019.0,100.0,28.6,76,26.225,
21.9.2026,0:24:0.351,4019.0,100.0,28.6,76,26.225,
21.9.2026,0:24:0.561,4019.0,100.0,28.6,76,26.225,
21.9.2026,0:24:0.765,4019.0,100.0,28.6,76,26.225,
21.9.2026,0:24:0.971,4019.0,100.0,28.6,76,26.225,
21.9.2026,0:24:1.176,4019.0,100.0,28.6,76,26.225,
21.9.2026,0:24:1.384,4019.0,100.0,28.6,76,26.225,
21.9.2026,0:24:1.587,4019.0,100.0,28.6,76,26.225,
21.9.2026,0:24:1.792,4019.0,100.0,28.6,76,26.225,
21.9.2026,0:24:1.997,4019.0,100.0,28.6,76,26.225,
21.9.2026,0:24:2.204,4019.0,100.0,28.6,76,26.225,
21.9.2026,0:24:2.408,4019.0,100.0,28.6,76,26.225,
21.9.2026,0:24:2.613,4019.0,100.0,28.6,76,26.225,
21.9.2026,0:24:2.820,4019.0,100.0,28.6,76,26.225,
21.9.2026,0:24:3.024,4019.0,100.0,28.6,76,26.225,
21.9.2026,0:24:3.230,4019.0,100.0,28.6,76,26.225,
21.9.2026,0:24:3.437,4019.0,100.0,28.6,76,26.225,
21.9.2026,0:24:3.642,4019.0,100.0,28.6,76,26.225,
21.9.2026,0:24:3.852,4019.0,100.0,28.6,76,26.225,
21.9.2026,0:24:4.055,4019.0,100.0,28.6,76,26.225,
21.9.2026,0:24:4.260,4019.0,100.0,28.6,76,26.225,
21.9.2026,0:24:4.464,4019.0,100.0,28.6,76,26.225,
21.9.2026,0:24:4.673,4015.9,100.0,31.7,79,26.225,
21.9.2026,0:24:4.877,4015.9,100.0,31.7,79,27.639,
21.9.2026,0:24:5.081,4015.9,100.0,31.7,79,27.639,
21.9.2026,0:24:5.287,4015.9,100.0,31.7,79,27.639,
21.9.2026,0:24:5.493,4015.9,100.0,31.7,79,27.639,
21.9.2026,0:24:5.699,4015.9,100.0,31.7,79,27.639,
21.9.2026,0:24:5.902,4015.9,100.0,31.7,79,27.639,
21.9.2026,0:24:6.108,4015.9,100.0,31.7,79,27.639,
21.9.2026,0:24:6.316,4015.9,100.0,31.7,79,27.639,
21.9.2026,0:24:6.522,4015.9,100.0,31.7,79,27.639,
21.9.2026,0:24:6.725,4015.9,100.0,31.7,79,27.639,
21.9.2026,0:24:6.930,4015.9,100.0,31.7,79,27.639,
21.9.2026,0:24:7.135,4015.9,100.0,31.7,79,27.639,
21.9.2026,0:24:7.342,4015.9,100.0,31.7,79,27.639,
21.9.2026,0:24:7.546,4015.9,100.0,31.7,79,27.639,
21.9.2026,0:24:7.750,4015.9,100.0,31.7,79,27.639,
21.9.2026,0:24:7.955,4015.9,100.0,31.7,79,27.639,
21.9.2026,0:24:8.160,4015.9,100.0,31.7,79,27.639,
21.9.2026,0:24:8.367,4015.9,100.0,31.7,79,27.639,
21.9.2026,0:24:8.571,4015.9,100.0,31.7,79,27.639,
21.9.2026,0:24:8.776,4015.9,100.0,31.7,79,27.639,
21.9.2026,0:24:8.981,4015.9,100.0,31.7,79,27.639,
21.9.2026,0:24:9.191,4015.9,100.0,31.7,79,27.639,
21.9.2026,0:24:9.393,4015.9,100.0,31.7,79,27.639,
21.9.2026,0:24:9.598,4015.9,100.0,31.7,79,27.639,
21.9.2026,0:24:9.803,4015.9,100.0,31.7,79,27.639,
21.9.2026,0:24:10.010,4015.9,100.0,31.7,79,27.639,
21.9.2026,0:24:10.213,4015.9,100.0,31.7,79,27.639,
21.9.2026,0:24:10.417,4015.9,100.0,31.7,79,27.639,
21.9.2026,0:24:10.623,4015.9,100.0,31.7,79,27.639,
21.9.2026,0:24:10.830,4015.9,100.0,31.7,79,27.639,
21.9.2026,0:24:11.033,4015.9,100.0,31.7,79,27.639,
21.9.2026,0:24:11.237,4015.9,100.0,31.7,79,27.639,
21.9.2026,0:24:11.442,4015.9,100.0,31.7,79,27.639,
21.9.2026,0:24:11.650,4015.9,100.0,31.7,79,27.639,
21.9.2026,0:24:11.854,4015.9,100.0,31.7,79,27.639,
21.9.2026,0:24:12.058,4015.9,100.0,31.7,79,27.639,
21.9.2026,0:24:12.263,4015.9,100.0,31.7,79,27.639,
21.9.2026,0:24:12.468,4015.9,100.0,31.7,79,27.639,
21.9.2026,0:24:12.676,4015.9,100.0,31.7,79,27.639,
21.9.2026,0:24:12.879,4015.9,100.0,31.7,79,27.639,
21.9.2026,0:24:13.085,4034.0,100.0,31.7,79,26.628,
21.9.2026,0:24:13.289,4034.0,100.0,29.3,80,26.628,
21.9.2026,0:24:13.495,4034.0,100.0,29.3,80,26.628,
21.9.2026,0:24:13.699,4034.0,100.0,29.3,80,26.628,
21.9.2026,0:24:13.906,4034.0,100.0,29.3,80,26.628,
21.9.2026,0:24:14.112,4034.0,100.0,29.3,80,26.628,
21.9.2026,0:24:14.317,4034.0,100.0,29.3,80,26.628,
21.9.2026,0:24:14.524,4034.0,100.0,29.3,80,26.628,
21.9.2026,0:24:14.729,4034.0,100.0,29.3,80,26.628,
21.9.2026,0:24:14.934,4034.0,100.0,29.3,80,26.628,
21.9.2026,0:24:15.138,4034.0,100.0,29.3,80,26.628,
21.9.2026,0:24:15.346,4034.0,100.0,29.3,80,26.628,
21.9.2026,0:24:15.549,4034.0,100.0,29.3,80,26.628,
21.9.2026,0:24:15.754,4034.0,100.0,29.3,80,26.628,
21.9.2026,0:24:15.962,4034.0,100.0,29.3,80,26.628,
21.9.2026,0:24:16.166,4034.0,100.0,29.3,80,26.628,
21.9.2026,0:24:16.369,4034.0,100.0,29.3,80,26.628,
21.9.2026,0:24:16.574,4034.0,100.0,29.3,80,26.628,
21.9.2026,0:24:16.779,4034.0,100.0,29.3,80,26.628,
21.9.2026,0:24:16.985,4034.0,100.0,29.3,80,26.628,
21.9.2026,0:24:17.190,4034.0,100.0,29.3,80,26.628,
21.9.2026,0:24:17.395,4034.0,100.0,29.3,80,26.628,
21.9.2026,0:24:17.600,4034.0,100.0,29.3,80,26.628,
21.9.2026,0:24:17.805,4034.0,100.0,29.3,80,26.628,
21.9.2026,0:24:17.995,4034.0,100.0,29.3,80,26.628,
21.9.2026,0:24:18.201,4034.0,100.0,29.3,80,26.628,
21.9.2026,0:24:18.410,4034.0,100.0,29.3,80,26.628,
21.9.2026,0:24:18.614,4034.0,100.0,29.3,80,26.628,
21.9.2026,0:24:18.818,4034.0,100.0,29.3,80,26.628,
21.9.2026,0:24:19.028,4046.0,100.0,29.7,80,26.628,
21.9.2026,0:24:19.233,4046.0,100.0,29.7,80,26.833,
21.9.2026,0:24:19.438,4046.0,100.0,29.7,80,26.833,
21.9.2026,0:24:19.643,4046.0,100.0,29.7,80,26.833,
21.9.2026,0:24:19.849,4046.0,100.0,29.7,80,26.833,
21.9.2026,0:24:20.055,4046.0,100.0,29.7,80,26.833,
21.9.2026,0:24:20.261,4046.0,100.0,29.7,80,26.833,
21.9.2026,0:24:20.466,4046.0,100.0,29.7,80,26.833,
21.9.2026,0:24:20.673,4046.0,100.0,29.7,80,26.833,
21.9.2026,0:24:20.879,4046.0,100.0,29.7,80,26.833,
21.9.2026,0:24:21.085,4046.0,100.0,29.7,80,26.833,
21.9.2026,0:24:21.291,4046.0,100.0,29.7,80,26.833,
21.9.2026,0:24:21.495,4046.0,100.0,29.7,80,26.833,
21.9.2026,0:24:21.700,4046.0,100.0,29.7,80,26.833,
21.9.2026,0:24:21.905,4046.0,100.0,29.7,80,26.833,
21.9.2026,0:24:22.111,4046.0,100.0,29.7,80,26.833,
21.9.2026,0:24:22.318,4046.0,100.0,29.7,80,26.833,
21.9.2026,0:24:22.523,4046.0,100.0,29.7,80,26.833,
21.9.2026,0:24:22.729,4046.0,100.0,29.7,80,26.833,
21.9.2026,0:24:22.935,4046.0,100.0,29.7,80,26.833,
21.9.2026,0:24:23.139,4046.0,100.0,29.7,80,26.833,
21.9.2026,0:24:23.344,4046.0,100.0,29.7,80,26.833,
21.9.2026,0:24:23.550,4046.0,100.0,29.7,80,26.833,
21.9.2026,0:24:23.758,4046.0,100.0,29.7,80,26.833,
21.9.2026,0:24:23.962,4046.0,100.0,29.7,80,26.833,
21.9.2026,0:24:24.168,4046.0,100.0,29.7,80,26.833,
21.9.2026,0:24:24.375,4046.0,100.0,29.7,80,26.833,
21.9.2026,0:24:24.579,4046.0,100.0,29.7,80,26.833,
21.9.2026,0:24:24.785,4046.0,100.0,29.7,80,26.833,
21.9.2026,0:24:24.993,4046.0,100.0,29.7,80,26.833,
21.9.2026,0:24:25.197,4014.8,100.0,28.1,80,26.833,
21.9.2026,0:24:25.407,4014.8,100.0,28.1,80,26.335,
21.9.2026,0:24:25.610,4014.8,100.0,28.1,80,26.335,
21.9.2026,0:24:25.815,4014.8,100.0,28.1,80,26.335,
21.9.2026,0:24:26.025,4014.8,100.0,28.1,80,26.335,
21.9.2026,0:24:26.230,4014.8,100.0,28.1,80,26.335,
21.9.2026,0:24:26.434,4014.8,100.0,28.1,80,26.335,
21.9.2026,0:24:26.637,4014.8,100.0,28.1,80,26.335,
21.9.2026,0:24:26.843,4014.8,100.0,28.1,80,26.335,
21.9.2026,0:24:27.048,4014.8,100.0,28.1,80,26.335,
21.9.2026,0:24:27.253,4014.8,100.0,28.1,80,26.335,
21.9.2026,0:24:27.460,4014.8,100.0,28.1,80,26.335,
21.9.2026,0:24:27.665,4014.8,100.0,28.1,80,26.335,
21.9.2026,0:24:27.870,4014.8,100.0,28.1,80,26.335,
21.9.2026,0:24:28.075,4014.8,100.0,28.1,80,26.335,
21.9.2026,0:24:28.283,4014.8,100.0,28.1,80,26.335,
21.9.2026,0:24:28.485,4014.8,100.0,28.1,80,26.335,
21.9.2026,0:24:28.690,4014.8,100.0,28.1,80,26.335,
21.9.2026,0:24:28.895,4014.8,100.0,28.1,80,26.335,
21.9.2026,0:24:29.114,4014.8,100.0,28.1,80,26.335,
21.9.2026,0:24:29.305,4014.8,100.0,28.1,80,26.335,
21.9.2026,0:24:29.512,4014.8,100.0,28.1,80,26.335,
21.9.2026,0:24:29.716,4014.8,100.0,28.1,80,26.335,
21.9.2026,0:24:29.920,4043.5,100.0,30.0,81,26.335,
21.9.2026,0:24:30.123,4043.5,100.0,30.0,81,26.643,
21.9.2026,0:24:30.329,4043.5,100.0,30.0,81,26.643,
21.9.2026,0:24:30.534,4043.5,100.0,30.0,81,26.643,
21.9.2026,0:24:30.742,4043.5,100.0,30.0,81,26.643,
21.9.2026,0:24:30.946,4043.5,100.0,30.0,81,26.643,
21.9.2026,0:24:31.149,4043.5,100.0,30.0,81,26.643,
21.9.2026,0:24:31.355,4043.5,100.0,30.0,81,26.643,
21.9.2026,0:24:31.560,4043.5,100.0,30.0,81,26.643,
21.9.2026,0:24:31.765,4043.5,100.0,30.0,81,26.643,
21.9.2026,0:24:31.971,4043.5,100.0,30.0,81,26.643,
21.9.2026,0:24:32.177,4043.5,100.0,30.0,81,26.643,
21.9.2026,0:24:32.384,4043.5,100.0,30.0,81,26.643,
21.9.2026,0:24:32.589,4043.5,100.0,30.0,81,26.643,
21.9.2026,0:24:32.794,4043.5,100.0,30.0,81,26.643,
21.9.2026,0:24:33.002,4043.5,100.0,30.0,81,26.643,
21.9.2026,0:24:33.207,4043.5,100.0,30.0,81,26.643,
21.9.2026,0:24:33.411,4043.5,100.0,30.0,81,26.643,
21.9.2026,0:24:33.617,4043.5,100.0,30.0,81,26.643,
21.9.2026,0:24:33.822,4043.5,100.0,30.0,81,26.643,
21.9.2026,0:24:34.028,4043.5,100.0,30.0,81,26.643,
21.9.2026,0:24:34.232,4043.5,100.0,30.0,81,26.643,
21.9.2026,0:24:34.440,4043.5,100.0,30.0,81,26.643,
21.9.2026,0:24:34.645,4081.6,100.0,29.8,65,26.805,
21.9.2026,0:24:34.849,4081.6,100.0,29.8,65,26.805,
21.9.2026,0:24:35.053,4081.6,100.0,29.8,65,26.805,
21.9.2026,0:24:35.257,4081.6,100.0,29.8,65,26.805,
21.9.2026,0:24:35.463,4081.6,100.0,29.8,65,26.805,
21.9.2026,0:24:35.668,4081.6,100.0,29.8,65,26.805,
21.9.2026,0:24:35.873,4081.6,100.0,29.8,65,26.805,
21.9.2026,0:24:36.082,4081.6,100.0,29.8,65,26.805,
21.9.2026,0:24:36.297,4081.6,100.0,29.8,65,26.805,
21.9.2026,0:24:36.491,4081.6,100.0,29.8,65,26.805,
21.9.2026,0:24:36.697,4081.6,100.0,29.8,65,26.805,
21.9.2026,0:24:36.904,4081.6,100.0,29.8,65,26.805,
21.9.2026,0:24:37.109,4081.6,100.0,29.8,65,26.805,
21.9.2026,0:24:37.315,4081.6,100.0,29.8,65,26.805,
21.9.2026,0:24:37.521,4081.6,100.0,29.8,65,26.805,
21.9.2026,0:24:37.728,4081.6,100.0,29.8,65,26.805,
21.9.2026,0:24:37.935,4081.6,100.0,29.8,65,26.805,
21.9.2026,0:24:38.141,4081.6,100.0,29.8,65,26.805,
21.9.2026,0:24:38.348,4081.6,100.0,29.8,65,26.805,
21.9.2026,0:24:38.555,4081.6,100.0,29.8,65,26.805,
21.9.2026,0:24:38.761,4081.6,100.0,29.8,65,26.805,
21.9.2026,0:24:38.967,4081.6,100.0,29.8,65,26.805,
21.9.2026,0:24:39.175,4081.6,100.0,29.8,65,26.805,
21.9.2026,0:24:39.381,4061.1,100.0,29.9,81,26.805,
21.9.2026,0:24:39.590,4061.1,100.0,29.9,81,26.951,
21.9.2026,0:24:39.796,4061.1,100.0,29.9,81,26.951,
21.9.2026,0:24:40.002,4061.1,100.0,29.9,81,26.951,
21.9.2026,0:24:40.208,4061.1,100.0,29.9,81,26.951,
21.9.2026,0:24:40.415,4061.1,100.0,29.9,81,26.951,
21.9.2026,0:24:40.621,4061.1,100.0,29.9,81,26.951,
21.9.2026,0:24:40.828,4061.1,100.0,29.9,81,26.951,
21.9.2026,0:24:41.035,4061.1,100.0,29.9,81,26.951,
21.9.2026,0:24:41.241,4061.1,100.0,29.9,81,26.951,
21.9.2026,0:24:41.465,4061.1,100.0,29.9,81,26.951,
21.9.2026,0:24:41.656,4061.1,100.0,29.9,81,26.951,
21.9.2026,0:24:41.862,4061.1,100.0,29.9,81,26.951,
21.9.2026,0:24:42.068,4061.1,100.0,29.9,81,26.951,
21.9.2026,0:24:42.275,4061.1,100.0,29.9,81,26.951,
21.9.2026,0:24:42.482,4061.1,100.0,29.9,81,26.951,
21.9.2026,0:24:42.689,4061.1,100.0,29.9,81,26.951,
21.9.2026,0:24:42.893,4061.1,100.0,29.9,81,26.951,
21.9.2026,0:24:43.103,4061.1,100.0,29.9,81,26.951,
21.9.2026,0:24:43.307,4061.1,100.0,29.9,81,26.951,
21.9.2026,0:24:43.515,4061.1,100.0,29.9,81,26.951,
21.9.2026,0:24:43.721,4061.1,100.0,29.9,81,26.951,
21.9.2026,0:24:43.928,4061.1,100.0,29.9,81,26.951,
21.9.2026,0:24:44.138,3740.7,100.0,33.3,72,26.951,
21.9.2026,0:24:44.341,3740.7,100.0,33.3,72,25.023,
21.9.2026,0:24:44.548,3740.7,100.0,33.3,72,25.023,
21.9.2026,0:24:44.756,3740.7,100.0,33.3,72,25.023,
21.9.2026,0:24:44.963,3740.7,100.0,33.3,72,25.023,
21.9.2026,0:24:45.169,3740.7,100.0,33.3,72,25.023,
21.9.2026,0:24:45.377,3740.7,100.0,33.3,72,25.023,
21.9.2026,0:24:45.583,3740.7,100.0,33.3,72,25.023,
21.9.2026,0:24:45.791,3740.7,100.0,33.3,72,25.023,
21.9.2026,0:24:45.980,3740.7,100.0,33.3,72,25.023,
21.9.2026,0:24:46.189,3740.7,100.0,33.3,72,25.023,
21.9.2026,0:24:46.397,3740.7,100.0,33.3,72,25.023,
21.9.2026,0:24:46.604,3740.7,100.0,33.3,72,25.023,
21.9.2026,0:24:46.812,3740.7,100.0,33.3,72,25.023,
21.9.2026,0:24:47.017,3740.7,100.0,33.3,72,25.023,
21.9.2026,0:24:47.224,3740.7,100.0,33.3,72,25.023,
21.9.2026,0:24:47.433,3740.7,100.0,33.3,72,25.023,
21.9.2026,0:24:47.635,3740.7,100.0,33.3,72,25.023,
21.9.2026,0:24:47.839,3740.7,100.0,33.3,72,25.023,
21.9.2026,0:24:48.048,3740.7,100.0,33.3,72,25.023,
21.9.2026,0:24:48.253,3740.7,100.0,33.3,72,25.023,
21.9.2026,0:24:48.461,3740.7,100.0,33.3,72,25.023,
21.9.2026,0:24:48.667,3740.7,100.0,33.3,72,25.023,
21.9.2026,0:24:48.874,3740.7,100.0,33.3,72,25.023,
21.9.2026,0:24:49.080,3630.1,100.0,35.8,72,25.023,
21.9.2026,0:24:49.289,3630.1,100.0,35.8,72,25.055,
21.9.2026,0:24:49.493,3630.1,100.0,35.8,72,25.055,
21.9.2026,0:24:49.702,3630.1,100.0,35.8,72,25.055,
21.9.2026,0:24:49.905,2249.5,78.5,39.9,70,25.055,
21.9.2026,0:24:50.111,925.3,29.3,18.0,58,23.332,
21.9.2026,0:24:50.316,537.3,10.5,7.1,62,13.391,
21.9.2026,0:24:50.524,1571.8,35.5,24.4,73,12.490,
21.9.2026,0:24:50.734,1868.7,47.3,29.3,77,23.318,
21.9.2026,0:24:50.938,1609.8,38.0,30.6,82,24.008,
21.9.2026,0:24:51.148,1310.2,30.5,25.0,71,26.585,
21.9.2026,0:24:51.354,2309.5,53.9,37.4,75,22.614,
21.9.2026,0:24:51.561,2426.8,60.6,35.5,74,28.913,
21.9.2026,0:24:51.771,2166.6,50.4,32.5,74,29.115,
21.9.2026,0:24:51.977,2605.2,61.7,34.5,75,28.730,
21.9.2026,0:24:52.185,1406.3,36.9,25.6,71,29.627,
21.9.2026,0:24:52.395,1290.6,29.0,23.0,73,24.319,
21.9.2026,0:24:52.598,2027.8,47.6,29.4,74,24.586,
21.9.2026,0:24:52.804,1895.7,44.6,30.3,67,26.430,
21.9.2026,0:24:52.995,1852.2,47.5,32.8,70,25.407,
21.9.2026,0:24:53.201,1348.5,31.3,21.4,71,25.466,
21.9.2026,0:24:53.409,1749.5,40.9,30.4,69,20.857,
21.9.2026,0:24:53.612,1772.3,42.1,29.1,73,27.038,
21.9.2026,0:24:53.818,1048.0,24.5,20.4,67,25.612,
21.9.2026,0:24:54.011,1048.0,24.5,20.4,67,20.358,
21.9.2026,0:24:54.217,997.7,27.1,25.5,75,24.003,
21.9.2026,0:24:54.426,1052.5,22.6,15.5,61,19.486,
21.9.2026,0:24:54.630,778.6,18.8,12.8,72,15.769,
21.9.2026,0:24:54.839,510.9,9.0,20.2,78,23.890,
21.9.2026,0:24:55.027,1052.2,23.7,20.7,66,23.308,
21.9.2026,0:24:55.234,773.1,23.1,25.1,73,21.187,
21.9.2026,0:24:55.441,718.1,15.2,18.8,74,22.730,
21.9.2026,0:24:55.651,640.2,13.3,16.8,75,19.330,
21.9.2026,0:24:55.855,616.5,12.4,18.8,77,23.384,
21.9.2026,0:24:56.064,670.5,20.4,25.8,74,23.790,
21.9.2026,0:24:56.269,723.5,15.0,21.1,75,24.276,
21.9.2026,0:24:56.478,586.5,12.4,13.5,73,18.178,
21.9.2026,0:24:56.687,1535.7,35.1,24.2,75,24.720,
21.9.2026,0:24:56.892,1567.9,40.1,25.9,74,24.509,
21.9.2026,0:24:57.098,861.2,18.4,22.9,75,23.593,
21.9.2026,0:24:57.306,402.5,7.6,22.1,77,24.812,
21.9.2026,0:24:57.512,472.5,9.0,21.7,80,24.728,
21.9.2026,0:24:57.720,514.9,16.0,25.6,77,23.962,
21.9.2026,0:24:57.926,469.2,8.7,21.6,79,25.237,
21.9.2026,0:24:58.135,942.4,20.4,23.1,79,25.605,
21.9.2026,0:24:58.340,615.9,12.6,24.6,79,25.513,
21.9.2026,0:24:58.546,965.2,27.4,17.5,62,17.266,
21.9.2026,0:24:58.754,958.8,21.3,15.4,68,17.909,
21.9.2026,0:24:58.964,1189.6,26.2,20.8,72,24.131,
21.9.2026,0:24:59.153,1220.2,27.0,20.9,74,24.318,
21.9.2026,0:24:59.358,711.1,20.9,21.5,73,23.135,
21.9.2026,0:24:59.565,1064.5,24.2,21.8,71,22.815,
21.9.2026,0:24:59.771,431.9,8.4,19.3,75,22.846,
21.9.2026,0:24:59.979,612.9,13.1,19.2,74,22.965,
21.9.2026,0:25:0.185,589.1,18.9,23.8,74,22.766,
21.9.2026,0:25:0.393,944.7,21.0,18.5,73,22.953,
21.9.2026,0:25:0.602,1504.6,34.6,17.6,70,22.472,
21.9.2026,0:25:0.809,1370.4,30.9,17.6,72,22.904,
21.9.2026,0:25:1.016,862.9,24.0,22.0,72,22.815,
21.9.2026,0:25:1.222,704.5,15.2,22.2,74,23.348,
21.9.2026,0:25:1.430,457.8,8.9,17.9,73,22.983,
21.9.2026,0:25:1.637,855.6,18.9,18.4,71,22.670,
21.9.2026,0:25:1.843,292.2,11.6,21.9,75,22.844,
21.9.2026,0:25:2.048,245.0,4.5,8.4,58,12.634,
21.9.2026,0:25:2.256,362.9,8.0,10.3,70,14.019,
21.9.2026,0:25:2.463,736.5,15.5,19.2,69,21.955,
21.9.2026,0:25:2.671,887.7,25.1,20.5,72,22.805,
21.9.2026,0:25:2.879,591.2,12.1,20.1,73,22.734,
21.9.2026,0:25:3.086,972.1,21.1,18.5,70,22.923,
21.9.2026,0:25:3.295,422.4,14.5,12.5,68,17.233,
21.9.2026,0:25:3.500,698.6,14.1,20.3,74,22.652,
21.9.2026,0:25:3.706,606.8,12.7,21.8,73,22.615,
21.9.2026,0:25:3.914,734.8,15.9,20.2,71,21.670,
21.9.2026,0:25:4.104,606.9,12.3,17.6,73,22.356,
21.9.2026,0:25:4.311,666.3,20.4,22.6,74,22.850,
21.9.2026,0:25:4.517,689.8,14.5,19.0,74,22.799,
21.9.2026,0:25:4.727,508.8,9.9,20.1,73,22.601,
21.9.2026,0:25:4.930,557.2,11.0,18.3,74,22.775,
21.9.2026,0:25:5.120,833.2,18.3,23.9,73,23.518,
21.9.2026,0:25:5.328,782.9,22.7,21.4,72,22.194,
21.9.2026,0:25:5.533,442.2,8.9,20.4,74,22.975,
21.9.2026,0:25:5.742,480.7,9.4,17.3,74,21.805,
21.9.2026,0:25:5.946,388.0,7.9,10.4,60,18.562,
21.9.2026,0:25:6.136,479.5,16.3,22.4,71,19.092,
21.9.2026,0:25:6.343,512.1,10.2,22.1,72,22.885,
21.9.2026,0:25:6.548,598.1,12.6,20.5,72,22.014,
21.9.2026,0:25:6.754,555.4,11.7,18.9,74,22.665,
21.9.2026,0:25:6.961,637.4,12.8,18.1,72,22.615,
21.9.2026,0:25:7.156,562.9,17.0,24.2,73,22.730,
21.9.2026,0:25:7.360,547.3,10.8,18.6,73,22.600,
21.9.2026,0:25:7.565,220.4,4.1,9.0,70,17.139,
21.9.2026,0:25:7.775,822.7,18.4,12.7,68,14.871,
21.9.2026,0:25:7.979,554.5,17.5,20.5,71,19.702,
21.9.2026,0:25:8.186,504.7,9.9,18.2,73,22.629,
21.9.2026,0:25:8.393,902.6,20.1,20.3,74,22.924,
21.9.2026,0:25:8.599,476.8,9.7,19.2,73,22.777,
21.9.2026,0:25:8.807,671.9,13.9,18.7,72,23.041,
21.9.2026,0:25:9.013,1069.9,29.5,22.3,72,22.747,
21.9.2026,0:25:9.219,1138.8,26.1,20.7,72,22.817,
21.9.2026,0:25:9.425,681.6,14.3,21.0,71,23.028,
21.9.2026,0:25:9.631,533.3,11.0,19.5,74,22.739,
21.9.2026,0:25:9.840,676.7,14.3,21.1,74,22.750,
21.9.2026,0:25:10.046,649.8,19.3,21.2,72,22.784,
21.9.2026,0:25:10.254,1221.1,27.4,20.2,70,22.838,
21.9.2026,0:25:10.460,754.9,16.1,17.6,73,22.797,
21.9.2026,0:25:10.668,554.9,17.4,25.7,74,22.708,
21.9.2026,0:25:10.877,630.8,13.2,17.9,71,22.797,
21.9.2026,0:25:11.082,501.1,10.0,20.3,72,22.757,
21.9.2026,0:25:11.288,714.9,14.4,17.6,70,22.771,
21.9.2026,0:25:11.494,583.1,12.4,18.1,72,22.397,
21.9.2026,0:25:11.701,374.0,13.5,22.5,73,22.672,
21.9.2026,0:25:11.909,367.4,6.4,17.6,64,22.338,
21.9.2026,0:25:12.113,465.4,9.5,18.6,73,20.687,
21.9.2026,0:25:12.318,295.6,6.2,11.9,58,16.878,
21.9.2026,0:25:12.524,718.0,14.8,5.6,60,12.266,
21.9.2026,0:25:12.731,351.6,12.9,21.8,73,20.939,
21.9.2026,0:25:12.937,372.4,6.5,17.1,70,21.225,
21.9.2026,0:25:13.146,528.9,10.8,14.6,59,18.128,
21.9.2026,0:25:13.350,797.0,17.6,18.9,70,20.433,
21.9.2026,0:25:13.559,710.0,14.6,18.3,71,22.611,
21.9.2026,0:25:13.766,975.5,20.9,22.6,70,22.621,
21.9.2026,0:25:13.974,1395.6,36.4,18.7,69,22.316,
21.9.2026,0:25:14.180,887.4,19.3,19.6,68,22.547,
21.9.2026,0:25:14.388,1034.8,28.4,21.2,73,22.330,
21.9.2026,0:25:14.595,529.9,9.5,26.2,67,25.185,
21.9.2026,0:25:14.802,1789.9,41.1,33.7,72,27.413,
21.9.2026,0:25:15.009,1741.1,40.2,32.4,73,28.456,
21.9.2026,0:25:15.216,1546.7,39.8,34.0,73,28.104,
21.9.2026,0:25:15.424,839.9,18.0,17.5,73,22.861,
21.9.2026,0:25:15.631,530.7,10.5,19.7,73,22.622,
21.9.2026,0:25:15.841,453.4,15.3,21.2,72,21.982,
21.9.2026,0:25:16.046,792.3,17.8,21.7,67,20.420,
21.9.2026,0:25:16.254,590.4,12.0,18.3,71,22.258,
21.9.2026,0:25:16.460,482.9,10.2,12.7,66,14.679,
21.9.2026,0:25:16.663,1750.2,41.4,31.6,72,26.389,
21.9.2026,0:25:16.868,1991.6,47.5,35.7,72,27.750,
21.9.2026,0:25:17.076,1895.8,48.7,36.4,73,28.249,
21.9.2026,0:25:17.281,1347.9,31.6,28.4,70,26.450,
21.9.2026,0:25:17.489,1302.3,29.4,23.3,68,22.224,
21.9.2026,0:25:17.693,412.8,8.2,7.9,58,14.146,
21.9.2026,0:25:17.900,342.1,6.6,14.6,71,16.964,
21.9.2026,0:25:18.109,277.5,11.0,23.6,73,22.687,
21.9.2026,0:25:18.319,360.2,5.7,18.4,72,22.756,
21.9.2026,0:25:18.521,1287.4,29.5,29.4,73,26.174,
21.9.2026,0:25:18.726,1427.2,33.2,29.0,69,24.263,
21.9.2026,0:25:18.934,1540.2,36.0,28.8,73,25.521,
21.9.2026,0:25:19.139,1672.2,42.9,34.6,73,28.696,
21.9.2026,0:25:19.348,1108.2,24.7,22.1,71,22.870,
21.9.2026,0:25:19.554,849.2,18.6,19.5,71,22.994,
21.9.2026,0:25:19.763,1113.1,24.6,21.2,70,22.723,
21.9.2026,0:25:19.968,936.8,21.0,20.9,72,23.008,
21.9.2026,0:25:20.176,1096.7,30.1,18.3,68,20.108,
21.9.2026,0:25:20.379,636.4,13.1,21.5,72,22.815,
21.9.2026,0:25:20.589,891.9,20.9,20.1,70,20.792,
21.9.2026,0:25:20.794,662.2,19.7,25.4,70,23.980,
21.9.2026,0:25:21.002,981.2,21.5,17.9,72,22.025,
21.9.2026,0:25:21.208,534.0,10.2,20.0,74,23.522,
21.9.2026,0:25:21.414,473.4,9.9,19.3,63,21.541,
21.9.2026,0:25:21.620,955.2,26.0,20.9,71,17.493,
21.9.2026,0:25:21.831,525.5,10.7,18.1,71,22.946,
21.9.2026,0:25:22.036,556.1,10.6,20.4,73,22.844,
21.9.2026,0:25:22.241,779.1,17.2,20.6,72,23.212,
21.9.2026,0:25:22.449,654.8,13.6,16.8,63,21.002,
21.9.2026,0:25:22.654,403.5,14.6,13.8,71,14.972,
21.9.2026,0:25:22.860,759.4,16.4,18.0,71,21.187,
21.9.2026,0:25:23.067,708.7,15.3,22.8,72,22.940,
21.9.2026,0:25:23.274,557.9,11.7,20.2,72,23.085,
21.9.2026,0:25:23.482,676.9,20.3,21.7,74,22.997,
21.9.2026,0:25:23.688,475.2,8.9,21.5,73,22.945,
21.9.2026,0:25:23.897,491.0,9.7,19.5,73,22.901,
21.9.2026,0:25:24.100,341.9,6.4,18.7,74,22.921,
21.9.2026,0:25:24.306,999.1,22.7,20.0,61,20.981,
21.9.2026,0:25:24.514,458.4,16.3,12.0,66,12.653,
21.9.2026,0:25:24.719,667.6,13.7,19.6,72,22.750,
21.9.2026,0:25:24.927,1187.5,27.1,19.6,71,22.624,
21.9.2026,0:25:25.131,863.3,18.5,18.5,72,22.738,
21.9.2026,0:25:25.337,732.0,16.0,18.8,72,22.673,
21.9.2026,0:25:25.544,1029.0,28.1,27.5,62,22.712,
21.9.2026,0:25:25.750,568.7,11.4,16.9,73,22.444,
21.9.2026,0:25:25.957,593.3,11.6,21.7,73,22.646,
21.9.2026,0:25:26.163,880.3,19.1,17.0,60,20.817,
21.9.2026,0:25:26.372,543.8,11.5,7.3,67,12.773,
21.9.2026,0:25:26.577,916.5,25.2,25.9,71,22.759,
21.9.2026,0:25:26.786,1409.6,26.6,16.2,69,22.541,
21.9.2026,0:25:26.993,553.4,17.1,20.3,70,21.311,
21.9.2026,0:25:27.183,803.4,22.8,23.1,70,22.764,
21.9.2026,0:25:27.390,406.7,8.6,12.1,63,15.004,
21.9.2026,0:25:27.599,604.8,12.3,18.4,72,22.640,
21.9.2026,0:25:27.804,349.9,6.5,18.8,74,22.590,
21.9.2026,0:25:28.013,515.5,16.2,25.4,73,23.229,
21.9.2026,0:25:28.219,533.8,10.0,20.2,72,22.557,
21.9.2026,0:25:28.428,609.6,12.8,15.5,71,20.006,
21.9.2026,0:25:28.633,416.9,7.6,18.8,71,22.369,
21.9.2026,0:25:28.842,531.6,16.6,22.1,72,22.606,
21.9.2026,0:25:29.047,799.7,17.3,20.8,72,22.864,
21.9.2026,0:25:29.252,513.6,10.1,18.8,72,22.709,
21.9.2026,0:25:29.461,773.2,16.6,19.6,72,22.755,
21.9.2026,0:25:29.667,627.8,19.4,19.9,70,20.007,
21.9.2026,0:25:29.873,468.9,10.0,18.5,70,22.133,
21.9.2026,0:25:30.078,247.0,4.6,6.5,66,11.313,
21.9.2026,0:25:30.287,781.4,16.5,16.9,70,19.899,
21.9.2026,0:25:30.494,947.2,20.8,18.6,71,22.709,
21.9.2026,0:25:30.701,673.3,20.4,21.1,71,22.663,
21.9.2026,0:25:30.909,765.3,16.7,22.1,72,22.789,
21.9.2026,0:25:31.114,907.5,20.6,18.5,70,21.366,
21.9.2026,0:25:31.320,504.9,9.7,18.5,72,22.674,
21.9.2026,0:25:31.528,1133.1,30.6,24.4,71,23.498,
21.9.2026,0:25:31.737,997.9,21.6,19.7,72,22.658,
21.9.2026,0:25:31.941,727.4,15.7,20.4,70,22.663,
21.9.2026,0:25:32.148,446.9,8.5,19.3,71,22.568,
21.9.2026,0:25:32.354,949.1,27.0,23.9,58,21.289,
21.9.2026,0:25:32.560,533.1,11.1,15.5,70,20.325,
21.9.2026,0:25:32.766,1072.2,24.3,18.4,70,22.675,
21.9.2026,0:25:32.973,833.0,18.5,22.0,72,22.794,
21.9.2026,0:25:33.182,430.6,8.2,18.4,73,22.707,
21.9.2026,0:25:33.388,655.2,19.5,21.6,72,22.931,
21.9.2026,0:25:33.595,1173.5,26.3,21.3,68,22.737,
21.9.2026,0:25:33.805,1483.8,34.5,16.5,67,19.411,
21.9.2026,0:25:34.011,1160.3,25.4,20.8,68,22.950,
21.9.2026,0:25:34.218,467.5,15.2,25.3,71,23.222,
21.9.2026,0:25:34.424,421.5,8.0,19.2,70,23.067,
21.9.2026,0:25:34.629,284.2,5.7,9.6,59,14.991,
21.9.2026,0:25:34.835,310.3,6.3,9.9,65,13.269,
21.9.2026,0:25:35.041,548.9,10.6,18.6,72,22.614,
21.9.2026,0:25:35.247,911.3,26.1,22.1,68,21.397,
21.9.2026,0:25:35.456,336.3,6.1,22.0,72,22.583,
21.9.2026,0:25:35.661,440.9,7.8,14.3,72,18.988,
21.9.2026,0:25:35.866,1258.2,28.8,26.7,70,25.222,
21.9.2026,0:25:36.072,1536.0,35.8,33.4,73,28.272,
21.9.2026,0:25:36.261,1750.9,45.1,36.8,74,28.259,
21.9.2026,0:25:36.467,768.8,16.4,19.9,70,22.628,
21.9.2026,0:25:36.674,559.6,11.2,21.6,71,22.559,
21.9.2026,0:25:36.881,880.9,18.7,18.5,71,22.758,
21.9.2026,0:25:37.088,872.9,24.7,21.4,72,22.718,
21.9.2026,0:25:37.298,853.6,18.7,19.4,72,22.756,
21.9.2026,0:25:37.503,892.4,19.6,20.0,70,22.615,
21.9.2026,0:25:37.711,1186.2,26.7,22.8,72,23.158,
21.9.2026,0:25:37.914,1575.3,36.3,31.6,73,27.045,
21.9.2026,0:25:38.123,1831.7,46.9,35.6,74,28.275,
21.9.2026,0:25:38.329,1443.0,32.8,29.6,72,26.995,
21.9.2026,0:25:38.533,261.1,4.4,7.2,61,14.076,
21.9.2026,0:25:38.741,452.0,8.7,18.7,72,19.708,
21.9.2026,0:25:38.946,430.8,8.4,18.9,71,22.694,
21.9.2026,0:25:39.152,612.1,18.9,26.8,63,22.899,
21.9.2026,0:25:39.361,853.1,17.9,19.9,70,22.657,
21.9.2026,0:25:39.569,1322.7,29.9,18.4,70,22.666,
21.9.2026,0:25:39.774,1101.5,24.5,21.1,72,23.643,
21.9.2026,0:25:39.981,1882.0,47.9,36.4,73,28.244,
21.9.2026,0:25:40.186,1793.3,41.5,32.8,73,28.335,
21.9.2026,0:25:40.396,1245.0,28.5,26.5,72,25.728,
21.9.2026,0:25:40.599,727.1,15.9,18.8,69,19.446,
21.9.2026,0:25:40.805,402.1,8.1,19.6,71,22.216,
21.9.2026,0:25:41.014,606.2,18.4,23.1,72,22.203,
21.9.2026,0:25:41.217,302.8,6.0,7.6,60,12.487,
21.9.2026,0:25:41.424,1083.9,25.4,19.6,67,20.019,
21.9.2026,0:25:41.630,881.8,19.9,20.1,69,22.242,
21.9.2026,0:25:41.835,1203.3,28.4,23.2,71,23.542,
21.9.2026,0:25:42.040,1651.6,38.6,32.7,71,26.425,
21.9.2026,0:25:42.230,1563.5,41.9,33.4,72,25.236,
21.9.2026,0:25:42.435,524.3,10.7,19.1,72,22.404,
21.9.2026,0:25:42.645,518.5,11.3,12.4,69,16.613,
21.9.2026,0:25:42.849,474.9,9.4,18.7,69,22.308,
21.9.2026,0:25:43.054,561.4,12.1,18.2,60,20.882,
21.9.2026,0:25:43.245,722.5,26.1,25.7,66,16.193,
21.9.2026,0:25:43.452,433.5,8.5,18.9,71,22.740,
21.9.2026,0:25:43.658,429.1,8.4,14.1,61,19.879,
21.9.2026,0:25:43.866,1082.4,25.6,20.7,70,20.090,
21.9.2026,0:25:44.070,786.5,17.0,17.7,67,20.749,
21.9.2026,0:25:44.263,416.9,14.5,22.9,72,20.749,
21.9.2026,0:25:44.468,952.7,21.9,15.9,58,22.344,
21.9.2026,0:25:44.677,835.8,18.4,19.0,70,17.810,
21.9.2026,0:25:44.883,275.9,4.0,18.8,71,20.032,
21.9.2026,0:25:45.091,831.9,24.1,21.0,70,22.664,
21.9.2026,0:25:45.296,1334.2,30.8,22.1,68,22.815,
21.9.2026,0:25:45.503,436.0,9.0,13.3,66,22.738,
21.9.2026,0:25:45.711,440.2,9.7,9.6,56,16.378,
21.9.2026,0:25:45.915,652.5,14.1,15.3,61,13.868,
21.9.2026,0:25:46.125,825.7,23.5,20.9,71,16.371,
21.9.2026,0:25:46.330,2039.9,47.9,23.2,70,21.338,
21.9.2026,0:25:46.538,891.9,19.3,18.7,71,23.375,
21.9.2026,0:25:46.744,643.7,13.6,11.8,59,22.906,
21.9.2026,0:25:46.954,1190.7,26.1,14.6,68,12.456,
21.9.2026,0:25:47.159,1100.3,29.9,20.9,69,21.204,
21.9.2026,0:25:47.367,957.1,21.4,21.6,69,22.710,
21.9.2026,0:25:47.572,849.2,24.5,20.3,71,22.087,
21.9.2026,0:25:47.779,547.6,11.6,20.2,71,22.454,
21.9.2026,0:25:47.986,349.3,6.7,11.5,61,22.547,
21.9.2026,0:25:48.192,557.4,11.2,16.1,70,16.478,
21.9.2026,0:25:48.399,1150.1,25.8,20.3,69,19.202,
21.9.2026,0:25:48.606,459.8,15.4,26.7,70,23.033,
21.9.2026,0:25:48.814,706.1,15.8,18.4,71,22.820,
21.9.2026,0:25:49.018,523.9,10.4,14.4,62,20.865,
21.9.2026,0:25:49.225,512.3,10.4,15.3,70,20.265,
21.9.2026,0:25:49.434,426.6,14.8,23.3,72,17.941,
21.9.2026,0:25:49.640,382.5,6.9,20.1,70,22.838,
21.9.2026,0:25:49.849,537.5,10.7,17.3,72,22.602,
21.9.2026,0:25:50.054,537.5,10.7,17.3,72,22.867,
21.9.2026,0:25:50.264,537.5,10.7,17.3,72,22.867,
21.9.2026,0:25:50.468,537.5,10.7,17.3,72,22.867,
21.9.2026,0:25:50.679,537.5,10.7,17.3,72,22.867,
21.9.2026,0:25:50.884,537.5,10.7,17.3,72,22.867,
21.9.2026,0:25:51.091,537.5,10.7,17.3,72,22.867,
21.9.2026,0:25:51.296,537.5,10.7,17.3,72,22.867,
21.9.2026,0:25:51.504,537.5,10.7,17.3,72,22.867,
21.9.2026,0:25:51.710,537.5,10.7,17.3,72,22.867,
21.9.2026,0:25:51.915,537.5,10.7,17.3,72,22.867,
21.9.2026,0:25:52.123,537.5,10.7,17.3,72,22.867,
21.9.2026,0:25:52.329,537.5,10.7,17.3,72,22.867,
21.9.2026,0:25:52.533,537.5,10.7,17.3,72,22.867,
21.9.2026,0:25:52.742,537.5,10.7,17.3,72,22.867,
21.9.2026,0:25:52.945,537.5,10.7,17.3,72,22.867,
21.9.2026,0:25:53.151,537.5,10.7,17.3,72,22.867,
21.9.2026,0:25:53.359,537.5,10.7,17.3,72,22.867,
21.9.2026,0:25:53.565,537.5,10.7,17.3,72,22.867,
21.9.2026,0:25:53.773,537.5,10.7,17.3,72,22.867,
21.9.2026,0:25:53.979,537.5,10.7,17.3,72,22.867,
21.9.2026,0:25:54.187,537.5,10.7,17.3,72,22.867,
21.9.2026,0:25:54.391,537.5,10.7,17.3,72,22.867,
21.9.2026,0:25:54.601,537.5,10.7,17.3,72,22.867,
21.9.2026,0:25:54.806,537.5,10.7,17.3,72,22.867,
21.9.2026,0:25:55.014,537.5,10.7,17.3,72,22.867,
21.9.2026,0:25:55.220,537.5,10.7,17.3,72,22.867,
21.9.2026,0:25:55.429,537.5,10.7,17.3,72,22.867,
21.9.2026,0:25:55.632,537.5,10.7,17.3,72,22.867,
21.9.2026,0:25:55.839,537.5,10.7,17.3,72,22.867,
21.9.2026,0:25:56.047,3718.8,99.4,31.2,76,2.530,
21.9.2026,0:25:56.251,3718.8,99.4,31.2,76,2.530,
21.9.2026,0:25:56.458,3718.8,99.4,31.2,76,2.530,
21.9.2026,0:25:56.666,3718.8,99.4,31.2,76,2.530,
21.9.2026,0:25:56.875,3718.8,99.4,31.2,76,2.530,
21.9.2026,0:25:57.080,3718.8,99.4,31.2,76,2.530,
21.9.2026,0:25:57.289,3718.8,99.4,31.2,76,2.530,
21.9.2026,0:25:57.495,3718.8,99.4,31.2,76,2.530,
21.9.2026,0:25:57.702,3718.8,99.4,31.2,76,2.530,
21.9.2026,0:25:57.906,3718.8,99.4,31.2,76,2.530,
21.9.2026,0:25:58.111,3718.8,99.4,31.2,76,2.530,
21.9.2026,0:25:58.318,3718.8,99.4,31.2,76,2.530,
21.9.2026,0:25:58.523,3718.8,99.4,31.2,76,2.530,
21.9.2026,0:25:58.732,3718.8,99.4,31.2,76,2.530,
21.9.2026,0:25:58.938,3718.8,99.4,31.2,76,2.530,
21.9.2026,0:25:59.146,3718.8,99.4,31.2,76,2.530,
21.9.2026,0:25:59.351,3718.8,99.4,31.2,76,2.530,
21.9.2026,0:25:59.558,3718.8,99.4,31.2,76,2.530,
21.9.2026,0:25:59.764,3718.8,99.4,31.2,76,2.530,
21.9.2026,0:25:59.971,3718.8,99.4,31.2,76,2.530,
21.9.2026,0:26:0.177,3718.8,99.4,31.2,76,2.530,
21.9.2026,0:26:0.383,3718.8,99.4,31.2,76,2.530,
21.9.2026,0:26:0.590,3718.8,99.4,31.2,76,2.530,
21.9.2026,0:26:0.798,4009.2,100.0,32.5,79,2.530,
21.9.2026,0:26:1.008,4009.2,100.0,32.5,79,62.688,
21.9.2026,0:26:1.212,4009.2,100.0,32.5,79,62.688,
21.9.2026,0:26:1.420,4009.2,100.0,32.5,79,62.688,
21.9.2026,0:26:1.624,4009.2,100.0,32.5,79,62.688,
21.9.2026,0:26:1.833,4009.2,100.0,32.5,79,62.688,
21.9.2026,0:26:2.035,4009.2,100.0,32.5,79,62.688,
21.9.2026,0:26:2.241,4009.2,100.0,32.5,79,62.688,
21.9.2026,0:26:2.447,4009.2,100.0,32.5,79,62.688,
21.9.2026,0:26:2.652,4009.2,100.0,32.5,79,62.688,
21.9.2026,0:26:2.859,4009.2,100.0,32.5,79,62.688,
21.9.2026,0:26:3.063,4009.2,100.0,32.5,79,62.688,
21.9.2026,0:26:3.271,4009.2,100.0,32.5,79,62.688,
21.9.2026,0:26:3.476,4009.2,100.0,32.5,79,62.688,
21.9.2026,0:26:3.681,4009.2,100.0,32.5,79,62.688,
21.9.2026,0:26:3.888,4009.2,100.0,32.5,79,62.688,
21.9.2026,0:26:4.094,4009.2,100.0,32.5,79,62.688,
21.9.2026,0:26:4.300,4009.2,100.0,32.5,79,62.688,
21.9.2026,0:26:4.510,4009.2,100.0,32.5,79,62.688,
21.9.2026,0:26:4.712,4009.2,100.0,32.5,79,62.688,
21.9.2026,0:26:4.917,4009.2,100.0,32.5,79,62.688,
21.9.2026,0:26:5.124,4009.2,100.0,32.5,79,62.688,
21.9.2026,0:26:5.329,4009.2,100.0,32.5,79,62.688,
21.9.2026,0:26:5.535,4009.2,100.0,32.5,79,62.688,
21.9.2026,0:26:5.740,4003.7,100.0,34.9,81,30.217,
21.9.2026,0:26:5.948,4003.7,100.0,34.9,81,30.217,
21.9.2026,0:26:6.153,4003.7,100.0,34.9,81,30.217,
21.9.2026,0:26:6.360,4003.7,100.0,34.9,81,30.217,
21.9.2026,0:26:6.566,4003.7,100.0,34.9,81,30.217,
21.9.2026,0:26:6.774,4003.7,100.0,34.9,81,30.217,
21.9.2026,0:26:6.980,4003.7,100.0,34.9,81,30.217,
21.9.2026,0:26:7.186,4003.7,100.0,34.9,81,30.217,
21.9.2026,0:26:7.392,4003.7,100.0,34.9,81,30.217,
21.9.2026,0:26:7.599,4003.7,100.0,34.9,81,30.217,
21.9.2026,0:26:7.804,4003.7,100.0,34.9,81,30.217,
21.9.2026,0:26:8.009,4003.7,100.0,34.9,81,30.217,
21.9.2026,0:26:8.214,4003.7,100.0,34.9,81,30.217,
21.9.2026,0:26:8.421,4003.7,100.0,34.9,81,30.217,
21.9.2026,0:26:8.626,4003.7,100.0,34.9,81,30.217,
21.9.2026,0:26:8.831,4003.7,100.0,34.9,81,30.217,
21.9.2026,0:26:9.037,4003.7,100.0,34.9,81,30.217,
21.9.2026,0:26:9.244,4003.7,100.0,34.9,81,30.217,
21.9.2026,0:26:9.450,4003.7,100.0,34.9,81,30.217,
21.9.2026,0:26:9.654,4003.7,100.0,34.9,81,30.217,
21.9.2026,0:26:9.860,4003.7,100.0,34.9,81,30.217,
21.9.2026,0:26:10.066,4003.7,100.0,34.9,81,30.217,
21.9.2026,0:26:10.269,4003.7,100.0,34.9,81,30.217,
21.9.2026,0:26:10.478,3843.8,100.0,33.9,74,27.248,
21.9.2026,0:26:10.682,3843.8,100.0,33.9,74,27.248,
21.9.2026,0:26:10.888,3843.8,100.0,33.9,74,27.248,
21.9.2026,0:26:11.094,3843.8,100.0,33.9,74,27.248,
21.9.2026,0:26:11.300,3843.8,100.0,33.9,74,27.248,
21.9.2026,0:26:11.506,3843.8,100.0,33.9,74,27.248,
21.9.2026,0:26:11.714,3843.8,100.0,33.9,74,27.248,
21.9.2026,0:26:11.918,3843.8,100.0,33.9,74,27.248,
21.9.2026,0:26:12.126,3843.8,100.0,33.9,74,27.248,
21.9.2026,0:26:12.329,3843.8,100.0,33.9,74,27.248,
21.9.2026,0:26:12.538,3843.8,100.0,33.9,74,27.248,
21.9.2026,0:26:12.743,3843.8,100.0,33.9,74,27.248,
21.9.2026,0:26:12.950,3843.8,100.0,33.9,74,27.248,
21.9.2026,0:26:13.161,3843.8,100.0,33.9,74,27.248,
21.9.2026,0:26:13.364,3843.8,100.0,33.9,74,27.248,
21.9.2026,0:26:13.569,3843.8,100.0,33.9,74,27.248,
21.9.2026,0:26:13.776,3843.8,100.0,33.9,74,27.248,
21.9.2026,0:26:13.980,3843.8,100.0,33.9,74,27.248,
21.9.2026,0:26:14.184,3843.8,100.0,33.9,74,27.248,
21.9.2026,0:26:14.391,3843.8,100.0,33.9,74,27.248,
21.9.2026,0:26:14.596,3843.8,100.0,33.9,74,27.248,
21.9.2026,0:26:14.802,3843.8,100.0,33.9,74,27.248,
21.9.2026,0:26:15.006,3843.8,100.0,33.9,74,27.248,
21.9.2026,0:26:15.212,3659.1,100.0,34.1,73,27.248,
21.9.2026,0:26:15.401,3659.1,100.0,34.1,73,24.743,
21.9.2026,0:26:15.608,3659.1,100.0,34.1,73,24.743,
21.9.2026,0:26:15.811,3659.1,100.0,34.1,73,24.743,
21.9.2026,0:26:16.016,3659.1,100.0,34.1,73,24.743,
21.9.2026,0:26:16.224,3659.1,100.0,34.1,73,24.743,
21.9.2026,0:26:16.428,3659.1,100.0,34.1,73,24.743,
21.9.2026,0:26:16.636,3659.1,100.0,34.1,73,24.743,
21.9.2026,0:26:16.841,3659.1,100.0,34.1,73,24.743,
21.9.2026,0:26:17.048,3659.1,100.0,34.1,73,24.743,
21.9.2026,0:26:17.254,3659.1,100.0,34.1,73,24.743,
21.9.2026,0:26:17.459,3659.1,100.0,34.1,73,24.743,
21.9.2026,0:26:17.667,3659.1,100.0,34.1,73,24.743,
21.9.2026,0:26:17.873,3659.1,100.0,34.1,73,24.743,
21.9.2026,0:26:18.080,3659.1,100.0,34.1,73,24.743,
21.9.2026,0:26:18.285,3659.1,100.0,34.1,73,24.743,
21.9.2026,0:26:18.493,3659.1,100.0,34.1,73,24.743,
21.9.2026,0:26:18.700,3659.1,100.0,34.1,73,24.743,
21.9.2026,0:26:18.906,3659.1,100.0,34.1,73,24.743,
21.9.2026,0:26:19.112,3659.1,100.0,34.1,73,24.743,
21.9.2026,0:26:19.320,3659.1,100.0,34.1,73,24.743,
21.9.2026,0:26:19.525,3659.1,100.0,34.1,73,24.743,
21.9.2026,0:26:19.732,3659.1,100.0,34.1,73,24.743,
21.9.2026,0:26:19.939,3659.1,100.0,34.1,73,24.743,
21.9.2026,0:26:20.147,3680.2,100.0,34.2,72,24.976,
21.9.2026,0:26:20.353,3680.2,100.0,34.2,72,24.976,
21.9.2026,0:26:20.562,3680.2,100.0,34.2,72,24.976,
21.9.2026,0:26:20.768,3680.2,100.0,34.2,72,24.976,
21.9.2026,0:26:20.975,3680.2,100.0,34.2,72,24.976,
21.9.2026,0:26:21.184,3680.2,100.0,34.2,72,24.976,
21.9.2026,0:26:21.390,3680.2,100.0,34.2,72,24.976,
21.9.2026,0:26:21.598,3680.2,100.0,34.2,72,24.976,
21.9.2026,0:26:21.803,3680.2,100.0,34.2,72,24.976,
21.9.2026,0:26:22.010,3680.2,100.0,34.2,72,24.976,
21.9.2026,0:26:22.215,3680.2,100.0,34.2,72,24.976,
21.9.2026,0:26:22.424,3680.2,100.0,34.2,72,24.976,
21.9.2026,0:26:22.628,3680.2,100.0,34.2,72,24.976,
21.9.2026,0:26:22.835,3680.2,100.0,34.2,72,24.976,
21.9.2026,0:26:23.059,3680.2,100.0,34.2,72,24.976,
21.9.2026,0:26:23.252,3680.2,100.0,34.2,72,24.976,
21.9.2026,0:26:23.455,3680.2,100.0,34.2,72,24.976,
21.9.2026,0:26:23.663,3680.2,100.0,34.2,72,24.976,
21.9.2026,0:26:23.870,3680.2,100.0,34.2,72,24.976,
21.9.2026,0:26:24.077,3680.2,100.0,34.2,72,24.976,
21.9.2026,0:26:24.284,3680.2,100.0,34.2,72,24.976,
21.9.2026,0:26:24.489,3680.2,100.0,34.2,72,24.976,
21.9.2026,0:26:24.697,3680.2,100.0,34.2,72,24.976,
21.9.2026,0:26:24.907,3683.1,100.0,34.0,74,25.161,
21.9.2026,0:26:25.110,3683.1,100.0,34.0,74,25.161,
21.9.2026,0:26:25.317,3683.1,100.0,34.0,74,25.161,
21.9.2026,0:26:25.523,3683.1,100.0,34.0,74,25.161,
21.9.2026,0:26:25.728,3683.1,100.0,34.0,74,25.161,
21.9.2026,0:26:25.934,3683.1,100.0,34.0,74,25.161,
21.9.2026,0:26:26.141,3683.1,100.0,34.0,74,25.161,
21.9.2026,0:26:26.347,3683.1,100.0,34.0,74,25.161,
21.9.2026,0:26:26.554,3683.1,100.0,34.0,74,25.161,
21.9.2026,0:26:26.758,3683.1,100.0,34.0,74,25.161,
21.9.2026,0:26:26.968,3683.1,100.0,34.0,74,25.161,
21.9.2026,0:26:27.174,3683.1,100.0,34.0,74,25.161,
21.9.2026,0:26:27.381,3683.1,100.0,34.0,74,25.161,
21.9.2026,0:26:27.588,3683.1,100.0,34.0,74,25.161,
21.9.2026,0:26:27.795,3683.1,100.0,34.0,74,25.161,
21.9.2026,0:26:28.001,3683.1,100.0,34.0,74,25.161,
21.9.2026,0:26:28.208,3683.1,100.0,34.0,74,25.161,
21.9.2026,0:26:28.415,3683.1,100.0,34.0,74,25.161,
21.9.2026,0:26:28.622,3683.1,100.0,34.0,74,25.161,
21.9.2026,0:26:28.829,3683.1,100.0,34.0,74,25.161,
21.9.2026,0:26:29.039,3683.1,100.0,34.0,74,25.161,
21.9.2026,0:26:29.243,3683.1,100.0,34.0,74,25.161,
21.9.2026,0:26:29.448,3683.1,100.0,34.0,74,25.161,
21.9.2026,0:26:29.656,3683.1,100.0,34.0,74,25.161,
21.9.2026,0:26:29.862,3698.4,100.0,34.2,74,25.233,
21.9.2026,0:26:30.069,3698.4,100.0,34.2,74,25.233,
21.9.2026,0:26:30.275,3698.4,100.0,34.2,74,25.233,
21.9.2026,0:26:30.482,3698.4,100.0,34.2,74,25.233,
21.9.2026,0:26:30.687,3698.4,100.0,34.2,74,25.233,
21.9.2026,0:26:30.895,3698.4,100.0,34.2,74,25.233,
21.9.2026,0:26:31.101,3698.4,100.0,34.2,74,25.233,
21.9.2026,0:26:31.309,3698.4,100.0,34.2,74,25.233,
21.9.2026,0:26:31.513,3698.4,100.0,34.2,74,25.233,
21.9.2026,0:26:31.719,3698.4,100.0,34.2,74,25.233,
21.9.2026,0:26:31.927,3698.4,100.0,34.2,74,25.233,
21.9.2026,0:26:32.136,3698.4,100.0,34.2,74,25.233,
21.9.2026,0:26:32.341,3698.4,100.0,34.2,74,25.233,
21.9.2026,0:26:32.549,3698.4,100.0,34.2,74,25.233,
21.9.2026,0:26:32.755,3698.4,100.0,34.2,74,25.233,
21.9.2026,0:26:32.963,3698.4,100.0,34.2,74,25.233,
21.9.2026,0:26:33.167,3698.4,100.0,34.2,74,25.233,
21.9.2026,0:26:33.375,3698.4,100.0,34.2,74,25.233,
21.9.2026,0:26:33.581,3698.4,100.0,34.2,74,25.233,
21.9.2026,0:26:33.789,3698.4,100.0,34.2,74,25.233,
21.9.2026,0:26:33.997,3698.4,100.0,34.2,74,25.233,
21.9.2026,0:26:34.204,3698.4,100.0,34.2,74,25.233,
21.9.2026,0:26:34.411,3698.4,100.0,34.2,74,25.233,
21.9.2026,0:26:34.617,3717.9,100.0,33.7,74,25.273,
21.9.2026,0:26:34.825,3717.9,100.0,33.7,74,25.273,
21.9.2026,0:26:35.034,3717.9,100.0,33.7,74,25.273,
21.9.2026,0:26:35.243,3717.9,100.0,33.7,74,25.273,
21.9.2026,0:26:35.446,3717.9,100.0,33.7,74,25.273,
21.9.2026,0:26:35.653,3717.9,100.0,33.7,74,25.273,
21.9.2026,0:26:35.861,3717.9,100.0,33.7,74,25.273,
21.9.2026,0:26:36.069,3717.9,100.0,33.7,74,25.273,
21.9.2026,0:26:36.274,3717.9,100.0,33.7,74,25.273,
21.9.2026,0:26:36.482,3717.9,100.0,33.7,74,25.273,
21.9.2026,0:26:36.694,3717.9,100.0,33.7,74,25.273,
21.9.2026,0:26:36.896,3717.9,100.0,33.7,74,25.273,
21.9.2026,0:26:37.103,3717.9,100.0,33.7,74,25.273,
21.9.2026,0:26:37.309,3717.9,100.0,33.7,74,25.273,
21.9.2026,0:26:37.516,3717.9,100.0,33.7,74,25.273,
21.9.2026,0:26:37.725,3717.9,100.0,33.7,74,25.273,
21.9.2026,0:26:37.930,3717.9,100.0,33.7,74,25.273,
21.9.2026,0:26:38.139,3717.9,100.0,33.7,74,25.273,
21.9.2026,0:26:38.343,3717.9,100.0,33.7,74,25.273,
21.9.2026,0:26:38.552,3717.9,100.0,33.7,74,25.273,
21.9.2026,0:26:38.759,3717.9,100.0,33.7,74,25.273,
21.9.2026,0:26:38.985,3717.9,100.0,33.7,74,25.273,
21.9.2026,0:26:39.172,3717.9,100.0,33.7,74,25.273,
21.9.2026,0:26:39.382,3673.9,100.0,35.4,73,25.277,
21.9.2026,0:26:39.587,3673.9,100.0,35.4,73,25.277,
21.9.2026,0:26:39.795,3673.9,100.0,35.4,73,25.277,
21.9.2026,0:26:40.002,3673.9,100.0,35.4,73,25.277,
21.9.2026,0:26:40.209,3673.9,100.0,35.4,73,25.277,
21.9.2026,0:26:40.415,3673.9,100.0,35.4,73,25.277,
21.9.2026,0:26:40.621,3673.9,100.0,35.4,73,25.277,
21.9.2026,0:26:40.828,3673.9,100.0,35.4,73,25.277,
21.9.2026,0:26:41.035,3673.9,100.0,35.4,73,25.277,
21.9.2026,0:26:41.241,3673.9,100.0,35.4,73,25.277,
21.9.2026,0:26:41.448,3673.9,100.0,35.4,73,25.277,
21.9.2026,0:26:41.653,3673.9,100.0,35.4,73,25.277,
21.9.2026,0:26:41.859,3673.9,100.0,35.4,73,25.277,
21.9.2026,0:26:42.065,3673.9,100.0,35.4,73,25.277,
21.9.2026,0:26:42.272,3673.9,100.0,35.4,73,25.277,
21.9.2026,0:26:42.465,3673.9,100.0,35.4,73,25.277,
21.9.2026,0:26:42.672,3673.9,100.0,35.4,73,25.277,
21.9.2026,0:26:42.880,3673.9,100.0,35.4,73,25.277,
21.9.2026,0:26:43.086,3673.9,100.0,35.4,73,25.277,
21.9.2026,0:26:43.293,3673.9,100.0,35.4,73,25.277,
21.9.2026,0:26:43.498,3673.9,100.0,35.4,73,25.277,
21.9.2026,0:26:43.707,3673.9,100.0,35.4,73,25.277,
21.9.2026,0:26:43.910,3673.9,100.0,35.4,73,25.277,
21.9.2026,0:26:44.116,3714.7,100.0,33.6,73,25.287,
21.9.2026,0:26:44.323,3714.7,100.0,33.6,73,25.287,
21.9.2026,0:26:44.530,3714.7,100.0,33.6,73,25.287,
21.9.2026,0:26:44.738,3714.7,100.0,33.6,73,25.287,
21.9.2026,0:26:44.945,3714.7,100.0,33.6,73,25.287,
21.9.2026,0:26:45.137,3714.7,100.0,33.6,73,25.287,
21.9.2026,0:26:45.345,3714.7,100.0,33.6,73,25.287,
21.9.2026,0:26:45.549,3714.7,100.0,33.6,73,25.287,
21.9.2026,0:26:45.755,3714.7,100.0,33.6,73,25.287,
21.9.2026,0:26:45.965,3714.7,100.0,33.6,73,25.287,
21.9.2026,0:26:46.170,3714.7,100.0,33.6,73,25.287,
21.9.2026,0:26:46.377,3714.7,100.0,33.6,73,25.287,
21.9.2026,0:26:46.583,3714.7,100.0,33.6,73,25.287,
21.9.2026,0:26:46.793,3714.7,100.0,33.6,73,25.287,
21.9.2026,0:26:46.996,3714.7,100.0,33.6,73,25.287,
21.9.2026,0:26:47.207,3714.7,100.0,33.6,73,25.287,
21.9.2026,0:26:47.411,3714.7,100.0,33.6,73,25.287,
21.9.2026,0:26:47.621,3714.7,100.0,33.6,73,25.287,
21.9.2026,0:26:47.824,3714.7,100.0,33.6,73,25.287,
21.9.2026,0:26:48.030,3714.7,100.0,33.6,73,25.287,
21.9.2026,0:26:48.239,3714.7,100.0,33.6,73,25.287,
21.9.2026,0:26:48.445,3714.7,100.0,33.6,73,25.287,
21.9.2026,0:26:48.654,3714.7,100.0,33.6,73,25.287,
21.9.2026,0:26:48.856,3721.9,100.0,34.3,72,25.389,
21.9.2026,0:26:49.060,3721.9,100.0,34.3,72,25.389,
21.9.2026,0:26:49.268,3721.9,100.0,34.3,72,25.389,
21.9.2026,0:26:49.475,3721.9,100.0,34.3,72,25.389,
21.9.2026,0:26:49.682,3721.9,100.0,34.3,72,25.389,
21.9.2026,0:26:49.892,3721.9,100.0,34.3,72,25.389,
21.9.2026,0:26:50.097,3721.9,100.0,34.3,72,25.389,
21.9.2026,0:26:50.305,3721.9,100.0,34.3,72,25.389,
21.9.2026,0:26:50.493,1974.4,70.4,32.7,69,23.901,
21.9.2026,0:26:50.699,1939.8,61.4,34.4,60,18.193,
21.9.2026,0:26:50.905,2122.5,51.0,29.9,72,24.249,
21.9.2026,0:26:51.115,1782.9,43.8,26.2,72,24.131,
21.9.2026,0:26:51.320,1551.8,37.0,20.7,75,23.313,
21.9.2026,0:26:51.513,1523.1,36.4,25.8,78,23.313,
21.9.2026,0:26:51.719,584.8,19.5,26.0,75,23.501,
21.9.2026,0:26:51.927,769.9,17.9,20.9,80,23.695,
21.9.2026,0:26:52.133,617.9,13.2,21.1,75,23.812,
21.9.2026,0:26:52.342,880.7,26.6,29.2,74,23.674,
21.9.2026,0:26:52.549,1290.3,29.1,26.0,75,23.281,
21.9.2026,0:26:52.758,2420.4,57.6,38.7,74,25.984,
21.9.2026,0:26:52.961,2134.3,50.6,31.1,66,30.007,
21.9.2026,0:26:53.166,686.4,15.8,11.0,70,27.329,
21.9.2026,0:26:53.375,517.7,18.4,24.5,79,15.457,
21.9.2026,0:26:53.581,701.6,16.2,22.5,74,23.828,
21.9.2026,0:26:53.787,762.0,17.3,22.5,78,24.012,
21.9.2026,0:26:53.993,583.3,12.9,15.0,75,24.134,
21.9.2026,0:26:54.200,736.4,17.8,25.9,78,18.507,
21.9.2026,0:26:54.407,1420.7,38.7,24.8,81,24.030,
21.9.2026,0:26:54.614,1910.1,45.6,32.0,74,24.457,
21.9.2026,0:26:54.821,1952.1,46.0,32.6,75,27.868,
21.9.2026,0:26:55.027,1784.0,46.4,35.1,80,28.906,
21.9.2026,0:26:55.233,707.3,16.9,21.1,80,28.672,
21.9.2026,0:26:55.440,1056.5,25.2,27.8,80,24.407,
21.9.2026,0:26:55.649,766.9,18.0,24.9,71,25.060,
21.9.2026,0:26:55.855,384.7,15.2,25.9,79,24.417,
21.9.2026,0:26:56.064,1033.7,24.1,21.4,79,23.821,
21.9.2026,0:26:56.270,1141.6,27.1,23.5,80,24.054,
21.9.2026,0:26:56.477,1622.8,38.9,15.3,64,24.451,
21.9.2026,0:26:56.684,2441.8,57.9,34.9,73,18.259,
21.9.2026,0:26:56.892,2744.3,68.0,36.9,75,27.845,
21.9.2026,0:26:57.098,1948.6,46.7,29.6,77,29.534,
21.9.2026,0:26:57.307,2063.3,49.1,21.8,74,27.263,
21.9.2026,0:26:57.496,927.6,26.9,18.7,71,23.987,
21.9.2026,0:26:57.703,1476.1,34.0,22.5,74,18.959,
21.9.2026,0:26:57.910,1520.0,35.5,22.1,74,23.727,
21.9.2026,0:26:58.118,868.7,19.5,21.7,72,23.807,
21.9.2026,0:26:58.327,2015.8,51.8,30.3,74,23.913,
21.9.2026,0:26:58.533,1437.4,33.6,27.2,74,25.315,
21.9.2026,0:26:58.741,1555.6,36.5,21.9,73,25.465,
21.9.2026,0:26:58.946,692.1,15.7,23.3,80,21.249,
21.9.2026,0:26:59.155,1164.8,33.3,24.2,78,24.593,
21.9.2026,0:26:59.361,979.5,22.7,24.2,79,23.188,
21.9.2026,0:26:59.567,882.6,20.0,19.3,73,24.608,
21.9.2026,0:26:59.775,1416.0,33.6,19.2,73,19.341,
21.9.2026,0:26:59.982,1086.3,31.1,27.4,74,23.683,
21.9.2026,0:27:0.188,794.8,18.9,22.3,77,24.016,
21.9.2026,0:27:0.396,1018.5,22.9,22.5,73,23.955,
21.9.2026,0:27:0.603,1262.0,29.3,22.7,77,24.355,
21.9.2026,0:27:0.810,413.3,13.8,18.8,60,23.656,
21.9.2026,0:27:1.017,1906.7,43.9,27.0,77,19.011,
21.9.2026,0:27:1.225,1308.8,30.3,26.0,77,25.413,
21.9.2026,0:27:1.433,1169.8,32.7,24.8,75,25.335,
21.9.2026,0:27:1.638,844.3,19.3,19.7,75,23.816,
21.9.2026,0:27:1.847,749.7,17.0,15.9,75,23.874,
21.9.2026,0:27:2.053,1399.2,33.3,23.8,74,19.999,
21.9.2026,0:27:2.261,1539.0,31.9,26.0,72,23.781,
21.9.2026,0:27:2.465,653.4,26.9,23.2,80,25.026,
21.9.2026,0:27:2.671,569.5,13.5,19.9,80,22.581,
21.9.2026,0:27:2.878,1511.4,30.8,30.9,74,23.663,
21.9.2026,0:27:3.085,2450.6,60.8,34.2,73,25.495,
21.9.2026,0:27:3.293,910.3,26.7,26.9,81,29.267,
21.9.2026,0:27:3.499,1640.0,38.5,24.5,77,25.286,
21.9.2026,0:27:3.707,1218.8,28.9,23.1,74,24.718,
21.9.2026,0:27:3.914,1751.6,40.6,23.2,72,23.150,
21.9.2026,0:27:4.121,1704.7,44.4,27.2,71,24.577,
21.9.2026,0:27:4.329,1706.2,41.0,21.2,73,24.082,
21.9.2026,0:27:4.536,2199.9,52.3,21.7,70,24.020,
21.9.2026,0:27:4.744,2169.5,51.8,26.0,70,24.211,
21.9.2026,0:27:4.948,2335.9,59.0,37.7,74,24.866,
21.9.2026,0:27:5.154,948.9,21.7,19.7,67,29.300,
21.9.2026,0:27:5.362,983.0,22.3,16.5,73,17.062,
21.9.2026,0:27:5.569,1757.4,41.9,21.1,73,19.803,
21.9.2026,0:27:5.778,1193.1,32.9,26.2,73,24.192,
21.9.2026,0:27:5.986,1512.1,35.1,18.2,66,23.875,
21.9.2026,0:27:6.192,773.1,17.0,17.9,75,23.225,
21.9.2026,0:27:6.400,1769.3,41.5,35.5,75,18.912,
21.9.2026,0:27:6.607,564.8,19.4,25.8,78,28.475,
21.9.2026,0:27:6.812,1089.4,25.3,23.1,74,23.940,
21.9.2026,0:27:7.021,2374.0,56.6,35.2,74,23.667,
21.9.2026,0:27:7.225,1541.0,36.6,27.6,77,29.268,
21.9.2026,0:27:7.435,858.6,25.3,26.2,75,26.758,
21.9.2026,0:27:7.640,1361.8,32.5,23.2,78,24.450,
21.9.2026,0:27:7.849,1399.5,33.7,25.7,73,24.483,
21.9.2026,0:27:8.054,1522.5,34.6,18.8,75,24.528,
21.9.2026,0:27:8.261,2091.2,53.6,24.3,70,23.490,
21.9.2026,0:27:8.469,855.0,18.7,20.1,73,23.121,
21.9.2026,0:27:8.677,2089.8,49.7,21.1,70,22.510,
21.9.2026,0:27:8.882,1623.1,38.0,29.4,77,22.385,
21.9.2026,0:27:9.090,2098.1,49.9,38.3,71,27.295,
21.9.2026,0:27:9.293,564.3,19.0,25.8,77,28.860,
21.9.2026,0:27:9.503,2180.9,51.5,19.7,73,23.236,
21.9.2026,0:27:9.708,1198.7,27.8,21.4,72,23.001,
21.9.2026,0:27:9.913,1115.4,26.1,21.0,73,22.813,
21.9.2026,0:27:10.120,644.1,15.4,19.4,74,22.387,
21.9.2026,0:27:10.324,1162.9,32.0,33.3,77,22.212,
21.9.2026,0:27:10.530,257.1,5.0,7.9,61,25.306,
21.9.2026,0:27:10.738,698.1,15.4,20.3,72,12.225,
21.9.2026,0:27:10.942,1519.3,35.5,29.5,75,18.745,
21.9.2026,0:27:11.151,1492.4,35.1,28.2,75,26.752,
21.9.2026,0:27:11.357,706.1,16.4,23.6,77,27.318,
21.9.2026,0:27:11.563,472.7,17.1,17.6,74,22.927,
21.9.2026,0:27:11.770,603.8,13.2,20.2,75,22.425,
21.9.2026,0:27:11.976,483.1,10.4,22.3,77,22.353,
21.9.2026,0:27:12.183,344.6,13.2,24.6,72,22.670,
21.9.2026,0:27:12.390,825.2,19.2,18.3,75,22.527,
21.9.2026,0:27:12.597,565.3,12.6,19.8,75,22.882,
21.9.2026,0:27:12.804,838.3,19.3,24.9,75,22.881,
21.9.2026,0:27:13.010,1644.6,38.9,27.3,61,24.691,
21.9.2026,0:27:13.216,1226.7,29.1,30.4,74,24.152,
21.9.2026,0:27:13.424,1134.4,29.8,27.4,75,24.562,
21.9.2026,0:27:13.633,2521.5,59.9,18.5,69,25.888,
21.9.2026,0:27:13.839,631.2,21.1,20.2,75,22.527,
21.9.2026,0:27:14.048,266.5,4.8,21.1,73,22.524,
21.9.2026,0:27:14.253,477.8,10.9,16.1,61,22.618,
21.9.2026,0:27:14.459,824.1,19.6,17.7,74,20.665,
21.9.2026,0:27:14.667,1986.8,50.9,24.2,68,21.069,
21.9.2026,0:27:14.874,904.6,21.1,23.4,79,22.499,
21.9.2026,0:27:15.080,775.7,18.2,22.6,73,21.478,
21.9.2026,0:27:15.288,770.3,18.2,18.5,73,23.801,
21.9.2026,0:27:15.493,374.2,7.7,18.1,71,21.707,
21.9.2026,0:27:15.702,320.3,13.2,22.0,73,22.114,
21.9.2026,0:27:15.907,695.6,16.4,24.9,67,22.365,
21.9.2026,0:27:16.115,694.1,16.8,18.4,72,22.352,
21.9.2026,0:27:16.318,395.7,8.5,12.6,59,22.480,
21.9.2026,0:27:16.509,534.2,11.5,18.0,75,16.565,
21.9.2026,0:27:16.717,255.0,11.0,25.3,74,21.210,
21.9.2026,0:27:16.925,321.4,6.7,18.8,72,22.553,
21.9.2026,0:27:17.130,1123.8,26.3,21.4,74,22.456,
21.9.2026,0:27:17.339,739.6,17.2,22.6,73,23.012,
21.9.2026,0:27:17.526,494.5,18.5,23.8,74,22.742,
21.9.2026,0:27:17.733,478.2,11.4,17.5,74,22.163,
21.9.2026,0:27:17.939,591.4,14.0,22.2,71,22.341,
21.9.2026,0:27:18.145,393.5,8.4,9.0,61,22.148,
21.9.2026,0:27:18.353,658.5,15.3,19.6,72,15.148,
21.9.2026,0:27:18.543,741.9,22.9,22.1,69,21.804,
21.9.2026,0:27:18.749,662.5,14.9,22.7,71,22.572,
21.9.2026,0:27:18.956,312.7,7.8,19.2,74,22.402,
21.9.2026,0:27:19.164,1048.6,22.5,14.5,61,22.481,
21.9.2026,0:27:19.368,759.1,17.4,20.1,74,20.560,
21.9.2026,0:27:19.578,647.1,21.5,22.8,72,20.563,
21.9.2026,0:27:19.787,2118.4,50.1,17.9,68,22.439,
21.9.2026,0:27:19.992,687.7,14.6,17.1,66,22.400,
21.9.2026,0:27:20.201,988.8,28.0,23.0,71,19.543,
21.9.2026,0:27:20.409,862.9,19.5,20.2,71,22.735,
21.9.2026,0:27:20.615,605.4,13.2,19.1,74,22.808,
21.9.2026,0:27:20.822,376.6,7.5,20.3,74,22.195,
21.9.2026,0:27:21.028,612.9,14.8,20.0,72,22.786,
21.9.2026,0:27:21.236,1037.8,29.7,20.8,71,22.445,
21.9.2026,0:27:21.442,357.1,7.7,18.6,74,22.247,
21.9.2026,0:27:21.650,309.9,12.9,24.2,72,20.698,
21.9.2026,0:27:21.856,281.3,5.6,13.2,69,22.932,
21.9.2026,0:27:22.062,437.9,9.1,13.7,70,16.915,
21.9.2026,0:27:22.269,370.9,7.2,18.0,71,18.968,
21.9.2026,0:27:22.476,606.5,14.1,18.3,73,22.413,
21.9.2026,0:27:22.682,912.3,26.2,21.8,70,22.231,
21.9.2026,0:27:22.888,903.4,21.5,19.6,73,21.584,
21.9.2026,0:27:23.094,449.0,10.6,20.2,71,22.060,
21.9.2026,0:27:23.303,1024.3,22.9,22.5,78,22.201,
21.9.2026,0:27:23.508,929.0,21.5,21.1,74,24.275,
21.9.2026,0:27:23.714,637.7,21.1,21.9,74,23.832,
21.9.2026,0:27:23.921,512.7,12.1,20.6,74,21.405,
21.9.2026,0:27:24.124,514.6,19.0,24.5,72,21.915,
21.9.2026,0:27:24.331,407.2,9.6,18.5,73,19.508,
21.9.2026,0:27:24.537,658.9,15.5,19.8,70,22.506,
21.9.2026,0:27:24.745,588.1,13.9,18.4,72,22.962,
21.9.2026,0:27:24.950,414.7,14.8,22.6,73,22.536,
21.9.2026,0:27:25.159,844.7,20.4,20.3,70,22.659,
21.9.2026,0:27:25.363,2151.8,51.3,18.0,67,22.383,
21.9.2026,0:27:25.572,969.9,21.8,15.8,70,22.504,
21.9.2026,0:27:25.778,173.0,9.2,23.4,74,18.505,
21.9.2026,0:27:25.983,187.2,3.3,17.6,73,22.147,
21.9.2026,0:27:26.190,360.6,7.0,19.3,75,22.280,
21.9.2026,0:27:26.395,536.0,13.2,20.5,74,22.568,
21.9.2026,0:27:26.599,582.1,13.8,11.6,59,21.983,
21.9.2026,0:27:26.806,567.4,12.0,10.2,57,15.450,
21.9.2026,0:27:27.012,938.3,26.6,23.6,71,13.441,
21.9.2026,0:27:27.223,756.6,17.6,20.1,72,22.153,
21.9.2026,0:27:27.426,1026.6,24.0,14.0,62,22.774,
21.9.2026,0:27:27.634,1134.2,25.2,27.1,77,17.363,
21.9.2026,0:27:27.842,1859.5,47.8,28.7,70,27.222,
21.9.2026,0:27:28.051,495.6,11.5,18.2,74,24.248,
21.9.2026,0:27:28.255,585.8,14.0,21.5,72,22.408,
21.9.2026,0:27:28.460,288.1,5.7,18.5,72,21.515,
21.9.2026,0:27:28.668,425.5,16.3,22.1,74,21.800,
21.9.2026,0:27:28.873,662.9,15.6,21.9,72,22.400,
21.9.2026,0:27:29.082,407.6,9.4,18.5,72,23.028,
21.9.2026,0:27:29.301,660.7,16.1,19.1,73,22.495,
21.9.2026,0:27:29.492,870.3,26.3,27.5,73,22.567,
21.9.2026,0:27:29.697,1155.7,32.3,27.2,73,23.101,
21.9.2026,0:27:29.905,808.0,17.5,21.7,73,21.272,
21.9.2026,0:27:30.113,1274.6,29.9,20.5,73,23.549,
21.9.2026,0:27:30.319,512.0,11.7,19.7,74,22.552,
21.9.2026,0:27:30.511,721.1,22.0,18.9,62,23.185,
21.9.2026,0:27:30.716,503.5,10.3,15.9,72,19.292,
21.9.2026,0:27:30.923,546.3,12.5,20.8,68,18.870,
21.9.2026,0:27:31.130,220.1,3.3,18.0,74,21.826,
21.9.2026,0:27:31.338,432.1,9.0,19.0,74,22.531,
21.9.2026,0:27:31.544,1563.9,41.1,32.7,73,22.830,
21.9.2026,0:27:31.751,1578.2,37.4,27.7,73,26.402,
21.9.2026,0:27:31.956,538.6,12.0,21.6,73,27.380,
21.9.2026,0:27:32.162,542.0,11.4,22.0,72,22.449,
21.9.2026,0:27:32.368,505.3,12.4,16.6,74,22.688,
21.9.2026,0:27:32.559,505.3,12.4,16.6,74,21.702,
21.9.2026,0:27:32.767,365.6,14.9,23.6,74,22.380,
21.9.2026,0:27:32.970,621.5,14.8,20.5,73,21.970,
21.9.2026,0:27:33.177,289.1,6.2,11.2,57,17.143,
21.9.2026,0:27:33.385,333.6,6.1,10.4,63,14.194,
21.9.2026,0:27:33.590,381.3,14.7,25.5,71,22.897,
21.9.2026,0:27:33.798,1970.4,46.8,33.9,74,27.743,
21.9.2026,0:27:34.003,1084.4,24.8,25.6,73,25.577,
21.9.2026,0:27:34.211,603.4,13.1,17.9,73,22.430,
21.9.2026,0:27:34.417,1577.6,36.4,19.1,73,22.783,
21.9.2026,0:27:34.625,793.0,23.6,15.7,58,17.592,
21.9.2026,0:27:34.835,1947.1,45.9,15.6,66,19.106,
21.9.2026,0:27:35.041,1865.7,44.1,19.6,69,22.405,
21.9.2026,0:27:35.248,666.2,21.3,25.3,72,20.723,
21.9.2026,0:27:35.453,442.5,9.9,21.5,73,23.366,
21.9.2026,0:27:35.661,2437.0,57.7,20.3,64,23.243,
21.9.2026,0:27:35.865,1373.7,32.4,30.3,72,25.995,
21.9.2026,0:27:36.075,951.9,22.0,20.9,70,23.317,
21.9.2026,0:27:36.280,297.4,11.7,23.8,72,22.479,
21.9.2026,0:27:36.489,812.0,17.6,27.7,77,24.800,
21.9.2026,0:27:36.695,830.6,17.9,21.0,72,23.775,
21.9.2026,0:27:36.904,1283.4,29.3,18.1,71,22.232,
21.9.2026,0:27:37.108,639.0,20.9,22.2,71,22.480,
21.9.2026,0:27:37.315,540.1,12.9,20.1,73,21.997,
21.9.2026,0:27:37.521,914.7,21.4,17.5,73,21.481,
21.9.2026,0:27:37.727,1526.2,36.3,26.4,73,25.592,
21.9.2026,0:27:37.937,1483.3,34.7,29.9,72,25.568,
21.9.2026,0:27:38.140,437.5,15.1,23.2,74,22.273,
21.9.2026,0:27:38.350,366.7,8.6,19.4,74,22.542,
21.9.2026,0:27:38.553,2080.9,49.2,19.2,68,22.766,
21.9.2026,0:27:38.758,873.9,20.3,11.2,57,17.963,
21.9.2026,0:27:38.964,445.0,9.2,10.5,68,14.685,
21.9.2026,0:27:39.172,648.4,21.9,26.3,72,22.119,
21.9.2026,0:27:39.378,822.3,18.8,17.4,69,21.609,
21.9.2026,0:27:39.584,1098.4,25.2,19.4,70,22.399,
21.9.2026,0:27:39.791,1468.9,34.4,27.5,66,24.600,
21.9.2026,0:27:39.999,938.9,27.3,31.2,73,25.514,
21.9.2026,0:27:40.205,753.2,18.1,18.1,70,22.301,
21.9.2026,0:27:40.412,863.7,19.7,19.2,73,22.872,
21.9.2026,0:27:40.618,1440.2,33.8,20.1,64,20.314,
21.9.2026,0:27:40.825,495.5,17.4,22.0,72,22.392,
21.9.2026,0:27:41.031,311.4,5.9,19.2,72,22.512,
21.9.2026,0:27:41.239,358.4,6.9,19.6,72,22.422,
21.9.2026,0:27:41.445,404.3,8.2,19.8,73,22.660,
21.9.2026,0:27:41.637,852.9,18.7,23.6,75,24.204,
21.9.2026,0:27:41.844,1924.6,44.9,34.7,74,28.600,
21.9.2026,0:27:42.051,572.0,19.0,17.8,73,17.933,
21.9.2026,0:27:42.258,498.4,11.3,18.1,73,22.404,
21.9.2026,0:27:42.466,534.7,12.1,19.9,73,23.035,
21.9.2026,0:27:42.672,783.6,23.9,22.8,72,22.467,
21.9.2026,0:27:42.878,1076.4,25.2,20.9,69,22.695,
21.9.2026,0:27:43.084,604.6,15.2,19.7,70,22.277,
21.9.2026,0:27:43.293,750.6,16.9,19.5,63,21.206,
21.9.2026,0:27:43.497,593.4,19.9,23.0,70,22.540,
21.9.2026,0:27:43.701,299.2,6.7,11.9,66,15.929,
21.9.2026,0:27:43.909,655.2,14.7,13.5,68,15.125,
21.9.2026,0:27:44.113,537.7,12.9,19.6,70,22.406,
21.9.2026,0:27:44.318,546.8,12.6,14.4,58,18.524,
21.9.2026,0:27:44.525,356.7,8.0,17.0,70,19.525,
21.9.2026,0:27:44.733,913.3,26.3,21.2,66,21.183,
21.9.2026,0:27:44.940,1270.4,29.1,22.6,67,22.378,
21.9.2026,0:27:45.146,273.3,6.7,17.4,73,21.479,
21.9.2026,0:27:45.354,270.1,6.1,19.1,70,22.351,
21.9.2026,0:27:45.560,879.5,26.0,22.4,73,22.171,
21.9.2026,0:27:45.766,531.7,12.2,14.2,58,16.375,
21.9.2026,0:27:45.972,520.7,11.8,12.1,64,15.007,
21.9.2026,0:27:46.182,746.4,16.8,21.1,72,20.559,
21.9.2026,0:27:46.387,1702.1,39.8,18.4,72,22.152,
21.9.2026,0:27:46.594,332.0,12.7,24.5,68,22.657,
21.9.2026,0:27:46.801,630.8,14.5,18.4,69,22.511,
21.9.2026,0:27:47.007,702.6,16.0,18.6,70,22.210,
21.9.2026,0:27:47.215,621.6,14.1,13.6,58,15.996,
21.9.2026,0:27:47.419,902.4,26.4,22.3,64,17.137,
21.9.2026,0:27:47.628,1865.2,44.2,15.9,66,19.552,
21.9.2026,0:27:47.833,588.2,14.1,18.4,72,21.851,
21.9.2026,0:27:48.038,518.1,11.6,17.4,60,20.941,
21.9.2026,0:27:48.245,509.5,11.3,9.2,69,15.134,
21.9.2026,0:27:48.452,1067.6,30.3,28.6,77,23.790,
21.9.2026,0:27:48.660,810.6,18.2,22.4,72,24.028,
21.9.2026,0:27:48.865,816.5,17.9,19.7,72,22.275,
21.9.2026,0:27:49.071,527.7,12.1,19.5,70,22.585,
21.9.2026,0:27:49.277,1023.2,29.4,18.5,70,19.500,
21.9.2026,0:27:49.483,521.8,11.2,21.0,70,22.188,
21.9.2026,0:27:49.691,279.4,5.5,20.1,73,22.378,
21.9.2026,0:27:49.896,1889.6,44.9,15.7,60,21.505,
21.9.2026,0:27:50.103,583.2,13.2,12.6,62,13.883,
21.9.2026,0:27:50.310,351.5,14.0,22.4,72,22.124,
21.9.2026,0:27:50.515,458.7,10.3,20.2,72,22.520,
21.9.2026,0:27:50.724,458.7,10.3,20.2,72,22.520,
21.9.2026,0:27:50.928,458.7,10.3,20.2,72,22.520,
21.9.2026,0:27:51.134,458.7,10.3,20.2,72,22.520,
21.9.2026,0:27:51.340,458.7,10.3,20.2,72,22.520,
21.9.2026,0:27:51.545,458.7,10.3,20.2,72,22.520,
21.9.2026,0:27:51.753,458.7,10.3,20.2,72,22.520,
21.9.2026,0:27:51.959,458.7,10.3,20.2,72,22.520,
21.9.2026,0:27:52.166,458.7,10.3,20.2,72,22.520,
21.9.2026,0:27:52.371,458.7,10.3,20.2,72,22.520,
21.9.2026,0:27:52.580,458.7,10.3,20.2,72,22.520,
21.9.2026,0:27:52.785,458.7,10.3,20.2,72,22.520,
21.9.2026,0:27:52.990,458.7,10.3,20.2,72,22.520,
21.9.2026,0:27:53.196,458.7,10.3,20.2,72,22.520,
21.9.2026,0:27:53.403,458.7,10.3,20.2,72,22.520,
21.9.2026,0:27:53.610,458.7,10.3,20.2,72,22.520,
21.9.2026,0:27:53.815,458.7,10.3,20.2,72,22.520,
21.9.2026,0:27:54.020,458.7,10.3,20.2,72,22.520,
21.9.2026,0:27:54.226,458.7,10.3,20.2,72,22.520,
21.9.2026,0:27:54.433,458.7,10.3,20.2,72,22.520,
21.9.2026,0:27:54.638,458.7,10.3,20.2,72,22.520,
21.9.2026,0:27:54.843,458.7,10.3,20.2,72,22.520,
21.9.2026,0:27:55.049,458.7,10.3,20.2,72,22.520,
21.9.2026,0:27:55.256,458.7,10.3,20.2,72,22.520,
21.9.2026,0:27:55.461,458.7,10.3,20.2,72,22.520,
21.9.2026,0:27:55.666,458.7,10.3,20.2,72,22.520,
21.9.2026,0:27:55.872,458.7,10.3,20.2,72,22.520,
21.9.2026,0:27:56.077,458.7,10.3,20.2,72,29.345,
21.9.2026,0:27:56.281,458.7,10.3,20.2,72,29.345,
21.9.2026,0:27:56.485,458.7,10.3,20.2,72,29.345,
21.9.2026,0:27:56.692,458.7,10.3,20.2,72,29.345,
21.9.2026,0:27:56.897,458.7,10.3,20.2,72,29.345,
21.9.2026,0:27:57.105,458.7,10.3,20.2,72,29.345,
21.9.2026,0:27:57.309,458.7,10.3,20.2,72,29.345,
21.9.2026,0:27:57.517,458.7,10.3,20.2,72,29.345,
21.9.2026,0:27:57.720,458.7,10.3,20.2,72,29.345,
21.9.2026,0:27:57.927,458.7,10.3,20.2,72,29.345,
21.9.2026,0:27:58.135,458.7,10.3,20.2,72,29.345,
21.9.2026,0:27:58.344,458.7,10.3,20.2,72,29.345,
21.9.2026,0:27:58.547,458.7,10.3,20.2,72,29.345,
21.9.2026,0:27:58.753,458.7,10.3,20.2,72,29.345,
21.9.2026,0:27:58.960,458.7,10.3,20.2,72,29.345,
21.9.2026,0:27:59.167,458.7,10.3,20.2,72,29.345,
21.9.2026,0:27:59.372,458.7,10.3,20.2,72,29.345,
21.9.2026,0:27:59.576,458.7,10.3,20.2,72,29.345,
21.9.2026,0:27:59.782,458.7,10.3,20.2,72,29.345,
21.9.2026,0:27:59.987,458.7,10.3,20.2,72,29.345,
21.9.2026,0:28:0.195,458.7,10.3,20.2,72,29.345,
21.9.2026,0:28:0.398,458.7,10.3,20.2,72,29.345,
21.9.2026,0:28:0.603,458.7,10.3,20.2,72,29.345,
21.9.2026,0:28:0.811,3344.0,99.1,31.4,76,29.345,
21.9.2026,0:28:1.015,3344.0,99.1,31.4,76,29.345,
21.9.2026,0:28:1.221,3344.0,99.1,31.4,76,29.345,
21.9.2026,0:28:1.427,3344.0,99.1,31.4,76,29.345,
21.9.2026,0:28:1.634,3344.0,99.1,31.4,76,29.345,
21.9.2026,0:28:1.843,3344.0,99.1,31.4,76,29.345,
21.9.2026,0:28:2.047,3344.0,99.1,31.4,76,29.345,
21.9.2026,0:28:2.255,3344.0,99.1,31.4,76,29.345,
21.9.2026,0:28:2.461,3344.0,99.1,31.4,76,29.345,
21.9.2026,0:28:2.652,3344.0,99.1,31.4,76,29.345,
21.9.2026,0:28:2.859,3344.0,99.1,31.4,76,29.345,
21.9.2026,0:28:3.065,3344.0,99.1,31.4,76,29.345,
21.9.2026,0:28:3.271,3344.0,99.1,31.4,76,29.345,
21.9.2026,0:28:3.477,3344.0,99.1,31.4,76,29.345,
21.9.2026,0:28:3.668,3344.0,99.1,31.4,76,29.345,
21.9.2026,0:28:3.875,3344.0,99.1,31.4,76,29.345,
21.9.2026,0:28:4.079,3344.0,99.1,31.4,76,29.345,
21.9.2026,0:28:4.285,3344.0,99.1,31.4,76,29.345,
21.9.2026,0:28:4.492,3344.0,99.1,31.4,76,29.345,
21.9.2026,0:28:4.695,3344.0,99.1,31.4,76,29.345,
21.9.2026,0:28:4.905,3344.0,99.1,31.4,76,29.345,
21.9.2026,0:28:5.108,3344.0,99.1,31.4,76,29.345,
21.9.2026,0:28:5.318,3344.0,99.1,31.4,76,29.345,
21.9.2026,0:28:5.521,4016.6,100.0,37.2,80,29.597,
21.9.2026,0:28:5.727,4016.6,100.0,37.2,80,29.597,
21.9.2026,0:28:5.935,4016.6,100.0,37.2,80,29.597,
21.9.2026,0:28:6.141,4016.6,100.0,37.2,80,29.597,
21.9.2026,0:28:6.349,4016.6,100.0,37.2,80,29.597,
21.9.2026,0:28:6.552,4016.6,100.0,37.2,80,29.597,
21.9.2026,0:28:6.756,4016.6,100.0,37.2,80,29.597,
21.9.2026,0:28:6.962,4016.6,100.0,37.2,80,29.597,
21.9.2026,0:28:7.169,4016.6,100.0,37.2,80,29.597,
21.9.2026,0:28:7.375,4016.6,100.0,37.2,80,29.597,
21.9.2026,0:28:7.582,4016.6,100.0,37.2,80,29.597,
21.9.2026,0:28:7.789,4016.6,100.0,37.2,80,29.597,
21.9.2026,0:28:7.997,4016.6,100.0,37.2,80,29.597,
21.9.2026,0:28:8.200,4016.6,100.0,37.2,80,29.597,
21.9.2026,0:28:8.410,4016.6,100.0,37.2,80,29.597,
21.9.2026,0:28:8.614,4016.6,100.0,37.2,80,29.597,
21.9.2026,0:28:8.822,4016.6,100.0,37.2,80,29.597,
21.9.2026,0:28:9.029,4016.6,100.0,37.2,80,29.597,
21.9.2026,0:28:9.236,4016.6,100.0,37.2,80,29.597,
21.9.2026,0:28:9.439,4016.6,100.0,37.2,80,29.597,
21.9.2026,0:28:9.645,4016.6,100.0,37.2,80,29.597,
21.9.2026,0:28:9.852,4016.6,100.0,37.2,80,29.597,
21.9.2026,0:28:10.059,4016.6,100.0,37.2,80,29.597,
21.9.2026,0:28:10.265,3872.8,100.0,31.8,72,27.466,
21.9.2026,0:28:10.471,3872.8,100.0,31.8,72,27.466,
21.9.2026,0:28:10.679,3872.8,100.0,31.8,72,27.466,
21.9.2026,0:28:10.882,3872.8,100.0,31.8,72,27.466,
21.9.2026,0:28:11.088,3872.8,100.0,31.8,72,27.466,
21.9.2026,0:28:11.292,3872.8,100.0,31.8,72,27.466,
21.9.2026,0:28:11.499,3872.8,100.0,31.8,72,27.466,
21.9.2026,0:28:11.704,3872.8,100.0,31.8,72,27.466,
21.9.2026,0:28:11.911,3872.8,100.0,31.8,72,27.466,
21.9.2026,0:28:12.114,3872.8,100.0,31.8,72,27.466,
21.9.2026,0:28:12.320,3872.8,100.0,31.8,72,27.466,
21.9.2026,0:28:12.528,3872.8,100.0,31.8,72,27.466,
21.9.2026,0:28:12.731,3872.8,100.0,31.8,72,27.466,
21.9.2026,0:28:12.937,3872.8,100.0,31.8,72,27.466,
21.9.2026,0:28:13.144,3872.8,100.0,31.8,72,27.466,
21.9.2026,0:28:13.351,3872.8,100.0,31.8,72,27.466,
21.9.2026,0:28:13.558,3872.8,100.0,31.8,72,27.466,
21.9.2026,0:28:13.762,3872.8,100.0,31.8,72,27.466,
21.9.2026,0:28:13.969,3872.8,100.0,31.8,72,27.466,
21.9.2026,0:28:14.175,3872.8,100.0,31.8,72,27.466,
21.9.2026,0:28:14.382,3872.8,100.0,31.8,72,27.466,
21.9.2026,0:28:14.589,3872.8,100.0,31.8,72,27.466,
21.9.2026,0:28:14.795,3872.8,100.0,31.8,72,27.466,
21.9.2026,0:28:15.002,3639.8,100.0,32.4,72,24.543,
21.9.2026,0:28:15.207,3639.8,100.0,32.4,72,24.543,
21.9.2026,0:28:15.417,3639.8,100.0,32.4,72,24.543,
21.9.2026,0:28:15.623,3639.8,100.0,32.4,72,24.543,
21.9.2026,0:28:15.830,3639.8,100.0,32.4,72,24.543,
21.9.2026,0:28:16.037,3639.8,100.0,32.4,72,24.543,
21.9.2026,0:28:16.244,3639.8,100.0,32.4,72,24.543,
21.9.2026,0:28:16.450,3639.8,100.0,32.4,72,24.543,
21.9.2026,0:28:16.658,3639.8,100.0,32.4,72,24.543,
21.9.2026,0:28:16.863,3639.8,100.0,32.4,72,24.543,
21.9.2026,0:28:17.070,3639.8,100.0,32.4,72,24.543,
21.9.2026,0:28:17.277,3639.8,100.0,32.4,72,24.543,
21.9.2026,0:28:17.485,3639.8,100.0,32.4,72,24.543,
21.9.2026,0:28:17.689,3639.8,100.0,32.4,72,24.543,
21.9.2026,0:28:17.894,3639.8,100.0,32.4,72,24.543,
21.9.2026,0:28:18.103,3639.8,100.0,32.4,72,24.543,
21.9.2026,0:28:18.309,3639.8,100.0,32.4,72,24.543,
21.9.2026,0:28:18.517,3639.8,100.0,32.4,72,24.543,
21.9.2026,0:28:18.721,3639.8,100.0,32.4,72,24.543,
21.9.2026,0:28:18.930,3639.8,100.0,32.4,72,24.543,
21.9.2026,0:28:19.135,3639.8,100.0,32.4,72,24.543,
21.9.2026,0:28:19.340,3639.8,100.0,32.4,72,24.543,
21.9.2026,0:28:19.546,3639.8,100.0,32.4,72,24.543,
21.9.2026,0:28:19.752,3699.2,100.0,31.9,74,24.821,
21.9.2026,0:28:19.959,3699.2,100.0,31.9,74,24.821,
21.9.2026,0:28:20.163,3699.2,100.0,31.9,74,24.821,
21.9.2026,0:28:20.368,3699.2,100.0,31.9,74,24.821,
21.9.2026,0:28:20.575,3699.2,100.0,31.9,74,24.821,
21.9.2026,0:28:20.780,3699.2,100.0,31.9,74,24.821,
21.9.2026,0:28:20.988,3699.2,100.0,31.9,74,24.821,
21.9.2026,0:28:21.192,3699.2,100.0,31.9,74,24.821,
21.9.2026,0:28:21.397,3699.2,100.0,31.9,74,24.821,
21.9.2026,0:28:21.604,3699.2,100.0,31.9,74,24.821,
21.9.2026,0:28:21.808,3699.2,100.0,31.9,74,24.821,
21.9.2026,0:28:22.014,3699.2,100.0,31.9,74,24.821,
21.9.2026,0:28:22.221,3699.2,100.0,31.9,74,24.821,
21.9.2026,0:28:22.426,3699.2,100.0,31.9,74,24.821,
21.9.2026,0:28:22.635,3699.2,100.0,31.9,74,24.821,
21.9.2026,0:28:22.839,3699.2,100.0,31.9,74,24.821,
21.9.2026,0:28:23.047,3699.2,100.0,31.9,74,24.821,
21.9.2026,0:28:23.252,3699.2,100.0,31.9,74,24.821,
21.9.2026,0:28:23.457,3699.2,100.0,31.9,74,24.821,
21.9.2026,0:28:23.665,3699.2,100.0,31.9,74,24.821,
21.9.2026,0:28:23.872,3699.2,100.0,31.9,74,24.821,
21.9.2026,0:28:24.077,3699.2,100.0,31.9,74,24.821,
21.9.2026,0:28:24.283,3699.2,100.0,31.9,74,24.821,
21.9.2026,0:28:24.491,3701.8,100.0,31.8,69,24.995,
21.9.2026,0:28:24.695,3701.8,100.0,31.8,69,24.995,
21.9.2026,0:28:24.903,3701.8,100.0,31.8,69,24.995,
21.9.2026,0:28:25.110,3701.8,100.0,31.8,69,24.995,
21.9.2026,0:28:25.318,3701.8,100.0,31.8,69,24.995,
21.9.2026,0:28:25.528,3701.8,100.0,31.8,69,24.995,
21.9.2026,0:28:25.732,3701.8,100.0,31.8,69,24.995,
21.9.2026,0:28:25.938,3701.8,100.0,31.8,69,24.995,
21.9.2026,0:28:26.146,3701.8,100.0,31.8,69,24.995,
21.9.2026,0:28:26.351,3701.8,100.0,31.8,69,24.995,
21.9.2026,0:28:26.559,3701.8,100.0,31.8,69,24.995,
21.9.2026,0:28:26.763,3701.8,100.0,31.8,69,24.995,
21.9.2026,0:28:26.972,3701.8,100.0,31.8,69,24.995,
21.9.2026,0:28:27.176,3701.8,100.0,31.8,69,24.995,
21.9.2026,0:28:27.381,3701.8,100.0,31.8,69,24.995,
21.9.2026,0:28:27.589,3701.8,100.0,31.8,69,24.995,
21.9.2026,0:28:27.798,3701.8,100.0,31.8,69,24.995,
21.9.2026,0:28:28.004,3701.8,100.0,31.8,69,24.995,
21.9.2026,0:28:28.212,3701.8,100.0,31.8,69,24.995,
21.9.2026,0:28:28.414,3701.8,100.0,31.8,69,24.995,
21.9.2026,0:28:28.620,3701.8,100.0,31.8,69,24.995,
21.9.2026,0:28:28.828,3701.8,100.0,31.8,69,24.995,
21.9.2026,0:28:29.033,3701.8,100.0,31.8,69,24.995,
21.9.2026,0:28:29.242,3712.3,100.0,32.0,76,24.994,
21.9.2026,0:28:29.449,3712.3,100.0,32.0,76,24.994,
21.9.2026,0:28:29.656,3712.3,100.0,32.0,76,24.994,
21.9.2026,0:28:29.863,3712.3,100.0,32.0,76,24.994,
21.9.2026,0:28:30.070,3712.3,100.0,32.0,76,24.994,
21.9.2026,0:28:30.276,3712.3,100.0,32.0,76,24.994,
21.9.2026,0:28:30.484,3712.3,100.0,32.0,76,24.994,
21.9.2026,0:28:30.687,3712.3,100.0,32.0,76,24.994,
21.9.2026,0:28:30.898,3712.3,100.0,32.0,76,24.994,
21.9.2026,0:28:31.100,3712.3,100.0,32.0,76,24.994,
21.9.2026,0:28:31.307,3712.3,100.0,32.0,76,24.994,
21.9.2026,0:28:31.512,3712.3,100.0,32.0,76,24.994,
21.9.2026,0:28:31.720,3712.3,100.0,32.0,76,24.994,
21.9.2026,0:28:31.926,3712.3,100.0,32.0,76,24.994,
21.9.2026,0:28:32.134,3712.3,100.0,32.0,76,24.994,
21.9.2026,0:28:32.340,3712.3,100.0,32.0,76,24.994,
21.9.2026,0:28:32.547,3712.3,100.0,32.0,76,24.994,
21.9.2026,0:28:32.752,3712.3,100.0,32.0,76,24.994,
21.9.2026,0:28:32.959,3712.3,100.0,32.0,76,24.994,
21.9.2026,0:28:33.164,3712.3,100.0,32.0,76,24.994,
21.9.2026,0:28:33.372,3712.3,100.0,32.0,76,24.994,
21.9.2026,0:28:33.577,3712.3,100.0,32.0,76,24.994,
21.9.2026,0:28:33.786,3712.3,100.0,32.0,76,24.994,
21.9.2026,0:28:33.989,3710.8,100.0,31.8,69,25.167,
21.9.2026,0:28:34.194,3710.8,100.0,31.8,69,25.167,
21.9.2026,0:28:34.400,3710.8,100.0,31.8,69,25.167,
21.9.2026,0:28:34.606,3710.8,100.0,31.8,69,25.167,
21.9.2026,0:28:34.813,3710.8,100.0,31.8,69,25.167,
21.9.2026,0:28:35.019,3710.8,100.0,31.8,69,25.167,
21.9.2026,0:28:35.227,3710.8,100.0,31.8,69,25.167,
21.9.2026,0:28:35.432,3710.8,100.0,31.8,69,25.167,
21.9.2026,0:28:35.640,3710.8,100.0,31.8,69,25.167,
21.9.2026,0:28:35.845,3710.8,100.0,31.8,69,25.167,
21.9.2026,0:28:36.055,3710.8,100.0,31.8,69,25.167,
21.9.2026,0:28:36.260,3710.8,100.0,31.8,69,25.167,
21.9.2026,0:28:36.469,3710.8,100.0,31.8,69,25.167,
21.9.2026,0:28:36.674,3710.8,100.0,31.8,69,25.167,
21.9.2026,0:28:36.878,3710.8,100.0,31.8,69,25.167,
21.9.2026,0:28:37.086,3710.8,100.0,31.8,69,25.167,
21.9.2026,0:28:37.293,3710.8,100.0,31.8,69,25.167,
21.9.2026,0:28:37.500,3710.8,100.0,31.8,69,25.167,
21.9.2026,0:28:37.705,3710.8,100.0,31.8,69,25.167,
21.9.2026,0:28:37.914,3710.8,100.0,31.8,69,25.167,
21.9.2026,0:28:38.118,3710.8,100.0,31.8,69,25.167,
21.9.2026,0:28:38.323,3710.8,100.0,31.8,69,25.167,
21.9.2026,0:28:38.530,3710.8,100.0,31.8,69,25.167,
21.9.2026,0:28:38.736,3716.7,100.0,31.9,72,25.104,
21.9.2026,0:28:38.944,3716.7,100.0,31.9,72,25.104,
21.9.2026,0:28:39.147,3716.7,100.0,31.9,72,25.104,
21.9.2026,0:28:39.354,3716.7,100.0,31.9,72,25.104,
21.9.2026,0:28:39.560,3716.7,100.0,31.9,72,25.104,
21.9.2026,0:28:39.764,3716.7,100.0,31.9,72,25.104,
21.9.2026,0:28:39.974,3716.7,100.0,31.9,72,25.104,
21.9.2026,0:28:40.177,3716.7,100.0,31.9,72,25.104,
21.9.2026,0:28:40.383,3716.7,100.0,31.9,72,25.104,
21.9.2026,0:28:40.590,3716.7,100.0,31.9,72,25.104,
21.9.2026,0:28:40.794,3716.7,100.0,31.9,72,25.104,
21.9.2026,0:28:41.002,3716.7,100.0,31.9,72,25.104,
21.9.2026,0:28:41.207,3716.7,100.0,31.9,72,25.104,
21.9.2026,0:28:41.414,3716.7,100.0,31.9,72,25.104,
21.9.2026,0:28:41.617,3716.7,100.0,31.9,72,25.104,
21.9.2026,0:28:41.826,3716.7,100.0,31.9,72,25.104,
21.9.2026,0:28:42.028,3716.7,100.0,31.9,72,25.104,
21.9.2026,0:28:42.234,3716.7,100.0,31.9,72,25.104,
21.9.2026,0:28:42.438,3716.7,100.0,31.9,72,25.104,
21.9.2026,0:28:42.644,3716.7,100.0,31.9,72,25.104,
21.9.2026,0:28:42.850,3716.7,100.0,31.9,72,25.104,
21.9.2026,0:28:43.057,3716.7,100.0,31.9,72,25.104,
21.9.2026,0:28:43.260,3716.7,100.0,31.9,72,25.104,
21.9.2026,0:28:43.466,3661.3,100.0,33.4,72,25.177,
21.9.2026,0:28:43.672,3661.3,100.0,33.4,72,25.177,
21.9.2026,0:28:43.878,3661.3,100.0,33.4,72,25.177,
21.9.2026,0:28:44.094,3661.3,100.0,33.4,72,25.177,
21.9.2026,0:28:44.288,3661.3,100.0,33.4,72,25.177,
21.9.2026,0:28:44.495,3661.3,100.0,33.4,72,25.177,
21.9.2026,0:28:44.702,3661.3,100.0,33.4,72,25.177,
21.9.2026,0:28:44.907,3661.3,100.0,33.4,72,25.177,
21.9.2026,0:28:45.113,3661.3,100.0,33.4,72,25.177,
21.9.2026,0:28:45.317,3661.3,100.0,33.4,72,25.177,
21.9.2026,0:28:45.525,3661.3,100.0,33.4,72,25.177,
21.9.2026,0:28:45.720,3661.3,100.0,33.4,72,25.177,
21.9.2026,0:28:45.919,3661.3,100.0,33.4,72,25.177,
21.9.2026,0:28:46.126,3661.3,100.0,33.4,72,25.177,
21.9.2026,0:28:46.330,3661.3,100.0,33.4,72,25.177,
21.9.2026,0:28:46.538,3661.3,100.0,33.4,72,25.177,
21.9.2026,0:28:46.728,3661.3,100.0,33.4,72,25.177,
21.9.2026,0:28:46.935,3661.3,100.0,33.4,72,25.177,
21.9.2026,0:28:47.140,3661.3,100.0,33.4,72,25.177,
21.9.2026,0:28:47.348,3661.3,100.0,33.4,72,25.177,
21.9.2026,0:28:47.553,3661.3,100.0,33.4,72,25.177,
21.9.2026,0:28:47.759,3661.3,100.0,33.4,72,25.177,
21.9.2026,0:28:47.965,3661.3,100.0,33.4,72,25.177,
21.9.2026,0:28:48.170,3691.1,100.0,32.4,72,25.256,
21.9.2026,0:28:48.378,3691.1,100.0,32.4,72,25.256,
21.9.2026,0:28:48.582,3691.1,100.0,32.4,72,25.256,
21.9.2026,0:28:48.787,3691.1,100.0,32.4,72,25.256,
21.9.2026,0:28:48.994,3691.1,100.0,32.4,72,25.256,
21.9.2026,0:28:49.198,3691.1,100.0,32.4,72,25.256,
21.9.2026,0:28:49.403,3691.1,100.0,32.4,72,25.256,
21.9.2026,0:28:49.612,3691.1,100.0,32.4,72,25.256,
21.9.2026,0:28:49.813,3691.1,100.0,32.4,72,25.256,
21.9.2026,0:28:50.020,3691.1,100.0,32.4,72,25.256,
21.9.2026,0:28:50.227,3691.1,100.0,32.4,72,25.256,
21.9.2026,0:28:50.430,3691.1,100.0,32.4,72,25.256,
21.9.2026,0:28:50.635,3671.2,100.0,34.3,72,25.256,
21.9.2026,0:28:50.839,1880.9,56.1,38.5,65,19.794,
21.9.2026,0:28:51.046,1236.3,38.7,25.2,69,17.305,
21.9.2026,0:28:51.252,889.2,20.8,22.2,75,20.784,
21.9.2026,0:28:51.459,726.1,17.4,22.3,75,23.254,
21.9.2026,0:28:51.650,554.7,12.2,15.5,77,20.437,
21.9.2026,0:28:51.857,311.8,12.9,25.7,75,22.578,
21.9.2026,0:28:52.062,500.3,11.8,18.6,75,21.929,
21.9.2026,0:28:52.271,362.3,7.2,19.6,77,23.081,
21.9.2026,0:28:52.476,300.1,5.6,19.9,77,23.035,
21.9.2026,0:28:52.683,1783.3,42.5,20.2,70,22.690,
21.9.2026,0:28:52.886,2530.6,63.4,48.0,75,31.827,
21.9.2026,0:28:53.095,945.3,21.6,37.6,77,29.780,
21.9.2026,0:28:53.299,529.1,10.6,24.0,75,23.404,
21.9.2026,0:28:53.508,750.2,17.8,18.8,77,22.794,
21.9.2026,0:28:53.713,1022.7,23.9,18.3,77,21.778,
21.9.2026,0:28:53.922,605.9,19.7,25.3,74,23.296,
21.9.2026,0:28:54.127,476.4,10.6,18.7,75,22.724,
21.9.2026,0:28:54.333,401.2,9.1,18.1,75,21.844,
21.9.2026,0:28:54.540,800.9,18.8,21.8,69,22.840,
21.9.2026,0:28:54.730,773.2,17.5,16.0,71,22.840,
21.9.2026,0:28:54.938,1719.0,44.5,35.3,77,16.240,
21.9.2026,0:28:55.143,966.4,22.5,21.0,77,27.471,
21.9.2026,0:28:55.350,1007.4,22.7,20.7,73,23.637,
21.9.2026,0:28:55.559,1475.9,35.0,25.9,75,23.464,
21.9.2026,0:28:55.767,1226.8,34.1,21.7,72,23.992,
21.9.2026,0:28:55.976,1563.7,37.1,22.7,68,23.784,
21.9.2026,0:28:56.181,1538.1,36.7,20.4,73,22.872,
21.9.2026,0:28:56.390,1224.4,34.4,29.9,75,23.594,
21.9.2026,0:28:56.595,1512.8,35.5,25.8,73,25.257,
21.9.2026,0:28:56.800,1940.1,46.1,30.5,75,25.398,
21.9.2026,0:28:57.009,2377.6,56.8,31.9,74,26.896,
21.9.2026,0:28:57.213,445.3,9.6,7.1,70,28.573,
21.9.2026,0:28:57.422,1856.6,48.2,28.8,73,12.012,
21.9.2026,0:28:57.629,2258.0,53.6,22.2,73,23.658,
21.9.2026,0:28:57.837,2038.3,48.6,22.5,72,23.975,
21.9.2026,0:28:58.045,898.5,25.8,25.7,74,23.955,
21.9.2026,0:28:58.254,1582.6,32.3,19.1,73,23.822,
21.9.2026,0:28:58.459,1637.6,42.7,26.3,73,23.620,
21.9.2026,0:28:58.667,1498.6,35.4,26.0,72,23.962,
21.9.2026,0:28:58.877,2348.4,55.1,37.3,74,24.713,
21.9.2026,0:28:59.082,1966.3,50.7,27.3,73,28.791,
21.9.2026,0:28:59.290,1563.4,37.7,22.6,78,26.226,
21.9.2026,0:28:59.497,888.9,26.3,26.6,78,24.458,
21.9.2026,0:28:59.705,1053.7,24.7,20.5,75,23.997,
21.9.2026,0:28:59.911,726.4,17.4,24.3,77,23.692,
21.9.2026,0:29:0.117,909.5,27.4,24.5,73,24.159,
21.9.2026,0:29:0.309,1771.5,46.2,28.8,72,21.843,
21.9.2026,0:29:0.515,1173.6,28.1,21.3,77,23.803,
21.9.2026,0:29:0.723,1999.0,43.5,27.2,74,23.273,
21.9.2026,0:29:0.929,1770.9,45.8,24.3,60,25.973,
21.9.2026,0:29:1.135,756.0,17.3,14.8,74,24.834,
21.9.2026,0:29:1.342,1387.6,37.6,24.8,66,16.483,
21.9.2026,0:29:1.549,1932.5,41.3,18.3,71,22.002,
21.9.2026,0:29:1.756,672.1,22.0,21.1,79,20.287,
21.9.2026,0:29:1.965,1460.6,34.9,23.4,74,23.485,
21.9.2026,0:29:2.172,1355.8,36.4,26.3,73,23.909,
21.9.2026,0:29:2.378,1490.6,35.2,21.5,74,23.873,
21.9.2026,0:29:2.586,984.8,22.8,23.3,78,23.837,
21.9.2026,0:29:2.778,873.9,25.4,21.8,73,24.314,
21.9.2026,0:29:2.985,2147.1,50.7,34.4,74,18.434,
21.9.2026,0:29:3.191,846.9,20.0,23.1,74,29.148,
21.9.2026,0:29:3.400,1828.5,43.1,22.4,72,24.125,
21.9.2026,0:29:3.609,1691.2,44.2,27.1,74,24.397,
21.9.2026,0:29:3.815,1861.5,44.3,21.3,68,23.701,
21.9.2026,0:29:4.023,1075.2,25.2,23.1,74,23.835,
21.9.2026,0:29:4.227,1016.7,24.4,20.1,73,24.533,
21.9.2026,0:29:4.433,412.5,15.4,17.0,66,21.669,
21.9.2026,0:29:4.639,477.4,9.6,18.2,75,19.722,
21.9.2026,0:29:4.846,1220.0,29.0,25.1,70,16.828,
21.9.2026,0:29:5.053,2087.5,48.5,32.4,78,22.755,
21.9.2026,0:29:5.259,948.8,17.1,23.3,81,25.831,
21.9.2026,0:29:5.464,1200.4,31.3,24.6,77,22.140,
21.9.2026,0:29:5.670,2698.5,55.3,15.8,84,19.935,
21.9.2026,0:29:5.876,1787.3,41.2,23.6,71,20.016,
21.9.2026,0:29:6.085,292.4,12.7,14.6,89,25.543,
21.9.2026,0:29:6.291,1232.5,25.7,16.2,90,18.561,
21.9.2026,0:29:6.497,985.4,26.2,21.6,90,19.366,
21.9.2026,0:29:6.703,494.5,9.9,15.0,86,19.965,
21.9.2026,0:29:6.908,764.6,19.8,22.1,86,20.400,
21.9.2026,0:29:7.115,274.4,4.9,12.7,90,22.264,
21.9.2026,0:29:7.322,120.8,0.9,13.4,90,18.811,
21.9.2026,0:29:7.528,271.1,11.8,18.9,90,19.878,
21.9.2026,0:29:7.735,1664.3,36.0,14.7,90,19.957,
21.9.2026,0:29:7.941,662.6,6.6,17.4,78,20.782,
21.9.2026,0:29:8.145,2360.8,55.5,17.8,71,19.953,
21.9.2026,0:29:8.353,1248.9,27.3,17.5,79,18.937,
21.9.2026,0:29:8.560,698.9,21.8,23.3,90,20.715,
21.9.2026,0:29:8.766,2196.6,47.5,17.3,84,22.173,
21.9.2026,0:29:8.973,721.9,14.3,14.5,90,21.069,
21.9.2026,0:29:9.180,208.5,4.3,14.4,86,19.831,
21.9.2026,0:29:9.385,316.3,6.0,17.2,90,19.775,
21.9.2026,0:29:9.592,3408.0,71.6,18.1,82,19.416,
21.9.2026,0:29:9.794,3782.8,83.9,16.7,85,21.288,
21.9.2026,0:29:10.003,3685.9,81.6,14.9,85,21.257,
21.9.2026,0:29:10.210,171.3,2.3,16.6,90,20.882,
21.9.2026,0:29:10.417,291.8,5.2,13.0,86,20.114,
21.9.2026,0:29:10.621,1918.6,46.3,22.0,90,19.749,
21.9.2026,0:29:10.827,121.8,1.3,14.0,90,20.319,
21.9.2026,0:29:11.034,564.9,12.1,18.5,89,20.951,
21.9.2026,0:29:11.239,322.9,7.0,15.9,90,20.666,
21.9.2026,0:29:11.446,286.6,5.8,13.7,85,20.112,
21.9.2026,0:29:11.652,362.1,13.3,22.0,88,20.139,
21.9.2026,0:29:11.861,319.7,6.8,16.1,84,20.066,
21.9.2026,0:29:12.067,1169.4,24.1,16.5,88,19.874,
21.9.2026,0:29:12.272,317.6,6.5,17.5,74,20.404,
21.9.2026,0:29:12.479,430.9,8.5,16.6,90,19.550,
21.9.2026,0:29:12.685,713.6,20.7,19.5,90,20.656,
21.9.2026,0:29:12.893,872.2,18.4,14.1,88,19.827,
21.9.2026,0:29:13.101,2270.4,48.8,15.1,89,19.886,
21.9.2026,0:29:13.304,1428.5,30.3,20.2,64,20.296,
21.9.2026,0:29:13.510,547.9,12.4,6.2,59,20.355,
21.9.2026,0:29:13.718,974.7,27.9,12.5,69,12.413,
21.9.2026,0:29:13.924,356.0,7.2,13.0,89,13.567,
21.9.2026,0:29:14.129,160.2,2.9,15.3,90,18.370,
21.9.2026,0:29:14.335,1918.3,40.7,13.4,89,18.963,
21.9.2026,0:29:14.543,220.0,10.5,18.0,90,19.614,
21.9.2026,0:29:14.750,672.6,13.2,18.6,90,20.377,
21.9.2026,0:29:14.959,194.0,3.0,13.2,90,20.239,
21.9.2026,0:29:15.165,879.3,19.3,17.7,90,20.347,
21.9.2026,0:29:15.372,142.3,2.3,16.5,89,20.408,
21.9.2026,0:29:15.576,2953.3,66.1,16.8,89,19.949,
21.9.2026,0:29:15.782,377.6,8.2,15.0,91,20.845,
21.9.2026,0:29:15.990,2338.3,50.1,16.1,80,19.834,
21.9.2026,0:29:16.194,1794.6,39.4,15.3,78,20.662,
21.9.2026,0:29:16.404,539.5,17.1,21.9,90,19.971,
21.9.2026,0:29:16.610,129.5,1.7,16.8,90,19.560,
21.9.2026,0:29:16.816,182.6,3.5,14.8,90,18.322,
21.9.2026,0:29:17.023,145.7,1.8,16.3,90,18.765,
21.9.2026,0:29:17.227,2601.5,57.2,16.4,89,19.896,
21.9.2026,0:29:17.433,803.5,22.1,19.0,88,20.834,
21.9.2026,0:29:17.642,245.6,4.5,15.6,88,20.304,
21.9.2026,0:29:17.848,465.9,10.1,17.3,89,20.307,
21.9.2026,0:29:18.055,232.4,4.0,15.8,89,20.360,
21.9.2026,0:29:18.261,137.0,8.8,17.3,90,19.982,
21.9.2026,0:29:18.467,630.8,12.5,17.1,89,20.318,
21.9.2026,0:29:18.672,358.8,7.0,17.5,93,20.438,
21.9.2026,0:29:18.880,470.3,11.2,27.4,71,21.339,
21.9.2026,0:29:19.086,585.6,19.8,31.5,77,24.508,
21.9.2026,0:29:19.292,313.6,12.6,19.2,80,21.456,
21.9.2026,0:29:19.497,1236.9,25.9,21.1,74,21.152,
21.9.2026,0:29:19.706,745.2,16.9,18.3,77,20.749,
21.9.2026,0:29:19.910,737.2,16.0,20.2,77,20.829,
21.9.2026,0:29:20.116,1248.6,29.7,17.6,90,20.920,
21.9.2026,0:29:20.324,208.1,10.6,19.4,90,20.440,
21.9.2026,0:29:20.529,479.6,9.5,17.9,90,19.997,
21.9.2026,0:29:20.736,57.5,1.0,14.2,89,19.946,
21.9.2026,0:29:20.939,166.5,2.7,16.5,90,19.839,
21.9.2026,0:29:21.147,34.7,0.0,15.9,89,19.358,
21.9.2026,0:29:21.353,201.9,3.6,18.7,83,19.399,
21.9.2026,0:29:21.559,1088.4,28.7,17.1,89,20.310,
21.9.2026,0:29:21.763,148.5,2.9,18.1,73,20.320,
21.9.2026,0:29:21.969,257.0,5.0,14.2,89,19.565,
21.9.2026,0:29:22.176,201.8,3.5,16.6,89,19.743,
21.9.2026,0:29:22.380,215.3,3.5,14.1,87,20.204,
21.9.2026,0:29:22.588,1805.2,38.7,16.0,89,20.052,
21.9.2026,0:29:22.779,2003.8,47.7,20.3,90,20.350,
21.9.2026,0:29:22.985,2013.2,44.0,15.9,91,20.587,
21.9.2026,0:29:23.189,1394.0,30.1,18.8,79,20.615,
21.9.2026,0:29:23.394,672.6,14.9,19.3,77,21.297,
21.9.2026,0:29:23.601,1183.5,27.7,18.8,90,20.840,
21.9.2026,0:29:23.791,1863.0,43.7,22.2,89,21.025,
21.9.2026,0:29:23.997,1342.7,28.7,14.3,91,20.895,
21.9.2026,0:29:24.203,180.3,3.5,17.4,91,20.676,
21.9.2026,0:29:24.409,713.4,14.2,13.1,90,19.143,
21.9.2026,0:29:24.615,551.9,12.0,21.5,83,19.056,
21.9.2026,0:29:24.820,583.2,12.6,13.1,88,20.779,
21.9.2026,0:29:25.026,2963.0,68.8,22.5,79,20.344,
21.9.2026,0:29:25.233,670.7,6.4,17.7,75,20.093,
21.9.2026,0:29:25.439,427.8,15.3,14.6,84,20.282,
21.9.2026,0:29:25.646,526.3,10.4,16.2,78,20.262,
21.9.2026,0:29:25.853,381.1,7.7,18.4,75,19.845,
21.9.2026,0:29:26.058,264.0,12.2,18.1,90,19.808,
21.9.2026,0:29:26.264,531.3,10.8,17.5,88,21.108,
21.9.2026,0:29:26.470,450.7,9.3,15.0,78,20.806,
21.9.2026,0:29:26.677,413.8,9.4,14.0,60,19.858,
21.9.2026,0:29:26.887,285.3,5.8,7.8,54,17.697,
21.9.2026,0:29:27.090,248.6,13.2,14.3,77,11.016,
21.9.2026,0:29:27.295,1754.2,37.2,14.8,68,13.637,
21.9.2026,0:29:27.502,530.3,17.6,17.4,89,18.432,
21.9.2026,0:29:27.704,150.5,2.8,15.8,90,19.272,
21.9.2026,0:29:27.911,207.1,3.6,15.1,90,18.330,
21.9.2026,0:29:28.116,194.3,3.4,14.8,89,18.916,
21.9.2026,0:29:28.322,133.2,2.0,13.0,90,18.313,
21.9.2026,0:29:28.530,1340.2,33.1,18.9,80,18.621,
21.9.2026,0:29:28.737,1673.6,33.5,13.9,86,19.563,
21.9.2026,0:29:28.941,214.0,7.0,13.6,89,20.136,
21.9.2026,0:29:29.147,3126.0,67.7,15.0,86,19.615,
21.9.2026,0:29:29.355,3879.7,84.3,15.7,74,19.995,
21.9.2026,0:29:29.563,3465.8,85.7,46.1,79,19.941,
21.9.2026,0:29:29.773,2818.1,60.8,44.5,79,28.760,
21.9.2026,0:29:29.976,3468.6,78.5,46.3,76,30.897,
21.9.2026,0:29:30.183,429.0,15.9,18.3,90,29.655,
21.9.2026,0:29:30.390,889.5,19.2,17.4,75,21.932,
21.9.2026,0:29:30.596,371.2,8.3,13.4,57,13.940,
21.9.2026,0:29:30.802,240.8,4.6,6.0,88,19.109,
21.9.2026,0:29:31.010,4606.6,98.9,15.7,86,13.439,
21.9.2026,0:29:31.214,123.9,14.7,15.4,89,20.383,
21.9.2026,0:29:31.422,237.7,4.3,16.2,89,19.418,
21.9.2026,0:29:31.625,185.0,3.7,13.4,90,18.932,
21.9.2026,0:29:31.829,223.6,4.7,14.9,90,18.667,
21.9.2026,0:29:32.035,140.3,2.7,13.4,89,17.523,
21.9.2026,0:29:32.242,134.2,1.7,14.2,89,18.607,
21.9.2026,0:29:32.448,162.7,8.5,17.7,90,18.374,
21.9.2026,0:29:32.655,184.1,3.6,13.5,88,18.513,
21.9.2026,0:29:32.861,173.8,2.8,14.8,90,20.634,
21.9.2026,0:29:33.068,209.4,3.7,14.4,90,19.709,
21.9.2026,0:29:33.273,84.5,0.6,13.1,90,19.377,
21.9.2026,0:29:33.480,227.5,11.7,22.6,83,20.360,
21.9.2026,0:29:33.686,4627.9,99.9,13.2,85,19.124,
21.9.2026,0:29:33.893,182.2,10.0,15.1,88,20.497,
21.9.2026,0:29:34.100,198.7,3.3,14.0,89,19.564,
21.9.2026,0:29:34.308,772.2,15.0,12.5,88,19.176,
21.9.2026,0:29:34.514,153.8,8.8,18.6,90,18.686,
21.9.2026,0:29:34.722,654.8,17.1,16.6,74,18.628,
21.9.2026,0:29:34.930,470.8,8.7,12.5,76,17.443,
21.9.2026,0:29:35.136,367.9,13.2,18.6,72,17.489,
21.9.2026,0:29:35.343,477.2,9.8,15.1,88,17.188,
21.9.2026,0:29:35.549,1013.7,20.9,15.7,77,18.174,
21.9.2026,0:29:35.756,534.7,10.8,16.7,87,18.107,
21.9.2026,0:29:35.963,620.8,12.2,14.4,79,17.779,
21.9.2026,0:29:36.170,614.9,18.3,17.8,90,18.586,
21.9.2026,0:29:36.377,261.0,4.3,12.9,89,18.586,
21.9.2026,0:29:36.583,605.6,12.2,17.4,86,17.875,
21.9.2026,0:29:36.790,1209.5,26.4,14.5,91,18.747,
21.9.2026,0:29:36.996,272.4,11.5,18.2,89,19.003,
21.9.2026,0:29:37.203,486.7,9.1,13.2,79,18.510,
21.9.2026,0:29:37.411,385.1,7.6,16.0,88,18.036,
21.9.2026,0:29:37.616,150.7,2.0,13.5,83,18.643,
21.9.2026,0:29:37.810,141.7,2.5,13.8,90,19.624,
21.9.2026,0:29:38.016,386.3,13.3,17.5,89,19.152,
21.9.2026,0:29:38.223,181.1,3.2,13.2,88,18.700,
21.9.2026,0:29:38.430,192.5,2.4,16.3,85,20.361,
21.9.2026,0:29:38.635,202.5,9.6,15.4,89,19.385,
21.9.2026,0:29:38.841,141.3,2.2,18.2,80,18.975,
21.9.2026,0:29:39.049,139.0,1.9,14.8,88,19.636,
21.9.2026,0:29:39.254,193.3,3.3,15.3,72,20.204,
21.9.2026,0:29:39.460,215.9,3.4,15.2,87,19.881,
21.9.2026,0:29:39.667,224.7,10.8,14.7,90,20.200,
21.9.2026,0:29:39.873,144.3,1.8,19.1,90,19.443,
21.9.2026,0:29:40.080,129.2,1.4,13.3,89,18.697,
21.9.2026,0:29:40.289,216.0,3.9,13.6,58,18.415,
21.9.2026,0:29:40.491,151.0,7.0,2.7,53,17.049,
21.9.2026,0:29:40.702,43.1,2.4,7.9,53,5.569,
21.9.2026,0:29:40.922,468.2,4.9,2.8,53,6.989,
21.9.2026,0:29:41.123,40.0,1.5,4.8,53,6.924,
21.9.2026,0:29:41.322,455.5,9.5,3.8,52,6.960,
21.9.2026,0:29:41.526,78.1,0.7,2.2,52,7.079,
21.9.2026,0:29:41.739,359.1,10.0,5.5,52,7.602,
21.9.2026,0:29:41.955,176.7,5.6,4.3,52,7.616,
21.9.2026,0:29:42.163,160.5,3.5,5.1,52,5.475,
21.9.2026,0:29:42.363,74.2,2.6,0.8,51,5.459,
21.9.2026,0:29:42.566,157.0,3.9,2.2,51,5.360,
21.9.2026,0:29:42.774,159.3,3.5,1.9,50,5.565,
21.9.2026,0:29:42.975,169.3,0.0,3.8,55,5.643,
21.9.2026,0:29:43.176,261.5,11.8,9.1,55,6.197,
21.9.2026,0:29:43.389,329.5,0.0,0.5,55,7.410,
21.9.2026,0:29:43.594,56.4,2.7,4.5,55,7.337,
21.9.2026,0:29:43.793,53.7,2.5,2.9,50,7.294,
21.9.2026,0:29:43.999,130.8,2.9,3.8,55,7.113,
21.9.2026,0:29:44.200,76.0,3.2,4.9,54,6.002,
21.9.2026,0:29:44.400,325.7,7.9,4.5,54,7.451,
21.9.2026,0:29:44.617,286.5,6.6,5.5,54,7.333,
21.9.2026,0:29:44.819,73.1,0.0,0.6,50,7.136,
21.9.2026,0:29:45.020,416.3,6.5,3.9,50,6.948,
21.9.2026,0:29:45.232,36.9,3.2,5.8,49,6.860,
21.9.2026,0:29:45.433,97.8,5.7,5.3,50,6.737,
21.9.2026,0:29:45.648,526.4,8.3,5.9,49,7.670,
21.9.2026,0:29:45.848,307.9,0.1,1.5,49,7.670,
21.9.2026,0:29:46.049,135.3,5.2,4.7,49,7.033,
21.9.2026,0:29:46.261,138.9,4.3,3.0,50,5.526,
21.9.2026,0:29:46.475,169.1,7.4,2.7,49,5.472,
21.9.2026,0:29:46.679,136.3,0.0,1.7,49,5.708,
21.9.2026,0:29:46.875,163.3,4.1,3.6,49,5.244,
21.9.2026,0:29:47.079,140.2,5.9,3.6,48,5.560,
21.9.2026,0:29:47.292,150.5,3.7,2.9,48,5.728,
21.9.2026,0:29:47.505,150.1,6.7,4.9,48,5.336,
21.9.2026,0:29:47.717,140.8,0.0,0.4,48,5.701,
21.9.2026,0:29:47.930,159.0,6.8,7.5,48,5.403,
21.9.2026,0:29:48.141,126.1,0.0,1.7,48,5.621,
21.9.2026,0:29:48.350,418.3,11.1,8.2,48,5.542,
21.9.2026,0:29:48.551,199.3,1.0,0.5,48,6.763,
21.9.2026,0:29:48.763,32.6,1.5,4.9,48,6.865,
21.9.2026,0:29:48.975,44.7,3.8,3.5,48,6.364,
21.9.2026,0:29:49.179,137.6,0.0,0.7,47,7.131,
21.9.2026,0:29:49.388,141.7,3.6,2.9,48,5.780,
21.9.2026,0:29:49.604,137.0,6.5,5.4,47,5.412,
21.9.2026,0:29:49.808,143.4,5.1,3.4,47,5.345,
21.9.2026,0:29:50.024,149.0,4.6,3.7,47,5.715,
21.9.2026,0:29:50.232,160.0,0.0,1.6,47,5.410,
21.9.2026,0:29:50.444,145.9,9.1,5.0,48,5.573,
21.9.2026,0:29:50.643,134.0,0.0,1.1,48,5.738,
21.9.2026,0:29:50.860,157.4,4.6,6.0,47,5.338,
21.9.2026,0:29:51.072,199.8,7.2,2.8,47,5.828,
21.9.2026,0:29:51.285,147.0,0.0,1.8,46,5.726,
21.9.2026,0:29:51.494,190.8,7.7,4.0,47,5.527,
21.9.2026,0:29:51.706,188.1,7.8,3.5,47,5.932,
21.9.2026,0:29:51.903,143.0,0.0,2.3,46,5.966,
21.9.2026,0:29:52.115,142.7,6.3,4.8,47,5.808,
21.9.2026,0:29:52.332,125.1,0.0,0.0,47,5.531,
21.9.2026,0:29:52.544,165.9,6.3,3.9,46,5.591,
21.9.2026,0:29:52.744,146.1,6.4,3.7,47,5.768,
21.9.2026,0:29:52.961,152.9,4.0,3.8,46,5.631,
21.9.2026,0:29:53.164,194.4,0.0,1.6,47,5.788,
21.9.2026,0:29:53.368,189.3,3.8,2.6,46,5.362,
21.9.2026,0:29:53.570,178.3,4.3,3.4,46,5.592,
21.9.2026,0:29:53.773,167.1,4.2,3.4,46,5.990,
21.9.2026,0:29:53.973,113.2,1.9,4.0,46,5.940,
21.9.2026,0:29:54.188,173.3,4.4,5.6,46,5.630,
21.9.2026,0:29:54.392,199.9,6.7,3.0,45,5.288,
21.9.2026,0:29:54.595,244.3,5.2,3.7,46,5.764,
21.9.2026,0:29:54.806,224.7,5.2,2.8,46,6.172,
21.9.2026,0:29:55.008,301.6,1.9,1.4,47,6.639,
21.9.2026,0:29:55.211,458.2,9.0,4.1,47,6.828,
21.9.2026,0:29:55.414,409.3,8.0,2.7,46,6.608,
21.9.2026,0:29:55.615,467.8,10.2,5.3,46,6.751,
21.9.2026,0:29:55.829,397.6,7.8,3.2,45,6.752,
21.9.2026,0:29:56.043,483.6,10.9,6.1,45,6.414,
21.9.2026,0:29:56.253,74.7,5.2,5.4,45,8.308,
21.9.2026,0:29:56.469,145.8,5.7,7.9,46,7.082,
21.9.2026,0:29:56.680,72.1,0.0,0.2,45,5.791,
21.9.2026,0:29:56.888,140.1,9.9,2.9,45,5.900,
21.9.2026,0:29:57.091,144.7,3.6,5.2,45,5.941,
21.9.2026,0:29:57.305,148.4,0.0,3.5,46,5.691,
21.9.2026,0:29:57.507,197.9,8.3,5.2,45,5.674,
21.9.2026,0:29:57.715,164.0,5.7,2.9,45,5.556,
21.9.2026,0:29:57.920,334.3,6.7,4.5,46,6.869,
21.9.2026,0:29:58.123,456.6,7.8,7.3,44,7.302,
21.9.2026,0:29:58.324,450.4,2.0,0.2,45,6.325,
21.9.2026,0:29:58.527,409.8,10.3,7.7,45,7.087,
21.9.2026,0:29:58.739,151.1,5.5,2.7,44,5.219,
21.9.2026,0:29:58.938,132.4,3.6,2.0,46,5.473,
21.9.2026,0:29:59.143,155.0,3.2,2.0,46,5.525,
21.9.2026,0:29:59.347,145.1,3.4,3.2,45,5.519,
21.9.2026,0:29:59.547,151.4,5.8,4.4,44,6.122,
21.9.2026,0:29:59.747,161.8,5.9,1.9,45,5.184,
21.9.2026,0:29:59.950,129.0,1.9,1.6,45,5.574,
21.9.2026,0:30:0.164,231.9,0.6,2.6,44,6.039,
21.9.2026,0:30:0.367,196.3,8.3,6.6,44,5.813,
21.9.2026,0:30:0.575,155.9,2.6,0.5,44,5.603,
21.9.2026,0:30:0.779,216.2,5.2,1.5,45,5.778,
21.9.2026,0:30:0.982,152.2,4.1,2.3,44,5.507,
21.9.2026,0:30:1.186,153.4,3.5,1.9,45,5.560,
21.9.2026,0:30:1.399,166.7,3.9,2.3,44,5.716,
21.9.2026,0:30:1.602,150.7,6.9,4.0,44,5.498,
21.9.2026,0:30:1.801,184.2,4.6,2.9,45,5.874,
21.9.2026,0:30:2.005,143.0,3.4,4.2,44,5.350,
21.9.2026,0:30:2.212,135.6,2.8,1.1,44,5.343,
21.9.2026,0:30:2.425,151.7,4.9,3.7,44,5.577,
21.9.2026,0:30:2.629,155.6,5.8,3.5,44,5.737,
21.9.2026,0:30:2.829,145.7,3.7,1.5,44,5.483,
21.9.2026,0:30:3.037,206.4,4.5,1.2,44,5.762,
21.9.2026,0:30:3.241,131.8,2.7,1.9,44,5.177,
21.9.2026,0:30:3.445,140.3,3.2,1.3,44,5.428,
21.9.2026,0:30:3.658,163.9,5.5,2.5,44,5.828,
21.9.2026,0:30:3.871,151.6,0.0,0.9,44,5.380,
21.9.2026,0:30:4.087,178.2,7.0,8.4,44,6.087,
21.9.2026,0:30:4.295,170.0,3.3,1.9,45,5.339,
21.9.2026,0:30:4.494,145.6,3.5,2.1,44,5.456,
21.9.2026,0:30:4.708,173.9,7.1,5.3,45,5.780,
21.9.2026,0:30:4.911,211.8,6.2,1.7,44,5.405,
21.9.2026,0:30:5.114,145.0,3.5,1.3,44,5.548,
21.9.2026,0:30:5.317,155.4,3.5,2.8,44,5.474,
21.9.2026,0:30:5.523,151.7,3.0,2.8,44,5.413,
21.9.2026,0:30:5.728,140.9,2.9,1.3,44,5.596,
21.9.2026,0:30:5.945,161.1,3.8,3.8,44,5.672,
21.9.2026,0:30:6.148,131.0,5.9,1.8,45,5.202,
21.9.2026,0:30:6.352,153.2,0.0,2.2,44,5.526,
21.9.2026,0:30:6.553,134.0,3.4,2.4,44,5.482,
21.9.2026,0:30:6.769,133.5,3.4,1.5,44,5.503,
21.9.2026,0:30:6.972,157.9,6.7,6.0,44,5.816,
21.9.2026,0:30:7.185,139.1,3.3,2.9,44,5.405,
21.9.2026,0:30:7.398,129.2,5.8,2.3,44,5.303,
21.9.2026,0:30:7.610,141.5,0.0,2.5,44,5.610,
21.9.2026,0:30:7.811,75.4,4.9,4.5,44,5.513,
21.9.2026,0:30:8.015,158.8,4.4,3.9,44,5.651,
21.9.2026,0:30:8.227,145.9,3.7,1.3,44,5.399,
21.9.2026,0:30:8.439,137.1,0.0,0.9,44,5.474,
21.9.2026,0:30:8.652,216.4,8.3,5.4,42,5.637,
21.9.2026,0:30:8.863,133.8,5.9,5.6,44,5.325,
21.9.2026,0:30:9.058,141.8,0.0,2.3,44,5.499,
21.9.2026,0:30:9.274,138.9,6.3,6.3,44,5.716,
21.9.2026,0:30:9.483,124.0,0.0,0.8,44,5.255,
21.9.2026,0:30:9.700,129.1,6.1,3.6,44,5.646,
21.9.2026,0:30:9.907,165.4,6.9,6.0,44,5.391,
21.9.2026,0:30:10.111,100.6,0.0,3.1,44,5.509,
21.9.2026,0:30:10.325,155.5,6.4,3.6,43,5.419,
21.9.2026,0:30:10.540,151.4,6.6,4.8,43,5.380,
21.9.2026,0:30:10.753,49.9,0.0,1.3,43,7.037,
21.9.2026,0:30:10.957,168.9,6.8,4.6,43,5.273,
21.9.2026,0:30:11.161,149.0,3.3,1.0,44,5.563,
21.9.2026,0:30:11.365,155.7,3.5,3.3,43,5.484,
21.9.2026,0:30:11.568,131.3,2.9,1.3,43,5.400,
21.9.2026,0:30:11.767,154.3,3.8,1.5,44,5.388,
21.9.2026,0:30:11.971,70.5,3.1,4.2,43,5.659,
21.9.2026,0:30:12.187,147.5,3.4,2.0,43,5.012,
21.9.2026,0:30:12.385,139.2,5.7,3.9,43,5.012,
21.9.2026,0:30:12.602,163.4,6.1,9.3,52,5.559,
21.9.2026,0:30:12.800,190.5,0.0,0.0,43,6.559,
21.9.2026,0:30:13.004,439.9,8.6,4.8,44,6.991,
21.9.2026,0:30:13.212,526.9,8.4,4.3,43,7.137,
21.9.2026,0:30:13.410,129.6,2.2,0.8,43,5.307,
21.9.2026,0:30:13.627,159.6,6.1,2.3,44,5.577,
21.9.2026,0:30:13.826,153.1,4.2,2.8,43,5.512,
21.9.2026,0:30:14.037,138.7,0.5,0.6,44,5.453,
21.9.2026,0:30:14.251,147.9,5.7,3.5,44,5.214,
21.9.2026,0:30:14.457,425.8,6.5,2.6,43,6.586,
21.9.2026,0:30:14.660,410.2,8.3,6.0,42,6.596,
21.9.2026,0:30:14.872,418.7,9.9,3.8,42,6.596,
21.9.2026,0:30:15.085,265.6,1.4,3.2,43,5.894,
21.9.2026,0:30:15.291,391.1,6.2,2.1,42,6.455,
21.9.2026,0:30:15.488,420.1,9.4,4.1,42,6.252,
21.9.2026,0:30:15.702,320.5,8.0,6.8,44,6.252,
21.9.2026,0:30:15.903,172.9,4.7,3.3,43,6.498,
21.9.2026,0:30:16.121,204.6,0.7,2.9,42,5.318,
21.9.2026,0:30:16.323,370.4,6.3,1.9,43,6.544,
21.9.2026,0:30:16.526,313.2,5.3,2.7,43,6.039,
21.9.2026,0:30:16.740,408.9,7.7,5.8,43,6.527,
21.9.2026,0:30:16.943,421.5,8.2,2.3,43,6.647,
21.9.2026,0:30:17.150,325.8,5.5,2.8,42,6.089,
21.9.2026,0:30:17.352,464.9,9.7,6.9,43,6.757,
21.9.2026,0:30:17.550,434.5,8.7,4.2,43,6.092,
21.9.2026,0:30:17.767,328.3,7.7,3.4,43,6.621,
21.9.2026,0:30:17.965,414.3,2.5,0.7,43,6.465,
21.9.2026,0:30:18.183,152.9,6.6,3.3,42,4.896,
21.9.2026,0:30:18.382,42.5,0.9,1.9,42,7.020,
21.9.2026,0:30:18.584,456.4,9.2,3.6,42,7.004,
21.9.2026,0:30:18.790,439.4,7.2,5.4,42,6.790,
21.9.2026,0:30:19.001,386.6,11.5,7.6,42,6.809,
21.9.2026,0:30:19.214,459.8,2.2,2.0,43,7.324,
21.9.2026,0:30:19.422,220.5,4.8,1.6,42,6.523,
21.9.2026,0:30:19.620,468.3,9.2,7.1,43,7.017,
21.9.2026,0:30:19.836,277.2,6.4,5.9,44,7.587,
21.9.2026,0:30:20.035,253.5,9.1,3.6,43,6.778,
21.9.2026,0:30:20.236,198.5,3.2,5.0,43,7.126,
21.9.2026,0:30:20.436,64.1,0.0,3.0,42,8.057,
21.9.2026,0:30:20.637,130.9,2.3,1.5,42,5.221,
21.9.2026,0:30:20.847,177.2,7.4,3.4,43,5.788,
21.9.2026,0:30:21.051,143.9,0.0,3.2,43,5.262,
21.9.2026,0:30:21.264,35.1,1.2,1.4,42,5.462,
21.9.2026,0:30:21.477,143.7,7.9,4.9,42,5.573,
21.9.2026,0:30:21.676,128.6,4.4,2.7,42,5.180,
21.9.2026,0:30:21.894,143.7,0.0,2.2,42,5.856,
21.9.2026,0:30:22.098,169.0,4.5,5.6,42,5.400,
21.9.2026,0:30:22.298,134.0,3.9,1.3,43,5.228,
21.9.2026,0:30:22.507,69.6,0.5,2.3,43,5.473,
21.9.2026,0:30:22.711,139.5,9.9,4.6,42,5.452,
21.9.2026,0:30:22.915,131.7,2.8,3.1,43,5.393,
21.9.2026,0:30:23.119,186.8,0.0,1.0,43,5.831,
21.9.2026,0:30:23.322,132.6,8.6,10.8,43,5.245,
21.9.2026,0:30:23.526,64.9,2.3,1.5,43,5.449,
21.9.2026,0:30:23.725,137.0,4.1,1.1,42,5.433,
21.9.2026,0:30:23.929,144.4,2.1,1.6,43,5.276,
21.9.2026,0:30:24.130,176.9,0.0,1.8,42,5.903,
21.9.2026,0:30:24.330,138.6,4.0,7.9,43,5.446,
21.9.2026,0:30:24.535,73.7,8.3,5.0,42,5.448,
21.9.2026,0:30:24.738,153.4,2.7,2.7,43,5.482,
21.9.2026,0:30:24.943,185.4,3.7,2.0,42,5.404,
21.9.2026,0:30:25.139,161.4,4.2,2.9,43,5.501,
21.9.2026,0:30:25.346,219.2,1.0,2.8,42,5.697,
21.9.2026,0:30:25.546,151.7,5.4,3.7,42,6.054,
21.9.2026,0:30:25.748,147.8,2.6,3.9,42,5.236,
21.9.2026,0:30:25.952,205.2,4.1,1.2,42,5.778,
21.9.2026,0:30:26.158,150.5,3.0,0.9,42,5.331,
21.9.2026,0:30:26.362,144.0,4.3,5.1,43,5.420,
21.9.2026,0:30:26.566,67.4,1.3,1.9,42,5.503,
21.9.2026,0:30:26.767,142.8,9.7,9.9,42,5.318,
21.9.2026,0:30:26.971,255.5,7.0,1.4,42,5.920,
21.9.2026,0:30:27.170,151.3,0.0,3.3,42,5.300,
21.9.2026,0:30:27.383,128.1,4.2,2.7,42,5.415,
21.9.2026,0:30:27.594,135.3,5.6,3.3,42,5.624,
21.9.2026,0:30:27.799,146.6,0.0,1.3,42,5.191,
21.9.2026,0:30:28.011,218.2,6.4,3.8,42,5.975,
21.9.2026,0:30:28.225,161.1,7.6,3.6,42,5.609,
21.9.2026,0:30:28.436,152.7,0.0,0.0,42,5.413,
21.9.2026,0:30:28.650,152.1,7.4,7.5,43,5.611,
21.9.2026,0:30:28.854,172.6,6.7,5.9,42,5.278,
21.9.2026,0:30:29.061,138.1,3.0,2.3,42,5.437,
21.9.2026,0:30:29.281,167.7,2.3,1.3,43,6.033,
21.9.2026,0:30:29.484,167.0,4.2,4.2,43,5.119,
21.9.2026,0:30:29.688,145.8,3.6,2.5,43,5.422,
21.9.2026,0:30:29.887,173.7,4.2,1.6,42,5.598,
21.9.2026,0:30:30.089,152.9,5.2,2.0,42,5.472,
21.9.2026,0:30:30.305,70.5,3.2,4.9,43,5.681,
21.9.2026,0:30:30.512,45.9,0.0,0.0,43,5.039,
21.9.2026,0:30:30.715,54.9,8.3,7.2,42,5.646,
21.9.2026,0:30:30.929,142.3,0.0,0.5,43,5.273,
21.9.2026,0:30:31.136,141.4,9.0,4.6,43,5.888,
21.9.2026,0:30:31.342,156.2,3.8,1.6,43,5.272,
21.9.2026,0:30:31.541,144.9,4.5,4.4,43,5.504,
21.9.2026,0:30:31.752,155.0,0.4,3.5,42,5.481,
21.9.2026,0:30:31.967,64.2,3.3,3.9,42,5.447,
21.9.2026,0:30:32.172,348.8,7.3,2.7,42,5.430,
21.9.2026,0:30:32.374,275.1,6.5,8.0,43,6.428,
21.9.2026,0:30:32.587,276.3,0.0,0.0,42,6.642,
21.9.2026,0:30:32.800,136.4,6.0,3.6,42,6.734,
21.9.2026,0:30:33.002,185.1,7.0,6.9,42,5.285,
21.9.2026,0:30:33.203,135.1,2.8,2.9,43,5.740,
21.9.2026,0:30:33.404,133.0,4.5,4.6,43,5.504,
21.9.2026,0:30:33.613,106.5,0.0,0.2,42,5.139,
21.9.2026,0:30:33.814,146.4,5.1,3.0,42,5.763,
21.9.2026,0:30:34.029,182.7,7.0,5.7,42,5.089,
21.9.2026,0:30:34.241,180.7,0.0,2.1,41,5.377,
21.9.2026,0:30:34.459,313.6,9.1,6.7,41,6.206,
21.9.2026,0:30:34.658,282.6,5.4,3.9,42,6.656,
21.9.2026,0:30:34.865,313.3,6.2,2.6,42,6.165,
21.9.2026,0:30:35.078,331.9,4.9,2.6,42,6.461,
21.9.2026,0:30:35.284,509.3,8.8,2.7,43,6.853,
21.9.2026,0:30:35.490,386.4,8.6,7.8,42,6.474,
21.9.2026,0:30:35.692,292.7,5.6,3.0,42,7.757,
21.9.2026,0:30:35.894,580.3,10.4,3.2,42,7.181,
21.9.2026,0:30:36.096,371.2,6.5,5.3,42,6.633,
21.9.2026,0:30:36.293,555.8,9.8,5.8,42,7.580,
21.9.2026,0:30:36.499,247.2,0.0,1.8,42,7.517,
21.9.2026,0:30:36.697,571.5,8.6,3.7,43,6.693,
21.9.2026,0:30:36.914,343.8,6.8,4.1,42,7.570,
21.9.2026,0:30:37.118,397.7,6.8,2.8,43,6.657,
21.9.2026,0:30:37.329,360.6,9.4,4.2,42,6.170,
21.9.2026,0:30:37.546,356.4,10.2,5.4,42,7.015,
21.9.2026,0:30:37.758,252.7,1.1,3.3,42,5.612,
21.9.2026,0:30:37.957,178.9,6.9,2.3,42,5.420,
21.9.2026,0:30:38.163,153.9,3.9,4.7,42,5.986,
21.9.2026,0:30:38.362,170.2,4.8,2.1,41,6.500,
21.9.2026,0:30:38.570,217.5,0.4,2.8,42,5.905,
21.9.2026,0:30:38.771,272.4,5.9,6.0,43,7.956,
21.9.2026,0:30:38.988,563.2,12.0,5.0,42,7.878,
21.9.2026,0:30:39.192,164.1,0.7,0.7,43,5.804,
21.9.2026,0:30:39.400,158.1,4.5,5.1,42,5.491,
21.9.2026,0:30:39.618,157.9,6.9,7.6,43,5.466,
21.9.2026,0:30:39.829,150.9,6.2,4.1,42,5.385,
21.9.2026,0:30:40.028,291.4,1.7,0.2,42,6.498,
21.9.2026,0:30:40.245,206.6,8.4,5.2,43,5.955,
21.9.2026,0:30:40.458,160.7,5.9,3.8,42,5.690,
21.9.2026,0:30:40.661,126.4,0.0,0.0,41,5.228,
21.9.2026,0:30:40.875,163.1,4.2,2.4,42,5.770,
21.9.2026,0:30:41.078,148.5,5.8,4.2,42,5.203,
21.9.2026,0:30:41.277,43.2,1.7,1.9,42,5.644,
21.9.2026,0:30:41.495,155.9,5.7,4.4,42,5.716,
21.9.2026,0:30:41.698,144.9,5.8,3.0,43,5.248,
21.9.2026,0:30:41.912,200.5,4.7,1.5,42,5.546,
21.9.2026,0:30:42.124,155.3,0.0,0.6,42,5.430,
21.9.2026,0:30:42.328,135.4,5.6,3.5,42,5.522,
21.9.2026,0:30:42.532,161.0,4.6,3.0,43,5.618,
21.9.2026,0:30:42.735,139.9,2.7,0.9,43,5.318,
21.9.2026,0:30:42.941,164.8,3.8,2.3,41,5.618,
21.9.2026,0:30:43.145,162.2,3.2,0.7,42,5.486,
21.9.2026,0:30:43.349,140.8,2.9,2.2,42,5.516,
21.9.2026,0:30:43.553,143.8,3.2,3.8,42,5.546,
21.9.2026,0:30:43.757,159.5,3.6,1.4,43,5.536,
21.9.2026,0:30:43.956,133.5,2.8,2.8,42,5.494,
21.9.2026,0:30:44.174,180.5,6.1,4.8,42,5.497,
21.9.2026,0:30:44.377,174.9,6.0,3.1,42,5.540,
21.9.2026,0:30:44.582,173.4,4.1,2.2,42,5.475,
21.9.2026,0:30:44.785,144.2,3.1,3.1,42,5.274,
21.9.2026,0:30:44.989,132.2,3.4,1.6,43,5.230,
21.9.2026,0:30:45.193,160.6,3.6,1.3,43,5.544,
21.9.2026,0:30:45.394,147.5,3.6,1.6,42,5.663,
21.9.2026,0:30:45.601,157.2,4.2,2.4,42,5.305,
21.9.2026,0:30:45.813,155.0,3.2,2.9,42,5.627,
21.9.2026,0:30:46.017,140.4,5.9,2.8,42,5.225,
21.9.2026,0:30:46.217,132.4,2.8,1.8,42,5.362,
21.9.2026,0:30:46.429,169.4,5.5,5.1,42,5.625,
21.9.2026,0:30:46.639,140.7,0.0,0.6,41,5.539,
21.9.2026,0:30:46.852,141.2,7.5,3.2,42,5.592,
21.9.2026,0:30:47.056,147.3,0.0,4.7,42,5.308,
21.9.2026,0:30:47.271,149.9,10.3,5.7,42,5.377,
21.9.2026,0:30:47.485,133.1,0.0,1.4,43,5.342,
21.9.2026,0:30:47.686,612.1,13.1,5.9,42,7.300,
21.9.2026,0:30:47.895,454.9,9.2,6.1,42,7.853,
21.9.2026,0:30:48.098,500.5,5.9,4.6,42,7.755,
21.9.2026,0:30:48.302,158.4,5.1,2.0,42,5.452,
21.9.2026,0:30:48.514,164.4,7.5,4.0,42,5.340,
21.9.2026,0:30:48.717,347.2,6.9,13.4,41,5.409,
21.9.2026,0:30:48.917,745.3,13.9,10.0,72,17.482,
21.9.2026,0:30:49.118,90.5,3.5,2.5,42,10.705,
21.9.2026,0:30:49.337,127.4,2.7,7.9,42,6.732,
21.9.2026,0:30:49.555,65.2,0.0,3.3,42,7.316,
21.9.2026,0:30:49.766,178.5,7.8,6.9,42,6.135,
21.9.2026,0:30:49.967,45.9,1.7,2.9,42,7.052,
21.9.2026,0:30:50.179,463.8,4.7,2.9,42,6.911,
21.9.2026,0:30:50.376,305.0,7.7,5.3,43,6.911,
21.9.2026,0:30:50.584,426.1,11.4,8.9,50,7.115,
21.9.2026,0:30:50.785,1013.6,22.6,14.5,52,9.998,
21.9.2026,0:30:50.997,151.5,6.3,3.6,42,6.609,
21.9.2026,0:30:51.210,149.1,0.0,1.7,42,5.774,
21.9.2026,0:30:51.407,135.9,6.1,5.4,42,5.774,
21.9.2026,0:30:51.618,140.8,1.8,1.7,41,5.802,
21.9.2026,0:30:51.821,151.7,3.9,3.8,42,5.470,
21.9.2026,0:30:52.021,143.6,3.4,1.4,41,6.049,
21.9.2026,0:30:52.221,61.8,4.3,2.8,42,5.362,
21.9.2026,0:30:52.421,174.9,5.3,3.2,42,5.659,
21.9.2026,0:30:52.626,634.1,13.8,11.8,47,5.398,
21.9.2026,0:30:52.831,631.4,14.7,11.6,44,13.110,
21.9.2026,0:30:53.035,145.7,4.0,2.3,42,14.572,
21.9.2026,0:30:53.247,157.6,6.6,4.2,43,5.631,
21.9.2026,0:30:53.449,142.8,4.4,5.2,42,5.394,
21.9.2026,0:30:53.660,133.4,0.0,1.4,42,5.528,
21.9.2026,0:30:53.875,135.3,5.5,4.3,42,5.412,
21.9.2026,0:30:54.089,153.4,6.3,3.5,41,5.315,
21.9.2026,0:30:54.306,157.7,0.6,3.7,43,6.005,
21.9.2026,0:30:54.503,143.9,3.2,2.5,42,5.550,
21.9.2026,0:30:54.710,470.6,10.3,15.0,54,5.114,
21.9.2026,0:30:54.924,326.3,9.3,6.9,43,16.718,
21.9.2026,0:30:55.135,151.4,0.4,0.5,42,10.853,
21.9.2026,0:30:55.347,138.5,6.3,4.3,43,5.629,
21.9.2026,0:30:55.561,153.3,6.0,4.2,43,5.269,
21.9.2026,0:30:55.772,153.1,1.0,0.8,43,5.603,
21.9.2026,0:30:55.984,135.9,5.6,4.6,42,5.256,
21.9.2026,0:30:56.184,46.2,0.0,3.2,42,6.711,
21.9.2026,0:30:56.386,47.0,7.7,7.1,42,5.603,
21.9.2026,0:30:56.599,448.3,6.1,5.9,52,10.161,
21.9.2026,0:30:56.805,796.0,18.6,13.0,50,16.697,
21.9.2026,0:30:57.017,132.8,6.3,2.5,43,5.544,
21.9.2026,0:30:57.231,140.4,5.9,3.0,43,5.270,
21.9.2026,0:30:57.433,143.0,0.0,2.5,42,5.544,
21.9.2026,0:30:57.637,131.0,3.3,1.7,42,5.102,
21.9.2026,0:30:57.851,220.1,5.7,3.4,43,5.714,
21.9.2026,0:30:58.065,152.3,6.1,5.6,43,5.200,
21.9.2026,0:30:58.272,160.2,5.0,2.3,43,5.525,
21.9.2026,0:30:58.474,148.9,3.7,1.6,42,5.698,
21.9.2026,0:30:58.680,728.9,12.5,11.6,53,12.337,
21.9.2026,0:30:58.889,815.1,22.7,16.7,43,15.566,
21.9.2026,0:30:59.088,520.1,5.8,2.3,43,7.396,
21.9.2026,0:30:59.304,137.8,3.2,1.9,43,5.759,
21.9.2026,0:30:59.499,120.8,5.6,3.9,42,5.621,
21.9.2026,0:30:59.715,165.2,0.0,3.1,42,5.884,
21.9.2026,0:30:59.918,148.9,4.5,1.9,43,5.612,
21.9.2026,0:31:0.121,220.0,7.1,6.4,43,6.307,
21.9.2026,0:31:0.333,156.6,4.4,1.0,43,5.922,
21.9.2026,0:31:0.531,225.1,7.1,6.4,43,6.483,
21.9.2026,0:31:0.737,767.4,18.3,15.0,51,15.868,
21.9.2026,0:31:0.937,356.8,6.0,6.9,44,12.555,
21.9.2026,0:31:1.140,151.9,3.8,1.1,42,5.548,
21.9.2026,0:31:1.358,208.0,10.6,7.5,43,5.932,
21.9.2026,0:31:1.576,129.5,0.0,0.6,43,5.317,
21.9.2026,0:31:1.781,148.8,3.8,6.1,43,5.615,
21.9.2026,0:31:1.994,53.4,3.2,2.3,42,5.634,
21.9.2026,0:31:2.191,144.1,4.5,5.1,44,5.284,
21.9.2026,0:31:2.405,170.2,1.0,0.7,42,5.579,
21.9.2026,0:31:2.615,187.5,6.0,7.9,46,6.982,
21.9.2026,0:31:2.819,1058.8,23.4,13.1,51,16.400,
21.9.2026,0:31:3.021,384.0,12.8,5.2,44,8.979,
21.9.2026,0:31:3.229,146.1,3.4,3.6,43,5.181,
21.9.2026,0:31:3.427,150.7,2.7,3.1,43,5.553,
21.9.2026,0:31:3.637,141.6,4.3,2.6,42,5.503,
21.9.2026,0:31:3.840,140.2,3.5,2.3,42,5.126,
21.9.2026,0:31:4.055,155.0,2.0,2.9,43,5.826,
21.9.2026,0:31:4.256,144.1,7.3,6.0,42,5.397,
21.9.2026,0:31:4.471,47.6,1.9,1.1,42,5.373,
21.9.2026,0:31:4.685,175.4,0.0,5.4,41,5.931,
21.9.2026,0:31:4.891,127.0,4.9,2.2,42,5.968,
21.9.2026,0:31:5.094,166.6,4.0,1.5,43,5.786,
21.9.2026,0:31:5.295,138.3,3.6,2.5,43,5.317,
21.9.2026,0:31:5.498,175.5,5.9,3.4,43,6.312,
21.9.2026,0:31:5.705,150.0,5.0,4.3,43,5.226,
21.9.2026,0:31:5.916,136.8,0.2,2.2,41,5.727,
21.9.2026,0:31:6.130,150.4,7.5,6.3,42,5.252,
21.9.2026,0:31:6.330,307.1,1.3,1.4,43,6.474,
21.9.2026,0:31:6.528,58.6,2.7,8.5,43,9.674,
21.9.2026,0:31:6.729,143.0,6.0,3.1,43,5.405,
21.9.2026,0:31:6.941,451.4,9.3,4.0,42,6.531,
21.9.2026,0:31:7.144,108.5,0.0,1.5,42,7.107,
21.9.2026,0:31:7.351,137.0,3.4,2.3,43,5.163,
21.9.2026,0:31:7.555,155.1,3.0,3.2,43,5.481,
21.9.2026,0:31:7.753,152.1,3.9,1.3,42,5.509,
21.9.2026,0:31:7.969,130.4,4.1,3.0,42,5.259,
21.9.2026,0:31:8.172,142.2,6.0,3.1,43,5.560,
21.9.2026,0:31:8.371,165.1,4.4,4.5,42,5.259,
21.9.2026,0:31:8.575,173.9,5.2,3.0,42,5.690,
21.9.2026,0:31:8.781,143.7,3.6,4.0,42,5.289,
21.9.2026,0:31:8.981,132.0,2.7,0.5,42,5.002,
21.9.2026,0:31:9.196,202.7,5.9,5.1,42,5.728,
21.9.2026,0:31:9.395,139.1,0.0,1.6,42,5.402,
21.9.2026,0:31:9.601,179.8,5.4,4.8,43,5.390,
21.9.2026,0:31:9.808,166.4,3.0,0.7,42,5.774,
21.9.2026,0:31:10.006,138.5,9.8,5.3,43,4.949,
21.9.2026,0:31:10.218,198.9,0.0,1.6,43,5.353,
21.9.2026,0:31:10.426,141.0,6.7,6.3,42,5.524,
21.9.2026,0:31:10.625,146.1,3.0,2.3,42,5.258,
21.9.2026,0:31:10.829,202.3,5.7,2.6,43,5.774,
21.9.2026,0:31:11.033,156.3,3.6,1.9,42,5.015,
21.9.2026,0:31:11.241,197.4,4.9,1.5,42,5.697,
21.9.2026,0:31:11.438,151.0,2.8,3.4,42,5.416,
21.9.2026,0:31:11.637,140.1,4.9,3.9,42,5.472,
21.9.2026,0:31:11.840,161.3,6.4,3.2,43,5.328,
21.9.2026,0:31:12.055,154.8,4.2,2.8,42,5.641,
21.9.2026,0:31:12.271,118.7,4.5,3.7,42,5.261,
21.9.2026,0:31:12.482,222.3,8.5,3.8,43,4.975,
21.9.2026,0:31:12.700,306.8,6.5,3.7,43,5.635,
21.9.2026,0:31:12.900,415.3,8.8,5.5,42,6.417,
21.9.2026,0:31:13.117,359.6,0.3,3.8,42,6.511,
21.9.2026,0:31:13.324,138.4,4.1,2.5,43,6.884,
21.9.2026,0:31:13.542,127.2,4.0,3.2,42,6.791,
21.9.2026,0:31:13.761,233.9,5.5,5.0,42,6.829,
21.9.2026,0:31:13.976,149.0,3.9,3.4,41,6.511,
21.9.2026,0:31:14.178,161.4,4.9,5.3,41,6.789,
21.9.2026,0:31:14.381,402.7,7.6,3.0,42,6.976,
21.9.2026,0:31:14.583,260.3,6.2,9.1,42,6.779,
21.9.2026,0:31:14.784,188.5,4.3,2.5,42,6.690,
21.9.2026,0:31:14.985,143.7,0.0,1.4,42,6.948,
21.9.2026,0:31:15.186,456.1,10.5,5.5,42,6.667,
21.9.2026,0:31:15.384,377.6,7.3,3.7,42,7.477,
21.9.2026,0:31:15.591,197.2,3.4,2.5,42,5.499,
21.9.2026,0:31:15.803,234.4,8.3,5.7,42,5.916,
21.9.2026,0:31:16.005,208.7,5.9,2.5,42,5.316,
21.9.2026,0:31:16.206,162.1,0.0,3.7,42,5.821,
21.9.2026,0:31:16.404,189.7,5.6,2.7,42,6.972,
21.9.2026,0:31:16.606,194.2,3.9,4.8,42,5.613,
21.9.2026,0:31:16.813,159.9,2.9,2.6,42,6.052,
21.9.2026,0:31:17.015,36.1,2.4,3.1,42,5.864,
21.9.2026,0:31:17.217,205.0,5.6,5.6,42,6.528,
21.9.2026,0:31:17.420,50.4,1.2,2.2,42,5.997,
21.9.2026,0:31:17.623,147.5,4.9,4.4,42,5.667,
21.9.2026,0:31:17.826,132.9,2.4,1.0,42,5.798,
21.9.2026,0:31:18.029,167.3,4.9,3.0,43,5.742,
21.9.2026,0:31:18.240,142.8,4.4,4.5,42,5.915,
21.9.2026,0:31:18.439,43.8,3.6,2.3,42,5.618,
21.9.2026,0:31:18.644,142.1,4.4,3.7,42,5.959,
21.9.2026,0:31:18.848,139.3,0.0,0.5,42,5.586,
21.9.2026,0:31:19.046,134.8,9.7,6.4,42,5.413,
21.9.2026,0:31:19.253,150.5,0.0,0.6,42,5.766,
21.9.2026,0:31:19.456,156.2,3.4,1.1,42,5.802,
21.9.2026,0:31:19.652,140.3,4.5,3.8,42,5.688,
21.9.2026,0:31:19.870,129.4,5.2,5.3,43,5.793,
21.9.2026,0:31:20.071,480.0,8.6,4.2,43,7.650,
21.9.2026,0:31:20.274,772.3,14.1,4.1,42,8.366,
21.9.2026,0:31:20.478,139.3,2.8,3.4,43,6.070,
21.9.2026,0:31:20.672,129.1,3.1,1.6,42,5.599,
21.9.2026,0:31:20.886,183.1,0.6,1.3,43,5.860,
21.9.2026,0:31:21.091,384.6,7.6,4.7,42,7.362,
21.9.2026,0:31:21.292,516.3,10.9,6.3,41,8.005,
21.9.2026,0:31:21.511,445.7,9.0,5.5,42,8.069,
21.9.2026,0:31:21.711,453.7,8.3,3.9,42,7.395,
21.9.2026,0:31:21.912,680.3,13.6,6.4,43,8.017,
21.9.2026,0:31:22.114,460.7,9.4,5.7,43,7.516,
21.9.2026,0:31:22.315,382.3,7.5,3.4,42,8.068,
21.9.2026,0:31:22.526,585.6,5.9,2.9,43,7.964,
21.9.2026,0:31:22.738,226.0,6.6,4.6,42,5.490,
21.9.2026,0:31:22.949,178.1,0.7,2.1,41,6.036,
21.9.2026,0:31:23.153,140.4,6.6,4.1,41,5.270,
21.9.2026,0:31:23.356,207.6,5.3,1.7,42,5.497,
21.9.2026,0:31:23.560,141.0,4.1,6.2,41,5.546,
21.9.2026,0:31:23.781,123.8,2.6,0.8,42,5.147,
21.9.2026,0:31:23.988,140.8,3.8,2.4,41,5.452,
21.9.2026,0:31:24.203,143.8,1.9,1.8,42,5.447,
21.9.2026,0:31:24.414,172.1,6.1,4.3,41,5.856,
21.9.2026,0:31:24.614,132.9,6.6,1.6,42,5.196,
21.9.2026,0:31:24.819,149.0,0.0,2.5,41,5.296,
21.9.2026,0:31:25.022,131.6,3.8,2.0,42,5.505,
21.9.2026,0:31:25.218,129.6,2.4,2.4,42,5.036,
21.9.2026,0:31:25.431,164.4,6.8,7.6,43,5.641,
21.9.2026,0:31:25.648,52.8,4.2,3.2,41,6.384,
21.9.2026,0:31:25.851,52.4,0.0,2.3,41,6.607,
21.9.2026,0:31:26.052,300.0,5.3,2.2,42,6.469,
21.9.2026,0:31:26.254,19.5,1.8,5.7,42,6.336,
21.9.2026,0:31:26.455,94.7,2.6,3.5,42,6.765,
21.9.2026,0:31:26.657,523.2,10.3,3.8,42,6.891,
21.9.2026,0:31:26.860,21.1,1.3,5.0,43,6.246,
21.9.2026,0:31:27.062,407.9,7.8,2.9,43,6.885,
21.9.2026,0:31:27.275,294.4,6.7,4.9,43,6.089,
21.9.2026,0:31:27.493,201.8,0.0,0.0,43,6.834,
21.9.2026,0:31:27.695,139.3,3.0,0.9,43,5.428,
21.9.2026,0:31:27.895,126.0,3.6,6.0,43,5.548,
21.9.2026,0:31:28.100,31.1,0.7,2.9,43,5.944,
21.9.2026,0:31:28.302,159.5,4.2,2.4,42,5.316,
21.9.2026,0:31:28.515,186.1,6.2,4.5,42,5.662,
21.9.2026,0:31:28.715,28.5,3.3,4.5,42,5.957,
21.9.2026,0:31:28.931,136.7,0.0,0.4,42,6.078,
21.9.2026,0:31:29.135,154.6,10.2,4.6,42,5.487,
21.9.2026,0:31:29.339,152.0,3.5,1.6,42,5.604,
21.9.2026,0:31:29.543,147.1,3.5,2.2,42,5.436,
21.9.2026,0:31:29.758,141.1,0.0,0.9,42,5.367,
21.9.2026,0:31:29.964,159.2,3.7,3.2,41,5.310,
21.9.2026,0:31:30.179,109.9,3.8,4.5,42,5.692,
21.9.2026,0:31:30.386,209.3,4.7,4.5,42,5.427,
21.9.2026,0:31:30.589,163.8,2.9,0.8,42,6.056,
21.9.2026,0:31:30.801,156.7,5.2,5.2,42,5.729,
21.9.2026,0:31:31.014,143.3,7.3,1.7,41,5.623,
21.9.2026,0:31:31.217,141.1,0.0,1.8,42,5.502,
21.9.2026,0:31:31.421,215.8,5.1,2.6,42,5.127,
21.9.2026,0:31:31.625,203.6,4.4,2.8,42,5.895,
21.9.2026,0:31:31.838,126.0,3.8,1.9,42,5.244,
21.9.2026,0:31:32.037,146.5,6.7,5.8,42,5.133,
21.9.2026,0:31:32.244,135.8,2.4,2.2,43,5.643,
21.9.2026,0:31:32.447,157.1,3.7,3.1,42,5.046,
21.9.2026,0:31:32.651,131.7,3.2,2.4,42,5.678,
21.9.2026,0:31:32.854,134.5,3.0,4.8,42,5.224,
21.9.2026,0:31:33.058,64.9,1.7,1.1,41,5.420,
21.9.2026,0:31:33.262,136.7,3.2,1.3,42,5.419,
21.9.2026,0:31:33.465,137.6,3.3,2.5,43,5.102,
21.9.2026,0:31:33.669,152.3,3.6,2.0,42,5.869,
21.9.2026,0:31:33.873,144.7,3.5,2.9,42,5.415,
21.9.2026,0:31:34.077,79.7,2.3,3.5,42,5.188,
21.9.2026,0:31:34.289,124.6,4.3,3.4,42,5.632,
21.9.2026,0:31:34.491,139.0,5.3,2.3,41,5.534,
21.9.2026,0:31:34.693,50.8,1.4,4.1,42,5.475,
21.9.2026,0:31:34.896,39.5,3.6,3.6,41,6.900,
21.9.2026,0:31:35.100,148.1,3.0,1.7,42,6.637,
21.9.2026,0:31:35.299,1080.4,20.2,9.3,53,5.396,
21.9.2026,0:31:35.512,360.8,16.9,3.7,42,9.023,
21.9.2026,0:31:35.724,133.3,0.0,2.7,41,6.806,
21.9.2026,0:31:35.928,149.3,6.7,4.5,41,5.319,
21.9.2026,0:31:36.141,149.1,3.9,2.9,42,5.496,
21.9.2026,0:31:36.352,148.9,0.0,1.8,42,5.104,
21.9.2026,0:31:36.555,334.8,9.6,5.1,42,5.418,
21.9.2026,0:31:36.749,217.3,4.6,2.9,41,6.776,
21.9.2026,0:31:36.951,60.3,0.0,1.7,42,6.202,
21.9.2026,0:31:37.153,37.7,1.4,6.0,40,6.783,
21.9.2026,0:31:37.365,177.7,3.0,2.7,41,6.179,
21.9.2026,0:31:37.575,269.1,10.7,6.7,41,6.502,
21.9.2026,0:31:37.796,50.7,0.0,0.9,41,6.708,
21.9.2026,0:31:37.999,134.5,2.0,2.7,41,6.534,
21.9.2026,0:31:38.203,152.6,3.9,2.4,42,5.165,
21.9.2026,0:31:38.406,152.5,5.1,2.2,41,5.373,
21.9.2026,0:31:38.619,182.1,6.3,5.2,41,5.401,
21.9.2026,0:31:38.822,143.6,5.3,3.0,42,5.758,
21.9.2026,0:31:39.025,141.5,4.0,1.7,41,5.207,
21.9.2026,0:31:39.229,150.3,3.8,2.6,42,5.460,
21.9.2026,0:31:39.434,141.6,2.6,0.8,41,5.464,
21.9.2026,0:31:39.638,137.1,3.1,2.4,41,5.355,
21.9.2026,0:31:39.858,137.7,3.3,1.9,41,5.512,
21.9.2026,0:31:40.062,132.3,3.9,2.9,41,5.407,
21.9.2026,0:31:40.274,145.6,3.0,2.0,42,5.229,
21.9.2026,0:31:40.474,198.9,7.2,3.6,40,5.360,
21.9.2026,0:31:40.681,132.9,3.6,1.8,41,5.873,
21.9.2026,0:31:40.877,167.1,5.8,3.9,41,5.476,
21.9.2026,0:31:41.081,138.8,0.0,0.4,42,5.530,
21.9.2026,0:31:41.284,141.5,3.4,1.2,41,5.255,
21.9.2026,0:31:41.488,166.9,4.9,4.4,41,5.208,
21.9.2026,0:31:41.692,186.5,4.4,2.1,41,5.555,
21.9.2026,0:31:41.904,144.9,3.3,2.1,43,5.433,
21.9.2026,0:31:42.115,153.7,6.5,3.9,42,5.355,
21.9.2026,0:31:42.316,118.2,5.9,4.8,40,5.336,
21.9.2026,0:31:42.532,160.6,4.4,1.3,42,5.199,
21.9.2026,0:31:42.734,148.7,0.0,3.0,41,5.723,
21.9.2026,0:31:42.935,202.3,4.9,5.0,42,5.404,
21.9.2026,0:31:43.137,291.1,6.9,4.1,41,6.212,
21.9.2026,0:31:43.339,35.3,2.3,3.4,42,7.069,
21.9.2026,0:31:43.552,45.0,1.2,5.8,42,6.428,
21.9.2026,0:31:43.769,236.9,1.0,1.3,41,6.461,
21.9.2026,0:31:43.972,158.6,3.9,2.0,41,7.575,
21.9.2026,0:31:44.171,154.5,3.9,2.0,41,5.614,
21.9.2026,0:31:44.384,149.3,5.2,3.8,42,5.658,
21.9.2026,0:31:44.589,160.7,5.9,4.9,42,5.988,
21.9.2026,0:31:44.809,86.4,3.7,3.2,41,5.686,
21.9.2026,0:31:45.011,146.9,4.2,2.0,41,5.741,
21.9.2026,0:31:45.225,157.7,3.0,2.4,42,5.719,
21.9.2026,0:31:45.437,149.3,0.0,1.3,41,5.703,
21.9.2026,0:31:45.643,150.2,7.0,5.2,41,5.054,
21.9.2026,0:31:45.844,67.2,1.4,3.2,41,6.588,
21.9.2026,0:31:46.045,342.2,8.0,4.5,42,6.814,
21.9.2026,0:31:46.246,295.8,7.1,7.1,42,7.048,
21.9.2026,0:31:46.463,72.3,2.4,3.8,41,6.719,
21.9.2026,0:31:46.663,105.7,0.0,0.3,42,6.801,
21.9.2026,0:31:46.864,24.5,3.7,5.4,42,6.875,
21.9.2026,0:31:47.065,185.5,1.9,3.9,42,6.253,
21.9.2026,0:31:47.266,188.4,4.2,3.0,41,6.691,
21.9.2026,0:31:47.468,273.2,4.3,4.4,42,6.471,
21.9.2026,0:31:47.666,105.6,4.2,7.9,42,6.176,
21.9.2026,0:31:47.884,399.3,0.1,0.1,42,7.023,
21.9.2026,0:31:48.101,66.3,3.1,5.4,41,6.134,
21.9.2026,0:31:48.303,469.4,8.3,3.4,41,6.315,
21.9.2026,0:31:48.504,466.6,9.9,5.9,41,6.832,
21.9.2026,0:31:48.712,274.9,5.7,2.2,41,6.478,
21.9.2026,0:31:48.910,29.0,1.4,2.1,41,6.084,
21.9.2026,0:31:49.111,250.7,5.7,7.3,43,6.156,
21.9.2026,0:31:49.316,292.0,6.9,3.4,41,6.517,
21.9.2026,0:31:49.529,80.1,3.3,4.9,42,6.618,
21.9.2026,0:31:49.736,148.0,1.5,5.0,41,6.598,
21.9.2026,0:31:49.956,385.7,9.7,2.8,41,6.727,
21.9.2026,0:31:50.157,162.0,3.6,2.8,41,7.008,
21.9.2026,0:31:50.359,120.5,0.0,4.2,41,5.725,
21.9.2026,0:31:50.558,163.8,4.7,1.4,41,5.904,
21.9.2026,0:31:50.773,236.0,5.6,6.4,41,5.823,
21.9.2026,0:31:50.992,182.8,7.4,3.1,41,6.688,
21.9.2026,0:31:51.195,39.4,2.5,2.7,42,6.305,
21.9.2026,0:31:51.394,158.5,3.7,2.4,40,5.961,
21.9.2026,0:31:51.600,163.3,4.4,4.5,41,5.925,
21.9.2026,0:31:51.803,99.5,3.6,3.4,42,6.316,
21.9.2026,0:31:52.002,138.0,3.7,3.1,41,6.331,
21.9.2026,0:31:52.202,163.8,0.0,0.5,41,5.655,
21.9.2026,0:31:52.414,137.5,3.5,2.3,41,5.493,
21.9.2026,0:31:52.631,1649.8,43.2,15.7,42,5.020,
21.9.2026,0:31:52.834,145.9,3.1,1.7,41,11.683,
21.9.2026,0:31:53.037,129.9,3.0,1.9,43,5.138,
21.9.2026,0:31:53.240,159.3,4.5,3.7,41,5.246,
21.9.2026,0:31:53.442,182.3,4.4,2.4,41,5.400,
21.9.2026,0:31:53.655,212.7,5.6,1.9,41,5.328,
21.9.2026,0:31:53.859,187.8,0.0,0.8,42,5.644,
21.9.2026,0:31:54.062,195.2,4.5,1.2,42,5.309,
21.9.2026,0:31:54.274,166.8,5.3,2.9,42,5.402,
21.9.2026,0:31:54.478,133.8,5.7,3.1,41,5.624,
21.9.2026,0:31:54.681,149.2,3.8,3.6,42,5.093,
21.9.2026,0:31:54.885,169.3,3.6,2.2,42,5.482,
21.9.2026,0:31:55.089,130.5,3.2,1.4,40,5.202,
21.9.2026,0:31:55.293,145.7,3.4,3.1,41,5.422,
21.9.2026,0:31:55.496,139.5,3.6,2.4,42,5.476,
21.9.2026,0:31:55.700,160.5,3.3,1.8,42,5.169,
21.9.2026,0:31:55.912,163.2,6.4,3.5,41,5.542,
21.9.2026,0:31:56.121,147.5,4.8,2.7,41,5.356,
21.9.2026,0:31:56.323,30.1,0.0,3.7,40,5.428,
21.9.2026,0:31:56.539,221.7,7.7,4.3,41,5.511,
21.9.2026,0:31:56.742,200.1,4.7,5.7,41,5.517,
21.9.2026,0:31:56.936,380.9,7.0,5.4,42,6.382,
21.9.2026,0:31:57.134,407.6,6.0,0.9,41,6.601,
21.9.2026,0:31:57.341,450.5,9.7,4.1,42,6.393,
21.9.2026,0:31:57.544,133.3,4.5,3.4,41,5.969,
21.9.2026,0:31:57.747,268.3,4.6,2.7,41,6.083,
21.9.2026,0:31:57.964,257.7,5.2,2.3,41,5.475,
21.9.2026,0:31:58.166,210.2,5.9,3.8,41,5.583,
21.9.2026,0:31:58.373,216.3,3.8,1.0,40,5.902,
21.9.2026,0:31:58.585,201.4,4.7,2.7,42,5.344,
21.9.2026,0:31:58.797,352.0,10.3,6.6,41,6.809,
21.9.2026,0:31:59.002,403.8,0.9,0.7,41,6.460,
21.9.2026,0:31:59.218,428.7,10.0,4.4,41,6.663,
21.9.2026,0:31:59.421,155.7,6.4,4.3,41,5.939,
21.9.2026,0:31:59.636,138.2,3.3,2.6,41,5.634,
21.9.2026,0:31:59.843,160.7,5.4,2.7,42,5.619,
21.9.2026,0:32:0.045,148.1,2.6,1.8,41,5.480,
21.9.2026,0:32:0.247,155.9,4.7,3.5,41,5.721,
21.9.2026,0:32:0.451,218.2,5.1,4.0,42,5.638,
21.9.2026,0:32:0.654,173.2,4.2,1.7,41,5.933,
21.9.2026,0:32:0.858,198.3,5.0,2.2,42,5.621,
21.9.2026,0:32:1.061,159.0,3.9,2.6,41,5.902,
21.9.2026,0:32:1.263,131.6,3.2,1.6,41,5.570,
21.9.2026,0:32:1.466,149.8,4.2,3.1,41,5.762,
21.9.2026,0:32:1.680,125.6,3.6,2.7,42,5.415,
21.9.2026,0:32:1.887,155.9,0.0,1.1,41,4.904,
21.9.2026,0:32:2.099,462.7,14.7,10.8,41,7.970,
21.9.2026,0:32:2.309,468.2,3.1,0.7,41,7.488,
21.9.2026,0:32:2.523,164.2,0.0,0.0,41,5.599,
21.9.2026,0:32:2.724,336.5,6.7,2.6,41,6.043,
21.9.2026,0:32:2.920,372.3,10.4,8.4,41,6.043,
21.9.2026,0:32:3.121,372.3,10.4,8.4,41,6.236,
21.9.2026,0:32:3.333,447.7,9.1,6.0,40,7.936,
21.9.2026,0:32:3.547,132.0,5.8,4.0,41,5.407,
21.9.2026,0:32:3.749,372.8,7.6,2.9,41,6.299,
21.9.2026,0:32:3.952,366.6,7.5,2.3,40,6.092,
21.9.2026,0:32:4.167,316.6,7.3,6.4,40,6.201,
21.9.2026,0:32:4.379,355.3,4.5,3.1,42,6.054,
21.9.2026,0:32:4.577,325.1,6.8,3.5,42,6.109,
21.9.2026,0:32:4.778,443.7,9.2,8.5,40,6.586,
21.9.2026,0:32:4.994,426.4,9.8,3.0,40,6.321,
21.9.2026,0:32:5.209,405.8,1.5,2.1,41,6.307,
21.9.2026,0:32:5.412,169.0,4.7,3.1,41,5.556,
21.9.2026,0:32:5.614,132.1,6.5,3.2,40,5.185,
21.9.2026,0:32:5.812,156.1,4.0,5.1,41,5.554,
21.9.2026,0:32:6.014,83.1,2.2,3.1,41,5.528,
21.9.2026,0:32:6.227,123.4,0.0,0.4,41,4.910,
21.9.2026,0:32:6.431,188.6,4.4,2.5,41,5.587,
21.9.2026,0:32:6.635,139.6,10.0,4.6,40,5.579,
21.9.2026,0:32:6.839,134.5,3.3,6.5,40,5.391,
21.9.2026,0:32:7.064,138.7,3.3,4.0,41,5.470,
21.9.2026,0:32:7.268,127.5,3.4,3.0,40,5.143,
21.9.2026,0:32:7.471,139.6,3.8,2.9,40,5.525,
21.9.2026,0:32:7.674,159.5,3.1,3.2,41,5.052,
21.9.2026,0:32:7.878,136.4,3.2,4.1,41,5.465,
21.9.2026,0:32:8.082,153.6,3.6,2.1,41,5.473,
21.9.2026,0:32:8.281,128.4,2.9,3.7,41,5.129,
21.9.2026,0:32:8.485,145.7,3.5,3.3,41,5.455,
21.9.2026,0:32:8.696,157.7,0.0,0.0,40,5.369,
21.9.2026,0:32:8.897,177.8,7.0,7.8,41,5.347,
21.9.2026,0:32:9.112,150.8,4.0,3.5,41,5.517,
21.9.2026,0:32:9.314,125.3,5.7,2.9,40,5.056,
21.9.2026,0:32:9.512,138.3,3.5,2.3,40,5.580,
21.9.2026,0:32:9.726,152.3,0.0,1.4,40,5.769,
21.9.2026,0:32:9.927,134.2,4.2,3.6,41,5.630,
21.9.2026,0:32:10.140,126.3,6.2,5.5,41,5.627,
21.9.2026,0:32:10.354,129.5,5.1,2.3,41,5.563,
21.9.2026,0:32:10.557,143.7,3.7,4.0,41,5.618,
21.9.2026,0:32:10.760,143.4,3.7,5.9,41,5.402,
21.9.2026,0:32:10.964,49.0,1.5,1.3,40,5.733,
21.9.2026,0:32:11.167,160.9,3.5,2.5,41,5.637,
21.9.2026,0:32:11.383,145.8,0.0,1.9,41,5.883,
21.9.2026,0:32:11.594,154.2,7.0,3.3,40,5.801,
21.9.2026,0:32:11.794,137.4,5.9,4.7,41,5.764,
21.9.2026,0:32:11.995,145.4,3.3,5.1,40,6.071,
21.9.2026,0:32:12.208,131.2,0.0,2.3,40,5.752,
21.9.2026,0:32:12.412,148.6,3.8,1.8,41,5.659,
21.9.2026,0:32:12.612,67.3,3.2,2.5,41,5.790,
21.9.2026,0:32:12.827,145.8,5.7,4.3,41,5.445,
21.9.2026,0:32:13.036,134.8,0.0,2.6,40,5.956,
21.9.2026,0:32:13.238,153.0,8.3,4.2,42,5.735,
21.9.2026,0:32:13.440,126.3,2.4,1.5,41,5.274,
21.9.2026,0:32:13.638,91.0,4.3,5.0,41,5.966,
21.9.2026,0:32:13.845,36.9,0.7,0.9,40,5.601,
21.9.2026,0:32:14.047,140.7,4.2,6.8,41,5.706,
21.9.2026,0:32:14.250,156.7,0.0,1.2,40,5.999,
21.9.2026,0:32:14.450,151.3,3.6,5.1,41,5.791,
21.9.2026,0:32:14.665,67.3,3.3,2.3,41,5.547,
21.9.2026,0:32:14.872,76.4,2.5,3.4,40,5.825,
21.9.2026,0:32:15.090,149.9,4.6,2.7,41,5.685,
21.9.2026,0:32:15.294,164.1,4.8,3.6,41,5.773,
21.9.2026,0:32:15.495,159.6,4.2,2.4,41,5.736,
21.9.2026,0:32:15.713,66.5,2.4,4.8,40,5.903,
21.9.2026,0:32:15.916,69.4,2.4,1.8,40,6.070,
21.9.2026,0:32:16.118,202.0,5.1,3.0,40,5.897,
21.9.2026,0:32:16.316,37.1,1.9,3.5,42,5.727,
21.9.2026,0:32:16.525,180.6,5.9,3.8,41,6.019,
21.9.2026,0:32:16.727,156.4,1.9,1.4,41,5.778,
21.9.2026,0:32:16.929,74.9,4.4,8.6,41,6.014,
21.9.2026,0:32:17.132,146.8,2.2,1.2,40,5.874,
21.9.2026,0:32:17.334,142.4,4.2,2.3,41,5.528,
21.9.2026,0:32:17.534,152.9,5.2,4.3,42,5.640,
21.9.2026,0:32:17.739,130.2,3.4,4.2,41,5.426,
21.9.2026,0:32:17.951,60.3,0.0,1.9,40,5.922,
21.9.2026,0:32:18.171,146.6,4.3,3.1,41,5.668,
21.9.2026,0:32:18.382,145.1,5.0,3.6,41,5.386,
21.9.2026,0:32:18.585,137.0,5.7,2.9,41,5.734,
21.9.2026,0:32:18.786,130.0,3.6,4.4,41,5.691,
21.9.2026,0:32:18.984,41.5,2.1,2.4,41,5.811,
21.9.2026,0:32:19.200,157.4,0.0,1.4,41,5.656,
21.9.2026,0:32:19.403,159.1,6.8,7.3,41,6.118,
21.9.2026,0:32:19.618,1434.1,30.7,8.8,54,10.549,
21.9.2026,0:32:19.817,157.1,11.8,6.9,41,8.548,
21.9.2026,0:32:20.024,36.2,1.1,3.4,41,5.792,
21.9.2026,0:32:20.227,145.0,3.5,1.6,41,5.529,
21.9.2026,0:32:20.439,150.6,3.9,3.5,41,5.782,
21.9.2026,0:32:20.645,42.3,0.0,9.6,63,12.622,
21.9.2026,0:32:20.853,347.3,6.3,13.3,63,17.375,
21.9.2026,0:32:21.041,20.4,0.0,15.2,66,18.028,
21.9.2026,0:32:21.246,2789.1,56.6,15.5,62,17.964,
21.9.2026,0:32:21.454,203.1,16.0,18.3,66,17.533,
21.9.2026,0:32:21.658,136.6,2.4,18.0,73,17.206,
21.9.2026,0:32:21.863,3863.2,84.6,13.6,67,16.673,
21.9.2026,0:32:22.069,1816.4,38.7,14.5,68,17.212,
21.9.2026,0:32:22.273,230.9,4.5,13.9,66,16.728,
21.9.2026,0:32:22.481,139.0,8.9,18.8,74,16.936,
21.9.2026,0:32:22.685,150.6,2.3,14.0,73,16.950,
21.9.2026,0:32:22.892,154.0,2.2,12.7,72,16.577,
21.9.2026,0:32:23.098,1783.3,37.7,16.5,65,16.513,
21.9.2026,0:32:23.304,1702.6,35.7,13.2,72,16.649,
21.9.2026,0:32:23.512,125.8,1.5,16.4,75,16.933,
21.9.2026,0:32:23.716,1803.5,42.6,17.8,73,16.673,
21.9.2026,0:32:23.925,149.9,2.1,13.9,74,16.829,
21.9.2026,0:32:24.129,142.1,1.6,14.6,74,16.934,
21.9.2026,0:32:24.334,129.2,2.4,17.8,66,16.885,
21.9.2026,0:32:24.539,62.3,0.6,13.5,75,17.037,
21.9.2026,0:32:24.745,4572.9,99.9,17.1,63,16.673,
21.9.2026,0:32:24.952,240.9,11.2,14.2,67,16.729,
21.9.2026,0:32:25.158,201.3,2.8,13.0,73,16.741,
21.9.2026,0:32:25.366,2876.0,63.0,15.7,63,16.849,
21.9.2026,0:32:25.571,137.9,1.7,15.6,68,16.715,
21.9.2026,0:32:25.776,190.3,10.3,15.7,75,17.312,
21.9.2026,0:32:25.982,1847.5,39.1,16.3,68,16.732,
21.9.2026,0:32:26.188,150.3,1.8,14.5,69,16.804,
21.9.2026,0:32:26.394,137.7,1.5,15.3,74,16.900,
21.9.2026,0:32:26.601,163.4,2.6,16.1,68,16.858,
21.9.2026,0:32:26.805,142.6,2.3,14.0,65,16.940,
21.9.2026,0:32:27.012,276.1,11.4,18.5,75,16.937,
21.9.2026,0:32:27.218,2889.2,60.5,14.6,65,16.634,
21.9.2026,0:32:27.425,127.9,8.9,13.9,76,17.000,
21.9.2026,0:32:27.630,1849.6,38.9,17.2,75,16.901,
21.9.2026,0:32:27.837,191.6,2.8,13.7,75,17.083,
21.9.2026,0:32:28.042,148.7,9.1,20.7,76,16.955,
21.9.2026,0:32:28.249,1434.8,31.9,28.8,62,22.398,
21.9.2026,0:32:28.453,1354.9,32.8,23.1,57,21.075,
21.9.2026,0:32:28.658,1418.0,33.8,19.5,56,19.847,
21.9.2026,0:32:28.862,928.1,22.4,19.9,67,20.821,
21.9.2026,0:32:29.068,1022.7,24.8,19.3,47,18.758,
21.9.2026,0:32:29.275,361.5,7.9,9.3,46,13.398,
21.9.2026,0:32:29.481,582.0,16.1,22.0,69,20.867,
21.9.2026,0:32:29.687,555.7,15.2,21.9,50,19.734,
21.9.2026,0:32:29.893,481.2,10.7,10.8,53,13.021,
21.9.2026,0:32:30.099,446.9,9.5,12.0,57,14.493,
21.9.2026,0:32:30.307,397.8,8.3,12.1,54,13.413,
21.9.2026,0:32:30.512,512.8,16.9,19.6,60,16.659,
21.9.2026,0:32:30.721,500.9,11.8,14.7,67,17.220,
21.9.2026,0:32:30.922,2100.5,50.5,17.6,54,17.715,
21.9.2026,0:32:31.130,541.5,13.1,7.5,47,11.932,
21.9.2026,0:32:31.333,622.2,7.1,11.0,68,16.112,
21.9.2026,0:32:31.540,1417.0,38.2,28.8,66,24.674,
21.9.2026,0:32:31.747,161.3,3.1,12.2,68,14.913,
21.9.2026,0:32:31.953,527.6,17.2,16.1,72,18.456,
21.9.2026,0:32:32.159,219.1,3.5,13.8,69,16.808,
21.9.2026,0:32:32.362,819.3,19.0,22.5,59,18.723,
21.9.2026,0:32:32.569,1852.3,41.4,20.3,65,20.459,
21.9.2026,0:32:32.775,2879.3,60.2,15.1,66,19.428,
21.9.2026,0:32:32.983,2516.4,55.1,16.6,76,19.948,
21.9.2026,0:32:33.187,1189.5,35.0,15.7,66,19.727,
21.9.2026,0:32:33.394,4050.5,83.3,13.2,72,19.812,
21.9.2026,0:32:33.602,4548.6,99.9,20.4,73,20.297,
21.9.2026,0:32:33.807,687.6,20.2,15.6,83,18.411,
21.9.2026,0:32:34.013,2144.8,49.3,18.8,73,20.415,
21.9.2026,0:32:34.221,2185.6,45.9,15.9,85,19.343,
21.9.2026,0:32:34.429,1081.4,23.9,18.5,80,19.892,
21.9.2026,0:32:34.637,129.7,1.0,12.7,74,19.050,
21.9.2026,0:32:34.844,296.8,12.3,18.3,88,20.281,
21.9.2026,0:32:35.048,177.5,2.2,13.8,79,19.681,
21.9.2026,0:32:35.254,2238.7,47.3,15.1,88,18.669,
21.9.2026,0:32:35.462,3547.3,77.9,17.0,78,18.565,
21.9.2026,0:32:35.665,3408.0,75.0,14.4,68,20.302,
21.9.2026,0:32:35.874,768.1,18.0,25.0,66,19.607,
21.9.2026,0:32:36.079,1122.6,37.7,45.2,69,25.585,
21.9.2026,0:32:36.285,200.3,3.9,21.7,77,23.859,
21.9.2026,0:32:36.494,325.4,7.7,21.7,52,23.169,
21.9.2026,0:32:36.697,69.2,6.6,3.8,47,7.495,
21.9.2026,0:32:36.900,137.2,2.8,7.2,47,5.685,
21.9.2026,0:32:37.095,445.5,9.6,3.1,47,8.004,
21.9.2026,0:32:37.298,138.3,0.0,2.0,48,5.285,
21.9.2026,0:32:37.500,150.1,3.8,1.8,47,5.859,
21.9.2026,0:32:37.703,54.8,1.9,3.1,47,5.846,
21.9.2026,0:32:37.914,31.8,2.6,3.1,47,5.756,
21.9.2026,0:32:38.109,150.6,6.6,6.3,47,5.735,
21.9.2026,0:32:38.322,151.5,0.0,0.0,47,5.603,
21.9.2026,0:32:38.537,134.5,5.9,3.3,47,5.647,
21.9.2026,0:32:38.752,44.1,3.3,3.0,47,5.928,
21.9.2026,0:32:38.956,160.0,0.0,2.4,47,5.898,
21.9.2026,0:32:39.154,146.1,5.7,4.4,47,5.732,
21.9.2026,0:32:39.362,143.5,2.3,1.6,47,5.766,
21.9.2026,0:32:39.565,60.6,3.6,2.0,47,6.181,
21.9.2026,0:32:39.768,141.6,1.7,4.1,46,5.563,
21.9.2026,0:32:39.972,204.9,5.3,2.9,47,5.934,
21.9.2026,0:32:40.176,54.6,2.3,4.3,47,5.745,
21.9.2026,0:32:40.387,138.0,3.6,2.6,46,5.823,
21.9.2026,0:32:40.591,140.1,5.2,5.7,46,5.785,
21.9.2026,0:32:40.794,143.1,3.7,1.1,46,5.385,
21.9.2026,0:32:40.996,147.6,4.9,6.1,45,5.945,
21.9.2026,0:32:41.216,157.2,4.2,3.1,47,5.812,
21.9.2026,0:32:41.419,135.3,2.9,3.9,46,5.514,
21.9.2026,0:32:41.622,199.1,4.8,3.3,45,6.402,
21.9.2026,0:32:41.837,139.7,3.5,2.4,46,5.717,
21.9.2026,0:32:42.043,154.6,5.1,9.8,46,6.345,
21.9.2026,0:32:42.248,615.3,12.9,11.3,78,16.933,
21.9.2026,0:32:42.454,339.7,2.5,14.1,80,18.485,
21.9.2026,0:32:42.661,172.8,5.6,16.2,88,18.666,
21.9.2026,0:32:42.869,128.4,1.7,15.9,85,19.229,
21.9.2026,0:32:43.074,219.6,10.6,16.0,85,18.690,
21.9.2026,0:32:43.280,116.3,1.5,14.2,75,18.527,
21.9.2026,0:32:43.486,150.4,2.1,17.0,85,19.414,
21.9.2026,0:32:43.700,137.8,6.8,10.4,59,18.429,
21.9.2026,0:32:43.903,284.6,5.3,14.2,85,12.748,
21.9.2026,0:32:44.111,163.8,2.9,15.8,85,18.597,
21.9.2026,0:32:44.316,137.7,2.0,14.8,80,18.577,
21.9.2026,0:32:44.521,242.0,4.8,15.9,66,19.178,
21.9.2026,0:32:44.729,786.5,16.0,17.8,74,18.092,
21.9.2026,0:32:44.932,128.3,9.1,16.5,75,18.783,
21.9.2026,0:32:45.137,218.4,5.2,10.0,85,18.393,
21.9.2026,0:32:45.344,129.4,1.8,16.5,82,13.614,
21.9.2026,0:32:45.551,210.5,3.7,14.2,86,19.975,
21.9.2026,0:32:45.755,99.3,1.6,13.9,75,19.230,
21.9.2026,0:32:45.960,162.8,3.2,15.9,88,19.269,
21.9.2026,0:32:46.151,162.8,3.2,15.9,88,19.297,
21.9.2026,0:32:46.357,156.3,9.1,17.8,89,20.031,
21.9.2026,0:32:46.562,131.6,2.2,16.2,87,19.164,
21.9.2026,0:32:46.768,4631.5,99.9,12.6,79,18.688,
21.9.2026,0:32:46.974,200.9,6.4,17.1,86,19.902,
21.9.2026,0:32:47.180,150.8,2.8,13.3,87,20.297,
21.9.2026,0:32:47.386,118.6,8.3,18.8,76,18.916,
21.9.2026,0:32:47.593,137.4,1.6,14.5,88,19.505,
21.9.2026,0:32:47.800,122.1,0.8,15.2,87,18.901,
21.9.2026,0:32:48.007,186.3,3.4,13.6,81,19.414,
21.9.2026,0:32:48.213,149.7,9.1,16.3,87,19.904,
21.9.2026,0:32:48.421,121.3,1.1,17.3,88,19.102,
21.9.2026,0:32:48.626,200.5,3.5,13.6,59,19.020,
21.9.2026,0:32:48.833,1206.6,25.0,15.5,70,18.656,
21.9.2026,0:32:49.039,1059.8,22.3,15.1,71,19.002,
21.9.2026,0:32:49.246,657.9,20.7,23.3,84,18.725,
21.9.2026,0:32:49.454,1517.3,32.1,15.9,61,19.006,
21.9.2026,0:32:49.656,532.9,11.5,17.8,84,19.540,
21.9.2026,0:32:49.863,2193.8,47.4,10.7,53,18.529,
21.9.2026,0:32:50.065,182.4,6.2,6.8,49,15.567,
21.9.2026,0:32:50.278,161.5,7.3,5.7,49,9.565,
21.9.2026,0:32:50.485,128.4,0.0,2.1,48,5.916,
21.9.2026,0:32:50.687,131.1,5.3,2.0,48,5.454,
21.9.2026,0:32:50.893,861.8,17.9,6.7,48,5.422,
21.9.2026,0:32:51.107,248.4,7.5,4.2,48,9.105,
21.9.2026,0:32:51.324,39.6,0.0,1.3,48,6.103,
21.9.2026,0:32:51.537,164.4,8.2,4.4,47,5.621,
21.9.2026,0:32:51.738,194.5,4.9,2.5,47,5.797,
21.9.2026,0:32:51.946,171.5,3.1,4.3,47,5.432,
21.9.2026,0:32:52.149,355.1,5.6,9.9,72,6.002,
21.9.2026,0:32:52.349,182.3,9.8,8.1,48,12.149,
21.9.2026,0:32:52.557,143.8,0.0,1.7,47,11.730,
21.9.2026,0:32:52.773,154.3,6.7,5.4,47,5.447,
21.9.2026,0:32:52.973,143.3,4.0,1.3,47,5.369,
21.9.2026,0:32:53.189,159.4,0.4,3.4,47,5.345,
21.9.2026,0:32:53.402,149.2,4.2,2.0,47,5.818,
21.9.2026,0:32:53.606,140.7,5.9,6.3,48,5.314,
21.9.2026,0:32:53.809,179.0,4.4,0.9,47,5.218,
21.9.2026,0:32:54.012,143.9,3.7,2.6,47,5.721,
21.9.2026,0:32:54.224,159.6,4.7,5.3,47,5.484,
21.9.2026,0:32:54.427,280.9,5.2,6.9,47,5.554,
21.9.2026,0:32:54.631,136.1,7.9,6.2,47,11.969,
21.9.2026,0:32:54.834,43.2,1.5,0.7,47,5.065,
21.9.2026,0:32:55.037,146.7,3.9,2.4,46,6.124,
21.9.2026,0:32:55.237,145.9,3.5,4.4,47,5.295,
21.9.2026,0:32:55.454,61.3,1.6,2.7,47,5.447,
21.9.2026,0:32:55.653,123.3,0.0,2.2,47,5.528,
21.9.2026,0:32:55.857,151.8,4.9,4.1,47,5.306,
21.9.2026,0:32:56.061,160.5,2.8,1.3,46,5.417,
21.9.2026,0:32:56.285,195.6,4.9,2.9,45,5.603,
21.9.2026,0:32:56.490,258.0,8.0,9.3,61,5.487,
21.9.2026,0:32:56.697,176.3,7.5,13.0,47,8.229,
21.9.2026,0:32:56.901,138.2,3.3,0.8,46,13.495,
21.9.2026,0:32:57.105,162.4,4.5,5.3,46,5.563,
21.9.2026,0:32:57.320,168.7,5.4,3.4,46,5.321,
21.9.2026,0:32:57.528,203.4,5.3,2.1,46,5.917,
21.9.2026,0:32:57.731,158.5,2.3,3.6,46,5.633,
21.9.2026,0:32:57.945,72.4,1.9,2.4,46,5.655,
21.9.2026,0:32:58.160,146.2,5.5,5.7,45,5.603,
21.9.2026,0:32:58.366,227.9,0.5,3.3,45,5.603,
21.9.2026,0:32:58.578,202.8,4.2,0.7,45,5.451,
21.9.2026,0:32:58.781,198.6,8.2,10.4,48,8.587,
21.9.2026,0:32:58.985,180.0,4.7,4.5,46,7.969,
21.9.2026,0:32:59.182,150.5,3.7,1.7,44,7.969,
21.9.2026,0:32:59.396,166.7,6.2,6.2,46,5.551,
21.9.2026,0:32:59.603,148.7,0.0,1.5,45,5.079,
21.9.2026,0:32:59.804,513.7,8.3,2.5,45,7.033,
21.9.2026,0:33:0.009,156.9,4.3,2.7,45,5.844,
21.9.2026,0:33:0.212,503.0,8.0,3.3,46,6.831,
21.9.2026,0:33:0.408,235.1,6.1,2.8,44,5.647,
21.9.2026,0:33:0.612,157.3,7.5,4.1,45,5.740,
21.9.2026,0:33:0.820,151.1,3.2,2.7,45,5.390,
21.9.2026,0:33:1.033,144.6,6.5,6.9,45,11.471,
21.9.2026,0:33:1.233,144.3,5.4,2.4,44,5.563,
21.9.2026,0:33:1.436,144.1,4.6,1.5,45,5.661,
21.9.2026,0:33:1.648,139.2,0.0,2.3,44,5.597,
21.9.2026,0:33:1.852,138.0,3.2,1.1,45,5.289,
21.9.2026,0:33:2.056,166.2,4.7,2.9,44,5.188,
21.9.2026,0:33:2.260,250.3,4.7,5.9,45,5.568,
21.9.2026,0:33:2.477,46.1,0.9,0.9,44,5.357,
21.9.2026,0:33:2.686,156.4,8.0,5.2,44,5.321,
21.9.2026,0:33:2.895,198.8,2.3,5.8,59,5.542,
21.9.2026,0:33:3.099,88.4,4.4,5.6,45,9.779,
21.9.2026,0:33:3.302,166.6,6.1,5.6,44,7.142,
21.9.2026,0:33:3.500,126.1,2.1,1.5,44,5.134,
21.9.2026,0:33:3.710,131.1,0.8,1.6,44,5.604,
21.9.2026,0:33:3.913,156.0,5.6,4.8,44,5.290,
21.9.2026,0:33:4.111,142.6,4.2,4.6,44,5.204,
21.9.2026,0:33:4.309,165.3,6.4,3.9,44,5.528,
21.9.2026,0:33:4.520,122.3,0.0,1.1,44,5.748,
21.9.2026,0:33:4.732,143.6,7.6,6.5,44,5.357,
21.9.2026,0:33:4.946,161.7,0.0,1.3,62,5.627,
21.9.2026,0:33:5.155,114.0,7.9,13.5,46,6.106,
21.9.2026,0:33:5.360,61.8,1.1,2.0,44,14.858,
21.9.2026,0:33:5.563,157.0,3.9,5.3,44,5.595,
21.9.2026,0:33:5.767,125.3,2.5,1.0,44,5.439,
21.9.2026,0:33:5.984,61.2,5.4,3.7,44,5.392,
21.9.2026,0:33:6.183,135.0,3.1,2.6,44,5.680,
21.9.2026,0:33:6.408,43.1,0.9,3.3,44,5.263,
21.9.2026,0:33:6.621,137.3,3.7,1.8,44,5.382,
21.9.2026,0:33:6.837,171.9,2.9,11.1,62,10.082,
21.9.2026,0:33:7.046,234.6,6.3,3.4,44,7.461,
21.9.2026,0:33:7.252,161.2,2.1,5.4,77,9.824,
21.9.2026,0:33:7.460,210.9,3.7,13.8,85,20.001,
21.9.2026,0:33:7.665,130.7,1.2,14.2,77,19.481,
21.9.2026,0:33:7.872,137.1,9.1,17.7,83,18.877,
21.9.2026,0:33:8.076,172.5,3.0,14.8,80,18.749,
21.9.2026,0:33:8.282,149.7,2.5,13.6,82,18.636,
21.9.2026,0:33:8.489,152.1,2.7,14.7,88,20.270,
21.9.2026,0:33:8.697,33.0,2.7,15.5,79,19.618,
21.9.2026,0:33:8.905,143.0,4.9,15.8,75,19.513,
21.9.2026,0:33:9.109,130.0,0.0,14.2,83,18.988,
21.9.2026,0:33:9.314,158.1,5.8,16.5,73,18.528,
21.9.2026,0:33:9.521,139.3,2.5,13.0,85,19.281,
21.9.2026,0:33:9.726,142.0,2.4,13.0,88,20.479,
21.9.2026,0:33:9.933,136.8,2.0,14.5,84,19.057,
21.9.2026,0:33:10.139,185.7,9.5,16.9,83,18.837,
21.9.2026,0:33:10.346,134.2,1.6,16.5,78,19.448,
21.9.2026,0:33:10.553,204.5,3.4,13.1,83,18.909,
21.9.2026,0:33:10.761,131.1,1.2,13.4,71,19.363,
21.9.2026,0:33:10.966,162.3,7.9,18.2,89,19.795,
21.9.2026,0:33:11.172,203.7,6.0,16.5,85,19.215,
21.9.2026,0:33:11.379,124.1,0.0,13.7,76,19.466,
21.9.2026,0:33:11.586,159.6,4.7,15.6,79,19.723,
21.9.2026,0:33:11.792,127.3,8.4,15.5,79,19.470,
21.9.2026,0:33:12.000,120.5,1.9,17.8,84,18.768,
21.9.2026,0:33:12.205,144.3,1.3,15.7,65,19.184,
21.9.2026,0:33:12.412,173.5,3.2,12.3,70,17.503,
21.9.2026,0:33:12.618,307.1,5.8,16.8,76,18.976,
21.9.2026,0:33:12.825,247.5,11.4,12.7,47,14.990,
21.9.2026,0:33:13.029,460.7,9.8,3.9,46,6.120,
21.9.2026,0:33:13.233,144.9,3.3,4.8,46,5.535,
21.9.2026,0:33:13.448,187.2,4.2,2.2,46,5.613,
21.9.2026,0:33:13.660,143.2,5.1,4.1,45,5.007,
21.9.2026,0:33:13.866,440.2,2.7,2.4,45,6.790,
21.9.2026,0:33:14.077,125.1,2.0,1.4,45,5.340,
21.9.2026,0:33:14.289,160.8,0.0,3.4,45,12.819,
21.9.2026,0:33:14.489,47.4,2.5,2.0,45,5.778,
21.9.2026,0:33:14.692,144.8,3.7,1.3,45,5.665,
21.9.2026,0:33:14.896,159.6,4.1,3.4,44,5.295,
21.9.2026,0:33:15.113,151.5,5.9,4.7,45,5.206,
21.9.2026,0:33:15.316,346.6,7.3,5.4,45,6.207,
21.9.2026,0:33:15.513,376.9,8.1,2.2,46,6.564,
21.9.2026,0:33:15.721,327.3,4.9,8.1,44,6.118,
21.9.2026,0:33:15.924,383.3,7.7,2.4,45,6.152,
21.9.2026,0:33:16.126,440.7,8.7,2.4,45,6.554,
21.9.2026,0:33:16.325,336.5,6.3,6.4,44,6.366,
21.9.2026,0:33:16.541,359.6,3.1,0.7,45,6.366,
21.9.2026,0:33:16.744,139.1,3.5,1.4,45,6.584,
21.9.2026,0:33:16.960,145.4,3.8,2.3,44,5.099,
21.9.2026,0:33:17.178,149.9,6.3,3.2,44,5.504,
21.9.2026,0:33:17.376,141.7,3.4,3.9,45,5.429,
21.9.2026,0:33:17.585,186.5,4.5,3.2,44,5.217,
21.9.2026,0:33:17.789,138.5,2.9,2.8,44,5.882,
21.9.2026,0:33:17.990,182.7,4.8,2.9,44,5.099,
21.9.2026,0:33:18.197,150.4,3.1,0.8,45,5.605,
21.9.2026,0:33:18.400,152.2,3.6,2.4,44,5.483,
21.9.2026,0:33:18.603,195.3,5.2,3.0,44,5.189,
21.9.2026,0:33:18.806,167.1,4.0,1.6,44,5.508,
21.9.2026,0:33:19.020,132.4,2.6,2.7,44,5.613,
21.9.2026,0:33:19.221,137.4,6.8,4.1,44,5.336,
21.9.2026,0:33:19.425,164.0,3.7,1.9,44,5.332,
21.9.2026,0:33:19.632,129.5,0.0,2.3,44,5.536,
21.9.2026,0:33:19.834,377.0,8.0,4.7,44,6.256,
21.9.2026,0:33:20.041,335.4,7.2,6.0,44,6.227,
21.9.2026,0:33:20.240,373.2,5.7,1.4,44,6.304,
21.9.2026,0:33:20.433,352.9,11.0,4.2,44,6.408,
21.9.2026,0:33:20.638,369.3,6.2,3.5,44,6.384,
21.9.2026,0:33:20.841,381.4,6.3,2.8,44,6.195,
21.9.2026,0:33:21.042,338.9,7.5,5.8,44,6.475,
21.9.2026,0:33:21.254,348.3,2.9,1.0,44,6.475,
21.9.2026,0:33:21.455,156.6,5.5,4.3,44,5.901,
21.9.2026,0:33:21.654,353.8,8.3,5.3,44,6.491,
21.9.2026,0:33:21.858,137.6,2.8,2.6,44,5.248,
21.9.2026,0:33:22.059,152.6,5.2,3.0,45,5.487,
21.9.2026,0:33:22.259,67.4,0.0,2.0,44,5.597,
21.9.2026,0:33:22.477,263.3,9.3,11.2,60,10.759,
21.9.2026,0:33:22.690,128.2,5.4,8.3,44,8.891,
21.9.2026,0:33:22.893,150.5,4.8,3.3,44,5.254,
21.9.2026,0:33:23.097,133.8,4.2,2.4,44,5.330,
21.9.2026,0:33:23.310,156.7,3.7,4.2,44,5.505,
21.9.2026,0:33:23.531,150.1,0.0,0.5,44,5.337,
21.9.2026,0:33:23.744,156.4,4.9,7.7,44,5.701,
21.9.2026,0:33:23.947,145.8,5.3,1.1,43,5.165,
21.9.2026,0:33:24.150,145.6,2.9,3.9,44,5.897,
21.9.2026,0:33:24.362,219.0,8.0,6.3,43,6.090,
21.9.2026,0:33:24.566,34.5,0.0,0.7,43,5.935,
21.9.2026,0:33:24.778,144.9,3.8,3.2,44,5.897,
21.9.2026,0:33:24.981,140.3,7.2,5.6,43,5.860,
21.9.2026,0:33:25.185,137.7,3.2,1.3,43,5.374,
21.9.2026,0:33:25.387,161.0,3.9,3.6,43,6.225,
21.9.2026,0:33:25.590,151.5,4.0,4.4,43,5.764,
21.9.2026,0:33:25.802,137.1,3.5,1.6,44,6.269,
21.9.2026,0:33:26.014,149.7,1.4,2.0,43,5.952,
21.9.2026,0:33:26.216,154.1,6.4,5.2,43,5.493,
21.9.2026,0:33:26.423,155.1,5.2,6.5,43,5.963,
21.9.2026,0:33:26.629,148.0,5.6,4.0,44,5.840,
21.9.2026,0:33:26.832,708.4,7.0,1.8,42,7.669,
21.9.2026,0:33:27.035,413.4,6.2,1.3,42,6.231,
21.9.2026,0:33:27.238,372.6,12.9,9.8,43,6.547,
21.9.2026,0:33:27.440,403.7,1.9,1.8,43,6.297,
21.9.2026,0:33:27.639,511.3,9.8,4.0,43,6.731,
21.9.2026,0:33:27.855,476.0,11.4,5.8,43,6.545,
21.9.2026,0:33:28.072,139.5,3.7,3.1,43,4.942,
21.9.2026,0:33:28.285,700.6,13.4,5.0,43,7.918,
21.9.2026,0:33:28.486,534.3,4.8,3.1,42,7.680,
21.9.2026,0:33:28.690,137.3,4.4,3.5,43,5.167,
21.9.2026,0:33:28.890,146.0,4.6,3.1,43,5.570,
21.9.2026,0:33:29.095,135.3,1.5,0.3,43,5.131,
21.9.2026,0:33:29.296,439.4,8.9,5.0,43,7.652,
21.9.2026,0:33:29.516,783.7,15.8,5.8,43,8.194,
21.9.2026,0:33:29.732,42.7,0.1,2.5,43,6.413,
21.9.2026,0:33:29.940,2120.0,51.1,15.2,56,13.830,
21.9.2026,0:33:30.141,134.0,0.0,1.4,42,6.059,
21.9.2026,0:33:30.357,148.0,4.2,8.7,43,5.073,
21.9.2026,0:33:30.569,153.4,6.1,2.6,42,5.709,
21.9.2026,0:33:30.770,135.5,0.0,0.8,42,5.076,
21.9.2026,0:33:30.973,198.5,5.7,3.9,42,5.538,
21.9.2026,0:33:31.180,143.5,3.3,4.1,42,5.390,
21.9.2026,0:33:31.384,186.6,3.5,0.8,42,5.291,
21.9.2026,0:33:31.587,180.8,4.5,3.9,42,5.734,
21.9.2026,0:33:31.790,197.5,4.2,0.9,42,5.167,
21.9.2026,0:33:31.993,151.1,4.0,2.2,43,5.576,
21.9.2026,0:33:32.197,175.8,4.6,2.5,42,5.630,
21.9.2026,0:33:32.400,145.4,3.5,4.2,42,5.183,
21.9.2026,0:33:32.600,199.1,11.2,7.6,42,5.681,
21.9.2026,0:33:32.815,200.5,0.0,0.9,42,5.625,
21.9.2026,0:33:33.019,177.8,6.4,2.6,42,5.357,
21.9.2026,0:33:33.222,142.0,3.4,3.7,42,5.232,
21.9.2026,0:33:33.435,158.5,3.8,4.1,42,5.551,
21.9.2026,0:33:33.643,146.4,6.8,3.1,42,5.290,
21.9.2026,0:33:33.859,144.4,0.7,2.8,42,5.466,
21.9.2026,0:33:34.063,153.1,6.3,3.5,42,5.442,
21.9.2026,0:33:34.263,141.6,3.6,2.9,43,5.231,
21.9.2026,0:33:34.472,161.0,4.2,3.7,42,5.789,
21.9.2026,0:33:34.675,153.9,1.2,0.3,42,5.758,
21.9.2026,0:33:34.873,130.8,4.2,2.4,42,5.284,
21.9.2026,0:33:35.085,183.1,6.5,5.7,42,5.741,
21.9.2026,0:33:35.299,427.6,5.4,3.5,42,7.136,
21.9.2026,0:33:35.513,126.8,5.2,4.4,42,5.161,
21.9.2026,0:33:35.716,130.5,6.3,4.5,42,5.770,
21.9.2026,0:33:35.919,126.7,2.7,3.3,43,5.523,
21.9.2026,0:33:36.134,150.2,0.0,1.4,42,5.553,
21.9.2026,0:33:36.341,135.2,9.0,6.8,42,5.836,
21.9.2026,0:33:36.552,188.8,1.4,0.8,42,5.588,
21.9.2026,0:33:36.755,143.2,3.1,3.9,42,5.771,
21.9.2026,0:33:36.958,136.2,3.4,2.5,43,5.500,
21.9.2026,0:33:37.171,53.2,4.9,4.9,41,5.725,
21.9.2026,0:33:37.385,186.8,5.6,2.6,42,5.616,
21.9.2026,0:33:37.603,151.1,0.5,3.6,41,5.856,
21.9.2026,0:33:37.802,162.4,2.4,2.5,43,5.830,
21.9.2026,0:33:38.008,51.5,3.3,5.0,42,5.650,
21.9.2026,0:33:38.207,144.1,2.7,1.4,42,5.714,
21.9.2026,0:33:38.417,41.6,4.8,3.9,43,5.684,
21.9.2026,0:33:38.623,723.6,14.0,5.5,52,5.686,
21.9.2026,0:33:38.840,344.7,7.0,9.9,43,7.927,
21.9.2026,0:33:39.043,36.1,1.3,3.9,43,11.942,
21.9.2026,0:33:39.259,25.0,1.6,3.1,42,5.525,
21.9.2026,0:33:39.466,244.7,6.0,3.9,43,7.402,
21.9.2026,0:33:39.684,2625.9,62.1,62.2,62,26.436,
21.9.2026,0:33:39.888,3058.6,69.2,50.5,55,30.212,
21.9.2026,0:33:40.100,2709.8,66.6,64.7,66,30.368,
21.9.2026,0:33:40.300,2987.2,75.4,74.1,64,30.038,
21.9.2026,0:33:40.506,677.3,15.6,11.7,55,12.818,
21.9.2026,0:33:40.713,677.3,15.6,11.7,55,19.859,
21.9.2026,0:33:40.917,349.0,7.3,20.2,68,19.823,
21.9.2026,0:33:41.123,539.2,18.3,22.5,64,18.271,
21.9.2026,0:33:41.330,701.5,16.3,10.3,44,12.194,
21.9.2026,0:33:41.531,815.6,16.5,5.7,44,10.392,
21.9.2026,0:33:41.742,825.6,18.8,9.0,44,12.115,
21.9.2026,0:33:41.932,676.1,21.4,13.8,44,10.390,
21.9.2026,0:33:42.140,860.0,17.8,6.2,44,10.316,
21.9.2026,0:33:42.345,832.6,17.4,5.6,46,9.937,
21.9.2026,0:33:42.541,810.9,17.6,6.5,44,9.722,
21.9.2026,0:33:42.758,872.1,19.2,7.6,44,10.428,
Date,Time,"Core 0 T0 Effective Clock [MHz]","Core 0 T0 Usage [%]","Total CPU Usage [%]","CPU Package [¡ÆC]","CPU Package Power [W]",
,,CPU [#0]: Intel Core i7-1165G7,CPU [#0]: Intel Core i7-1165G7,CPU [#0]: Intel Core i7-1165G7,CPU [#0]: Intel Core i7-1165G7: DTS,CPU [#0]: Intel Core i7-1165G7: Enhanced,
