Date,Time,"P-core 8 T0 Effective Clock [MHz]","P-core 8 T0 Usage [%]","Total CPU Usage [%]","CPU Package [¡ÆC]","CPU Package Power [W]",
25.8.2026,8:49:38.281,349.1,7.4,8.6,68,15.956,
25.8.2026,8:49:38.486,218.8,3.1,4.7,79,21.602,
25.8.2026,8:49:38.686,283.5,7.2,4.7,79,22.816,
25.8.2026,8:49:38.890,266.4,0.0,5.1,76,20.398,
25.8.2026,8:49:39.095,278.7,18.2,8.7,70,18.436,
25.8.2026,8:49:39.302,268.5,11.3,7.4,70,16.202,
25.8.2026,8:49:39.493,167.7,0.0,2.7,68,15.455,
25.8.2026,8:49:39.697,52.4,0.0,1.1,69,15.272,
25.8.2026,8:49:39.904,178.4,9.4,3.8,71,15.139,
25.8.2026,8:49:40.111,60.7,18.6,8.7,68,16.553,
25.8.2026,8:49:40.317,386.8,8.6,12.4,68,11.565,
25.8.2026,8:49:40.520,89.9,0.0,3.0,71,22.596,
25.8.2026,8:49:40.727,52.9,0.0,5.7,69,13.114,
25.8.2026,8:49:40.920,52.9,0.0,5.7,68,13.754,
25.8.2026,8:49:41.124,285.8,1.2,4.7,68,13.294,
25.8.2026,8:49:41.332,41.2,9.9,6.0,70,12.629,
25.8.2026,8:49:41.538,37.3,12.3,4.0,67,11.636,
25.8.2026,8:49:41.732,305.1,12.3,3.3,67,12.405,
25.8.2026,8:49:41.936,40.7,0.0,1.9,66,11.857,
25.8.2026,8:49:42.142,87.3,7.3,4.2,67,12.124,
25.8.2026,8:49:42.351,386.4,0.5,7.0,67,20.263,
25.8.2026,8:49:42.558,86.8,7.0,8.4,67,13.859,
25.8.2026,8:49:42.748,163.2,0.0,1.5,68,11.920,
25.8.2026,8:49:42.954,339.8,13.3,9.2,66,14.981,
25.8.2026,8:49:43.156,355.7,7.2,5.9,71,18.304,
25.8.2026,8:49:43.367,624.7,19.5,6.1,67,12.181,
25.8.2026,8:49:43.571,132.5,0.0,5.7,66,12.898,
25.8.2026,8:49:43.779,482.2,13.8,6.4,98,13.495,
25.8.2026,8:49:43.983,1650.1,41.0,19.1,88,36.928,
25.8.2026,8:49:44.183,1227.9,28.3,14.2,76,28.854,
25.8.2026,8:49:44.391,468.2,11.0,4.9,73,21.848,
25.8.2026,8:49:44.595,192.5,3.0,11.6,69,19.892,
25.8.2026,8:49:44.794,259.3,4.6,5.9,72,14.033,
25.8.2026,8:49:45.009,490.1,17.2,3.4,69,18.202,
25.8.2026,8:49:45.213,92.0,1.0,4.3,92,15.185,
25.8.2026,8:49:45.404,618.5,13.9,9.3,86,24.887,
25.8.2026,8:49:45.607,235.8,4.1,5.5,69,20.207,
25.8.2026,8:49:45.814,135.4,1.0,4.8,71,10.847,
25.8.2026,8:49:46.023,187.7,10.5,7.6,73,15.513,
25.8.2026,8:49:46.230,269.5,4.6,5.3,72,15.897,
25.8.2026,8:49:46.417,378.0,7.3,4.4,69,15.140,
25.8.2026,8:49:46.624,75.5,0.0,4.0,68,11.791,
25.8.2026,8:49:46.834,289.4,12.9,7.4,80,18.807,
25.8.2026,8:49:47.037,439.6,15.2,15.4,78,25.157,
25.8.2026,8:49:47.243,284.8,5.8,4.0,68,17.665,
25.8.2026,8:49:47.446,67.5,0.2,1.7,67,11.209,
25.8.2026,8:49:47.636,63.7,0.0,3.3,72,14.088,
25.8.2026,8:49:47.845,246.8,4.8,3.2,67,15.026,
25.8.2026,8:49:48.048,60.7,0.0,6.2,66,11.461,
25.8.2026,8:49:48.254,114.2,8.6,3.4,73,12.546,
25.8.2026,8:49:48.460,102.2,0.8,6.8,90,10.873,
25.8.2026,8:49:48.651,96.7,8.0,7.7,66,16.056,
25.8.2026,8:49:48.860,79.3,0.0,1.5,67,10.602,
25.8.2026,8:49:49.069,69.0,0.0,7.7,65,11.829,
25.8.2026,8:49:49.270,39.2,6.9,4.5,66,11.359,
25.8.2026,8:49:49.481,51.3,0.0,4.6,65,10.794,
25.8.2026,8:49:49.687,88.2,0.1,4.5,64,11.162,
25.8.2026,8:49:49.896,52.9,0.0,4.1,65,8.556,
25.8.2026,8:49:50.100,70.1,6.4,4.8,65,10.274,
25.8.2026,8:49:50.310,47.4,6.4,2.4,63,10.914,
25.8.2026,8:49:50.513,427.7,1.3,7.2,66,17.589,
25.8.2026,8:49:50.719,318.3,17.9,11.3,71,14.317,
25.8.2026,8:49:50.926,186.6,0.0,3.1,65,16.746,
25.8.2026,8:49:51.135,148.8,15.0,7.2,68,14.967,
25.8.2026,8:49:51.324,272.0,11.2,6.7,69,12.600,
25.8.2026,8:49:51.531,705.4,20.6,9.9,69,24.021,
25.8.2026,8:49:51.739,90.7,0.2,5.4,67,14.451,
25.8.2026,8:49:51.946,133.4,1.8,4.7,67,13.678,
25.8.2026,8:49:52.136,148.6,2.1,3.4,65,13.678,
25.8.2026,8:49:52.345,195.6,9.1,6.0,64,15.502,
25.8.2026,8:49:52.553,173.4,2.0,7.3,94,10.852,
25.8.2026,8:49:52.762,127.7,0.0,5.2,60,14.338,
25.8.2026,8:49:52.969,58.2,5.6,4.1,61,15.749,
25.8.2026,8:49:53.180,91.9,7.2,7.7,61,11.891,
25.8.2026,8:49:53.383,110.7,0.0,3.6,61,10.404,
25.8.2026,8:49:53.576,106.4,7.6,2.9,61,10.406,
25.8.2026,8:49:53.782,101.9,7.0,6.2,86,10.343,
25.8.2026,8:49:53.989,74.5,0.0,3.3,87,10.336,
25.8.2026,8:49:54.199,120.9,7.8,5.2,87,10.367,
25.8.2026,8:49:54.402,54.9,0.0,3.2,89,11.396,
25.8.2026,8:49:54.610,71.1,13.5,7.4,92,10.213,
25.8.2026,8:49:54.819,40.3,0.0,5.0,80,9.498,
25.8.2026,8:49:55.009,48.5,0.0,1.5,87,9.497,
25.8.2026,8:49:55.217,114.9,14.5,4.1,69,10.220,
25.8.2026,8:49:55.422,115.1,0.0,5.6,69,11.281,
25.8.2026,8:49:55.632,39.5,12.4,6.3,80,10.417,
25.8.2026,8:49:55.823,115.4,0.0,1.7,72,10.191,
25.8.2026,8:49:56.030,88.9,13.3,5.1,62,9.586,
25.8.2026,8:49:56.239,115.9,0.1,4.2,61,9.879,
25.8.2026,8:49:56.433,94.0,0.0,2.6,64,8.117,
25.8.2026,8:49:56.642,106.6,0.0,6.0,63,8.052,
25.8.2026,8:49:56.847,70.4,7.3,9.2,65,16.250,
25.8.2026,8:49:57.051,111.6,1.1,1.1,63,12.294,
25.8.2026,8:49:57.257,105.1,0.9,4.4,63,11.406,
25.8.2026,8:49:57.449,105.1,0.9,4.4,61,11.545,
25.8.2026,8:49:57.658,230.3,10.2,4.2,63,9.603,
25.8.2026,8:49:57.865,110.3,0.0,6.4,62,12.663,
25.8.2026,8:49:58.069,149.2,20.9,7.3,63,13.109,
25.8.2026,8:49:58.263,84.5,0.0,4.1,61,11.905,
25.8.2026,8:49:58.471,199.8,20.9,6.7,59,11.342,
25.8.2026,8:49:58.678,63.6,6.5,7.6,59,9.227,
25.8.2026,8:49:58.887,67.8,0.0,3.8,92,8.624,
25.8.2026,8:49:59.075,69.7,7.8,6.8,60,11.093,
25.8.2026,8:49:59.282,114.7,0.2,4.4,60,11.737,
25.8.2026,8:49:59.489,38.6,0.0,6.5,60,12.135,
25.8.2026,8:49:59.697,126.0,0.0,2.2,61,9.047,
25.8.2026,8:49:59.890,84.8,14.5,6.9,58,12.276,
25.8.2026,8:50:0.095,78.1,0.0,2.1,62,9.383,
25.8.2026,8:50:0.301,142.7,0.0,5.0,63,10.834,
25.8.2026,8:50:0.511,52.5,18.3,9.6,62,10.904,
25.8.2026,8:50:0.699,51.3,0.0,6.1,81,10.320,
25.8.2026,8:50:0.908,116.3,0.0,5.7,62,18.219,
25.8.2026,8:50:1.114,95.7,7.5,6.2,62,10.642,
25.8.2026,8:50:1.320,65.4,0.0,3.9,61,10.699,
25.8.2026,8:50:1.513,72.8,6.6,2.3,62,10.984,
25.8.2026,8:50:1.720,241.6,3.3,2.3,61,9.341,
25.8.2026,8:50:1.925,86.7,13.6,5.4,60,9.935,
25.8.2026,8:50:2.135,59.3,0.0,7.4,60,11.140,
25.8.2026,8:50:2.327,162.0,9.0,2.0,61,10.398,
25.8.2026,8:50:2.529,66.4,0.0,3.2,60,9.577,
25.8.2026,8:50:2.739,61.5,6.5,5.6,61,10.120,
25.8.2026,8:50:2.945,144.7,8.6,5.5,60,10.169,
25.8.2026,8:50:3.155,70.1,0.0,2.5,60,11.325,
25.8.2026,8:50:3.362,34.7,21.9,6.3,60,9.687,
25.8.2026,8:50:3.569,76.6,0.0,6.1,60,9.191,
25.8.2026,8:50:3.779,106.9,23.8,5.7,61,11.094,
25.8.2026,8:50:3.967,64.1,0.0,6.5,61,11.229,
25.8.2026,8:50:4.171,88.8,7.6,4.1,59,8.637,
25.8.2026,8:50:4.380,154.6,8.5,6.6,61,11.154,
25.8.2026,8:50:4.586,45.8,0.0,3.0,59,9.467,
25.8.2026,8:50:4.780,101.4,12.9,5.0,79,9.467,
25.8.2026,8:50:4.988,89.8,7.9,9.0,59,10.757,
25.8.2026,8:50:5.195,34.0,0.0,6.2,60,14.318,
25.8.2026,8:50:5.401,114.6,1.2,2.4,59,10.983,
25.8.2026,8:50:5.589,150.5,0.0,2.0,59,10.943,
25.8.2026,8:50:5.796,40.2,6.3,2.1,81,8.810,
25.8.2026,8:50:6.003,45.0,0.0,7.1,84,9.089,
25.8.2026,8:50:6.211,105.5,28.0,5.4,85,10.268,
25.8.2026,8:50:6.401,53.3,0.0,4.8,88,8.631,
25.8.2026,8:50:6.608,53.5,0.0,1.2,64,9.933,
25.8.2026,8:50:6.815,39.1,12.7,5.9,88,10.126,
25.8.2026,8:50:7.023,79.9,0.0,7.5,71,13.303,
25.8.2026,8:50:7.214,26.0,0.0,1.7,63,10.267,
25.8.2026,8:50:7.420,56.2,6.9,5.8,62,9.892,
25.8.2026,8:50:7.628,80.4,0.0,4.8,61,12.806,
25.8.2026,8:50:7.840,26.3,0.0,4.6,61,9.998,
25.8.2026,8:50:8.047,35.2,26.4,5.0,61,10.415,
25.8.2026,8:50:8.255,18.5,0.0,4.7,63,10.247,
25.8.2026,8:50:8.464,59.7,31.1,4.5,61,10.525,
25.8.2026,8:50:8.651,55.0,6.7,2.0,61,10.211,
25.8.2026,8:50:8.860,52.7,11.7,9.4,60,9.762,
25.8.2026,8:50:9.065,137.2,3.3,6.3,61,12.447,
25.8.2026,8:50:9.272,109.1,0.0,13.0,80,18.371,
25.8.2026,8:50:9.475,47.3,18.6,3.7,63,20.124,
25.8.2026,8:50:9.683,32.1,0.0,1.7,62,11.382,
25.8.2026,8:50:9.889,43.0,5.9,5.5,62,11.180,
25.8.2026,8:50:10.099,42.3,0.0,6.5,59,11.699,
25.8.2026,8:50:10.307,68.2,0.0,1.7,60,9.134,
25.8.2026,8:50:10.514,64.1,27.8,3.9,60,9.948,
25.8.2026,8:50:10.723,27.9,0.0,5.0,61,8.787,
25.8.2026,8:50:10.927,21.5,0.0,4.5,60,11.045,
25.8.2026,8:50:11.135,44.0,13.2,5.8,60,11.983,
25.8.2026,8:50:11.327,44.0,13.2,5.8,60,10.708,
25.8.2026,8:50:11.533,24.2,5.1,3.8,58,11.469,
25.8.2026,8:50:11.741,29.9,0.0,6.0,65,8.990,
25.8.2026,8:50:11.933,49.0,0.0,2.9,59,10.158,
25.8.2026,8:50:12.139,60.3,27.3,4.4,59,9.824,
25.8.2026,8:50:12.346,52.3,0.5,1.9,60,10.898,
25.8.2026,8:50:12.553,24.9,5.3,6.1,60,10.579,
25.8.2026,8:50:12.762,40.5,0.0,3.0,60,9.888,
25.8.2026,8:50:12.969,39.0,8.0,4.4,61,11.990,
25.8.2026,8:50:13.175,44.6,6.1,7.0,59,14.634,
25.8.2026,8:50:13.384,27.5,0.0,5.0,59,11.040,
25.8.2026,8:50:13.574,28.1,5.9,2.3,62,11.095,
25.8.2026,8:50:13.781,26.7,0.0,1.9,61,9.649,
25.8.2026,8:50:13.989,45.9,0.0,2.2,60,11.950,
25.8.2026,8:50:14.194,24.8,0.0,6.1,60,11.710,
25.8.2026,8:50:14.399,61.0,13.1,2.3,61,10.248,
25.8.2026,8:50:14.591,32.9,0.0,5.8,62,15.131,
25.8.2026,8:50:14.796,35.0,6.5,3.7,61,9.246,
25.8.2026,8:50:15.003,21.4,5.8,5.0,64,9.605,
25.8.2026,8:50:15.214,33.8,0.0,4.4,61,9.610,
25.8.2026,8:50:15.406,27.9,0.0,2.0,63,8.744,
25.8.2026,8:50:15.609,36.1,0.0,2.1,60,10.377,
25.8.2026,8:50:15.820,36.6,18.2,7.3,60,9.043,
25.8.2026,8:50:16.023,240.5,10.5,6.4,61,15.341,
25.8.2026,8:50:16.214,132.9,0.0,2.5,57,11.495,
25.8.2026,8:50:16.421,67.7,13.2,3.4,59,10.479,
25.8.2026,8:50:16.627,57.5,6.3,6.7,59,9.766,
25.8.2026,8:50:16.836,32.3,0.0,4.0,59,11.479,
25.8.2026,8:50:17.040,37.3,12.9,3.5,60,12.912,
25.8.2026,8:50:17.234,48.2,0.0,2.0,63,10.636,
25.8.2026,8:50:17.438,42.0,5.5,3.2,58,10.228,
25.8.2026,8:50:17.648,75.6,0.0,6.5,59,9.886,
25.8.2026,8:50:17.852,25.8,0.0,2.2,60,11.177,
25.8.2026,8:50:18.044,92.6,0.7,3.0,58,10.973,
25.8.2026,8:50:18.247,39.0,18.0,3.6,59,12.058,
25.8.2026,8:50:18.458,28.3,12.7,10.6,83,9.752,
25.8.2026,8:50:18.662,57.1,0.0,6.4,60,12.777,
25.8.2026,8:50:18.868,73.6,6.4,4.9,60,13.580,
25.8.2026,8:50:19.063,39.3,0.0,3.0,57,13.580,
25.8.2026,8:50:19.269,36.1,22.8,11.4,59,11.484,
25.8.2026,8:50:19.471,31.0,6.7,5.4,59,12.472,
25.8.2026,8:50:19.677,46.2,0.1,2.7,59,10.263,
25.8.2026,8:50:19.871,36.1,0.0,2.4,59,10.046,
25.8.2026,8:50:20.080,191.3,8.3,4.6,84,9.565,
25.8.2026,8:50:20.288,40.5,0.0,5.3,81,10.118,
25.8.2026,8:50:20.481,85.3,6.9,2.0,83,9.762,
25.8.2026,8:50:20.688,29.2,0.0,2.2,63,10.001,
25.8.2026,8:50:20.895,69.1,6.9,10.7,62,10.895,
25.8.2026,8:50:21.103,19.0,0.0,3.0,69,11.274,
25.8.2026,8:50:21.291,39.6,26.7,3.8,63,11.476,
25.8.2026,8:50:21.497,25.9,12.6,3.8,60,9.426,
25.8.2026,8:50:21.705,91.7,0.0,23.8,60,11.489,
25.8.2026,8:50:21.912,34.1,6.2,8.1,64,11.022,
25.8.2026,8:50:22.121,61.3,7.1,2.8,59,12.095,
25.8.2026,8:50:22.309,30.0,0.0,1.1,60,11.393,
25.8.2026,8:50:22.513,45.7,6.0,6.5,60,9.987,
25.8.2026,8:50:22.719,56.3,0.0,6.3,75,13.654,
25.8.2026,8:50:22.923,41.4,23.3,7.9,60,14.362,
25.8.2026,8:50:23.131,98.4,0.0,2.3,61,12.190,
25.8.2026,8:50:23.337,40.4,0.0,3.2,59,10.956,
25.8.2026,8:50:23.530,40.4,0.0,3.2,58,10.526,
25.8.2026,8:50:23.741,62.8,0.0,4.7,58,9.140,
25.8.2026,8:50:23.948,42.0,0.0,4.7,59,8.078,
25.8.2026,8:50:24.139,42.0,0.0,4.7,58,13.405,
25.8.2026,8:50:24.349,41.1,0.0,2.8,56,10.600,
25.8.2026,8:50:24.554,83.5,0.0,5.9,58,8.853,
25.8.2026,8:50:24.759,107.1,7.0,2.2,58,10.893,
25.8.2026,8:50:24.950,30.0,7.1,2.6,59,10.236,
25.8.2026,8:50:25.153,95.7,1.1,4.6,59,15.048,
25.8.2026,8:50:25.363,98.0,1.3,2.0,59,10.178,
25.8.2026,8:50:25.569,42.6,0.0,7.2,59,9.546,
25.8.2026,8:50:25.776,72.7,0.0,2.4,55,10.608,
25.8.2026,8:50:25.967,50.3,0.0,3.2,58,11.045,
25.8.2026,8:50:26.172,52.8,6.8,2.5,61,10.556,
25.8.2026,8:50:26.375,32.3,0.0,3.2,60,13.281,
25.8.2026,8:50:26.582,37.1,0.0,3.5,59,11.462,
25.8.2026,8:50:26.790,91.2,12.8,7.8,65,10.752,
25.8.2026,8:50:26.981,46.6,0.0,2.9,59,11.277,
25.8.2026,8:50:27.185,39.8,0.0,2.0,58,10.132,
25.8.2026,8:50:27.395,140.6,2.0,1.8,58,10.440,
25.8.2026,8:50:27.600,29.0,0.0,6.7,57,9.427,
25.8.2026,8:50:27.792,20.2,5.6,2.2,58,10.466,
25.8.2026,8:50:28.000,29.2,0.0,1.6,75,9.035,
25.8.2026,8:50:28.209,202.2,9.3,5.5,55,11.444,
25.8.2026,8:50:28.413,49.8,0.0,3.3,57,8.687,
25.8.2026,8:50:28.603,23.6,5.7,4.0,60,10.586,
25.8.2026,8:50:28.812,29.7,0.0,1.5,58,10.347,
25.8.2026,8:50:29.022,56.2,0.0,5.3,58,10.697,
25.8.2026,8:50:29.230,27.7,0.0,4.4,58,9.780,
25.8.2026,8:50:29.420,23.1,0.0,2.1,58,9.714,
25.8.2026,8:50:29.629,26.7,0.0,4.2,58,8.623,
25.8.2026,8:50:29.835,26.3,0.0,5.4,56,10.324,
25.8.2026,8:50:30.043,34.4,30.3,3.0,54,8.837,
25.8.2026,8:50:30.251,29.2,0.0,2.4,59,9.731,
25.8.2026,8:50:30.457,52.0,22.8,7.4,54,10.395,
25.8.2026,8:50:30.664,66.7,0.0,3.6,77,10.105,
25.8.2026,8:50:30.855,83.4,0.0,6.1,56,10.105,
25.8.2026,8:50:31.064,32.5,5.9,5.0,57,11.215,
25.8.2026,8:50:31.270,46.6,0.0,5.0,59,10.441,
25.8.2026,8:50:31.482,50.1,12.1,7.3,56,10.480,
25.8.2026,8:50:31.689,38.4,0.0,1.8,57,10.863,
25.8.2026,8:50:31.894,76.2,18.5,8.0,58,10.386,
25.8.2026,8:50:32.100,65.5,6.9,2.5,58,10.828,
25.8.2026,8:50:32.293,116.4,7.3,2.8,58,10.828,
25.8.2026,8:50:32.499,37.5,0.0,2.3,59,10.072,
25.8.2026,8:50:32.709,33.1,0.0,4.2,54,11.231,
25.8.2026,8:50:32.915,30.4,0.0,4.5,55,9.155,
25.8.2026,8:50:33.123,24.2,33.7,3.4,58,9.306,
25.8.2026,8:50:33.334,40.0,6.0,6.8,55,10.744,
25.8.2026,8:50:33.542,30.7,0.0,2.7,56,9.792,
25.8.2026,8:50:33.750,41.3,0.0,1.6,55,10.754,
25.8.2026,8:50:33.954,73.4,18.7,5.4,57,9.625,
25.8.2026,8:50:34.166,55.6,0.0,5.1,54,11.046,
25.8.2026,8:50:34.356,51.3,0.0,4.1,54,11.734,
25.8.2026,8:50:34.564,209.5,2.3,3.6,80,9.212,
25.8.2026,8:50:34.773,43.9,0.0,3.8,81,8.295,
25.8.2026,8:50:34.979,83.4,0.7,7.0,86,11.468,
25.8.2026,8:50:35.181,30.4,13.3,4.3,82,12.905,
25.8.2026,8:50:35.390,33.1,0.0,2.3,85,9.676,
25.8.2026,8:50:35.596,36.5,12.5,6.1,83,11.116,
25.8.2026,8:50:35.802,47.4,0.0,4.6,83,10.420,
25.8.2026,8:50:35.995,69.1,0.0,1.9,83,11.536,
25.8.2026,8:50:36.201,40.0,0.0,2.0,66,9.087,
25.8.2026,8:50:36.409,34.6,6.7,8.5,61,10.275,
25.8.2026,8:50:36.615,57.5,7.3,2.5,62,10.209,
25.8.2026,8:50:36.823,104.8,7.8,4.1,61,10.941,
25.8.2026,8:50:37.013,48.1,0.0,1.5,61,10.329,
25.8.2026,8:50:37.220,35.0,0.0,2.7,81,10.090,
25.8.2026,8:50:37.423,29.4,0.0,7.2,59,11.786,
25.8.2026,8:50:37.632,77.0,18.3,6.2,58,10.832,
25.8.2026,8:50:37.837,86.8,0.0,8.5,76,9.310,
25.8.2026,8:50:38.043,32.2,7.0,7.8,90,22.695,
25.8.2026,8:50:38.234,104.5,8.0,8.3,88,16.074,
25.8.2026,8:50:38.437,214.2,3.2,13.6,89,19.700,
25.8.2026,8:50:38.644,27.5,13.2,12.9,63,20.181,
25.8.2026,8:50:38.852,489.3,9.6,12.6,88,12.962,
25.8.2026,8:50:39.054,524.2,0.0,11.5,90,25.375,
25.8.2026,8:50:39.249,524.2,0.0,11.5,92,30.640,
25.8.2026,8:50:39.453,103.3,19.3,12.2,61,19.859,
25.8.2026,8:50:39.661,35.4,0.0,6.1,61,9.900,
25.8.2026,8:50:39.856,30.6,5.6,2.5,59,11.455,
25.8.2026,8:50:40.062,50.0,26.7,8.8,60,8.268,
25.8.2026,8:50:40.270,145.0,7.2,6.3,61,13.179,
25.8.2026,8:50:40.478,154.0,3.3,6.8,59,14.871,
25.8.2026,8:50:40.682,21.8,0.0,1.8,59,10.361,
25.8.2026,8:50:40.889,51.0,0.0,2.7,60,10.003,
25.8.2026,8:50:41.095,39.4,0.0,5.3,57,11.845,
25.8.2026,8:50:41.302,37.8,5.6,5.3,60,9.595,
25.8.2026,8:50:41.509,44.9,0.0,3.6,59,10.997,
25.8.2026,8:50:41.700,25.6,0.0,3.2,59,10.778,
25.8.2026,8:50:41.905,40.5,6.4,4.0,59,9.712,
25.8.2026,8:50:42.111,37.1,12.1,4.0,58,9.936,
25.8.2026,8:50:42.320,47.6,0.0,3.0,59,11.762,
25.8.2026,8:50:42.528,29.4,5.8,5.0,59,8.982,
25.8.2026,8:50:42.731,208.0,3.5,2.9,59,10.871,
25.8.2026,8:50:42.941,36.9,0.0,2.1,58,8.615,
25.8.2026,8:50:43.144,125.3,7.3,10.7,60,15.477,
25.8.2026,8:50:43.352,21.7,0.4,3.4,59,10.496,
25.8.2026,8:50:43.543,34.9,0.0,2.2,60,10.941,
25.8.2026,8:50:43.754,67.6,0.0,2.7,60,10.953,
25.8.2026,8:50:43.955,50.1,12.4,4.0,62,12.333,
25.8.2026,8:50:44.162,30.0,0.0,2.5,60,11.686,
25.8.2026,8:50:44.369,38.0,6.2,6.0,65,10.815,
25.8.2026,8:50:44.561,34.7,0.0,5.4,63,16.635,
25.8.2026,8:50:44.766,31.4,0.0,2.4,59,10.975,
25.8.2026,8:50:44.972,101.8,35.2,9.4,59,9.719,
25.8.2026,8:50:45.180,63.6,0.5,2.9,59,10.865,
25.8.2026,8:50:45.373,29.2,0.0,3.0,59,11.978,
25.8.2026,8:50:45.578,16.9,0.0,3.1,57,9.630,
25.8.2026,8:50:45.787,115.3,19.0,5.3,59,9.312,
25.8.2026,8:50:45.992,26.0,6.4,6.8,57,11.535,
25.8.2026,8:50:46.201,28.5,0.0,1.3,58,10.531,
25.8.2026,8:50:46.387,41.2,23.4,5.6,58,10.259,
25.8.2026,8:50:46.597,19.6,0.0,4.9,59,8.274,
25.8.2026,8:50:46.802,47.3,31.3,7.5,56,10.423,
25.8.2026,8:50:47.009,30.0,0.0,1.8,59,10.772,
25.8.2026,8:50:47.217,19.8,12.2,2.2,59,7.966,
25.8.2026,8:50:47.424,50.1,0.0,3.7,57,9.933,
25.8.2026,8:50:47.632,22.4,0.0,6.0,61,11.276,
25.8.2026,8:50:47.822,36.1,11.7,3.1,59,9.043,
25.8.2026,8:50:48.028,57.6,0.4,1.9,59,10.624,
25.8.2026,8:50:48.239,95.8,6.1,5.7,56,9.406,
25.8.2026,8:50:48.450,58.2,0.0,4.7,80,9.771,
25.8.2026,8:50:48.636,106.5,0.0,5.6,58,9.771,
25.8.2026,8:50:48.845,33.2,17.8,5.2,57,12.768,
25.8.2026,8:50:49.051,42.1,0.0,3.1,56,10.440,
25.8.2026,8:50:49.260,50.3,12.9,5.7,58,9.659,
25.8.2026,8:50:49.450,31.7,0.0,2.5,58,11.171,
25.8.2026,8:50:49.662,37.5,5.3,6.1,86,11.899,
25.8.2026,8:50:49.868,57.4,0.0,3.5,80,10.334,
25.8.2026,8:50:50.072,44.6,0.0,5.4,85,11.815,
25.8.2026,8:50:50.283,27.2,0.0,2.0,84,11.906,
25.8.2026,8:50:50.489,19.6,0.0,5.7,85,10.160,
25.8.2026,8:50:50.694,27.3,12.5,9.1,84,11.084,
25.8.2026,8:50:50.887,35.4,0.0,2.5,85,12.212,
25.8.2026,8:50:51.094,42.2,0.0,2.3,64,9.150,
25.8.2026,8:50:51.300,31.8,5.8,7.0,67,12.801,
25.8.2026,8:50:51.508,20.9,0.0,3.2,71,10.588,
25.8.2026,8:50:51.713,53.4,7.3,3.0,62,10.527,
25.8.2026,8:50:51.903,23.3,11.2,3.2,64,10.931,
25.8.2026,8:50:52.111,48.8,0.0,6.8,57,9.979,
25.8.2026,8:50:52.322,31.6,22.0,7.8,61,8.639,
25.8.2026,8:50:52.512,29.5,0.0,2.6,57,11.370,
25.8.2026,8:50:52.716,26.3,12.3,7.5,61,12.866,
25.8.2026,8:50:52.926,22.1,5.4,6.6,60,13.394,
25.8.2026,8:50:53.133,29.4,0.0,2.7,58,9.607,
25.8.2026,8:50:53.324,29.4,0.0,2.7,58,10.126,
25.8.2026,8:50:53.534,27.9,12.3,4.2,56,10.171,
25.8.2026,8:50:53.742,31.3,0.0,3.3,55,7.478,
25.8.2026,8:50:53.933,25.7,22.1,7.0,56,11.286,
25.8.2026,8:50:54.140,324.1,5.2,3.5,60,11.128,
25.8.2026,8:50:54.348,263.0,4.7,5.0,58,16.011,
25.8.2026,8:50:54.557,29.4,0.0,4.6,58,11.930,
25.8.2026,8:50:54.747,28.1,17.6,3.0,55,10.610,
25.8.2026,8:50:54.953,29.0,0.0,4.8,57,11.308,
25.8.2026,8:50:55.164,18.5,5.6,4.7,58,10.499,
25.8.2026,8:50:55.370,36.0,5.7,5.2,58,10.797,
25.8.2026,8:50:55.579,214.9,0.0,4.5,57,14.262,
25.8.2026,8:50:55.788,27.1,0.0,3.2,58,8.822,
25.8.2026,8:50:55.993,35.1,6.1,7.2,58,14.738,
25.8.2026,8:50:56.182,21.6,0.0,1.9,57,11.127,
25.8.2026,8:50:56.390,135.2,32.1,4.0,58,10.239,
25.8.2026,8:50:56.601,21.7,5.8,4.9,59,9.909,
25.8.2026,8:50:56.805,54.8,0.0,7.3,70,13.822,
25.8.2026,8:50:57.012,33.2,0.0,3.0,61,10.371,
25.8.2026,8:50:57.217,27.7,0.0,5.1,64,8.776,
25.8.2026,8:50:57.425,87.6,19.3,5.8,60,9.725,
25.8.2026,8:50:57.632,74.6,0.5,4.2,60,9.564,
25.8.2026,8:50:57.838,42.1,0.0,2.4,61,7.739,
25.8.2026,8:50:58.045,55.5,0.0,1.6,60,9.929,
25.8.2026,8:50:58.252,81.0,27.9,5.5,64,10.024,
25.8.2026,8:50:58.458,29.5,6.3,5.9,75,11.254,
25.8.2026,8:50:58.666,70.8,0.0,2.7,62,10.728,
25.8.2026,8:50:58.873,21.0,12.1,2.8,59,9.948,
25.8.2026,8:50:59.082,45.5,0.0,4.4,58,13.552,
25.8.2026,8:50:59.285,446.6,15.3,7.4,62,15.370,
25.8.2026,8:50:59.495,18.3,0.0,2.2,58,11.680,
25.8.2026,8:50:59.687,27.7,5.6,1.6,57,11.366,
25.8.2026,8:50:59.891,87.6,0.0,3.3,58,11.285,
25.8.2026,8:51:0.100,84.5,0.2,6.0,79,12.006,
25.8.2026,8:51:0.305,89.4,13.3,4.1,59,11.582,
25.8.2026,8:51:0.500,70.5,0.0,5.6,57,10.913,
25.8.2026,8:51:0.708,29.5,0.0,2.1,78,9.962,
25.8.2026,8:51:0.913,31.9,0.0,6.5,60,16.654,
25.8.2026,8:51:1.118,56.5,12.7,6.4,58,9.909,
25.8.2026,8:51:1.310,54.4,6.6,3.0,57,9.701,
25.8.2026,8:51:1.515,22.5,0.0,5.9,56,11.936,
25.8.2026,8:51:1.723,38.9,0.0,3.8,58,9.099,
25.8.2026,8:51:1.929,24.2,6.2,6.7,57,10.887,
25.8.2026,8:51:2.120,44.8,0.0,2.5,57,12.232,
25.8.2026,8:51:2.326,43.6,0.0,1.7,57,9.785,
25.8.2026,8:51:2.538,26.8,12.3,7.7,57,9.172,
25.8.2026,8:51:2.746,35.6,0.0,3.0,56,11.039,
25.8.2026,8:51:2.936,27.4,0.0,1.5,62,11.039,
25.8.2026,8:51:3.141,53.2,12.7,6.3,56,10.028,
25.8.2026,8:51:3.351,53.3,0.0,5.1,54,9.806,
25.8.2026,8:51:3.542,25.3,0.0,1.6,54,9.501,
25.8.2026,8:51:3.748,13.7,0.0,1.8,81,7.882,
25.8.2026,8:51:3.956,13.3,37.1,8.1,82,9.763,
25.8.2026,8:51:4.162,27.2,0.0,2.2,82,9.851,
25.8.2026,8:51:4.354,36.4,22.3,6.4,86,10.716,
25.8.2026,8:51:4.562,50.3,0.0,2.7,66,11.031,
25.8.2026,8:51:4.772,25.0,0.0,7.8,63,14.372,
25.8.2026,8:51:4.977,59.3,35.0,8.6,96,12.930,
25.8.2026,8:51:5.166,27.3,0.0,2.4,62,16.586,
25.8.2026,8:51:5.379,107.8,18.6,4.4,56,8.040,
25.8.2026,8:51:5.584,37.2,0.0,5.8,58,8.963,
25.8.2026,8:51:5.790,26.5,22.2,3.1,59,10.702,
25.8.2026,8:51:5.981,26.5,12.0,6.0,56,9.987,
25.8.2026,8:51:6.194,42.3,0.0,4.7,57,9.222,
25.8.2026,8:51:6.397,87.3,19.7,5.1,57,8.270,
25.8.2026,8:51:6.589,87.3,19.7,5.1,56,9.580,
25.8.2026,8:51:6.797,19.7,0.0,2.8,57,9.128,
25.8.2026,8:51:7.007,64.8,31.0,8.2,57,9.733,
25.8.2026,8:51:7.213,94.6,0.0,9.0,57,9.026,
25.8.2026,8:51:7.424,26.0,0.0,1.6,55,10.256,
25.8.2026,8:51:7.632,56.0,0.0,5.2,76,9.199,
25.8.2026,8:51:7.823,133.8,6.0,3.8,54,10.400,
25.8.2026,8:51:8.035,20.2,0.0,6.2,53,9.797,
25.8.2026,8:51:8.241,65.4,0.0,5.9,54,9.334,
25.8.2026,8:51:8.433,48.3,34.4,7.1,53,7.961,
25.8.2026,8:51:8.642,37.0,0.0,3.4,53,7.274,
25.8.2026,8:51:8.847,20.9,0.0,5.2,53,8.188,
25.8.2026,8:51:9.056,15.1,0.0,6.4,58,9.543,
25.8.2026,8:51:9.247,21.0,6.4,7.2,53,13.161,
25.8.2026,8:51:9.454,192.8,0.0,3.7,57,8.635,
25.8.2026,8:51:9.666,31.9,0.0,7.0,57,8.142,
25.8.2026,8:51:9.854,44.2,26.8,6.0,52,7.732,
25.8.2026,8:51:10.067,20.3,5.4,3.3,58,7.425,
25.8.2026,8:51:10.271,27.2,0.0,6.5,57,7.207,
25.8.2026,8:51:10.482,29.2,0.0,5.2,53,9.120,
25.8.2026,8:51:10.687,39.2,30.7,6.4,54,7.544,
25.8.2026,8:51:10.899,16.8,0.0,7.1,55,8.024,
25.8.2026,8:51:11.101,10.2,11.3,3.8,57,9.562,
25.8.2026,8:51:11.293,16.3,0.0,2.6,58,8.750,
25.8.2026,8:51:11.502,201.4,26.0,5.5,56,11.633,
25.8.2026,8:51:11.705,45.7,0.0,4.0,58,10.676,
25.8.2026,8:51:11.915,21.6,0.0,5.2,58,8.752,
25.8.2026,8:51:12.107,23.9,22.0,3.6,58,11.852,
25.8.2026,8:51:12.314,26.4,0.0,2.0,58,8.310,
25.8.2026,8:51:12.520,28.2,5.7,6.2,58,8.438,
25.8.2026,8:51:12.730,29.7,0.0,3.0,56,10.548,
25.8.2026,8:51:12.936,62.1,0.0,2.0,77,10.130,
25.8.2026,8:51:13.142,70.1,13.3,8.9,59,14.614,
25.8.2026,8:51:13.349,26.6,0.0,6.1,62,11.266,
25.8.2026,8:51:13.553,15.7,0.0,2.6,57,9.888,
25.8.2026,8:51:13.745,18.4,22.5,5.2,58,10.333,
25.8.2026,8:51:13.954,16.7,0.0,2.1,56,11.278,
25.8.2026,8:51:14.161,23.5,0.0,5.8,58,11.757,
25.8.2026,8:51:14.372,42.1,30.7,6.8,79,9.459,
25.8.2026,8:51:14.560,107.3,0.0,7.0,57,9.459,
25.8.2026,8:51:14.765,46.2,0.0,3.2,57,17.080,
25.8.2026,8:51:14.972,46.9,18.3,7.3,57,9.623,
25.8.2026,8:51:15.179,38.3,22.9,3.9,58,11.326,
25.8.2026,8:51:15.384,21.1,0.0,1.8,57,11.651,
25.8.2026,8:51:15.590,28.3,0.0,1.9,57,11.274,
25.8.2026,8:51:15.799,25.4,0.0,6.3,57,11.629,
25.8.2026,8:51:16.007,39.4,26.6,5.8,56,11.000,
25.8.2026,8:51:16.198,27.3,12.1,2.5,56,9.403,
25.8.2026,8:51:16.406,26.3,0.0,2.1,81,9.815,
25.8.2026,8:51:16.613,40.3,26.5,6.3,80,10.042,
25.8.2026,8:51:16.820,92.1,7.8,5.2,83,8.497,
25.8.2026,8:51:17.013,21.8,0.0,2.0,82,12.119,
25.8.2026,8:51:17.219,31.2,22.9,3.0,61,9.917,
25.8.2026,8:51:17.423,50.4,0.0,6.4,59,9.658,
25.8.2026,8:51:17.630,77.6,7.0,3.8,63,9.539,
25.8.2026,8:51:17.837,20.3,0.0,1.6,69,9.693,
25.8.2026,8:51:18.027,20.6,6.2,3.2,61,10.279,
25.8.2026,8:51:18.234,19.5,0.0,2.0,59,9.868,
25.8.2026,8:51:18.442,21.3,0.0,6.3,59,9.911,
25.8.2026,8:51:18.647,111.2,29.1,8.1,60,12.360,
25.8.2026,8:51:18.853,52.2,0.0,2.9,58,13.421,
25.8.2026,8:51:19.042,21.8,0.0,3.8,60,9.361,
25.8.2026,8:51:19.253,46.9,34.4,5.2,56,11.143,
25.8.2026,8:51:19.460,18.0,0.0,5.2,57,10.500,
25.8.2026,8:51:19.664,28.5,6.8,3.1,59,10.439,
25.8.2026,8:51:19.869,88.0,0.4,3.7,61,9.997,
25.8.2026,8:51:20.079,40.0,0.0,5.1,58,11.445,
25.8.2026,8:51:20.287,28.4,17.9,5.8,58,11.026,
25.8.2026,8:51:20.491,55.2,0.0,3.0,58,9.403,
25.8.2026,8:51:20.681,27.4,18.0,6.9,57,11.192,
25.8.2026,8:51:20.888,29.4,0.0,2.2,58,10.772,
25.8.2026,8:51:21.098,43.5,0.0,7.9,57,10.074,
25.8.2026,8:51:21.302,37.4,0.0,4.0,57,9.406,
25.8.2026,8:51:21.507,50.9,0.0,4.0,59,11.143,
25.8.2026,8:51:21.699,50.9,0.0,4.0,58,9.644,
25.8.2026,8:51:21.906,37.3,26.7,3.7,57,10.013,
25.8.2026,8:51:22.116,56.6,0.0,3.2,58,9.492,
25.8.2026,8:51:22.320,67.7,0.0,3.3,67,12.447,
25.8.2026,8:51:22.513,54.4,27.8,6.7,56,12.017,
25.8.2026,8:51:22.717,25.6,5.6,6.0,60,11.798,
25.8.2026,8:51:22.922,72.5,0.7,7.2,58,16.288,
25.8.2026,8:51:23.130,30.6,0.0,3.6,58,11.630,
25.8.2026,8:51:23.334,27.0,0.0,5.3,58,11.216,
25.8.2026,8:51:23.527,46.2,0.0,2.4,56,10.096,
25.8.2026,8:51:23.734,22.9,5.0,2.9,63,10.890,
25.8.2026,8:51:23.942,22.7,0.0,3.6,58,8.730,
25.8.2026,8:51:24.150,34.9,6.5,5.2,58,10.802,
25.8.2026,8:51:24.337,22.4,0.0,1.8,58,11.011,
25.8.2026,8:51:24.546,39.8,0.0,5.7,59,11.376,
25.8.2026,8:51:24.753,24.8,12.1,3.6,58,10.299,
25.8.2026,8:51:24.958,33.2,0.0,5.6,58,11.558,
25.8.2026,8:51:25.150,28.6,0.0,3.3,57,8.705,
25.8.2026,8:51:25.355,20.1,27.1,3.6,57,8.965,
25.8.2026,8:51:25.564,28.2,0.0,1.2,62,11.161,
25.8.2026,8:51:25.772,57.3,22.8,5.6,57,9.252,
25.8.2026,8:51:25.975,36.6,13.0,7.6,57,12.250,
25.8.2026,8:51:26.181,32.3,0.0,1.7,58,9.181,
25.8.2026,8:51:26.390,33.5,22.0,5.4,59,9.708,
25.8.2026,8:51:26.598,62.2,0.4,4.6,58,11.702,
25.8.2026,8:51:26.805,28.8,0.0,7.1,59,14.296,
25.8.2026,8:51:27.011,40.1,5.8,2.5,58,8.347,
25.8.2026,8:51:27.198,46.7,0.0,2.3,58,11.007,
25.8.2026,8:51:27.409,23.4,17.7,4.5,58,9.807,
25.8.2026,8:51:27.616,24.1,0.0,4.7,57,8.771,
25.8.2026,8:51:27.822,45.2,0.0,4.4,56,10.373,
25.8.2026,8:51:28.028,22.2,0.0,2.6,57,9.788,
25.8.2026,8:51:28.238,41.4,12.3,3.9,58,10.498,
25.8.2026,8:51:28.446,44.4,26.8,7.8,57,10.513,
25.8.2026,8:51:28.650,24.6,0.0,1.7,57,11.347,
25.8.2026,8:51:28.859,33.2,0.0,1.2,72,8.918,
25.8.2026,8:51:29.065,33.3,0.0,4.5,58,11.903,
25.8.2026,8:51:29.273,29.1,22.8,3.9,57,10.605,
25.8.2026,8:51:29.479,34.5,0.0,5.4,55,10.965,
25.8.2026,8:51:29.688,46.5,5.4,2.4,59,8.240,
25.8.2026,8:51:29.894,26.6,0.0,5.9,57,11.714,
25.8.2026,8:51:30.102,17.9,0.0,4.4,57,9.530,
25.8.2026,8:51:30.291,20.1,26.7,3.9,57,9.853,
25.8.2026,8:51:30.499,67.3,0.0,2.4,56,10.872,
25.8.2026,8:51:30.707,77.5,18.4,4.7,89,9.758,
25.8.2026,8:51:30.914,39.1,0.0,5.7,57,14.514,
25.8.2026,8:51:31.118,77.8,0.0,6.1,57,12.470,
25.8.2026,8:51:31.310,153.3,25.3,3.6,58,12.470,
25.8.2026,8:51:31.514,40.1,6.4,4.7,58,11.503,
25.8.2026,8:51:31.722,80.2,0.0,6.2,57,10.624,
25.8.2026,8:51:31.928,208.6,9.7,6.2,58,10.967,
25.8.2026,8:51:32.120,22.3,0.0,3.1,58,9.806,
25.8.2026,8:51:32.328,63.3,6.1,3.9,82,12.318,
25.8.2026,8:51:32.535,101.9,0.9,5.5,83,10.693,
25.8.2026,8:51:32.742,29.5,6.1,2.9,80,11.711,
25.8.2026,8:51:32.933,119.1,0.0,1.8,82,9.943,
25.8.2026,8:51:33.138,57.2,6.8,2.1,69,10.373,
25.8.2026,8:51:33.345,24.1,0.0,4.3,59,11.175,
25.8.2026,8:51:33.553,32.8,0.0,5.1,60,10.079,
25.8.2026,8:51:33.762,40.1,0.0,3.3,61,11.636,
25.8.2026,8:51:33.949,19.4,30.9,4.0,64,11.205,
25.8.2026,8:51:34.157,71.0,6.9,5.0,56,9.306,
25.8.2026,8:51:34.366,29.0,0.0,4.3,61,9.776,
25.8.2026,8:51:34.557,52.4,11.5,3.7,57,13.781,
25.8.2026,8:51:34.765,54.3,0.0,4.2,57,8.211,
25.8.2026,8:51:34.968,78.0,0.5,7.6,57,10.704,
25.8.2026,8:51:35.178,55.6,0.0,5.7,57,14.222,
25.8.2026,8:51:35.384,51.6,13.0,3.5,56,7.841,
25.8.2026,8:51:35.579,54.2,11.5,6.6,56,10.382,
25.8.2026,8:51:35.784,39.0,0.0,1.8,57,8.502,
25.8.2026,8:51:35.991,46.9,0.0,3.2,58,11.443,
25.8.2026,8:51:36.196,54.7,22.8,6.4,57,10.208,
25.8.2026,8:51:36.388,54.7,22.8,6.4,57,10.166,
25.8.2026,8:51:36.597,72.4,0.0,1.7,55,10.965,
25.8.2026,8:51:36.806,45.1,0.0,6.5,56,8.166,
25.8.2026,8:51:36.996,68.4,26.8,3.6,55,8.709,
25.8.2026,8:51:37.207,55.8,0.0,6.1,56,12.015,
25.8.2026,8:51:37.414,63.6,0.5,4.1,53,10.337,
25.8.2026,8:51:37.618,64.0,0.0,2.7,52,7.732,
25.8.2026,8:51:37.810,52.1,27.3,9.5,54,6.971,
25.8.2026,8:51:38.019,266.4,3.5,2.5,58,8.348,
25.8.2026,8:51:38.225,78.5,7.0,10.0,56,10.500,
25.8.2026,8:51:38.416,98.2,7.1,5.1,57,10.471,
25.8.2026,8:51:38.624,55.1,0.0,5.3,59,11.153,
25.8.2026,8:51:38.830,24.9,6.2,2.8,58,9.650,
25.8.2026,8:51:39.035,105.3,0.0,7.1,61,17.169,
25.8.2026,8:51:39.246,40.6,0.0,5.2,59,10.757,
25.8.2026,8:51:39.448,64.9,13.2,5.7,85,11.930,
25.8.2026,8:51:39.639,29.3,0.0,8.8,87,17.892,
25.8.2026,8:51:39.842,30.3,0.0,7.7,87,20.387,
25.8.2026,8:51:40.053,35.4,7.0,8.0,61,21.142,
25.8.2026,8:51:40.253,708.2,16.2,13.8,86,19.881,
25.8.2026,8:51:40.460,34.9,0.0,7.6,91,20.993,
25.8.2026,8:51:40.653,45.5,0.0,10.9,91,19.475,
25.8.2026,8:51:40.856,51.8,6.7,9.7,64,22.111,
25.8.2026,8:51:41.065,28.7,6.3,7.4,59,13.189,
25.8.2026,8:51:41.269,73.0,0.0,5.2,59,13.048,
25.8.2026,8:51:41.477,34.6,0.0,5.4,73,10.668,
25.8.2026,8:51:41.668,645.6,30.1,3.8,59,16.762,
25.8.2026,8:51:41.875,117.7,0.0,3.4,59,12.040,
25.8.2026,8:51:42.082,81.3,13.3,6.6,60,10.851,
25.8.2026,8:51:42.289,34.9,12.0,4.2,58,9.491,
25.8.2026,8:51:42.480,56.9,0.0,1.6,59,9.491,
25.8.2026,8:51:42.688,44.9,23.0,5.9,56,8.602,
25.8.2026,8:51:42.896,29.0,0.0,5.6,82,9.522,
25.8.2026,8:51:43.104,77.6,0.0,5.4,57,10.623,
25.8.2026,8:51:43.293,36.5,0.0,2.0,57,15.768,
25.8.2026,8:51:43.499,33.9,31.3,4.4,84,9.536,
25.8.2026,8:51:43.709,98.6,0.5,6.5,84,10.555,
25.8.2026,8:51:43.915,40.6,5.8,3.3,82,10.780,
25.8.2026,8:51:44.106,42.4,0.0,2.1,83,10.711,
25.8.2026,8:51:44.314,70.1,6.5,6.9,65,10.549,
25.8.2026,8:51:44.522,114.9,0.0,5.3,85,11.397,
25.8.2026,8:51:44.714,44.7,0.0,1.7,70,13.981,
25.8.2026,8:51:44.923,40.7,0.0,2.6,59,8.640,
25.8.2026,8:51:45.126,49.2,31.4,8.8,59,10.241,
25.8.2026,8:51:45.333,37.5,6.3,2.9,61,10.998,
25.8.2026,8:51:45.525,42.6,0.0,1.5,57,10.566,
25.8.2026,8:51:45.734,24.0,0.0,1.5,58,8.474,
25.8.2026,8:51:45.939,31.4,0.0,3.6,59,11.772,
25.8.2026,8:51:46.141,92.6,19.4,7.9,59,10.565,
25.8.2026,8:51:46.349,114.0,0.0,3.4,62,9.372,
25.8.2026,8:51:46.556,55.0,22.7,4.7,59,9.254,
25.8.2026,8:51:46.749,44.3,0.0,1.5,58,10.748,
25.8.2026,8:51:46.953,97.9,7.3,5.1,55,9.355,
25.8.2026,8:51:47.158,32.4,0.0,3.3,59,9.958,
25.8.2026,8:51:47.367,37.7,12.7,7.6,59,10.715,
25.8.2026,8:51:47.570,33.6,13.3,3.4,59,10.216,
25.8.2026,8:51:47.764,33.6,13.3,3.4,59,11.867,
25.8.2026,8:51:47.966,30.6,0.0,4.5,57,10.899,
25.8.2026,8:51:48.175,42.1,6.9,2.2,58,10.262,
25.8.2026,8:51:48.381,54.2,6.8,7.2,57,10.250,
25.8.2026,8:51:48.571,41.9,0.0,3.8,92,9.520,
25.8.2026,8:51:48.778,69.8,7.7,6.0,59,14.647,
25.8.2026,8:51:48.984,89.1,0.3,4.8,59,11.312,
25.8.2026,8:51:49.192,31.6,0.0,4.9,59,12.449,
25.8.2026,8:51:49.400,103.8,8.6,3.6,60,10.903,
25.8.2026,8:51:49.590,30.5,0.0,5.2,56,14.364,
25.8.2026,8:51:49.797,29.1,21.9,3.2,60,8.795,
25.8.2026,8:51:50.003,54.6,0.0,4.4,62,10.062,
25.8.2026,8:51:50.211,50.8,6.5,5.4,75,10.007,
25.8.2026,8:51:50.403,49.1,0.0,2.5,61,10.934,
25.8.2026,8:51:50.610,68.1,0.0,2.6,60,12.581,
25.8.2026,8:51:50.818,28.4,0.0,3.8,59,11.866,
25.8.2026,8:51:51.026,46.1,0.0,5.2,58,11.759,
25.8.2026,8:51:51.215,34.6,0.0,1.4,58,8.944,
25.8.2026,8:51:51.420,34.5,6.7,2.7,59,11.117,
25.8.2026,8:51:51.634,71.1,0.0,4.1,56,10.323,
25.8.2026,8:51:51.839,50.8,0.0,3.9,58,10.143,
25.8.2026,8:51:52.044,25.0,17.3,3.4,58,9.850,
25.8.2026,8:51:52.251,92.1,0.6,3.0,63,10.246,
25.8.2026,8:51:52.463,42.0,0.0,5.3,58,10.363,
25.8.2026,8:51:52.666,137.9,0.0,4.5,59,13.205,
25.8.2026,8:51:52.874,55.2,2.3,3.8,58,12.190,
25.8.2026,8:51:53.083,54.6,0.0,4.0,58,9.686,
25.8.2026,8:51:53.287,69.0,0.0,5.5,60,10.691,
25.8.2026,8:51:53.478,151.4,28.8,5.7,58,9.779,
25.8.2026,8:51:53.687,35.2,5.7,1.7,58,11.471,
25.8.2026,8:51:53.891,74.0,0.5,3.8,58,10.209,
25.8.2026,8:51:54.099,88.1,1.0,5.7,59,10.090,
25.8.2026,8:51:54.304,221.4,3.1,2.1,59,10.099,
25.8.2026,8:51:54.498,44.6,0.0,2.7,58,11.240,
25.8.2026,8:51:54.701,52.4,0.0,2.1,55,10.584,
25.8.2026,8:51:54.912,36.1,17.8,9.4,58,11.217,
25.8.2026,8:51:55.121,48.2,0.0,3.8,60,10.671,
25.8.2026,8:51:55.308,119.0,7.3,2.7,58,10.671,
25.8.2026,8:51:55.515,61.9,0.0,1.7,58,8.913,
25.8.2026,8:51:55.724,45.6,23.4,8.7,56,10.248,
25.8.2026,8:51:55.927,53.5,0.0,2.7,59,13.986,
25.8.2026,8:51:56.132,28.4,18.2,3.3,58,10.223,
25.8.2026,8:51:56.327,50.9,6.8,3.9,58,11.456,
25.8.2026,8:51:56.530,97.4,0.0,1.5,84,11.259,
25.8.2026,8:51:56.736,141.3,24.9,9.7,86,9.798,
25.8.2026,8:51:56.943,119.7,7.9,4.1,86,15.695,
25.8.2026,8:51:57.149,38.2,0.0,2.2,80,9.887,
25.8.2026,8:51:57.340,51.9,0.0,1.5,82,11.531,
25.8.2026,8:51:57.547,47.9,6.4,3.2,63,9.077,
25.8.2026,8:51:57.756,103.2,0.4,5.6,62,9.379,
25.8.2026,8:51:57.959,89.0,0.9,3.6,65,10.869,
25.8.2026,8:51:58.154,42.0,0.0,1.5,63,11.350,
25.8.2026,8:51:58.358,228.1,21.3,7.3,58,9.645,
25.8.2026,8:51:58.564,38.7,0.0,3.0,58,11.085,
25.8.2026,8:51:58.772,89.9,6.9,2.2,57,10.220,
25.8.2026,8:51:58.977,89.2,0.0,2.0,60,9.338,
25.8.2026,8:51:59.169,61.2,27.5,4.0,58,10.651,
25.8.2026,8:51:59.377,152.2,1.8,6.4,80,10.326,
25.8.2026,8:51:59.584,31.9,6.0,5.6,59,14.323,
25.8.2026,8:51:59.791,38.9,0.0,2.9,59,12.962,
25.8.2026,8:51:59.981,16.1,18.0,3.5,59,9.738,
25.8.2026,8:52:0.187,27.0,0.0,6.2,60,9.489,
25.8.2026,8:52:0.397,59.7,30.9,8.0,56,11.524,
25.8.2026,8:52:0.600,58.6,0.0,2.3,59,9.979,
25.8.2026,8:52:0.794,58.6,0.0,2.3,83,12.702,
25.8.2026,8:52:1.005,132.9,0.0,4.7,59,15.500,
25.8.2026,8:52:1.208,31.3,0.0,13.1,59,10.309,
25.8.2026,8:52:1.418,50.6,0.0,2.3,56,13.009,
25.8.2026,8:52:1.625,90.8,27.5,3.0,58,8.769,
25.8.2026,8:52:1.836,59.6,5.8,6.4,55,9.812,
25.8.2026,8:52:2.041,28.4,0.0,2.5,58,9.506,
25.8.2026,8:52:2.231,22.7,0.0,2.5,59,12.555,
25.8.2026,8:52:2.434,51.0,27.6,10.0,60,12.196,
25.8.2026,8:52:2.641,55.8,0.0,5.2,58,12.576,
25.8.2026,8:52:2.852,63.4,7.7,5.8,58,11.727,
25.8.2026,8:52:3.040,34.8,0.0,2.2,57,8.084,
25.8.2026,8:52:3.249,35.0,0.0,3.0,58,10.659,
25.8.2026,8:52:3.457,89.8,0.0,2.9,61,11.374,
25.8.2026,8:52:3.661,25.6,0.0,8.7,59,11.912,
25.8.2026,8:52:3.868,17.9,26.9,3.1,62,11.382,
25.8.2026,8:52:4.060,50.5,6.6,2.8,59,9.641,
25.8.2026,8:52:4.265,74.7,0.0,1.5,59,10.223,
25.8.2026,8:52:4.472,59.2,0.0,5.3,59,10.629,
25.8.2026,8:52:4.678,31.1,6.3,5.9,76,11.997,
25.8.2026,8:52:4.883,18.3,0.0,4.4,63,14.177,
25.8.2026,8:52:5.079,88.3,19.6,6.2,60,13.296,
25.8.2026,8:52:5.286,16.4,0.0,5.6,57,11.675,
25.8.2026,8:52:5.489,88.1,0.0,4.0,59,10.563,
25.8.2026,8:52:5.699,50.5,0.0,5.8,59,10.527,
25.8.2026,8:52:5.890,116.1,0.4,1.9,58,10.323,
25.8.2026,8:52:6.094,24.0,5.7,4.2,59,9.837,
25.8.2026,8:52:6.304,18.6,0.0,4.9,57,9.901,
25.8.2026,8:52:6.508,36.1,30.9,3.6,58,12.352,
25.8.2026,8:52:6.699,82.7,0.0,2.2,58,10.696,
25.8.2026,8:52:6.907,64.6,0.0,2.1,58,9.993,
25.8.2026,8:52:7.112,58.6,18.5,5.9,59,9.721,
25.8.2026,8:52:7.321,84.0,6.6,4.7,59,10.461,
25.8.2026,8:52:7.511,31.7,0.0,1.4,57,10.461,
25.8.2026,8:52:7.718,54.1,0.0,4.2,57,8.740,
25.8.2026,8:52:7.928,52.6,0.0,6.6,59,11.593,
25.8.2026,8:52:8.132,33.7,6.1,2.3,57,11.010,
25.8.2026,8:52:8.325,136.6,0.0,2.3,57,10.201,
25.8.2026,8:52:8.532,93.1,7.6,4.4,84,9.761,
25.8.2026,8:52:8.740,65.5,7.0,6.3,84,10.913,
25.8.2026,8:52:8.945,42.5,0.1,4.7,83,9.558,
25.8.2026,8:52:9.138,76.2,0.0,3.6,82,13.316,
25.8.2026,8:52:9.342,38.5,0.0,2.3,64,12.851,
25.8.2026,8:52:9.550,39.2,18.2,5.2,71,10.737,
25.8.2026,8:52:9.756,35.2,0.0,4.6,63,12.850,
25.8.2026,8:52:9.946,84.2,19.0,3.4,62,10.469,
25.8.2026,8:52:10.157,39.2,0.0,2.0,58,9.145,
25.8.2026,8:52:10.361,32.3,12.3,7.1,63,10.759,
25.8.2026,8:52:10.571,48.2,0.0,4.5,59,10.801,
25.8.2026,8:52:10.763,33.3,12.3,6.6,57,8.359,
25.8.2026,8:52:10.966,25.0,0.0,2.1,62,10.166,
25.8.2026,8:52:11.175,19.3,11.4,7.7,57,12.683,
25.8.2026,8:52:11.381,41.2,0.0,4.2,58,8.151,
25.8.2026,8:52:11.587,59.8,6.9,5.8,60,9.549,
25.8.2026,8:52:11.796,101.1,19.7,3.7,57,10.334,
25.8.2026,8:52:12.002,51.2,0.0,4.2,59,10.884,
25.8.2026,8:52:12.206,91.7,8.1,5.5,60,11.289,
25.8.2026,8:52:12.414,39.3,12.3,5.6,58,12.922,
25.8.2026,8:52:12.620,50.4,0.0,2.6,58,9.309,
25.8.2026,8:52:12.827,57.2,18.7,4.8,61,10.437,
25.8.2026,8:52:13.034,102.0,0.0,6.2,82,13.053,
25.8.2026,8:52:13.240,44.3,12.1,6.2,60,16.219,
25.8.2026,8:52:13.447,74.8,0.0,2.6,59,10.001,
25.8.2026,8:52:13.638,58.9,0.0,3.3,59,12.761,
25.8.2026,8:52:13.842,24.1,0.0,3.5,59,9.930,
25.8.2026,8:52:14.051,21.0,5.8,6.1,58,12.432,
25.8.2026,8:52:14.256,62.3,18.5,4.6,59,10.818,
25.8.2026,8:52:14.462,25.5,6.8,6.7,82,11.315,
25.8.2026,8:52:14.653,25.5,6.8,6.7,60,13.642,
25.8.2026,8:52:14.861,49.8,0.0,2.4,59,11.607,
25.8.2026,8:52:15.066,34.4,0.0,4.7,56,8.758,
25.8.2026,8:52:15.275,38.2,34.2,9.0,56,10.640,
25.8.2026,8:52:15.468,49.1,0.0,1.7,57,12.251,
25.8.2026,8:52:15.672,59.1,19.3,5.0,57,9.446,
25.8.2026,8:52:15.882,67.9,0.0,3.7,57,10.261,
25.8.2026,8:52:16.085,40.4,6.3,6.4,58,10.760,
25.8.2026,8:52:16.276,40.3,0.0,2.0,55,12.217,
25.8.2026,8:52:16.485,66.0,0.2,2.0,62,11.001,
25.8.2026,8:52:16.691,22.8,0.0,2.6,61,11.532,
25.8.2026,8:52:16.897,20.7,17.6,9.6,58,10.931,
25.8.2026,8:52:17.104,97.5,7.9,1.8,62,10.168,
25.8.2026,8:52:17.293,35.6,0.0,2.2,58,11.008,
25.8.2026,8:52:17.502,50.5,7.0,2.9,59,10.292,
25.8.2026,8:52:17.706,27.4,0.0,5.6,58,12.312,
25.8.2026,8:52:17.914,19.6,0.0,5.0,59,10.154,
25.8.2026,8:52:18.104,18.4,12.2,2.9,57,10.707,
25.8.2026,8:52:18.312,15.5,5.2,2.0,61,8.198,
25.8.2026,8:52:18.519,90.2,0.3,7.7,71,10.175,
25.8.2026,8:52:18.727,79.1,0.4,5.5,59,12.075,
25.8.2026,8:52:18.933,17.7,0.0,2.6,59,8.789,
25.8.2026,8:52:19.124,31.1,17.6,4.0,58,9.232,
25.8.2026,8:52:19.328,68.7,12.6,3.2,59,11.364,
25.8.2026,8:52:19.534,21.6,0.0,9.2,58,10.183,
25.8.2026,8:52:19.744,40.4,12.4,2.2,56,10.448,
25.8.2026,8:52:19.933,16.8,0.0,3.2,59,10.934,
25.8.2026,8:52:20.142,30.7,0.0,4.2,58,11.366,
25.8.2026,8:52:20.350,21.7,27.0,8.6,57,9.360,
25.8.2026,8:52:20.559,30.8,5.7,2.4,78,9.008,
25.8.2026,8:52:20.746,45.9,0.0,3.8,58,9.008,
25.8.2026,8:52:20.954,74.4,27.8,4.0,59,10.842,
25.8.2026,8:52:21.161,28.1,0.0,6.2,59,7.644,
25.8.2026,8:52:21.368,24.6,26.8,4.6,57,10.795,
25.8.2026,8:52:21.559,51.3,5.4,1.7,57,9.628,
25.8.2026,8:52:21.769,24.7,0.0,4.2,82,10.057,
25.8.2026,8:52:21.973,31.0,0.0,5.1,82,12.286,
25.8.2026,8:52:22.183,27.3,0.0,1.5,84,10.202,
25.8.2026,8:52:22.388,18.7,5.9,2.4,83,11.210,
25.8.2026,8:52:22.595,29.3,0.0,4.6,84,9.669,
25.8.2026,8:52:22.801,24.9,6.0,7.9,82,11.564,
25.8.2026,8:52:23.007,48.9,0.0,1.8,82,14.281,
25.8.2026,8:52:23.199,19.6,0.0,2.0,81,10.147,
25.8.2026,8:52:23.407,35.7,0.0,1.7,72,9.235,
25.8.2026,8:52:23.612,72.0,34.4,7.5,65,10.874,
25.8.2026,8:52:23.821,42.5,0.0,2.6,77,10.174,
25.8.2026,8:52:24.012,40.7,6.4,5.5,71,10.035,
25.8.2026,8:52:24.222,19.2,0.0,4.3,57,8.720,
25.8.2026,8:52:24.429,55.1,0.0,1.9,58,10.039,
25.8.2026,8:52:24.621,57.8,17.6,8.9,57,11.978,
25.8.2026,8:52:24.826,13.9,0.0,1.5,58,11.107,
25.8.2026,8:52:25.035,21.3,5.8,6.1,58,10.609,
25.8.2026,8:52:25.241,17.5,0.0,3.0,57,9.418,
25.8.2026,8:52:25.434,48.0,31.1,3.7,58,9.804,
25.8.2026,8:52:25.639,27.9,0.0,3.2,58,10.334,
25.8.2026,8:52:25.848,30.5,12.1,5.6,57,10.826,
25.8.2026,8:52:26.052,30.9,0.0,6.8,58,11.413,
25.8.2026,8:52:26.261,28.1,0.0,1.7,59,9.943,
25.8.2026,8:52:26.470,23.8,0.0,1.6,57,8.642,
25.8.2026,8:52:26.674,31.0,18.4,16.1,59,9.368,
25.8.2026,8:52:26.881,18.4,0.0,1.4,60,19.194,
25.8.2026,8:52:27.087,16.0,6.2,3.6,59,10.609,
25.8.2026,8:52:27.275,16.0,6.2,3.6,57,12.471,
25.8.2026,8:52:27.484,78.8,18.8,3.4,59,9.968,
25.8.2026,8:52:27.694,26.5,11.4,5.4,53,9.007,
25.8.2026,8:52:27.899,34.2,4.8,3.4,57,9.537,
25.8.2026,8:52:28.090,28.5,0.0,1.4,57,10.418,
25.8.2026,8:52:28.297,26.0,31.0,5.7,66,10.031,
25.8.2026,8:52:28.504,36.2,6.7,6.4,59,11.960,
25.8.2026,8:52:28.710,34.5,0.0,5.7,57,8.854,
25.8.2026,8:52:28.917,34.8,0.0,2.5,58,9.770,
25.8.2026,8:52:29.123,42.7,30.9,3.7,58,10.545,
25.8.2026,8:52:29.330,26.8,0.0,1.9,56,9.215,
25.8.2026,8:52:29.538,56.1,0.0,5.0,58,10.932,
25.8.2026,8:52:29.746,28.2,27.0,6.7,59,11.905,
25.8.2026,8:52:29.937,61.8,0.0,3.2,63,13.769,
25.8.2026,8:52:30.141,45.2,0.0,2.6,59,11.047,
25.8.2026,8:52:30.347,25.3,0.0,5.4,58,10.376,
25.8.2026,8:52:30.554,29.9,5.5,4.5,59,9.440,
25.8.2026,8:52:30.762,25.6,0.0,2.3,81,11.034,
25.8.2026,8:52:30.954,38.3,6.5,5.6,61,12.581,
25.8.2026,8:52:31.156,19.7,0.0,4.8,59,10.989,
25.8.2026,8:52:31.361,61.7,7.4,4.9,59,9.637,
25.8.2026,8:52:31.568,39.1,0.0,3.7,59,11.372,
25.8.2026,8:52:31.776,20.0,17.7,3.6,59,10.665,
25.8.2026,8:52:31.964,34.1,0.0,2.1,58,9.646,
25.8.2026,8:52:32.174,32.1,12.6,4.0,57,11.142,
25.8.2026,8:52:32.381,35.5,0.0,6.1,55,10.798,
25.8.2026,8:52:32.589,36.3,11.7,3.7,57,9.500,
25.8.2026,8:52:32.778,26.1,0.0,1.7,63,9.438,
25.8.2026,8:52:32.983,80.1,7.4,3.2,58,13.054,
25.8.2026,8:52:33.190,34.9,13.2,6.0,55,12.062,
25.8.2026,8:52:33.397,46.5,6.1,6.8,57,9.301,
25.8.2026,8:52:33.587,21.4,0.0,1.5,58,10.546,
25.8.2026,8:52:33.796,36.3,0.0,2.4,55,10.917,
25.8.2026,8:52:34.003,27.1,12.1,5.5,57,11.789,
25.8.2026,8:52:34.213,70.3,23.1,4.4,55,9.293,
25.8.2026,8:52:34.402,70.7,0.0,3.8,57,9.293,
25.8.2026,8:52:34.612,124.6,13.9,6.7,55,9.978,
25.8.2026,8:52:34.818,32.8,12.3,7.8,61,10.390,
25.8.2026,8:52:35.011,33.8,0.0,4.9,61,10.794,
25.8.2026,8:52:35.217,20.6,17.2,3.0,83,16.245,
25.8.2026,8:52:35.430,34.2,0.0,5.2,81,9.712,
25.8.2026,8:52:35.633,93.5,27.6,5.2,80,9.597,
25.8.2026,8:52:35.827,122.6,0.6,2.2,83,9.066,
25.8.2026,8:52:36.032,30.9,0.0,5.0,64,11.598,
25.8.2026,8:52:36.241,71.1,0.2,4.4,65,11.546,
25.8.2026,8:52:36.445,63.9,0.0,4.4,64,10.241,
25.8.2026,8:52:36.640,47.8,27.0,3.3,63,9.604,
25.8.2026,8:52:36.845,51.5,6.5,5.4,55,10.191,
25.8.2026,8:52:37.053,39.3,6.3,4.3,56,10.098,
25.8.2026,8:52:37.260,53.6,0.0,4.3,56,11.110,
25.8.2026,8:52:37.466,69.1,22.9,2.9,59,9.960,
25.8.2026,8:52:37.672,53.2,13.5,6.4,57,9.466,
25.8.2026,8:52:37.880,33.6,0.0,4.5,61,9.423,
25.8.2026,8:52:38.092,51.3,5.9,2.4,59,11.472,
25.8.2026,8:52:38.297,30.4,0.0,2.5,60,9.690,
25.8.2026,8:52:38.504,50.0,13.0,8.6,57,9.388,
25.8.2026,8:52:38.711,52.3,12.7,4.3,58,11.907,
25.8.2026,8:52:38.902,247.5,3.8,5.3,60,11.471,
25.8.2026,8:52:39.112,67.1,6.3,9.6,58,14.823,
25.8.2026,8:52:39.318,57.7,0.0,4.1,57,13.770,
25.8.2026,8:52:39.511,38.6,5.6,4.9,57,9.560,
25.8.2026,8:52:39.719,35.2,0.0,5.4,58,10.466,
25.8.2026,8:52:39.927,34.0,11.6,4.6,56,9.269,
25.8.2026,8:52:40.135,24.6,0.0,1.8,57,7.978,
25.8.2026,8:52:40.327,142.9,14.4,4.5,57,11.559,
25.8.2026,8:52:40.536,37.0,11.5,5.1,55,8.887,
25.8.2026,8:52:40.744,106.1,0.0,1.8,55,10.603,
25.8.2026,8:52:40.955,60.1,18.6,7.6,81,10.203,
25.8.2026,8:52:41.156,87.5,0.0,10.8,92,15.211,
25.8.2026,8:52:41.362,42.8,13.3,12.2,88,22.127,
25.8.2026,8:52:41.569,130.9,8.2,9.5,86,20.528,
25.8.2026,8:52:41.774,35.3,0.0,7.8,85,24.278,
25.8.2026,8:52:41.980,43.5,13.3,10.6,86,22.136,
25.8.2026,8:52:42.171,57.4,7.1,12.9,94,19.716,
25.8.2026,8:52:42.379,97.9,0.0,9.1,84,19.242,
25.8.2026,8:52:42.582,25.2,11.7,6.6,57,17.154,
25.8.2026,8:52:42.787,283.2,0.0,7.4,81,9.589,
25.8.2026,8:52:42.978,283.2,0.0,7.4,78,17.336,
25.8.2026,8:52:43.187,43.0,14.1,7.8,65,15.323,
25.8.2026,8:52:43.392,24.6,0.0,2.2,59,11.182,
25.8.2026,8:52:43.604,37.5,26.8,6.9,57,10.880,
25.8.2026,8:52:43.810,56.4,0.0,3.0,58,9.874,
25.8.2026,8:52:44.017,69.4,0.0,4.4,57,13.434,
25.8.2026,8:52:44.224,33.7,0.0,6.8,58,10.279,
25.8.2026,8:52:44.430,36.9,0.0,5.9,83,9.235,
25.8.2026,8:52:44.620,66.0,7.5,6.1,60,13.342,
25.8.2026,8:52:44.829,24.9,11.6,5.7,56,8.913,
25.8.2026,8:52:45.036,75.5,12.6,4.7,60,7.837,
25.8.2026,8:52:45.245,35.4,0.0,6.1,55,10.197,
25.8.2026,8:52:45.456,32.9,0.0,2.1,58,9.264,
25.8.2026,8:52:45.662,72.1,6.4,9.7,54,8.890,
25.8.2026,8:52:45.854,67.9,0.0,3.2,55,8.113,
25.8.2026,8:52:46.066,79.1,18.5,6.3,54,8.877,
25.8.2026,8:52:46.275,44.0,5.9,5.2,54,7.279,
25.8.2026,8:52:46.464,59.7,0.0,8.5,53,8.027,
25.8.2026,8:52:46.674,132.1,13.3,3.6,53,10.938,
25.8.2026,8:52:46.880,30.8,0.0,8.3,54,9.098,
25.8.2026,8:52:47.088,49.2,18.0,4.3,62,8.218,
25.8.2026,8:52:47.276,92.8,0.0,2.5,58,10.819,
25.8.2026,8:52:47.482,25.5,13.2,4.1,56,8.959,
25.8.2026,8:52:47.694,26.4,5.5,4.7,57,9.138,
25.8.2026,8:52:47.898,78.9,6.7,8.9,57,10.473,
25.8.2026,8:52:48.089,33.3,0.0,2.0,56,10.473,
25.8.2026,8:52:48.298,24.6,0.0,2.8,70,10.602,
25.8.2026,8:52:48.509,54.0,22.8,8.4,57,10.935,
25.8.2026,8:52:48.711,69.9,0.0,5.2,57,10.730,
25.8.2026,8:52:48.906,46.2,18.4,3.4,57,14.735,
25.8.2026,8:52:49.111,26.2,6.0,3.8,84,10.811,
25.8.2026,8:52:49.316,38.2,0.0,5.0,83,9.752,
25.8.2026,8:52:49.527,39.7,0.0,3.0,82,9.839,
25.8.2026,8:52:49.734,25.3,11.2,4.8,82,11.662,
25.8.2026,8:52:49.945,26.4,4.8,4.7,81,10.157,
25.8.2026,8:52:50.148,25.0,5.6,6.3,76,8.467,
25.8.2026,8:52:50.344,94.5,0.0,3.5,83,12.570,
25.8.2026,8:52:50.547,52.5,0.0,1.6,66,12.094,
25.8.2026,8:52:50.756,25.6,17.5,8.0,78,9.198,
25.8.2026,8:52:50.963,30.7,0.0,3.4,60,9.570,
25.8.2026,8:52:51.152,68.1,0.0,6.3,62,11.496,
25.8.2026,8:52:51.362,41.4,5.9,8.1,61,10.358,
25.8.2026,8:52:51.569,39.3,7.2,4.0,59,9.961,
25.8.2026,8:52:51.776,19.4,0.0,4.7,57,10.318,
25.8.2026,8:52:51.966,17.8,0.0,2.8,57,8.386,
25.8.2026,8:52:52.176,43.5,11.9,5.4,57,10.033,
25.8.2026,8:52:52.380,63.5,0.0,6.8,57,10.105,
25.8.2026,8:52:52.590,41.6,2.4,4.1,58,12.341,
25.8.2026,8:52:52.798,76.2,0.7,8.2,58,13.914,
25.8.2026,8:52:53.003,18.0,14.2,3.2,56,14.983,
25.8.2026,8:52:53.212,38.8,0.0,6.3,55,9.383,
25.8.2026,8:52:53.400,68.8,0.0,2.8,57,14.779,
25.8.2026,8:52:53.609,30.2,12.3,4.0,58,10.343,
25.8.2026,8:52:53.816,44.9,6.1,6.7,58,12.424,
25.8.2026,8:52:54.024,65.6,0.0,3.4,57,11.277,
25.8.2026,8:52:54.212,41.3,1.7,3.9,59,13.471,
25.8.2026,8:52:54.418,50.0,0.0,2.9,58,11.959,
25.8.2026,8:52:54.628,39.9,0.0,7.4,57,11.492,
25.8.2026,8:52:54.833,43.6,6.2,6.3,58,10.111,
25.8.2026,8:52:55.026,69.9,0.0,2.1,58,12.599,
25.8.2026,8:52:55.234,28.8,0.0,3.0,59,10.876,
25.8.2026,8:52:55.440,52.9,2.5,5.0,59,13.031,
25.8.2026,8:52:55.646,18.6,0.0,5.4,59,11.651,
25.8.2026,8:52:55.855,83.2,13.7,5.1,59,12.091,
25.8.2026,8:52:56.043,43.5,0.0,2.4,57,11.302,
25.8.2026,8:52:56.254,42.0,5.5,5.8,59,10.493,
25.8.2026,8:52:56.457,49.4,0.0,6.5,59,10.943,
25.8.2026,8:52:56.662,83.9,14.2,7.2,82,8.889,
25.8.2026,8:52:56.855,28.9,0.0,5.5,60,16.618,
25.8.2026,8:52:57.061,49.4,0.0,4.2,59,11.923,
25.8.2026,8:52:57.269,30.5,0.0,4.6,59,10.807,
25.8.2026,8:52:57.475,33.6,0.0,6.2,58,10.391,
25.8.2026,8:52:57.666,33.6,0.0,6.2,59,9.505,
25.8.2026,8:52:57.875,152.5,0.0,6.3,57,12.489,
25.8.2026,8:52:58.079,32.0,6.7,5.9,58,9.653,
25.8.2026,8:52:58.289,23.9,14.6,3.8,58,10.365,
25.8.2026,8:52:58.490,77.9,0.0,8.0,58,8.715,
25.8.2026,8:52:58.683,23.4,0.0,2.3,59,9.498,
25.8.2026,8:52:58.890,16.8,12.2,5.9,59,9.423,
25.8.2026,8:52:59.096,15.8,0.0,3.5,58,12.140,
25.8.2026,8:52:59.302,17.0,9.3,5.2,58,8.802,
25.8.2026,8:52:59.506,28.7,0.0,7.4,58,10.085,
25.8.2026,8:52:59.713,18.2,2.5,2.7,60,10.131,
25.8.2026,8:52:59.902,23.9,0.0,2.1,59,9.917,
25.8.2026,8:53:0.109,35.9,0.0,5.4,58,12.065,
25.8.2026,8:53:0.317,58.4,13.3,11.4,59,13.607,
25.8.2026,8:53:0.526,45.2,0.0,2.8,57,10.018,
25.8.2026,8:53:0.732,35.6,0.0,3.7,73,10.622,
25.8.2026,8:53:0.941,36.5,8.9,6.7,59,10.871,
25.8.2026,8:53:1.148,71.4,10.2,4.4,58,9.950,
25.8.2026,8:53:1.354,24.3,0.0,2.1,58,10.119,
25.8.2026,8:53:1.544,17.6,12.4,6.6,57,10.119,
25.8.2026,8:53:1.750,94.5,0.0,3.4,55,9.870,
25.8.2026,8:53:1.962,28.3,0.0,6.2,56,10.455,
25.8.2026,8:53:2.165,41.0,2.3,2.7,57,10.479,
25.8.2026,8:53:2.357,53.8,10.1,6.0,57,10.652,
25.8.2026,8:53:2.564,39.7,0.0,1.8,82,10.666,
25.8.2026,8:53:2.770,26.5,9.0,5.1,83,10.372,
25.8.2026,8:53:2.981,17.9,0.0,2.9,84,9.594,
25.8.2026,8:53:3.187,21.2,11.5,7.1,82,11.459,
25.8.2026,8:53:3.394,43.6,0.0,5.2,84,9.461,
25.8.2026,8:53:3.602,31.4,11.9,6.2,82,13.087,
25.8.2026,8:53:3.797,38.7,0.0,2.2,80,11.319,
25.8.2026,8:53:4.004,37.7,6.1,6.1,70,9.241,
25.8.2026,8:53:4.209,44.2,0.0,3.0,60,9.615,
25.8.2026,8:53:4.400,39.0,8.7,3.7,61,12.190,
25.8.2026,8:53:4.608,34.1,0.0,3.6,58,10.725,
25.8.2026,8:53:4.811,67.1,13.5,6.7,59,11.405,
25.8.2026,8:53:5.017,32.8,7.0,12.1,61,13.234,
25.8.2026,8:53:5.230,21.2,0.0,2.8,60,14.884,
25.8.2026,8:53:5.422,26.7,0.0,2.0,57,11.419,
25.8.2026,8:53:5.629,29.5,11.7,5.9,59,10.082,
25.8.2026,8:53:5.839,66.4,0.0,4.0,55,10.279,
25.8.2026,8:53:6.045,35.5,0.0,1.5,57,9.886,
25.8.2026,8:53:6.259,53.2,0.0,7.0,63,9.151,
25.8.2026,8:53:6.461,88.8,0.0,4.3,54,8.135,
25.8.2026,8:53:6.655,67.2,13.0,3.7,55,9.745,
25.8.2026,8:53:6.861,14.5,0.0,3.4,59,9.410,
25.8.2026,8:53:7.070,44.0,11.9,5.1,55,11.183,
25.8.2026,8:53:7.262,36.8,0.0,1.6,57,9.550,
25.8.2026,8:53:7.471,29.8,5.7,3.5,57,10.337,
25.8.2026,8:53:7.675,49.8,0.0,5.4,57,10.041,
25.8.2026,8:53:7.883,37.3,6.4,2.8,58,8.847,
25.8.2026,8:53:8.076,52.6,0.0,1.9,60,12.686,
25.8.2026,8:53:8.282,37.2,6.5,4.6,58,11.092,
25.8.2026,8:53:8.488,76.4,0.0,3.3,57,11.136,
25.8.2026,8:53:8.695,111.3,14.7,6.2,57,10.078,
25.8.2026,8:53:8.901,38.9,0.1,5.2,81,10.865,
25.8.2026,8:53:9.091,17.8,0.0,2.5,55,11.702,
25.8.2026,8:53:9.296,50.4,0.0,4.8,59,11.373,
25.8.2026,8:53:9.506,30.0,0.0,6.3,60,11.397,
25.8.2026,8:53:9.714,7.9,5.1,2.1,56,10.033,
25.8.2026,8:53:9.905,14.8,0.0,1.9,58,10.538,
25.8.2026,8:53:10.110,12.2,0.0,5.4,57,10.147,
25.8.2026,8:53:10.319,41.7,18.1,5.0,58,10.221,
25.8.2026,8:53:10.525,30.5,0.0,1.6,57,10.183,
25.8.2026,8:53:10.719,30.5,0.0,1.6,55,9.171,
25.8.2026,8:53:10.925,21.7,0.0,2.3,55,9.290,
25.8.2026,8:53:11.120,62.0,12.1,5.4,55,9.478,
25.8.2026,8:53:11.328,23.7,0.0,5.3,56,9.976,
25.8.2026,8:53:11.535,44.9,5.9,9.0,53,8.788,
25.8.2026,8:53:11.744,41.3,6.8,4.3,55,8.773,
25.8.2026,8:53:11.937,41.0,0.0,2.1,53,7.295,
25.8.2026,8:53:12.148,68.1,5.9,5.7,53,8.098,
25.8.2026,8:53:12.354,66.1,6.1,6.9,52,7.241,
25.8.2026,8:53:12.545,41.1,6.7,6.6,52,7.241,
25.8.2026,8:53:12.752,55.7,0.0,2.4,52,8.699,
25.8.2026,8:53:12.961,25.6,5.6,7.8,64,7.542,
25.8.2026,8:53:13.164,130.6,1.2,6.7,55,7.145,
25.8.2026,8:53:13.355,52.0,0.0,2.5,55,10.083,
25.8.2026,8:53:13.563,32.1,6.5,2.0,84,10.330,
25.8.2026,8:53:13.772,28.2,5.2,4.7,81,11.577,
25.8.2026,8:53:13.979,44.8,5.8,5.0,80,9.837,
25.8.2026,8:53:14.171,18.3,0.0,1.9,82,9.010,
25.8.2026,8:53:14.376,91.0,1.0,3.2,62,11.581,
25.8.2026,8:53:14.580,45.4,7.0,8.8,72,11.201,
25.8.2026,8:53:14.787,18.2,12.4,5.4,73,15.316,
25.8.2026,8:53:14.991,68.7,0.0,2.0,66,10.147,
25.8.2026,8:53:15.199,30.2,0.0,1.9,62,10.723,
25.8.2026,8:53:15.407,84.9,6.7,3.0,62,9.998,
25.8.2026,8:53:15.612,45.3,0.0,4.7,75,9.623,
25.8.2026,8:53:15.820,87.3,0.0,5.7,80,11.365,
25.8.2026,8:53:16.024,61.4,0.1,3.0,60,9.139,
25.8.2026,8:53:16.234,35.1,12.6,3.0,62,11.550,
25.8.2026,8:53:16.436,62.9,0.0,2.6,63,10.639,
25.8.2026,8:53:16.645,42.7,0.2,8.6,78,11.926,
25.8.2026,8:53:16.853,21.5,5.4,2.6,73,12.048,
25.8.2026,8:53:17.044,36.0,6.5,2.7,67,10.817,
25.8.2026,8:53:17.248,84.0,0.0,1.7,61,10.184,
25.8.2026,8:53:17.457,40.8,6.7,5.0,58,10.157,
25.8.2026,8:53:17.659,30.4,13.0,6.1,59,11.084,
25.8.2026,8:53:17.870,55.3,0.0,2.7,61,11.118,
25.8.2026,8:53:18.060,31.2,0.0,1.8,58,9.821,
25.8.2026,8:53:18.269,39.3,17.8,6.6,59,9.980,
25.8.2026,8:53:18.474,43.3,0.0,6.4,72,9.896,
25.8.2026,8:53:18.678,40.0,0.0,6.7,60,10.612,
25.8.2026,8:53:18.870,12.5,5.8,3.0,59,15.759,
25.8.2026,8:53:19.079,26.1,11.9,4.4,58,9.845,
25.8.2026,8:53:19.288,20.3,0.0,4.3,59,10.795,
25.8.2026,8:53:19.480,44.6,0.0,4.8,75,8.842,
25.8.2026,8:53:19.684,95.2,8.0,8.4,59,14.348,
25.8.2026,8:53:19.894,203.4,2.7,3.5,58,13.955,
25.8.2026,8:53:20.099,28.2,0.0,5.9,59,11.091,
25.8.2026,8:53:20.308,85.1,6.7,2.3,55,12.440,
25.8.2026,8:53:20.515,34.1,0.0,2.2,56,8.641,
25.8.2026,8:53:20.721,30.4,5.8,4.7,53,9.882,
25.8.2026,8:53:20.928,31.6,12.5,3.9,58,9.537,
25.8.2026,8:53:21.121,18.2,0.0,4.4,57,11.540,
25.8.2026,8:53:21.328,29.7,0.0,5.2,56,10.030,
25.8.2026,8:53:21.536,25.8,0.0,3.4,54,9.276,
25.8.2026,8:53:21.742,27.8,5.7,6.2,56,9.773,
25.8.2026,8:53:21.937,55.4,0.0,1.7,57,9.444,
25.8.2026,8:53:22.143,54.9,6.4,6.0,59,9.125,
25.8.2026,8:53:22.350,51.6,7.3,6.1,55,9.453,
25.8.2026,8:53:22.552,30.5,0.0,5.9,79,10.921,
25.8.2026,8:53:22.746,28.1,0.0,1.8,58,13.445,
25.8.2026,8:53:22.953,13.1,0.0,3.4,59,10.469,
25.8.2026,8:53:23.156,35.1,6.8,5.5,58,10.249,
25.8.2026,8:53:23.368,18.9,10.9,3.7,55,10.081,
25.8.2026,8:53:23.560,18.9,10.9,3.7,58,9.140,
25.8.2026,8:53:23.769,18.1,0.0,2.6,58,9.393,
25.8.2026,8:53:23.972,56.6,6.6,5.0,57,11.519,
25.8.2026,8:53:24.179,57.3,0.0,4.2,57,9.532,
25.8.2026,8:53:24.375,22.6,0.0,2.5,55,10.512,
25.8.2026,8:53:24.580,52.6,13.7,6.0,79,10.562,
25.8.2026,8:53:24.788,30.6,5.1,5.7,57,10.229,
25.8.2026,8:53:24.979,46.7,0.0,5.5,56,8.685,
25.8.2026,8:53:25.188,55.9,12.0,3.0,56,8.792,
25.8.2026,8:53:25.395,70.0,0.1,4.2,61,8.368,
25.8.2026,8:53:25.599,47.0,0.0,3.8,58,13.095,
25.8.2026,8:53:25.809,21.4,0.0,3.3,58,12.230,
25.8.2026,8:53:26.014,37.2,12.7,3.6,56,9.953,
25.8.2026,8:53:26.222,36.4,0.0,3.9,59,9.907,
25.8.2026,8:53:26.430,44.8,12.8,5.4,57,9.557,
25.8.2026,8:53:26.634,53.6,0.0,2.5,88,11.836,
25.8.2026,8:53:26.840,65.6,0.0,4.5,58,16.328,
25.8.2026,8:53:27.047,18.3,12.4,3.5,58,11.382,
25.8.2026,8:53:27.253,23.6,0.0,6.5,55,10.795,
25.8.2026,8:53:27.463,26.5,5.9,3.3,57,10.103,
25.8.2026,8:53:27.652,15.8,0.0,2.1,54,10.103,
25.8.2026,8:53:27.860,22.5,5.6,3.7,58,11.452,
25.8.2026,8:53:28.068,23.4,0.0,6.1,58,12.403,
25.8.2026,8:53:28.274,18.5,0.0,3.3,57,9.595,
25.8.2026,8:53:28.463,54.6,0.0,1.5,57,10.168,
25.8.2026,8:53:28.670,32.7,0.0,1.9,82,9.825,
25.8.2026,8:53:28.879,15.2,0.0,3.6,84,9.633,
25.8.2026,8:53:29.083,41.6,6.3,5.5,77,10.451,
25.8.2026,8:53:29.294,57.0,12.5,3.2,80,9.079,
25.8.2026,8:53:29.497,23.3,0.0,2.4,77,9.630,
25.8.2026,8:53:29.706,32.5,6.2,4.3,83,9.800,
25.8.2026,8:53:29.909,27.6,0.0,8.2,83,12.442,
25.8.2026,8:53:30.118,43.8,0.0,1.9,82,8.110,
25.8.2026,8:53:30.308,7.8,0.0,2.5,82,11.659,
25.8.2026,8:53:30.516,48.3,6.3,2.6,64,8.826,
25.8.2026,8:53:30.720,37.6,7.5,3.2,64,8.868,
25.8.2026,8:53:30.929,42.4,6.3,9.3,76,10.754,
25.8.2026,8:53:31.132,50.9,0.0,2.1,62,18.198,
25.8.2026,8:53:31.323,34.4,6.3,6.3,64,10.829,
25.8.2026,8:53:31.530,25.1,0.0,1.9,58,9.334,
25.8.2026,8:53:31.741,58.6,6.4,5.3,59,9.273,
25.8.2026,8:53:31.947,36.8,0.0,3.7,58,10.071,
25.8.2026,8:53:32.137,62.8,6.9,3.2,58,9.425,
25.8.2026,8:53:32.346,34.9,0.0,2.5,59,12.552,
25.8.2026,8:53:32.552,64.5,0.0,5.0,59,9.336,
25.8.2026,8:53:32.760,25.2,5.6,4.2,54,10.076,
25.8.2026,8:53:32.952,26.1,0.0,2.2,57,9.004,
25.8.2026,8:53:33.159,52.1,12.1,4.7,55,8.473,
25.8.2026,8:53:33.365,41.0,0.0,4.9,58,10.918,
25.8.2026,8:53:33.572,29.2,5.4,2.3,58,9.457,
25.8.2026,8:53:33.778,41.9,0.0,6.1,58,8.900,
25.8.2026,8:53:33.985,27.9,6.0,4.7,55,11.791,
25.8.2026,8:53:34.193,71.7,0.0,4.2,60,9.294,
25.8.2026,8:53:34.387,42.3,5.7,2.5,57,10.901,
25.8.2026,8:53:34.594,39.7,0.0,2.0,56,10.044,
25.8.2026,8:53:34.800,58.0,12.2,7.2,61,11.009,
25.8.2026,8:53:35.008,65.3,7.1,4.3,57,11.119,
25.8.2026,8:53:35.199,43.5,0.0,4.0,55,12.634,
25.8.2026,8:53:35.406,56.0,0.0,3.8,55,8.972,
25.8.2026,8:53:35.613,33.0,0.0,4.5,57,10.978,
25.8.2026,8:53:35.817,48.6,6.4,3.7,54,10.104,
25.8.2026,8:53:36.011,33.4,0.0,1.6,58,8.147,
25.8.2026,8:53:36.218,53.7,6.0,4.8,57,11.795,
25.8.2026,8:53:36.425,33.5,0.0,4.7,58,10.650,
25.8.2026,8:53:36.631,31.5,0.0,3.7,56,10.693,
25.8.2026,8:53:36.836,94.5,0.3,2.8,59,10.562,
25.8.2026,8:53:37.027,82.2,7.7,3.1,58,10.169,
25.8.2026,8:53:37.235,33.0,5.3,4.9,58,9.465,
25.8.2026,8:53:37.442,39.9,0.0,4.7,59,9.918,
25.8.2026,8:53:37.651,67.7,0.0,1.6,57,10.687,
25.8.2026,8:53:37.841,67.7,0.0,1.6,57,9.785,
25.8.2026,8:53:38.049,40.0,11.9,4.0,63,8.931,
25.8.2026,8:53:38.257,29.8,0.0,5.0,64,10.765,
25.8.2026,8:53:38.461,68.4,0.0,4.3,57,11.175,
25.8.2026,8:53:38.668,112.4,14.0,2.8,58,10.089,
25.8.2026,8:53:38.874,44.3,0.0,1.7,83,8.949,
25.8.2026,8:53:39.082,36.1,12.8,13.4,59,16.076,
25.8.2026,8:53:39.287,20.8,0.0,3.7,58,12.199,
25.8.2026,8:53:39.494,27.7,12.3,4.0,62,10.943,
25.8.2026,8:53:39.702,42.5,0.0,2.2,59,8.993,
25.8.2026,8:53:39.907,27.9,0.0,1.8,58,10.207,
25.8.2026,8:53:40.113,31.0,0.0,5.7,58,11.947,
25.8.2026,8:53:40.322,72.1,0.1,4.4,57,10.867,
25.8.2026,8:53:40.512,45.6,0.0,2.8,57,10.346,
25.8.2026,8:53:40.720,46.4,12.6,3.4,58,12.345,
25.8.2026,8:53:40.924,57.7,0.0,2.1,57,10.848,
25.8.2026,8:53:41.133,47.0,7.1,12.4,57,11.718,
25.8.2026,8:53:41.339,52.2,0.0,1.7,57,9.478,
25.8.2026,8:53:41.531,78.7,13.2,3.1,54,11.139,
25.8.2026,8:53:41.734,34.0,0.0,2.0,54,7.701,
25.8.2026,8:53:41.942,27.8,12.5,7.4,56,10.567,
25.8.2026,8:53:42.153,44.9,6.2,3.1,55,10.377,
25.8.2026,8:53:42.359,39.0,0.0,1.9,56,10.770,
25.8.2026,8:53:42.565,83.6,0.0,4.6,90,10.260,
25.8.2026,8:53:42.769,47.9,13.4,10.7,91,16.885,
25.8.2026,8:53:42.979,48.3,0.0,10.0,92,18.962,
25.8.2026,8:53:43.184,154.1,1.3,11.6,84,28.055,
25.8.2026,8:53:43.374,130.1,9.3,8.5,92,28.055,
25.8.2026,8:53:43.575,25.3,0.0,8.8,91,21.837,
25.8.2026,8:53:43.783,179.1,3.0,9.3,68,20.053,
25.8.2026,8:53:43.991,62.5,6.5,12.5,91,20.526,
25.8.2026,8:53:44.195,108.2,0.9,7.3,63,12.094,
25.8.2026,8:53:44.386,1051.7,23.7,4.6,63,15.971,
25.8.2026,8:53:44.592,22.0,0.0,9.2,91,20.424,
25.8.2026,8:53:44.802,18.0,0.0,3.2,86,13.938,
25.8.2026,8:53:45.010,19.7,4.8,4.6,82,10.326,
25.8.2026,8:53:45.201,22.2,0.0,2.3,81,9.885,
25.8.2026,8:53:45.406,65.1,6.7,2.8,64,11.546,
25.8.2026,8:53:45.613,39.7,0.0,7.2,63,10.174,
25.8.2026,8:53:45.822,61.1,5.6,2.2,80,10.436,
25.8.2026,8:53:46.013,29.1,0.0,3.8,81,9.930,
25.8.2026,8:53:46.219,20.0,5.6,3.7,60,12.169,
25.8.2026,8:53:46.427,45.0,0.0,6.3,60,9.286,
25.8.2026,8:53:46.632,52.0,0.0,2.1,59,11.115,
25.8.2026,8:53:46.827,46.6,12.0,2.5,61,8.527,
25.8.2026,8:53:47.033,66.2,6.4,5.0,59,10.805,
25.8.2026,8:53:47.240,42.5,0.0,4.8,56,11.253,
25.8.2026,8:53:47.445,44.1,0.0,1.6,60,11.756,
25.8.2026,8:53:47.637,39.6,0.0,3.5,59,11.063,
25.8.2026,8:53:47.844,40.4,12.3,4.1,57,10.672,
25.8.2026,8:53:48.053,57.7,6.9,6.0,60,10.263,
25.8.2026,8:53:48.258,24.5,0.0,1.4,55,10.570,
25.8.2026,8:53:48.451,41.1,0.0,2.3,59,7.864,
25.8.2026,8:53:48.657,53.0,0.0,9.2,59,11.280,
25.8.2026,8:53:48.861,28.5,0.0,3.8,58,15.814,
25.8.2026,8:53:49.070,58.4,0.2,6.3,58,8.150,
25.8.2026,8:53:49.276,46.2,6.8,3.0,58,11.291,
25.8.2026,8:53:49.465,30.7,0.0,2.6,57,10.907,
25.8.2026,8:53:49.674,34.3,0.0,6.2,58,10.078,
25.8.2026,8:53:49.883,24.3,0.0,2.7,57,10.841,
25.8.2026,8:53:50.078,57.0,12.5,3.1,55,7.694,
25.8.2026,8:53:50.282,23.2,0.0,4.3,60,8.061,
25.8.2026,8:53:50.488,24.9,6.1,5.8,61,9.965,
25.8.2026,8:53:50.694,29.2,0.0,2.3,59,9.881,
25.8.2026,8:53:50.887,33.8,12.3,2.7,63,11.391,
25.8.2026,8:53:51.091,35.6,0.0,1.9,59,11.272,
25.8.2026,8:53:51.298,57.2,7.4,7.2,59,12.538,
25.8.2026,8:53:51.504,51.4,0.0,3.5,59,12.263,
25.8.2026,8:53:51.714,23.0,0.0,1.6,59,8.740,
25.8.2026,8:53:51.904,23.0,0.0,1.6,58,9.719,
25.8.2026,8:53:52.108,30.2,13.0,3.8,58,8.836,
25.8.2026,8:53:52.316,51.1,6.7,6.0,60,12.553,
25.8.2026,8:53:52.523,31.4,0.0,2.7,89,11.985,
25.8.2026,8:53:52.728,951.2,18.8,18.8,93,28.387,
25.8.2026,8:53:52.934,436.6,6.6,27.4,92,41.199,
25.8.2026,8:53:53.123,353.1,10.6,22.5,96,41.056,
25.8.2026,8:53:53.328,403.2,11.6,23.7,93,38.766,
25.8.2026,8:53:53.530,994.4,21.4,19.4,91,35.890,
25.8.2026,8:53:53.739,949.0,28.6,15.6,94,31.949,
25.8.2026,8:53:53.945,791.8,18.3,15.9,95,29.354,
25.8.2026,8:53:54.151,125.2,0.9,8.7,91,20.978,
25.8.2026,8:53:54.339,130.3,0.0,7.7,94,18.523,
25.8.2026,8:53:54.546,99.7,8.3,8.9,94,21.805,
25.8.2026,8:53:54.757,72.5,6.7,13.3,96,20.351,
25.8.2026,8:53:54.961,54.0,0.0,8.1,78,16.706,
25.8.2026,8:53:55.165,87.5,15.1,13.5,60,20.529,
25.8.2026,8:53:55.358,108.2,1.3,1.9,59,20.529,
25.8.2026,8:53:55.562,55.2,0.0,2.3,59,12.443,
25.8.2026,8:53:55.768,71.1,13.3,5.6,57,9.076,
25.8.2026,8:53:55.976,31.4,0.0,5.4,58,10.813,
25.8.2026,8:53:56.183,51.6,12.4,3.0,63,13.576,
25.8.2026,8:53:56.391,36.0,0.0,3.2,60,9.841,
25.8.2026,8:53:56.597,31.7,0.0,3.9,79,10.537,
25.8.2026,8:53:56.802,23.0,12.1,8.8,59,10.543,
25.8.2026,8:53:56.996,78.2,0.0,2.7,59,13.063,
25.8.2026,8:53:57.203,29.8,0.0,2.0,83,11.745,
25.8.2026,8:53:57.411,46.8,12.9,8.2,66,10.009,
25.8.2026,8:53:57.615,68.1,0.0,10.6,90,13.899,
25.8.2026,8:53:57.817,45.1,0.1,8.5,90,21.938,
25.8.2026,8:53:58.027,59.2,7.4,10.9,91,20.179,
25.8.2026,8:53:58.215,52.3,0.0,9.0,94,25.014,
25.8.2026,8:53:58.419,43.3,0.0,9.3,94,18.503,
25.8.2026,8:53:58.628,49.0,0.2,9.1,94,20.365,
25.8.2026,8:53:58.833,39.0,6.8,17.1,90,20.291,
25.8.2026,8:53:59.038,57.1,13.1,8.2,92,18.006,
25.8.2026,8:53:59.243,178.3,0.0,5.8,67,16.749,
25.8.2026,8:53:59.435,43.3,0.0,3.0,69,12.720,
25.8.2026,8:53:59.642,26.5,0.0,2.9,60,20.575,
25.8.2026,8:53:59.848,20.5,6.1,7.4,60,10.160,
25.8.2026,8:54:0.058,12.4,11.0,2.3,65,12.356,
25.8.2026,8:54:0.267,31.6,0.0,4.8,62,11.119,
25.8.2026,8:54:0.473,22.0,0.0,5.4,61,10.901,
25.8.2026,8:54:0.679,16.6,0.0,5.1,59,11.210,
25.8.2026,8:54:0.883,33.2,0.0,6.7,85,11.808,
25.8.2026,8:54:1.073,23.5,6.1,4.3,62,15.595,
25.8.2026,8:54:1.280,35.9,6.7,4.1,61,11.626,
25.8.2026,8:54:1.488,36.2,0.0,4.4,58,11.121,
25.8.2026,8:54:1.698,48.8,0.0,4.5,59,9.927,
25.8.2026,8:54:1.885,56.7,7.2,2.5,60,13.594,
25.8.2026,8:54:2.094,24.8,0.0,2.9,60,10.520,
25.8.2026,8:54:2.303,99.2,13.9,6.7,59,10.140,
25.8.2026,8:54:2.508,51.7,0.0,3.6,59,10.786,
25.8.2026,8:54:2.698,25.7,0.0,3.1,59,9.943,
25.8.2026,8:54:2.907,62.7,0.7,1.7,60,13.995,
25.8.2026,8:54:3.116,32.4,5.0,6.7,57,11.268,
25.8.2026,8:54:3.323,44.3,0.0,2.3,61,9.203,
25.8.2026,8:54:3.531,37.3,5.0,4.9,58,11.412,
25.8.2026,8:54:3.738,71.8,0.6,3.5,59,9.940,
25.8.2026,8:54:3.945,37.8,6.0,5.5,59,10.644,
25.8.2026,8:54:4.135,42.6,0.0,1.3,59,11.754,
25.8.2026,8:54:4.343,71.8,0.8,3.4,57,9.602,
25.8.2026,8:54:4.550,49.8,12.7,6.5,60,10.745,
25.8.2026,8:54:4.755,78.8,6.9,5.3,59,9.337,
25.8.2026,8:54:4.965,57.8,0.0,5.1,61,10.517,
25.8.2026,8:54:5.169,41.3,0.0,3.9,60,15.663,
25.8.2026,8:54:5.377,15.8,5.3,5.9,59,10.990,
25.8.2026,8:54:5.586,35.3,11.8,4.0,57,10.427,
25.8.2026,8:54:5.776,63.2,0.0,2.8,77,9.780,
25.8.2026,8:54:5.984,54.8,6.8,2.2,65,15.106,
25.8.2026,8:54:6.188,36.2,0.0,3.3,62,11.151,
25.8.2026,8:54:6.396,81.1,7.8,6.9,61,11.344,
25.8.2026,8:54:6.601,20.7,0.0,1.8,66,8.978,
25.8.2026,8:54:6.806,26.6,0.0,2.1,60,10.488,
25.8.2026,8:54:7.016,16.3,5.2,2.7,61,11.678,
25.8.2026,8:54:7.222,17.6,6.1,9.0,61,9.808,
25.8.2026,8:54:7.429,85.1,0.0,2.1,61,10.703,
25.8.2026,8:54:7.619,18.9,0.0,2.7,59,11.075,
25.8.2026,8:54:7.827,18.5,5.5,2.5,57,9.851,
25.8.2026,8:54:8.032,22.3,6.3,9.5,59,10.515,
25.8.2026,8:54:8.240,19.5,0.0,2.0,59,10.790,
25.8.2026,8:54:8.447,36.6,0.0,2.0,55,12.782,
25.8.2026,8:54:8.638,36.6,0.0,2.0,57,9.500,
25.8.2026,8:54:8.850,40.2,5.3,7.1,60,10.489,
25.8.2026,8:54:9.054,90.4,6.0,7.4,56,10.424,
25.8.2026,8:54:9.249,57.7,0.0,7.1,59,12.041,
25.8.2026,8:54:9.452,57.4,12.5,3.7,61,10.687,
25.8.2026,8:54:9.662,66.3,0.1,5.5,59,9.791,
25.8.2026,8:54:9.866,24.0,6.4,3.0,59,11.146,
25.8.2026,8:54:10.073,21.2,0.0,4.9,60,9.813,
25.8.2026,8:54:10.263,40.1,0.0,1.7,58,11.292,
25.8.2026,8:54:10.472,92.7,0.2,4.6,56,10.936,
25.8.2026,8:54:10.680,62.1,0.0,6.3,58,11.155,
25.8.2026,8:54:10.883,24.7,0.0,1.7,60,12.005,
25.8.2026,8:54:11.074,19.4,0.0,3.5,59,12.005,
25.8.2026,8:54:11.282,37.1,13.0,6.5,57,11.677,
25.8.2026,8:54:11.487,50.4,6.1,4.1,58,9.808,
25.8.2026,8:54:11.693,195.5,3.6,7.3,61,8.973,
25.8.2026,8:54:11.900,114.0,1.4,2.5,69,11.629,
25.8.2026,8:54:12.089,336.2,7.0,7.5,69,15.323,
25.8.2026,8:54:12.302,338.8,3.1,7.8,85,14.541,
25.8.2026,8:54:12.509,258.2,4.9,4.1,80,21.275,
25.8.2026,8:54:12.698,74.7,0.1,6.2,83,18.516,
25.8.2026,8:54:12.907,54.7,0.2,1.9,64,11.974,
25.8.2026,8:54:13.115,60.4,6.5,7.0,79,9.506,
25.8.2026,8:54:13.323,56.2,0.0,4.2,65,12.249,
25.8.2026,8:54:13.530,1695.1,44.5,36.2,97,13.500,
25.8.2026,8:54:13.715,1175.8,27.6,43.9,93,31.792,
25.8.2026,8:54:13.925,816.4,18.2,36.7,95,42.452,
25.8.2026,8:54:14.126,1435.9,33.8,41.6,94,45.923,
25.8.2026,8:54:14.334,1966.1,53.9,39.1,95,50.869,
25.8.2026,8:54:14.535,1686.2,37.8,27.5,79,40.905,
25.8.2026,8:54:14.744,761.3,17.8,11.7,87,41.528,
25.8.2026,8:54:14.936,534.2,17.7,22.9,98,34.633,
25.8.2026,8:54:15.144,403.4,0.0,22.4,94,38.904,
25.8.2026,8:54:15.346,975.5,38.2,29.0,92,35.708,
25.8.2026,8:54:15.551,468.9,8.5,13.3,90,39.406,
25.8.2026,8:54:15.759,165.5,0.0,6.2,83,29.990,
25.8.2026,8:54:15.950,152.0,8.1,10.3,95,28.785,
25.8.2026,8:54:16.155,125.2,2.0,7.6,95,25.694,
25.8.2026,8:54:16.364,785.1,23.2,11.8,96,22.047,
25.8.2026,8:54:16.566,103.0,0.0,9.1,96,17.864,
25.8.2026,8:54:16.775,100.5,0.4,7.3,94,20.791,
25.8.2026,8:54:16.966,79.1,7.4,12.0,95,19.078,
25.8.2026,8:54:17.169,31.1,0.0,8.3,95,17.324,
25.8.2026,8:54:17.379,65.7,0.0,8.6,93,19.625,
25.8.2026,8:54:17.587,168.7,9.3,12.1,91,16.522,
25.8.2026,8:54:17.788,418.2,8.3,7.5,83,20.737,
25.8.2026,8:54:17.982,735.9,9.2,7.4,96,24.893,
25.8.2026,8:54:18.186,1885.2,51.9,9.4,96,24.684,
25.8.2026,8:54:18.393,1528.9,44.7,14.9,84,21.420,
25.8.2026,8:54:18.596,46.8,0.0,11.8,95,35.322,
25.8.2026,8:54:18.802,2553.9,66.5,11.0,85,29.918,
25.8.2026,8:54:19.008,1511.5,35.0,7.4,96,22.758,
25.8.2026,8:54:19.203,85.4,0.0,7.3,95,24.782,
25.8.2026,8:54:19.409,1134.6,27.8,11.8,77,20.479,
25.8.2026,8:54:19.615,224.0,11.1,12.6,94,23.243,
25.8.2026,8:54:19.815,61.7,0.6,9.2,94,22.098,
25.8.2026,8:54:20.026,72.3,0.0,11.5,92,22.319,
25.8.2026,8:54:20.231,37.7,0.0,13.5,95,22.597,
25.8.2026,8:54:20.419,371.5,14.4,15.9,93,20.205,
25.8.2026,8:54:20.627,724.9,17.3,14.8,81,24.429,
25.8.2026,8:54:20.832,528.6,11.6,15.4,94,32.262,
25.8.2026,8:54:21.036,290.2,5.4,17.5,94,29.222,
25.8.2026,8:54:21.236,123.7,10.0,15.1,89,29.708,
25.8.2026,8:54:21.446,115.5,2.1,17.1,96,29.042,
25.8.2026,8:54:21.648,146.1,0.0,10.6,90,27.484,
25.8.2026,8:54:21.854,49.1,6.9,9.1,89,22.628,
25.8.2026,8:54:22.046,107.4,1.5,9.0,90,19.893,
25.8.2026,8:54:22.252,86.4,0.7,9.0,85,21.622,
25.8.2026,8:54:22.453,190.1,3.9,15.5,85,23.016,
25.8.2026,8:54:22.659,114.3,2.2,12.6,89,22.668,
25.8.2026,8:54:22.867,17.4,0.0,4.6,67,26.056,
25.8.2026,8:54:23.058,17.4,0.0,4.6,65,9.898,
25.8.2026,8:54:23.266,23.0,0.0,1.7,67,9.257,
25.8.2026,8:54:23.472,27.3,5.9,2.5,64,8.276,
25.8.2026,8:54:23.681,45.9,7.6,4.4,65,11.599,
25.8.2026,8:54:23.886,93.7,1.1,7.4,67,18.201,
25.8.2026,8:54:24.073,79.9,0.2,2.6,66,12.033,
25.8.2026,8:54:24.279,45.4,0.0,3.0,65,12.205,
25.8.2026,8:54:24.488,125.8,2.6,2.2,65,12.276,
25.8.2026,8:54:24.695,49.1,0.0,8.4,64,11.537,
25.8.2026,8:54:24.900,65.0,0.1,2.5,69,10.946,
25.8.2026,8:54:25.105,39.6,0.0,10.6,69,24.573,
25.8.2026,8:54:25.295,85.5,1.2,3.6,67,24.573,
25.8.2026,8:54:25.501,146.9,8.2,2.9,69,20.983,
25.8.2026,8:54:25.708,75.4,0.0,5.3,64,13.496,
25.8.2026,8:54:25.915,23.3,0.0,4.8,65,11.410,
25.8.2026,8:54:26.103,49.8,6.7,3.2,65,11.209,
25.8.2026,8:54:26.310,28.9,0.0,3.7,80,12.682,
25.8.2026,8:54:26.515,94.7,0.7,2.0,86,11.756,
25.8.2026,8:54:26.721,56.8,6.8,5.1,91,11.188,
25.8.2026,8:54:26.931,27.3,0.0,7.3,91,10.658,
25.8.2026,8:54:27.122,86.6,7.2,3.9,88,16.743,
25.8.2026,8:54:27.327,34.5,0.0,1.5,70,12.875,
25.8.2026,8:54:27.535,86.8,7.3,4.7,67,11.383,
25.8.2026,8:54:27.740,33.0,0.0,4.5,72,8.714,
25.8.2026,8:54:27.934,38.4,0.0,2.3,74,9.557,
25.8.2026,8:54:28.138,24.3,0.0,1.6,66,10.506,
25.8.2026,8:54:28.345,51.7,6.6,5.6,65,10.823,
25.8.2026,8:54:28.551,58.9,7.0,5.0,65,11.845,
25.8.2026,8:54:28.757,38.7,0.0,2.6,67,10.696,
25.8.2026,8:54:28.949,49.6,0.0,1.7,65,12.405,
25.8.2026,8:54:29.158,37.0,11.7,5.1,62,10.274,
25.8.2026,8:54:29.364,51.3,0.0,5.8,63,10.566,
25.8.2026,8:54:29.570,38.7,0.0,1.6,63,13.110,
25.8.2026,8:54:29.762,40.1,0.0,1.9,63,9.295,
25.8.2026,8:54:29.969,28.9,6.2,5.5,63,11.160,
25.8.2026,8:54:30.176,25.8,5.9,4.6,63,10.764,
25.8.2026,8:54:30.384,62.4,0.0,4.8,62,10.061,
25.8.2026,8:54:30.575,48.9,0.0,1.4,63,9.721,
25.8.2026,8:54:30.780,31.7,0.0,3.8,63,9.663,
25.8.2026,8:54:30.988,60.3,13.4,14.3,63,10.460,
25.8.2026,8:54:31.192,41.5,0.0,2.2,62,14.191,
25.8.2026,8:54:31.398,75.0,0.0,5.5,63,11.722,
25.8.2026,8:54:31.606,87.8,7.3,1.9,63,11.701,
25.8.2026,8:54:31.808,68.0,0.0,2.6,62,9.201,
25.8.2026,8:54:32.017,32.1,6.1,4.2,63,13.284,
25.8.2026,8:54:32.225,25.7,5.9,4.9,59,9.542,
25.8.2026,8:54:32.419,34.2,0.0,2.0,62,10.725,
25.8.2026,8:54:32.625,31.4,5.3,3.9,61,9.019,
25.8.2026,8:54:32.834,50.8,0.0,5.6,62,8.218,
25.8.2026,8:54:33.039,28.8,0.0,1.4,60,9.848,
25.8.2026,8:54:33.232,45.3,0.0,1.8,61,9.088,
25.8.2026,8:54:33.438,24.9,4.6,3.7,63,10.206,
25.8.2026,8:54:33.646,51.8,0.2,5.2,62,9.810,
25.8.2026,8:54:33.853,22.8,0.0,2.4,64,10.252,
25.8.2026,8:54:34.063,29.7,0.0,1.8,66,9.863,
25.8.2026,8:54:34.269,26.4,5.1,5.1,61,11.323,
25.8.2026,8:54:34.479,40.9,0.0,3.6,59,8.947,
25.8.2026,8:54:34.667,93.0,7.9,4.0,77,9.848,
25.8.2026,8:54:34.873,51.0,0.0,5.4,93,12.471,
25.8.2026,8:54:35.081,90.1,0.0,5.9,60,13.701,
25.8.2026,8:54:35.290,32.0,0.0,3.8,63,10.692,
25.8.2026,8:54:35.481,36.8,0.0,1.8,61,13.982,
25.8.2026,8:54:35.688,29.4,6.1,4.7,62,10.796,
25.8.2026,8:54:35.894,33.9,6.7,5.6,62,10.024,
25.8.2026,8:54:36.101,32.1,0.0,2.2,62,10.689,
25.8.2026,8:54:36.295,32.1,0.0,2.2,59,9.169,
25.8.2026,8:54:36.500,40.3,0.0,2.0,58,10.281,
25.8.2026,8:54:36.712,62.3,6.1,4.1,58,8.835,
25.8.2026,8:54:36.915,29.7,0.0,3.8,60,9.771,
25.8.2026,8:54:37.109,27.2,0.0,1.9,60,12.251,
25.8.2026,8:54:37.319,24.6,4.7,6.3,60,9.310,
25.8.2026,8:54:37.526,43.5,0.0,4.8,58,10.293,
25.8.2026,8:54:37.717,46.2,0.0,1.8,57,10.293,
25.8.2026,8:54:37.922,58.4,6.8,3.6,58,7.728,
25.8.2026,8:54:38.130,49.9,6.3,3.9,60,11.640,
25.8.2026,8:54:38.325,67.4,0.0,3.5,60,10.143,
25.8.2026,8:54:38.531,21.7,0.0,2.1,80,9.551,
25.8.2026,8:54:38.741,56.5,6.0,7.1,84,9.524,
25.8.2026,8:54:38.946,71.8,6.9,2.6,84,8.344,
25.8.2026,8:54:39.135,55.4,0.0,5.8,88,11.235,
25.8.2026,8:54:39.343,227.4,9.9,5.1,62,17.285,
25.8.2026,8:54:39.552,59.3,0.0,5.4,79,9.706,
25.8.2026,8:54:39.759,66.7,0.0,2.1,63,10.861,
25.8.2026,8:54:39.951,36.2,5.6,7.7,69,11.498,
25.8.2026,8:54:40.159,51.3,0.0,1.6,61,10.698,
25.8.2026,8:54:40.363,34.0,6.4,6.5,64,10.314,
25.8.2026,8:54:40.570,59.8,0.0,3.2,65,9.883,
25.8.2026,8:54:40.762,27.2,0.0,1.4,58,10.491,
25.8.2026,8:54:40.971,44.5,6.2,3.3,59,9.886,
25.8.2026,8:54:41.176,28.4,0.0,4.3,59,10.466,
25.8.2026,8:54:41.385,46.1,0.0,5.8,59,10.547,
25.8.2026,8:54:41.590,42.9,0.0,2.2,61,10.920,
25.8.2026,8:54:41.803,22.4,4.7,4.3,59,12.144,
25.8.2026,8:54:42.010,30.2,0.0,3.7,58,9.635,
25.8.2026,8:54:42.201,47.9,0.0,2.1,60,9.132,
25.8.2026,8:54:42.410,27.2,5.4,4.6,58,11.275,
25.8.2026,8:54:42.619,22.1,0.0,3.9,59,9.164,
25.8.2026,8:54:42.809,31.0,0.0,2.0,58,8.772,
25.8.2026,8:54:43.021,44.8,10.1,5.0,58,8.214,
25.8.2026,8:54:43.227,165.5,3.5,9.7,56,9.256,
25.8.2026,8:54:43.417,21.5,0.0,2.9,58,10.574,
25.8.2026,8:54:43.629,55.5,5.7,10.2,58,9.615,
25.8.2026,8:54:43.832,44.0,0.1,6.8,61,9.298,
25.8.2026,8:54:44.039,77.6,0.0,1.4,61,10.375,
25.8.2026,8:54:44.233,43.0,5.6,4.6,58,10.383,
25.8.2026,8:54:44.439,50.9,0.3,6.5,90,12.742,
25.8.2026,8:54:44.645,26.6,5.7,6.4,59,15.755,
25.8.2026,8:54:44.852,73.6,0.0,2.7,62,8.738,
25.8.2026,8:54:45.045,20.1,0.0,4.7,59,9.069,
25.8.2026,8:54:45.252,83.0,12.8,6.5,59,10.270,
25.8.2026,8:54:45.460,17.2,0.0,3.0,59,11.523,
25.8.2026,8:54:45.654,13.8,5.0,5.4,57,10.109,
25.8.2026,8:54:45.857,20.1,0.0,3.1,60,9.650,
25.8.2026,8:54:46.065,41.4,12.4,5.0,60,11.874,
25.8.2026,8:54:46.275,25.1,0.0,3.5,56,11.208,
25.8.2026,8:54:46.484,66.7,18.3,5.0,56,10.524,
25.8.2026,8:54:46.689,49.7,0.0,6.1,57,10.582,
25.8.2026,8:54:46.897,32.9,17.7,5.9,60,10.520,
25.8.2026,8:54:47.092,27.1,0.0,2.5,56,12.961,
25.8.2026,8:54:47.300,23.0,17.5,6.2,55,9.009,
25.8.2026,8:54:47.506,27.8,0.0,4.3,58,9.036,
25.8.2026,8:54:47.714,27.0,5.6,1.8,58,10.401,
25.8.2026,8:54:47.926,22.4,0.0,4.7,58,10.401,
25.8.2026,8:54:48.131,20.4,31.2,8.0,58,9.829,
25.8.2026,8:54:48.322,105.4,6.9,2.4,57,8.330,
25.8.2026,8:54:48.531,108.8,0.0,7.1,57,16.529,
25.8.2026,8:54:48.738,25.5,0.0,4.3,58,10.684,
25.8.2026,8:54:48.947,22.4,12.0,4.8,55,8.921,
25.8.2026,8:54:49.138,22.4,12.0,4.8,71,8.921,
25.8.2026,8:54:49.342,119.2,5.7,5.2,72,12.702,
25.8.2026,8:54:49.551,460.7,11.5,10.3,78,30.203,
25.8.2026,8:54:49.755,234.3,11.5,12.5,67,27.096,
25.8.2026,8:54:49.962,58.1,0.0,9.4,60,23.811,
25.8.2026,8:54:50.167,40.2,0.0,3.4,59,11.132,
25.8.2026,8:54:50.374,34.3,0.0,2.8,59,12.594,
25.8.2026,8:54:50.577,28.3,0.0,3.5,85,14.962,
25.8.2026,8:54:50.784,99.8,23.9,9.8,89,12.913,
25.8.2026,8:54:50.991,57.1,0.0,11.7,92,18.405,
25.8.2026,8:54:51.196,87.5,19.8,12.1,89,23.622,
25.8.2026,8:54:51.402,42.6,12.6,11.8,91,18.811,
25.8.2026,8:54:51.590,95.6,8.7,8.8,91,19.321,
25.8.2026,8:54:51.799,61.6,1.3,15.6,94,23.698,
25.8.2026,8:54:52.002,68.0,0.0,6.3,89,9.960,
25.8.2026,8:54:52.207,38.3,12.5,12.5,95,9.960,
25.8.2026,8:54:52.415,87.2,0.7,10.2,68,17.057,
25.8.2026,8:54:52.620,78.2,0.0,5.4,88,17.057,
25.8.2026,8:54:52.827,100.3,8.0,7.0,88,12.427,
25.8.2026,8:54:53.033,33.6,6.3,4.2,85,10.184,
25.8.2026,8:54:53.244,48.4,0.0,3.3,87,13.264,
25.8.2026,8:54:53.450,70.6,0.6,5.8,86,13.581,
25.8.2026,8:54:53.639,22.1,0.0,2.6,82,9.800,
25.8.2026,8:54:53.847,64.1,0.0,3.2,66,12.073,
25.8.2026,8:54:54.051,22.7,11.7,6.7,64,9.211,
25.8.2026,8:54:54.261,80.0,7.6,3.8,67,12.321,
25.8.2026,8:54:54.450,31.6,0.0,4.4,73,10.911,
25.8.2026,8:54:54.658,22.7,0.0,2.0,60,10.410,
25.8.2026,8:54:54.863,46.5,0.0,4.5,65,12.276,
25.8.2026,8:54:55.069,46.5,0.0,4.5,69,16.623,
25.8.2026,8:54:55.275,47.8,13.5,10.8,70,14.166,
25.8.2026,8:54:55.464,47.8,13.5,10.8,69,14.166,
25.8.2026,8:54:55.670,47.8,13.5,10.8,69,14.166,
25.8.2026,8:54:55.878,47.8,13.5,10.8,69,14.166,
25.8.2026,8:54:56.082,47.8,13.5,10.8,75,14.166,
25.8.2026,8:54:56.288,47.8,13.5,10.8,69,14.166,
25.8.2026,8:54:56.494,47.8,13.5,10.8,69,14.166,
25.8.2026,8:54:56.701,47.8,13.5,10.8,81,14.166,
25.8.2026,8:54:56.907,47.8,13.5,10.8,70,14.166,
25.8.2026,8:54:57.112,30.0,13.2,8.1,69,14.166,
25.8.2026,8:54:57.317,30.0,13.2,8.1,69,13.103,
25.8.2026,8:54:57.524,30.0,13.2,8.1,69,13.103,
25.8.2026,8:54:57.731,30.0,13.2,8.1,68,13.103,
25.8.2026,8:54:57.935,30.0,13.2,8.1,69,13.103,
25.8.2026,8:54:58.140,30.0,13.2,8.1,69,13.103,
25.8.2026,8:54:58.347,30.0,13.2,8.1,69,13.103,
25.8.2026,8:54:58.551,30.0,13.2,8.1,67,13.103,
25.8.2026,8:54:58.757,30.0,13.2,8.1,68,13.103,
25.8.2026,8:54:58.949,30.0,13.2,8.1,69,13.103,
25.8.2026,8:54:59.154,38.6,1.7,8.2,68,12.268,
25.8.2026,8:54:59.361,38.6,1.7,8.2,70,12.268,
25.8.2026,8:54:59.565,38.6,1.7,8.2,68,12.268,
25.8.2026,8:54:59.772,38.6,1.7,8.2,69,12.268,
25.8.2026,8:54:59.978,38.6,1.7,8.2,68,12.268,
25.8.2026,8:55:0.181,38.6,1.7,8.2,69,12.268,
25.8.2026,8:55:0.373,38.6,1.7,8.2,69,12.268,
25.8.2026,8:55:0.579,38.6,1.7,8.2,69,12.268,
25.8.2026,8:55:0.784,38.6,1.7,8.2,90,12.268,
25.8.2026,8:55:0.990,38.6,1.7,8.2,69,12.268,
25.8.2026,8:55:1.197,38.6,1.7,8.2,69,12.268,
25.8.2026,8:55:1.387,38.6,1.7,8.2,68,12.268,
25.8.2026,8:55:1.593,38.6,1.7,8.2,67,12.268,
25.8.2026,8:55:1.797,38.6,1.7,8.2,68,12.268,
25.8.2026,8:55:2.005,38.6,1.7,8.2,69,12.268,
25.8.2026,8:55:2.210,38.6,1.7,8.2,68,12.268,
25.8.2026,8:55:2.415,38.6,1.7,8.2,69,12.268,
25.8.2026,8:55:2.606,38.6,1.7,8.2,68,12.268,
25.8.2026,8:55:2.812,38.6,1.7,8.2,68,12.268,
25.8.2026,8:55:3.019,38.6,1.7,8.2,69,12.268,
25.8.2026,8:55:3.225,38.6,1.7,8.2,69,12.268,
25.8.2026,8:55:3.433,38.6,1.7,8.2,69,12.268,
25.8.2026,8:55:3.619,38.6,1.7,8.2,67,12.268,
25.8.2026,8:55:3.825,38.6,1.7,8.2,68,12.268,
25.8.2026,8:55:4.032,46.2,0.3,7.2,69,12.738,
25.8.2026,8:55:4.238,46.2,0.3,7.2,69,12.738,
25.8.2026,8:55:4.444,46.2,0.3,7.2,69,12.738,
25.8.2026,8:55:4.646,46.2,0.3,7.2,69,12.738,
25.8.2026,8:55:4.854,46.2,0.3,7.2,69,12.738,
25.8.2026,8:55:5.042,46.2,0.3,7.2,69,12.738,
25.8.2026,8:55:5.248,46.2,0.3,7.2,69,12.738,
25.8.2026,8:55:5.456,46.2,0.3,7.2,69,12.738,
25.8.2026,8:55:5.660,46.2,0.3,7.2,69,12.738,
25.8.2026,8:55:5.867,46.2,0.3,7.2,69,12.738,
25.8.2026,8:55:6.071,46.2,0.3,7.2,68,12.738,
25.8.2026,8:55:6.263,46.2,0.3,7.2,68,12.738,
25.8.2026,8:55:6.471,32.9,1.3,7.7,68,12.135,
25.8.2026,8:55:6.674,32.9,1.3,7.7,69,12.135,
25.8.2026,8:55:6.883,32.9,1.3,7.7,68,12.135,
25.8.2026,8:55:7.072,32.9,1.3,7.7,68,12.135,
25.8.2026,8:55:7.281,32.9,1.3,7.7,69,12.135,
25.8.2026,8:55:7.486,32.9,1.3,7.7,69,12.135,
25.8.2026,8:55:7.689,32.9,1.3,7.7,68,12.135,
25.8.2026,8:55:7.895,32.9,1.3,7.7,68,12.135,
25.8.2026,8:55:8.105,32.9,1.3,7.7,69,12.135,
25.8.2026,8:55:8.293,32.9,1.3,7.7,69,12.135,
25.8.2026,8:55:8.498,32.9,1.3,7.7,69,12.135,
25.8.2026,8:55:8.704,32.5,0.8,7.8,69,12.135,
25.8.2026,8:55:8.910,32.5,0.8,7.8,69,13.017,
25.8.2026,8:55:9.115,32.5,0.8,7.8,74,13.017,
25.8.2026,8:55:9.321,32.5,0.8,7.8,70,13.017,
25.8.2026,8:55:9.515,32.5,0.8,7.8,70,13.017,
25.8.2026,8:55:9.718,32.5,0.8,7.8,76,13.017,
25.8.2026,8:55:9.923,32.5,0.8,7.8,71,13.017,
25.8.2026,8:55:10.132,32.5,0.8,7.8,69,13.017,
25.8.2026,8:55:10.335,32.5,0.8,7.8,69,13.017,
25.8.2026,8:55:10.543,32.5,0.8,7.8,70,13.017,
25.8.2026,8:55:10.749,32.5,0.8,7.8,69,13.017,
25.8.2026,8:55:10.957,32.5,0.8,7.8,75,13.017,
25.8.2026,8:55:11.163,29.5,0.9,7.8,85,13.017,
25.8.2026,8:55:11.368,29.5,0.9,7.8,85,15.097,
25.8.2026,8:55:11.574,29.5,0.9,7.8,84,15.097,
25.8.2026,8:55:11.780,29.5,0.9,7.8,69,15.097,
25.8.2026,8:55:11.986,29.5,0.9,7.8,71,15.097,
25.8.2026,8:55:12.192,29.5,0.9,7.8,73,15.097,
25.8.2026,8:55:12.397,29.5,0.9,7.8,73,15.097,
25.8.2026,8:55:12.604,29.5,0.9,7.8,71,15.097,
25.8.2026,8:55:12.793,29.5,0.9,7.8,69,15.097,
25.8.2026,8:55:12.997,24.9,0.5,8.4,69,15.097,
25.8.2026,8:55:13.204,24.9,0.5,8.4,70,12.689,
25.8.2026,8:55:13.410,24.9,0.5,8.4,70,12.689,
25.8.2026,8:55:13.617,24.9,0.5,8.4,69,12.689,
25.8.2026,8:55:13.821,24.9,0.5,8.4,69,12.689,
25.8.2026,8:55:14.012,24.9,0.5,8.4,69,12.689,
25.8.2026,8:55:14.219,24.9,0.5,8.4,70,12.689,
25.8.2026,8:55:14.428,24.9,0.5,8.4,69,12.689,
25.8.2026,8:55:14.629,24.9,0.5,8.4,71,12.689,
25.8.2026,8:55:14.838,24.9,0.5,8.4,69,12.689,
25.8.2026,8:55:15.025,24.9,0.5,8.4,77,12.689,
25.8.2026,8:55:15.231,24.9,0.5,8.4,73,12.689,
25.8.2026,8:55:15.439,24.9,0.5,8.4,71,12.689,
25.8.2026,8:55:15.643,24.9,0.5,8.4,70,12.689,
25.8.2026,8:55:15.849,24.9,0.5,8.4,70,12.689,
25.8.2026,8:55:16.055,24.9,0.5,8.4,83,12.689,
25.8.2026,8:55:16.260,24.9,0.5,8.4,82,12.689,
25.8.2026,8:55:16.452,24.9,0.5,8.4,94,12.689,
25.8.2026,8:55:16.655,24.9,0.5,8.4,94,12.689,
25.8.2026,8:55:16.859,24.9,0.5,8.4,86,12.689,
25.8.2026,8:55:17.066,24.9,0.5,8.4,86,12.689,
25.8.2026,8:55:17.269,24.9,0.5,8.4,94,12.689,
25.8.2026,8:55:17.478,24.9,0.5,8.4,72,12.689,
25.8.2026,8:55:17.682,24.9,0.5,8.4,93,12.689,
25.8.2026,8:55:17.870,24.9,0.5,8.4,72,12.689,
25.8.2026,8:55:18.078,24.9,0.5,8.4,70,12.689,
25.8.2026,8:55:18.283,24.9,0.5,8.4,88,12.689,
25.8.2026,8:55:18.489,24.9,0.5,8.4,71,12.689,
25.8.2026,8:55:18.695,24.9,0.5,8.4,72,12.689,
25.8.2026,8:55:18.898,24.9,0.5,8.4,72,12.689,
25.8.2026,8:55:19.092,24.9,0.5,8.4,71,12.689,
25.8.2026,8:55:19.295,24.9,0.5,8.4,71,12.689,
25.8.2026,8:55:19.499,24.9,0.5,8.4,71,12.689,
25.8.2026,8:55:19.705,24.9,0.5,8.4,71,12.689,
25.8.2026,8:55:19.913,24.9,0.5,8.4,71,12.689,
25.8.2026,8:55:20.118,24.9,0.5,8.4,70,12.689,
25.8.2026,8:55:20.309,97.2,0.6,7.6,71,17.096,
25.8.2026,8:55:20.516,97.2,0.6,7.6,71,17.096,
25.8.2026,8:55:20.722,97.2,0.6,7.6,70,17.096,
25.8.2026,8:55:20.928,97.2,0.6,7.6,69,17.096,
25.8.2026,8:55:21.134,97.2,0.6,7.6,69,17.096,
25.8.2026,8:55:21.339,97.2,0.6,7.6,70,17.096,
25.8.2026,8:55:21.529,97.2,0.6,7.6,71,17.096,
25.8.2026,8:55:21.736,97.2,0.6,7.6,71,17.096,
25.8.2026,8:55:21.939,97.2,0.6,7.6,71,17.096,
25.8.2026,8:55:22.149,97.2,0.6,7.6,70,17.096,
25.8.2026,8:55:22.354,97.2,0.6,7.6,71,17.096,
25.8.2026,8:55:22.544,97.2,0.6,7.6,83,17.096,
25.8.2026,8:55:22.750,36.4,2.4,9.9,71,13.590,
25.8.2026,8:55:22.956,36.4,2.4,9.9,70,13.590,
25.8.2026,8:55:23.162,36.4,2.4,9.9,71,13.590,
25.8.2026,8:55:23.366,36.4,2.4,9.9,81,13.590,
25.8.2026,8:55:23.574,36.4,2.4,9.9,70,13.590,
25.8.2026,8:55:23.780,36.4,2.4,9.9,71,13.590,
25.8.2026,8:55:23.986,36.4,2.4,9.9,71,13.590,
25.8.2026,8:55:24.192,36.4,2.4,9.9,70,13.590,
25.8.2026,8:55:24.398,36.4,2.4,9.9,69,13.590,
25.8.2026,8:55:24.591,36.4,2.4,9.9,70,13.590,
25.8.2026,8:55:24.794,36.4,2.4,9.9,71,13.590,
25.8.2026,8:55:25.001,40.8,0.7,7.9,70,13.590,
25.8.2026,8:55:25.207,40.8,0.7,7.9,70,12.209,
25.8.2026,8:55:25.415,40.8,0.7,7.9,69,12.209,
25.8.2026,8:55:25.618,40.8,0.7,7.9,71,12.209,
25.8.2026,8:55:25.807,40.8,0.7,7.9,76,12.209,
25.8.2026,8:55:26.014,40.8,0.7,7.9,70,12.209,
25.8.2026,8:55:26.224,40.8,0.7,7.9,71,12.209,
25.8.2026,8:55:26.425,40.8,0.7,7.9,70,12.209,
25.8.2026,8:55:26.634,40.8,0.7,7.9,84,12.209,
25.8.2026,8:55:26.836,40.8,0.7,7.9,71,12.209,
25.8.2026,8:55:27.027,40.8,0.7,7.9,71,12.209,
25.8.2026,8:55:27.235,40.8,0.7,7.9,71,12.209,
25.8.2026,8:55:27.439,59.7,0.9,7.5,71,12.209,
25.8.2026,8:55:27.646,59.7,0.9,7.5,71,14.432,
25.8.2026,8:55:27.852,59.7,0.9,7.5,70,14.432,
25.8.2026,8:55:28.043,59.7,0.9,7.5,70,14.432,
25.8.2026,8:55:28.250,59.7,0.9,7.5,71,14.432,
25.8.2026,8:55:28.453,59.7,0.9,7.5,70,14.432,
25.8.2026,8:55:28.660,59.7,0.9,7.5,72,14.432,
25.8.2026,8:55:28.866,59.7,0.9,7.5,71,14.432,
25.8.2026,8:55:29.058,59.7,0.9,7.5,71,14.432,
25.8.2026,8:55:29.262,59.7,0.9,7.5,70,14.432,
25.8.2026,8:55:29.468,59.7,0.9,7.5,71,14.432,
25.8.2026,8:55:29.674,59.7,0.9,7.5,70,14.432,
25.8.2026,8:55:29.880,28.4,1.3,8.4,70,14.432,
25.8.2026,8:55:30.086,28.4,1.3,8.4,70,13.657,
25.8.2026,8:55:30.276,28.4,1.3,8.4,70,13.657,
25.8.2026,8:55:30.482,28.4,1.3,8.4,70,13.657,
25.8.2026,8:55:30.693,28.4,1.3,8.4,71,13.657,
25.8.2026,8:55:30.896,28.4,1.3,8.4,74,13.657,
25.8.2026,8:55:31.102,28.4,1.3,8.4,69,13.657,
25.8.2026,8:55:31.293,28.4,1.3,8.4,71,13.657,
25.8.2026,8:55:31.499,28.4,1.3,8.4,70,13.657,
25.8.2026,8:55:31.704,28.4,1.3,8.4,69,13.657,
25.8.2026,8:55:31.911,28.4,1.3,8.4,71,13.657,
25.8.2026,8:55:32.118,27.8,0.9,7.6,70,13.657,
25.8.2026,8:55:32.309,27.8,0.9,7.6,70,12.991,
25.8.2026,8:55:32.515,27.8,0.9,7.6,71,12.991,
25.8.2026,8:55:32.719,27.8,0.9,7.6,71,12.991,
25.8.2026,8:55:32.924,27.8,0.9,7.6,70,12.991,
25.8.2026,8:55:33.129,27.8,0.9,7.6,70,12.991,
25.8.2026,8:55:33.337,27.8,0.9,7.6,70,12.991,
25.8.2026,8:55:33.527,27.8,0.9,7.6,71,12.991,
25.8.2026,8:55:33.731,27.8,0.9,7.6,70,12.991,
25.8.2026,8:55:33.940,27.8,0.9,7.6,69,12.991,
25.8.2026,8:55:34.144,27.8,0.9,7.6,69,12.991,
25.8.2026,8:55:34.352,27.8,0.9,7.6,70,12.991,
25.8.2026,8:55:34.559,29.4,0.4,7.5,69,12.991,
25.8.2026,8:55:34.749,29.4,0.4,7.5,70,13.100,
25.8.2026,8:55:34.951,29.4,0.4,7.5,69,13.100,
25.8.2026,8:55:35.157,29.4,0.4,7.5,70,13.100,
25.8.2026,8:55:35.363,29.4,0.4,7.5,69,13.100,
25.8.2026,8:55:35.569,29.4,0.4,7.5,70,13.100,
25.8.2026,8:55:35.776,29.4,0.4,7.5,71,13.100,
25.8.2026,8:55:35.965,29.4,0.4,7.5,70,13.100,
25.8.2026,8:55:36.171,29.4,0.4,7.5,70,13.100,
25.8.2026,8:55:36.378,29.4,0.4,7.5,69,13.100,
25.8.2026,8:55:36.582,29.4,0.4,7.5,70,13.100,
25.8.2026,8:55:36.786,29.4,0.4,7.5,70,13.100,
25.8.2026,8:55:36.992,32.8,0.6,7.5,69,14.234,
25.8.2026,8:55:37.185,32.8,0.6,7.5,71,14.234,
25.8.2026,8:55:37.389,32.8,0.6,7.5,70,14.234,
25.8.2026,8:55:37.595,32.8,0.6,7.5,70,14.234,
25.8.2026,8:55:37.803,32.8,0.6,7.5,70,14.234,
25.8.2026,8:55:38.007,32.8,0.6,7.5,67,14.234,
25.8.2026,8:55:38.213,32.8,0.6,7.5,71,14.234,
25.8.2026,8:55:38.421,32.8,0.6,7.5,70,14.234,
25.8.2026,8:55:38.626,32.8,0.6,7.5,71,14.234,
25.8.2026,8:55:38.832,32.8,0.6,7.5,70,14.234,
25.8.2026,8:55:39.037,32.8,0.6,7.5,71,14.234,
25.8.2026,8:55:39.241,40.0,1.1,8.0,70,14.234,
25.8.2026,8:55:39.446,40.0,1.1,8.0,70,14.175,
25.8.2026,8:55:39.653,40.0,1.1,8.0,71,14.175,
25.8.2026,8:55:39.859,40.0,1.1,8.0,69,14.175,
25.8.2026,8:55:40.065,40.0,1.1,8.0,69,14.175,
25.8.2026,8:55:40.273,40.0,1.1,8.0,71,14.175,
25.8.2026,8:55:40.476,40.0,1.1,8.0,71,14.175,
25.8.2026,8:55:40.666,40.0,1.1,8.0,71,14.175,
25.8.2026,8:55:40.872,40.0,1.1,8.0,70,14.175,
25.8.2026,8:55:41.078,40.0,1.1,8.0,70,14.175,
25.8.2026,8:55:41.284,40.0,1.1,8.0,70,14.175,
25.8.2026,8:55:41.490,40.0,1.1,8.0,70,14.175,
25.8.2026,8:55:41.697,26.8,1.0,7.9,70,12.976,
25.8.2026,8:55:41.885,26.8,1.0,7.9,70,12.976,
25.8.2026,8:55:42.091,26.8,1.0,7.9,71,12.976,
25.8.2026,8:55:42.296,26.8,1.0,7.9,69,12.976,
25.8.2026,8:55:42.502,26.8,1.0,7.9,70,12.976,
25.8.2026,8:55:42.709,26.8,1.0,7.9,70,12.976,
25.8.2026,8:55:42.916,26.8,1.0,7.9,70,12.976,
25.8.2026,8:55:43.106,26.8,1.0,7.9,70,12.976,
25.8.2026,8:55:43.311,26.8,1.0,7.9,70,12.976,
25.8.2026,8:55:43.519,26.8,1.0,7.9,71,12.976,
25.8.2026,8:55:43.725,26.8,1.0,7.9,70,12.976,
25.8.2026,8:55:43.931,26.8,1.0,7.9,71,12.976,
25.8.2026,8:55:44.133,29.6,0.6,7.6,70,13.211,
25.8.2026,8:55:44.325,29.6,0.6,7.6,84,13.211,
25.8.2026,8:55:44.528,29.6,0.6,7.6,78,13.211,
25.8.2026,8:55:44.737,29.6,0.6,7.6,70,13.211,
25.8.2026,8:55:44.940,29.6,0.6,7.6,70,13.211,
25.8.2026,8:55:45.146,29.6,0.6,7.6,70,13.211,
25.8.2026,8:55:45.337,29.6,0.6,7.6,70,13.211,
25.8.2026,8:55:45.544,29.6,0.6,7.6,70,13.211,
25.8.2026,8:55:45.751,29.6,0.6,7.6,71,13.211,
25.8.2026,8:55:45.959,29.6,0.6,7.6,71,13.211,
25.8.2026,8:55:46.163,29.6,0.6,7.6,70,13.211,
25.8.2026,8:55:46.354,51.1,0.7,7.6,71,13.211,
25.8.2026,8:55:46.563,51.1,0.7,7.6,71,14.088,
25.8.2026,8:55:46.767,51.1,0.7,7.6,70,14.088,
25.8.2026,8:55:46.973,51.1,0.7,7.6,70,14.088,
25.8.2026,8:55:47.179,51.1,0.7,7.6,70,14.088,
25.8.2026,8:55:47.385,51.1,0.7,7.6,69,14.088,
25.8.2026,8:55:47.576,51.1,0.7,7.6,69,14.088,
25.8.2026,8:55:47.783,51.1,0.7,7.6,70,14.088,
25.8.2026,8:55:47.989,51.1,0.7,7.6,69,14.088,
25.8.2026,8:55:48.195,51.1,0.7,7.6,69,14.088,
25.8.2026,8:55:48.401,51.1,0.7,7.6,70,14.088,
25.8.2026,8:55:48.592,51.1,0.7,7.6,95,14.088,
25.8.2026,8:55:48.798,43.5,1.2,8.0,70,14.088,
25.8.2026,8:55:49.003,43.5,1.2,8.0,71,13.286,
25.8.2026,8:55:49.208,43.5,1.2,8.0,71,13.286,
25.8.2026,8:55:49.414,43.5,1.2,8.0,71,13.286,
25.8.2026,8:55:49.620,43.5,1.2,8.0,81,13.286,
25.8.2026,8:55:49.828,43.5,1.2,8.0,71,13.286,
25.8.2026,8:55:50.030,43.5,1.2,8.0,70,13.286,
25.8.2026,8:55:50.238,43.5,1.2,8.0,70,13.286,
25.8.2026,8:55:50.442,43.5,1.2,8.0,69,13.286,
25.8.2026,8:55:50.649,43.5,1.2,8.0,69,13.286,
25.8.2026,8:55:50.841,43.5,1.2,8.0,76,13.286,
25.8.2026,8:55:51.043,43.5,1.2,8.0,71,13.286,
25.8.2026,8:55:51.251,31.9,0.9,7.7,71,13.948,
25.8.2026,8:55:51.455,31.9,0.9,7.7,70,13.948,
25.8.2026,8:55:51.663,31.9,0.9,7.7,71,13.948,
25.8.2026,8:55:51.866,31.9,0.9,7.7,71,13.948,
25.8.2026,8:55:52.058,31.9,0.9,7.7,71,13.948,
25.8.2026,8:55:52.264,31.9,0.9,7.7,69,13.948,
25.8.2026,8:55:52.472,31.9,0.9,7.7,70,13.948,
25.8.2026,8:55:52.678,31.9,0.9,7.7,71,13.948,
25.8.2026,8:55:52.884,31.9,0.9,7.7,71,13.948,
25.8.2026,8:55:53.088,31.9,0.9,7.7,70,13.948,
25.8.2026,8:55:53.277,31.9,0.9,7.7,71,13.948,
25.8.2026,8:55:53.483,30.0,0.7,7.7,70,13.948,
25.8.2026,8:55:53.689,30.0,0.7,7.7,71,13.128,
25.8.2026,8:55:53.897,30.0,0.7,7.7,71,13.128,
25.8.2026,8:55:54.102,30.0,0.7,7.7,72,13.128,
25.8.2026,8:55:54.308,30.0,0.7,7.7,71,13.128,
25.8.2026,8:55:54.513,30.0,0.7,7.7,70,13.128,
25.8.2026,8:55:54.719,30.0,0.7,7.7,69,13.128,
25.8.2026,8:55:54.923,30.0,0.7,7.7,70,13.128,
25.8.2026,8:55:55.131,170.4,0.3,7.5,70,13.128,
25.8.2026,8:55:55.334,47.9,0.0,4.3,61,14.359,
25.8.2026,8:55:55.527,58.3,6.9,2.9,61,12.005,
25.8.2026,8:55:55.733,17.1,0.0,1.9,62,10.746,
25.8.2026,8:55:55.942,29.1,5.8,5.8,62,11.502,
25.8.2026,8:55:56.148,25.5,0.0,2.7,66,11.079,
25.8.2026,8:55:56.338,69.3,6.7,2.2,61,10.966,
25.8.2026,8:55:56.547,25.9,0.0,3.3,63,10.192,
25.8.2026,8:55:56.754,77.9,14.0,11.2,65,10.668,
25.8.2026,8:55:56.961,27.2,0.0,3.9,63,15.078,
25.8.2026,8:55:57.165,35.6,7.2,2.6,62,12.366,
25.8.2026,8:55:57.354,35.6,7.2,2.6,61,10.287,
25.8.2026,8:55:57.560,44.5,0.0,2.9,61,11.328,
25.8.2026,8:55:57.766,38.0,0.0,2.8,62,10.978,
25.8.2026,8:55:57.974,26.4,0.0,5.6,62,10.819,
25.8.2026,8:55:58.177,30.7,6.8,2.9,61,9.631,
25.8.2026,8:55:58.386,28.9,0.0,3.5,63,10.398,
25.8.2026,8:55:58.576,50.9,0.0,3.7,81,11.644,
25.8.2026,8:55:58.781,27.5,12.7,5.1,61,11.885,
25.8.2026,8:55:58.987,19.2,0.0,5.8,60,11.642,
25.8.2026,8:55:59.192,38.0,6.6,8.4,60,10.062,
25.8.2026,8:55:59.400,43.5,0.0,1.8,60,13.212,
25.8.2026,8:55:59.609,37.4,0.0,2.2,62,10.299,
25.8.2026,8:55:59.817,29.4,0.0,2.5,59,14.360,
25.8.2026,8:56:0.020,45.1,6.0,7.3,61,9.238,
25.8.2026,8:56:0.228,26.8,0.0,7.7,60,14.211,
25.8.2026,8:56:0.419,37.0,0.0,2.1,61,10.468,
25.8.2026,8:56:0.626,33.1,0.5,2.4,61,12.158,
25.8.2026,8:56:0.831,93.5,0.7,7.9,60,14.484,
25.8.2026,8:56:1.037,27.3,0.0,7.2,60,14.487,
25.8.2026,8:56:1.244,30.3,12.8,3.1,65,12.129,
25.8.2026,8:56:1.432,37.1,0.0,5.7,60,12.129,
25.8.2026,8:56:1.639,32.4,6.5,2.2,61,11.500,
25.8.2026,8:56:1.842,36.1,0.0,2.0,60,10.880,
25.8.2026,8:56:2.049,39.7,7.0,6.2,59,10.603,
25.8.2026,8:56:2.257,22.8,0.0,3.4,61,13.023,
25.8.2026,8:56:2.461,35.1,6.8,3.3,60,12.250,
25.8.2026,8:56:2.652,28.6,6.5,3.0,60,10.785,
25.8.2026,8:56:2.858,21.9,0.0,2.0,84,12.646,
25.8.2026,8:56:3.063,40.1,6.7,6.0,95,12.165,
25.8.2026,8:56:3.272,43.3,12.9,5.4,84,13.140,
25.8.2026,8:56:3.463,27.5,0.0,2.4,87,10.543,
25.8.2026,8:56:3.671,42.0,11.2,3.2,64,12.644,
25.8.2026,8:56:3.877,35.2,0.0,4.4,64,9.950,
25.8.2026,8:56:4.082,40.1,12.7,5.8,73,11.812,
25.8.2026,8:56:4.289,75.0,0.0,1.6,63,10.877,
25.8.2026,8:56:4.480,46.8,0.0,2.8,67,10.433,
25.8.2026,8:56:4.688,31.4,13.0,4.9,61,12.197,
25.8.2026,8:56:4.892,151.0,2.3,7.9,88,11.007,
25.8.2026,8:56:5.100,31.1,0.0,5.1,61,15.301,
25.8.2026,8:56:5.303,32.9,0.0,3.1,63,10.984,
25.8.2026,8:56:5.509,25.0,0.0,2.3,63,10.436,
25.8.2026,8:56:5.714,34.3,0.0,1.7,61,10.313,
25.8.2026,8:56:5.924,40.1,17.9,5.1,61,12.176,
25.8.2026,8:56:6.129,73.1,0.0,5.1,62,10.840,
25.8.2026,8:56:6.338,25.4,0.0,4.8,66,12.609,
25.8.2026,8:56:6.529,25.1,0.0,2.4,61,12.062,
25.8.2026,8:56:6.735,24.4,12.6,4.0,61,11.685,
25.8.2026,8:56:6.939,52.4,7.1,5.8,61,10.863,
25.8.2026,8:56:7.146,36.7,0.0,3.7,60,11.276,
25.8.2026,8:56:7.352,30.9,6.3,2.7,68,12.323,
25.8.2026,8:56:7.557,23.8,0.0,3.4,58,11.886,
25.8.2026,8:56:7.746,29.7,12.4,3.9,62,9.792,
25.8.2026,8:56:7.955,27.5,0.0,2.1,60,11.301,
25.8.2026,8:56:8.160,48.1,0.0,6.4,60,10.141,
25.8.2026,8:56:8.369,28.9,12.3,3.3,61,10.785,
25.8.2026,8:56:8.560,24.4,0.0,1.9,60,12.176,
25.8.2026,8:56:8.763,52.1,6.7,2.8,62,9.625,
25.8.2026,8:56:8.972,66.3,0.0,6.9,95,11.613,
25.8.2026,8:56:9.178,61.2,12.9,7.9,59,14.363,
25.8.2026,8:56:9.383,33.2,0.0,1.9,62,12.898,
25.8.2026,8:56:9.573,39.2,0.0,3.3,61,12.320,
25.8.2026,8:56:9.780,50.1,6.3,2.2,61,10.926,
25.8.2026,8:56:9.989,51.8,0.0,4.4,61,11.137,
25.8.2026,8:56:10.192,59.3,7.3,5.7,60,12.233,
25.8.2026,8:56:10.398,145.2,0.0,1.0,59,8.910,
25.8.2026,8:56:10.589,42.6,0.0,3.0,61,9.294,
25.8.2026,8:56:10.796,78.0,7.3,3.3,60,12.015,
25.8.2026,8:56:11.004,40.0,0.0,5.3,61,11.243,
25.8.2026,8:56:11.208,40.1,6.0,4.6,57,11.047,
25.8.2026,8:56:11.418,45.8,0.0,2.0,63,11.131,
25.8.2026,8:56:11.623,42.1,0.0,2.6,60,11.553,
25.8.2026,8:56:11.830,51.6,6.9,6.0,65,11.270,
25.8.2026,8:56:12.037,70.6,0.0,3.1,61,9.441,
25.8.2026,8:56:12.230,74.6,13.1,3.6,59,9.644,
25.8.2026,8:56:12.435,107.0,1.5,3.0,61,11.374,
25.8.2026,8:56:12.641,55.7,6.8,6.2,61,11.992,
25.8.2026,8:56:12.849,41.1,0.0,4.0,60,11.817,
25.8.2026,8:56:13.056,108.2,1.4,5.4,62,10.371,
25.8.2026,8:56:13.262,100.6,1.0,2.3,60,13.885,
25.8.2026,8:56:13.466,55.6,0.0,2.9,61,10.865,
25.8.2026,8:56:13.676,101.3,7.3,5.9,60,12.299,
25.8.2026,8:56:13.880,82.6,0.1,3.6,61,10.797,
25.8.2026,8:56:14.088,38.0,0.0,2.2,60,11.752,
25.8.2026,8:56:14.277,38.0,0.0,2.2,59,9.935,
25.8.2026,8:56:14.485,83.0,13.2,4.0,61,9.261,
25.8.2026,8:56:14.693,50.8,0.0,7.3,59,14.278,
25.8.2026,8:56:14.896,25.0,6.3,5.1,65,11.028,
25.8.2026,8:56:15.103,40.7,0.0,3.1,60,11.018,
25.8.2026,8:56:15.311,53.7,0.0,6.0,60,11.096,
25.8.2026,8:56:15.515,22.0,0.0,1.7,60,10.091,
25.8.2026,8:56:15.726,62.2,20.5,6.5,59,11.510,
25.8.2026,8:56:15.930,35.3,0.0,4.6,71,8.783,
25.8.2026,8:56:16.120,73.7,0.0,3.0,60,13.642,
25.8.2026,8:56:16.329,39.4,13.0,4.2,60,12.807,
25.8.2026,8:56:16.537,27.6,5.9,7.1,82,9.044,
25.8.2026,8:56:16.740,173.1,2.8,5.0,76,14.600,
25.8.2026,8:56:16.948,91.3,0.2,8.0,84,21.639,
25.8.2026,8:56:17.139,83.2,0.0,11.2,86,24.704,
25.8.2026,8:56:17.346,38.7,0.0,10.5,88,22.405,
25.8.2026,8:56:17.552,36.6,0.0,10.2,92,19.330,
25.8.2026,8:56:17.758,52.7,7.3,10.8,95,20.634,
25.8.2026,8:56:17.963,40.9,0.0,12.9,96,23.825,
25.8.2026,8:56:18.169,44.0,6.9,15.4,90,23.777,
25.8.2026,8:56:18.376,533.7,17.1,16.4,90,29.631,
25.8.2026,8:56:18.581,205.8,8.7,16.2,95,25.260,
25.8.2026,8:56:18.787,322.1,9.8,19.8,89,33.679,
25.8.2026,8:56:18.991,156.9,0.0,15.7,88,28.393,
25.8.2026,8:56:19.195,53.3,0.0,9.1,94,20.389,
25.8.2026,8:56:19.401,127.0,2.6,8.4,92,18.566,
25.8.2026,8:56:19.591,54.2,0.0,10.9,71,18.566,
25.8.2026,8:56:19.794,911.8,31.4,5.9,63,20.569,
25.8.2026,8:56:20.001,46.9,0.0,2.8,62,21.984,
25.8.2026,8:56:20.207,75.2,13.7,4.1,64,11.935,
25.8.2026,8:56:20.412,47.2,0.0,5.0,61,13.328,
25.8.2026,8:56:20.621,28.7,0.0,1.8,63,11.759,
25.8.2026,8:56:20.825,43.9,12.1,4.1,61,10.308,
25.8.2026,8:56:21.031,32.2,0.0,3.0,62,10.711,
25.8.2026,8:56:21.238,105.1,1.1,4.8,62,10.548,
25.8.2026,8:56:21.447,39.3,6.3,7.1,58,13.327,
25.8.2026,8:56:21.637,33.2,0.0,2.4,58,11.208,
25.8.2026,8:56:21.845,29.8,0.0,1.7,83,9.492,
25.8.2026,8:56:22.049,35.3,6.1,4.9,83,12.138,
25.8.2026,8:56:22.258,40.2,0.0,5.3,84,9.709,
25.8.2026,8:56:22.465,45.3,0.0,2.3,89,10.883,
25.8.2026,8:56:22.653,54.5,12.2,4.9,91,10.048,
25.8.2026,8:56:22.862,49.9,0.0,3.4,65,12.392,
25.8.2026,8:56:23.068,37.4,0.0,6.0,67,12.772,
25.8.2026,8:56:23.275,19.8,0.0,2.6,65,10.188,
25.8.2026,8:56:23.465,38.8,12.2,2.8,63,9.865,
25.8.2026,8:56:23.671,30.7,0.0,2.1,64,9.558,
25.8.2026,8:56:23.877,29.2,0.0,6.1,62,11.162,
25.8.2026,8:56:24.084,37.3,6.2,3.2,61,11.679,
25.8.2026,8:56:24.294,26.0,0.0,2.6,62,12.347,
25.8.2026,8:56:24.501,37.5,0.0,3.1,64,10.959,
25.8.2026,8:56:24.704,40.1,18.5,6.1,59,10.747,
25.8.2026,8:56:24.911,37.8,0.0,4.5,61,10.865,
25.8.2026,8:56:25.117,35.8,0.0,1.4,61,10.800,
25.8.2026,8:56:25.309,120.2,14.3,6.3,62,12.518,
25.8.2026,8:56:25.514,49.4,0.0,1.6,61,10.971,
25.8.2026,8:56:25.722,24.9,5.3,4.1,61,10.689,
25.8.2026,8:56:25.929,47.3,0.0,4.9,61,9.706,
25.8.2026,8:56:26.121,31.2,0.0,2.1,61,9.469,
25.8.2026,8:56:26.326,53.0,13.8,2.8,61,10.827,
25.8.2026,8:56:26.531,48.2,0.0,6.4,59,9.823,
25.8.2026,8:56:26.737,28.2,0.0,7.7,93,11.358,
25.8.2026,8:56:26.948,42.1,12.6,4.7,59,15.173,
25.8.2026,8:56:27.137,30.8,0.0,3.3,61,10.674,
25.8.2026,8:56:27.345,46.4,6.4,4.8,59,10.920,
25.8.2026,8:56:27.551,46.3,0.0,5.2,61,13.125,
25.8.2026,8:56:27.760,40.7,0.0,1.9,64,10.980,
25.8.2026,8:56:27.969,41.5,0.0,2.1,60,10.046,
25.8.2026,8:56:28.173,59.1,12.4,5.0,73,11.876,
25.8.2026,8:56:28.380,33.8,6.9,5.9,61,12.291,
25.8.2026,8:56:28.586,68.1,0.2,3.4,61,12.873,
25.8.2026,8:56:28.776,52.4,0.0,2.6,58,11.141,
25.8.2026,8:56:28.984,40.3,6.3,3.6,60,11.141,
25.8.2026,8:56:29.189,72.5,10.9,4.9,61,10.477,
25.8.2026,8:56:29.395,35.2,0.0,2.4,60,10.106,
25.8.2026,8:56:29.601,37.4,12.7,5.8,61,11.367,
25.8.2026,8:56:29.796,38.3,0.0,6.3,92,11.433,
25.8.2026,8:56:29.997,101.3,8.1,8.9,92,15.867,
25.8.2026,8:56:30.202,93.7,0.0,10.1,87,20.787,
25.8.2026,8:56:30.410,82.8,14.2,13.5,88,19.529,
25.8.2026,8:56:30.618,682.0,0.3,7.7,81,19.605,
25.8.2026,8:56:30.824,121.3,8.9,12.3,94,20.387,
25.8.2026,8:56:31.014,57.6,0.0,8.1,93,27.655,
25.8.2026,8:56:31.216,245.0,17.0,14.4,88,21.728,
25.8.2026,8:56:31.424,82.7,0.0,8.0,63,15.187,
25.8.2026,8:56:31.631,50.5,12.3,2.7,62,13.110,
25.8.2026,8:56:31.835,672.8,8.4,2.5,80,9.257,
25.8.2026,8:56:32.025,672.8,8.4,2.5,64,14.635,
25.8.2026,8:56:32.235,94.1,0.0,6.3,61,13.870,
25.8.2026,8:56:32.438,54.9,6.5,2.4,61,10.204,
25.8.2026,8:56:32.645,56.2,0.2,5.4,64,11.910,
25.8.2026,8:56:32.853,82.6,13.9,5.3,61,11.607,
25.8.2026,8:56:33.042,67.8,0.0,2.9,63,11.698,
25.8.2026,8:56:33.248,35.0,0.0,2.5,62,10.160,
25.8.2026,8:56:33.455,39.9,6.6,3.0,62,10.553,
25.8.2026,8:56:33.663,42.4,6.6,5.6,59,12.771,
25.8.2026,8:56:33.868,61.3,0.0,4.6,59,10.572,
25.8.2026,8:56:34.058,40.6,0.0,2.2,60,11.257,
25.8.2026,8:56:34.262,58.8,7.0,3.2,60,12.552,
25.8.2026,8:56:34.473,28.0,0.0,2.0,59,10.848,
25.8.2026,8:56:34.679,40.3,12.8,7.8,59,11.512,
25.8.2026,8:56:34.884,47.8,0.0,2.0,63,11.731,
25.8.2026,8:56:35.091,60.5,0.0,7.4,59,16.523,
25.8.2026,8:56:35.295,28.4,0.0,1.7,59,10.815,
25.8.2026,8:56:35.502,48.8,12.3,5.4,59,13.440,
25.8.2026,8:56:35.712,66.5,0.0,5.2,59,10.960,
25.8.2026,8:56:35.903,26.9,0.0,2.4,61,10.960,
25.8.2026,8:56:36.106,29.3,6.5,2.2,60,12.429,
25.8.2026,8:56:36.313,33.1,0.0,2.2,61,10.607,
25.8.2026,8:56:36.518,82.0,0.8,4.7,61,11.761,
25.8.2026,8:56:36.725,26.7,12.8,4.1,61,12.209,
25.8.2026,8:56:36.929,35.6,0.0,5.0,61,13.097,
25.8.2026,8:56:37.119,22.6,0.0,1.8,61,12.122,
25.8.2026,8:56:37.329,32.2,12.7,3.7,88,9.563,
25.8.2026,8:56:37.535,48.2,0.0,3.6,86,9.432,
25.8.2026,8:56:37.741,52.5,6.9,5.6,85,11.082,
25.8.2026,8:56:37.947,98.9,0.1,2.1,86,12.060,
25.8.2026,8:56:38.152,44.9,0.0,2.4,84,10.718,
25.8.2026,8:56:38.361,16.8,0.0,3.5,86,11.693,
25.8.2026,8:56:38.563,36.8,6.7,5.7,84,10.508,
25.8.2026,8:56:38.771,63.8,7.3,3.4,86,12.069,
25.8.2026,8:56:38.979,60.4,0.0,4.5,86,9.653,
25.8.2026,8:56:39.168,42.1,3.2,4.3,88,12.874,
25.8.2026,8:56:39.376,53.9,0.0,4.9,64,15.633,
25.8.2026,8:56:39.581,35.3,6.0,8.6,66,11.738,
25.8.2026,8:56:39.785,35.3,0.0,2.7,64,11.436,
25.8.2026,8:56:39.994,17.3,6.2,7.2,64,11.752,
25.8.2026,8:56:40.196,26.2,6.8,3.3,64,11.837,
25.8.2026,8:56:40.391,37.7,0.0,6.0,63,9.680,
25.8.2026,8:56:40.597,21.0,5.6,4.0,59,13.577,
25.8.2026,8:56:40.802,52.8,0.0,5.1,60,9.389,
25.8.2026,8:56:41.008,25.7,0.0,2.2,59,11.338,
25.8.2026,8:56:41.200,23.3,12.3,3.9,59,10.763,
25.8.2026,8:56:41.406,41.9,0.0,4.9,58,11.011,
25.8.2026,8:56:41.616,31.1,12.0,7.7,58,12.782,
25.8.2026,8:56:41.819,26.1,0.0,2.9,60,8.451,
25.8.2026,8:56:42.014,29.1,0.0,1.6,57,12.608,
25.8.2026,8:56:42.219,29.9,0.0,2.1,59,9.271,
25.8.2026,8:56:42.424,86.6,6.8,4.4,60,10.894,
25.8.2026,8:56:42.633,51.5,0.0,7.0,82,9.232,
25.8.2026,8:56:42.825,49.5,0.0,1.6,60,14.452,
25.8.2026,8:56:43.033,121.0,1.3,5.3,86,9.163,
25.8.2026,8:56:43.236,63.5,6.8,5.5,59,15.632,
25.8.2026,8:56:43.444,28.6,0.0,4.7,61,10.188,
25.8.2026,8:56:43.651,46.9,0.0,1.9,61,11.455,
25.8.2026,8:56:43.838,44.2,7.3,3.5,61,11.324,
25.8.2026,8:56:44.045,86.9,0.5,1.8,60,11.288,
25.8.2026,8:56:44.252,78.7,7.4,6.0,60,11.836,
25.8.2026,8:56:44.456,113.8,1.2,7.4,94,11.097,
25.8.2026,8:56:44.662,69.3,0.2,1.9,60,14.119,
25.8.2026,8:56:44.870,41.0,0.0,1.5,61,11.707,
25.8.2026,8:56:45.063,101.2,14.2,3.3,61,10.537,
25.8.2026,8:56:45.269,524.2,17.2,12.8,77,12.128,
25.8.2026,8:56:45.471,1093.9,24.9,13.4,81,18.745,
25.8.2026,8:56:45.677,1354.9,18.2,6.0,66,25.695,
25.8.2026,8:56:45.884,138.3,14.9,4.8,64,25.786,
25.8.2026,8:56:46.078,33.9,0.0,1.5,62,10.667,
25.8.2026,8:56:46.284,76.3,0.3,3.8,62,11.416,
25.8.2026,8:56:46.486,120.2,1.1,6.2,61,13.665,
25.8.2026,8:56:46.694,776.9,21.7,4.4,82,12.579,
25.8.2026,8:56:46.898,776.9,21.7,4.4,71,15.217,
25.8.2026,8:56:47.089,1715.4,41.0,8.3,95,24.586,
25.8.2026,8:56:47.293,109.6,0.0,11.0,63,20.131,
25.8.2026,8:56:47.499,177.6,20.4,2.8,68,11.107,
25.8.2026,8:56:47.708,1113.6,24.5,8.1,62,21.747,
25.8.2026,8:56:47.914,30.5,0.0,4.3,61,10.191,
25.8.2026,8:56:48.121,76.6,9.3,3.6,61,10.612,
25.8.2026,8:56:48.308,63.4,0.0,2.6,61,12.243,
25.8.2026,8:56:48.515,154.6,8.9,5.5,63,14.326,
25.8.2026,8:56:48.721,65.8,0.0,5.9,63,14.452,
25.8.2026,8:56:48.927,106.4,8.9,6.8,63,14.308,
25.8.2026,8:56:49.134,53.8,0.0,3.3,62,12.099,
25.8.2026,8:56:49.324,55.5,13.6,4.8,62,12.596,
25.8.2026,8:56:49.527,29.6,0.0,4.0,58,10.677,
25.8.2026,8:56:49.733,29.9,0.0,2.5,61,11.170,
25.8.2026,8:56:49.940,30.1,0.0,5.0,61,11.960,
25.8.2026,8:56:50.148,50.9,6.6,2.2,61,11.780,
25.8.2026,8:56:50.352,19.0,6.3,5.7,60,11.236,
25.8.2026,8:56:50.543,100.5,1.1,3.1,60,11.236,
25.8.2026,8:56:50.751,30.3,0.0,1.5,61,11.714,
25.8.2026,8:56:50.956,36.6,6.8,3.7,60,11.513,
25.8.2026,8:56:51.161,43.8,0.0,5.0,60,10.463,
25.8.2026,8:56:51.353,48.3,12.4,3.2,60,11.855,
25.8.2026,8:56:51.561,26.7,0.0,2.2,86,10.872,
25.8.2026,8:56:51.769,57.2,18.3,5.9,87,11.316,
25.8.2026,8:56:51.972,42.8,0.0,3.5,84,13.660,
25.8.2026,8:56:52.180,26.5,0.0,5.5,85,11.275,
25.8.2026,8:56:52.369,51.6,7.3,2.7,88,9.804,
25.8.2026,8:56:52.574,37.2,0.0,2.1,65,11.580,
25.8.2026,8:56:52.781,35.3,0.0,6.8,65,12.728,
25.8.2026,8:56:52.989,10.9,6.2,6.5,63,15.520,
25.8.2026,8:56:53.193,37.0,0.0,3.5,68,10.624,
25.8.2026,8:56:53.401,63.1,0.0,1.9,72,11.319,
25.8.2026,8:56:53.590,43.8,0.0,1.5,62,11.885,
25.8.2026,8:56:53.797,25.5,6.2,4.3,63,10.187,
25.8.2026,8:56:54.004,21.7,0.0,5.4,62,11.237,
25.8.2026,8:56:54.214,59.2,13.4,3.4,62,11.468,
25.8.2026,8:56:54.403,66.4,0.0,2.0,60,11.175,
25.8.2026,8:56:54.610,50.1,6.5,2.8,57,8.843,
25.8.2026,8:56:54.814,29.6,6.2,5.8,57,11.181,
25.8.2026,8:56:55.023,46.5,0.0,4.4,57,11.292,
25.8.2026,8:56:55.231,46.5,0.0,4.4,67,9.467,
25.8.2026,8:56:55.435,46.5,0.0,4.4,69,14.529,
25.8.2026,8:56:55.639,46.5,0.0,4.4,69,14.529,
25.8.2026,8:56:55.848,46.5,0.0,4.4,69,14.529,
25.8.2026,8:56:56.054,46.5,0.0,4.4,69,14.529,
25.8.2026,8:56:56.260,46.5,0.0,4.4,69,14.529,
25.8.2026,8:56:56.453,46.5,0.0,4.4,69,14.529,
25.8.2026,8:56:56.657,46.5,0.0,4.4,69,14.529,
25.8.2026,8:56:56.861,46.5,0.0,4.4,69,14.529,
25.8.2026,8:56:57.067,46.5,0.0,4.4,69,14.529,
25.8.2026,8:56:57.274,46.5,0.0,4.4,69,14.529,
25.8.2026,8:56:57.483,46.5,0.0,4.4,69,14.529,
25.8.2026,8:56:57.688,46.5,0.0,4.4,69,14.529,
25.8.2026,8:56:57.895,46.5,0.0,4.4,69,14.529,
25.8.2026,8:56:58.101,29.9,0.0,4.0,69,14.529,
25.8.2026,8:56:58.294,29.9,0.0,4.0,70,13.218,
25.8.2026,8:56:58.498,29.9,0.0,4.0,70,13.218,
25.8.2026,8:56:58.704,29.9,0.0,4.0,71,13.218,
25.8.2026,8:56:58.912,29.9,0.0,4.0,69,13.218,
25.8.2026,8:56:59.119,29.9,0.0,4.0,69,13.218,
25.8.2026,8:56:59.312,29.9,0.0,4.0,70,13.218,
25.8.2026,8:56:59.518,29.9,0.0,4.0,69,13.218,
25.8.2026,8:56:59.723,29.9,0.0,4.0,68,13.218,
25.8.2026,8:56:59.930,29.9,0.0,4.0,69,13.218,
25.8.2026,8:57:0.138,29.9,0.0,4.0,72,13.218,
25.8.2026,8:57:0.342,29.9,0.0,4.0,69,13.218,
25.8.2026,8:57:0.546,29.9,0.0,4.0,69,13.218,
25.8.2026,8:57:0.757,44.0,1.6,7.6,70,13.113,
25.8.2026,8:57:0.960,44.0,1.6,7.6,69,13.113,
25.8.2026,8:57:1.152,44.0,1.6,7.6,70,13.113,
25.8.2026,8:57:1.359,44.0,1.6,7.6,70,13.113,
25.8.2026,8:57:1.563,44.0,1.6,7.6,69,13.113,
25.8.2026,8:57:1.773,44.0,1.6,7.6,70,13.113,
25.8.2026,8:57:1.977,44.0,1.6,7.6,69,13.113,
25.8.2026,8:57:2.168,44.0,1.6,7.6,69,13.113,
25.8.2026,8:57:2.376,44.0,1.6,7.6,69,13.113,
25.8.2026,8:57:2.578,44.0,1.6,7.6,69,13.113,
25.8.2026,8:57:2.784,44.0,1.6,7.6,69,13.113,
25.8.2026,8:57:2.990,44.0,1.6,7.6,69,13.113,
25.8.2026,8:57:3.181,50.5,1.2,8.0,69,13.113,
25.8.2026,8:57:3.387,50.5,1.2,8.0,88,13.027,
25.8.2026,8:57:3.594,50.5,1.2,8.0,85,13.027,
25.8.2026,8:57:3.801,50.5,1.2,8.0,85,13.027,
25.8.2026,8:57:4.008,50.5,1.2,8.0,69,13.027,
25.8.2026,8:57:4.201,50.5,1.2,8.0,69,13.027,
25.8.2026,8:57:4.407,50.5,1.2,8.0,69,13.027,
25.8.2026,8:57:4.612,50.5,1.2,8.0,69,13.027,
25.8.2026,8:57:4.819,50.5,1.2,8.0,69,13.027,
25.8.2026,8:57:5.026,50.5,1.2,8.0,71,13.027,
25.8.2026,8:57:5.216,50.5,1.2,8.0,69,13.027,
25.8.2026,8:57:5.423,50.5,1.2,8.0,70,13.027,
25.8.2026,8:57:5.630,28.9,1.0,7.4,69,13.642,
25.8.2026,8:57:5.835,28.9,1.0,7.4,70,13.642,
25.8.2026,8:57:6.042,28.9,1.0,7.4,69,13.642,
25.8.2026,8:57:6.230,28.9,1.0,7.4,69,13.642,
25.8.2026,8:57:6.436,28.9,1.0,7.4,69,13.642,
25.8.2026,8:57:6.644,28.9,1.0,7.4,69,13.642,
25.8.2026,8:57:6.848,28.9,1.0,7.4,70,13.642,
25.8.2026,8:57:7.057,28.9,1.0,7.4,71,13.642,
25.8.2026,8:57:7.246,28.9,1.0,7.4,69,13.642,
25.8.2026,8:57:7.449,28.9,1.0,7.4,70,13.642,
25.8.2026,8:57:7.658,28.9,1.0,7.4,70,13.642,
25.8.2026,8:57:7.862,65.7,0.9,7.8,69,13.642,
25.8.2026,8:57:8.071,65.7,0.9,7.8,68,12.223,
25.8.2026,8:57:8.275,65.7,0.9,7.8,70,12.223,
25.8.2026,8:57:8.482,65.7,0.9,7.8,69,12.223,
25.8.2026,8:57:8.691,65.7,0.9,7.8,69,12.223,
25.8.2026,8:57:8.898,65.7,0.9,7.8,70,12.223,
25.8.2026,8:57:9.105,65.7,0.9,7.8,70,12.223,
25.8.2026,8:57:9.312,65.7,0.9,7.8,69,12.223,
25.8.2026,8:57:9.518,65.7,0.9,7.8,69,12.223,
25.8.2026,8:57:9.727,65.7,0.9,7.8,69,12.223,
25.8.2026,8:57:9.934,65.7,0.9,7.8,69,12.223,
25.8.2026,8:57:10.121,65.7,0.9,7.8,70,12.223,
25.8.2026,8:57:10.326,41.1,1.4,7.7,71,13.451,
25.8.2026,8:57:10.533,41.1,1.4,7.7,69,13.451,
25.8.2026,8:57:10.740,41.1,1.4,7.7,69,13.451,
25.8.2026,8:57:10.946,41.1,1.4,7.7,69,13.451,
25.8.2026,8:57:11.137,41.1,1.4,7.7,70,13.451,
25.8.2026,8:57:11.344,41.1,1.4,7.7,69,13.451,
25.8.2026,8:57:11.549,41.1,1.4,7.7,70,13.451,
25.8.2026,8:57:11.755,41.1,1.4,7.7,70,13.451,
25.8.2026,8:57:11.962,41.1,1.4,7.7,69,13.451,
25.8.2026,8:57:12.152,41.1,1.4,7.7,70,13.451,
25.8.2026,8:57:12.360,41.1,1.4,7.7,69,13.451,
25.8.2026,8:57:12.566,41.1,1.4,7.7,69,13.451,
25.8.2026,8:57:12.773,30.5,1.0,7.8,67,12.231,
25.8.2026,8:57:12.981,30.5,1.0,7.8,84,12.231,
25.8.2026,8:57:13.183,30.5,1.0,7.8,70,12.231,
25.8.2026,8:57:13.390,30.5,1.0,7.8,69,12.231,
25.8.2026,8:57:13.596,30.5,1.0,7.8,70,12.231,
25.8.2026,8:57:13.803,30.5,1.0,7.8,70,12.231,
25.8.2026,8:57:14.009,30.5,1.0,7.8,70,12.231,
25.8.2026,8:57:14.218,30.5,1.0,7.8,70,12.231,
25.8.2026,8:57:14.425,30.5,1.0,7.8,78,12.231,
25.8.2026,8:57:14.632,30.5,1.0,7.8,70,12.231,
25.8.2026,8:57:14.837,30.5,1.0,7.8,70,12.231,
25.8.2026,8:57:15.027,39.8,0.8,7.5,70,13.737,
25.8.2026,8:57:15.237,39.8,0.8,7.5,70,13.737,
25.8.2026,8:57:15.442,39.8,0.8,7.5,69,13.737,
25.8.2026,8:57:15.650,39.8,0.8,7.5,69,13.737,
25.8.2026,8:57:15.853,39.8,0.8,7.5,69,13.737,
25.8.2026,8:57:16.059,39.8,0.8,7.5,69,13.737,
25.8.2026,8:57:16.266,39.8,0.8,7.5,69,13.737,
25.8.2026,8:57:16.472,39.8,0.8,7.5,69,13.737,
25.8.2026,8:57:16.681,39.8,0.8,7.5,69,13.737,
25.8.2026,8:57:16.869,39.8,0.8,7.5,70,13.737,
25.8.2026,8:57:17.074,39.8,0.8,7.5,70,13.737,
25.8.2026,8:57:17.281,39.8,0.8,7.5,68,13.737,
25.8.2026,8:57:17.489,35.2,1.0,8.0,70,13.333,
25.8.2026,8:57:17.695,35.2,1.0,8.0,71,13.333,
25.8.2026,8:57:17.902,35.2,1.0,8.0,69,13.333,
25.8.2026,8:57:18.109,35.2,1.0,8.0,69,13.333,
25.8.2026,8:57:18.315,35.2,1.0,8.0,68,13.333,
25.8.2026,8:57:18.523,35.2,1.0,8.0,91,13.333,
25.8.2026,8:57:18.727,35.2,1.0,8.0,71,13.333,
25.8.2026,8:57:18.920,35.2,1.0,8.0,70,13.333,
25.8.2026,8:57:19.127,35.2,1.0,8.0,77,13.333,
25.8.2026,8:57:19.336,35.2,1.0,8.0,70,13.333,
25.8.2026,8:57:19.539,35.2,1.0,8.0,70,13.333,
25.8.2026,8:57:19.729,36.8,0.6,7.4,70,13.153,
25.8.2026,8:57:19.937,36.8,0.6,7.4,69,13.153,
25.8.2026,8:57:20.142,36.8,0.6,7.4,70,13.153,
25.8.2026,8:57:20.347,36.8,0.6,7.4,69,13.153,
25.8.2026,8:57:20.557,36.8,0.6,7.4,69,13.153,
25.8.2026,8:57:20.748,36.8,0.6,7.4,69,13.153,
25.8.2026,8:57:20.953,36.8,0.6,7.4,69,13.153,
25.8.2026,8:57:21.160,36.8,0.6,7.4,69,13.153,
25.8.2026,8:57:21.367,36.8,0.6,7.4,69,13.153,
25.8.2026,8:57:21.574,36.8,0.6,7.4,69,13.153,
25.8.2026,8:57:21.781,36.8,0.6,7.4,69,13.153,
25.8.2026,8:57:21.988,36.8,0.6,7.4,70,13.153,
25.8.2026,8:57:22.192,20.9,1.1,7.9,70,13.153,
25.8.2026,8:57:22.400,20.9,1.1,7.9,69,12.208,
25.8.2026,8:57:22.605,30.6,0.6,7.3,70,12.208,
25.8.2026,8:57:22.812,30.6,0.6,7.3,70,14.832,
25.8.2026,8:57:23.021,30.6,0.6,7.3,69,14.832,
25.8.2026,8:57:23.227,30.6,0.6,7.3,70,14.832,
25.8.2026,8:57:23.419,30.6,0.6,7.3,70,14.832,
25.8.2026,8:57:23.624,30.6,0.6,7.3,70,14.832,
25.8.2026,8:57:23.833,30.6,0.6,7.3,69,14.832,
25.8.2026,8:57:24.039,30.6,0.6,7.3,70,14.832,
25.8.2026,8:57:24.245,30.6,0.6,7.3,70,14.832,
25.8.2026,8:57:24.450,30.6,0.6,7.3,69,14.832,
25.8.2026,8:57:24.658,30.6,0.6,7.3,69,14.832,
25.8.2026,8:57:24.861,30.6,0.6,7.3,69,14.832,
25.8.2026,8:57:25.069,30.6,0.6,7.3,88,14.832,
25.8.2026,8:57:25.278,30.6,0.6,7.3,84,14.832,
25.8.2026,8:57:25.466,30.6,0.6,7.3,70,14.832,
25.8.2026,8:57:25.673,30.6,0.6,7.3,69,14.832,
25.8.2026,8:57:25.881,30.6,0.6,7.3,69,14.832,
25.8.2026,8:57:26.088,30.6,0.6,7.3,68,14.832,
25.8.2026,8:57:26.277,30.6,0.6,7.3,70,14.832,
25.8.2026,8:57:26.482,30.6,0.6,7.3,70,14.832,
25.8.2026,8:57:26.688,30.6,0.6,7.3,69,14.832,
25.8.2026,8:57:26.895,30.6,0.6,7.3,70,14.832,
25.8.2026,8:57:27.104,30.6,0.6,7.3,69,14.832,
25.8.2026,8:57:27.291,30.6,0.6,7.3,69,14.832,
25.8.2026,8:57:27.501,24.8,0.0,9.2,70,14.832,
25.8.2026,8:57:27.706,24.8,0.0,9.2,70,12.665,
25.8.2026,8:57:27.912,24.8,0.0,9.2,70,12.665,
25.8.2026,8:57:28.117,24.8,0.0,9.2,69,12.665,
25.8.2026,8:57:28.309,24.8,0.0,9.2,68,12.665,
25.8.2026,8:57:28.514,24.8,0.0,9.2,69,12.665,
25.8.2026,8:57:28.723,24.8,0.0,9.2,69,12.665,
25.8.2026,8:57:28.928,24.8,0.0,9.2,69,12.665,
25.8.2026,8:57:29.135,24.8,0.0,9.2,69,12.665,
25.8.2026,8:57:29.341,24.8,0.0,9.2,69,12.665,
25.8.2026,8:57:29.550,24.8,0.0,9.2,69,12.665,
25.8.2026,8:57:29.754,24.8,0.0,9.2,69,12.665,
25.8.2026,8:57:29.964,24.5,0.8,7.5,70,12.464,
25.8.2026,8:57:30.152,24.5,0.8,7.5,70,12.464,
25.8.2026,8:57:30.359,24.5,0.8,7.5,69,12.464,
25.8.2026,8:57:30.565,24.5,0.8,7.5,69,12.464,
25.8.2026,8:57:30.773,24.5,0.8,7.5,82,12.464,
25.8.2026,8:57:30.977,24.5,0.8,7.5,69,12.464,
25.8.2026,8:57:31.169,24.5,0.8,7.5,69,12.464,
25.8.2026,8:57:31.379,24.5,0.8,7.5,70,12.464,
25.8.2026,8:57:31.587,24.5,0.8,7.5,71,12.464,
25.8.2026,8:57:31.789,24.5,0.8,7.5,86,12.464,
25.8.2026,8:57:31.994,24.5,0.8,7.5,70,12.464,
25.8.2026,8:57:32.202,24.5,0.8,7.5,94,12.464,
25.8.2026,8:57:32.408,24.5,0.8,7.5,70,12.464,
25.8.2026,8:57:32.614,24.5,0.8,7.5,92,12.464,
25.8.2026,8:57:32.816,24.5,0.8,7.5,89,12.464,
25.8.2026,8:57:33.021,24.5,0.8,7.5,94,12.464,
25.8.2026,8:57:33.226,24.5,0.8,7.5,85,12.464,
25.8.2026,8:57:33.419,24.5,0.8,7.5,71,12.464,
25.8.2026,8:57:33.626,24.5,0.8,7.5,69,12.464,
25.8.2026,8:57:33.833,24.5,0.8,7.5,70,12.464,
25.8.2026,8:57:34.036,24.5,0.8,7.5,70,12.464,
25.8.2026,8:57:34.243,24.5,0.8,7.5,71,12.464,
25.8.2026,8:57:34.434,24.5,0.8,7.5,71,12.464,
25.8.2026,8:57:34.640,24.5,0.8,7.5,69,12.464,
25.8.2026,8:57:34.846,24.5,0.8,7.5,91,12.464,
25.8.2026,8:57:35.054,24.5,0.8,7.5,71,12.464,
25.8.2026,8:57:35.258,24.5,0.8,7.5,71,12.464,
25.8.2026,8:57:35.449,24.5,0.8,7.5,71,12.464,
25.8.2026,8:57:35.659,24.5,0.8,7.5,69,12.464,
25.8.2026,8:57:35.867,34.2,0.4,7.6,70,15.574,
25.8.2026,8:57:36.071,34.2,0.4,7.6,69,15.574,
25.8.2026,8:57:36.264,34.2,0.4,7.6,69,15.574,
25.8.2026,8:57:36.468,34.2,0.4,7.6,69,15.574,
25.8.2026,8:57:36.676,34.2,0.4,7.6,71,15.574,
25.8.2026,8:57:36.883,34.2,0.4,7.6,71,15.574,
25.8.2026,8:57:37.086,34.2,0.4,7.6,71,15.574,
25.8.2026,8:57:37.277,34.2,0.4,7.6,71,15.574,
25.8.2026,8:57:37.484,34.2,0.4,7.6,70,15.574,
25.8.2026,8:57:37.690,34.2,0.4,7.6,70,15.574,
25.8.2026,8:57:37.898,34.2,0.4,7.6,70,15.574,
25.8.2026,8:57:38.089,34.2,0.4,7.6,71,15.574,
25.8.2026,8:57:38.297,18.1,0.9,9.4,69,15.574,
25.8.2026,8:57:38.503,18.1,0.9,9.4,70,12.345,
25.8.2026,8:57:38.710,18.1,0.9,9.4,70,12.345,
25.8.2026,8:57:38.917,18.1,0.9,9.4,70,12.345,
25.8.2026,8:57:39.108,18.1,0.9,9.4,70,12.345,
25.8.2026,8:57:39.315,18.1,0.9,9.4,70,12.345,
25.8.2026,8:57:39.521,18.1,0.9,9.4,69,12.345,
25.8.2026,8:57:39.725,18.1,0.9,9.4,85,12.345,
25.8.2026,8:57:39.932,18.1,0.9,9.4,71,12.345,
25.8.2026,8:57:40.138,18.1,0.9,9.4,88,12.345,
25.8.2026,8:57:40.345,18.1,0.9,9.4,70,12.345,
25.8.2026,8:57:40.552,20.8,0.4,7.6,69,12.345,
25.8.2026,8:57:40.745,20.8,0.4,7.6,87,13.298,
25.8.2026,8:57:40.950,20.8,0.4,7.6,70,13.298,
25.8.2026,8:57:41.157,20.8,0.4,7.6,70,13.298,
25.8.2026,8:57:41.364,20.8,0.4,7.6,71,13.298,
25.8.2026,8:57:41.572,20.8,0.4,7.6,69,13.298,
25.8.2026,8:57:41.763,20.8,0.4,7.6,70,13.298,
25.8.2026,8:57:41.968,20.8,0.4,7.6,70,13.298,
25.8.2026,8:57:42.175,20.8,0.4,7.6,70,13.298,
25.8.2026,8:57:42.383,20.8,0.4,7.6,68,13.298,
25.8.2026,8:57:42.585,20.8,0.4,7.6,70,13.298,
25.8.2026,8:57:42.775,20.8,0.4,7.6,71,13.298,
25.8.2026,8:57:42.981,39.7,0.2,7.5,69,13.298,
25.8.2026,8:57:43.189,39.7,0.2,7.5,71,12.388,
25.8.2026,8:57:43.395,39.7,0.2,7.5,71,12.388,
25.8.2026,8:57:43.602,39.7,0.2,7.5,70,12.388,
25.8.2026,8:57:43.806,39.7,0.2,7.5,70,12.388,
25.8.2026,8:57:44.014,39.7,0.2,7.5,70,12.388,
25.8.2026,8:57:44.222,39.7,0.2,7.5,69,12.388,
25.8.2026,8:57:44.429,39.7,0.2,7.5,69,12.388,
25.8.2026,8:57:44.634,39.7,0.2,7.5,69,12.388,
25.8.2026,8:57:44.841,39.7,0.2,7.5,70,12.388,
25.8.2026,8:57:45.049,39.7,0.2,7.5,69,12.388,
25.8.2026,8:57:45.254,39.7,0.2,7.5,69,12.388,
25.8.2026,8:57:45.464,27.7,1.2,7.5,70,13.399,
25.8.2026,8:57:45.652,27.7,1.2,7.5,69,13.399,
25.8.2026,8:57:45.861,27.7,1.2,7.5,70,13.399,
25.8.2026,8:57:46.068,27.7,1.2,7.5,71,13.399,
25.8.2026,8:57:46.274,27.7,1.2,7.5,69,13.399,
25.8.2026,8:57:46.467,27.7,1.2,7.5,69,13.399,
25.8.2026,8:57:46.671,27.7,1.2,7.5,69,13.399,
25.8.2026,8:57:46.876,27.7,1.2,7.5,67,13.399,
25.8.2026,8:57:47.081,27.7,1.2,7.5,69,13.399,
25.8.2026,8:57:47.288,27.7,1.2,7.5,69,13.399,
25.8.2026,8:57:47.478,27.7,1.2,7.5,69,13.399,
25.8.2026,8:57:47.685,20.6,0.6,8.1,69,13.399,
25.8.2026,8:57:47.893,20.6,0.6,8.1,69,12.294,
25.8.2026,8:57:48.099,20.6,0.6,8.1,70,12.294,
25.8.2026,8:57:48.303,20.6,0.6,8.1,69,12.294,
25.8.2026,8:57:48.509,20.6,0.6,8.1,81,12.294,
25.8.2026,8:57:48.716,20.6,0.6,8.1,69,12.294,
25.8.2026,8:57:48.923,20.6,0.6,8.1,69,12.294,
25.8.2026,8:57:49.130,20.6,0.6,8.1,70,12.294,
25.8.2026,8:57:49.336,20.6,0.6,8.1,70,12.294,
25.8.2026,8:57:49.529,20.6,0.6,8.1,69,12.294,
25.8.2026,8:57:49.734,20.6,0.6,8.1,70,12.294,
25.8.2026,8:57:49.942,20.6,0.6,8.1,69,12.294,
25.8.2026,8:57:50.148,24.3,0.5,7.3,69,12.396,
25.8.2026,8:57:50.338,24.3,0.5,7.3,71,12.396,
25.8.2026,8:57:50.547,24.3,0.5,7.3,70,12.396,
25.8.2026,8:57:50.752,24.3,0.5,7.3,68,12.396,
25.8.2026,8:57:50.960,24.3,0.5,7.3,70,12.396,
25.8.2026,8:57:51.167,24.3,0.5,7.3,70,12.396,
25.8.2026,8:57:51.357,24.3,0.5,7.3,70,12.396,
25.8.2026,8:57:51.563,24.3,0.5,7.3,69,12.396,
25.8.2026,8:57:51.767,24.3,0.5,7.3,69,12.396,
25.8.2026,8:57:51.974,24.3,0.5,7.3,70,12.396,
25.8.2026,8:57:52.182,24.3,0.5,7.3,69,12.396,
25.8.2026,8:57:52.376,24.3,0.5,7.3,70,12.396,
25.8.2026,8:57:52.581,27.7,0.3,7.6,84,12.219,
25.8.2026,8:57:52.788,27.7,0.3,7.6,71,12.219,
25.8.2026,8:57:52.990,27.7,0.3,7.6,69,12.219,
25.8.2026,8:57:53.182,27.7,0.3,7.6,69,12.219,
25.8.2026,8:57:53.388,27.7,0.3,7.6,70,12.219,
25.8.2026,8:57:53.596,27.7,0.3,7.6,69,12.219,
25.8.2026,8:57:53.803,27.7,0.3,7.6,70,12.219,
25.8.2026,8:57:54.010,27.7,0.3,7.6,69,12.219,
25.8.2026,8:57:54.202,27.7,0.3,7.6,69,12.219,
25.8.2026,8:57:54.409,27.7,0.3,7.6,69,12.219,
25.8.2026,8:57:54.613,27.7,0.3,7.6,69,12.219,
25.8.2026,8:57:54.824,34.5,0.9,7.3,69,12.219,
25.8.2026,8:57:55.013,34.5,0.9,7.3,69,12.749,
25.8.2026,8:57:55.218,34.5,0.9,7.3,83,12.749,
25.8.2026,8:57:55.424,34.5,0.9,7.3,70,12.749,
25.8.2026,8:57:55.634,292.4,0.0,7.7,69,12.749,
25.8.2026,8:57:55.837,46.1,0.0,5.3,81,13.353,
25.8.2026,8:57:56.028,93.5,0.3,1.9,83,13.623,
25.8.2026,8:57:56.233,16.7,0.0,1.4,64,11.998,
25.8.2026,8:57:56.442,22.3,12.2,5.3,62,11.266,
25.8.2026,8:57:56.649,62.6,0.0,3.7,65,9.522,
25.8.2026,8:57:56.840,45.9,0.0,6.0,63,10.977,
25.8.2026,8:57:57.047,53.8,0.0,2.3,60,13.964,
25.8.2026,8:57:57.252,199.0,25.5,5.7,59,11.279,
25.8.2026,8:57:57.461,23.4,0.0,5.4,63,11.310,
25.8.2026,8:57:57.652,23.2,0.0,2.3,63,9.236,
25.8.2026,8:57:57.859,21.7,5.4,1.9,57,13.587,
25.8.2026,8:57:58.066,19.7,0.0,5.7,59,9.019,
25.8.2026,8:57:58.276,50.1,18.0,4.8,57,9.797,
25.8.2026,8:57:58.466,50.8,0.0,3.0,57,8.388,
25.8.2026,8:57:58.671,43.0,22.3,3.5,57,10.722,
25.8.2026,8:57:58.878,28.1,0.0,6.8,57,9.906,
25.8.2026,8:57:59.087,17.4,5.8,5.3,60,11.456,
25.8.2026,8:57:59.275,28.5,0.0,2.7,57,11.277,
25.8.2026,8:57:59.485,34.2,0.0,2.3,57,10.267,
25.8.2026,8:57:59.692,20.7,0.0,6.8,57,9.565,
25.8.2026,8:57:59.887,28.7,11.5,3.9,56,10.524,
25.8.2026,8:58:0.093,65.9,6.3,4.3,57,9.411,
25.8.2026,8:58:0.304,53.0,0.0,8.1,64,9.261,
25.8.2026,8:58:0.512,28.5,5.3,3.6,58,9.975,
25.8.2026,8:58:0.721,29.7,5.6,5.6,58,7.779,
25.8.2026,8:58:0.927,78.9,5.9,7.4,55,9.210,
25.8.2026,8:58:1.134,31.9,6.7,5.1,60,11.308,
25.8.2026,8:58:1.323,25.4,0.0,1.9,59,10.215,
25.8.2026,8:58:1.530,24.3,17.7,3.6,60,8.930,
25.8.2026,8:58:1.737,167.7,14.7,11.4,61,11.230,
25.8.2026,8:58:1.945,290.5,0.0,5.1,61,11.808,
25.8.2026,8:58:2.149,30.4,6.4,6.0,63,18.482,
25.8.2026,8:58:2.358,67.0,18.1,3.2,66,10.353,
25.8.2026,8:58:2.566,26.0,0.0,4.2,63,10.845,
25.8.2026,8:58:2.772,51.8,0.0,4.1,62,11.732,
25.8.2026,8:58:2.964,18.2,0.0,2.5,65,11.932,
25.8.2026,8:58:3.171,45.9,6.1,4.2,60,9.141,
25.8.2026,8:58:3.380,54.9,6.4,5.1,59,10.033,
25.8.2026,8:58:3.585,54.4,13.2,3.3,59,10.443,
25.8.2026,8:58:3.792,32.3,0.0,2.0,60,9.403,
25.8.2026,8:58:3.996,50.3,0.0,0.7,60,9.666,
25.8.2026,8:58:4.205,57.3,0.0,5.6,60,9.806,
25.8.2026,8:58:4.410,26.6,5.5,5.4,59,10.475,
25.8.2026,8:58:4.619,45.9,12.5,3.6,59,10.900,
25.8.2026,8:58:4.813,21.1,5.4,9.4,79,10.301,
25.8.2026,8:58:5.014,67.8,0.0,6.6,61,14.910,
25.8.2026,8:58:5.224,30.7,0.0,3.8,59,14.097,
25.8.2026,8:58:5.417,72.6,6.7,6.6,60,9.330,
25.8.2026,8:58:5.624,18.9,6.2,1.8,59,11.088,
25.8.2026,8:58:5.832,39.2,11.9,7.9,59,10.287,
25.8.2026,8:58:6.038,43.6,0.0,3.8,59,10.972,
25.8.2026,8:58:6.242,22.7,0.0,2.0,60,11.176,
25.8.2026,8:58:6.435,22.7,0.0,2.0,59,8.897,
25.8.2026,8:58:6.642,23.8,17.2,4.9,59,9.514,
25.8.2026,8:58:6.849,17.2,10.5,6.3,58,10.575,
25.8.2026,8:58:7.043,37.0,0.0,2.8,57,10.575,
25.8.2026,8:58:7.248,33.5,0.0,4.6,55,12.037,
25.8.2026,8:58:7.457,219.1,16.0,2.8,54,10.007,
25.8.2026,8:58:7.666,58.5,5.9,6.4,57,9.378,
25.8.2026,8:58:7.873,54.0,0.0,4.5,56,8.356,
25.8.2026,8:58:8.081,92.2,7.5,2.5,54,8.496,
25.8.2026,8:58:8.285,64.4,0.0,6.4,59,9.798,
25.8.2026,8:58:8.493,75.7,0.4,3.1,54,8.998,
25.8.2026,8:58:8.684,22.7,0.0,1.6,54,11.804,
25.8.2026,8:58:8.890,33.5,0.0,3.6,83,9.344,
25.8.2026,8:58:9.095,69.6,7.5,8.6,94,11.714,
25.8.2026,8:58:9.304,29.5,12.2,7.1,83,14.234,
25.8.2026,8:58:9.509,12.5,0.0,3.0,85,10.000,
25.8.2026,8:58:9.700,16.0,0.0,1.5,83,10.448,
25.8.2026,8:58:9.903,50.3,0.0,4.9,70,10.517,
25.8.2026,8:58:10.110,50.4,7.0,2.6,64,11.056,
25.8.2026,8:58:10.319,13.9,11.6,7.0,66,11.160,
25.8.2026,8:58:10.526,21.9,0.0,2.3,67,8.549,
25.8.2026,8:58:10.733,21.2,0.0,2.6,63,10.484,
25.8.2026,8:58:10.939,23.6,0.0,6.6,68,10.540,
25.8.2026,8:58:11.148,24.9,5.7,2.4,63,12.420,
25.8.2026,8:58:11.340,20.3,0.0,3.0,67,11.453,
25.8.2026,8:58:11.545,24.6,0.0,4.8,58,11.417,
25.8.2026,8:58:11.751,110.6,1.5,6.9,61,10.912,
25.8.2026,8:58:11.957,19.0,12.3,4.8,59,11.262,
25.8.2026,8:58:12.167,35.0,6.0,4.2,60,11.410,
25.8.2026,8:58:12.379,112.6,0.0,1.3,60,10.007,
25.8.2026,8:58:12.582,29.2,5.0,4.5,58,9.530,
25.8.2026,8:58:12.793,25.6,0.0,5.2,59,8.950,
25.8.2026,8:58:12.980,31.1,5.7,2.9,59,12.085,
25.8.2026,8:58:13.187,66.3,0.0,4.9,60,10.235,
25.8.2026,8:58:13.393,80.2,7.5,5.6,61,12.110,
25.8.2026,8:58:13.601,13.0,17.2,4.9,59,10.651,
25.8.2026,8:58:13.792,32.2,0.0,2.8,59,10.643,
25.8.2026,8:58:14.000,23.6,5.4,3.3,57,8.799,
25.8.2026,8:58:14.207,21.4,0.0,3.8,59,8.075,
25.8.2026,8:58:14.417,24.0,17.0,6.5,59,12.175,
25.8.2026,8:58:14.607,31.6,0.0,5.9,58,10.598,
25.8.2026,8:58:14.816,21.3,0.0,3.6,59,12.873,
25.8.2026,8:58:15.022,19.5,12.2,6.0,57,8.647,
25.8.2026,8:58:15.213,35.9,6.0,4.3,57,9.958,
25.8.2026,8:58:15.424,21.6,0.0,3.6,57,8.478,
25.8.2026,8:58:15.628,47.7,0.0,4.7,56,10.312,
25.8.2026,8:58:15.838,33.0,12.1,5.7,57,10.451,
25.8.2026,8:58:16.026,640.9,19.9,10.6,85,8.777,
25.8.2026,8:58:16.232,605.3,13.8,9.6,73,23.535,
25.8.2026,8:58:16.442,38.2,0.0,5.2,61,26.473,
25.8.2026,8:58:16.646,28.8,0.0,4.9,70,11.428,
25.8.2026,8:58:16.843,26.9,4.8,4.7,59,15.766,
25.8.2026,8:58:17.049,52.6,17.6,5.1,68,9.375,
25.8.2026,8:58:17.257,41.1,0.0,4.5,59,11.258,
25.8.2026,8:58:17.460,48.4,0.0,5.2,66,11.320,
25.8.2026,8:58:17.652,36.6,0.0,1.7,59,12.623,
25.8.2026,8:58:17.860,36.9,17.2,4.8,58,11.674,
25.8.2026,8:58:18.070,35.7,0.0,2.7,57,9.293,
25.8.2026,8:58:18.276,38.3,12.4,5.4,57,9.421,
25.8.2026,8:58:18.471,29.6,0.0,3.3,83,12.106,
25.8.2026,8:58:18.674,43.6,18.5,11.4,58,12.472,
25.8.2026,8:58:18.881,31.5,0.0,3.3,61,11.715,
25.8.2026,8:58:19.086,98.8,0.0,2.3,59,10.120,
25.8.2026,8:58:19.283,98.8,0.0,2.3,55,11.975,
25.8.2026,8:58:19.489,31.7,16.8,4.5,55,10.131,
25.8.2026,8:58:19.696,59.9,0.0,7.8,58,9.733,
25.8.2026,8:58:19.888,26.1,0.0,1.7,70,9.733,
25.8.2026,8:58:20.094,40.8,17.5,7.3,61,8.551,
25.8.2026,8:58:20.306,31.3,0.0,8.2,59,11.977,
25.8.2026,8:58:20.497,60.6,5.3,4.2,59,17.786,
25.8.2026,8:58:20.704,21.9,0.0,2.5,82,8.062,
25.8.2026,8:58:20.912,32.4,26.5,6.0,81,11.156,
25.8.2026,8:58:21.121,43.7,0.0,4.3,82,8.436,
25.8.2026,8:58:21.311,23.3,0.0,1.7,83,11.918,
25.8.2026,8:58:21.514,44.7,0.0,9.8,70,10.877,
25.8.2026,8:58:21.722,43.4,0.1,12.3,79,20.850,
25.8.2026,8:58:21.925,17.2,18.1,6.4,66,17.613,
25.8.2026,8:58:22.133,22.5,0.0,2.5,69,9.358,
25.8.2026,8:58:22.326,14.1,11.9,3.2,61,10.083,
25.8.2026,8:58:22.533,17.0,0.0,1.2,59,9.343,
25.8.2026,8:58:22.735,50.6,0.0,7.4,66,10.726,
25.8.2026,8:58:22.943,43.8,17.2,5.8,57,16.503,
25.8.2026,8:58:23.149,62.1,0.0,3.9,59,9.746,
25.8.2026,8:58:23.361,40.6,6.3,3.1,58,10.495,
25.8.2026,8:58:23.564,48.4,0.1,2.1,64,10.315,
25.8.2026,8:58:23.771,49.2,0.0,8.7,62,12.031,
25.8.2026,8:58:23.975,31.9,0.0,2.5,59,10.779,
25.8.2026,8:58:24.166,28.2,0.0,2.2,59,10.309,
25.8.2026,8:58:24.375,31.1,0.0,1.7,60,9.235,
25.8.2026,8:58:24.580,24.4,0.0,5.2,59,10.514,
25.8.2026,8:58:24.786,46.4,0.0,4.7,59,10.962,
25.8.2026,8:58:24.993,27.8,0.0,1.9,60,10.664,
25.8.2026,8:58:25.185,28.9,17.6,4.3,59,11.374,
25.8.2026,8:58:25.396,38.9,5.7,3.4,58,8.700,
25.8.2026,8:58:25.599,30.7,0.0,5.5,59,8.645,
25.8.2026,8:58:25.805,33.9,6.2,2.7,58,9.634,
25.8.2026,8:58:26.001,46.5,18.2,6.0,58,11.792,
25.8.2026,8:58:26.207,47.9,5.2,6.6,60,10.117,
25.8.2026,8:58:26.414,873.1,17.2,20.8,94,12.569,
25.8.2026,8:58:26.622,221.1,8.3,25.5,75,30.433,
25.8.2026,8:58:27.730,172.1,34.3,44.3,71,29.396,
25.8.2026,8:58:27.917,172.1,34.3,44.3,90,12.375,
25.8.2026,8:58:28.119,1487.3,33.8,53.5,91,45.782,
25.8.2026,8:58:28.309,878.9,20.3,39.5,85,40.243,
25.8.2026,8:58:28.517,374.1,11.9,22.7,81,40.243,
25.8.2026,8:58:28.725,2354.8,63.5,11.0,95,32.038,
25.8.2026,8:58:29.514,341.6,6.0,9.2,70,21.894,
25.8.2026,8:58:29.639,1486.0,37.0,39.0,96,37.110,
25.8.2026,8:58:29.753,1486.0,37.0,39.0,96,37.110,
25.8.2026,8:58:29.947,1787.8,58.1,76.5,96,46.557,
25.8.2026,8:58:30.155,743.3,22.0,55.7,95,55.451,
25.8.2026,8:58:30.358,753.4,24.5,32.3,73,25.911,
25.8.2026,8:58:30.567,376.7,8.0,32.3,72,18.286,
25.8.2026,8:58:30.750,1765.2,65.6,55.2,76,26.757,
25.8.2026,8:58:30.967,1344.1,53.6,53.6,73,26.154,
25.8.2026,8:58:31.172,1097.5,38.7,44.2,70,28.296,
25.8.2026,8:58:31.385,1007.6,43.3,50.4,77,22.165,
25.8.2026,8:58:31.566,1254.1,42.7,67.6,74,30.225,
25.8.2026,8:58:31.775,657.0,16.8,38.4,88,25.472,
25.8.2026,8:58:31.969,363.1,11.5,27.2,71,28.089,
25.8.2026,8:58:32.177,336.1,13.3,9.3,76,21.283,
25.8.2026,8:58:32.380,1129.9,30.1,19.9,72,25.012,
25.8.2026,8:58:32.590,675.0,7.6,10.6,72,21.896,
25.8.2026,8:58:32.793,173.2,10.0,14.9,71,16.894,
25.8.2026,8:58:32.984,193.8,2.8,13.4,77,16.030,
25.8.2026,8:58:33.188,494.7,10.0,20.4,87,29.187,
25.8.2026,8:58:33.395,957.6,21.3,23.9,72,35.052,
25.8.2026,8:58:33.605,222.4,10.4,9.7,74,15.897,
25.8.2026,8:58:33.792,170.4,0.0,15.4,76,20.967,
25.8.2026,8:58:34.000,146.3,8.3,12.4,73,20.935,
25.8.2026,8:58:34.208,201.7,2.9,11.8,78,11.111,
25.8.2026,8:58:34.417,73.1,7.7,20.6,76,30.789,
25.8.2026,8:58:34.625,49.0,0.0,11.6,71,16.384,
25.8.2026,8:58:34.827,100.8,0.6,11.8,72,18.447,
25.8.2026,8:58:35.034,44.9,6.5,11.7,69,13.492,
25.8.2026,8:58:35.235,39.7,2.8,11.2,71,14.122,
25.8.2026,8:58:35.443,22.6,5.7,14.4,67,15.281,
25.8.2026,8:58:35.645,51.1,0.0,3.2,64,13.992,
25.8.2026,8:58:35.857,58.1,0.0,5.0,61,14.336,
25.8.2026,8:58:36.063,80.8,8.1,6.1,64,15.287,
25.8.2026,8:58:36.272,17.3,0.0,3.5,63,8.779,
25.8.2026,8:58:36.476,31.7,0.0,11.6,65,9.330,
25.8.2026,8:58:36.683,37.3,0.0,3.5,67,10.396,
25.8.2026,8:58:36.895,12.6,5.1,6.0,63,9.695,
25.8.2026,8:58:37.099,112.4,8.1,15.2,75,14.617,
25.8.2026,8:58:37.295,46.4,2.6,5.4,66,13.988,
25.8.2026,8:58:37.502,102.2,0.4,6.3,66,12.090,
25.8.2026,8:58:37.713,43.9,0.0,6.8,67,11.049,
25.8.2026,8:58:37.915,110.0,14.2,13.2,70,13.584,
25.8.2026,8:58:38.118,125.4,8.6,9.6,68,12.689,
25.8.2026,8:58:38.319,156.9,0.0,8.9,64,13.270,
25.8.2026,8:58:38.511,34.4,0.0,6.5,67,9.959,
25.8.2026,8:58:38.720,79.6,13.1,6.5,62,11.225,
25.8.2026,8:58:38.923,84.4,0.3,4.9,60,10.449,
25.8.2026,8:58:39.132,31.7,0.0,8.4,60,10.146,
25.8.2026,8:58:39.335,87.7,0.5,3.1,59,10.232,
25.8.2026,8:58:39.529,91.7,7.5,7.2,59,9.332,
25.8.2026,8:58:39.733,70.2,0.0,4.4,59,9.798,
25.8.2026,8:58:39.944,69.7,0.0,9.5,63,10.601,
25.8.2026,8:58:40.150,203.6,10.1,5.8,61,11.668,
25.8.2026,8:58:40.342,60.6,0.0,4.9,60,9.861,
25.8.2026,8:58:40.544,80.2,7.3,4.1,61,10.054,
25.8.2026,8:58:40.755,64.4,7.0,8.6,59,13.117,
25.8.2026,8:58:40.959,83.0,0.0,5.5,73,9.803,
25.8.2026,8:58:41.170,72.8,13.4,8.3,63,11.036,
25.8.2026,8:58:41.370,76.8,0.0,5.4,61,13.184,
25.8.2026,8:58:41.573,102.1,14.1,12.1,66,11.685,
25.8.2026,8:58:41.779,49.6,0.0,2.3,61,11.936,
25.8.2026,8:58:41.987,42.5,11.5,13.0,71,12.229,
25.8.2026,8:58:42.193,62.8,0.5,5.5,59,13.949,
25.8.2026,8:58:42.391,75.0,0.0,4.4,58,8.841,
25.8.2026,8:58:42.598,37.3,6.1,9.5,63,10.550,
25.8.2026,8:58:42.800,45.3,0.0,5.0,58,9.293,
25.8.2026,8:58:43.009,39.1,12.8,4.8,58,9.290,
25.8.2026,8:58:43.197,136.8,0.0,5.7,61,9.290,
25.8.2026,8:58:43.408,32.1,5.5,7.6,58,15.226,
25.8.2026,8:58:43.614,83.9,1.1,4.9,58,9.728,
25.8.2026,8:58:43.818,116.6,0.0,8.5,58,10.662,
25.8.2026,8:58:44.025,201.2,25.2,6.1,58,14.648,
25.8.2026,8:58:44.232,25.0,0.0,4.1,58,9.619,
25.8.2026,8:58:44.439,21.0,0.0,9.6,59,8.323,
25.8.2026,8:58:44.650,34.9,0.0,7.1,60,9.186,
25.8.2026,8:58:44.851,104.4,0.9,9.1,59,10.298,
25.8.2026,8:58:45.042,104.4,0.9,9.1,59,14.366,
25.8.2026,8:58:45.255,45.5,13.0,6.7,66,12.407,
25.8.2026,8:58:45.458,43.5,0.0,5.2,62,9.286,
25.8.2026,8:58:45.669,156.8,0.0,3.8,64,12.615,
25.8.2026,8:58:45.855,75.2,13.4,5.9,63,9.509,
25.8.2026,8:58:46.068,71.2,0.0,7.4,65,10.213,
25.8.2026,8:58:46.276,32.5,5.5,8.4,61,9.181,
25.8.2026,8:58:46.467,48.6,0.0,2.3,65,9.869,
25.8.2026,8:58:46.672,53.0,0.0,3.4,59,9.395,
25.8.2026,8:58:46.885,36.9,5.5,9.1,58,8.282,
25.8.2026,8:58:47.075,124.8,14.0,10.0,62,11.306,
25.8.2026,8:58:47.279,23.0,0.0,2.7,58,11.822,
25.8.2026,8:58:47.487,162.8,8.8,9.5,62,12.859,
25.8.2026,8:58:47.692,57.4,0.0,5.1,59,11.824,
25.8.2026,8:58:47.904,63.5,0.0,9.0,65,12.000,
25.8.2026,8:58:48.090,156.9,9.3,6.8,60,12.103,
25.8.2026,8:58:48.302,72.9,0.0,5.3,57,11.219,
25.8.2026,8:58:48.504,146.5,20.2,10.5,62,12.578,
25.8.2026,8:58:48.715,116.0,14.3,10.8,61,17.760,
25.8.2026,8:58:48.902,154.8,0.0,5.2,60,13.658,
25.8.2026,8:58:49.111,74.2,0.0,5.2,58,12.032,
25.8.2026,8:58:49.314,82.0,19.2,11.9,57,10.393,
25.8.2026,8:58:49.524,19.6,0.0,2.4,57,8.037,
25.8.2026,8:58:49.729,16.8,6.0,8.3,60,9.018,
25.8.2026,8:58:49.917,29.6,0.0,3.5,56,9.062,
25.8.2026,8:58:50.129,26.9,22.6,9.4,59,10.103,
25.8.2026,8:58:50.329,178.6,10.0,13.2,67,13.085,
25.8.2026,8:58:50.537,133.9,0.0,5.4,67,21.332,
25.8.2026,8:58:50.738,95.5,14.5,8.7,69,16.749,
25.8.2026,8:58:50.957,177.1,0.0,6.7,76,15.450,
25.8.2026,8:58:51.155,1269.3,37.9,44.0,81,39.935,
25.8.2026,8:58:51.341,251.7,6.1,18.0,69,22.058,
25.8.2026,8:58:51.551,71.9,5.6,15.0,78,14.063,
25.8.2026,8:58:51.752,41.7,0.0,10.8,58,15.466,
25.8.2026,8:58:51.965,99.9,7.0,4.0,63,8.623,
25.8.2026,8:58:52.171,76.0,0.0,8.8,69,17.491,
25.8.2026,8:58:52.376,265.8,5.3,19.9,59,22.682,
25.8.2026,8:58:52.577,31.8,6.9,9.4,62,10.451,
25.8.2026,8:58:52.787,22.8,0.0,5.7,58,9.423,
25.8.2026,8:58:52.994,43.1,12.1,7.0,62,8.162,
25.8.2026,8:58:53.189,130.9,0.0,3.0,57,9.437,
25.8.2026,8:58:53.392,145.1,19.7,11.6,64,12.766,
25.8.2026,8:58:53.603,89.4,7.2,6.2,58,11.550,
25.8.2026,8:58:53.790,28.7,0.0,6.7,61,8.199,
25.8.2026,8:58:53.998,165.7,2.3,4.0,58,11.999,
25.8.2026,8:58:54.207,74.8,0.1,7.6,63,11.557,
25.8.2026,8:58:54.417,260.5,11.0,4.1,58,10.774,
25.8.2026,8:58:54.605,31.2,0.0,3.5,55,8.952,
25.8.2026,8:58:54.818,30.1,0.0,9.3,56,10.316,
25.8.2026,8:58:55.021,147.4,0.9,3.9,56,11.055,
25.8.2026,8:58:55.215,27.5,5.5,8.1,55,9.060,
25.8.2026,8:58:55.422,46.2,0.0,5.3,58,8.231,
25.8.2026,8:58:55.631,46.2,0.0,5.3,67,13.337,
25.8.2026,8:58:55.839,24.5,0.0,8.8,67,13.337,
25.8.2026,8:58:56.031,24.5,0.0,8.8,70,13.337,
25.8.2026,8:58:56.235,24.5,0.0,8.8,68,17.028,
25.8.2026,8:58:56.443,24.5,0.0,8.8,67,17.028,
25.8.2026,8:58:56.652,24.5,0.0,8.8,67,17.028,
25.8.2026,8:58:56.838,24.5,0.0,8.8,67,17.028,
25.8.2026,8:58:57.047,24.5,0.0,8.8,68,17.028,
25.8.2026,8:58:57.255,24.5,0.0,8.8,69,17.028,
25.8.2026,8:58:57.463,24.5,0.0,8.8,69,17.028,
25.8.2026,8:58:57.654,24.5,0.0,8.8,68,17.028,
25.8.2026,8:58:57.863,24.5,0.0,8.8,69,17.028,
25.8.2026,8:58:58.071,24.5,0.0,8.8,69,17.028,
25.8.2026,8:58:58.274,24.5,0.0,8.8,70,17.028,
25.8.2026,8:58:58.465,24.5,0.0,8.8,68,17.028,
25.8.2026,8:58:58.673,24.5,0.0,8.8,69,17.028,
25.8.2026,8:58:58.880,24.5,0.0,8.8,68,17.028,
25.8.2026,8:58:59.089,24.5,0.0,8.8,69,17.028,
25.8.2026,8:58:59.281,24.5,0.0,8.8,70,17.028,
25.8.2026,8:58:59.489,24.5,0.0,8.8,68,17.028,
25.8.2026,8:58:59.697,24.5,0.0,8.8,68,17.028,
25.8.2026,8:58:59.899,24.5,0.0,8.8,68,17.028,
25.8.2026,8:59:0.090,24.5,0.0,8.8,68,17.028,
25.8.2026,8:59:0.303,24.5,0.0,8.8,67,17.028,
25.8.2026,8:59:0.505,24.5,0.0,8.8,67,17.028,
25.8.2026,8:59:0.713,24.5,0.0,8.8,68,17.028,
25.8.2026,8:59:0.904,106.1,9.5,15.7,68,17.028,
25.8.2026,8:59:1.112,106.1,9.5,15.7,67,13.921,
25.8.2026,8:59:1.320,106.1,9.5,15.7,66,13.921,
25.8.2026,8:59:1.528,106.1,9.5,15.7,67,13.921,
25.8.2026,8:59:1.719,106.1,9.5,15.7,66,13.921,
25.8.2026,8:59:1.926,106.1,9.5,15.7,67,13.921,
25.8.2026,8:59:2.130,106.1,9.5,15.7,68,13.921,
25.8.2026,8:59:2.338,106.1,9.5,15.7,67,13.921,
25.8.2026,8:59:2.529,106.1,9.5,15.7,68,13.921,
25.8.2026,8:59:2.737,106.1,9.5,15.7,67,13.921,
25.8.2026,8:59:2.945,106.1,9.5,15.7,68,13.921,
25.8.2026,8:59:3.137,106.1,9.5,15.7,67,13.921,
25.8.2026,8:59:3.344,54.1,2.5,9.3,67,12.256,
25.8.2026,8:59:3.553,54.1,2.5,9.3,66,12.256,
25.8.2026,8:59:3.760,54.1,2.5,9.3,67,12.256,
25.8.2026,8:59:3.951,54.1,2.5,9.3,67,12.256,
25.8.2026,8:59:4.160,54.1,2.5,9.3,67,12.256,
25.8.2026,8:59:4.362,54.1,2.5,9.3,67,12.256,
25.8.2026,8:59:4.569,54.1,2.5,9.3,66,12.256,
25.8.2026,8:59:4.760,54.1,2.5,9.3,67,12.256,
25.8.2026,8:59:4.968,54.1,2.5,9.3,67,12.256,
25.8.2026,8:59:5.176,54.1,2.5,9.3,66,12.256,
25.8.2026,8:59:5.384,54.1,2.5,9.3,65,12.256,
25.8.2026,8:59:5.574,54.1,2.5,9.3,66,12.256,
25.8.2026,8:59:5.782,35.4,0.9,8.6,67,11.798,
25.8.2026,8:59:5.990,35.4,0.9,8.6,68,11.798,
25.8.2026,8:59:6.198,35.4,0.9,8.6,67,11.798,
25.8.2026,8:59:6.405,35.4,0.9,8.6,66,11.798,
25.8.2026,8:59:6.613,35.4,0.9,8.6,66,11.798,
25.8.2026,8:59:6.821,35.4,0.9,8.6,67,11.798,
25.8.2026,8:59:7.011,35.4,0.9,8.6,66,11.798,
25.8.2026,8:59:7.219,35.4,0.9,8.6,68,11.798,
25.8.2026,8:59:7.427,35.4,0.9,8.6,74,11.798,
25.8.2026,8:59:7.636,35.4,0.9,8.6,67,11.798,
25.8.2026,8:59:7.827,35.4,0.9,8.6,67,11.798,
25.8.2026,8:59:8.030,35.4,0.9,8.6,67,11.798,
25.8.2026,8:59:8.243,66.3,1.1,8.3,67,11.798,
25.8.2026,8:59:8.450,66.3,1.1,8.3,65,13.140,
25.8.2026,8:59:8.641,66.3,1.1,8.3,67,13.140,
25.8.2026,8:59:8.842,66.3,1.1,8.3,67,13.140,
25.8.2026,8:59:9.049,66.3,1.1,8.3,65,13.140,
25.8.2026,8:59:9.257,66.3,1.1,8.3,67,13.140,
25.8.2026,8:59:9.451,66.3,1.1,8.3,67,13.140,
25.8.2026,8:59:9.658,66.3,1.1,8.3,67,13.140,
25.8.2026,8:59:9.864,66.3,1.1,8.3,66,13.140,
25.8.2026,8:59:10.071,66.3,1.1,8.3,66,13.140,
25.8.2026,8:59:10.263,66.3,1.1,8.3,67,13.140,
25.8.2026,8:59:10.470,49.0,1.4,9.5,66,13.140,
25.8.2026,8:59:10.680,49.0,1.4,9.5,66,12.197,
25.8.2026,8:59:10.888,49.0,1.4,9.5,66,12.197,
25.8.2026,8:59:11.080,49.0,1.4,9.5,67,12.197,
25.8.2026,8:59:11.282,49.0,1.4,9.5,67,12.197,
25.8.2026,8:59:11.490,49.0,1.4,9.5,66,12.197,
25.8.2026,8:59:11.687,49.0,1.4,9.5,67,12.197,
25.8.2026,8:59:11.889,49.0,1.4,9.5,66,12.197,
25.8.2026,8:59:12.096,49.0,1.4,9.5,67,12.197,
25.8.2026,8:59:12.303,49.0,1.4,9.5,66,12.197,
25.8.2026,8:59:12.511,49.0,1.4,9.5,66,12.197,
25.8.2026,8:59:12.737,49.0,1.4,9.5,67,12.197,
25.8.2026,8:59:12.944,62.0,0.9,9.0,67,12.197,
25.8.2026,8:59:13.152,62.0,0.9,9.0,67,13.932,
25.8.2026,8:59:13.343,62.0,0.9,9.0,66,13.932,
25.8.2026,8:59:13.545,62.0,0.9,9.0,65,13.932,
25.8.2026,8:59:13.752,62.0,0.9,9.0,66,13.932,
25.8.2026,8:59:13.960,62.0,0.9,9.0,66,13.932,
25.8.2026,8:59:14.152,62.0,0.9,9.0,67,13.932,
25.8.2026,8:59:14.360,62.0,0.9,9.0,67,13.932,
25.8.2026,8:59:14.568,62.0,0.9,9.0,65,13.932,
25.8.2026,8:59:14.775,62.0,0.9,9.0,66,13.932,
25.8.2026,8:59:14.983,62.0,0.9,9.0,66,13.932,
25.8.2026,8:59:15.191,62.0,0.9,9.0,66,13.932,
25.8.2026,8:59:15.399,48.5,1.8,9.5,67,12.112,
25.8.2026,8:59:15.601,48.5,1.8,9.5,65,12.112,
25.8.2026,8:59:15.793,48.5,1.8,9.5,67,12.112,
25.8.2026,8:59:16.006,48.5,1.8,9.5,66,12.112,
25.8.2026,8:59:16.208,48.5,1.8,9.5,66,12.112,
25.8.2026,8:59:16.415,48.5,1.8,9.5,66,12.112,
25.8.2026,8:59:16.631,48.5,1.8,9.5,84,12.112,
25.8.2026,8:59:16.831,48.5,1.8,9.5,91,12.112,
25.8.2026,8:59:17.031,48.5,1.8,9.5,78,12.112,
25.8.2026,8:59:17.238,48.5,1.8,9.5,71,12.112,
25.8.2026,8:59:17.444,48.5,1.8,9.5,67,12.112,
25.8.2026,8:59:17.636,48.5,1.8,9.5,70,12.112,
25.8.2026,8:59:17.845,48.5,1.8,9.5,69,12.112,
25.8.2026,8:59:18.054,270.4,1.1,8.8,75,21.244,
25.8.2026,8:59:18.255,270.4,1.1,8.8,83,21.244,
25.8.2026,8:59:18.465,270.4,1.1,8.8,89,21.244,
25.8.2026,8:59:18.651,270.4,1.1,8.8,74,21.244,
25.8.2026,8:59:18.859,270.4,1.1,8.8,71,21.244,
25.8.2026,8:59:19.066,270.4,1.1,8.8,70,21.244,
25.8.2026,8:59:19.273,270.4,1.1,8.8,69,21.244,
25.8.2026,8:59:19.472,270.4,1.1,8.8,83,21.244,
25.8.2026,8:59:19.672,270.4,1.1,8.8,71,21.244,
25.8.2026,8:59:19.882,270.4,1.1,8.8,83,21.244,
25.8.2026,8:59:20.085,270.4,1.1,8.8,73,21.244,
25.8.2026,8:59:20.277,270.4,1.1,8.8,79,21.244,
25.8.2026,8:59:20.485,331.6,6.5,21.8,74,26.670,
25.8.2026,8:59:20.693,331.6,6.5,21.8,71,26.670,
25.8.2026,8:59:20.896,331.6,6.5,21.8,74,26.670,
25.8.2026,8:59:21.101,331.6,6.5,21.8,76,26.670,
25.8.2026,8:59:21.292,331.6,6.5,21.8,71,26.670,
25.8.2026,8:59:21.500,331.6,6.5,21.8,69,26.670,
25.8.2026,8:59:21.706,331.6,6.5,21.8,69,26.670,
25.8.2026,8:59:21.914,331.6,6.5,21.8,73,26.670,
25.8.2026,8:59:22.106,331.6,6.5,21.8,73,26.670,
25.8.2026,8:59:22.314,331.6,6.5,21.8,72,26.670,
25.8.2026,8:59:22.521,331.6,6.5,21.8,70,26.670,
25.8.2026,8:59:22.729,126.3,7.9,24.3,69,26.670,
25.8.2026,8:59:22.920,126.3,7.9,24.3,69,18.032,
25.8.2026,8:59:23.128,126.3,7.9,24.3,69,18.032,
25.8.2026,8:59:23.331,126.3,7.9,24.3,70,18.032,
25.8.2026,8:59:23.537,126.3,7.9,24.3,70,18.032,
25.8.2026,8:59:23.745,126.3,7.9,24.3,68,18.032,
25.8.2026,8:59:23.953,126.3,7.9,24.3,69,18.032,
25.8.2026,8:59:24.156,126.3,7.9,24.3,68,18.032,
25.8.2026,8:59:24.365,126.3,7.9,24.3,67,18.032,
25.8.2026,8:59:24.573,126.3,7.9,24.3,69,18.032,
25.8.2026,8:59:24.765,126.3,7.9,24.3,69,18.032,
25.8.2026,8:59:24.973,126.3,7.9,24.3,68,18.032,
25.8.2026,8:59:25.180,94.2,3.0,15.3,68,18.032,
25.8.2026,8:59:25.387,94.2,3.0,15.3,69,13.485,
25.8.2026,8:59:25.597,94.2,3.0,15.3,67,13.485,
25.8.2026,8:59:25.799,94.2,3.0,15.3,70,13.485,
25.8.2026,8:59:26.008,94.2,3.0,15.3,69,13.485,
25.8.2026,8:59:26.216,94.2,3.0,15.3,68,13.485,
25.8.2026,8:59:26.407,94.2,3.0,15.3,68,13.485,
25.8.2026,8:59:26.614,94.2,3.0,15.3,68,13.485,
25.8.2026,8:59:26.823,94.2,3.0,15.3,68,13.485,
25.8.2026,8:59:27.014,94.2,3.0,15.3,68,13.485,
25.8.2026,8:59:27.223,94.2,3.0,15.3,69,13.485,
25.8.2026,8:59:27.425,94.2,3.0,15.3,68,13.485,
25.8.2026,8:59:27.632,97.9,2.2,10.2,68,13.485,
25.8.2026,8:59:27.824,97.9,2.2,10.2,69,13.524,
25.8.2026,8:59:28.031,97.9,2.2,10.2,68,13.524,
25.8.2026,8:59:28.238,97.9,2.2,10.2,68,13.524,
25.8.2026,8:59:28.446,97.9,2.2,10.2,68,13.524,
25.8.2026,8:59:28.637,97.9,2.2,10.2,66,13.524,
25.8.2026,8:59:28.845,97.9,2.2,10.2,67,13.524,
25.8.2026,8:59:29.053,97.9,2.2,10.2,68,13.524,
25.8.2026,8:59:29.261,97.9,2.2,10.2,67,13.524,
25.8.2026,8:59:29.452,97.9,2.2,10.2,68,13.524,
25.8.2026,8:59:29.655,97.9,2.2,10.2,67,13.524,
25.8.2026,8:59:29.862,97.9,2.2,10.2,67,13.524,
25.8.2026,8:59:30.069,82.9,2.0,11.0,67,12.509,
25.8.2026,8:59:30.260,82.9,2.0,11.0,67,12.509,
25.8.2026,8:59:30.468,82.9,2.0,11.0,67,12.509,
25.8.2026,8:59:30.675,82.9,2.0,11.0,67,12.509,
25.8.2026,8:59:30.883,82.9,2.0,11.0,67,12.509,
25.8.2026,8:59:31.075,82.9,2.0,11.0,67,12.509,
25.8.2026,8:59:31.283,82.9,2.0,11.0,65,12.509,
25.8.2026,8:59:31.491,82.9,2.0,11.0,66,12.509,
25.8.2026,8:59:31.699,82.9,2.0,11.0,67,12.509,
25.8.2026,8:59:31.892,3037.1,1.9,8.9,57,12.200,
25.8.2026,8:59:32.095,137.6,0.0,4.6,55,17.623,
25.8.2026,8:59:32.298,43.8,0.0,9.4,60,12.891,
25.8.2026,8:59:32.508,83.5,0.0,7.8,59,17.467,
25.8.2026,8:59:32.713,41.0,6.5,6.9,71,15.664,
25.8.2026,8:59:32.911,462.4,15.7,17.1,59,19.105,
25.8.2026,8:59:33.107,284.9,6.4,9.2,56,20.520,
25.8.2026,8:59:33.314,545.6,10.9,5.2,59,13.196,
25.8.2026,8:59:33.521,95.7,0.5,11.2,59,14.085,
25.8.2026,8:59:33.932,31.6,0.0,3.3,60,15.878,
Date,Time,"P-core 8 T0 Effective Clock [MHz]","P-core 8 T0 Usage [%]","Total CPU Usage [%]","CPU Package [¡ÆC]","CPU Package Power [W]",
,,CPU [#0]: Intel Core Ultra 5 125H,CPU [#0]: Intel Core Ultra 5 125H,CPU [#0]: Intel Core Ultra 5 125H,CPU [#0]: Intel Core Ultra 5 125H: Enhanced,CPU [#0]: Intel Core Ultra 5 125H: Enhanced,
