Date,Time,"CPU Package Power [W]","Total CPU Usage [%]","Core 0 Clock [MHz]","CPU Package [¡ÆC]",
31.8.2026,21:5:33.719,2.931,24.4,4099.7,55,
31.8.2026,21:5:33.922,11.194,12.7,1299.9,36,
31.8.2026,21:5:34.129,9.245,7.1,1299.9,36,
31.8.2026,21:5:34.339,5.950,7.8,1299.9,37,
31.8.2026,21:5:34.527,6.357,13.2,1299.9,36,
31.8.2026,21:5:34.734,5.547,7.2,1299.9,36,
31.8.2026,21:5:34.940,5.533,13.5,4199.7,37,
31.8.2026,21:5:35.146,8.355,6.9,1299.9,37,
31.8.2026,21:5:35.352,5.750,7.0,1199.9,36,
31.8.2026,21:5:35.551,5.107,7.0,1199.9,36,
31.8.2026,21:5:35.754,5.308,12.4,1299.9,36,
31.8.2026,21:5:35.958,5.328,7.0,1299.9,37,
31.8.2026,21:5:36.176,5.137,9.4,1399.9,36,
31.8.2026,21:5:36.373,5.381,9.4,1399.9,36,
31.8.2026,21:5:36.585,7.444,13.2,1199.9,36,
31.8.2026,21:5:36.789,4.644,8.8,1199.9,37,
31.8.2026,21:5:36.993,4.476,6.3,1299.9,37,
31.8.2026,21:5:37.196,4.627,7.2,1199.9,36,
31.8.2026,21:5:37.389,4.424,5.5,1199.9,36,
31.8.2026,21:5:37.601,6.217,10.6,4099.7,63,
31.8.2026,21:5:37.803,4.209,5.3,4099.7,44,
31.8.2026,21:5:38.007,4.807,8.3,4099.7,50,
31.8.2026,21:5:38.218,4.734,5.5,4099.7,58,
31.8.2026,21:5:38.422,4.076,10.2,4099.7,45,
31.8.2026,21:5:38.627,4.572,5.3,4099.7,40,
31.8.2026,21:5:38.840,4.880,8.2,4099.7,59,
31.8.2026,21:5:39.044,4.814,4.6,4099.7,63,
31.8.2026,21:5:39.255,4.019,9.3,4099.7,47,
31.8.2026,21:5:39.457,4.503,6.1,4099.7,46,
31.8.2026,21:5:39.660,5.517,7.3,4099.7,53,
31.8.2026,21:5:39.869,6.056,6.8,4099.7,64,
31.8.2026,21:5:40.063,4.300,4.8,3599.8,62,
31.8.2026,21:5:40.274,6.044,15.0,4099.7,52,
31.8.2026,21:5:40.477,5.049,7.3,3899.7,57,
31.8.2026,21:5:40.679,5.640,5.2,3199.8,54,
31.8.2026,21:5:40.872,4.521,7.0,3899.7,53,
31.8.2026,21:5:41.077,7.334,16.7,3199.8,59,
31.8.2026,21:5:41.288,4.716,5.4,4699.7,48,
31.8.2026,21:5:41.490,2.201,10.4,1499.9,37,
31.8.2026,21:5:41.700,3.122,9.6,1499.9,37,
31.8.2026,21:5:41.903,2.729,11.2,1499.9,39,
31.8.2026,21:5:42.115,3.261,12.9,1399.9,38,
31.8.2026,21:5:42.317,3.259,10.7,4099.7,37,
31.8.2026,21:5:42.521,2.548,10.6,1499.9,39,
31.8.2026,21:5:42.732,3.297,8.9,1499.9,40,
31.8.2026,21:5:42.944,3.305,12.4,1499.9,37,
31.8.2026,21:5:43.150,2.700,7.3,1499.9,38,
31.8.2026,21:5:43.351,2.425,11.5,1499.9,39,
31.8.2026,21:5:43.547,2.767,9.8,1499.9,38,
31.8.2026,21:5:43.752,3.147,15.1,4099.7,39,
31.8.2026,21:5:43.960,2.711,11.2,4099.7,37,
31.8.2026,21:5:44.162,2.862,11.3,4099.7,37,
31.8.2026,21:5:44.374,3.965,9.0,4699.7,41,
31.8.2026,21:5:44.560,2.358,9.7,4699.7,36,
31.8.2026,21:5:44.771,4.524,16.8,3499.8,41,
31.8.2026,21:5:44.974,3.402,11.2,1499.9,39,
31.8.2026,21:5:45.186,4.031,12.2,1899.9,36,
31.8.2026,21:5:45.372,2.843,9.3,1499.9,36,
31.8.2026,21:5:45.584,3.270,13.9,4699.7,37,
31.8.2026,21:5:45.788,3.550,9.3,4699.7,37,
31.8.2026,21:5:45.991,3.028,10.5,4699.7,37,
31.8.2026,21:5:46.202,2.489,9.9,1499.9,36,
31.8.2026,21:5:46.406,3.560,9.7,1399.9,37,
31.8.2026,21:5:46.609,2.678,10.5,1499.9,36,
31.8.2026,21:5:46.820,3.349,12.7,1399.9,37,
31.8.2026,21:5:47.024,2.900,7.8,1499.9,37,
31.8.2026,21:5:47.227,2.778,11.7,2499.8,36,
31.8.2026,21:5:47.421,2.423,7.7,3099.8,36,
31.8.2026,21:5:47.625,3.214,14.4,3899.7,37,
31.8.2026,21:5:47.829,2.680,11.7,4099.7,37,
31.8.2026,21:5:48.038,5.022,16.2,3799.7,40,
31.8.2026,21:5:48.245,16.177,20.9,4099.7,45,
31.8.2026,21:5:48.440,6.547,11.5,2299.8,36,
31.8.2026,21:5:48.642,4.104,12.2,1299.9,37,
31.8.2026,21:5:48.853,3.861,9.5,1399.9,36,
31.8.2026,21:5:49.057,2.866,11.8,1299.9,36,
31.8.2026,21:5:49.264,4.240,9.8,1299.9,36,
31.8.2026,21:5:49.453,4.240,11.5,1399.9,37,
31.8.2026,21:5:49.657,2.650,10.1,1199.9,36,
31.8.2026,21:5:49.867,4.836,7.3,1299.9,36,
31.8.2026,21:5:50.076,5.075,12.8,1199.9,36,
31.8.2026,21:5:50.269,4.283,11.1,1299.9,36,
31.8.2026,21:5:50.472,4.248,15.1,1199.9,37,
31.8.2026,21:5:50.683,4.425,9.9,1399.9,37,
31.8.2026,21:5:50.887,2.786,10.1,1299.9,37,
31.8.2026,21:5:51.090,2.554,9.2,1299.9,37,
31.8.2026,21:5:51.302,4.177,14.7,2299.8,36,
31.8.2026,21:5:51.504,3.246,4.9,1299.9,35,
31.8.2026,21:5:51.716,3.539,10.3,1299.9,37,
31.8.2026,21:5:51.919,3.800,7.6,1299.9,37,
31.8.2026,21:5:52.113,2.600,14.3,1299.9,38,
31.8.2026,21:5:52.314,3.365,17.9,1399.9,39,
31.8.2026,21:5:52.525,6.998,11.0,1299.9,36,
31.8.2026,21:5:52.727,3.711,13.9,1299.9,37,
31.8.2026,21:5:52.921,3.679,11.5,2199.9,37,
31.8.2026,21:5:53.123,4.029,10.4,1199.9,37,
31.8.2026,21:5:53.335,3.005,6.3,1299.9,36,
31.8.2026,21:5:53.545,3.371,10.3,1199.9,36,
31.8.2026,21:5:53.746,3.555,14.6,1499.9,39,
31.8.2026,21:5:53.958,3.547,8.6,1299.9,37,
31.8.2026,21:5:54.160,3.197,7.8,1299.9,37,
31.8.2026,21:5:54.371,3.714,12.6,4099.7,37,
31.8.2026,21:5:54.575,3.403,14.0,1299.9,38,
31.8.2026,21:5:54.766,4.372,14.0,1299.9,38,
31.8.2026,21:5:54.976,3.604,12.3,1299.9,37,
31.8.2026,21:5:55.179,4.037,13.1,1299.9,37,
31.8.2026,21:5:55.387,3.180,5.8,1199.9,37,
31.8.2026,21:5:55.589,5.323,10.5,1299.9,37,
31.8.2026,21:5:55.783,3.884,11.1,1299.9,37,
31.8.2026,21:5:55.993,3.753,19.0,3199.8,36,
31.8.2026,21:5:56.196,4.932,9.6,1299.9,36,
31.8.2026,21:5:56.398,3.639,11.6,1299.9,45,
31.8.2026,21:5:56.609,4.038,14.6,1399.9,38,
31.8.2026,21:5:56.819,4.400,10.9,3099.8,45,
31.8.2026,21:5:57.022,2.850,10.2,1299.9,36,
31.8.2026,21:5:57.230,2.952,10.8,1299.9,38,
31.8.2026,21:5:57.416,5.681,18.2,2199.9,41,
31.8.2026,21:5:57.621,19.786,53.3,4099.7,53,
31.8.2026,21:5:57.835,9.208,27.5,4699.7,38,
31.8.2026,21:5:58.033,11.011,26.2,4099.7,49,
31.8.2026,21:5:58.244,18.190,34.2,3499.8,51,
31.8.2026,21:5:58.447,16.366,36.8,3699.8,46,
31.8.2026,21:5:58.638,19.156,35.9,4099.7,47,
31.8.2026,21:5:58.846,7.404,26.6,1499.9,38,
31.8.2026,21:5:59.048,8.849,30.1,1399.9,45,
31.8.2026,21:5:59.262,11.283,28.4,1499.9,38,
31.8.2026,21:5:59.462,8.373,28.1,3299.8,46,
31.8.2026,21:5:59.669,11.495,24.5,3799.7,43,
31.8.2026,21:5:59.871,10.988,25.6,4099.7,49,
31.8.2026,21:6:0.085,18.374,42.0,4099.7,52,
31.8.2026,21:6:0.287,4.907,11.4,1499.9,39,
31.8.2026,21:6:0.499,3.791,9.0,1799.9,38,
31.8.2026,21:6:0.684,4.056,14.7,4099.7,38,
31.8.2026,21:6:0.900,8.751,23.7,4099.7,38,
31.8.2026,21:6:1.092,2.581,6.2,1499.9,41,
31.8.2026,21:6:1.303,4.143,16.6,1599.9,37,
31.8.2026,21:6:1.505,3.390,9.0,1499.9,44,
31.8.2026,21:6:1.716,2.507,7.9,1499.9,37,
31.8.2026,21:6:1.919,3.270,13.5,1499.9,37,
31.8.2026,21:6:2.113,2.629,13.8,1799.9,39,
31.8.2026,21:6:2.316,3.173,8.8,4399.7,38,
31.8.2026,21:6:2.527,3.863,7.1,1499.9,38,
31.8.2026,21:6:2.728,3.017,9.2,4699.7,37,
31.8.2026,21:6:2.921,2.689,12.3,1399.9,37,
31.8.2026,21:6:3.132,2.875,11.5,2599.8,38,
31.8.2026,21:6:3.336,2.746,10.2,1499.9,37,
31.8.2026,21:6:3.545,2.703,8.2,4299.7,37,
31.8.2026,21:6:3.739,2.674,11.4,1399.9,37,
31.8.2026,21:6:3.941,3.960,7.4,1299.9,37,
31.8.2026,21:6:4.151,3.589,11.9,1399.9,38,
31.8.2026,21:6:4.346,3.589,11.6,1299.9,37,
31.8.2026,21:6:4.547,4.392,12.9,1299.9,37,
31.8.2026,21:6:4.757,4.035,9.4,1399.9,37,
31.8.2026,21:6:4.967,3.561,8.1,1299.9,37,
31.8.2026,21:6:5.161,3.561,13.2,1299.9,38,
31.8.2026,21:6:5.363,4.419,13.6,1199.9,39,
31.8.2026,21:6:5.565,4.480,11.3,1299.9,38,
31.8.2026,21:6:5.774,4.703,9.2,1299.9,38,
31.8.2026,21:6:5.985,4.876,9.6,1299.9,37,
31.8.2026,21:6:6.169,4.676,16.5,1299.9,37,
31.8.2026,21:6:6.381,5.322,12.2,1899.9,38,
31.8.2026,21:6:6.589,3.035,11.6,1399.9,37,
31.8.2026,21:6:6.796,4.998,9.7,1299.9,37,
31.8.2026,21:6:6.983,4.994,12.2,1299.9,37,
31.8.2026,21:6:7.193,4.688,11.8,1299.9,37,
31.8.2026,21:6:7.398,4.720,12.5,1199.9,38,
31.8.2026,21:6:7.598,3.652,6.2,1299.9,37,
31.8.2026,21:6:7.810,3.473,12.7,1599.9,38,
31.8.2026,21:6:8.003,3.473,12.7,1599.9,38,
31.8.2026,21:6:8.211,4.448,14.9,1499.9,38,
31.8.2026,21:6:8.415,5.941,8.4,1299.9,37,
31.8.2026,21:6:8.614,4.112,6.3,1299.9,37,
31.8.2026,21:6:8.821,6.433,23.5,1299.9,38,
31.8.2026,21:6:9.023,6.588,10.3,1299.9,37,
31.8.2026,21:6:9.217,4.799,12.4,4099.7,44,
31.8.2026,21:6:9.429,3.844,11.2,1399.9,37,
31.8.2026,21:6:9.630,3.303,7.9,1399.9,38,
31.8.2026,21:6:9.841,4.624,14.1,1399.9,47,
31.8.2026,21:6:10.043,4.016,6.9,1399.9,37,
31.8.2026,21:6:10.257,4.101,11.2,1399.9,38,
31.8.2026,21:6:10.460,6.611,16.7,4099.7,40,
31.8.2026,21:6:10.660,6.520,12.5,1399.9,37,
31.8.2026,21:6:10.870,5.002,15.5,1599.9,40,
31.8.2026,21:6:11.080,5.171,5.8,3499.8,42,
31.8.2026,21:6:11.281,4.164,17.0,1399.9,37,
31.8.2026,21:6:11.493,4.859,6.6,1399.9,38,
31.8.2026,21:6:11.694,2.932,8.9,1399.9,38,
31.8.2026,21:6:11.905,5.120,10.6,4099.7,38,
31.8.2026,21:6:12.097,5.608,11.0,1399.9,38,
31.8.2026,21:6:12.299,4.802,13.2,1499.9,37,
31.8.2026,21:6:12.512,4.241,12.8,1499.9,37,
31.8.2026,21:6:12.712,3.557,11.0,1499.9,38,
31.8.2026,21:6:12.923,4.494,12.1,1499.9,37,
31.8.2026,21:6:13.107,3.445,9.1,1499.9,38,
31.8.2026,21:6:13.326,4.600,12.0,1599.9,37,
31.8.2026,21:6:13.529,4.117,9.7,1599.9,40,
31.8.2026,21:6:13.714,2.898,9.0,1599.9,39,
31.8.2026,21:6:13.924,4.531,17.0,1499.9,37,
31.8.2026,21:6:14.135,4.635,12.3,1499.9,48,
31.8.2026,21:6:14.335,3.326,10.9,4699.7,37,
31.8.2026,21:6:14.543,5.343,10.5,4099.7,43,
31.8.2026,21:6:14.744,16.911,23.4,4099.7,44,
31.8.2026,21:6:14.953,21.243,26.9,4099.7,56,
31.8.2026,21:6:15.163,12.945,16.4,4699.7,39,
31.8.2026,21:6:15.363,4.298,12.5,1499.9,38,
31.8.2026,21:6:15.575,3.841,12.9,4099.7,41,
31.8.2026,21:6:15.783,3.291,10.5,1499.9,38,
31.8.2026,21:6:15.985,3.660,14.5,1499.9,39,
31.8.2026,21:6:16.195,4.474,10.4,4099.7,37,
31.8.2026,21:6:16.396,3.488,11.6,4099.7,39,
31.8.2026,21:6:16.609,4.507,10.0,4099.7,44,
31.8.2026,21:6:16.801,2.931,15.0,4099.7,39,
31.8.2026,21:6:17.002,3.592,12.1,2299.8,38,
31.8.2026,21:6:17.213,3.920,11.3,4099.7,38,
31.8.2026,21:6:17.424,4.221,7.7,4699.7,38,
31.8.2026,21:6:17.626,3.378,13.6,2999.8,37,
31.8.2026,21:6:17.835,4.553,12.6,2899.8,39,
31.8.2026,21:6:18.044,3.633,10.2,1499.9,38,
31.8.2026,21:6:18.236,4.323,13.3,1499.9,39,
31.8.2026,21:6:18.437,5.422,15.9,4099.7,38,
31.8.2026,21:6:18.646,5.221,12.8,1399.9,38,
31.8.2026,21:6:18.855,4.242,12.0,4499.7,39,
31.8.2026,21:6:19.056,6.404,12.7,3099.8,38,
31.8.2026,21:6:19.246,9.616,21.4,4099.7,46,
31.8.2026,21:6:19.451,24.337,39.6,3999.7,58,
31.8.2026,21:6:19.674,25.247,45.5,4099.7,57,
31.8.2026,21:6:19.865,13.938,28.9,4099.7,47,
31.8.2026,21:6:20.066,7.443,12.2,1799.9,39,
31.8.2026,21:6:20.274,8.006,14.5,1999.9,39,
31.8.2026,21:6:20.463,6.998,12.5,1399.9,38,
31.8.2026,21:6:20.670,6.446,15.1,1299.9,39,
31.8.2026,21:6:20.876,5.347,13.7,1299.9,38,
31.8.2026,21:6:21.083,15.685,20.0,4099.7,53,
31.8.2026,21:6:21.290,18.738,19.5,4099.7,73,
31.8.2026,21:6:21.480,18.111,19.4,4099.7,77,
31.8.2026,21:6:21.687,16.671,25.9,4699.7,49,
31.8.2026,21:6:21.891,8.867,11.8,1599.9,39,
31.8.2026,21:6:22.099,5.838,10.4,1299.9,39,
31.8.2026,21:6:22.304,6.020,10.8,1299.9,39,
31.8.2026,21:6:22.510,6.020,12.5,2199.9,39,
31.8.2026,21:6:22.709,9.672,31.3,4099.7,44,
31.8.2026,21:6:22.911,14.857,13.6,1599.9,40,
31.8.2026,21:6:23.122,6.690,8.3,1299.9,39,
31.8.2026,21:6:23.324,6.868,16.6,4099.7,51,
31.8.2026,21:6:23.515,11.277,16.8,1799.9,40,
31.8.2026,21:6:23.724,7.963,12.9,1599.9,39,
31.8.2026,21:6:23.927,6.454,9.1,1599.9,39,
31.8.2026,21:6:24.130,3.763,14.3,2299.8,40,
31.8.2026,21:6:24.336,6.515,24.6,3599.8,41,
31.8.2026,21:6:24.527,17.871,17.1,1299.9,39,
31.8.2026,21:6:24.736,5.332,13.7,1399.9,39,
31.8.2026,21:6:24.939,7.355,14.2,1299.9,39,
31.8.2026,21:6:25.146,5.195,13.7,1299.9,39,
31.8.2026,21:6:25.356,6.141,10.7,1299.9,39,
31.8.2026,21:6:25.551,5.567,10.7,1299.9,39,
31.8.2026,21:6:25.759,5.420,19.5,1599.9,38,
31.8.2026,21:6:25.961,7.734,13.7,1399.9,39,
31.8.2026,21:6:26.170,5.976,12.7,1299.9,39,
31.8.2026,21:6:26.370,5.628,14.2,1299.9,39,
31.8.2026,21:6:26.564,6.141,14.4,1899.9,38,
31.8.2026,21:6:26.791,5.086,16.8,1499.9,39,
31.8.2026,21:6:26.992,5.856,13.6,1299.9,39,
31.8.2026,21:6:27.200,8.403,16.7,4099.7,53,
31.8.2026,21:6:27.409,11.576,19.2,1399.9,40,
31.8.2026,21:6:27.593,4.969,12.3,1499.9,39,
31.8.2026,21:6:27.802,6.773,18.1,1399.9,39,
31.8.2026,21:6:28.013,5.014,11.5,1399.9,39,
31.8.2026,21:6:28.213,3.328,12.0,1399.9,38,
31.8.2026,21:6:28.403,7.884,13.8,4099.7,45,
31.8.2026,21:6:28.609,14.589,20.9,4099.7,58,
31.8.2026,21:6:28.816,17.028,21.8,4099.7,55,
31.8.2026,21:6:29.017,21.321,32.2,4099.7,52,
31.8.2026,21:6:29.225,12.671,19.6,1799.9,40,
31.8.2026,21:6:29.434,6.441,14.8,1699.9,43,
31.8.2026,21:6:29.625,5.784,10.8,1399.9,42,
31.8.2026,21:6:29.834,6.455,19.7,1499.9,39,
31.8.2026,21:6:30.034,5.088,9.9,1499.9,39,
31.8.2026,21:6:30.239,7.404,14.0,4099.7,41,
31.8.2026,21:6:30.455,8.948,13.8,4099.7,45,
31.8.2026,21:6:30.640,5.568,10.4,1599.9,39,
31.8.2026,21:6:30.849,4.795,15.0,4099.7,41,
31.8.2026,21:6:31.055,8.282,15.6,4099.7,43,
31.8.2026,21:6:31.256,9.493,15.8,4099.7,46,
31.8.2026,21:6:31.465,5.249,11.6,4099.7,41,
31.8.2026,21:6:31.656,5.417,12.0,1499.9,49,
31.8.2026,21:6:31.857,6.152,17.7,2599.8,39,
31.8.2026,21:6:32.067,5.092,10.2,4699.7,40,
31.8.2026,21:6:32.278,3.761,6.8,4699.7,44,
31.8.2026,21:6:32.480,5.329,9.8,1499.9,40,
31.8.2026,21:6:32.673,4.040,8.5,4099.7,39,
31.8.2026,21:6:32.878,5.053,11.0,2699.8,39,
31.8.2026,21:6:33.091,5.334,12.8,4699.7,39,
31.8.2026,21:6:33.291,4.373,7.3,4099.7,39,
31.8.2026,21:6:33.485,5.696,12.4,1499.9,39,
31.8.2026,21:6:33.687,5.204,14.2,4699.7,40,
31.8.2026,21:6:33.894,7.323,12.1,1299.9,39,
31.8.2026,21:6:34.105,5.714,10.8,1299.9,39,
31.8.2026,21:6:34.305,3.989,12.3,1899.9,39,
31.8.2026,21:6:34.509,6.586,12.2,1899.9,40,
31.8.2026,21:6:34.707,6.320,15.5,2599.8,39,
31.8.2026,21:6:34.908,7.947,15.9,1699.9,39,
31.8.2026,21:6:35.110,14.418,23.6,4099.7,41,
31.8.2026,21:6:35.307,7.704,13.7,2399.8,40,
31.8.2026,21:6:35.523,7.334,12.1,1299.9,39,
31.8.2026,21:6:35.716,6.551,15.1,1299.9,39,
31.8.2026,21:6:35.940,11.830,17.7,4099.7,46,
31.8.2026,21:6:36.142,6.317,10.7,1299.9,41,
31.8.2026,21:6:36.352,3.743,7.4,1299.9,40,
31.8.2026,21:6:36.556,3.695,15.3,1299.9,39,
31.8.2026,21:6:36.747,3.695,9.3,1299.9,39,
31.8.2026,21:6:36.954,8.681,19.0,4099.7,46,
31.8.2026,21:6:37.159,20.773,22.9,4099.7,47,
31.8.2026,21:6:37.368,13.104,9.7,2899.8,40,
31.8.2026,21:6:37.572,8.813,4.3,4099.7,40,
31.8.2026,21:6:37.777,8.587,10.0,4099.7,40,
31.8.2026,21:6:37.984,8.412,6.2,4099.7,41,
31.8.2026,21:6:38.197,8.421,1.7,4099.7,40,
31.8.2026,21:6:38.388,8.421,8.3,4099.7,39,
31.8.2026,21:6:38.596,8.464,4.2,4699.7,39,
31.8.2026,21:6:38.805,8.896,6.5,4699.7,39,
31.8.2026,21:6:39.010,8.416,5.3,4699.7,39,
31.8.2026,21:6:39.220,8.507,13.7,4699.7,39,
31.8.2026,21:6:39.426,8.999,4.0,4699.7,41,
31.8.2026,21:6:39.631,8.424,6.6,4099.7,41,
31.8.2026,21:6:39.830,8.703,6.7,4099.7,40,
31.8.2026,21:6:40.041,8.551,5.3,4699.7,39,
31.8.2026,21:6:40.231,8.551,9.7,4099.7,40,
31.8.2026,21:6:40.439,8.913,4.3,4699.7,40,
31.8.2026,21:6:40.647,9.383,5.0,4099.7,41,
31.8.2026,21:6:40.854,8.458,8.5,4699.7,41,
31.8.2026,21:6:41.044,8.858,13.2,4099.7,41,
31.8.2026,21:6:41.250,9.301,3.0,4699.7,39,
31.8.2026,21:6:41.459,8.833,8.4,4699.7,39,
31.8.2026,21:6:41.663,8.418,5.6,4699.7,39,
31.8.2026,21:6:41.856,8.976,5.6,4699.7,39,
31.8.2026,21:6:42.062,8.630,11.3,4099.7,40,
31.8.2026,21:6:42.273,9.502,7.7,4099.7,41,
31.8.2026,21:6:42.464,9.726,1.7,4099.7,40,
31.8.2026,21:6:42.674,10.938,12.2,4699.7,71,
31.8.2026,21:6:42.871,8.338,4.2,4099.7,73,
31.8.2026,21:6:43.080,8.815,9.7,4699.7,68,
31.8.2026,21:6:43.291,9.719,3.7,500.0,73,
31.8.2026,21:6:43.481,8.432,2.6,4099.7,40,
31.8.2026,21:6:43.690,9.408,9.1,4699.7,72,
31.8.2026,21:6:43.896,8.513,2.0,4099.7,73,
31.8.2026,21:6:44.091,8.766,5.1,4099.7,72,
31.8.2026,21:6:44.300,9.774,10.1,4099.7,53,
31.8.2026,21:6:44.510,8.421,2.9,4699.7,70,
31.8.2026,21:6:44.718,8.464,9.0,4099.7,56,
31.8.2026,21:6:44.925,9.092,2.3,4099.7,62,
31.8.2026,21:6:45.133,9.031,5.1,4099.7,70,
31.8.2026,21:6:45.339,9.675,4.8,4699.7,71,
31.8.2026,21:6:45.549,8.323,9.9,4099.7,60,
31.8.2026,21:6:45.754,8.796,3.9,4099.7,58,
31.8.2026,21:6:45.963,8.371,4.1,600.0,62,
31.8.2026,21:6:46.168,10.444,6.9,4099.7,65,
31.8.2026,21:6:46.377,10.566,10.3,4099.7,71,
31.8.2026,21:6:46.590,10.664,4.7,4099.7,54,
31.8.2026,21:6:46.802,7.941,6.9,4099.7,73,
31.8.2026,21:6:47.010,7.888,2.7,4099.7,72,
31.8.2026,21:6:47.217,8.332,7.2,4099.7,55,
31.8.2026,21:6:47.427,8.688,4.4,4699.7,55,
31.8.2026,21:6:47.632,7.666,3.6,4099.7,62,
31.8.2026,21:6:47.825,7.932,2.4,3799.7,70,
31.8.2026,21:6:48.033,8.260,8.7,4099.7,47,
31.8.2026,21:6:48.245,8.384,3.2,4099.7,42,
31.8.2026,21:6:48.434,8.029,5.5,4699.7,42,
31.8.2026,21:6:48.645,7.908,3.9,500.0,41,
31.8.2026,21:6:48.852,7.807,3.8,4699.7,44,
31.8.2026,21:6:49.045,7.475,3.6,4099.7,41,
31.8.2026,21:6:49.250,11.014,12.0,4099.7,52,
31.8.2026,21:6:49.457,8.941,5.2,4699.7,41,
31.8.2026,21:6:49.665,8.229,6.2,4099.7,41,
31.8.2026,21:6:49.855,7.841,2.3,4699.7,41,
31.8.2026,21:6:50.064,7.802,7.0,4699.7,40,
31.8.2026,21:6:50.272,8.116,6.6,4699.7,39,
31.8.2026,21:6:50.468,8.212,1.9,4699.7,40,
31.8.2026,21:6:50.675,8.494,8.0,4699.7,39,
31.8.2026,21:6:50.884,8.116,5.1,4099.7,40,
31.8.2026,21:6:51.088,9.474,5.2,4699.7,41,
31.8.2026,21:6:51.296,8.990,10.1,4099.7,40,
31.8.2026,21:6:51.502,8.311,2.9,4699.7,39,
31.8.2026,21:6:51.709,8.925,5.4,4699.7,40,
31.8.2026,21:6:51.915,8.194,5.5,4099.7,41,
31.8.2026,21:6:52.109,8.447,7.8,500.0,41,
31.8.2026,21:6:52.313,7.934,5.9,4099.7,40,
31.8.2026,21:6:52.520,8.243,4.6,4099.7,41,
31.8.2026,21:6:52.730,8.079,2.6,4099.7,39,
31.8.2026,21:6:52.919,7.863,7.7,4699.7,41,
31.8.2026,21:6:53.130,8.258,4.9,4099.7,40,
31.8.2026,21:6:53.336,8.670,4.1,4099.7,40,
31.8.2026,21:6:53.527,8.067,7.6,4699.7,40,
31.8.2026,21:6:53.744,7.842,3.7,4099.7,39,
31.8.2026,21:6:53.950,7.703,3.9,4699.7,39,
31.8.2026,21:6:54.161,7.434,7.1,4099.7,40,
31.8.2026,21:6:54.365,10.040,4.8,4699.7,41,
31.8.2026,21:6:54.574,9.871,6.2,4099.7,41,
31.8.2026,21:6:54.763,9.749,7.3,4699.7,40,
31.8.2026,21:6:54.969,10.199,8.6,4099.7,40,
31.8.2026,21:6:55.176,10.029,5.0,4699.7,49,
31.8.2026,21:6:55.370,10.029,7.0,4099.7,41,
31.8.2026,21:6:55.576,9.368,15.7,4099.7,49,
31.8.2026,21:6:55.782,14.281,27.5,600.0,48,
31.8.2026,21:6:55.989,19.274,11.7,4699.7,42,
31.8.2026,21:6:56.195,13.988,5.2,4699.7,40,
31.8.2026,21:6:56.387,10.449,9.2,4099.7,40,
31.8.2026,21:6:56.594,9.769,6.7,4099.7,41,
31.8.2026,21:6:56.805,10.099,8.0,4699.7,41,
31.8.2026,21:6:57.010,10.310,8.9,4099.7,40,
31.8.2026,21:6:57.218,9.943,11.2,4699.7,40,
31.8.2026,21:6:57.426,10.086,6.3,4099.7,41,
31.8.2026,21:6:57.633,10.066,6.2,4699.7,40,
31.8.2026,21:6:57.824,9.872,6.2,4699.7,40,
31.8.2026,21:6:58.034,9.982,14.7,4699.7,41,
31.8.2026,21:6:58.238,8.060,3.8,4099.7,41,
31.8.2026,21:6:58.443,9.120,5.3,4099.7,40,
31.8.2026,21:6:58.651,9.414,2.9,4099.7,40,
31.8.2026,21:6:58.857,9.328,11.8,4099.7,41,
31.8.2026,21:6:59.065,8.043,2.5,4099.7,41,
31.8.2026,21:6:59.278,9.178,2.9,4699.7,41,
31.8.2026,21:6:59.482,8.886,8.4,4699.7,42,
31.8.2026,21:6:59.690,7.881,4.7,4099.7,40,
31.8.2026,21:6:59.899,7.825,2.3,4699.7,40,
31.8.2026,21:7:0.105,7.981,6.1,4699.7,42,
31.8.2026,21:7:0.312,7.967,4.8,4699.7,40,
31.8.2026,21:7:0.519,7.888,3.2,4099.7,40,
31.8.2026,21:7:0.727,7.683,6.9,4099.7,41,
31.8.2026,21:7:0.932,7.934,7.7,2899.8,41,
31.8.2026,21:7:1.140,8.247,2.6,4699.7,41,
31.8.2026,21:7:1.349,8.337,6.2,4699.7,42,
31.8.2026,21:7:1.554,8.887,4.2,4699.7,42,
31.8.2026,21:7:1.749,7.957,4.2,4699.7,42,
31.8.2026,21:7:1.954,7.664,11.2,4099.7,41,
31.8.2026,21:7:2.167,8.187,1.9,4099.7,41,
31.8.2026,21:7:2.373,7.561,12.6,4099.7,42,
31.8.2026,21:7:2.585,8.558,3.0,4699.7,41,
31.8.2026,21:7:2.797,7.905,5.8,4699.7,42,
31.8.2026,21:7:3.001,8.086,3.7,4699.7,41,
31.8.2026,21:7:3.214,8.231,7.2,4699.7,43,
31.8.2026,21:7:3.421,8.946,3.7,4699.7,40,
31.8.2026,21:7:3.630,8.126,4.7,4699.7,42,
31.8.2026,21:7:3.835,8.294,7.6,4699.7,41,
31.8.2026,21:7:4.042,8.917,5.9,4699.7,40,
31.8.2026,21:7:4.251,7.958,5.6,4699.7,40,
31.8.2026,21:7:4.456,8.054,3.6,4099.7,39,
31.8.2026,21:7:4.664,8.211,3.6,4699.7,41,
31.8.2026,21:7:4.857,7.855,7.5,4699.7,40,
31.8.2026,21:7:5.061,8.417,5.6,4699.7,41,
31.8.2026,21:7:5.269,8.387,4.8,500.0,41,
31.8.2026,21:7:5.478,8.694,3.2,4699.7,41,
31.8.2026,21:7:5.682,8.003,7.5,4699.7,41,
31.8.2026,21:7:5.890,7.994,7.1,4699.7,41,
31.8.2026,21:7:6.099,8.064,2.6,4699.7,41,
31.8.2026,21:7:6.305,8.222,3.3,4099.7,40,
31.8.2026,21:7:6.499,7.897,3.3,4099.7,40,
31.8.2026,21:7:6.705,7.712,7.3,4099.7,40,
31.8.2026,21:7:6.917,8.080,2.9,4699.7,40,
31.8.2026,21:7:7.125,7.969,7.3,4099.7,40,
31.8.2026,21:7:7.331,7.935,5.1,4099.7,40,
31.8.2026,21:7:7.540,8.412,5.2,4099.7,41,
31.8.2026,21:7:7.729,7.976,5.0,4099.7,40,
31.8.2026,21:7:7.941,8.924,6.9,4699.7,73,
31.8.2026,21:7:8.147,8.036,5.5,4099.7,73,
31.8.2026,21:7:8.354,8.072,2.5,4699.7,73,
31.8.2026,21:7:8.564,7.911,10.5,4099.7,74,
31.8.2026,21:7:8.777,7.634,2.7,4099.7,67,
31.8.2026,21:7:8.969,6.831,3.0,4699.7,41,
31.8.2026,21:7:9.178,8.859,9.7,4699.7,73,
31.8.2026,21:7:9.384,7.787,3.1,4099.7,68,
31.8.2026,21:7:9.577,8.441,5.8,4099.7,67,
31.8.2026,21:7:9.783,8.648,7.3,4099.7,50,
31.8.2026,21:7:9.991,7.884,3.3,4699.7,53,
31.8.2026,21:7:10.198,7.982,5.2,4699.7,58,
31.8.2026,21:7:10.406,7.787,5.3,4699.7,68,
31.8.2026,21:7:10.613,7.971,5.9,4599.7,60,
31.8.2026,21:7:10.820,7.782,2.3,4099.7,61,
31.8.2026,21:7:11.017,8.230,3.5,4699.7,74,
31.8.2026,21:7:11.222,8.205,8.8,4099.7,44,
31.8.2026,21:7:11.428,8.870,4.7,4699.7,49,
31.8.2026,21:7:11.621,8.333,3.3,4699.7,51,
31.8.2026,21:7:11.828,7.989,10.3,4099.7,45,
31.8.2026,21:7:12.037,8.227,3.5,4699.7,42,
31.8.2026,21:7:12.242,7.901,2.6,4099.7,41,
31.8.2026,21:7:12.448,8.002,4.6,4699.7,41,
31.8.2026,21:7:12.658,9.021,10.4,4699.7,47,
31.8.2026,21:7:12.863,8.303,5.8,4699.7,45,
31.8.2026,21:7:13.075,8.220,3.7,4699.7,48,
31.8.2026,21:7:13.280,8.103,7.4,4099.7,47,
31.8.2026,21:7:13.491,8.818,3.9,4699.7,42,
31.8.2026,21:7:13.698,7.876,3.2,3299.8,45,
31.8.2026,21:7:13.909,8.054,8.4,4699.7,47,
31.8.2026,21:7:14.122,7.646,3.6,4099.7,42,
31.8.2026,21:7:14.335,8.107,7.3,4099.7,47,
31.8.2026,21:7:14.541,7.646,1.5,4099.7,42,
31.8.2026,21:7:14.736,8.119,8.4,4099.7,45,
31.8.2026,21:7:14.943,8.454,3.2,4699.7,44,
31.8.2026,21:7:15.149,7.991,7.0,4099.7,42,
31.8.2026,21:7:15.340,8.175,6.3,4099.7,44,
31.8.2026,21:7:15.547,9.137,5.6,4099.7,42,
31.8.2026,21:7:15.757,8.313,3.9,4099.7,42,
31.8.2026,21:7:15.953,8.162,1.5,4099.7,41,
31.8.2026,21:7:16.160,8.144,4.3,4699.7,41,
31.8.2026,21:7:16.366,7.961,7.5,4099.7,41,
31.8.2026,21:7:16.558,7.961,2.6,4699.7,41,
31.8.2026,21:7:16.764,8.212,9.5,4099.7,42,
31.8.2026,21:7:16.973,8.212,4.8,4699.7,41,
31.8.2026,21:7:17.178,8.158,4.7,4699.7,40,
31.8.2026,21:7:17.383,8.030,3.9,4699.7,41,
31.8.2026,21:7:17.577,8.741,5.1,4699.7,41,
31.8.2026,21:7:17.784,7.787,8.3,4099.7,41,
31.8.2026,21:7:17.992,8.146,5.4,4699.7,41,
31.8.2026,21:7:18.185,7.953,1.8,4699.7,41,
31.8.2026,21:7:18.390,8.246,11.5,4099.7,41,
31.8.2026,21:7:18.598,7.956,5.2,4099.7,42,
31.8.2026,21:7:18.811,8.001,3.9,4099.7,41,
31.8.2026,21:7:19.021,8.038,6.1,4699.7,40,
31.8.2026,21:7:19.227,7.867,4.3,4099.7,42,
31.8.2026,21:7:19.433,7.855,4.8,4099.7,41,
31.8.2026,21:7:19.643,8.820,7.9,4099.7,41,
31.8.2026,21:7:19.848,7.543,3.7,4099.7,40,
31.8.2026,21:7:20.055,7.552,4.1,4099.7,41,
31.8.2026,21:7:20.249,7.931,6.9,4099.7,41,
31.8.2026,21:7:20.454,8.231,5.2,4099.7,41,
31.8.2026,21:7:20.664,8.444,4.7,4099.7,41,
31.8.2026,21:7:20.855,8.038,5.6,4099.7,41,
31.8.2026,21:7:21.063,8.369,4.3,4699.7,41,
31.8.2026,21:7:21.271,8.221,6.0,4099.7,41,
31.8.2026,21:7:21.476,8.110,5.3,4699.7,41,
31.8.2026,21:7:21.668,8.436,7.7,4099.7,41,
31.8.2026,21:7:21.877,8.031,4.0,4099.7,41,
31.8.2026,21:7:22.086,7.722,2.6,4699.7,41,
31.8.2026,21:7:22.277,8.213,10.5,4099.7,40,
31.8.2026,21:7:22.484,8.380,2.7,4099.7,41,
31.8.2026,21:7:22.690,7.845,2.9,4699.7,40,
31.8.2026,21:7:22.899,8.186,3.4,1399.9,40,
31.8.2026,21:7:23.105,7.851,7.1,4699.7,41,
31.8.2026,21:7:23.315,8.161,3.4,4099.7,40,
31.8.2026,21:7:23.519,8.266,6.0,4699.7,41,
31.8.2026,21:7:23.727,9.357,5.3,4699.7,41,
31.8.2026,21:7:23.920,8.094,5.3,4699.7,40,
31.8.2026,21:7:24.128,7.436,3.2,4699.7,41,
31.8.2026,21:7:24.335,8.061,2.8,4099.7,41,
31.8.2026,21:7:24.526,8.108,2.8,4099.7,41,
31.8.2026,21:7:24.740,8.170,2.5,4699.7,41,
31.8.2026,21:7:24.947,7.993,4.5,4699.7,40,
31.8.2026,21:7:25.138,8.095,4.5,4699.7,40,
31.8.2026,21:7:25.345,8.025,5.0,4099.7,40,
31.8.2026,21:7:25.558,8.836,3.1,4099.7,41,
31.8.2026,21:7:25.748,7.887,3.1,4099.7,41,
31.8.2026,21:7:25.954,8.221,7.0,4099.7,42,
31.8.2026,21:7:26.164,8.690,9.2,4099.7,42,
31.8.2026,21:7:26.368,7.832,2.4,4099.7,41,
31.8.2026,21:7:26.560,7.865,6.3,4099.7,42,
31.8.2026,21:7:26.766,8.658,9.2,4099.7,67,
31.8.2026,21:7:26.978,8.018,5.0,4099.7,73,
31.8.2026,21:7:27.171,7.780,2.5,4699.7,75,
31.8.2026,21:7:27.383,8.746,10.9,500.0,73,
31.8.2026,21:7:27.575,8.746,3.2,1299.9,70,
31.8.2026,21:7:27.782,8.926,6.7,4099.7,46,
31.8.2026,21:7:27.989,8.281,6.0,4699.7,44,
31.8.2026,21:7:28.196,8.748,2.2,4099.7,44,
31.8.2026,21:7:28.387,7.954,2.4,4099.7,41,
31.8.2026,21:7:28.594,8.046,11.6,4099.7,44,
31.8.2026,21:7:28.801,8.512,4.4,4099.7,42,
31.8.2026,21:7:29.009,7.765,3.9,4699.7,41,
31.8.2026,21:7:29.199,8.573,3.9,4699.7,42,
31.8.2026,21:7:29.407,8.650,6.1,4099.7,42,
31.8.2026,21:7:29.616,8.448,8.4,4099.7,41,
31.8.2026,21:7:29.824,9.342,2.6,4699.7,41,
31.8.2026,21:7:30.041,8.260,9.8,4099.7,41,
31.8.2026,21:7:30.233,8.662,3.9,4699.7,42,
31.8.2026,21:7:30.439,8.479,4.9,4099.7,41,
31.8.2026,21:7:30.649,8.427,8.2,4099.7,42,
31.8.2026,21:7:30.842,8.345,5.6,4099.7,41,
31.8.2026,21:7:31.055,8.615,3.7,4699.7,41,
31.8.2026,21:7:31.260,8.447,2.9,4699.7,41,
31.8.2026,21:7:31.449,8.231,10.2,4099.7,41,
31.8.2026,21:7:31.660,8.253,4.0,4699.7,42,
31.8.2026,21:7:31.865,8.641,2.1,4699.7,42,
31.8.2026,21:7:32.072,7.928,2.3,1399.9,40,
31.8.2026,21:7:32.281,8.011,9.3,4699.7,42,
31.8.2026,21:7:32.494,8.124,4.8,4099.7,42,
31.8.2026,21:7:32.683,8.117,7.3,4099.7,42,
31.8.2026,21:7:32.891,8.179,3.0,4699.7,41,
31.8.2026,21:7:33.099,7.787,2.9,4699.7,41,
31.8.2026,21:7:33.306,7.910,3.5,4699.7,41,
31.8.2026,21:7:33.498,7.949,8.0,4099.7,41,
31.8.2026,21:7:33.706,8.517,3.1,4099.7,41,
31.8.2026,21:7:33.914,8.046,3.4,4099.7,41,
31.8.2026,21:7:34.105,7.800,10.1,4099.7,40,
31.8.2026,21:7:34.314,7.550,3.6,4099.7,41,
31.8.2026,21:7:34.520,8.290,3.3,4699.7,41,
31.8.2026,21:7:34.727,7.791,4.4,4099.7,41,
31.8.2026,21:7:34.918,8.107,6.9,4099.7,41,
31.8.2026,21:7:35.126,7.920,4.5,4099.7,40,
31.8.2026,21:7:35.336,8.036,4.0,4099.7,42,
31.8.2026,21:7:35.541,7.583,3.1,4699.7,41,
31.8.2026,21:7:35.737,8.862,8.1,4099.7,41,
31.8.2026,21:7:35.943,7.788,2.6,4699.7,41,
31.8.2026,21:7:36.148,8.060,4.5,4699.7,41,
31.8.2026,21:7:36.343,8.402,6.5,4699.7,42,
31.8.2026,21:7:36.547,8.122,4.0,4699.7,40,
31.8.2026,21:7:36.758,8.060,2.2,4699.7,40,
31.8.2026,21:7:36.957,7.358,8.5,4099.7,40,
31.8.2026,21:7:37.164,8.048,3.2,4099.7,41,
31.8.2026,21:7:37.356,8.259,3.2,4099.7,41,
31.8.2026,21:7:37.561,8.126,8.1,4099.7,41,
31.8.2026,21:7:37.773,7.655,1.3,4099.7,41,
31.8.2026,21:7:37.980,7.884,5.8,2299.8,41,
31.8.2026,21:7:38.191,8.471,4.4,4099.7,41,
31.8.2026,21:7:38.397,8.715,5.5,4699.7,41,
31.8.2026,21:7:38.593,8.715,5.5,4699.7,41,
31.8.2026,21:7:38.802,8.280,7.5,4099.7,42,
31.8.2026,21:7:39.007,7.778,4.4,4099.7,41,
31.8.2026,21:7:39.215,8.050,2.8,4099.7,42,
31.8.2026,21:7:39.404,7.474,2.8,4099.7,41,
31.8.2026,21:7:39.613,9.131,9.5,3699.8,73,
31.8.2026,21:7:39.820,9.131,3.2,4699.7,69,
31.8.2026,21:7:40.014,7.827,6.6,4099.7,73,
31.8.2026,21:7:40.228,8.862,9.2,1999.9,61,
31.8.2026,21:7:40.419,6.930,2.9,4099.7,73,
31.8.2026,21:7:40.629,8.886,10.9,4099.7,61,
31.8.2026,21:7:40.836,8.167,3.0,3299.8,62,
31.8.2026,21:7:41.027,8.457,3.2,1199.9,72,
31.8.2026,21:7:41.236,8.362,6.2,4699.7,43,
31.8.2026,21:7:41.443,8.187,6.2,4099.7,42,
31.8.2026,21:7:41.654,9.233,3.8,4099.7,48,
31.8.2026,21:7:41.859,8.484,9.8,4099.7,42,
31.8.2026,21:7:42.069,8.504,2.8,4099.7,45,
31.8.2026,21:7:42.273,8.837,4.4,4099.7,44,
31.8.2026,21:7:42.464,8.482,3.6,4099.7,48,
31.8.2026,21:7:42.671,8.721,9.3,4099.7,42,
31.8.2026,21:7:42.877,8.611,3.0,4099.7,41,
31.8.2026,21:7:43.086,8.594,4.1,4099.7,41,
31.8.2026,21:7:43.292,8.374,3.1,4099.7,41,
31.8.2026,21:7:43.499,7.991,7.2,4099.7,41,
31.8.2026,21:7:43.705,9.027,3.3,4699.7,42,
31.8.2026,21:7:43.917,8.616,4.4,4099.7,42,
31.8.2026,21:7:44.106,8.373,10.4,4099.7,42,
31.8.2026,21:7:44.319,8.095,2.1,4099.7,41,
31.8.2026,21:7:44.523,8.454,3.6,4699.7,41,
31.8.2026,21:7:44.715,7.822,3.9,4699.7,41,
31.8.2026,21:7:44.920,10.602,11.3,4699.7,41,
31.8.2026,21:7:45.129,8.032,4.1,3299.8,42,
31.8.2026,21:7:45.335,7.809,3.4,4099.7,41,
31.8.2026,21:7:45.543,8.209,4.8,4099.7,41,
31.8.2026,21:7:45.748,8.791,8.8,4099.7,41,
31.8.2026,21:7:45.956,8.690,3.1,500.0,42,
31.8.2026,21:7:46.165,7.938,1.9,4699.7,41,
31.8.2026,21:7:46.373,8.216,3.8,4699.7,41,
31.8.2026,21:7:46.583,7.456,9.5,4699.7,42,
31.8.2026,21:7:46.788,7.876,2.6,4699.7,40,
31.8.2026,21:7:46.994,8.520,3.9,4099.7,41,
31.8.2026,21:7:47.184,8.182,6.7,4699.7,41,
31.8.2026,21:7:47.392,8.223,5.7,4099.7,41,
31.8.2026,21:7:47.604,9.047,5.7,4699.7,43,
31.8.2026,21:7:47.793,8.140,6.7,4699.7,42,
31.8.2026,21:7:48.003,8.549,4.7,4099.7,42,
31.8.2026,21:7:48.207,8.364,3.9,4099.7,42,
31.8.2026,21:7:48.418,8.385,4.4,4099.7,41,
31.8.2026,21:7:48.610,8.343,10.9,4099.7,41,
31.8.2026,21:7:48.820,8.057,1.1,4099.7,40,
31.8.2026,21:7:49.012,9.714,9.4,4099.7,41,
31.8.2026,21:7:49.220,9.225,6.2,4099.7,41,
31.8.2026,21:7:49.425,9.924,6.3,4099.7,41,
31.8.2026,21:7:49.634,10.354,4.5,4099.7,41,
31.8.2026,21:7:49.826,8.223,10.2,4099.7,41,
31.8.2026,21:7:50.034,8.404,1.9,4099.7,41,
31.8.2026,21:7:50.229,8.404,9.3,4099.7,41,
31.8.2026,21:7:50.436,9.652,4.9,4099.7,42,
31.8.2026,21:7:50.643,9.418,3.6,4099.7,42,
31.8.2026,21:7:50.852,8.917,3.2,4099.7,42,
31.8.2026,21:7:51.044,8.916,12.0,4099.7,42,
31.8.2026,21:7:51.255,9.111,3.8,4099.7,41,
31.8.2026,21:7:51.464,9.118,4.0,4099.7,41,
31.8.2026,21:7:51.653,9.406,4.0,4099.7,41,
31.8.2026,21:7:51.860,9.921,2.9,4699.7,41,
31.8.2026,21:7:52.066,9.273,6.5,4699.7,41,
31.8.2026,21:7:52.262,8.220,5.2,4699.7,40,
31.8.2026,21:7:52.469,8.283,6.4,4099.7,41,
31.8.2026,21:7:52.678,7.637,2.8,4699.7,41,
31.8.2026,21:7:52.884,8.015,5.1,4699.7,41,
31.8.2026,21:7:53.077,8.114,5.1,4699.7,41,
31.8.2026,21:7:53.283,7.786,7.7,4099.7,41,
31.8.2026,21:7:53.491,8.401,8.8,4699.7,41,
31.8.2026,21:7:53.697,8.431,5.7,4699.7,42,
31.8.2026,21:7:53.912,9.164,11.2,4099.7,41,
31.8.2026,21:7:54.118,8.583,7.7,4099.7,41,
31.8.2026,21:7:54.309,8.126,7.7,4099.7,41,
31.8.2026,21:7:54.516,8.115,3.9,4699.7,41,
31.8.2026,21:7:54.725,8.361,5.4,4699.7,41,
31.8.2026,21:7:54.917,8.150,5.4,4699.7,41,
31.8.2026,21:7:55.125,8.095,9.1,4099.7,42,
31.8.2026,21:7:55.333,7.773,3.2,4699.7,41,
31.8.2026,21:7:55.538,7.787,6.1,4699.7,41,
31.8.2026,21:7:55.730,8.657,3.3,4099.7,41,
31.8.2026,21:7:55.938,9.320,7.5,4099.7,74,
31.8.2026,21:7:56.143,8.373,4.2,4699.7,68,
31.8.2026,21:7:56.350,7.895,4.4,4099.7,72,
31.8.2026,21:7:56.558,8.284,5.5,4099.7,66,
31.8.2026,21:7:56.771,8.171,9.6,4099.7,69,
31.8.2026,21:7:56.976,6.402,1.2,4099.7,42,
31.8.2026,21:7:57.171,8.086,3.8,4099.7,41,
31.8.2026,21:7:57.377,8.721,6.0,4699.7,73,
31.8.2026,21:7:57.588,8.193,7.0,4099.7,74,
31.8.2026,21:7:57.778,9.018,3.4,4699.7,70,
31.8.2026,21:7:57.985,9.209,9.7,3399.8,68,
31.8.2026,21:7:58.191,8.351,3.4,4099.7,71,
31.8.2026,21:7:58.399,8.104,5.1,1099.9,59,
31.8.2026,21:7:58.590,7.862,3.3,4099.7,51,
31.8.2026,21:7:58.800,8.122,9.1,4099.7,45,
31.8.2026,21:7:59.007,8.218,2.2,4099.7,45,
31.8.2026,21:7:59.213,8.068,5.1,4699.7,42,
31.8.2026,21:7:59.406,7.806,9.5,4099.7,46,
31.8.2026,21:7:59.619,7.988,4.6,4699.7,42,
31.8.2026,21:7:59.810,8.668,4.2,4699.7,44,
31.8.2026,21:8:0.020,7.986,5.5,4099.7,42,
31.8.2026,21:8:0.225,8.027,6.1,4099.7,40,
31.8.2026,21:8:0.431,8.025,2.4,4699.7,40,
31.8.2026,21:8:0.643,8.038,7.7,4699.7,41,
31.8.2026,21:8:0.852,8.485,4.1,4099.7,42,
31.8.2026,21:8:1.045,8.485,5.4,4699.7,42,
31.8.2026,21:8:1.253,9.151,5.4,4699.7,41,
31.8.2026,21:8:1.456,8.139,5.5,4699.7,40,
31.8.2026,21:8:1.662,7.783,4.9,4699.7,41,
31.8.2026,21:8:1.856,8.266,2.9,4699.7,42,
31.8.2026,21:8:2.067,8.578,9.3,4699.7,42,
31.8.2026,21:8:2.275,8.416,2.9,4099.7,41,
31.8.2026,21:8:2.470,7.976,6.6,4699.7,40,
31.8.2026,21:8:2.679,8.021,4.1,4699.7,42,
31.8.2026,21:8:2.879,8.175,2.7,4699.7,42,
31.8.2026,21:8:3.084,8.473,9.0,4099.7,42,
31.8.2026,21:8:3.279,8.060,3.8,4699.7,41,
31.8.2026,21:8:3.493,8.115,5.6,4699.7,41,
31.8.2026,21:8:3.697,7.782,5.3,4699.7,41,
31.8.2026,21:8:3.893,7.941,6.1,4699.7,40,
31.8.2026,21:8:4.103,8.735,6.5,4099.7,42,
31.8.2026,21:8:4.295,7.970,7.9,2899.8,40,
31.8.2026,21:8:4.507,7.765,4.8,1199.9,41,
31.8.2026,21:8:4.714,8.047,2.3,4099.7,41,
31.8.2026,21:8:4.920,8.005,8.7,4099.7,41,
31.8.2026,21:8:5.129,7.681,3.4,4099.7,42,
31.8.2026,21:8:5.326,7.833,6.6,4099.7,41,
31.8.2026,21:8:5.536,8.456,5.3,4099.7,40,
31.8.2026,21:8:5.740,9.362,4.8,4099.7,42,
31.8.2026,21:8:5.949,9.519,5.0,4099.7,41,
31.8.2026,21:8:6.137,9.565,10.2,4099.7,41,
31.8.2026,21:8:6.345,8.871,5.9,4099.7,41,
31.8.2026,21:8:6.551,9.661,3.8,4099.7,42,
31.8.2026,21:8:6.760,9.280,3.3,4099.7,41,
31.8.2026,21:8:6.950,9.286,8.5,3599.8,42,
31.8.2026,21:8:7.158,9.623,8.0,4099.7,42,
31.8.2026,21:8:7.365,8.741,2.4,4099.7,40,
31.8.2026,21:8:7.575,9.065,6.3,4099.7,42,
31.8.2026,21:8:7.784,9.818,8.1,4099.7,41,
31.8.2026,21:8:7.992,9.199,3.9,4099.7,42,
31.8.2026,21:8:8.186,8.982,10.6,4699.7,41,
31.8.2026,21:8:8.390,9.274,3.4,4099.7,41,
31.8.2026,21:8:8.602,8.946,2.4,4099.7,41,
31.8.2026,21:8:8.794,8.959,10.8,2599.8,41,
31.8.2026,21:8:9.001,8.870,2.8,4699.7,41,
31.8.2026,21:8:9.214,9.074,7.2,4099.7,40,
31.8.2026,21:8:9.422,8.897,5.7,4699.7,40,
31.8.2026,21:8:9.632,9.109,4.7,4699.7,40,
31.8.2026,21:8:9.828,9.109,5.7,4699.7,40,
31.8.2026,21:8:10.041,9.439,2.9,4699.7,42,
31.8.2026,21:8:10.230,7.940,2.9,4699.7,42,
31.8.2026,21:8:10.441,8.059,9.6,4099.7,41,
31.8.2026,21:8:10.650,7.872,3.1,2899.8,41,
31.8.2026,21:8:10.842,7.872,3.1,2899.8,41,
31.8.2026,21:8:11.053,8.057,11.4,4099.7,41,
31.8.2026,21:8:11.249,8.057,4.2,4099.7,41,
31.8.2026,21:8:11.462,8.211,7.4,4099.7,41,
31.8.2026,21:8:11.667,7.806,1.8,4099.7,40,
31.8.2026,21:8:11.874,7.791,9.5,4099.7,41,
31.8.2026,21:8:12.081,8.617,3.3,4099.7,40,
31.8.2026,21:8:12.291,7.636,2.5,4099.7,40,
31.8.2026,21:8:12.501,8.008,9.9,4099.7,40,
31.8.2026,21:8:12.707,8.427,2.9,4099.7,40,
31.8.2026,21:8:12.913,8.444,3.9,4099.7,40,
31.8.2026,21:8:13.105,8.546,3.3,4699.7,40,
31.8.2026,21:8:13.312,8.945,10.9,4099.7,72,
31.8.2026,21:8:13.521,8.623,4.7,4099.7,73,
31.8.2026,21:8:13.727,8.197,4.2,4099.7,73,
31.8.2026,21:8:13.918,8.778,4.7,4099.7,73,
31.8.2026,21:8:14.125,9.070,10.3,4099.7,60,
31.8.2026,21:8:14.337,9.276,3.1,4099.7,57,
31.8.2026,21:8:14.527,9.307,3.6,1999.9,62,
31.8.2026,21:8:14.734,8.908,10.6,4099.7,42,
31.8.2026,21:8:14.940,9.367,3.6,4099.7,47,
31.8.2026,21:8:15.149,9.367,3.8,4699.7,48,
31.8.2026,21:8:15.355,8.841,5.8,4099.7,52,
31.8.2026,21:8:15.561,9.183,8.5,4699.7,42,
31.8.2026,21:8:15.769,9.212,5.1,4099.7,46,
31.8.2026,21:8:15.975,9.754,4.4,4699.7,41,
31.8.2026,21:8:16.188,8.803,3.5,4099.7,40,
31.8.2026,21:8:16.397,8.824,9.4,3299.8,66,
31.8.2026,21:8:16.593,7.900,2.5,4099.7,62,
31.8.2026,21:8:16.806,8.318,9.8,4699.7,63,
31.8.2026,21:8:16.997,6.180,0.6,400.0,40,
31.8.2026,21:8:17.203,12.186,17.7,4099.7,55,
31.8.2026,21:8:17.410,16.037,12.4,4099.7,59,
31.8.2026,21:8:17.619,8.305,5.3,4099.7,57,
31.8.2026,21:8:17.809,8.367,7.1,4699.7,72,
31.8.2026,21:8:18.016,9.437,3.7,4699.7,42,
31.8.2026,21:8:18.224,8.092,5.0,4099.7,47,
31.8.2026,21:8:18.431,7.983,4.3,1499.9,44,
31.8.2026,21:8:18.621,8.218,7.4,1399.9,44,
31.8.2026,21:8:18.831,8.034,3.3,4699.7,42,
31.8.2026,21:8:19.035,8.057,5.1,4699.7,41,
31.8.2026,21:8:19.245,8.322,4.0,4699.7,44,
31.8.2026,21:8:19.453,8.182,13.5,4099.7,45,
31.8.2026,21:8:19.665,8.095,3.2,500.0,41,
31.8.2026,21:8:19.855,8.221,3.4,4099.7,42,
31.8.2026,21:8:20.065,8.747,9.0,4699.7,41,
31.8.2026,21:8:20.271,7.878,3.1,4099.7,41,
31.8.2026,21:8:20.467,8.316,4.7,4699.7,40,
31.8.2026,21:8:20.679,8.124,7.3,4699.7,41,
31.8.2026,21:8:20.883,8.680,4.7,4099.7,41,
31.8.2026,21:8:21.075,8.810,7.2,4699.7,41,
31.8.2026,21:8:21.283,8.203,2.4,4699.7,41,
31.8.2026,21:8:21.489,8.356,7.4,4099.7,41,
31.8.2026,21:8:21.700,7.887,3.9,500.0,42,
31.8.2026,21:8:21.911,8.651,11.5,4099.7,40,
31.8.2026,21:8:22.118,10.165,3.5,4099.7,41,
31.8.2026,21:8:22.309,8.203,5.2,4099.7,42,
31.8.2026,21:8:22.518,8.571,7.4,4099.7,42,
31.8.2026,21:8:22.726,8.242,2.3,4099.7,41,
31.8.2026,21:8:22.930,8.363,2.9,4699.7,40,
31.8.2026,21:8:23.124,8.748,9.5,4099.7,42,
31.8.2026,21:8:23.329,8.234,2.8,4099.7,40,
31.8.2026,21:8:23.538,8.511,4.8,4099.7,40,
31.8.2026,21:8:23.744,7.653,4.0,4099.7,41,
31.8.2026,21:8:23.937,7.653,9.3,4099.7,40,
31.8.2026,21:8:24.142,8.464,4.8,4099.7,40,
31.8.2026,21:8:24.348,8.698,3.6,4099.7,41,
31.8.2026,21:8:24.557,7.858,4.2,4099.7,40,
31.8.2026,21:8:24.747,8.398,7.2,4099.7,41,
31.8.2026,21:8:24.954,7.716,2.8,4099.7,41,
31.8.2026,21:8:25.160,8.702,3.3,4099.7,40,
31.8.2026,21:8:25.368,8.705,4.4,4099.7,41,
31.8.2026,21:8:25.559,8.194,8.2,4099.7,41,
31.8.2026,21:8:25.766,8.565,2.8,4099.7,42,
31.8.2026,21:8:25.973,8.253,9.5,4099.7,41,
31.8.2026,21:8:26.180,8.826,3.3,4099.7,41,
31.8.2026,21:8:26.372,8.797,5.7,4099.7,40,
31.8.2026,21:8:26.585,8.227,3.4,4099.7,41,
31.8.2026,21:8:26.789,8.268,5.6,4099.7,41,
31.8.2026,21:8:26.983,8.219,5.6,4099.7,41,
31.8.2026,21:8:27.188,8.147,6.5,4099.7,40,
31.8.2026,21:8:27.398,10.439,5.2,4099.7,41,
31.8.2026,21:8:27.605,8.394,3.8,4099.7,41,
31.8.2026,21:8:27.815,8.232,8.3,4099.7,41,
31.8.2026,21:8:28.019,8.064,3.6,4099.7,41,
31.8.2026,21:8:28.226,8.863,4.3,4099.7,41,
31.8.2026,21:8:28.420,8.039,5.0,4099.7,40,
31.8.2026,21:8:28.631,8.238,8.7,4099.7,54,
31.8.2026,21:8:28.839,7.667,1.8,4099.7,54,
31.8.2026,21:8:29.049,7.115,11.0,4099.7,40,
31.8.2026,21:8:29.254,8.014,2.9,4099.7,41,
31.8.2026,21:8:29.462,7.724,3.7,4099.7,41,
31.8.2026,21:8:29.655,8.447,2.9,4099.7,40,
31.8.2026,21:8:29.861,8.994,10.9,4099.7,73,
31.8.2026,21:8:30.067,8.839,4.8,4099.7,73,
31.8.2026,21:8:30.274,8.026,4.9,4099.7,73,
31.8.2026,21:8:30.464,7.782,3.1,4099.7,68,
31.8.2026,21:8:30.679,8.906,10.4,3899.7,54,
31.8.2026,21:8:30.891,7.929,1.2,4099.7,73,
31.8.2026,21:8:31.102,7.141,9.2,4099.7,40,
31.8.2026,21:8:31.308,8.682,3.8,4099.7,41,
31.8.2026,21:8:31.521,9.010,2.3,4699.7,41,
31.8.2026,21:8:31.730,8.607,10.5,4699.7,41,
31.8.2026,21:8:31.937,8.062,3.6,4699.7,41,
31.8.2026,21:8:32.144,8.683,4.7,4699.7,42,
31.8.2026,21:8:32.350,7.586,4.8,4099.7,40,
31.8.2026,21:8:32.545,8.091,4.8,4099.7,40,
31.8.2026,21:8:32.755,7.754,8.5,4099.7,39,
31.8.2026,21:8:32.961,7.701,6.1,4099.7,40,
31.8.2026,21:8:33.154,7.813,3.8,4099.7,41,
31.8.2026,21:8:33.366,8.683,8.2,4099.7,74,
31.8.2026,21:8:33.575,6.727,1.5,4099.7,40,
31.8.2026,21:8:33.787,8.594,3.4,4699.7,40,
31.8.2026,21:8:33.993,8.512,6.1,4099.7,41,
31.8.2026,21:8:34.196,8.799,6.3,4099.7,40,
31.8.2026,21:8:34.402,8.275,9.5,4099.7,41,
31.8.2026,21:8:34.609,8.029,2.7,4699.7,42,
31.8.2026,21:8:34.824,8.270,6.2,4099.7,40,
31.8.2026,21:8:35.015,8.879,6.2,4099.7,40,
31.8.2026,21:8:35.222,8.274,5.6,4099.7,40,
31.8.2026,21:8:35.431,9.133,9.0,4099.7,40,
31.8.2026,21:8:35.627,7.404,2.4,4099.7,41,
31.8.2026,21:8:35.834,8.820,7.7,4099.7,68,
31.8.2026,21:8:36.029,8.082,2.3,4099.7,71,
31.8.2026,21:8:36.241,9.301,9.5,4099.7,66,
31.8.2026,21:8:36.448,7.981,3.8,4099.7,52,
31.8.2026,21:8:36.659,7.649,5.2,4099.7,55,
31.8.2026,21:8:36.866,7.099,4.1,4099.7,68,
31.8.2026,21:8:37.073,7.862,1.9,4699.7,72,
31.8.2026,21:8:37.282,7.987,9.2,2399.8,72,
31.8.2026,21:8:37.489,7.713,3.0,4099.7,72,
31.8.2026,21:8:37.696,7.640,3.8,4099.7,67,
31.8.2026,21:8:37.886,7.668,2.9,4099.7,65,
31.8.2026,21:8:38.102,9.294,11.2,4099.7,60,
31.8.2026,21:8:38.306,7.932,2.3,4699.7,60,
31.8.2026,21:8:38.497,7.932,5.3,4099.7,57,
31.8.2026,21:8:38.709,7.935,7.7,4099.7,44,
31.8.2026,21:8:38.915,8.075,2.4,4099.7,68,
31.8.2026,21:8:39.111,8.075,5.8,4399.7,52,
31.8.2026,21:8:39.319,7.985,6.0,4099.7,47,
31.8.2026,21:8:39.527,7.664,2.4,4699.7,47,
31.8.2026,21:8:39.735,7.997,7.5,4099.7,62,
31.8.2026,21:8:39.944,7.988,1.7,4099.7,66,
31.8.2026,21:8:40.152,7.883,5.9,4099.7,62,
31.8.2026,21:8:40.358,9.052,6.7,4099.7,72,
31.8.2026,21:8:40.567,7.696,3.7,4099.7,68,
31.8.2026,21:8:40.779,8.416,5.1,4099.7,61,
31.8.2026,21:8:40.984,7.770,7.8,4099.7,62,
31.8.2026,21:8:41.196,7.887,4.1,4099.7,64,
31.8.2026,21:8:41.385,7.846,1.0,4099.7,58,
31.8.2026,21:8:41.592,7.832,10.9,4099.7,41,
31.8.2026,21:8:41.802,8.712,2.8,4099.7,48,
31.8.2026,21:8:42.009,8.168,2.4,4699.7,48,
31.8.2026,21:8:42.200,8.055,7.6,3299.8,41,
31.8.2026,21:8:42.409,8.440,4.8,4699.7,41,
31.8.2026,21:8:42.617,7.799,7.0,4699.7,41,
31.8.2026,21:8:42.810,8.208,2.0,4699.7,41,
31.8.2026,21:8:43.016,7.942,7.2,4699.7,40,
31.8.2026,21:8:43.224,7.742,3.8,4699.7,40,
31.8.2026,21:8:43.434,7.972,4.5,2599.8,40,
31.8.2026,21:8:43.639,7.759,7.0,4099.7,41,
31.8.2026,21:8:43.846,7.725,3.1,4699.7,40,
31.8.2026,21:8:44.052,8.125,4.4,4699.7,42,
31.8.2026,21:8:44.260,8.438,3.6,4699.7,40,
31.8.2026,21:8:44.450,8.719,9.2,4099.7,41,
31.8.2026,21:8:44.657,7.877,4.4,4099.7,41,
31.8.2026,21:8:44.865,8.015,6.7,4099.7,40,
31.8.2026,21:8:45.073,7.953,2.7,4099.7,40,
31.8.2026,21:8:45.282,8.278,8.5,4699.7,41,
31.8.2026,21:8:45.488,7.991,3.1,3099.8,39,
31.8.2026,21:8:45.695,7.896,2.8,4699.7,39,
31.8.2026,21:8:45.887,8.266,5.3,4699.7,41,
31.8.2026,21:8:46.094,8.435,9.3,4099.7,40,
31.8.2026,21:8:46.303,8.936,3.4,4699.7,39,
31.8.2026,21:8:46.510,8.117,3.1,500.0,41,
31.8.2026,21:8:46.717,8.459,7.1,4099.7,40,
31.8.2026,21:8:46.925,7.627,4.9,4699.7,41,
31.8.2026,21:8:47.131,8.172,7.5,4699.7,40,
31.8.2026,21:8:47.337,8.253,2.8,4099.7,39,
31.8.2026,21:8:47.531,8.243,8.5,4699.7,40,
31.8.2026,21:8:47.738,8.302,5.0,4099.7,41,
31.8.2026,21:8:47.945,8.229,4.9,4699.7,40,
31.8.2026,21:8:48.137,8.314,11.7,4099.7,39,
31.8.2026,21:8:48.345,8.446,3.4,4699.7,41,
31.8.2026,21:8:48.553,8.234,3.0,4699.7,40,
31.8.2026,21:8:48.762,8.133,3.2,4699.7,41,
31.8.2026,21:8:48.967,8.060,8.8,4699.7,40,
31.8.2026,21:8:49.175,8.027,3.2,4099.7,40,
31.8.2026,21:8:49.385,8.025,2.5,4699.7,41,
31.8.2026,21:8:49.592,7.355,7.6,4099.7,41,
31.8.2026,21:8:49.800,7.908,2.1,4699.7,41,
31.8.2026,21:8:50.009,7.344,2.7,4099.7,40,
31.8.2026,21:8:50.198,7.635,8.1,4099.7,41,
31.8.2026,21:8:50.410,8.198,4.1,4099.7,40,
31.8.2026,21:8:50.617,8.301,3.8,4099.7,41,
31.8.2026,21:8:50.810,7.989,7.0,1199.9,39,
31.8.2026,21:8:51.022,8.205,4.3,3699.8,41,
31.8.2026,21:8:51.228,8.705,3.8,4699.7,41,
31.8.2026,21:8:51.419,8.137,8.0,4099.7,40,
31.8.2026,21:8:51.627,7.747,3.4,4699.7,41,
31.8.2026,21:8:51.836,8.276,4.6,4699.7,41,
31.8.2026,21:8:52.042,7.913,9.5,4099.7,47,
31.8.2026,21:8:52.250,8.835,3.4,4099.7,40,
31.8.2026,21:8:52.456,7.944,2.4,4099.7,41,
31.8.2026,21:8:52.664,7.790,4.5,4099.7,41,
31.8.2026,21:8:52.873,8.344,8.0,4699.7,40,
31.8.2026,21:8:53.079,8.069,7.8,4699.7,40,
31.8.2026,21:8:53.287,8.118,2.0,4099.7,40,
31.8.2026,21:8:53.495,7.746,5.0,4699.7,40,
31.8.2026,21:8:53.702,7.970,8.5,4699.7,41,
31.8.2026,21:8:53.908,8.260,3.8,4699.7,40,
31.8.2026,21:8:54.118,7.879,7.0,4099.7,40,
31.8.2026,21:8:54.308,8.800,7.2,4099.7,39,
31.8.2026,21:8:54.514,8.183,3.6,4699.7,39,
31.8.2026,21:8:54.723,8.097,6.1,4699.7,41,
31.8.2026,21:8:54.929,8.397,2.7,4699.7,41,
31.8.2026,21:8:55.123,8.207,2.7,4699.7,41,
31.8.2026,21:8:55.330,8.146,6.7,4699.7,40,
31.8.2026,21:8:55.541,8.316,6.5,4099.7,40,
31.8.2026,21:8:55.748,8.007,10.4,4099.7,40,
31.8.2026,21:8:55.959,7.892,3.1,4099.7,40,
31.8.2026,21:8:56.154,7.892,3.4,4099.7,39,
31.8.2026,21:8:56.360,8.931,9.9,4099.7,39,
31.8.2026,21:8:56.569,8.009,4.2,4099.7,41,
31.8.2026,21:8:56.775,8.163,2.9,4099.7,40,
31.8.2026,21:8:56.983,8.121,10.7,4099.7,39,
31.8.2026,21:8:57.192,7.876,1.8,4099.7,39,
31.8.2026,21:8:57.402,8.069,4.8,4099.7,41,
31.8.2026,21:8:57.610,7.930,6.3,4099.7,39,
31.8.2026,21:8:57.818,7.567,5.9,4099.7,39,
31.8.2026,21:8:58.024,7.898,3.1,4699.7,41,
31.8.2026,21:8:58.224,7.898,4.5,4099.7,39,
31.8.2026,21:8:58.429,8.159,9.4,4099.7,39,
31.8.2026,21:8:58.622,8.132,2.3,4099.7,40,
31.8.2026,21:8:58.830,8.891,6.8,4099.7,74,
31.8.2026,21:8:59.035,8.132,6.3,4699.7,68,
31.8.2026,21:8:59.242,7.950,4.0,4099.7,73,
31.8.2026,21:8:59.434,8.303,3.2,4699.7,72,
31.8.2026,21:8:59.641,9.332,10.2,4099.7,55,
31.8.2026,21:8:59.848,8.246,5.4,4099.7,58,
31.8.2026,21:9:0.055,9.397,3.8,3899.7,61,
31.8.2026,21:9:0.245,9.338,4.9,4099.7,59,
31.8.2026,21:9:0.458,9.105,11.7,4099.7,68,
31.8.2026,21:9:0.663,10.120,3.5,4099.7,42,
31.8.2026,21:9:0.857,9.390,4.7,4099.7,47,
31.8.2026,21:9:1.067,9.335,7.2,4099.7,42,
31.8.2026,21:9:1.270,9.693,7.7,4099.7,42,
31.8.2026,21:9:1.480,9.158,4.0,4099.7,41,
31.8.2026,21:9:1.669,9.153,7.5,4099.7,41,
31.8.2026,21:9:1.876,9.635,4.6,4099.7,41,
31.8.2026,21:9:2.083,9.420,5.9,4099.7,40,
31.8.2026,21:9:2.289,9.778,4.3,4099.7,41,
31.8.2026,21:9:2.495,9.121,3.6,4699.7,41,
31.8.2026,21:9:2.703,9.153,7.7,4699.7,41,
31.8.2026,21:9:2.909,9.483,5.5,4099.7,41,
31.8.2026,21:9:3.117,9.149,3.1,4099.7,41,
31.8.2026,21:9:3.323,9.154,3.8,4699.7,40,
31.8.2026,21:9:3.534,8.945,9.7,4099.7,41,
31.8.2026,21:9:3.745,9.392,5.4,4699.7,41,
31.8.2026,21:9:3.935,8.964,4.8,4699.7,41,
31.8.2026,21:9:4.141,9.087,5.6,4699.7,40,
31.8.2026,21:9:4.347,9.879,7.4,4099.7,40,
31.8.2026,21:9:4.555,8.865,3.1,4099.7,40,
31.8.2026,21:9:4.751,9.028,8.9,4099.7,41,
31.8.2026,21:9:4.961,9.741,4.4,4699.7,40,
31.8.2026,21:9:5.166,8.771,3.6,4099.7,40,
31.8.2026,21:9:5.376,8.695,8.3,4699.7,41,
31.8.2026,21:9:5.588,8.827,3.2,4699.7,40,
31.8.2026,21:9:5.777,8.389,7.6,4699.7,39,
31.8.2026,21:9:5.986,9.094,7.6,4099.7,40,
31.8.2026,21:9:6.197,9.237,5.4,4099.7,41,
31.8.2026,21:9:6.407,9.285,4.0,4099.7,40,
31.8.2026,21:9:6.620,9.172,7.1,4099.7,40,
31.8.2026,21:9:6.827,8.147,6.8,4699.7,41,
31.8.2026,21:9:7.037,8.112,2.1,4699.7,41,
31.8.2026,21:9:7.250,7.758,3.1,4699.7,41,
31.8.2026,21:9:7.455,7.867,6.5,4099.7,41,
31.8.2026,21:9:7.665,8.346,5.7,4699.7,41,
31.8.2026,21:9:7.859,7.355,7.0,4699.7,40,
31.8.2026,21:9:8.069,8.414,3.5,4099.7,40,
31.8.2026,21:9:8.274,8.751,4.7,4699.7,41,
31.8.2026,21:9:8.470,8.105,6.1,4699.7,41,
31.8.2026,21:9:8.676,7.978,4.0,4699.7,41,
31.8.2026,21:9:8.886,7.677,5.2,4699.7,42,
31.8.2026,21:9:9.074,7.882,10.7,4099.7,41,
31.8.2026,21:9:9.286,8.074,2.5,4099.7,40,
31.8.2026,21:9:9.492,7.881,6.4,4099.7,40,
31.8.2026,21:9:9.683,7.791,5.6,4699.7,41,
31.8.2026,21:9:9.892,7.650,6.2,4099.7,39,
31.8.2026,21:9:10.098,8.308,4.9,4699.7,41,
31.8.2026,21:9:10.306,8.732,3.2,500.0,41,
31.8.2026,21:9:10.498,8.732,7.7,4699.7,41,
31.8.2026,21:9:10.706,8.061,7.2,4699.7,41,
31.8.2026,21:9:10.915,8.009,2.0,4099.7,41,
31.8.2026,21:9:11.107,7.870,8.9,4099.7,41,
31.8.2026,21:9:11.312,8.600,2.7,4699.7,41,
31.8.2026,21:9:11.519,8.203,5.9,4699.7,41,
31.8.2026,21:9:11.725,8.075,3.6,4699.7,40,
31.8.2026,21:9:11.932,8.072,5.6,4099.7,39,
31.8.2026,21:9:12.142,8.106,8.7,4699.7,40,
31.8.2026,21:9:12.348,8.216,4.4,4099.7,39,
31.8.2026,21:9:12.556,8.259,5.0,4699.7,39,
31.8.2026,21:9:12.746,8.162,7.1,4699.7,39,
31.8.2026,21:9:12.955,7.767,4.8,4699.7,40,
31.8.2026,21:9:13.162,7.694,2.9,4699.7,41,
31.8.2026,21:9:13.370,8.317,5.6,4699.7,41,
31.8.2026,21:9:13.578,7.990,4.6,4699.7,41,
31.8.2026,21:9:13.784,8.030,5.7,4099.7,40,
31.8.2026,21:9:13.990,8.131,2.6,4099.7,39,
31.8.2026,21:9:14.201,8.045,8.7,4099.7,40,
31.8.2026,21:9:14.406,7.955,4.7,4699.7,41,
31.8.2026,21:9:14.612,8.617,3.1,4699.7,41,
31.8.2026,21:9:14.819,7.933,6.1,2099.9,41,
31.8.2026,21:9:15.015,8.006,6.1,2099.9,41,
31.8.2026,21:9:15.225,7.840,5.6,4099.7,40,
31.8.2026,21:9:15.420,7.887,3.5,3599.8,42,
31.8.2026,21:9:15.627,8.044,6.4,4099.7,40,
31.8.2026,21:9:15.834,8.038,6.6,4099.7,41,
31.8.2026,21:9:16.028,7.765,1.5,4099.7,39,
31.8.2026,21:9:16.238,8.926,11.7,4099.7,73,
31.8.2026,21:9:16.436,8.561,3.4,4699.7,67,
31.8.2026,21:9:16.649,9.018,8.4,4099.7,71,
31.8.2026,21:9:16.840,6.642,0.6,4099.7,68,
31.8.2026,21:9:17.048,8.832,10.6,4099.7,66,
31.8.2026,21:9:17.258,9.672,4.3,3199.8,65,
31.8.2026,21:9:17.451,9.765,3.8,4099.7,65,
31.8.2026,21:9:17.656,9.891,9.1,4099.7,47,
31.8.2026,21:9:17.866,9.075,5.0,4099.7,45,
31.8.2026,21:9:18.072,9.542,5.6,4099.7,46,
31.8.2026,21:9:18.280,9.569,10.2,4099.7,47,
31.8.2026,21:9:18.492,9.819,5.4,4099.7,41,
31.8.2026,21:9:18.696,9.463,4.2,4699.7,45,
31.8.2026,21:9:18.896,9.573,8.8,4099.7,42,
31.8.2026,21:9:19.103,9.595,3.9,4099.7,45,
31.8.2026,21:9:19.310,8.287,7.0,4099.7,47,
31.8.2026,21:9:19.518,8.137,3.8,4099.7,44,
31.8.2026,21:9:19.725,8.090,5.2,4099.7,47,
31.8.2026,21:9:19.935,8.188,2.4,4099.7,41,
31.8.2026,21:9:20.141,7.798,6.3,4699.7,41,
31.8.2026,21:9:20.354,8.296,6.7,4699.7,40,
31.8.2026,21:9:20.568,8.674,6.8,4699.7,72,
31.8.2026,21:9:20.776,6.867,1.4,4099.7,74,
31.8.2026,21:9:20.986,7.893,6.5,4699.7,68,
31.8.2026,21:9:21.193,7.781,3.4,4099.7,68,
31.8.2026,21:9:21.404,8.586,6.3,4699.7,73,
31.8.2026,21:9:21.610,7.847,8.0,4099.7,73,
31.8.2026,21:9:21.819,8.202,4.2,4099.7,66,
31.8.2026,21:9:22.032,7.865,3.2,4699.7,73,
31.8.2026,21:9:22.237,7.189,9.5,4099.7,39,
31.8.2026,21:9:22.433,7.830,2.6,4099.7,42,
31.8.2026,21:9:22.647,9.087,6.7,4099.7,73,
31.8.2026,21:9:22.856,6.888,3.5,4099.7,40,
31.8.2026,21:9:23.062,7.867,6.4,4699.7,41,
31.8.2026,21:9:23.269,7.920,5.7,4099.7,39,
31.8.2026,21:9:23.475,8.026,3.6,4099.7,40,
31.8.2026,21:9:23.684,7.645,2.0,4699.7,40,
31.8.2026,21:9:23.892,7.841,2.8,4699.7,41,
31.8.2026,21:9:24.103,8.284,3.9,4699.7,40,
31.8.2026,21:9:24.294,8.046,3.9,4699.7,40,
31.8.2026,21:9:24.509,8.659,2.1,4699.7,41,
31.8.2026,21:9:24.698,8.335,2.1,4699.7,41,
31.8.2026,21:9:24.906,8.251,11.4,4099.7,41,
31.8.2026,21:9:25.115,7.856,2.3,4699.7,41,
31.8.2026,21:9:25.320,8.016,4.4,4099.7,41,
31.8.2026,21:9:25.511,8.016,5.4,4099.7,41,
31.8.2026,21:9:25.720,7.789,9.3,4099.7,67,
31.8.2026,21:9:25.934,9.520,4.4,4099.7,69,
31.8.2026,21:9:26.123,6.894,2.3,4099.7,40,
31.8.2026,21:9:26.330,9.783,10.4,4099.7,73,
31.8.2026,21:9:26.538,8.555,4.0,4099.7,70,
31.8.2026,21:9:26.745,8.205,4.7,4099.7,66,
31.8.2026,21:9:26.957,7.929,7.9,4099.7,73,
31.8.2026,21:9:27.162,7.742,3.9,4099.7,73,
31.8.2026,21:9:27.359,8.099,3.0,4099.7,73,
31.8.2026,21:9:27.570,8.740,6.8,2899.8,60,
31.8.2026,21:9:27.762,9.213,3.4,3399.8,64,
31.8.2026,21:9:27.968,9.371,10.1,4699.7,42,
31.8.2026,21:9:28.174,8.769,3.6,4699.7,47,
31.8.2026,21:9:28.382,9.588,5.1,4699.7,47,
31.8.2026,21:9:28.592,9.249,4.8,4099.7,47,
31.8.2026,21:9:28.797,9.044,8.1,4099.7,48,
31.8.2026,21:9:29.005,9.416,5.6,4099.7,43,
31.8.2026,21:9:29.211,10.123,4.9,4099.7,47,
31.8.2026,21:9:29.416,10.101,5.5,4099.7,46,
31.8.2026,21:9:29.623,10.308,11.0,4099.7,42,
31.8.2026,21:9:29.829,9.498,3.9,4699.7,47,
31.8.2026,21:9:30.039,8.988,5.7,4099.7,41,
31.8.2026,21:9:30.231,8.791,4.8,4099.7,41,
31.8.2026,21:9:30.438,12.436,10.4,4099.7,41,
31.8.2026,21:9:30.649,10.431,6.3,4099.7,41,
31.8.2026,21:9:30.849,8.937,9.6,4099.7,42,
31.8.2026,21:9:31.055,9.685,1.0,4699.7,41,
31.8.2026,21:9:31.245,8.272,5.7,4699.7,41,
31.8.2026,21:9:31.453,9.542,11.3,4099.7,41,
31.8.2026,21:9:31.664,9.234,5.9,4099.7,40,
31.8.2026,21:9:31.870,9.571,3.5,4699.7,41,
31.8.2026,21:9:32.076,8.152,7.4,4699.7,41,
31.8.2026,21:9:32.284,8.113,6.4,4099.7,40,
31.8.2026,21:9:32.490,9.471,5.0,4699.7,46,
31.8.2026,21:9:32.700,8.671,2.7,4699.7,40,
31.8.2026,21:9:32.906,7.851,8.8,4699.7,41,
31.8.2026,21:9:33.112,7.897,2.7,4699.7,40,
31.8.2026,21:9:33.318,8.351,5.4,4699.7,40,
31.8.2026,21:9:33.513,8.040,4.8,4099.7,41,
31.8.2026,21:9:33.722,8.325,5.1,4699.7,40,
31.8.2026,21:9:33.932,7.834,3.6,4699.7,41,
31.8.2026,21:9:34.140,8.128,8.2,4699.7,41,
31.8.2026,21:9:34.347,8.142,4.8,4099.7,41,
31.8.2026,21:9:34.556,8.405,6.2,4099.7,41,
31.8.2026,21:9:34.761,8.036,3.7,4099.7,41,
31.8.2026,21:9:34.968,8.248,6.9,4699.7,41,
31.8.2026,21:9:35.176,7.785,4.3,4699.7,41,
31.8.2026,21:9:35.383,8.101,3.8,4699.7,40,
31.8.2026,21:9:35.576,8.214,6.9,4699.7,41,
31.8.2026,21:9:35.783,7.875,5.8,4099.7,41,
31.8.2026,21:9:35.995,7.668,4.6,4699.7,41,
31.8.2026,21:9:36.187,8.459,7.6,4699.7,40,
31.8.2026,21:9:36.395,7.760,3.8,4099.7,40,
31.8.2026,21:9:36.591,8.639,8.3,4099.7,41,
31.8.2026,21:9:36.797,8.776,5.6,4699.7,41,
31.8.2026,21:9:37.006,7.672,4.1,4099.7,41,
31.8.2026,21:9:37.213,7.798,3.1,4699.7,40,
31.8.2026,21:9:37.410,7.963,5.3,4699.7,41,
31.8.2026,21:9:37.618,8.136,3.9,4699.7,40,
31.8.2026,21:9:37.818,8.149,8.3,4099.7,41,
31.8.2026,21:9:38.025,7.773,1.4,4099.7,41,
31.8.2026,21:9:38.215,7.952,7.3,4099.7,40,
31.8.2026,21:9:38.425,8.070,5.8,4099.7,40,
31.8.2026,21:9:38.632,8.793,2.5,4099.7,40,
31.8.2026,21:9:38.838,7.864,8.6,4099.7,41,
31.8.2026,21:9:39.049,8.191,3.5,4099.7,41,
31.8.2026,21:9:39.255,8.321,5.0,4099.7,40,
31.8.2026,21:9:39.462,8.233,2.3,4099.7,41,
31.8.2026,21:9:39.654,8.233,8.0,500.0,41,
31.8.2026,21:9:39.866,7.994,4.5,4099.7,40,
31.8.2026,21:9:40.078,8.011,5.0,4699.7,41,
31.8.2026,21:9:40.285,8.256,3.6,4699.7,40,
31.8.2026,21:9:40.492,8.118,5.9,4699.7,41,
31.8.2026,21:9:40.684,8.593,8.6,4699.7,41,
31.8.2026,21:9:40.894,8.102,3.2,4699.7,41,
31.8.2026,21:9:41.103,8.152,4.4,4699.7,41,
31.8.2026,21:9:41.294,8.257,8.5,4099.7,41,
31.8.2026,21:9:41.504,7.713,2.3,4699.7,40,
31.8.2026,21:9:41.715,7.881,8.3,4699.7,41,
31.8.2026,21:9:41.922,8.385,5.5,4099.7,41,
31.8.2026,21:9:42.130,8.140,4.0,4099.7,41,
31.8.2026,21:9:42.336,8.024,4.9,4099.7,39,
31.8.2026,21:9:42.528,8.037,9.1,4699.7,41,
31.8.2026,21:9:42.738,8.857,2.6,4699.7,41,
31.8.2026,21:9:42.945,7.937,6.4,4099.7,40,
31.8.2026,21:9:43.141,8.065,6.4,4099.7,40,
31.8.2026,21:9:43.346,7.591,4.8,4099.7,40,
31.8.2026,21:9:43.556,7.910,4.0,4699.7,40,
31.8.2026,21:9:43.748,8.619,4.0,4699.7,40,
31.8.2026,21:9:43.962,7.719,4.5,4099.7,40,
31.8.2026,21:9:44.159,7.949,4.0,4699.7,41,
31.8.2026,21:9:44.371,8.583,5.3,4699.7,40,
31.8.2026,21:9:44.577,8.257,5.3,4699.7,41,
31.8.2026,21:9:44.788,8.977,7.6,4699.7,41,
31.8.2026,21:9:44.993,10.595,4.4,4699.7,40,
31.8.2026,21:9:45.184,7.967,4.4,4699.7,40,
31.8.2026,21:9:45.394,8.136,9.8,4099.7,39,
31.8.2026,21:9:45.591,8.099,4.2,4099.7,39,
31.8.2026,21:9:45.798,9.021,7.1,4099.7,74,
31.8.2026,21:9:46.004,7.703,4.5,4699.7,74,
31.8.2026,21:9:46.214,7.926,3.0,4099.7,73,
31.8.2026,21:9:46.410,7.960,3.0,4099.7,73,
31.8.2026,21:9:46.616,8.444,6.5,4699.7,63,
31.8.2026,21:9:46.810,8.009,8.2,4099.7,66,
31.8.2026,21:9:47.015,8.928,9.1,4099.7,61,
31.8.2026,21:9:47.224,7.731,4.8,4099.7,74,
31.8.2026,21:9:47.432,7.997,3.2,4099.7,52,
31.8.2026,21:9:47.647,7.819,7.9,500.0,72,
31.8.2026,21:9:47.854,6.600,0.0,4099.7,73,
31.8.2026,21:9:48.064,8.296,10.6,4099.7,73,
31.8.2026,21:9:48.272,7.741,2.8,4099.7,68,
31.8.2026,21:9:48.480,8.089,5.0,4099.7,68,
31.8.2026,21:9:48.689,9.162,9.3,4699.7,67,
31.8.2026,21:9:48.899,7.462,8.8,4099.7,73,
31.8.2026,21:9:49.103,7.705,1.5,4699.7,68,
31.8.2026,21:9:49.294,7.847,8.1,4099.7,68,
31.8.2026,21:9:49.502,8.964,10.1,4099.7,53,
31.8.2026,21:9:49.711,9.840,3.2,4099.7,66,
31.8.2026,21:9:49.916,9.706,3.8,3699.8,72,
31.8.2026,21:9:50.133,9.818,7.8,3799.7,62,
31.8.2026,21:9:50.337,9.333,3.5,4699.7,65,
31.8.2026,21:9:50.528,8.293,3.9,500.0,73,
31.8.2026,21:9:50.738,8.844,10.7,4099.7,46,
31.8.2026,21:9:50.946,7.954,2.5,4099.7,49,
31.8.2026,21:9:51.139,7.931,2.4,4099.7,47,
31.8.2026,21:9:51.344,8.302,7.9,4699.7,41,
31.8.2026,21:9:51.553,8.236,3.8,4699.7,41,
31.8.2026,21:9:51.758,8.098,4.6,4699.7,41,
31.8.2026,21:9:51.950,8.098,3.3,4099.7,40,
31.8.2026,21:9:52.158,8.058,8.1,4699.7,41,
31.8.2026,21:9:52.369,7.985,3.3,4099.7,41,
31.8.2026,21:9:52.559,7.402,6.0,4699.7,41,
31.8.2026,21:9:52.770,7.903,4.3,4699.7,40,
31.8.2026,21:9:52.976,8.658,7.1,4699.7,41,
31.8.2026,21:9:53.171,7.854,2.8,4699.7,39,
31.8.2026,21:9:53.382,8.092,4.0,4699.7,41,
31.8.2026,21:9:53.587,7.597,6.8,4699.7,40,
31.8.2026,21:9:53.778,8.636,8.8,4699.7,41,
31.8.2026,21:9:53.988,7.854,4.2,4699.7,40,
31.8.2026,21:9:54.195,8.078,2.5,4099.7,40,
31.8.2026,21:9:54.388,8.001,6.1,4099.7,40,
31.8.2026,21:9:54.596,7.965,5.3,4099.7,42,
31.8.2026,21:9:54.806,8.308,3.4,4099.7,41,
31.8.2026,21:9:54.997,8.351,6.2,4699.7,39,
31.8.2026,21:9:55.206,7.958,4.7,4699.7,39,
31.8.2026,21:9:55.411,8.325,4.8,4099.7,40,
31.8.2026,21:9:55.618,7.921,2.6,4099.7,41,
31.8.2026,21:9:55.812,7.739,8.8,4099.7,41,
31.8.2026,21:9:56.017,7.880,2.4,4699.7,41,
31.8.2026,21:9:56.225,8.281,5.7,4099.7,41,
31.8.2026,21:9:56.433,8.196,6.8,4699.7,41,
31.8.2026,21:9:56.640,8.293,5.5,4099.7,40,
31.8.2026,21:9:56.847,8.455,4.3,4699.7,41,
31.8.2026,21:9:57.054,7.862,2.5,4699.7,40,
31.8.2026,21:9:57.261,8.309,7.2,3899.7,40,
31.8.2026,21:9:57.469,7.533,3.4,4699.7,40,
31.8.2026,21:9:57.678,7.818,3.1,4699.7,40,
31.8.2026,21:9:57.883,7.806,3.5,4699.7,41,
31.8.2026,21:9:58.075,7.688,10.1,4099.7,40,
31.8.2026,21:9:58.283,8.036,3.3,4699.7,40,
31.8.2026,21:9:58.491,8.157,2.4,4699.7,41,
31.8.2026,21:9:58.684,8.143,2.4,4699.7,41,
31.8.2026,21:9:58.892,8.835,10.8,4099.7,41,
31.8.2026,21:9:59.091,8.279,3.6,4699.7,40,
31.8.2026,21:9:59.297,7.987,7.2,4099.7,40,
31.8.2026,21:9:59.506,7.713,6.3,4099.7,40,
31.8.2026,21:9:59.699,8.185,3.2,4099.7,40,
31.8.2026,21:9:59.908,8.859,7.6,4099.7,72,
31.8.2026,21:10:0.113,8.044,4.2,4699.7,73,
31.8.2026,21:10:0.320,8.640,6.0,4099.7,73,
31.8.2026,21:10:0.514,7.640,4.1,4099.7,68,
31.8.2026,21:10:0.723,9.334,8.0,3999.7,72,
31.8.2026,21:10:0.929,10.082,5.2,4099.7,71,
31.8.2026,21:10:1.122,8.809,4.6,4699.7,67,
31.8.2026,21:10:1.332,8.372,6.8,4099.7,45,
31.8.2026,21:10:1.538,10.088,7.4,4099.7,48,
31.8.2026,21:10:1.747,10.219,4.7,4099.7,41,
31.8.2026,21:10:1.952,9.571,9.8,4699.7,47,
31.8.2026,21:10:2.160,11.097,5.9,4099.7,42,
31.8.2026,21:10:2.371,9.746,4.2,4099.7,45,
31.8.2026,21:10:2.572,9.124,3.9,1999.9,44,
31.8.2026,21:10:2.783,10.568,13.0,4099.7,44,
31.8.2026,21:10:2.987,10.044,3.9,4099.7,47,
31.8.2026,21:10:3.196,10.026,3.2,4099.7,47,
31.8.2026,21:10:3.386,10.026,5.7,4099.7,41,
31.8.2026,21:10:3.592,9.608,10.3,4099.7,41,
31.8.2026,21:10:3.809,9.476,3.2,4699.7,42,
31.8.2026,21:10:3.997,9.596,8.6,4699.7,41,
31.8.2026,21:10:4.207,10.200,9.0,4099.7,41,
31.8.2026,21:10:4.411,9.017,3.6,4099.7,42,
31.8.2026,21:10:4.620,9.663,6.6,4099.7,41,
31.8.2026,21:10:4.833,10.216,8.6,4699.7,41,
31.8.2026,21:10:5.037,10.748,2.6,4699.7,42,
31.8.2026,21:10:5.242,8.059,4.3,4099.7,40,
31.8.2026,21:10:5.434,8.125,6.8,4699.7,41,
31.8.2026,21:10:5.643,8.000,5.7,4699.7,41,
31.8.2026,21:10:5.852,7.759,5.3,4699.7,41,
31.8.2026,21:10:6.043,8.034,2.7,4699.7,41,
31.8.2026,21:10:6.252,7.880,13.0,4699.7,41,
31.8.2026,21:10:6.457,10.400,4.6,4099.7,41,
31.8.2026,21:10:6.666,9.747,3.9,4699.7,42,
31.8.2026,21:10:6.875,9.922,11.0,500.0,41,
31.8.2026,21:10:7.087,10.063,3.3,4699.7,41,
31.8.2026,21:10:7.277,9.534,2.1,4699.7,41,
31.8.2026,21:10:7.483,8.156,9.1,4699.7,41,
31.8.2026,21:10:7.691,7.978,4.2,4099.7,41,
31.8.2026,21:10:7.899,8.012,4.7,4099.7,41,
31.8.2026,21:10:8.090,8.073,7.0,4099.7,41,
31.8.2026,21:10:8.298,7.919,4.8,4699.7,41,
31.8.2026,21:10:8.510,8.385,4.7,4099.7,41,
31.8.2026,21:10:8.703,7.973,5.1,4699.7,42,
31.8.2026,21:10:8.910,7.654,7.4,4099.7,42,
31.8.2026,21:10:9.121,9.838,4.2,4099.7,41,
31.8.2026,21:10:9.310,7.880,7.6,4099.7,42,
31.8.2026,21:10:9.518,7.771,4.0,4699.7,40,
31.8.2026,21:10:9.726,8.282,5.2,4699.7,41,
31.8.2026,21:10:9.933,8.167,3.2,4099.7,40,
31.8.2026,21:10:10.144,8.332,6.1,3799.7,41,
31.8.2026,21:10:10.349,7.880,4.6,4099.7,41,
31.8.2026,21:10:10.556,8.044,4.0,4099.7,40,
31.8.2026,21:10:10.748,7.876,8.9,4099.7,41,
31.8.2026,21:10:10.957,8.685,2.9,4699.7,41,
31.8.2026,21:10:11.164,8.215,10.0,4099.7,41,
31.8.2026,21:10:11.370,13.291,8.6,4699.7,41,
31.8.2026,21:10:11.580,7.850,4.3,4099.7,41,
31.8.2026,21:10:11.788,7.995,2.2,4099.7,41,
31.8.2026,21:10:11.980,7.759,8.4,4099.7,40,
31.8.2026,21:10:12.193,8.174,2.9,4699.7,40,
31.8.2026,21:10:12.389,8.047,7.9,4099.7,41,
31.8.2026,21:10:12.595,8.598,5.6,4099.7,44,
31.8.2026,21:10:12.804,8.634,3.6,4099.7,42,
31.8.2026,21:10:13.000,8.172,6.3,4099.7,42,
31.8.2026,21:10:13.209,9.116,3.8,4099.7,40,
31.8.2026,21:10:13.414,9.647,6.8,4099.7,40,
31.8.2026,21:10:13.605,9.152,6.8,4099.7,40,
31.8.2026,21:10:13.818,8.997,3.7,4099.7,40,
31.8.2026,21:10:14.023,9.519,3.8,4699.7,41,
31.8.2026,21:10:14.219,9.519,6.4,4699.7,41,
31.8.2026,21:10:14.429,8.772,6.9,4699.7,40,
31.8.2026,21:10:14.635,8.766,7.2,4699.7,40,
31.8.2026,21:10:14.843,8.513,7.8,4699.7,41,
31.8.2026,21:10:15.049,9.543,5.2,4699.7,40,
31.8.2026,21:10:15.256,8.733,9.1,4099.7,41,
31.8.2026,21:10:15.462,8.730,4.1,4699.7,40,
31.8.2026,21:10:15.654,9.003,4.1,4699.7,40,
31.8.2026,21:10:15.860,8.557,6.6,4699.7,40,
31.8.2026,21:10:16.072,9.287,7.1,4699.7,41,
31.8.2026,21:10:16.267,9.104,7.1,4699.7,41,
31.8.2026,21:10:16.473,7.933,6.7,4099.7,41,
31.8.2026,21:10:16.681,9.909,3.8,4099.7,40,
31.8.2026,21:10:16.873,9.358,5.0,4099.7,41,
31.8.2026,21:10:17.079,10.363,12.7,4699.7,68,
31.8.2026,21:10:17.290,8.277,5.7,4099.7,68,
31.8.2026,21:10:17.482,8.676,2.6,4099.7,72,
31.8.2026,21:10:17.691,9.275,11.0,4099.7,53,
31.8.2026,21:10:17.897,8.461,2.9,4099.7,53,
31.8.2026,21:10:18.096,8.870,3.6,4499.7,55,
31.8.2026,21:10:18.301,8.760,5.0,4699.7,44,
31.8.2026,21:10:18.508,9.184,5.5,4699.7,44,
31.8.2026,21:10:18.700,9.040,3.3,4099.7,48,
31.8.2026,21:10:18.906,9.274,7.7,4699.7,41,
31.8.2026,21:10:19.115,8.711,4.5,4699.7,41,
31.8.2026,21:10:19.311,8.546,5.8,4099.7,42,
31.8.2026,21:10:19.514,8.311,10.1,4099.7,41,
31.8.2026,21:10:19.724,8.909,3.4,4699.7,41,
31.8.2026,21:10:19.930,8.671,3.1,4099.7,41,
31.8.2026,21:10:20.135,8.987,4.5,4099.7,41,
31.8.2026,21:10:20.341,8.939,8.0,4099.7,42,
31.8.2026,21:10:20.548,8.754,7.3,4099.7,41,
31.8.2026,21:10:20.755,8.642,2.4,4099.7,42,
31.8.2026,21:10:20.962,8.932,5.2,4699.7,41,
31.8.2026,21:10:21.153,8.383,7.6,4099.7,41,
31.8.2026,21:10:21.360,9.286,5.1,4699.7,40,
31.8.2026,21:10:21.566,8.714,2.9,4699.7,40,
31.8.2026,21:10:21.776,9.268,3.5,4699.7,40,
31.8.2026,21:10:21.985,8.178,7.2,4699.7,40,
31.8.2026,21:10:22.189,8.608,3.0,4699.7,41,
31.8.2026,21:10:22.397,9.219,5.8,4699.7,41,
31.8.2026,21:10:22.604,8.631,3.3,4699.7,41,
31.8.2026,21:10:22.812,8.802,8.5,4699.7,41,
31.8.2026,21:10:23.020,9.273,3.6,4699.7,41,
31.8.2026,21:10:23.230,8.984,3.7,4699.7,41,
31.8.2026,21:10:23.420,8.320,9.0,4699.7,41,
31.8.2026,21:10:23.632,8.683,4.7,4099.7,40,
31.8.2026,21:10:23.839,8.460,2.5,4099.7,41,
31.8.2026,21:10:24.056,8.455,5.0,4699.7,41,
31.8.2026,21:10:24.261,7.935,2.8,4099.7,41,
31.8.2026,21:10:24.468,7.767,6.3,4699.7,41,
31.8.2026,21:10:24.679,7.855,4.7,4699.7,41,
31.8.2026,21:10:24.885,7.561,4.1,4099.7,40,
31.8.2026,21:10:25.094,8.177,6.2,4699.7,40,
31.8.2026,21:10:25.305,7.976,4.4,4699.7,41,
31.8.2026,21:10:25.500,7.748,5.0,4699.7,41,
31.8.2026,21:10:25.713,8.361,6.1,4699.7,40,
31.8.2026,21:10:25.903,7.975,3.0,4099.7,41,
31.8.2026,21:10:26.113,7.839,9.5,4099.7,40,
31.8.2026,21:10:26.320,8.583,3.0,4699.7,41,
31.8.2026,21:10:26.515,7.811,7.7,4699.7,41,
31.8.2026,21:10:26.721,8.173,4.9,4099.7,41,
31.8.2026,21:10:26.928,8.634,5.7,4099.7,41,
31.8.2026,21:10:27.134,8.222,3.1,4099.7,40,
31.8.2026,21:10:27.327,7.836,6.9,4099.7,42,
31.8.2026,21:10:27.532,8.353,7.5,3299.8,41,
31.8.2026,21:10:27.746,8.126,1.0,500.0,40,
31.8.2026,21:10:27.942,8.126,6.4,4699.7,40,
31.8.2026,21:10:28.151,8.216,2.6,4699.7,40,
31.8.2026,21:10:28.360,8.254,9.5,4699.7,41,
31.8.2026,21:10:28.568,7.796,1.6,4699.7,41,
31.8.2026,21:10:28.777,7.866,2.2,4699.7,40,
31.8.2026,21:10:28.968,7.979,8.8,4699.7,41,
31.8.2026,21:10:29.178,8.333,3.7,4699.7,40,
31.8.2026,21:10:29.384,7.959,4.8,4699.7,41,
31.8.2026,21:10:29.579,8.059,8.4,4699.7,40,
31.8.2026,21:10:29.789,7.870,2.8,4699.7,40,
31.8.2026,21:10:29.981,7.633,2.8,4699.7,40,
31.8.2026,21:10:30.190,8.238,10.1,4699.7,41,
31.8.2026,21:10:30.408,7.938,4.9,4699.7,39,
31.8.2026,21:10:30.613,7.675,5.5,4099.7,39,
31.8.2026,21:10:30.819,7.886,3.6,4699.7,40,
31.8.2026,21:10:31.014,8.100,3.6,4699.7,40,
31.8.2026,21:10:31.220,8.524,9.9,4099.7,41,
31.8.2026,21:10:31.428,8.431,3.7,4699.7,40,
31.8.2026,21:10:31.622,7.882,6.1,4699.7,40,
31.8.2026,21:10:31.829,8.668,11.2,4099.7,68,
31.8.2026,21:10:32.038,7.961,2.8,4099.7,73,
31.8.2026,21:10:32.243,7.967,1.8,4099.7,73,
31.8.2026,21:10:32.438,8.524,5.6,4099.7,72,
31.8.2026,21:10:32.647,9.431,10.2,4099.7,59,
31.8.2026,21:10:32.853,8.801,3.3,4099.7,72,
31.8.2026,21:10:33.077,8.861,3.7,4099.7,60,
31.8.2026,21:10:33.288,7.231,5.3,4099.7,68,
31.8.2026,21:10:33.479,8.000,3.7,4099.7,71,
31.8.2026,21:10:33.687,8.678,12.0,3899.7,63,
31.8.2026,21:10:33.896,8.377,2.3,4099.7,73,
31.8.2026,21:10:34.089,8.422,2.6,4099.7,55,
31.8.2026,21:10:34.301,8.289,7.1,4099.7,47,
31.8.2026,21:10:34.507,8.187,4.1,4099.7,41,
31.8.2026,21:10:34.713,8.577,3.1,4099.7,47,
31.8.2026,21:10:34.921,8.792,11.0,4099.7,46,
31.8.2026,21:10:35.132,8.956,2.6,4099.7,47,
31.8.2026,21:10:35.344,8.445,4.7,4099.7,46,
31.8.2026,21:10:35.552,8.341,8.9,4099.7,52,
31.8.2026,21:10:35.760,8.070,1.7,500.0,51,
31.8.2026,21:10:35.949,8.390,5.4,4099.7,57,
31.8.2026,21:10:36.158,8.326,7.0,4699.7,46,
31.8.2026,21:10:36.371,8.342,4.6,4099.7,42,
31.8.2026,21:10:36.561,8.546,6.4,4099.7,72,
31.8.2026,21:10:36.771,8.073,2.7,4099.7,44,
31.8.2026,21:10:36.975,8.322,3.3,4099.7,47,
31.8.2026,21:10:37.172,8.782,6.2,4099.7,47,
31.8.2026,21:10:37.383,8.227,4.1,4699.7,49,
31.8.2026,21:10:37.588,7.716,6.2,4099.7,46,
31.8.2026,21:10:37.779,7.864,8.1,4099.7,45,
31.8.2026,21:10:37.996,8.297,2.7,4099.7,41,
31.8.2026,21:10:38.201,7.925,7.9,4099.7,42,
31.8.2026,21:10:38.414,8.063,2.6,4099.7,48,
31.8.2026,21:10:38.621,8.016,3.4,4099.7,44,
31.8.2026,21:10:38.831,8.110,6.8,4099.7,47,
31.8.2026,21:10:39.036,8.324,4.4,4099.7,45,
31.8.2026,21:10:39.249,8.389,3.2,4099.7,47,
31.8.2026,21:10:39.456,7.647,8.6,4099.7,41,
31.8.2026,21:10:39.663,7.827,2.4,4099.7,46,
31.8.2026,21:10:39.871,7.898,3.9,4099.7,40,
31.8.2026,21:10:40.085,7.842,6.8,4699.7,46,
31.8.2026,21:10:40.290,7.730,2.3,4699.7,47,
31.8.2026,21:10:40.481,8.164,9.5,4099.7,40,
31.8.2026,21:10:40.688,7.831,4.4,4099.7,40,
31.8.2026,21:10:40.905,7.994,2.5,4699.7,41,
31.8.2026,21:10:41.126,9.012,10.0,4099.7,48,
31.8.2026,21:10:41.331,8.019,4.2,4699.7,73,
31.8.2026,21:10:41.526,8.048,5.2,4699.7,60,
31.8.2026,21:10:41.733,8.044,7.1,4099.7,48,
31.8.2026,21:10:41.938,8.106,3.7,4699.7,47,
31.8.2026,21:10:42.147,8.145,3.8,4699.7,47,
31.8.2026,21:10:42.351,7.919,3.6,4699.7,46,
31.8.2026,21:10:42.546,7.923,5.6,4099.7,47,
31.8.2026,21:10:42.751,8.300,6.0,4699.7,44,
31.8.2026,21:10:42.960,8.177,3.1,4699.7,40,
31.8.2026,21:10:43.155,8.482,3.3,4699.7,41,
31.8.2026,21:10:43.360,7.679,8.4,4099.7,41,
31.8.2026,21:10:43.571,7.945,4.5,4699.7,40,
31.8.2026,21:10:43.765,7.945,3.4,4699.7,41,
31.8.2026,21:10:43.972,8.083,7.8,4699.7,40,
31.8.2026,21:10:44.179,8.011,2.6,4699.7,41,
31.8.2026,21:10:44.385,8.203,5.3,4699.7,39,
31.8.2026,21:10:44.593,7.971,6.8,4699.7,40,
31.8.2026,21:10:44.801,7.912,4.4,4099.7,41,
31.8.2026,21:10:45.007,8.105,2.9,4099.7,42,
31.8.2026,21:10:45.215,8.182,5.3,4099.7,42,
31.8.2026,21:10:45.429,8.562,9.2,4099.7,40,
31.8.2026,21:10:45.635,7.614,3.2,4699.7,41,
31.8.2026,21:10:45.842,7.946,6.2,4699.7,40,
31.8.2026,21:10:46.053,8.172,5.3,4099.7,41,
31.8.2026,21:10:46.259,8.468,3.7,1799.9,41,
31.8.2026,21:10:46.467,8.468,5.9,4699.7,42,
31.8.2026,21:10:46.659,7.687,7.3,4099.7,41,
31.8.2026,21:10:46.872,8.180,2.2,4699.7,42,
31.8.2026,21:10:47.079,7.892,9.1,4099.7,41,
31.8.2026,21:10:47.286,8.380,4.8,4699.7,41,
31.8.2026,21:10:47.494,8.682,3.1,3699.8,41,
31.8.2026,21:10:47.684,7.621,7.5,4699.7,40,
31.8.2026,21:10:47.896,8.160,4.7,4699.7,39,
31.8.2026,21:10:48.090,8.112,6.2,2599.8,40,
31.8.2026,21:10:48.297,7.831,3.3,4699.7,40,
31.8.2026,21:10:48.509,7.974,3.1,4699.7,40,
31.8.2026,21:10:48.700,7.363,9.6,4099.7,40,
31.8.2026,21:10:48.909,7.455,2.9,4099.7,41,
31.8.2026,21:10:49.116,8.344,5.0,4099.7,41,
31.8.2026,21:10:49.310,8.889,7.4,4099.7,40,
31.8.2026,21:10:49.514,8.243,3.7,4699.7,41,
31.8.2026,21:10:49.721,8.138,5.0,4099.7,40,
31.8.2026,21:10:49.931,7.420,3.3,4099.7,41,
31.8.2026,21:10:50.123,8.183,7.8,4099.7,40,
31.8.2026,21:10:50.331,7.914,2.5,4099.7,40,
31.8.2026,21:10:50.544,8.258,3.3,4699.7,41,
31.8.2026,21:10:50.734,7.894,9.4,4699.7,41,
31.8.2026,21:10:50.944,7.720,0.9,4099.7,40,
31.8.2026,21:10:51.139,8.239,8.8,4099.7,41,
31.8.2026,21:10:51.344,8.865,4.4,4099.7,40,
31.8.2026,21:10:51.552,7.999,3.6,4699.7,41,
31.8.2026,21:10:51.762,8.296,3.4,4699.7,41,
31.8.2026,21:10:51.971,8.224,9.3,4699.7,40,
31.8.2026,21:10:52.179,7.767,2.0,4699.7,40,
31.8.2026,21:10:52.371,7.963,7.0,4699.7,40,
31.8.2026,21:10:52.580,7.827,5.7,4699.7,40,
31.8.2026,21:10:52.786,7.835,5.5,4099.7,40,
31.8.2026,21:10:52.992,8.203,3.4,4699.7,40,
31.8.2026,21:10:53.185,8.169,3.4,4699.7,40,
31.8.2026,21:10:53.391,8.735,11.2,4099.7,41,
31.8.2026,21:10:53.599,8.297,4.7,4099.7,40,
31.8.2026,21:10:53.807,7.914,4.6,4099.7,41,
31.8.2026,21:10:53.999,8.088,1.9,4099.7,41,
31.8.2026,21:10:54.213,8.886,10.2,4099.7,73,
31.8.2026,21:10:54.404,8.008,2.1,4699.7,73,
31.8.2026,21:10:54.611,8.616,9.2,4099.7,54,
31.8.2026,21:10:54.818,7.976,2.6,4099.7,62,
31.8.2026,21:10:55.027,7.731,5.1,500.0,70,
31.8.2026,21:10:55.232,9.365,9.0,4099.7,71,
31.8.2026,21:10:55.439,7.902,3.8,4699.7,62,
31.8.2026,21:10:55.646,8.062,4.0,1299.9,71,
31.8.2026,21:10:55.840,8.085,3.8,4099.7,55,
31.8.2026,21:10:56.048,8.463,6.7,4699.7,46,
31.8.2026,21:10:56.257,7.907,3.7,4699.7,41,
31.8.2026,21:10:56.448,7.907,4.8,4699.7,47,
31.8.2026,21:10:56.657,8.302,5.8,4699.7,42,
31.8.2026,21:10:56.866,7.881,4.9,4699.7,40,
31.8.2026,21:10:57.076,8.143,0.9,4699.7,41,
31.8.2026,21:10:57.281,7.656,10.3,4099.7,41,
31.8.2026,21:10:57.488,8.353,5.6,4099.7,41,
31.8.2026,21:10:57.700,8.326,3.1,4099.7,41,
31.8.2026,21:10:57.908,7.623,8.9,4099.7,40,
31.8.2026,21:10:58.118,7.801,2.0,4099.7,41,
31.8.2026,21:10:58.309,7.862,3.6,4099.7,41,
31.8.2026,21:10:58.518,7.790,7.0,4699.7,41,
31.8.2026,21:10:58.724,8.039,4.1,4099.7,41,
31.8.2026,21:10:58.930,7.957,6.4,4699.7,40,
31.8.2026,21:10:59.121,8.240,6.7,3599.8,44,
31.8.2026,21:10:59.329,7.961,7.1,4699.7,40,
31.8.2026,21:10:59.536,8.896,2.9,4099.7,41,
31.8.2026,21:10:59.743,8.125,2.2,4699.7,41,
31.8.2026,21:10:59.950,7.652,5.1,4699.7,41,
31.8.2026,21:11:0.155,8.191,12.6,4099.7,45,
31.8.2026,21:11:0.363,10.732,6.3,4099.7,41,
31.8.2026,21:11:0.573,8.275,2.7,4699.7,41,
31.8.2026,21:11:0.780,8.107,7.3,4099.7,41,
31.8.2026,21:11:0.989,7.930,7.6,4699.7,41,
31.8.2026,21:11:1.194,8.604,6.3,4099.7,40,
31.8.2026,21:11:1.386,8.331,4.8,4699.7,41,
31.8.2026,21:11:1.594,8.998,5.6,4699.7,41,
31.8.2026,21:11:1.802,8.058,4.0,4699.7,41,
31.8.2026,21:11:1.996,7.722,3.2,4699.7,41,
31.8.2026,21:11:2.202,7.958,5.8,4699.7,40,
31.8.2026,21:11:2.416,7.843,5.1,4099.7,41,
31.8.2026,21:11:2.628,7.741,3.3,4699.7,40,
31.8.2026,21:11:2.834,7.901,4.5,4699.7,41,
31.8.2026,21:11:3.042,7.755,10.8,4699.7,40,
31.8.2026,21:11:3.235,11.322,9.3,4699.7,41,
31.8.2026,21:11:3.444,8.802,5.2,4699.7,41,
31.8.2026,21:11:3.649,8.318,1.6,4699.7,40,
31.8.2026,21:11:3.847,7.687,5.6,4699.7,40,
31.8.2026,21:11:4.053,7.667,4.2,4699.7,41,
31.8.2026,21:11:4.254,7.860,6.4,4699.7,41,
31.8.2026,21:11:4.459,7.921,6.9,4699.7,40,
31.8.2026,21:11:4.668,8.144,4.9,4699.7,41,
31.8.2026,21:11:4.877,8.272,7.2,4099.7,41,
31.8.2026,21:11:5.082,7.551,4.5,4699.7,41,
31.8.2026,21:11:5.291,8.064,3.4,4099.7,40,
31.8.2026,21:11:5.503,8.144,9.3,4699.7,41,
31.8.2026,21:11:5.713,8.201,4.8,4699.7,41,
31.8.2026,21:11:5.909,8.019,8.9,4099.7,41,
31.8.2026,21:11:6.119,7.966,0.5,4699.7,41,
31.8.2026,21:11:6.310,8.150,9.6,4699.7,41,
31.8.2026,21:11:6.523,8.063,6.6,4099.7,40,
31.8.2026,21:11:6.735,8.270,2.1,4099.7,41,
31.8.2026,21:11:6.949,7.814,5.0,4699.7,41,
31.8.2026,21:11:7.156,8.316,8.2,4099.7,41,
31.8.2026,21:11:7.362,8.029,4.8,4699.7,40,
31.8.2026,21:11:7.576,8.701,2.4,4699.7,42,
31.8.2026,21:11:7.784,8.098,9.0,4099.7,40,
31.8.2026,21:11:7.989,7.889,4.1,4099.7,41,
31.8.2026,21:11:8.195,8.140,3.1,4699.7,40,
31.8.2026,21:11:8.386,8.378,7.4,4099.7,41,
31.8.2026,21:11:8.594,7.979,5.1,4099.7,40,
31.8.2026,21:11:8.802,7.891,4.0,4099.7,40,
31.8.2026,21:11:9.011,7.912,2.4,4099.7,39,
31.8.2026,21:11:9.200,7.699,10.1,4099.7,43,
31.8.2026,21:11:9.411,8.427,3.4,4699.7,42,
31.8.2026,21:11:9.616,8.485,5.1,4099.7,41,
31.8.2026,21:11:9.807,8.339,2.8,4699.7,42,
31.8.2026,21:11:10.014,8.053,6.3,4699.7,40,
31.8.2026,21:11:10.222,8.489,1.9,4699.7,40,
31.8.2026,21:11:10.428,7.963,5.0,4099.7,41,
31.8.2026,21:11:10.635,8.019,4.0,4699.7,40,
31.8.2026,21:11:10.844,8.282,5.9,4699.7,41,
31.8.2026,21:11:11.048,7.878,7.3,4099.7,40,
31.8.2026,21:11:11.256,8.062,3.5,4099.7,41,
31.8.2026,21:11:11.466,9.196,6.4,4099.7,42,
31.8.2026,21:11:11.671,8.163,5.4,4099.7,42,
31.8.2026,21:11:11.878,7.634,3.5,4099.7,41,
31.8.2026,21:11:12.087,7.452,4.2,4099.7,40,
31.8.2026,21:11:12.279,7.983,7.4,4099.7,41,
31.8.2026,21:11:12.488,8.244,5.5,4099.7,41,
31.8.2026,21:11:12.693,7.938,4.0,4699.7,41,
31.8.2026,21:11:12.905,8.471,2.7,4699.7,40,
31.8.2026,21:11:13.112,8.228,8.1,4099.7,41,
31.8.2026,21:11:13.320,7.807,4.1,500.0,40,
31.8.2026,21:11:13.511,8.988,10.4,4099.7,41,
31.8.2026,21:11:13.719,8.147,1.3,4699.7,41,
31.8.2026,21:11:13.929,7.657,5.6,4699.7,39,
31.8.2026,21:11:14.134,7.868,2.4,4699.7,40,
31.8.2026,21:11:14.327,7.938,2.4,4699.7,40,
31.8.2026,21:11:14.536,7.688,6.4,4099.7,40,
31.8.2026,21:11:14.741,8.171,6.3,4099.7,41,
31.8.2026,21:11:14.939,8.171,3.1,4099.7,42,
31.8.2026,21:11:15.150,7.877,7.5,4099.7,40,
31.8.2026,21:11:15.341,8.000,2.9,4099.7,41,
31.8.2026,21:11:15.550,9.410,10.8,4099.7,73,
31.8.2026,21:11:15.757,8.088,3.0,4099.7,73,
31.8.2026,21:11:15.952,8.001,5.6,4099.7,72,
31.8.2026,21:11:16.164,8.699,9.5,4099.7,64,
31.8.2026,21:11:16.355,8.950,2.3,3099.8,59,
31.8.2026,21:11:16.564,9.156,9.6,4099.7,42,
31.8.2026,21:11:16.769,9.242,4.3,4099.7,47,
31.8.2026,21:11:16.977,8.844,2.7,4099.7,41,
31.8.2026,21:11:17.171,8.877,4.9,4699.7,45,
31.8.2026,21:11:17.376,9.825,9.3,4099.7,41,
31.8.2026,21:11:17.585,8.788,4.9,4699.7,42,
31.8.2026,21:11:17.790,9.256,5.2,4099.7,40,
31.8.2026,21:11:17.992,8.428,7.0,4699.7,40,
31.8.2026,21:11:18.197,9.123,5.6,4099.7,41,
31.8.2026,21:11:18.390,8.773,7.9,4699.7,39,
31.8.2026,21:11:18.595,8.848,5.2,4099.7,41,
31.8.2026,21:11:18.803,9.306,3.6,4099.7,41,
31.8.2026,21:11:19.010,8.853,4.6,4699.7,39,
31.8.2026,21:11:19.217,8.936,9.8,500.0,41,
31.8.2026,21:11:19.429,9.411,4.8,4699.7,41,
31.8.2026,21:11:19.634,8.747,4.4,4099.7,42,
31.8.2026,21:11:19.830,8.019,5.3,4699.7,41,
31.8.2026,21:11:20.041,7.955,7.8,4099.7,41,
31.8.2026,21:11:20.229,7.835,3.5,4099.7,40,
31.8.2026,21:11:20.437,8.148,6.7,4699.7,41,
31.8.2026,21:11:20.646,8.173,4.9,4699.7,41,
31.8.2026,21:11:20.856,7.976,3.9,4699.7,40,
31.8.2026,21:11:21.064,7.912,7.1,4699.7,40,
31.8.2026,21:11:21.274,8.133,5.5,4099.7,41,
31.8.2026,21:11:21.465,8.681,6.4,4099.7,41,
31.8.2026,21:11:21.671,8.021,4.3,4099.7,40,
31.8.2026,21:11:21.879,8.762,4.4,4699.7,41,
31.8.2026,21:11:22.085,8.151,4.8,4699.7,40,
31.8.2026,21:11:22.278,8.254,8.8,4099.7,40,
31.8.2026,21:11:22.489,7.850,4.6,4699.7,41,
31.8.2026,21:11:22.685,8.291,4.7,4099.7,40,
31.8.2026,21:11:22.894,8.382,6.2,4699.7,42,
31.8.2026,21:11:23.103,7.965,4.1,4699.7,41,
31.8.2026,21:11:23.295,7.895,7.4,4699.7,41,
31.8.2026,21:11:23.503,8.383,4.9,4099.7,41,
31.8.2026,21:11:23.710,8.029,4.4,4099.7,41,
31.8.2026,21:11:23.903,7.936,5.6,4699.7,41,
31.8.2026,21:11:24.110,8.032,5.7,4099.7,40,
31.8.2026,21:11:24.317,8.242,7.0,4699.7,39,
31.8.2026,21:11:24.525,8.052,2.4,4099.7,39,
31.8.2026,21:11:24.715,8.052,7.4,4099.7,41,
31.8.2026,21:11:24.926,7.603,2.5,4699.7,39,
31.8.2026,21:11:25.124,8.273,5.4,4699.7,40,
31.8.2026,21:11:25.334,7.700,8.1,4099.7,44,
31.8.2026,21:11:25.549,8.717,4.1,4699.7,40,
31.8.2026,21:11:25.735,8.474,11.8,4099.7,40,
31.8.2026,21:11:25.933,8.264,3.9,4699.7,40,
31.8.2026,21:11:26.140,7.919,4.4,4099.7,40,
31.8.2026,21:11:26.349,7.947,3.5,4099.7,39,
31.8.2026,21:11:26.555,8.264,3.1,4699.7,41,
31.8.2026,21:11:26.750,8.095,3.1,4699.7,41,
31.8.2026,21:11:26.957,8.331,10.6,4099.7,39,
31.8.2026,21:11:27.168,8.040,2.3,4699.7,39,
31.8.2026,21:11:27.375,7.715,10.9,500.0,40,
31.8.2026,21:11:27.585,8.601,2.7,4699.7,40,
31.8.2026,21:11:27.782,7.352,2.7,4699.7,40,
31.8.2026,21:11:27.990,8.013,8.1,4099.7,40,
31.8.2026,21:11:28.196,8.225,2.7,4099.7,40,
31.8.2026,21:11:28.387,7.984,2.8,4099.7,41,
31.8.2026,21:11:28.595,9.060,11.5,4699.7,72,
31.8.2026,21:11:28.808,7.922,3.2,4699.7,73,
31.8.2026,21:11:29.014,7.425,11.4,4099.7,41,
31.8.2026,21:11:29.222,8.044,4.5,4099.7,39,
31.8.2026,21:11:29.429,8.247,4.6,4099.7,40,
31.8.2026,21:11:29.621,8.658,3.1,4099.7,40,
31.8.2026,21:11:29.828,8.909,8.7,4099.7,55,
31.8.2026,21:11:30.043,7.988,5.1,4099.7,54,
31.8.2026,21:11:30.256,8.028,5.3,4099.7,59,
31.8.2026,21:11:30.462,8.039,3.8,4099.7,71,
31.8.2026,21:11:30.655,8.230,4.2,4099.7,72,
31.8.2026,21:11:30.861,8.651,8.3,4099.7,57,
31.8.2026,21:11:31.071,8.679,4.4,4099.7,58,
31.8.2026,21:11:31.275,8.415,3.9,4699.7,57,
31.8.2026,21:11:31.468,8.126,5.4,4099.7,57,
31.8.2026,21:11:31.673,8.977,8.2,4699.7,41,
31.8.2026,21:11:31.887,7.817,5.0,4699.7,40,
31.8.2026,21:11:32.094,7.850,6.8,4099.7,64,
31.8.2026,21:11:32.302,8.228,3.3,2699.8,70,
31.8.2026,21:11:32.501,7.895,4.6,4099.7,47,
31.8.2026,21:11:32.709,7.675,6.7,4099.7,44,
31.8.2026,21:11:32.907,8.034,4.2,4099.7,44,
31.8.2026,21:11:33.119,7.761,5.8,4099.7,41,
31.8.2026,21:11:33.311,7.550,2.5,4099.7,64,
31.8.2026,21:11:33.523,8.383,10.1,4099.7,46,
31.8.2026,21:11:33.720,8.828,2.4,4099.7,44,
31.8.2026,21:11:33.931,8.490,5.7,4699.7,47,
31.8.2026,21:11:34.122,8.324,3.5,4099.7,47,
31.8.2026,21:11:34.329,8.016,6.7,4699.7,41,
31.8.2026,21:11:34.542,8.375,2.1,4699.7,41,
31.8.2026,21:11:34.732,8.357,7.3,4099.7,41,
31.8.2026,21:11:34.941,8.679,5.9,4699.7,40,
31.8.2026,21:11:35.149,8.653,3.7,4699.7,41,
31.8.2026,21:11:35.339,8.653,3.4,4699.7,41,
31.8.2026,21:11:35.552,7.940,7.7,4099.7,41,
31.8.2026,21:11:35.746,8.739,2.7,4099.7,41,
31.8.2026,21:11:35.953,7.974,6.6,4699.7,40,
31.8.2026,21:11:36.161,8.199,4.6,4699.7,39,
31.8.2026,21:11:36.366,8.291,4.6,4699.7,41,
31.8.2026,21:11:36.573,8.297,3.9,4699.7,40,
31.8.2026,21:11:36.783,8.286,5.3,4699.7,42,
31.8.2026,21:11:36.988,7.955,7.2,4699.7,41,
31.8.2026,21:11:37.196,8.099,4.2,4699.7,41,
31.8.2026,21:11:37.389,8.115,6.5,4099.7,41,
31.8.2026,21:11:37.603,7.566,4.0,4099.7,41,
31.8.2026,21:11:37.792,8.432,5.4,4099.7,41,
31.8.2026,21:11:38.004,7.926,10.6,4099.7,41,
31.8.2026,21:11:38.202,8.237,3.7,4699.7,41,
31.8.2026,21:11:38.410,8.073,3.0,4099.7,40,
31.8.2026,21:11:38.618,7.752,3.0,4099.7,40,
31.8.2026,21:11:38.809,8.053,7.0,4099.7,40,
31.8.2026,21:11:39.019,8.268,7.2,4099.7,39,
31.8.2026,21:11:39.226,8.067,3.5,4699.7,41,
31.8.2026,21:11:39.432,8.231,2.8,4699.7,41,
31.8.2026,21:11:39.640,7.937,12.1,4699.7,40,
31.8.2026,21:11:39.847,9.099,2.0,4099.7,40,
31.8.2026,21:11:40.053,7.917,2.8,4099.7,40,
31.8.2026,21:11:40.262,7.871,4.3,4699.7,41,
31.8.2026,21:11:40.467,8.264,7.7,4099.7,40,
31.8.2026,21:11:40.674,7.539,4.6,4099.7,41,
31.8.2026,21:11:40.881,8.294,2.2,4099.7,42,
31.8.2026,21:11:41.091,7.654,3.4,3299.8,41,
31.8.2026,21:11:41.300,8.263,8.1,4099.7,41,
31.8.2026,21:11:41.509,8.162,3.4,4699.7,41,
31.8.2026,21:11:41.701,8.208,6.4,4099.7,42,
31.8.2026,21:11:41.910,7.454,3.5,4099.7,41,
31.8.2026,21:11:42.122,8.034,3.2,4099.7,41,
31.8.2026,21:11:42.329,8.049,7.1,4099.7,40,
31.8.2026,21:11:42.537,8.135,2.2,4699.7,40,
31.8.2026,21:11:42.746,7.961,6.9,4099.7,41,
31.8.2026,21:11:42.936,7.987,6.4,4099.7,40,
31.8.2026,21:11:43.143,8.073,4.6,4699.7,41,
31.8.2026,21:11:43.352,8.050,0.7,4699.7,40,
31.8.2026,21:11:43.558,8.052,10.7,4699.7,40,
31.8.2026,21:11:43.770,8.197,2.5,4699.7,40,
31.8.2026,21:11:43.977,7.949,2.3,4699.7,39,
31.8.2026,21:11:44.170,8.342,6.5,4699.7,41,
31.8.2026,21:11:44.375,8.015,3.3,4699.7,41,
31.8.2026,21:11:44.582,7.927,5.4,4699.7,40,
31.8.2026,21:11:44.788,7.995,6.4,899.9,66,
31.8.2026,21:11:44.981,10.023,6.4,899.9,66,
31.8.2026,21:11:45.197,8.136,2.5,4699.7,39,
31.8.2026,21:11:45.407,7.875,5.4,4699.7,41,
31.8.2026,21:11:45.615,8.044,4.8,4699.7,41,
31.8.2026,21:11:45.816,8.576,6.3,4699.7,40,
31.8.2026,21:11:46.012,7.955,10.1,4099.7,40,
31.8.2026,21:11:46.220,8.193,3.8,4099.7,40,
31.8.2026,21:11:46.427,7.993,2.8,4099.7,41,
31.8.2026,21:11:46.626,8.085,4.9,4099.7,41,
31.8.2026,21:11:46.824,8.792,7.7,4699.7,40,
31.8.2026,21:11:47.035,9.860,9.6,4699.7,41,
31.8.2026,21:11:47.244,7.931,2.1,4699.7,40,
31.8.2026,21:11:47.435,7.931,10.7,4099.7,40,
31.8.2026,21:11:47.645,8.040,3.5,4699.7,40,
31.8.2026,21:11:47.838,8.392,3.5,4699.7,40,
31.8.2026,21:11:48.047,7.625,6.5,4699.7,40,
31.8.2026,21:11:48.259,8.280,3.5,4099.7,41,
31.8.2026,21:11:48.472,8.163,7.8,4099.7,41,
31.8.2026,21:11:48.677,7.735,3.1,4099.7,40,
31.8.2026,21:11:48.885,8.202,3.3,4699.7,40,
31.8.2026,21:11:49.095,7.469,6.5,4099.7,39,
31.8.2026,21:11:49.301,7.580,3.4,4099.7,41,
31.8.2026,21:11:49.509,7.948,5.8,4699.7,41,
31.8.2026,21:11:49.701,8.534,5.8,4699.7,41,
31.8.2026,21:11:49.908,8.975,11.0,4099.7,67,
31.8.2026,21:11:50.114,6.587,2.1,4099.7,41,
31.8.2026,21:11:50.322,10.284,3.9,4099.7,39,
31.8.2026,21:11:50.513,8.176,5.0,4099.7,40,
31.8.2026,21:11:50.724,8.431,8.1,4099.7,72,
31.8.2026,21:11:50.930,7.882,5.4,4099.7,73,
31.8.2026,21:11:51.127,7.831,3.3,4099.7,66,
31.8.2026,21:11:51.334,7.831,9.9,4099.7,72,
31.8.2026,21:11:51.527,8.530,4.2,4099.7,73,
31.8.2026,21:11:51.735,9.753,10.5,4699.7,56,
31.8.2026,21:11:51.943,8.082,2.5,4699.7,58,
31.8.2026,21:11:52.150,8.108,3.5,500.0,60,
31.8.2026,21:11:52.345,7.822,5.7,4099.7,60,
31.8.2026,21:11:52.550,8.070,5.7,4699.7,42,
31.8.2026,21:11:52.758,8.040,3.8,4099.7,41,
31.8.2026,21:11:52.950,8.075,3.1,4099.7,44,
31.8.2026,21:11:53.158,8.051,4.3,4699.7,42,
31.8.2026,21:11:53.367,7.944,6.1,4699.7,41,
31.8.2026,21:11:53.559,7.887,7.3,4699.7,41,
31.8.2026,21:11:53.776,8.451,4.0,4699.7,40,
31.8.2026,21:11:53.968,8.244,8.2,4699.7,41,
31.8.2026,21:11:54.178,7.840,2.6,4699.7,40,
31.8.2026,21:11:54.382,7.835,3.0,4699.7,40,
31.8.2026,21:11:54.595,8.069,4.9,4099.7,40,
31.8.2026,21:11:54.801,7.908,7.1,4699.7,40,
31.8.2026,21:11:55.008,8.190,5.6,4099.7,40,
31.8.2026,21:11:55.202,7.881,5.8,4099.7,41,
31.8.2026,21:11:55.413,8.146,4.8,4699.7,40,
31.8.2026,21:11:55.618,8.205,4.2,4699.7,40,
31.8.2026,21:11:55.809,8.640,8.8,4099.7,40,
31.8.2026,21:11:56.018,8.169,2.2,4699.7,39,
31.8.2026,21:11:56.223,7.781,6.6,4699.7,41,
31.8.2026,21:11:56.421,8.127,5.0,4699.7,40,
31.8.2026,21:11:56.631,8.612,5.4,4699.7,41,
31.8.2026,21:11:56.827,8.292,8.4,4099.7,40,
31.8.2026,21:11:57.033,8.225,3.9,4099.7,41,
31.8.2026,21:11:57.243,7.863,3.0,4699.7,40,
31.8.2026,21:11:57.434,7.863,10.1,4099.7,39,
31.8.2026,21:11:57.650,8.438,5.0,4699.7,40,
31.8.2026,21:11:57.855,9.236,2.9,4099.7,40,
31.8.2026,21:11:58.066,8.112,8.3,4099.7,40,
31.8.2026,21:11:58.261,8.839,8.1,4099.7,39,
31.8.2026,21:11:58.471,8.255,7.2,4699.7,40,
31.8.2026,21:11:58.675,8.846,6.8,4099.7,41,
31.8.2026,21:11:58.884,9.039,2.6,4699.7,40,
31.8.2026,21:11:59.080,8.716,10.2,4699.7,41,
31.8.2026,21:11:59.289,8.805,8.7,4099.7,41,
31.8.2026,21:11:59.495,8.678,4.7,4099.7,41,
31.8.2026,21:11:59.703,8.461,14.8,4099.7,40,
31.8.2026,21:11:59.911,9.212,5.3,4099.7,40,
31.8.2026,21:12:0.119,8.758,3.5,4099.7,40,
31.8.2026,21:12:0.328,8.388,10.3,4099.7,40,
31.8.2026,21:12:0.537,8.772,3.6,4099.7,40,
31.8.2026,21:12:0.733,8.150,7.0,4099.7,40,
31.8.2026,21:12:0.939,9.861,4.3,4099.7,51,
31.8.2026,21:12:1.145,20.462,22.3,4099.7,48,
31.8.2026,21:12:1.351,15.541,11.9,4699.7,42,
31.8.2026,21:12:1.545,15.541,9.6,4699.7,40,
31.8.2026,21:12:1.754,8.704,7.1,4099.7,40,
31.8.2026,21:12:1.961,8.891,4.6,4699.7,41,
31.8.2026,21:12:2.154,9.186,10.1,4099.7,41,
31.8.2026,21:12:2.361,8.459,4.1,4699.7,40,
31.8.2026,21:12:2.567,8.916,4.7,4699.7,41,
31.8.2026,21:12:2.782,8.301,4.5,4699.7,40,
31.8.2026,21:12:2.990,8.340,4.5,4699.7,39,
31.8.2026,21:12:3.189,8.532,4.5,4699.7,39,
31.8.2026,21:12:3.396,7.636,6.6,4699.7,40,
31.8.2026,21:12:3.610,9.692,5.6,4099.7,41,
31.8.2026,21:12:3.824,10.055,9.7,1199.9,46,
31.8.2026,21:12:4.014,7.569,3.9,4099.7,42,
31.8.2026,21:12:4.223,9.134,8.7,4099.7,73,
31.8.2026,21:12:4.429,7.814,3.0,4099.7,66,
31.8.2026,21:12:4.622,8.738,5.8,4099.7,72,
31.8.2026,21:12:4.827,8.919,9.7,4099.7,51,
31.8.2026,21:12:5.035,10.485,5.2,4099.7,66,
31.8.2026,21:12:5.244,10.422,6.9,4099.7,53,
31.8.2026,21:12:5.436,10.035,3.9,4099.7,61,
31.8.2026,21:12:5.641,10.861,11.9,4099.7,45,
31.8.2026,21:12:5.849,11.760,5.9,4099.7,48,
31.8.2026,21:12:6.058,10.768,4.6,4099.7,49,
31.8.2026,21:12:6.250,10.296,10.4,4099.7,43,
31.8.2026,21:12:6.452,10.296,10.4,4099.7,43,
31.8.2026,21:12:6.659,10.296,10.4,4099.7,43,
31.8.2026,21:12:6.864,20.926,10.4,4099.7,43,
31.8.2026,21:12:7.070,20.926,10.4,4099.7,43,
31.8.2026,21:12:7.277,20.926,10.4,4099.7,43,
31.8.2026,21:12:7.481,20.926,10.4,4099.7,43,
31.8.2026,21:12:7.686,20.926,10.4,4099.7,43,
31.8.2026,21:12:7.893,20.926,10.4,4099.7,43,
31.8.2026,21:12:8.099,20.926,10.4,4099.7,43,
31.8.2026,21:12:8.304,20.926,10.4,4099.7,43,
31.8.2026,21:12:8.495,20.926,10.4,4099.7,43,
31.8.2026,21:12:8.700,20.926,10.4,4099.7,43,
31.8.2026,21:12:8.907,20.926,10.4,4099.7,43,
31.8.2026,21:12:9.113,20.926,10.4,4099.7,43,
31.8.2026,21:12:9.318,20.926,10.4,4099.7,43,
31.8.2026,21:12:9.525,20.926,10.4,4099.7,43,
31.8.2026,21:12:9.714,20.926,10.4,4099.7,43,
31.8.2026,21:12:9.921,20.926,10.4,4099.7,43,
31.8.2026,21:12:10.126,20.926,10.4,4099.7,43,
31.8.2026,21:12:10.333,20.926,10.4,4099.7,43,
31.8.2026,21:12:10.538,20.926,10.4,4099.7,43,
31.8.2026,21:12:10.745,20.926,10.4,4099.7,43,
31.8.2026,21:12:10.950,20.926,10.4,4099.7,43,
31.8.2026,21:12:11.156,20.926,10.4,4099.7,43,
31.8.2026,21:12:11.362,20.926,10.4,4099.7,43,
31.8.2026,21:12:11.568,20.926,10.4,4099.7,43,
31.8.2026,21:12:11.774,20.926,10.4,4099.7,43,
31.8.2026,21:12:11.964,20.926,10.4,4099.7,43,
31.8.2026,21:12:12.169,20.926,10.4,4099.7,43,
31.8.2026,21:12:12.376,20.926,10.4,4099.7,43,
31.8.2026,21:12:12.585,20.926,10.4,4099.7,43,
31.8.2026,21:12:12.789,20.926,13.5,4399.7,83,
31.8.2026,21:12:12.982,20.926,13.5,4399.7,83,
31.8.2026,21:12:13.185,20.926,13.5,4399.7,83,
31.8.2026,21:12:13.393,20.926,13.5,4399.7,83,
31.8.2026,21:12:13.597,20.926,13.5,4399.7,83,
31.8.2026,21:12:13.803,20.926,13.5,4399.7,83,
31.8.2026,21:12:14.010,20.926,13.5,4399.7,83,
31.8.2026,21:12:14.218,20.926,13.5,4399.7,83,
31.8.2026,21:12:14.421,20.926,13.5,4399.7,83,
31.8.2026,21:12:14.629,20.926,13.5,4399.7,83,
31.8.2026,21:12:14.833,20.926,13.5,4399.7,83,
31.8.2026,21:12:15.038,20.926,13.5,4399.7,83,
31.8.2026,21:12:15.244,20.926,13.5,4399.7,83,
31.8.2026,21:12:15.450,20.926,13.5,4399.7,83,
31.8.2026,21:12:15.657,20.926,13.5,4399.7,83,
31.8.2026,21:12:15.865,20.926,13.5,4399.7,83,
31.8.2026,21:12:16.069,20.926,13.5,4399.7,83,
31.8.2026,21:12:16.274,20.926,13.5,4399.7,83,
31.8.2026,21:12:16.464,20.926,13.5,4399.7,83,
31.8.2026,21:12:16.670,20.926,13.5,4399.7,83,
31.8.2026,21:12:16.876,20.926,13.5,4399.7,83,
31.8.2026,21:12:17.082,20.926,13.5,4399.7,83,
31.8.2026,21:12:17.288,20.926,13.5,4399.7,83,
31.8.2026,21:12:17.492,20.926,15.7,4199.7,86,
31.8.2026,21:12:17.682,23.324,15.7,4199.7,86,
31.8.2026,21:12:17.888,23.324,15.7,4199.7,86,
31.8.2026,21:12:18.095,23.324,15.7,4199.7,86,
31.8.2026,21:12:18.299,23.324,15.7,4199.7,86,
31.8.2026,21:12:18.508,23.324,15.7,4199.7,86,
31.8.2026,21:12:18.713,23.324,15.7,4199.7,86,
31.8.2026,21:12:18.920,23.324,15.7,4199.7,86,
31.8.2026,21:12:19.125,23.324,15.7,4199.7,86,
31.8.2026,21:12:19.332,23.324,15.7,4199.7,86,
31.8.2026,21:12:19.537,23.324,15.7,4199.7,86,
31.8.2026,21:12:19.742,23.324,15.7,4199.7,86,
31.8.2026,21:12:19.935,23.324,15.7,4199.7,86,
31.8.2026,21:12:20.139,23.324,15.7,4199.7,86,
31.8.2026,21:12:20.348,23.324,15.7,4199.7,86,
31.8.2026,21:12:20.552,23.324,15.7,4199.7,86,
31.8.2026,21:12:20.757,23.324,15.7,4199.7,86,
31.8.2026,21:12:20.963,23.324,15.7,4199.7,86,
31.8.2026,21:12:21.169,23.324,15.7,4199.7,86,
31.8.2026,21:12:21.375,23.324,15.7,4199.7,86,
31.8.2026,21:12:21.580,23.324,15.7,4199.7,86,
31.8.2026,21:12:21.787,23.324,15.7,4199.7,86,
31.8.2026,21:12:21.992,23.324,15.7,4199.7,86,
31.8.2026,21:12:22.183,23.324,15.7,4199.7,86,
31.8.2026,21:12:22.390,23.324,15.7,4199.7,86,
31.8.2026,21:12:22.597,23.324,15.9,4299.7,85,
31.8.2026,21:12:22.805,22.995,15.9,4299.7,85,
31.8.2026,21:12:23.008,22.995,15.9,4299.7,85,
31.8.2026,21:12:23.213,22.995,15.9,4299.7,85,
31.8.2026,21:12:23.420,22.995,15.9,4299.7,85,
31.8.2026,21:12:23.625,22.995,15.9,4299.7,85,
31.8.2026,21:12:23.832,22.995,15.9,4299.7,85,
31.8.2026,21:12:24.037,22.995,15.9,4299.7,85,
31.8.2026,21:12:24.244,22.995,15.9,4299.7,85,
31.8.2026,21:12:24.433,22.995,15.9,4299.7,85,
31.8.2026,21:12:24.640,22.995,15.9,4299.7,85,
31.8.2026,21:12:24.844,22.995,15.9,4299.7,85,
31.8.2026,21:12:25.049,22.995,15.9,4299.7,85,
31.8.2026,21:12:25.255,22.995,15.9,4299.7,85,
31.8.2026,21:12:25.460,22.888,15.9,4299.7,85,
31.8.2026,21:12:25.666,22.888,15.9,4299.7,85,
31.8.2026,21:12:25.872,22.888,15.9,4299.7,85,
31.8.2026,21:12:26.078,22.888,15.9,4299.7,85,
31.8.2026,21:12:26.284,22.888,15.9,4299.7,85,
31.8.2026,21:12:26.491,22.888,15.9,4299.7,85,
31.8.2026,21:12:26.695,22.888,15.9,4299.7,85,
31.8.2026,21:12:26.886,22.888,15.9,4299.7,85,
31.8.2026,21:12:27.091,22.888,15.9,4299.7,85,
31.8.2026,21:12:27.298,22.888,15.9,4299.7,85,
31.8.2026,21:12:27.501,22.888,15.9,4299.7,85,
31.8.2026,21:12:27.709,22.888,15.9,4299.7,85,
31.8.2026,21:12:27.912,22.888,15.9,4299.7,85,
31.8.2026,21:12:28.117,22.888,15.9,4299.7,85,
31.8.2026,21:12:28.308,22.888,15.9,4299.7,85,
31.8.2026,21:12:28.516,22.888,15.9,4299.7,85,
31.8.2026,21:12:28.719,22.888,15.9,4299.7,85,
31.8.2026,21:12:28.924,22.888,15.9,4299.7,85,
31.8.2026,21:12:29.130,22.888,15.9,4299.7,85,
31.8.2026,21:12:29.337,22.888,15.9,4299.7,85,
31.8.2026,21:12:29.528,22.888,15.9,4299.7,85,
31.8.2026,21:12:29.733,22.888,15.9,4299.7,85,
31.8.2026,21:12:29.938,22.888,15.9,4299.7,85,
31.8.2026,21:12:30.145,22.888,15.9,4299.7,85,
31.8.2026,21:12:30.352,22.888,15.9,4299.7,85,
31.8.2026,21:12:30.543,22.888,15.9,4299.7,85,
31.8.2026,21:12:30.748,22.888,15.9,4299.7,85,
31.8.2026,21:12:30.954,22.888,14.2,4099.7,86,
31.8.2026,21:12:31.160,22.888,14.2,4099.7,86,
31.8.2026,21:12:31.367,22.888,14.2,4099.7,86,
31.8.2026,21:12:31.575,22.888,14.2,4099.7,86,
31.8.2026,21:12:31.778,22.888,14.2,4099.7,86,
31.8.2026,21:12:31.986,22.888,14.2,4099.7,86,
31.8.2026,21:12:32.192,22.888,14.2,4099.7,86,
31.8.2026,21:12:32.397,22.888,14.2,4099.7,86,
31.8.2026,21:12:32.603,22.888,14.2,4099.7,86,
31.8.2026,21:12:32.793,22.888,14.2,4099.7,86,
31.8.2026,21:12:32.999,22.888,14.2,4099.7,86,
31.8.2026,21:12:33.205,22.888,14.2,4099.7,86,
31.8.2026,21:12:33.412,22.888,14.2,4099.7,86,
31.8.2026,21:12:33.618,22.888,14.2,4099.7,86,
31.8.2026,21:12:33.823,22.888,14.2,4099.7,86,
31.8.2026,21:12:34.030,22.888,14.2,4099.7,86,
31.8.2026,21:12:34.235,22.888,14.2,4099.7,86,
31.8.2026,21:12:34.441,22.888,14.2,4099.7,86,
31.8.2026,21:12:34.648,22.888,14.2,4099.7,86,
31.8.2026,21:12:34.853,22.888,14.2,4099.7,86,
31.8.2026,21:12:35.060,22.888,14.2,4099.7,86,
31.8.2026,21:12:35.267,22.888,14.2,4099.7,86,
31.8.2026,21:12:35.472,22.888,14.2,4099.7,86,
31.8.2026,21:12:35.679,22.888,14.2,4099.7,86,
31.8.2026,21:12:35.886,22.661,35.0,4199.7,87,
31.8.2026,21:12:36.091,22.661,35.0,4199.7,87,
31.8.2026,21:12:36.298,22.661,35.0,4199.7,87,
31.8.2026,21:12:36.504,22.661,35.0,4199.7,87,
31.8.2026,21:12:36.710,22.661,35.0,4199.7,87,
31.8.2026,21:12:36.916,22.661,35.0,4199.7,87,
31.8.2026,21:12:37.122,22.661,35.0,4199.7,87,
31.8.2026,21:12:37.327,22.661,35.0,4199.7,87,
31.8.2026,21:12:37.533,22.661,35.0,4199.7,87,
31.8.2026,21:12:37.738,22.661,35.0,4199.7,87,
31.8.2026,21:12:37.944,22.661,35.0,4199.7,87,
31.8.2026,21:12:38.148,22.661,35.0,4199.7,87,
31.8.2026,21:12:38.354,22.661,35.0,4199.7,87,
31.8.2026,21:12:38.559,22.661,35.0,4199.7,87,
31.8.2026,21:12:38.766,22.661,35.0,4199.7,87,
31.8.2026,21:12:38.973,22.661,35.0,4199.7,87,
31.8.2026,21:12:39.180,22.661,35.0,4199.7,87,
31.8.2026,21:12:39.386,22.661,35.0,4199.7,87,
31.8.2026,21:12:39.592,22.661,35.0,4199.7,87,
31.8.2026,21:12:39.798,22.661,35.0,4199.7,87,
31.8.2026,21:12:40.004,22.630,35.0,4199.7,87,
31.8.2026,21:12:40.210,22.630,35.0,4199.7,87,
31.8.2026,21:12:40.416,22.630,35.0,4199.7,87,
31.8.2026,21:12:40.609,22.630,35.0,4199.7,87,
31.8.2026,21:12:40.813,22.630,35.0,4199.7,87,
31.8.2026,21:12:41.020,22.630,35.0,4199.7,87,
31.8.2026,21:12:41.224,22.630,35.0,4199.7,87,
31.8.2026,21:12:41.432,22.630,35.0,4199.7,87,
31.8.2026,21:12:41.635,22.630,35.0,4199.7,87,
31.8.2026,21:12:41.841,22.630,35.0,4199.7,87,
31.8.2026,21:12:42.046,22.630,35.0,4199.7,87,
31.8.2026,21:12:42.253,22.630,35.0,4199.7,87,
31.8.2026,21:12:42.459,22.630,35.0,4199.7,87,
31.8.2026,21:12:42.665,22.630,35.0,4199.7,87,
31.8.2026,21:12:42.858,22.630,35.0,4199.7,87,
31.8.2026,21:12:43.065,22.630,35.0,4199.7,87,
31.8.2026,21:12:43.269,22.630,35.0,4199.7,87,
31.8.2026,21:12:43.474,22.630,35.0,4199.7,87,
31.8.2026,21:12:43.681,22.630,35.0,4199.7,87,
31.8.2026,21:12:43.873,22.630,35.0,4199.7,87,
31.8.2026,21:12:44.077,22.630,35.0,4199.7,87,
31.8.2026,21:12:44.286,22.630,35.0,4199.7,87,
31.8.2026,21:12:44.490,22.630,35.0,4199.7,87,
31.8.2026,21:12:44.697,22.630,35.0,4199.7,87,
31.8.2026,21:12:44.886,22.630,35.0,4199.7,87,
31.8.2026,21:12:45.093,22.630,35.0,4199.7,87,
31.8.2026,21:12:45.298,22.630,35.0,4199.7,87,
31.8.2026,21:12:45.506,22.630,35.0,4199.7,87,
31.8.2026,21:12:45.710,22.630,15.6,4099.7,86,
31.8.2026,21:12:45.901,22.630,15.6,4099.7,86,
31.8.2026,21:12:46.107,22.630,15.6,4099.7,86,
31.8.2026,21:12:46.313,22.630,15.6,4099.7,86,
31.8.2026,21:12:46.519,22.630,15.6,4099.7,86,
31.8.2026,21:12:46.725,22.630,15.6,4099.7,86,
31.8.2026,21:12:46.932,22.630,15.6,4099.7,86,
31.8.2026,21:12:47.137,22.630,15.6,4099.7,86,
31.8.2026,21:12:47.343,22.630,15.6,4099.7,86,
31.8.2026,21:12:47.549,22.630,15.6,4099.7,86,
31.8.2026,21:12:47.754,22.630,15.6,4099.7,86,
31.8.2026,21:12:47.961,22.630,15.6,4099.7,86,
31.8.2026,21:12:48.165,22.630,15.6,4099.7,86,
31.8.2026,21:12:48.355,22.630,15.6,4099.7,86,
31.8.2026,21:12:48.561,22.630,15.6,4099.7,86,
31.8.2026,21:12:48.768,22.630,15.6,4099.7,86,
31.8.2026,21:12:48.977,22.463,15.6,4099.7,86,
31.8.2026,21:12:49.182,22.463,15.6,4099.7,86,
31.8.2026,21:12:49.388,22.463,15.6,4099.7,86,
31.8.2026,21:12:49.597,22.463,15.6,4099.7,86,
31.8.2026,21:12:49.799,22.463,15.6,4099.7,86,
31.8.2026,21:12:50.005,22.463,15.6,4099.7,86,
31.8.2026,21:12:50.211,22.463,15.6,4099.7,86,
31.8.2026,21:12:50.416,22.463,15.6,4099.7,86,
31.8.2026,21:12:50.622,22.463,15.6,4099.7,86,
31.8.2026,21:12:50.828,22.463,15.6,4099.7,86,
31.8.2026,21:12:51.034,22.463,15.6,4099.7,86,
31.8.2026,21:12:51.239,22.463,15.6,4099.7,86,
31.8.2026,21:12:51.445,22.463,15.6,4099.7,86,
31.8.2026,21:12:51.651,22.463,15.6,4099.7,86,
31.8.2026,21:12:51.857,22.463,15.6,4099.7,86,
31.8.2026,21:12:52.063,22.463,15.6,4099.7,86,
31.8.2026,21:12:52.268,22.463,15.6,4099.7,86,
31.8.2026,21:12:52.474,22.463,15.6,4099.7,86,
31.8.2026,21:12:52.680,22.463,15.6,4099.7,86,
31.8.2026,21:12:52.872,22.463,15.6,4099.7,86,
31.8.2026,21:12:53.076,22.463,15.6,4099.7,86,
31.8.2026,21:12:53.281,22.463,15.6,4099.7,86,
31.8.2026,21:12:53.486,22.463,15.6,4099.7,86,
31.8.2026,21:12:53.693,22.463,15.6,4099.7,86,
31.8.2026,21:12:53.898,22.463,15.6,4099.7,86,
31.8.2026,21:12:54.091,22.463,15.6,4099.7,86,
31.8.2026,21:12:54.297,22.463,15.6,4099.7,86,
31.8.2026,21:12:54.502,22.463,15.6,4099.7,86,
31.8.2026,21:12:54.709,22.463,15.6,4099.7,86,
31.8.2026,21:12:54.914,22.463,15.6,4099.7,86,
31.8.2026,21:12:55.104,22.463,15.6,4099.7,86,
31.8.2026,21:12:55.311,22.463,18.4,4099.7,86,
31.8.2026,21:12:55.517,22.463,18.4,4099.7,86,
31.8.2026,21:12:55.723,22.463,18.4,4099.7,86,
31.8.2026,21:12:55.928,22.463,18.4,4099.7,86,
31.8.2026,21:12:56.134,22.463,18.4,4099.7,86,
31.8.2026,21:12:56.323,22.463,18.4,4099.7,86,
31.8.2026,21:12:56.528,22.463,18.4,4099.7,86,
31.8.2026,21:12:56.735,22.463,18.4,4099.7,86,
31.8.2026,21:12:56.942,22.463,18.4,4099.7,86,
31.8.2026,21:12:57.150,22.463,18.4,4099.7,86,
31.8.2026,21:12:57.339,22.463,18.4,4099.7,86,
31.8.2026,21:12:57.545,22.463,18.4,4099.7,86,
31.8.2026,21:12:57.750,22.463,18.4,4099.7,86,
31.8.2026,21:12:57.957,22.463,18.4,4099.7,86,
31.8.2026,21:12:58.163,22.463,18.4,4099.7,86,
31.8.2026,21:12:58.369,22.463,18.4,4099.7,86,
31.8.2026,21:12:58.558,22.463,18.4,4099.7,86,
31.8.2026,21:12:58.764,22.463,18.4,4099.7,86,
31.8.2026,21:12:58.970,22.463,18.4,4099.7,86,
31.8.2026,21:12:59.176,22.463,18.4,4099.7,86,
31.8.2026,21:12:59.385,22.463,18.4,4099.7,86,
31.8.2026,21:12:59.573,22.463,18.4,4099.7,86,
31.8.2026,21:12:59.780,22.463,18.4,4099.7,86,
31.8.2026,21:12:59.983,22.463,18.4,4099.7,86,
31.8.2026,21:13:0.191,22.463,58.3,4199.7,87,
31.8.2026,21:13:0.395,22.391,58.3,4199.7,87,
31.8.2026,21:13:0.600,22.391,58.3,4199.7,87,
31.8.2026,21:13:0.806,22.391,58.3,4199.7,87,
31.8.2026,21:13:0.999,22.391,58.3,4199.7,87,
31.8.2026,21:13:1.204,22.391,58.3,4199.7,87,
31.8.2026,21:13:1.411,22.391,58.3,4199.7,87,
31.8.2026,21:13:1.617,22.651,58.3,4199.7,87,
31.8.2026,21:13:1.823,22.651,58.3,4199.7,87,
31.8.2026,21:13:2.030,22.651,58.3,4199.7,87,
31.8.2026,21:13:2.237,22.651,58.3,4199.7,87,
31.8.2026,21:13:2.444,22.651,58.3,4199.7,87,
31.8.2026,21:13:2.650,22.651,58.3,4199.7,87,
31.8.2026,21:13:2.856,22.651,58.3,4199.7,87,
31.8.2026,21:13:3.065,22.651,58.3,4199.7,87,
31.8.2026,21:13:3.269,22.651,58.3,4199.7,87,
31.8.2026,21:13:3.477,22.651,58.3,4199.7,87,
31.8.2026,21:13:3.680,22.651,58.3,4199.7,87,
31.8.2026,21:13:3.873,22.651,58.3,4199.7,87,
31.8.2026,21:13:4.077,22.651,58.3,4199.7,87,
31.8.2026,21:13:4.285,22.651,58.3,4199.7,87,
31.8.2026,21:13:4.489,22.651,58.3,4199.7,87,
31.8.2026,21:13:4.696,22.651,58.3,4199.7,87,
31.8.2026,21:13:4.902,22.651,58.3,4199.7,87,
31.8.2026,21:13:5.109,22.651,58.3,4199.7,87,
31.8.2026,21:13:5.314,22.651,58.3,4199.7,87,
31.8.2026,21:13:5.521,22.651,58.3,4199.7,87,
31.8.2026,21:13:5.725,22.651,58.3,4199.7,87,
31.8.2026,21:13:5.933,22.651,58.3,4199.7,87,
31.8.2026,21:13:6.138,22.651,58.3,4199.7,87,
31.8.2026,21:13:6.345,22.651,58.3,4199.7,87,
31.8.2026,21:13:6.552,22.651,58.3,4199.7,87,
31.8.2026,21:13:6.759,22.651,84.1,4099.7,65,
31.8.2026,21:13:6.953,22.326,9.9,4099.7,50,
31.8.2026,21:13:7.161,8.998,2.3,4699.7,51,
31.8.2026,21:13:7.370,8.398,4.1,4099.7,49,
31.8.2026,21:13:7.567,8.066,6.3,4699.7,50,
31.8.2026,21:13:7.771,8.521,5.2,4699.7,50,
31.8.2026,21:13:7.964,8.697,6.0,4699.7,50,
31.8.2026,21:13:8.173,8.130,4.7,4099.7,50,
31.8.2026,21:13:8.379,8.671,5.0,4699.7,49,
31.8.2026,21:13:8.590,8.291,7.5,4699.7,49,
31.8.2026,21:13:8.797,8.225,3.0,4699.7,49,
31.8.2026,21:13:9.004,7.982,2.9,4699.7,49,
31.8.2026,21:13:9.213,8.357,3.0,4699.7,49,
31.8.2026,21:13:9.404,8.094,3.0,4699.7,49,
31.8.2026,21:13:9.614,8.194,12.1,4099.7,49,
31.8.2026,21:13:9.828,8.309,4.0,4699.7,49,
31.8.2026,21:13:10.035,8.414,3.1,4699.7,49,
31.8.2026,21:13:10.242,8.479,6.5,4699.7,49,
31.8.2026,21:13:10.435,8.688,6.5,4699.7,49,
31.8.2026,21:13:10.647,8.262,10.2,4099.7,48,
31.8.2026,21:13:10.853,8.144,1.9,4099.7,48,
31.8.2026,21:13:11.048,8.144,5.8,4099.7,48,
31.8.2026,21:13:11.254,8.044,8.1,4099.7,77,
31.8.2026,21:13:11.462,9.117,4.6,4099.7,77,
31.8.2026,21:13:11.656,8.049,2.7,4099.7,77,
31.8.2026,21:13:11.863,8.468,7.3,4099.7,71,
31.8.2026,21:13:12.073,8.884,2.8,4099.7,71,
31.8.2026,21:13:12.268,7.946,10.6,3699.8,55,
31.8.2026,21:13:12.475,8.543,3.6,4699.7,54,
31.8.2026,21:13:12.680,7.346,5.8,3599.8,49,
31.8.2026,21:13:12.872,8.515,3.7,4099.7,50,
31.8.2026,21:13:13.081,8.368,8.6,4699.7,47,
31.8.2026,21:13:13.288,8.303,3.8,4699.7,49,
31.8.2026,21:13:13.495,7.881,3.9,4699.7,48,
31.8.2026,21:13:13.705,7.904,7.1,4699.7,49,
31.8.2026,21:13:13.906,7.847,3.4,4699.7,49,
31.8.2026,21:13:14.122,7.715,4.9,4099.7,46,
31.8.2026,21:13:14.328,7.787,5.9,4699.7,52,
31.8.2026,21:13:14.541,8.850,7.8,4099.7,55,
31.8.2026,21:13:14.737,8.366,2.2,4699.7,52,
31.8.2026,21:13:14.944,8.365,5.6,4099.7,49,
31.8.2026,21:13:15.138,8.167,3.7,4099.7,46,
31.8.2026,21:13:15.344,8.308,7.8,4699.7,47,
31.8.2026,21:13:15.551,8.268,2.2,4099.7,48,
31.8.2026,21:13:15.762,7.981,3.7,4099.7,48,
31.8.2026,21:13:15.969,8.107,7.7,4699.7,47,
31.8.2026,21:13:16.176,8.049,3.6,4099.7,45,
31.8.2026,21:13:16.385,8.206,3.7,4099.7,48,
31.8.2026,21:13:16.582,8.687,5.8,4699.7,47,
31.8.2026,21:13:16.790,7.927,3.6,4699.7,46,
31.8.2026,21:13:16.982,8.147,5.1,4699.7,46,
31.8.2026,21:13:17.190,8.140,4.0,4699.7,46,
31.8.2026,21:13:17.400,8.139,5.7,4699.7,46,
31.8.2026,21:13:17.604,8.029,3.0,4699.7,46,
31.8.2026,21:13:17.812,7.933,8.1,4699.7,45,
31.8.2026,21:13:18.024,8.318,4.9,4099.7,47,
31.8.2026,21:13:18.215,7.962,7.1,4099.7,46,
31.8.2026,21:13:18.423,7.648,2.2,4699.7,45,
31.8.2026,21:13:18.630,8.688,9.0,4099.7,46,
31.8.2026,21:13:18.827,8.251,2.9,4699.7,49,
31.8.2026,21:13:19.037,8.004,7.2,999.9,46,
31.8.2026,21:13:19.250,8.166,4.0,4099.7,45,
31.8.2026,21:13:19.455,7.766,3.9,4699.7,46,
31.8.2026,21:13:19.667,8.975,3.5,4699.7,44,
31.8.2026,21:13:19.856,9.338,10.5,4099.7,45,
31.8.2026,21:13:20.064,8.743,5.5,4099.7,45,
31.8.2026,21:13:20.275,10.064,2.6,4099.7,44,
31.8.2026,21:13:20.465,9.217,9.4,4099.7,46,
31.8.2026,21:13:20.682,9.200,4.3,4099.7,45,
31.8.2026,21:13:20.872,8.270,4.7,4699.7,45,
31.8.2026,21:13:21.083,8.066,4.9,4099.7,45,
31.8.2026,21:13:21.289,8.254,5.2,4099.7,45,
31.8.2026,21:13:21.480,7.934,9.4,4099.7,46,
31.8.2026,21:13:21.690,8.389,2.4,4099.7,46,
31.8.2026,21:13:21.897,8.052,1.9,4099.7,45,
31.8.2026,21:13:22.088,8.001,7.7,4099.7,45,
31.8.2026,21:13:22.295,8.884,2.5,4699.7,45,
31.8.2026,21:13:22.505,8.281,6.4,4699.7,44,
31.8.2026,21:13:22.699,8.281,6.5,4099.7,44,
31.8.2026,21:13:22.906,8.275,3.3,4699.7,44,
31.8.2026,21:13:23.113,8.595,1.9,4699.7,44,
31.8.2026,21:13:23.324,7.973,8.9,4699.7,44,
31.8.2026,21:13:23.537,7.954,4.0,4699.7,44,
31.8.2026,21:13:23.742,7.810,3.7,4099.7,44,
31.8.2026,21:13:23.952,7.842,7.7,3399.8,45,
31.8.2026,21:13:24.158,7.574,3.8,4699.7,43,
31.8.2026,21:13:24.367,7.994,4.7,4699.7,44,
31.8.2026,21:13:24.573,9.074,2.5,4699.7,43,
31.8.2026,21:13:24.763,8.025,2.5,4699.7,43,
31.8.2026,21:13:24.973,8.200,10.9,4699.7,44,
31.8.2026,21:13:25.169,7.941,2.2,4099.7,43,
31.8.2026,21:13:25.374,8.128,9.8,4099.7,42,
31.8.2026,21:13:25.580,7.704,4.4,4099.7,43,
31.8.2026,21:13:25.791,8.610,0.9,4099.7,43,
31.8.2026,21:13:25.979,8.206,4.8,4099.7,44,
31.8.2026,21:13:26.189,9.945,11.5,4099.7,71,
31.8.2026,21:13:26.401,8.543,3.3,4699.7,72,
31.8.2026,21:13:26.591,9.564,5.5,4699.7,69,
31.8.2026,21:13:26.800,8.729,10.7,4099.7,64,
31.8.2026,21:13:27.005,10.748,7.7,4699.7,73,
31.8.2026,21:13:27.213,8.711,4.9,4699.7,69,
31.8.2026,21:13:27.406,8.137,8.5,4699.7,74,
31.8.2026,21:13:27.611,8.566,3.6,4099.7,47,
31.8.2026,21:13:27.823,8.244,5.5,4699.7,49,
31.8.2026,21:13:28.017,8.108,6.4,4099.7,47,
31.8.2026,21:13:28.224,7.988,1.1,4099.7,46,
31.8.2026,21:13:28.433,8.814,3.0,4099.7,45,
31.8.2026,21:13:28.642,8.228,10.4,4099.7,47,
31.8.2026,21:13:28.848,8.104,4.1,4099.7,42,
31.8.2026,21:13:29.055,7.964,3.4,4699.7,45,
31.8.2026,21:13:29.250,7.781,7.5,4699.7,44,
31.8.2026,21:13:29.458,8.100,4.0,4699.7,43,
31.8.2026,21:13:29.667,7.939,4.4,4699.7,43,
31.8.2026,21:13:29.856,7.663,9.2,4099.7,43,
31.8.2026,21:13:30.068,8.215,3.4,4099.7,43,
31.8.2026,21:13:30.274,9.646,4.1,4699.7,43,
31.8.2026,21:13:30.466,10.722,8.8,4699.7,43,
31.8.2026,21:13:30.670,9.068,6.1,4099.7,44,
31.8.2026,21:13:30.878,9.827,5.5,4099.7,43,
31.8.2026,21:13:31.091,9.605,5.7,4699.7,42,
31.8.2026,21:13:31.297,9.972,7.4,4099.7,42,
31.8.2026,21:13:31.506,10.054,5.0,4099.7,44,
31.8.2026,21:13:31.702,9.885,7.9,4699.7,43,
31.8.2026,21:13:31.907,8.215,2.6,4099.7,43,
31.8.2026,21:13:32.113,8.108,3.4,4699.7,42,
31.8.2026,21:13:32.321,14.312,11.6,4099.7,61,
31.8.2026,21:13:32.511,20.995,25.5,4099.7,44,
31.8.2026,21:13:32.718,8.440,7.3,4699.7,44,
31.8.2026,21:13:32.927,8.852,5.0,4099.7,43,
31.8.2026,21:13:33.132,8.760,3.6,4699.7,42,
31.8.2026,21:13:33.326,10.636,13.5,4099.7,43,
31.8.2026,21:13:33.531,10.218,8.1,4099.7,42,
31.8.2026,21:13:33.752,9.468,4.1,4699.7,43,
31.8.2026,21:13:33.957,8.202,5.7,4699.7,44,
31.8.2026,21:13:34.165,8.685,5.5,4699.7,43,
31.8.2026,21:13:34.357,8.082,7.9,4699.7,42,
31.8.2026,21:13:34.562,9.191,4.5,3399.8,43,
31.8.2026,21:13:34.773,8.237,6.4,4099.7,43,
31.8.2026,21:13:34.980,15.417,9.1,4699.7,43,
31.8.2026,21:13:35.190,8.218,8.7,4699.7,44,
31.8.2026,21:13:35.396,8.444,5.8,4099.7,43,
31.8.2026,21:13:35.604,11.029,7.6,4099.7,52,
31.8.2026,21:13:35.792,11.029,19.8,3799.7,45,
31.8.2026,21:13:35.998,21.989,13.1,4699.7,43,
31.8.2026,21:13:36.206,8.197,9.6,4699.7,61,
31.8.2026,21:13:36.411,11.709,17.3,4699.7,60,
31.8.2026,21:13:36.618,20.708,6.6,4699.7,43,
31.8.2026,21:13:36.810,10.131,6.4,4699.7,43,
31.8.2026,21:13:37.018,8.420,13.4,4099.7,54,
31.8.2026,21:13:37.227,13.265,19.0,4099.7,55,
31.8.2026,21:13:37.430,19.003,18.1,3999.7,50,
31.8.2026,21:13:37.620,19.974,38.4,4099.7,61,
31.8.2026,21:13:37.827,25.807,24.9,4099.7,60,
31.8.2026,21:13:38.034,24.721,16.4,3499.8,67,
31.8.2026,21:13:38.242,19.455,20.1,4099.7,46,
31.8.2026,21:13:38.447,15.264,6.6,4099.7,44,
31.8.2026,21:13:38.639,9.029,9.7,4099.7,44,
31.8.2026,21:13:38.848,8.632,2.6,4699.7,44,
31.8.2026,21:13:39.058,8.322,6.6,4099.7,48,
31.8.2026,21:13:39.264,10.100,13.8,4099.7,52,
31.8.2026,21:13:39.471,12.489,33.2,4099.7,52,
31.8.2026,21:13:39.679,20.690,5.3,4099.7,44,
31.8.2026,21:13:39.886,10.412,7.9,4099.7,43,
31.8.2026,21:13:40.092,8.267,6.7,4099.7,44,
31.8.2026,21:13:40.298,8.998,6.5,4099.7,43,
31.8.2026,21:13:40.506,8.814,6.9,3899.7,46,
31.8.2026,21:13:40.713,11.036,3.3,4699.7,42,
31.8.2026,21:13:40.920,8.841,10.6,4099.7,43,
31.8.2026,21:13:41.128,8.355,3.1,4099.7,44,
31.8.2026,21:13:41.334,8.333,3.8,4099.7,43,
31.8.2026,21:13:41.544,8.353,5.4,4099.7,43,
31.8.2026,21:13:41.749,8.978,8.5,4099.7,43,
31.8.2026,21:13:41.957,8.336,2.6,4099.7,44,
31.8.2026,21:13:42.165,8.575,4.3,4099.7,43,
31.8.2026,21:13:42.359,8.602,9.2,4699.7,44,
31.8.2026,21:13:42.564,8.238,4.9,4099.7,43,
31.8.2026,21:13:42.772,9.032,2.8,4699.7,43,
31.8.2026,21:13:42.981,8.134,7.7,4099.7,44,
31.8.2026,21:13:43.187,8.309,4.5,4099.7,44,
31.8.2026,21:13:43.393,8.244,4.2,4099.7,43,
31.8.2026,21:13:43.600,8.525,8.9,2599.8,65,
31.8.2026,21:13:43.806,12.477,21.8,4099.7,51,
31.8.2026,21:13:43.998,20.744,17.8,4699.7,61,
31.8.2026,21:13:44.207,17.143,17.6,4099.7,62,
31.8.2026,21:13:44.411,19.518,6.5,4099.7,44,
31.8.2026,21:13:44.619,10.018,4.4,4099.7,44,
31.8.2026,21:13:44.828,9.173,7.1,4699.7,63,
31.8.2026,21:13:45.041,9.145,6.9,4099.7,44,
31.8.2026,21:13:45.231,9.674,8.3,4699.7,44,
31.8.2026,21:13:45.440,8.365,3.9,4099.7,43,
31.8.2026,21:13:45.645,8.269,10.1,4099.7,71,
31.8.2026,21:13:45.851,13.649,20.0,4099.7,55,
31.8.2026,21:13:46.042,19.065,20.0,4099.7,55,
31.8.2026,21:13:46.252,14.855,18.9,4099.7,44,
31.8.2026,21:13:46.458,8.537,3.1,4699.7,44,
31.8.2026,21:13:46.665,8.658,7.4,4699.7,43,
31.8.2026,21:13:46.858,9.354,5.5,4699.7,44,
31.8.2026,21:13:47.064,9.277,9.4,4099.7,76,
31.8.2026,21:13:47.271,12.442,9.9,4299.7,76,
31.8.2026,21:13:47.478,17.787,24.1,4099.7,75,
31.8.2026,21:13:47.672,8.177,3.8,4699.7,76,
31.8.2026,21:13:47.877,10.454,13.0,4099.7,77,
31.8.2026,21:13:48.086,8.256,3.0,4099.7,66,
31.8.2026,21:13:48.278,8.266,2.4,4299.7,63,
31.8.2026,21:13:48.486,9.118,9.0,4699.7,50,
31.8.2026,21:13:48.692,8.190,5.6,4099.7,45,
31.8.2026,21:13:48.908,9.020,2.8,4699.7,49,
31.8.2026,21:13:49.115,7.989,5.1,4099.7,52,
31.8.2026,21:13:49.323,8.026,6.2,4099.7,46,
31.8.2026,21:13:49.532,8.175,11.3,4099.7,47,
31.8.2026,21:13:49.736,8.955,3.3,3699.8,49,
31.8.2026,21:13:49.943,8.484,3.2,4099.7,51,
31.8.2026,21:13:50.150,8.192,4.5,4699.7,51,
31.8.2026,21:13:50.342,8.032,8.6,4099.7,46,
31.8.2026,21:13:50.549,8.160,3.0,4699.7,46,
31.8.2026,21:13:50.756,9.134,5.5,4099.7,47,
31.8.2026,21:13:50.964,9.548,3.2,4699.7,44,
31.8.2026,21:13:51.154,7.923,6.4,4699.7,43,
31.8.2026,21:13:51.360,8.146,5.6,4099.7,45,
31.8.2026,21:13:51.570,8.459,3.8,4099.7,45,
31.8.2026,21:13:51.776,8.698,4.6,4699.7,44,
31.8.2026,21:13:51.983,8.454,8.0,4099.7,44,
31.8.2026,21:13:52.192,7.970,4.3,4099.7,43,
31.8.2026,21:13:52.398,8.314,4.9,4099.7,44,
31.8.2026,21:13:52.592,8.314,6.5,4099.7,44,
31.8.2026,21:13:52.805,7.978,6.0,4099.7,43,
31.8.2026,21:13:53.009,9.109,3.3,4099.7,43,
31.8.2026,21:13:53.201,8.273,6.0,4099.7,42,
31.8.2026,21:13:53.410,8.517,5.4,4699.7,43,
31.8.2026,21:13:53.619,8.165,5.2,4699.7,43,
31.8.2026,21:13:53.826,8.325,9.5,4699.7,43,
31.8.2026,21:13:54.034,9.084,4.0,4699.7,42,
31.8.2026,21:13:54.240,8.065,4.6,4099.7,43,
31.8.2026,21:13:54.448,8.292,1.1,4699.7,42,
31.8.2026,21:13:54.638,8.183,10.1,4699.7,44,
31.8.2026,21:13:54.845,8.176,10.2,4699.7,53,
31.8.2026,21:13:55.051,12.625,22.8,4099.7,47,
31.8.2026,21:13:55.257,19.774,18.1,4099.7,49,
31.8.2026,21:13:55.462,19.080,16.8,500.0,61,
31.8.2026,21:13:55.652,15.206,28.6,4099.7,58,
31.8.2026,21:13:55.857,21.594,30.0,4099.7,53,
31.8.2026,21:13:56.063,20.765,16.1,4099.7,57,
31.8.2026,21:13:56.272,19.058,22.0,4099.7,52,
31.8.2026,21:13:56.478,20.060,23.7,4099.7,51,
31.8.2026,21:13:56.681,20.371,21.1,4099.7,66,
31.8.2026,21:13:56.889,20.474,27.1,3599.8,62,
31.8.2026,21:13:57.094,20.693,24.0,3899.7,60,
31.8.2026,21:13:57.303,19.866,20.1,4699.7,69,
31.8.2026,21:13:57.520,21.409,20.3,4099.7,55,
31.8.2026,21:13:57.713,19.377,23.3,4099.7,77,
31.8.2026,21:13:57.902,22.791,23.7,4099.7,89,
31.8.2026,21:13:58.108,22.050,17.4,500.0,81,
31.8.2026,21:13:58.317,22.215,15.4,999.9,58,
31.8.2026,21:13:58.521,21.785,16.3,4099.7,79,
31.8.2026,21:13:58.727,22.631,29.3,4099.7,68,
31.8.2026,21:13:58.933,24.303,30.5,4699.7,55,
31.8.2026,21:13:59.121,24.843,21.9,4699.7,60,
31.8.2026,21:13:59.326,20.667,16.7,3899.7,59,
31.8.2026,21:13:59.533,21.352,15.4,4099.7,64,
31.8.2026,21:13:59.736,20.607,18.9,4099.7,62,
31.8.2026,21:13:59.942,20.590,18.0,4099.7,61,
31.8.2026,21:14:0.146,21.410,19.1,4699.7,65,
31.8.2026,21:14:0.349,21.887,15.4,4699.7,54,
31.8.2026,21:14:0.554,19.492,19.0,4099.7,61,
31.8.2026,21:14:0.744,21.950,20.2,4699.7,65,
31.8.2026,21:14:0.950,20.170,18.5,4699.7,63,
31.8.2026,21:14:1.155,21.946,19.0,4099.7,69,
31.8.2026,21:14:1.361,21.880,16.3,4099.7,67,
31.8.2026,21:14:1.567,21.010,16.6,4099.7,62,
31.8.2026,21:14:1.773,21.108,18.6,4099.7,51,
31.8.2026,21:14:1.965,19.212,20.7,4099.7,46,
31.8.2026,21:14:2.170,15.154,3.6,4699.7,46,
31.8.2026,21:14:2.377,8.998,17.7,4099.7,50,
31.8.2026,21:14:2.582,16.917,19.6,4099.7,66,
31.8.2026,21:14:2.790,19.977,8.0,4699.7,49,
31.8.2026,21:14:2.982,11.193,7.4,4699.7,46,
31.8.2026,21:14:3.187,8.748,6.3,4099.7,46,
31.8.2026,21:14:3.394,8.782,3.7,4699.7,45,
31.8.2026,21:14:3.602,8.759,3.4,4699.7,45,
31.8.2026,21:14:3.794,8.668,3.4,4699.7,45,
31.8.2026,21:14:4.001,9.650,10.1,4099.7,46,
31.8.2026,21:14:4.208,8.945,2.7,4099.7,45,
31.8.2026,21:14:4.417,8.728,6.1,4099.7,45,
31.8.2026,21:14:4.614,8.647,3.7,4099.7,44,
31.8.2026,21:14:4.818,8.373,8.9,4099.7,45,
31.8.2026,21:14:5.025,9.522,6.3,4099.7,45,
31.8.2026,21:14:5.235,8.506,10.4,4099.7,45,
31.8.2026,21:14:5.441,8.150,6.6,4099.7,44,
31.8.2026,21:14:5.648,8.168,2.6,500.0,44,
31.8.2026,21:14:5.839,8.188,1.4,4099.7,44,
31.8.2026,21:14:6.048,9.951,13.0,4099.7,77,
31.8.2026,21:14:6.256,8.073,4.0,4099.7,77,
31.8.2026,21:14:6.463,8.413,3.6,4099.7,78,
31.8.2026,21:14:6.672,8.309,7.5,4099.7,73,
31.8.2026,21:14:6.878,7.769,5.5,4099.7,78,
31.8.2026,21:14:7.085,7.769,5.5,4099.7,78,
31.8.2026,21:14:7.293,23.217,5.5,4099.7,78,
31.8.2026,21:14:7.498,23.217,5.5,4099.7,78,
31.8.2026,21:14:7.705,23.217,5.5,4099.7,78,
31.8.2026,21:14:7.910,23.217,5.5,4099.7,78,
31.8.2026,21:14:8.117,23.217,5.5,4099.7,78,
31.8.2026,21:14:8.321,23.217,5.5,4099.7,78,
31.8.2026,21:14:8.511,23.217,5.5,4099.7,78,
31.8.2026,21:14:8.716,23.217,5.5,4099.7,78,
31.8.2026,21:14:8.923,23.217,5.5,4099.7,78,
31.8.2026,21:14:9.127,23.217,5.5,4099.7,78,
31.8.2026,21:14:9.334,23.217,5.5,4099.7,78,
31.8.2026,21:14:9.539,23.217,5.5,4099.7,78,
31.8.2026,21:14:9.747,23.217,5.5,4099.7,78,
31.8.2026,21:14:9.950,23.217,5.5,4099.7,78,
31.8.2026,21:14:10.158,23.217,5.5,4099.7,78,
31.8.2026,21:14:10.363,23.217,5.5,4099.7,78,
31.8.2026,21:14:10.570,23.217,5.5,4099.7,78,
31.8.2026,21:14:10.776,23.217,5.5,4099.7,78,
31.8.2026,21:14:10.982,23.217,5.5,4099.7,78,
31.8.2026,21:14:11.191,23.217,5.5,4099.7,78,
31.8.2026,21:14:11.395,23.217,5.5,4099.7,78,
31.8.2026,21:14:11.603,23.217,5.5,4099.7,78,
31.8.2026,21:14:11.808,23.217,5.5,4099.7,78,
31.8.2026,21:14:12.016,23.217,5.5,4099.7,78,
31.8.2026,21:14:12.219,23.217,5.5,4099.7,78,
31.8.2026,21:14:12.427,23.217,15.4,4299.7,87,
31.8.2026,21:14:12.630,23.217,15.4,4299.7,87,
31.8.2026,21:14:12.836,23.217,15.4,4299.7,87,
31.8.2026,21:14:13.042,23.217,15.4,4299.7,87,
31.8.2026,21:14:13.250,23.217,15.4,4299.7,87,
31.8.2026,21:14:13.452,23.217,15.4,4299.7,87,
31.8.2026,21:14:13.657,23.217,15.4,4299.7,87,
31.8.2026,21:14:13.864,23.217,15.4,4299.7,87,
31.8.2026,21:14:14.069,23.217,15.4,4299.7,87,
31.8.2026,21:14:14.276,23.217,15.4,4299.7,87,
31.8.2026,21:14:14.482,23.217,15.4,4299.7,87,
31.8.2026,21:14:14.688,23.217,15.4,4299.7,87,
31.8.2026,21:14:14.897,23.217,15.4,4299.7,87,
31.8.2026,21:14:15.101,23.217,15.4,4299.7,87,
31.8.2026,21:14:15.306,23.217,15.4,4299.7,87,
31.8.2026,21:14:15.497,23.217,15.4,4299.7,87,
31.8.2026,21:14:15.702,23.217,15.4,4299.7,87,
31.8.2026,21:14:15.908,23.217,15.4,4299.7,87,
31.8.2026,21:14:16.114,23.217,15.4,4299.7,87,
31.8.2026,21:14:16.319,23.217,15.4,4299.7,87,
31.8.2026,21:14:16.524,23.217,15.4,4299.7,87,
31.8.2026,21:14:16.714,23.217,15.4,4299.7,87,
31.8.2026,21:14:16.921,23.217,15.4,4299.7,87,
31.8.2026,21:14:17.127,23.217,15.4,4299.7,87,
31.8.2026,21:14:17.334,23.217,19.7,4099.7,82,
31.8.2026,21:14:17.541,24.413,19.7,4099.7,82,
31.8.2026,21:14:17.748,24.413,19.7,4099.7,82,
31.8.2026,21:14:17.954,24.413,19.7,4099.7,82,
31.8.2026,21:14:18.159,24.413,19.7,4099.7,82,
31.8.2026,21:14:18.366,24.413,19.7,4099.7,82,
31.8.2026,21:14:18.572,24.413,19.7,4099.7,82,
31.8.2026,21:14:18.761,24.413,19.7,4099.7,82,
31.8.2026,21:14:18.970,24.413,19.7,4099.7,82,
31.8.2026,21:14:19.177,24.413,19.7,4099.7,82,
31.8.2026,21:14:19.382,24.413,19.7,4099.7,82,
31.8.2026,21:14:19.590,24.413,19.7,4099.7,82,
31.8.2026,21:14:19.795,24.413,19.7,4099.7,82,
31.8.2026,21:14:20.001,24.413,19.7,4099.7,82,
31.8.2026,21:14:20.206,24.413,19.7,4099.7,82,
31.8.2026,21:14:20.413,24.413,19.7,4099.7,82,
31.8.2026,21:14:20.620,24.413,19.7,4099.7,82,
31.8.2026,21:14:20.826,24.413,19.7,4099.7,82,
31.8.2026,21:14:21.031,24.413,19.7,4099.7,82,
31.8.2026,21:14:21.238,24.413,19.7,4099.7,82,
31.8.2026,21:14:21.446,24.413,19.7,4099.7,82,
31.8.2026,21:14:21.651,24.413,19.7,4099.7,82,
31.8.2026,21:14:21.859,24.413,19.7,4099.7,82,
31.8.2026,21:14:22.064,24.413,23.6,4199.7,87,
31.8.2026,21:14:22.270,24.860,23.6,4199.7,87,
31.8.2026,21:14:22.478,24.860,23.6,4199.7,87,
31.8.2026,21:14:22.681,24.860,23.6,4199.7,87,
31.8.2026,21:14:22.871,24.860,23.6,4199.7,87,
31.8.2026,21:14:23.077,24.860,23.6,4199.7,87,
31.8.2026,21:14:23.285,24.860,23.6,4199.7,87,
31.8.2026,21:14:23.490,24.860,23.6,4199.7,87,
31.8.2026,21:14:23.696,24.860,23.6,4199.7,87,
31.8.2026,21:14:23.889,24.860,23.6,4199.7,87,
31.8.2026,21:14:24.094,24.860,23.6,4199.7,87,
31.8.2026,21:14:24.300,24.860,23.6,4199.7,87,
31.8.2026,21:14:24.506,24.860,23.6,4199.7,87,
31.8.2026,21:14:24.712,24.860,23.6,4199.7,87,
31.8.2026,21:14:24.905,24.860,23.6,4199.7,87,
31.8.2026,21:14:25.109,24.860,23.6,4199.7,87,
31.8.2026,21:14:25.316,24.860,23.6,4199.7,87,
31.8.2026,21:14:25.522,24.860,23.6,4199.7,87,
31.8.2026,21:14:25.728,24.860,23.6,4199.7,87,
31.8.2026,21:14:25.919,22.611,23.6,4199.7,87,
31.8.2026,21:14:26.124,22.611,23.6,4199.7,87,
31.8.2026,21:14:26.330,22.611,23.6,4199.7,87,
31.8.2026,21:14:26.537,22.611,23.6,4199.7,87,
31.8.2026,21:14:26.743,22.611,23.6,4199.7,87,
31.8.2026,21:14:26.933,22.611,23.6,4199.7,87,
31.8.2026,21:14:27.138,22.611,23.6,4199.7,87,
31.8.2026,21:14:27.345,22.611,23.6,4199.7,87,
31.8.2026,21:14:27.549,22.611,23.6,4199.7,87,
31.8.2026,21:14:27.756,22.611,23.6,4199.7,87,
31.8.2026,21:14:27.961,22.611,23.6,4199.7,87,
31.8.2026,21:14:28.152,22.611,23.6,4199.7,87,
31.8.2026,21:14:28.361,22.611,23.6,4199.7,87,
31.8.2026,21:14:28.565,22.611,23.6,4199.7,87,
31.8.2026,21:14:28.772,22.611,23.6,4199.7,87,
31.8.2026,21:14:28.976,22.611,23.6,4199.7,87,
31.8.2026,21:14:29.167,22.611,23.6,4199.7,87,
31.8.2026,21:14:29.375,22.611,23.6,4199.7,87,
31.8.2026,21:14:29.579,22.611,23.6,4199.7,87,
31.8.2026,21:14:29.787,22.611,23.6,4199.7,87,
31.8.2026,21:14:29.994,22.611,23.6,4199.7,87,
31.8.2026,21:14:30.197,22.611,23.6,4199.7,87,
31.8.2026,21:14:30.404,22.611,23.6,4199.7,87,
31.8.2026,21:14:30.609,22.611,23.6,4199.7,87,
31.8.2026,21:14:30.816,22.611,23.6,4199.7,87,
31.8.2026,21:14:31.022,22.611,23.6,4199.7,87,
31.8.2026,21:14:31.227,22.611,23.6,4199.7,87,
31.8.2026,21:14:31.417,22.611,16.2,4099.7,83,
31.8.2026,21:14:31.623,22.611,16.2,4099.7,83,
31.8.2026,21:14:31.828,22.611,16.2,4099.7,83,
31.8.2026,21:14:32.034,22.611,16.2,4099.7,83,
31.8.2026,21:14:32.241,22.611,16.2,4099.7,83,
31.8.2026,21:14:32.447,22.611,16.2,4099.7,83,
31.8.2026,21:14:32.653,22.611,16.2,4099.7,83,
31.8.2026,21:14:32.859,22.611,16.2,4099.7,83,
31.8.2026,21:14:33.065,22.611,16.2,4099.7,83,
31.8.2026,21:14:33.271,22.611,16.2,4099.7,83,
31.8.2026,21:14:33.477,22.611,16.2,4099.7,83,
31.8.2026,21:14:33.684,22.611,16.2,4099.7,83,
31.8.2026,21:14:33.891,22.611,16.2,4099.7,83,
31.8.2026,21:14:34.095,22.611,16.2,4099.7,83,
31.8.2026,21:14:34.303,22.611,16.2,4099.7,83,
31.8.2026,21:14:34.505,22.611,16.2,4099.7,83,
31.8.2026,21:14:34.711,22.611,16.2,4099.7,83,
31.8.2026,21:14:34.902,22.611,16.2,4099.7,83,
31.8.2026,21:14:35.110,22.611,16.2,4099.7,83,
31.8.2026,21:14:35.315,22.611,16.2,4099.7,83,
31.8.2026,21:14:35.524,22.611,16.2,4099.7,83,
31.8.2026,21:14:35.727,22.611,16.2,4099.7,83,
31.8.2026,21:14:35.919,22.611,16.2,4099.7,83,
31.8.2026,21:14:36.124,22.611,16.2,4099.7,83,
31.8.2026,21:14:36.330,23.064,29.9,4099.7,87,
31.8.2026,21:14:36.536,23.064,29.9,4099.7,87,
31.8.2026,21:14:36.742,23.064,29.9,4099.7,87,
31.8.2026,21:14:36.947,23.064,29.9,4099.7,87,
31.8.2026,21:14:37.153,23.064,29.9,4099.7,87,
31.8.2026,21:14:37.362,23.064,29.9,4099.7,87,
31.8.2026,21:14:37.565,23.064,29.9,4099.7,87,
31.8.2026,21:14:37.773,23.064,29.9,4099.7,87,
31.8.2026,21:14:37.977,23.064,29.9,4099.7,87,
31.8.2026,21:14:38.168,23.064,29.9,4099.7,87,
31.8.2026,21:14:38.375,23.064,29.9,4099.7,87,
31.8.2026,21:14:38.581,23.064,29.9,4099.7,87,
31.8.2026,21:14:38.785,23.064,29.9,4099.7,87,
31.8.2026,21:14:38.992,23.064,29.9,4099.7,87,
31.8.2026,21:14:39.199,23.064,29.9,4099.7,87,
31.8.2026,21:14:39.403,23.064,29.9,4099.7,87,
31.8.2026,21:14:39.610,23.064,29.9,4099.7,87,
31.8.2026,21:14:39.816,23.064,29.9,4099.7,87,
31.8.2026,21:14:40.023,23.064,29.9,4099.7,87,
31.8.2026,21:14:40.214,23.064,29.9,4099.7,87,
31.8.2026,21:14:40.419,23.064,29.9,4099.7,87,
31.8.2026,21:14:40.625,23.064,29.9,4099.7,87,
31.8.2026,21:14:40.831,23.064,29.9,4099.7,87,
31.8.2026,21:14:41.038,23.064,19.1,4199.7,87,
31.8.2026,21:14:41.246,23.374,19.1,4199.7,87,
31.8.2026,21:14:41.434,23.374,19.1,4199.7,87,
31.8.2026,21:14:41.641,23.374,19.1,4199.7,87,
31.8.2026,21:14:41.847,23.374,19.1,4199.7,87,
31.8.2026,21:14:42.052,23.374,19.1,4199.7,87,
31.8.2026,21:14:42.257,23.374,19.1,4199.7,87,
31.8.2026,21:14:42.463,23.374,19.1,4199.7,87,
31.8.2026,21:14:42.669,23.374,19.1,4199.7,87,
31.8.2026,21:14:42.876,23.374,19.1,4199.7,87,
31.8.2026,21:14:43.082,23.374,19.1,4199.7,87,
31.8.2026,21:14:43.288,23.374,19.1,4199.7,87,
31.8.2026,21:14:43.494,23.374,19.1,4199.7,87,
31.8.2026,21:14:43.684,23.374,19.1,4199.7,87,
31.8.2026,21:14:43.891,23.374,19.1,4199.7,87,
31.8.2026,21:14:44.099,23.374,19.1,4199.7,87,
31.8.2026,21:14:44.304,23.374,19.1,4199.7,87,
31.8.2026,21:14:44.513,23.374,19.1,4199.7,87,
31.8.2026,21:14:44.702,23.374,19.1,4199.7,87,
31.8.2026,21:14:44.905,23.374,19.1,4199.7,87,
31.8.2026,21:14:45.110,23.374,19.1,4199.7,87,
31.8.2026,21:14:45.318,23.374,19.1,4199.7,87,
31.8.2026,21:14:45.525,23.374,19.1,4199.7,87,
31.8.2026,21:14:45.718,23.374,28.2,4199.7,88,
31.8.2026,21:14:45.921,26.262,28.2,4199.7,88,
31.8.2026,21:14:46.128,26.262,28.2,4199.7,88,
31.8.2026,21:14:46.335,26.262,28.2,4199.7,88,
31.8.2026,21:14:46.542,26.262,28.2,4199.7,88,
31.8.2026,21:14:46.731,26.262,28.2,4199.7,88,
31.8.2026,21:14:46.938,26.262,28.2,4199.7,88,
31.8.2026,21:14:47.143,26.262,28.2,4199.7,88,
31.8.2026,21:14:47.348,26.262,28.2,4199.7,88,
31.8.2026,21:14:47.554,26.262,28.2,4199.7,88,
31.8.2026,21:14:47.760,26.262,28.2,4199.7,88,
31.8.2026,21:14:47.966,26.262,28.2,4199.7,88,
31.8.2026,21:14:48.173,26.262,28.2,4199.7,88,
31.8.2026,21:14:48.381,26.262,28.2,4199.7,88,
31.8.2026,21:14:48.586,26.262,28.2,4199.7,88,
31.8.2026,21:14:48.777,26.262,28.2,4199.7,88,
31.8.2026,21:14:48.981,26.262,28.2,4199.7,88,
31.8.2026,21:14:49.188,26.262,28.2,4199.7,88,
31.8.2026,21:14:49.395,26.262,28.2,4199.7,88,
31.8.2026,21:14:49.601,26.262,28.2,4199.7,88,
31.8.2026,21:14:49.792,26.262,28.2,4199.7,88,
31.8.2026,21:14:49.999,26.262,28.2,4199.7,88,
31.8.2026,21:14:50.204,26.262,28.2,4199.7,88,
31.8.2026,21:14:50.411,26.262,18.7,4099.7,87,
31.8.2026,21:14:50.617,22.765,18.7,4099.7,87,
31.8.2026,21:14:50.808,22.765,18.7,4099.7,87,
31.8.2026,21:14:51.015,22.765,18.7,4099.7,87,
31.8.2026,21:14:51.221,22.765,18.7,4099.7,87,
31.8.2026,21:14:51.440,22.765,18.7,4099.7,87,
31.8.2026,21:14:51.635,22.765,18.7,4099.7,87,
31.8.2026,21:14:51.824,22.765,18.7,4099.7,87,
31.8.2026,21:14:52.032,22.765,18.7,4099.7,87,
31.8.2026,21:14:52.236,22.765,18.7,4099.7,87,
31.8.2026,21:14:52.442,22.765,18.7,4099.7,87,
31.8.2026,21:14:52.649,22.765,18.7,4099.7,87,
31.8.2026,21:14:52.839,22.765,18.7,4099.7,87,
31.8.2026,21:14:53.045,22.765,18.7,4099.7,87,
31.8.2026,21:14:53.251,22.765,18.7,4099.7,87,
31.8.2026,21:14:53.457,22.765,18.7,4099.7,87,
31.8.2026,21:14:53.661,27.357,18.7,4099.7,87,
31.8.2026,21:14:53.868,27.357,18.7,4099.7,87,
31.8.2026,21:14:54.058,27.357,18.7,4099.7,87,
31.8.2026,21:14:54.264,27.357,18.7,4099.7,87,
31.8.2026,21:14:54.470,27.357,18.7,4099.7,87,
31.8.2026,21:14:54.676,27.357,18.7,4099.7,87,
31.8.2026,21:14:54.882,27.357,18.7,4099.7,87,
31.8.2026,21:14:55.073,27.357,18.7,4099.7,87,
31.8.2026,21:14:55.281,27.357,18.7,4099.7,87,
31.8.2026,21:14:55.486,27.357,18.7,4099.7,87,
31.8.2026,21:14:55.692,27.357,18.7,4099.7,87,
31.8.2026,21:14:55.898,27.357,18.7,4099.7,87,
31.8.2026,21:14:56.089,27.357,18.7,4099.7,87,
31.8.2026,21:14:56.295,27.357,18.7,4099.7,87,
31.8.2026,21:14:56.502,27.357,18.7,4099.7,87,
31.8.2026,21:14:56.707,27.357,18.7,4099.7,87,
31.8.2026,21:14:56.913,27.357,18.7,4099.7,87,
31.8.2026,21:14:57.120,27.357,18.7,4099.7,87,
31.8.2026,21:14:57.326,27.357,18.7,4099.7,87,
31.8.2026,21:14:57.531,27.357,18.7,4099.7,87,
31.8.2026,21:14:57.738,27.357,18.7,4099.7,87,
31.8.2026,21:14:57.946,27.357,18.7,4099.7,87,
31.8.2026,21:14:58.153,27.357,18.7,4099.7,87,
31.8.2026,21:14:58.358,27.357,18.7,4099.7,87,
31.8.2026,21:14:58.565,27.357,18.7,4099.7,87,
31.8.2026,21:14:58.773,27.357,18.7,4099.7,87,
31.8.2026,21:14:58.978,27.357,18.7,4099.7,87,
31.8.2026,21:14:59.172,27.357,18.7,4099.7,87,
31.8.2026,21:14:59.374,27.357,18.7,4099.7,87,
31.8.2026,21:14:59.580,27.357,18.7,4099.7,87,
31.8.2026,21:14:59.788,27.357,18.7,4099.7,87,
31.8.2026,21:14:59.994,27.357,18.7,4099.7,87,
31.8.2026,21:15:0.202,27.357,18.7,4099.7,87,
31.8.2026,21:15:0.408,27.357,18.7,4099.7,87,
31.8.2026,21:15:0.617,27.357,18.7,4099.7,87,
31.8.2026,21:15:0.821,27.357,18.7,4099.7,87,
31.8.2026,21:15:1.011,27.357,18.7,4099.7,87,
31.8.2026,21:15:1.217,27.357,18.7,4099.7,87,
31.8.2026,21:15:1.426,27.357,18.7,4099.7,87,
31.8.2026,21:15:1.629,27.357,18.7,4099.7,87,
31.8.2026,21:15:1.836,27.357,18.7,4099.7,87,
31.8.2026,21:15:2.029,27.357,18.7,4099.7,87,
31.8.2026,21:15:2.233,27.357,18.7,4099.7,87,
31.8.2026,21:15:2.440,27.357,18.7,4099.7,87,
31.8.2026,21:15:2.645,27.357,18.7,4099.7,87,
31.8.2026,21:15:2.851,27.357,18.7,4099.7,87,
31.8.2026,21:15:3.056,27.357,18.7,4099.7,87,
31.8.2026,21:15:3.263,27.357,18.7,4099.7,87,
31.8.2026,21:15:3.468,27.357,18.7,4099.7,87,
31.8.2026,21:15:3.675,27.357,18.7,4099.7,87,
31.8.2026,21:15:3.882,27.357,18.7,4099.7,87,
31.8.2026,21:15:4.088,27.357,18.7,4099.7,87,
31.8.2026,21:15:4.294,27.357,18.7,4099.7,87,
31.8.2026,21:15:4.500,27.357,18.7,4099.7,87,
31.8.2026,21:15:4.706,27.357,18.7,4099.7,87,
31.8.2026,21:15:4.915,27.357,18.7,4099.7,87,
31.8.2026,21:15:5.108,27.357,18.7,4099.7,87,
31.8.2026,21:15:5.313,27.357,18.7,4099.7,87,
31.8.2026,21:15:5.521,27.357,18.7,4099.7,87,
31.8.2026,21:15:5.728,27.357,18.7,4099.7,87,
31.8.2026,21:15:5.935,27.357,17.8,3999.7,87,
31.8.2026,21:15:6.140,27.357,17.8,3999.7,87,
31.8.2026,21:15:6.350,27.357,17.8,3999.7,87,
31.8.2026,21:15:6.553,27.357,17.8,3999.7,87,
31.8.2026,21:15:6.761,27.357,17.8,3999.7,87,
31.8.2026,21:15:6.949,27.357,17.8,3999.7,87,
31.8.2026,21:15:7.155,27.357,17.8,3999.7,87,
31.8.2026,21:15:7.364,12.034,20.8,4699.7,60,
31.8.2026,21:15:7.570,10.807,8.2,4099.7,58,
31.8.2026,21:15:7.762,9.636,4.0,4099.7,57,
31.8.2026,21:15:7.967,13.159,15.0,4099.7,56,
31.8.2026,21:15:8.176,12.497,8.7,4699.7,60,
31.8.2026,21:15:8.379,11.327,6.1,4099.7,56,
31.8.2026,21:15:8.585,10.677,6.7,4099.7,53,
31.8.2026,21:15:8.794,10.284,6.3,4099.7,55,
31.8.2026,21:15:8.999,11.630,11.6,4099.7,57,
31.8.2026,21:15:9.208,9.729,4.3,500.0,54,
31.8.2026,21:15:9.412,11.664,6.0,2399.8,52,
31.8.2026,21:15:9.619,10.555,8.7,4099.7,52,
31.8.2026,21:15:9.811,10.611,12.1,4699.7,56,
31.8.2026,21:15:10.015,9.891,6.7,4099.7,51,
31.8.2026,21:15:10.222,10.697,4.0,4699.7,51,
31.8.2026,21:15:10.431,9.717,7.3,4099.7,54,
31.8.2026,21:15:10.635,9.410,4.3,1799.9,52,
31.8.2026,21:15:10.843,9.591,8.9,4099.7,52,
31.8.2026,21:15:11.050,10.109,8.7,4099.7,52,
31.8.2026,21:15:11.256,11.358,6.8,4099.7,52,
31.8.2026,21:15:11.464,10.136,4.8,4099.7,54,
31.8.2026,21:15:11.672,10.862,15.1,4099.7,52,
31.8.2026,21:15:11.877,12.062,7.8,4099.7,55,
31.8.2026,21:15:12.083,10.811,4.2,4099.7,52,
31.8.2026,21:15:12.289,9.816,6.3,4099.7,50,
31.8.2026,21:15:12.480,12.025,8.4,4099.7,52,
31.8.2026,21:15:12.687,9.914,10.5,4099.7,51,
31.8.2026,21:15:12.894,10.270,6.0,4099.7,57,
31.8.2026,21:15:13.103,11.964,7.2,4099.7,51,
31.8.2026,21:15:13.309,18.186,15.9,4699.7,57,
31.8.2026,21:15:13.515,26.403,36.9,4099.7,71,
31.8.2026,21:15:13.720,30.412,38.4,4099.7,89,
31.8.2026,21:15:13.925,24.416,27.6,4099.7,55,
31.8.2026,21:15:14.133,12.788,10.3,4099.7,60,
31.8.2026,21:15:14.326,12.677,14.7,4099.7,52,
31.8.2026,21:15:14.530,15.088,11.3,4099.7,52,
31.8.2026,21:15:14.738,14.469,11.0,4099.7,62,
31.8.2026,21:15:14.944,14.352,9.7,4099.7,55,
31.8.2026,21:15:15.151,15.100,11.1,4099.7,61,
31.8.2026,21:15:15.357,15.302,17.7,4099.7,66,
31.8.2026,21:15:15.563,18.575,17.2,4099.7,53,
31.8.2026,21:15:15.770,13.291,8.1,4099.7,54,
31.8.2026,21:15:15.975,15.707,17.2,4099.7,61,
31.8.2026,21:15:16.182,22.982,20.1,4699.7,62,
31.8.2026,21:15:16.391,13.368,17.6,4099.7,51,
31.8.2026,21:15:16.595,11.582,7.9,899.9,51,
31.8.2026,21:15:16.805,9.979,7.2,4099.7,50,
31.8.2026,21:15:17.013,15.251,12.1,4099.7,58,
31.8.2026,21:15:17.200,20.542,30.2,4099.7,56,
31.8.2026,21:15:17.407,9.771,6.6,3499.8,50,
31.8.2026,21:15:17.613,10.492,5.4,4099.7,49,
31.8.2026,21:15:17.820,12.608,9.1,4099.7,52,
31.8.2026,21:15:18.011,13.072,16.0,999.9,62,
31.8.2026,21:15:18.217,11.958,9.2,4099.7,50,
31.8.2026,21:15:18.423,10.866,6.0,4099.7,50,
31.8.2026,21:15:18.629,10.338,5.6,4099.7,49,
31.8.2026,21:15:18.836,10.792,5.9,4099.7,64,
31.8.2026,21:15:19.040,13.379,10.0,4099.7,56,
31.8.2026,21:15:19.232,13.379,19.1,4099.7,68,
31.8.2026,21:15:19.440,17.250,5.4,4099.7,50,
31.8.2026,21:15:19.645,11.278,12.0,4099.7,57,
31.8.2026,21:15:19.853,13.761,11.5,4099.7,58,
31.8.2026,21:15:20.046,15.534,22.0,2899.8,77,
31.8.2026,21:15:20.249,18.897,18.0,4099.7,77,
31.8.2026,21:15:20.456,21.003,16.2,4099.7,62,
31.8.2026,21:15:20.663,19.162,14.8,4099.7,75,
31.8.2026,21:15:20.870,18.193,16.4,4099.7,68,
31.8.2026,21:15:21.078,19.634,20.1,4699.7,75,
31.8.2026,21:15:21.282,19.991,12.8,4099.7,55,
31.8.2026,21:15:21.489,16.750,12.4,4099.7,66,
31.8.2026,21:15:21.693,16.527,15.5,4699.7,68,
31.8.2026,21:15:21.901,16.386,18.6,4099.7,52,
31.8.2026,21:15:22.108,15.111,21.5,4099.7,68,
31.8.2026,21:15:22.313,19.756,12.0,4099.7,72,
31.8.2026,21:15:22.520,17.896,13.3,4699.7,68,
31.8.2026,21:15:22.727,17.959,12.7,4699.7,51,
31.8.2026,21:15:22.932,14.459,12.6,4099.7,54,
31.8.2026,21:15:23.139,11.894,12.3,4099.7,71,
31.8.2026,21:15:23.344,14.412,14.7,4099.7,71,
31.8.2026,21:15:23.550,17.971,14.0,4099.7,78,
31.8.2026,21:15:23.757,18.075,11.6,4099.7,61,
31.8.2026,21:15:23.962,16.999,14.0,4099.7,66,
31.8.2026,21:15:24.152,17.188,14.0,4099.7,66,
31.8.2026,21:15:24.360,18.374,26.1,4099.7,57,
31.8.2026,21:15:24.567,18.101,12.4,3799.7,72,
31.8.2026,21:15:24.771,17.086,16.4,4099.7,67,
31.8.2026,21:15:24.977,16.377,11.7,4699.7,59,
31.8.2026,21:15:25.168,21.381,22.1,4099.7,61,
31.8.2026,21:15:25.375,27.465,36.2,4099.7,83,
31.8.2026,21:15:25.582,27.806,25.9,4099.7,90,
31.8.2026,21:15:25.788,24.817,23.1,2699.8,88,
31.8.2026,21:15:25.996,22.915,25.3,4099.7,76,
31.8.2026,21:15:26.184,20.563,25.1,4099.7,84,
31.8.2026,21:15:26.390,21.536,21.5,4099.7,74,
31.8.2026,21:15:26.597,18.675,13.4,4099.7,77,
31.8.2026,21:15:26.803,18.542,14.0,1499.9,73,
31.8.2026,21:15:27.009,18.598,13.0,3799.7,75,
31.8.2026,21:15:27.200,15.765,10.7,4099.7,80,
31.8.2026,21:15:27.405,18.484,19.3,3999.7,60,
31.8.2026,21:15:27.611,18.132,19.6,4699.7,66,
31.8.2026,21:15:27.819,17.996,14.7,4099.7,70,
31.8.2026,21:15:28.024,19.412,13.5,4099.7,68,
31.8.2026,21:15:28.214,18.448,19.0,2199.9,72,
31.8.2026,21:15:28.419,19.057,20.5,4099.7,69,
31.8.2026,21:15:28.626,18.607,15.3,4099.7,59,
31.8.2026,21:15:28.844,17.339,16.3,4099.7,66,
31.8.2026,21:15:29.039,17.340,16.0,4099.7,67,
31.8.2026,21:15:29.247,17.488,16.1,4099.7,69,
31.8.2026,21:15:29.451,19.635,19.3,4099.7,68,
31.8.2026,21:15:29.657,18.143,19.2,4099.7,58,
31.8.2026,21:15:29.862,17.603,13.0,4099.7,69,
31.8.2026,21:15:30.067,18.329,14.7,4099.7,61,
31.8.2026,21:15:30.274,15.945,10.8,4099.7,62,
31.8.2026,21:15:30.465,9.632,6.2,4099.7,55,
31.8.2026,21:15:30.673,11.330,11.5,4099.7,59,
31.8.2026,21:15:30.878,16.888,16.1,4099.7,57,
31.8.2026,21:15:31.082,15.204,6.9,4099.7,51,
31.8.2026,21:15:31.290,17.109,10.6,4099.7,55,
31.8.2026,21:15:31.493,14.996,10.0,4099.7,52,
31.8.2026,21:15:31.684,10.731,16.6,4099.7,53,
31.8.2026,21:15:31.891,12.734,9.7,4099.7,62,
31.8.2026,21:15:32.097,15.065,9.9,4099.7,74,
31.8.2026,21:15:32.304,18.743,16.3,3199.8,72,
31.8.2026,21:15:32.498,13.071,6.7,4699.7,50,
31.8.2026,21:15:32.707,15.667,14.7,4099.7,72,
31.8.2026,21:15:32.909,17.809,15.4,4099.7,75,
31.8.2026,21:15:33.113,19.470,17.4,4099.7,71,
31.8.2026,21:15:33.319,11.554,7.1,4099.7,50,
31.8.2026,21:15:33.526,11.895,8.3,4099.7,49,
31.8.2026,21:15:33.733,14.307,12.9,4099.7,50,
31.8.2026,21:15:33.940,11.714,18.7,4099.7,61,
31.8.2026,21:15:34.149,16.614,11.5,4699.7,51,
31.8.2026,21:15:34.353,11.412,11.2,4099.7,60,
31.8.2026,21:15:34.543,14.838,17.0,4099.7,67,
31.8.2026,21:15:34.749,12.434,9.4,4099.7,50,
31.8.2026,21:15:34.957,14.592,14.0,4099.7,64,
31.8.2026,21:15:35.162,16.942,13.6,4099.7,63,
31.8.2026,21:15:35.370,15.610,12.0,3999.7,51,
31.8.2026,21:15:35.577,16.128,17.5,2399.8,78,
31.8.2026,21:15:35.782,18.439,11.5,3699.8,80,
31.8.2026,21:15:35.988,14.208,10.0,4099.7,62,
31.8.2026,21:15:36.194,14.499,8.3,4099.7,50,
31.8.2026,21:15:36.402,13.914,8.0,4099.7,51,
31.8.2026,21:15:36.610,13.719,18.0,2599.8,63,
31.8.2026,21:15:36.814,15.609,12.7,4099.7,61,
31.8.2026,21:15:37.023,13.718,8.5,500.0,59,
31.8.2026,21:15:37.227,16.566,12.7,4099.7,52,
31.8.2026,21:15:37.417,15.914,17.7,4099.7,60,
31.8.2026,21:15:37.626,18.776,14.2,4099.7,68,
31.8.2026,21:15:37.830,14.591,12.6,4699.7,60,
31.8.2026,21:15:38.037,18.549,15.8,799.9,68,
31.8.2026,21:15:38.242,19.017,14.2,1899.9,66,
31.8.2026,21:15:38.433,17.057,18.0,4099.7,50,
31.8.2026,21:15:38.641,13.489,8.0,4099.7,50,
31.8.2026,21:15:38.846,17.089,12.8,4099.7,57,
31.8.2026,21:15:39.052,17.899,13.2,4099.7,71,
31.8.2026,21:15:39.258,16.844,13.6,4099.7,52,
31.8.2026,21:15:39.450,16.844,19.1,4099.7,55,
31.8.2026,21:15:39.657,17.165,15.1,4099.7,73,
31.8.2026,21:15:39.865,19.360,13.8,4099.7,67,
31.8.2026,21:15:40.070,19.081,14.9,500.0,69,
31.8.2026,21:15:40.261,17.961,19.4,3399.8,59,
31.8.2026,21:15:40.465,16.958,8.2,500.0,62,
31.8.2026,21:15:40.672,15.783,7.0,4099.7,49,
31.8.2026,21:15:40.882,11.752,14.1,4099.7,67,
31.8.2026,21:15:41.086,15.338,14.5,4099.7,56,
31.8.2026,21:15:41.278,17.215,14.5,4099.7,56,
31.8.2026,21:15:41.486,16.735,22.2,4099.7,60,
31.8.2026,21:15:41.705,19.741,15.6,4099.7,68,
31.8.2026,21:15:41.897,18.295,15.8,1499.9,72,
31.8.2026,21:15:42.100,18.193,15.7,4099.7,71,
31.8.2026,21:15:42.307,19.404,14.9,4099.7,63,
31.8.2026,21:15:42.496,19.866,15.8,4099.7,69,
31.8.2026,21:15:42.718,20.529,19.6,4099.7,76,
31.8.2026,21:15:42.909,16.743,15.2,4099.7,52,
31.8.2026,21:15:43.119,19.260,14.1,4099.7,69,
31.8.2026,21:15:43.322,18.449,18.7,4099.7,85,
31.8.2026,21:15:43.514,14.301,9.2,4099.7,76,
31.8.2026,21:15:43.718,16.589,18.1,4099.7,75,
31.8.2026,21:15:43.926,16.095,11.1,400.0,69,
31.8.2026,21:15:44.131,18.549,16.3,3199.8,71,
31.8.2026,21:15:44.338,16.174,12.4,400.0,64,
31.8.2026,21:15:44.544,14.192,15.8,4099.7,76,
31.8.2026,21:15:44.750,15.059,13.0,400.0,60,
31.8.2026,21:15:44.960,15.356,14.6,4699.7,69,
31.8.2026,21:15:45.164,18.108,14.0,999.9,74,
31.8.2026,21:15:45.354,13.518,10.4,4099.7,79,
31.8.2026,21:15:45.563,17.400,18.7,3999.7,67,
31.8.2026,21:15:45.767,13.183,11.2,4099.7,56,
31.8.2026,21:15:45.973,17.738,18.5,4099.7,57,
31.8.2026,21:15:46.183,18.960,21.4,4099.7,69,
31.8.2026,21:15:46.370,12.703,9.7,4099.7,55,
31.8.2026,21:15:46.579,15.719,18.2,4099.7,57,
31.8.2026,21:15:46.784,15.725,14.1,4099.7,53,
31.8.2026,21:15:46.990,17.481,15.3,4099.7,67,
31.8.2026,21:15:47.197,19.517,13.5,3999.7,71,
31.8.2026,21:15:47.390,19.405,26.3,4099.7,58,
31.8.2026,21:15:47.595,18.599,16.8,2999.8,72,
31.8.2026,21:15:47.811,14.195,8.4,4099.7,49,
31.8.2026,21:15:48.011,18.137,18.9,4099.7,74,
31.8.2026,21:15:48.198,16.465,11.2,4099.7,52,
31.8.2026,21:15:48.406,16.677,18.9,500.0,69,
31.8.2026,21:15:48.626,18.973,15.1,4099.7,72,
31.8.2026,21:15:48.820,17.263,21.4,4099.7,74,
31.8.2026,21:15:49.024,13.813,10.7,4099.7,50,
31.8.2026,21:15:49.215,10.780,14.9,4099.7,48,
31.8.2026,21:15:49.423,10.049,5.4,4099.7,49,
31.8.2026,21:15:49.627,13.624,9.9,4099.7,50,
31.8.2026,21:15:49.835,14.781,11.8,4099.7,58,
31.8.2026,21:15:50.040,16.549,11.8,4099.7,56,
31.8.2026,21:15:50.231,17.718,19.5,4099.7,66,
31.8.2026,21:15:50.437,15.887,11.7,799.9,62,
31.8.2026,21:15:50.643,15.670,10.1,3599.8,70,
31.8.2026,21:15:50.849,17.172,12.4,500.0,55,
31.8.2026,21:15:51.055,19.710,14.3,4099.7,67,
31.8.2026,21:15:51.245,17.419,20.4,4099.7,66,
31.8.2026,21:15:51.451,17.772,15.8,4099.7,69,
31.8.2026,21:15:51.658,18.215,14.5,4099.7,67,
31.8.2026,21:15:51.864,19.808,14.4,500.0,73,
31.8.2026,21:15:52.073,18.933,13.4,4099.7,72,
31.8.2026,21:15:52.262,18.882,21.7,4099.7,78,
31.8.2026,21:15:52.485,20.478,15.6,4099.7,68,
31.8.2026,21:15:52.679,17.947,17.5,400.0,68,
31.8.2026,21:15:52.883,19.323,13.8,3699.8,73,
31.8.2026,21:15:53.088,17.239,17.3,3399.8,70,
31.8.2026,21:15:53.295,14.599,14.6,4099.7,49,
31.8.2026,21:15:53.504,16.488,12.7,4099.7,50,
31.8.2026,21:15:53.707,14.417,11.2,4099.7,50,
31.8.2026,21:15:53.916,15.075,12.3,4099.7,62,
31.8.2026,21:15:54.104,15.075,15.1,4099.7,64,
31.8.2026,21:15:54.312,13.450,18.2,4099.7,74,
31.8.2026,21:15:54.518,18.683,10.5,4099.7,63,
31.8.2026,21:15:54.724,15.708,17.1,4099.7,61,
31.8.2026,21:15:54.930,20.121,13.6,4099.7,74,
31.8.2026,21:15:55.123,20.298,20.5,4099.7,75,
31.8.2026,21:15:55.327,19.849,9.6,4699.7,48,
31.8.2026,21:15:55.534,13.757,10.9,4699.7,62,
31.8.2026,21:15:55.740,15.913,16.5,4099.7,69,
31.8.2026,21:15:55.947,20.260,15.2,4099.7,77,
31.8.2026,21:15:56.139,19.251,15.2,4099.7,77,
31.8.2026,21:15:56.358,18.863,22.2,4099.7,72,
31.8.2026,21:15:56.549,18.303,16.4,4099.7,58,
31.8.2026,21:15:56.757,18.927,19.1,4099.7,67,
31.8.2026,21:15:56.962,20.627,16.3,4099.7,72,
31.8.2026,21:15:57.152,20.227,14.5,4099.7,79,
31.8.2026,21:15:57.360,21.337,21.6,4099.7,70,
31.8.2026,21:15:57.563,16.588,12.1,4099.7,76,
31.8.2026,21:15:57.770,19.377,15.5,2799.8,73,
31.8.2026,21:15:57.976,19.804,14.6,4099.7,87,
31.8.2026,21:15:58.167,16.862,12.1,4099.7,75,
31.8.2026,21:15:58.375,19.512,19.9,3499.8,80,
31.8.2026,21:15:58.583,11.604,4.4,4699.7,75,
31.8.2026,21:15:58.788,18.145,22.6,4099.7,82,
31.8.2026,21:15:58.996,11.803,7.0,4099.7,70,
31.8.2026,21:15:59.200,14.025,16.3,4099.7,80,
31.8.2026,21:15:59.409,12.315,9.0,4099.7,79,
31.8.2026,21:15:59.614,12.504,7.5,4099.7,66,
31.8.2026,21:15:59.820,14.140,9.5,2799.8,79,
31.8.2026,21:16:0.012,16.025,10.2,4099.7,83,
31.8.2026,21:16:0.216,18.660,24.2,3299.8,61,
31.8.2026,21:16:0.425,19.974,15.2,4099.7,69,
31.8.2026,21:16:0.629,18.043,14.2,4099.7,69,
31.8.2026,21:16:0.837,20.246,14.9,4099.7,74,
31.8.2026,21:16:1.026,14.895,9.9,500.0,64,
31.8.2026,21:16:1.232,13.949,12.9,4099.7,55,
31.8.2026,21:16:1.439,14.510,13.9,4099.7,66,
31.8.2026,21:16:1.647,12.403,9.5,4699.7,56,
31.8.2026,21:16:1.854,16.982,13.8,4099.7,58,
31.8.2026,21:16:2.061,13.527,13.9,4099.7,60,
31.8.2026,21:16:2.266,10.759,10.2,4099.7,52,
31.8.2026,21:16:2.485,11.113,9.3,4099.7,57,
31.8.2026,21:16:2.679,13.040,12.0,4099.7,52,
31.8.2026,21:16:2.885,17.161,12.4,4099.7,72,
31.8.2026,21:16:3.091,17.347,16.8,4099.7,60,
31.8.2026,21:16:3.298,14.845,10.8,4099.7,55,
31.8.2026,21:16:3.505,17.355,13.8,3999.7,69,
31.8.2026,21:16:3.713,16.693,11.1,4099.7,53,
31.8.2026,21:16:3.901,13.062,9.3,4099.7,53,
31.8.2026,21:16:4.107,10.159,9.7,4099.7,50,
31.8.2026,21:16:4.314,11.307,9.1,4099.7,49,
31.8.2026,21:16:4.520,14.343,12.3,1699.9,68,
31.8.2026,21:16:4.727,20.893,15.7,4099.7,74,
31.8.2026,21:16:4.918,17.609,20.1,4099.7,66,
31.8.2026,21:16:5.125,14.697,10.1,4099.7,49,
31.8.2026,21:16:5.332,9.935,4.8,4699.7,52,
31.8.2026,21:16:5.538,14.447,11.6,4099.7,72,
31.8.2026,21:16:5.745,20.454,16.8,4099.7,73,
31.8.2026,21:16:5.934,17.871,24.3,4099.7,72,
31.8.2026,21:16:6.140,20.807,14.7,4099.7,78,
31.8.2026,21:16:6.360,19.821,17.2,4099.7,77,
31.8.2026,21:16:6.553,20.357,17.3,4099.7,74,
31.8.2026,21:16:6.758,20.608,15.5,4099.7,71,
31.8.2026,21:16:6.950,16.241,16.2,4099.7,50,
31.8.2026,21:16:7.155,19.227,16.0,4099.7,78,
31.8.2026,21:16:7.362,19.227,16.0,4099.7,78,
31.8.2026,21:16:7.568,19.227,16.0,4099.7,78,
31.8.2026,21:16:7.775,19.227,16.0,4099.7,78,
31.8.2026,21:16:7.965,19.227,16.0,4099.7,78,
31.8.2026,21:16:8.171,19.227,16.0,4099.7,78,
31.8.2026,21:16:8.378,19.227,16.0,4099.7,78,
31.8.2026,21:16:8.587,19.227,16.0,4099.7,78,
31.8.2026,21:16:8.795,19.227,16.0,4099.7,78,
31.8.2026,21:16:8.999,19.227,16.0,4099.7,78,
31.8.2026,21:16:9.206,19.227,16.0,4099.7,78,
31.8.2026,21:16:9.413,19.227,16.0,4099.7,78,
31.8.2026,21:16:9.619,19.227,16.0,4099.7,78,
31.8.2026,21:16:9.811,19.227,16.0,4099.7,78,
31.8.2026,21:16:10.016,19.227,16.0,4099.7,78,
31.8.2026,21:16:10.221,19.227,16.0,4099.7,78,
31.8.2026,21:16:10.428,19.227,16.0,4099.7,78,
31.8.2026,21:16:10.635,19.227,16.0,4099.7,78,
31.8.2026,21:16:10.842,19.227,16.0,4099.7,78,
31.8.2026,21:16:11.047,19.227,16.0,4099.7,78,
31.8.2026,21:16:11.253,19.227,16.0,4099.7,78,
31.8.2026,21:16:11.461,19.227,16.0,4099.7,78,
31.8.2026,21:16:11.665,19.227,16.0,4099.7,78,
31.8.2026,21:16:11.870,19.227,16.0,4099.7,78,
31.8.2026,21:16:12.061,19.227,16.0,4099.7,78,
31.8.2026,21:16:12.267,19.227,16.0,4099.7,78,
31.8.2026,21:16:12.475,28.314,23.4,4099.7,87,
31.8.2026,21:16:12.681,28.314,23.4,4099.7,87,
31.8.2026,21:16:12.870,28.314,23.4,4099.7,87,
31.8.2026,21:16:13.077,28.314,23.4,4099.7,87,
31.8.2026,21:16:13.282,28.314,23.4,4099.7,87,
31.8.2026,21:16:13.490,28.314,23.4,4099.7,87,
31.8.2026,21:16:13.696,28.314,23.4,4099.7,87,
31.8.2026,21:16:13.887,28.314,23.4,4099.7,87,
31.8.2026,21:16:14.094,28.314,23.4,4099.7,87,
31.8.2026,21:16:14.301,28.314,23.4,4099.7,87,
31.8.2026,21:16:14.507,28.314,23.4,4099.7,87,
31.8.2026,21:16:14.698,28.314,23.4,4099.7,87,
31.8.2026,21:16:14.904,28.314,23.4,4099.7,87,
31.8.2026,21:16:15.113,28.314,23.4,4099.7,87,
31.8.2026,21:16:15.320,28.314,23.4,4099.7,87,
31.8.2026,21:16:15.525,28.314,23.4,4099.7,87,
31.8.2026,21:16:15.732,28.314,23.4,4099.7,87,
31.8.2026,21:16:15.939,28.314,23.4,4099.7,87,
31.8.2026,21:16:16.144,28.314,23.4,4099.7,87,
31.8.2026,21:16:16.350,28.314,23.4,4099.7,87,
31.8.2026,21:16:16.558,28.314,23.4,4099.7,87,
31.8.2026,21:16:16.764,28.314,23.4,4099.7,87,
31.8.2026,21:16:16.970,28.314,23.4,4099.7,87,
31.8.2026,21:16:17.177,28.314,23.4,4099.7,87,
31.8.2026,21:16:17.384,28.314,23.1,4199.7,88,
31.8.2026,21:16:17.576,25.776,23.1,4199.7,88,
31.8.2026,21:16:17.779,25.776,23.1,4199.7,88,
31.8.2026,21:16:17.985,25.776,23.1,4199.7,88,
31.8.2026,21:16:18.193,25.776,23.1,4199.7,88,
31.8.2026,21:16:18.401,24.903,23.1,4199.7,88,
31.8.2026,21:16:18.592,24.903,23.1,4199.7,88,
31.8.2026,21:16:18.808,24.903,23.1,4199.7,88,
31.8.2026,21:16:19.004,24.903,23.1,4199.7,88,
31.8.2026,21:16:19.211,24.903,23.1,4199.7,88,
31.8.2026,21:16:19.402,24.903,23.1,4199.7,88,
31.8.2026,21:16:19.609,24.903,23.1,4199.7,88,
31.8.2026,21:16:19.817,24.903,23.1,4199.7,88,
31.8.2026,21:16:20.025,24.903,23.1,4199.7,88,
31.8.2026,21:16:20.233,24.903,23.1,4199.7,88,
31.8.2026,21:16:20.436,24.903,23.1,4199.7,88,
31.8.2026,21:16:20.643,24.903,23.1,4199.7,88,
31.8.2026,21:16:20.849,24.903,23.1,4199.7,88,
31.8.2026,21:16:21.056,24.903,23.1,4199.7,88,
31.8.2026,21:16:21.246,24.903,23.1,4199.7,88,
31.8.2026,21:16:21.454,24.903,23.1,4199.7,88,
31.8.2026,21:16:21.659,24.903,23.1,4199.7,88,
31.8.2026,21:16:21.865,24.903,23.1,4199.7,88,
31.8.2026,21:16:22.073,24.903,23.1,4199.7,88,
31.8.2026,21:16:22.281,24.903,23.1,4199.7,88,
31.8.2026,21:16:22.485,24.903,23.1,4199.7,88,
31.8.2026,21:16:22.692,24.903,23.1,4199.7,88,
31.8.2026,21:16:22.899,24.903,23.1,4199.7,88,
31.8.2026,21:16:23.107,24.903,23.1,4199.7,88,
31.8.2026,21:16:23.310,24.903,23.1,4199.7,88,
31.8.2026,21:16:23.519,24.903,24.3,4099.7,89,
31.8.2026,21:16:23.723,24.903,24.3,4099.7,89,
31.8.2026,21:16:23.929,24.903,24.3,4099.7,89,
31.8.2026,21:16:24.120,24.903,24.3,4099.7,89,
31.8.2026,21:16:24.328,24.903,24.3,4099.7,89,
31.8.2026,21:16:24.535,24.903,24.3,4099.7,89,
31.8.2026,21:16:24.738,24.903,24.3,4099.7,89,
31.8.2026,21:16:24.946,24.903,24.3,4099.7,89,
31.8.2026,21:16:25.137,24.903,24.3,4099.7,89,
31.8.2026,21:16:25.344,24.903,24.3,4099.7,89,
31.8.2026,21:16:25.552,24.903,24.3,4099.7,89,
31.8.2026,21:16:25.758,24.903,24.3,4099.7,89,
31.8.2026,21:16:25.948,24.903,24.3,4099.7,89,
31.8.2026,21:16:26.154,24.903,24.3,4099.7,89,
31.8.2026,21:16:26.361,24.903,24.3,4099.7,89,
31.8.2026,21:16:26.568,24.903,24.3,4099.7,89,
31.8.2026,21:16:26.775,24.903,24.3,4099.7,89,
31.8.2026,21:16:26.967,24.903,24.3,4099.7,89,
31.8.2026,21:16:27.173,24.903,24.3,4099.7,89,
31.8.2026,21:16:27.389,24.903,24.3,4099.7,89,
31.8.2026,21:16:27.589,24.903,24.3,4099.7,89,
31.8.2026,21:16:27.780,24.903,24.3,4099.7,89,
31.8.2026,21:16:27.985,24.903,24.3,4099.7,89,
31.8.2026,21:16:28.190,24.903,24.3,4099.7,89,
31.8.2026,21:16:28.400,26.157,30.5,4199.7,88,
31.8.2026,21:16:28.605,26.157,30.5,4199.7,88,
31.8.2026,21:16:28.812,26.157,30.5,4199.7,88,
31.8.2026,21:16:29.019,26.157,30.5,4199.7,88,
31.8.2026,21:16:29.225,26.157,30.5,4199.7,88,
31.8.2026,21:16:29.432,26.157,30.5,4199.7,88,
31.8.2026,21:16:29.637,26.157,30.5,4199.7,88,
31.8.2026,21:16:29.844,26.157,30.5,4199.7,88,
31.8.2026,21:16:30.053,26.157,30.5,4199.7,88,
31.8.2026,21:16:30.257,26.157,30.5,4199.7,88,
31.8.2026,21:16:30.463,26.157,30.5,4199.7,88,
31.8.2026,21:16:30.670,26.157,30.5,4199.7,88,
31.8.2026,21:16:30.876,26.157,30.5,4199.7,88,
31.8.2026,21:16:31.085,26.157,30.5,4199.7,88,
31.8.2026,21:16:31.290,26.157,30.5,4199.7,88,
31.8.2026,21:16:31.481,26.157,30.5,4199.7,88,
31.8.2026,21:16:31.686,26.157,30.5,4199.7,88,
31.8.2026,21:16:31.895,26.157,30.5,4199.7,88,
31.8.2026,21:16:32.101,26.157,30.5,4199.7,88,
31.8.2026,21:16:32.307,26.157,30.5,4199.7,88,
31.8.2026,21:16:32.498,26.157,30.5,4199.7,88,
31.8.2026,21:16:32.704,26.157,30.5,4199.7,88,
31.8.2026,21:16:32.909,26.157,30.5,4199.7,88,
31.8.2026,21:16:33.115,26.157,26.8,4099.7,88,
31.8.2026,21:16:33.323,27.462,26.8,4099.7,88,
31.8.2026,21:16:33.527,27.462,26.8,4099.7,88,
31.8.2026,21:16:33.736,27.462,26.8,4099.7,88,
31.8.2026,21:16:33.940,27.462,26.8,4099.7,88,
31.8.2026,21:16:34.148,27.462,26.8,4099.7,88,
31.8.2026,21:16:34.355,27.462,26.8,4099.7,88,
31.8.2026,21:16:34.562,27.462,26.8,4099.7,88,
31.8.2026,21:16:34.766,27.462,26.8,4099.7,88,
31.8.2026,21:16:34.973,27.462,26.8,4099.7,88,
31.8.2026,21:16:35.181,27.462,26.8,4099.7,88,
31.8.2026,21:16:35.371,27.462,26.8,4099.7,88,
31.8.2026,21:16:35.578,27.462,26.8,4099.7,88,
31.8.2026,21:16:35.786,27.462,26.8,4099.7,88,
31.8.2026,21:16:35.991,27.462,26.8,4099.7,88,
31.8.2026,21:16:36.181,27.462,26.8,4099.7,88,
31.8.2026,21:16:36.386,27.462,26.8,4099.7,88,
31.8.2026,21:16:36.592,27.462,26.8,4099.7,88,
31.8.2026,21:16:36.798,27.462,26.8,4099.7,88,
31.8.2026,21:16:37.005,27.462,26.8,4099.7,88,
31.8.2026,21:16:37.213,27.462,26.8,4099.7,88,
31.8.2026,21:16:37.404,27.462,26.8,4099.7,88,
31.8.2026,21:16:37.608,27.462,26.8,4099.7,88,
31.8.2026,21:16:37.829,27.462,26.8,4099.7,88,
31.8.2026,21:16:38.021,25.995,24.3,4099.7,88,
31.8.2026,21:16:38.229,25.995,24.3,4099.7,88,
31.8.2026,21:16:38.435,25.995,24.3,4099.7,88,
31.8.2026,21:16:38.641,25.995,24.3,4099.7,88,
31.8.2026,21:16:38.849,25.995,24.3,4099.7,88,
31.8.2026,21:16:39.056,25.995,24.3,4099.7,88,
31.8.2026,21:16:39.263,25.995,24.3,4099.7,88,
31.8.2026,21:16:39.470,25.995,24.3,4099.7,88,
31.8.2026,21:16:39.678,25.995,24.3,4099.7,88,
31.8.2026,21:16:39.885,25.995,24.3,4099.7,88,
31.8.2026,21:16:40.076,25.995,24.3,4099.7,88,
31.8.2026,21:16:40.284,25.995,24.3,4099.7,88,
31.8.2026,21:16:40.491,25.995,24.3,4099.7,88,
31.8.2026,21:16:40.699,25.995,24.3,4099.7,88,
31.8.2026,21:16:40.889,25.995,24.3,4099.7,88,
31.8.2026,21:16:41.093,25.995,24.3,4099.7,88,
31.8.2026,21:16:41.300,25.995,24.3,4099.7,88,
31.8.2026,21:16:41.507,25.995,24.3,4099.7,88,
31.8.2026,21:16:41.714,25.995,24.3,4099.7,88,
31.8.2026,21:16:41.921,25.995,24.3,4099.7,88,
31.8.2026,21:16:42.128,25.995,24.3,4099.7,88,
31.8.2026,21:16:42.335,25.995,24.3,4099.7,88,
31.8.2026,21:16:42.542,25.995,24.3,4099.7,88,
31.8.2026,21:16:42.732,23.457,24.3,4099.7,88,
31.8.2026,21:16:42.940,23.457,24.3,4099.7,88,
31.8.2026,21:16:43.147,23.457,24.3,4099.7,88,
31.8.2026,21:16:43.352,23.457,24.3,4099.7,88,
31.8.2026,21:16:43.546,23.457,24.3,4099.7,88,
31.8.2026,21:16:43.750,23.457,24.3,4099.7,88,
31.8.2026,21:16:43.956,23.457,24.3,4099.7,88,
31.8.2026,21:16:44.167,23.457,24.3,4099.7,88,
31.8.2026,21:16:44.354,23.457,24.3,4099.7,88,
31.8.2026,21:16:44.564,23.457,24.3,4099.7,88,
31.8.2026,21:16:44.771,23.457,24.3,4099.7,88,
31.8.2026,21:16:44.977,23.457,24.3,4099.7,88,
31.8.2026,21:16:45.169,23.457,24.3,4099.7,88,
31.8.2026,21:16:45.376,23.457,24.3,4099.7,88,
31.8.2026,21:16:45.581,23.457,24.3,4099.7,88,
31.8.2026,21:16:45.800,23.457,24.3,4099.7,88,
31.8.2026,21:16:45.994,23.457,24.3,4099.7,88,
31.8.2026,21:16:46.201,23.457,24.3,4099.7,88,
31.8.2026,21:16:46.421,23.457,24.3,4099.7,88,
31.8.2026,21:16:46.614,23.457,24.3,4099.7,88,
31.8.2026,21:16:46.821,23.457,24.3,4099.7,88,
31.8.2026,21:16:47.013,23.457,24.3,4099.7,88,
31.8.2026,21:16:47.220,23.457,24.3,4099.7,88,
31.8.2026,21:16:47.426,23.457,24.3,4099.7,88,
31.8.2026,21:16:47.633,23.457,22.8,3999.7,83,
31.8.2026,21:16:47.824,23.457,22.8,3999.7,83,
31.8.2026,21:16:48.031,23.457,22.8,3999.7,83,
31.8.2026,21:16:48.238,23.457,22.8,3999.7,83,
31.8.2026,21:16:48.448,23.457,22.8,3999.7,83,
31.8.2026,21:16:48.640,23.457,22.8,3999.7,83,
31.8.2026,21:16:48.844,23.457,22.8,3999.7,83,
31.8.2026,21:16:49.051,23.457,22.8,3999.7,83,
31.8.2026,21:16:49.258,23.457,22.8,3999.7,83,
31.8.2026,21:16:49.453,23.457,22.8,3999.7,83,
31.8.2026,21:16:49.656,23.457,22.8,3999.7,83,
31.8.2026,21:16:49.863,23.457,22.8,3999.7,83,
31.8.2026,21:16:50.070,23.457,22.8,3999.7,83,
31.8.2026,21:16:50.277,23.457,22.8,3999.7,83,
31.8.2026,21:16:50.483,23.457,22.8,3999.7,83,
31.8.2026,21:16:50.690,23.457,22.8,3999.7,83,
31.8.2026,21:16:50.896,23.457,22.8,3999.7,83,
31.8.2026,21:16:51.103,23.457,22.8,3999.7,83,
31.8.2026,21:16:51.309,23.457,22.8,3999.7,83,
31.8.2026,21:16:51.516,23.457,22.8,3999.7,83,
31.8.2026,21:16:51.723,23.457,22.8,3999.7,83,
31.8.2026,21:16:51.929,23.457,22.8,3999.7,83,
31.8.2026,21:16:52.135,23.457,22.8,3999.7,83,
31.8.2026,21:16:52.327,23.457,22.8,3999.7,83,
31.8.2026,21:16:52.533,22.890,37.7,4099.7,89,
31.8.2026,21:16:52.743,22.890,37.7,4099.7,89,
31.8.2026,21:16:52.947,22.890,37.7,4099.7,89,
31.8.2026,21:16:53.142,22.890,37.7,4099.7,89,
31.8.2026,21:16:53.345,22.890,37.7,4099.7,89,
31.8.2026,21:16:53.566,22.890,37.7,4099.7,89,
31.8.2026,21:16:53.773,22.890,37.7,4099.7,89,
31.8.2026,21:16:53.949,22.890,37.7,4099.7,89,
31.8.2026,21:16:54.158,22.890,37.7,4099.7,89,
31.8.2026,21:16:54.363,22.890,37.7,4099.7,89,
31.8.2026,21:16:54.570,22.890,37.7,4099.7,89,
31.8.2026,21:16:54.776,22.890,37.7,4099.7,89,
31.8.2026,21:16:54.967,22.890,37.7,4099.7,89,
31.8.2026,21:16:55.171,22.890,37.7,4099.7,89,
31.8.2026,21:16:55.378,22.890,37.7,4099.7,89,
31.8.2026,21:16:55.599,22.890,37.7,4099.7,89,
31.8.2026,21:16:55.777,22.890,37.7,4099.7,89,
31.8.2026,21:16:55.983,23.095,37.7,4099.7,89,
31.8.2026,21:16:56.190,23.095,37.7,4099.7,89,
31.8.2026,21:16:56.395,23.095,37.7,4099.7,89,
31.8.2026,21:16:56.602,23.095,37.7,4099.7,89,
31.8.2026,21:16:56.793,23.095,37.7,4099.7,89,
31.8.2026,21:16:57.002,23.095,37.7,4099.7,89,
31.8.2026,21:16:57.209,23.095,37.7,4099.7,89,
31.8.2026,21:16:57.416,23.095,37.7,4099.7,89,
31.8.2026,21:16:57.618,23.095,37.7,4099.7,89,
31.8.2026,21:16:57.809,23.095,37.7,4099.7,89,
31.8.2026,21:16:58.015,23.095,37.7,4099.7,89,
31.8.2026,21:16:58.223,23.095,37.7,4099.7,89,
31.8.2026,21:16:58.430,23.095,37.7,4099.7,89,
31.8.2026,21:16:58.621,23.095,37.7,4099.7,89,
31.8.2026,21:16:58.828,23.095,37.7,4099.7,89,
31.8.2026,21:16:59.034,23.095,37.7,4099.7,89,
31.8.2026,21:16:59.243,23.095,37.7,4099.7,89,
31.8.2026,21:16:59.446,23.095,37.7,4099.7,89,
31.8.2026,21:16:59.651,23.095,37.7,4099.7,89,
31.8.2026,21:16:59.841,23.095,37.7,4099.7,89,
31.8.2026,21:17:0.057,23.095,37.7,4099.7,89,
31.8.2026,21:17:0.257,23.095,37.7,4099.7,89,
31.8.2026,21:17:0.462,23.095,37.7,4099.7,89,
31.8.2026,21:17:0.652,23.095,37.7,4099.7,89,
31.8.2026,21:17:0.858,23.095,37.7,4099.7,89,
31.8.2026,21:17:1.080,23.095,21.6,3899.7,79,
31.8.2026,21:17:1.271,23.095,21.6,3899.7,79,
31.8.2026,21:17:1.478,23.095,21.6,3899.7,79,
31.8.2026,21:17:1.669,23.095,21.6,3899.7,79,
31.8.2026,21:17:1.875,23.095,21.6,3899.7,79,
31.8.2026,21:17:2.082,23.095,21.6,3899.7,79,
31.8.2026,21:17:2.288,23.095,21.6,3899.7,79,
31.8.2026,21:17:2.495,23.095,21.6,3899.7,79,
31.8.2026,21:17:2.702,23.095,21.6,3899.7,79,
31.8.2026,21:17:2.910,23.095,21.6,3899.7,79,
31.8.2026,21:17:3.114,23.095,21.6,3899.7,79,
31.8.2026,21:17:3.321,23.095,21.6,3899.7,79,
31.8.2026,21:17:3.511,23.095,21.6,3899.7,79,
31.8.2026,21:17:3.720,23.095,21.6,3899.7,79,
31.8.2026,21:17:3.924,23.095,21.6,3899.7,79,
31.8.2026,21:17:4.131,23.095,21.6,3899.7,79,
31.8.2026,21:17:4.330,23.095,21.6,3899.7,79,
31.8.2026,21:17:4.531,23.095,21.6,3899.7,79,
31.8.2026,21:17:4.750,23.095,21.6,3899.7,79,
31.8.2026,21:17:4.943,23.095,21.6,3899.7,79,
31.8.2026,21:17:5.149,23.095,21.6,3899.7,79,
31.8.2026,21:17:5.340,23.095,21.6,3899.7,79,
31.8.2026,21:17:5.547,23.095,21.6,3899.7,79,
31.8.2026,21:17:5.753,23.095,21.6,3899.7,79,
31.8.2026,21:17:5.959,23.053,46.5,4099.7,85,
31.8.2026,21:17:6.166,23.053,46.5,4099.7,85,
31.8.2026,21:17:6.371,23.053,46.5,4099.7,85,
31.8.2026,21:17:6.577,23.053,46.5,4099.7,85,
31.8.2026,21:17:6.785,23.053,46.5,4099.7,85,
31.8.2026,21:17:6.989,23.053,46.5,4099.7,85,
31.8.2026,21:17:7.195,23.053,46.5,4099.7,85,
31.8.2026,21:17:7.402,23.053,46.5,4099.7,85,
31.8.2026,21:17:7.610,23.053,46.5,4099.7,85,
31.8.2026,21:17:7.817,24.023,48.2,3199.8,60,
31.8.2026,21:17:8.020,19.221,32.6,3799.7,63,
31.8.2026,21:17:8.227,18.532,27.4,4099.7,66,
31.8.2026,21:17:8.439,23.349,16.4,500.0,74,
31.8.2026,21:17:8.624,17.369,19.5,4099.7,58,
31.8.2026,21:17:8.830,17.298,9.4,4099.7,59,
31.8.2026,21:17:9.038,17.397,5.9,4099.7,54,
31.8.2026,21:17:9.245,10.075,5.0,4099.7,53,
31.8.2026,21:17:9.451,10.159,11.2,4099.7,55,
31.8.2026,21:17:9.659,11.940,6.3,4099.7,59,
31.8.2026,21:17:9.867,10.697,7.2,4699.7,60,
31.8.2026,21:17:10.071,12.453,8.5,4699.7,53,
31.8.2026,21:17:10.263,11.836,8.0,4099.7,53,
31.8.2026,21:17:10.470,9.142,8.9,4099.7,54,
31.8.2026,21:17:10.675,11.810,4.0,4099.7,51,
31.8.2026,21:17:10.881,9.625,5.8,4699.7,52,
31.8.2026,21:17:11.089,10.614,8.5,4099.7,52,
31.8.2026,21:17:11.294,10.682,11.3,4099.7,62,
31.8.2026,21:17:11.501,12.643,14.7,4099.7,63,
31.8.2026,21:17:11.708,13.761,7.1,4099.7,55,
31.8.2026,21:17:11.914,11.890,10.6,4099.7,64,
31.8.2026,21:17:12.106,14.101,17.6,4099.7,66,
31.8.2026,21:17:12.311,17.609,14.7,4099.7,64,
31.8.2026,21:17:12.517,17.687,10.3,4099.7,66,
31.8.2026,21:17:12.724,18.266,12.8,2499.8,69,
31.8.2026,21:17:12.929,16.189,21.9,4099.7,66,
31.8.2026,21:17:13.121,20.154,22.3,2799.8,59,
31.8.2026,21:17:13.329,18.933,22.3,2799.8,59,
31.8.2026,21:17:13.536,18.933,22.3,2799.8,59,
31.8.2026,21:17:13.739,18.933,22.3,2799.8,59,
31.8.2026,21:17:13.946,18.933,22.3,2799.8,59,
31.8.2026,21:17:14.137,18.933,22.3,2799.8,59,
31.8.2026,21:17:14.344,18.933,22.3,2799.8,59,
31.8.2026,21:17:14.551,18.933,22.3,2799.8,59,
31.8.2026,21:17:14.758,18.933,22.3,2799.8,59,
31.8.2026,21:17:14.963,18.933,22.3,2799.8,59,
31.8.2026,21:17:15.169,18.933,22.3,2799.8,59,
31.8.2026,21:17:15.377,18.933,22.3,2799.8,59,
31.8.2026,21:17:15.583,18.933,22.3,2799.8,59,
31.8.2026,21:17:15.790,18.933,22.3,2799.8,59,
31.8.2026,21:17:15.981,18.933,22.3,2799.8,59,
31.8.2026,21:17:16.189,18.933,22.3,2799.8,59,
31.8.2026,21:17:16.395,18.933,22.3,2799.8,59,
31.8.2026,21:17:16.600,18.933,22.3,2799.8,59,
31.8.2026,21:17:16.807,18.933,22.3,2799.8,59,
31.8.2026,21:17:17.014,18.933,22.3,2799.8,59,
31.8.2026,21:17:17.220,18.933,22.3,2799.8,59,
31.8.2026,21:17:17.429,18.933,22.3,2799.8,59,
31.8.2026,21:17:17.636,18.933,22.3,2799.8,59,
31.8.2026,21:17:17.823,18.933,22.3,2799.8,59,
31.8.2026,21:17:18.030,18.933,22.3,2799.8,59,
31.8.2026,21:17:18.237,18.933,22.3,2799.8,59,
31.8.2026,21:17:18.444,18.933,22.3,2799.8,59,
31.8.2026,21:17:18.650,18.933,22.3,2799.8,59,
31.8.2026,21:17:18.840,18.933,22.3,2799.8,59,
31.8.2026,21:17:19.048,18.933,22.3,2799.8,59,
31.8.2026,21:17:19.256,18.933,22.3,2799.8,59,
31.8.2026,21:17:19.463,18.933,22.3,2799.8,59,
31.8.2026,21:17:19.651,18.933,22.3,2799.8,59,
31.8.2026,21:17:19.856,18.933,22.3,2799.8,59,
31.8.2026,21:17:20.065,18.933,22.3,2799.8,59,
31.8.2026,21:17:20.269,18.933,22.3,2799.8,59,
31.8.2026,21:17:20.475,18.933,22.3,2799.8,59,
31.8.2026,21:17:20.680,18.933,22.3,2799.8,59,
31.8.2026,21:17:20.884,18.933,22.3,2799.8,59,
31.8.2026,21:17:21.077,18.933,22.3,2799.8,59,
31.8.2026,21:17:21.281,18.933,22.3,2799.8,59,
31.8.2026,21:17:21.486,18.933,22.3,2799.8,59,
31.8.2026,21:17:21.693,18.933,22.3,2799.8,59,
31.8.2026,21:17:21.899,28.181,22.3,2799.8,59,
31.8.2026,21:17:22.089,28.181,22.3,2799.8,59,
31.8.2026,21:17:22.296,28.181,22.3,2799.8,59,
31.8.2026,21:17:22.504,28.181,22.3,2799.8,59,
31.8.2026,21:17:22.708,28.181,22.3,2799.8,59,
31.8.2026,21:17:22.916,28.181,22.3,2799.8,59,
31.8.2026,21:17:23.120,28.181,22.3,2799.8,59,
31.8.2026,21:17:23.310,28.181,22.3,2799.8,59,
31.8.2026,21:17:23.518,28.181,22.3,2799.8,59,
31.8.2026,21:17:23.725,28.181,22.3,2799.8,59,
31.8.2026,21:17:23.931,28.181,22.3,2799.8,59,
31.8.2026,21:17:24.121,28.181,22.3,2799.8,59,
31.8.2026,21:17:24.326,28.181,22.3,2799.8,59,
31.8.2026,21:17:24.533,28.181,22.3,2799.8,59,
31.8.2026,21:17:24.738,28.181,22.3,2799.8,59,
31.8.2026,21:17:24.941,28.181,22.3,2799.8,59,
31.8.2026,21:17:25.146,28.181,22.3,2799.8,59,
31.8.2026,21:17:25.354,28.181,22.3,2799.8,59,
31.8.2026,21:17:25.555,28.181,22.3,2799.8,59,
31.8.2026,21:17:25.747,28.181,22.3,2799.8,59,
31.8.2026,21:17:25.954,28.181,22.3,2799.8,59,
31.8.2026,21:17:26.160,28.181,22.3,2799.8,59,
31.8.2026,21:17:26.368,28.181,22.3,2799.8,59,
31.8.2026,21:17:26.558,28.181,30.1,4099.7,87,
31.8.2026,21:17:26.764,28.181,30.1,4099.7,87,
31.8.2026,21:17:26.969,28.181,30.1,4099.7,87,
31.8.2026,21:17:27.175,28.181,30.1,4099.7,87,
31.8.2026,21:17:27.382,28.181,30.1,4099.7,87,
31.8.2026,21:17:27.588,28.181,30.1,4099.7,87,
31.8.2026,21:17:27.777,28.181,30.1,4099.7,87,
31.8.2026,21:17:27.985,28.181,30.1,4099.7,87,
31.8.2026,21:17:28.192,28.181,30.1,4099.7,87,
31.8.2026,21:17:28.398,28.181,30.1,4099.7,87,
31.8.2026,21:17:28.604,28.181,30.1,4099.7,87,
31.8.2026,21:17:28.812,28.181,30.1,4099.7,87,
31.8.2026,21:17:29.019,28.181,30.1,4099.7,87,
31.8.2026,21:17:29.226,28.181,30.1,4099.7,87,
31.8.2026,21:17:29.434,28.181,30.1,4099.7,87,
31.8.2026,21:17:29.624,28.181,30.1,4099.7,87,
31.8.2026,21:17:29.829,28.181,30.1,4099.7,87,
31.8.2026,21:17:30.035,28.181,30.1,4099.7,87,
31.8.2026,21:17:30.243,28.181,30.1,4099.7,87,
31.8.2026,21:17:30.434,28.181,30.1,4099.7,87,
31.8.2026,21:17:30.642,28.181,30.1,4099.7,87,
31.8.2026,21:17:30.848,28.181,30.1,4099.7,87,
31.8.2026,21:17:31.055,28.181,30.1,4099.7,87,
31.8.2026,21:17:31.261,28.181,30.1,4099.7,87,
31.8.2026,21:17:31.468,28.181,33.6,3099.8,66,
31.8.2026,21:17:31.676,22.892,33.6,3099.8,66,
31.8.2026,21:17:31.877,22.892,33.6,3099.8,66,
31.8.2026,21:17:32.085,22.892,33.6,3099.8,66,
31.8.2026,21:17:32.292,22.892,33.6,3099.8,66,
31.8.2026,21:17:32.496,22.892,33.6,3099.8,66,
31.8.2026,21:17:32.684,22.892,33.6,3099.8,66,
31.8.2026,21:17:32.888,22.892,33.6,3099.8,66,
31.8.2026,21:17:33.092,22.892,33.6,3099.8,66,
31.8.2026,21:17:33.297,22.892,33.6,3099.8,66,
31.8.2026,21:17:33.504,22.892,33.6,3099.8,66,
31.8.2026,21:17:33.709,22.892,33.6,3099.8,66,
31.8.2026,21:17:33.919,22.892,33.6,3099.8,66,
31.8.2026,21:17:34.119,22.892,33.6,3099.8,66,
31.8.2026,21:17:34.327,22.892,33.6,3099.8,66,
31.8.2026,21:17:34.528,22.892,33.6,3099.8,66,
31.8.2026,21:17:34.736,22.892,33.6,3099.8,66,
31.8.2026,21:17:34.939,22.892,33.6,3099.8,66,
31.8.2026,21:17:35.144,22.892,33.6,3099.8,66,
31.8.2026,21:17:35.351,22.892,33.6,3099.8,66,
31.8.2026,21:17:35.542,22.892,33.6,3099.8,66,
31.8.2026,21:17:35.749,22.892,33.6,3099.8,66,
31.8.2026,21:17:35.956,22.892,33.6,3099.8,66,
31.8.2026,21:17:36.162,22.892,33.6,3099.8,66,
31.8.2026,21:17:36.368,22.892,37.8,3899.7,74,
31.8.2026,21:17:36.558,22.728,37.8,3899.7,74,
31.8.2026,21:17:36.764,22.728,37.8,3899.7,74,
31.8.2026,21:17:36.971,22.728,37.8,3899.7,74,
31.8.2026,21:17:37.179,22.728,37.8,3899.7,74,
31.8.2026,21:17:37.382,22.728,37.8,3899.7,74,
31.8.2026,21:17:37.587,22.728,37.8,3899.7,74,
31.8.2026,21:17:37.777,22.728,37.8,3899.7,74,
31.8.2026,21:17:37.984,22.728,37.8,3899.7,74,
31.8.2026,21:17:38.190,22.728,37.8,3899.7,74,
31.8.2026,21:17:38.397,22.728,37.8,3899.7,74,
31.8.2026,21:17:38.605,22.728,37.8,3899.7,74,
31.8.2026,21:17:38.811,22.728,37.8,3899.7,74,
31.8.2026,21:17:39.018,22.728,37.8,3899.7,74,
31.8.2026,21:17:39.227,22.728,37.8,3899.7,74,
31.8.2026,21:17:39.431,22.728,37.8,3899.7,74,
31.8.2026,21:17:39.621,22.728,37.8,3899.7,74,
31.8.2026,21:17:39.828,22.728,37.8,3899.7,74,
31.8.2026,21:17:40.034,22.728,37.8,3899.7,74,
31.8.2026,21:17:40.241,22.728,37.8,3899.7,74,
31.8.2026,21:17:40.446,22.728,37.8,3899.7,74,
31.8.2026,21:17:40.639,22.929,37.8,3899.7,74,
31.8.2026,21:17:40.846,22.929,37.8,3899.7,74,
31.8.2026,21:17:41.052,22.929,37.8,3899.7,74,
31.8.2026,21:17:41.259,22.929,37.8,3899.7,74,
31.8.2026,21:17:41.450,22.929,37.8,3899.7,74,
31.8.2026,21:17:41.657,22.929,37.8,3899.7,74,
31.8.2026,21:17:41.864,22.929,37.8,3899.7,74,
31.8.2026,21:17:42.072,22.929,37.8,3899.7,74,
31.8.2026,21:17:42.263,22.929,37.8,3899.7,74,
31.8.2026,21:17:42.470,22.929,37.8,3899.7,74,
31.8.2026,21:17:42.677,22.929,37.8,3899.7,74,
31.8.2026,21:17:42.884,22.929,37.8,3899.7,74,
31.8.2026,21:17:43.078,22.929,37.8,3899.7,74,
31.8.2026,21:17:43.281,22.929,37.8,3899.7,74,
31.8.2026,21:17:43.487,22.929,37.8,3899.7,74,
31.8.2026,21:17:43.694,22.929,37.8,3899.7,74,
31.8.2026,21:17:43.900,22.929,37.8,3899.7,74,
31.8.2026,21:17:44.107,22.929,37.8,3899.7,74,
31.8.2026,21:17:44.313,22.929,37.8,3899.7,74,
31.8.2026,21:17:44.518,22.929,37.8,3899.7,74,
31.8.2026,21:17:44.725,22.929,37.8,3899.7,74,
31.8.2026,21:17:44.934,22.929,37.8,3899.7,74,
31.8.2026,21:17:45.122,22.929,37.8,3899.7,74,
31.8.2026,21:17:45.329,22.929,37.8,3899.7,74,
31.8.2026,21:17:45.533,22.929,37.8,3899.7,74,
31.8.2026,21:17:45.738,22.929,37.8,3899.7,74,
31.8.2026,21:17:45.942,22.929,37.8,3899.7,74,
31.8.2026,21:17:46.146,22.929,26.3,3999.7,79,
31.8.2026,21:17:46.350,22.929,26.3,3999.7,79,
31.8.2026,21:17:46.555,22.929,26.3,3999.7,79,
31.8.2026,21:17:46.745,22.929,26.3,3999.7,79,
31.8.2026,21:17:46.955,22.929,26.3,3999.7,79,
31.8.2026,21:17:47.160,22.929,26.3,3999.7,79,
31.8.2026,21:17:47.361,22.929,26.3,3999.7,79,
31.8.2026,21:17:47.566,22.929,26.3,3999.7,79,
31.8.2026,21:17:47.774,22.929,26.3,3999.7,79,
31.8.2026,21:17:47.979,22.929,26.3,3999.7,79,
31.8.2026,21:17:48.168,22.929,26.3,3999.7,79,
31.8.2026,21:17:48.373,22.929,26.3,3999.7,79,
31.8.2026,21:17:48.579,22.929,26.3,3999.7,79,
31.8.2026,21:17:48.783,22.929,26.3,3999.7,79,
31.8.2026,21:17:48.988,22.929,26.3,3999.7,79,
31.8.2026,21:17:49.193,22.929,26.3,3999.7,79,
31.8.2026,21:17:49.399,22.929,26.3,3999.7,79,
31.8.2026,21:17:49.589,22.929,26.3,3999.7,79,
31.8.2026,21:17:49.797,22.929,26.3,3999.7,79,
31.8.2026,21:17:50.003,23.084,26.3,3999.7,79,
31.8.2026,21:17:50.210,23.084,26.3,3999.7,79,
31.8.2026,21:17:50.415,23.084,26.3,3999.7,79,
31.8.2026,21:17:50.605,23.084,26.3,3999.7,79,
31.8.2026,21:17:50.811,23.084,26.3,3999.7,79,
31.8.2026,21:17:51.016,23.084,26.3,3999.7,79,
31.8.2026,21:17:51.223,23.084,26.3,3999.7,79,
31.8.2026,21:17:51.429,23.084,26.3,3999.7,79,
31.8.2026,21:17:51.619,23.084,26.3,3999.7,79,
31.8.2026,21:17:51.826,23.084,26.3,3999.7,79,
31.8.2026,21:17:52.033,23.084,26.3,3999.7,79,
31.8.2026,21:17:52.240,23.084,26.3,3999.7,79,
31.8.2026,21:17:52.446,23.084,26.3,3999.7,79,
31.8.2026,21:17:52.636,23.084,26.3,3999.7,79,
31.8.2026,21:17:52.846,23.084,26.3,3999.7,79,
31.8.2026,21:17:53.051,23.084,26.3,3999.7,79,
31.8.2026,21:17:53.256,23.084,26.3,3999.7,79,
31.8.2026,21:17:53.463,23.084,26.3,3999.7,79,
31.8.2026,21:17:53.673,23.084,26.3,3999.7,79,
31.8.2026,21:17:53.880,23.084,26.3,3999.7,79,
31.8.2026,21:17:54.086,23.084,26.3,3999.7,79,
31.8.2026,21:17:54.291,23.084,26.3,3999.7,79,
31.8.2026,21:17:54.482,23.084,40.6,3699.8,72,
31.8.2026,21:17:54.689,23.084,40.6,3699.8,72,
31.8.2026,21:17:54.894,23.084,40.6,3699.8,72,
31.8.2026,21:17:55.100,23.084,40.6,3699.8,72,
31.8.2026,21:17:55.305,23.084,40.6,3699.8,72,
31.8.2026,21:17:55.495,23.084,40.6,3699.8,72,
31.8.2026,21:17:55.700,23.084,40.6,3699.8,72,
31.8.2026,21:17:55.905,23.084,40.6,3699.8,72,
31.8.2026,21:17:56.111,23.084,40.6,3699.8,72,
31.8.2026,21:17:56.319,23.084,40.6,3699.8,72,
31.8.2026,21:17:56.523,23.084,40.6,3699.8,72,
31.8.2026,21:17:56.727,23.084,40.6,3699.8,72,
31.8.2026,21:17:56.919,23.084,40.6,3699.8,72,
31.8.2026,21:17:57.125,23.084,40.6,3699.8,72,
31.8.2026,21:17:57.332,23.084,40.6,3699.8,72,
31.8.2026,21:17:57.540,23.084,40.6,3699.8,72,
31.8.2026,21:17:57.731,22.973,40.6,3699.8,72,
31.8.2026,21:17:57.936,22.973,40.6,3699.8,72,
31.8.2026,21:17:58.144,22.973,40.6,3699.8,72,
31.8.2026,21:17:58.351,22.973,40.6,3699.8,72,
31.8.2026,21:17:58.555,22.973,40.6,3699.8,72,
31.8.2026,21:17:58.761,22.973,40.6,3699.8,72,
31.8.2026,21:17:58.968,22.973,40.6,3699.8,72,
31.8.2026,21:17:59.175,22.973,40.6,3699.8,72,
31.8.2026,21:17:59.382,22.973,40.6,3699.8,72,
31.8.2026,21:17:59.589,22.973,40.6,3699.8,72,
31.8.2026,21:17:59.794,22.973,40.6,3699.8,72,
31.8.2026,21:18:0.001,22.973,40.6,3699.8,72,
31.8.2026,21:18:0.207,22.973,40.6,3699.8,72,
31.8.2026,21:18:0.415,22.973,40.6,3699.8,72,
31.8.2026,21:18:0.606,22.973,40.6,3699.8,72,
31.8.2026,21:18:0.813,22.973,40.6,3699.8,72,
31.8.2026,21:18:1.020,22.973,40.6,3699.8,72,
31.8.2026,21:18:1.227,22.973,40.6,3699.8,72,
31.8.2026,21:18:1.434,22.973,40.6,3699.8,72,
31.8.2026,21:18:1.641,22.973,40.6,3699.8,72,
31.8.2026,21:18:1.843,22.973,40.6,3699.8,72,
31.8.2026,21:18:2.050,22.973,40.6,3699.8,72,
31.8.2026,21:18:2.258,22.973,40.6,3699.8,72,
31.8.2026,21:18:2.464,22.973,40.6,3699.8,72,
31.8.2026,21:18:2.655,22.973,40.6,3699.8,72,
31.8.2026,21:18:2.863,22.973,40.6,3699.8,72,
31.8.2026,21:18:3.070,22.973,28.6,4099.7,81,
31.8.2026,21:18:3.277,22.973,28.6,4099.7,81,
31.8.2026,21:18:3.467,22.973,28.6,4099.7,81,
31.8.2026,21:18:3.672,22.973,28.6,4099.7,81,
31.8.2026,21:18:3.879,22.973,28.6,4099.7,81,
31.8.2026,21:18:4.086,22.973,28.6,4099.7,81,
31.8.2026,21:18:4.277,22.973,28.6,4099.7,81,
31.8.2026,21:18:4.483,22.973,28.6,4099.7,81,
31.8.2026,21:18:4.690,22.973,28.6,4099.7,81,
31.8.2026,21:18:4.897,22.973,28.6,4099.7,81,
31.8.2026,21:18:5.103,22.973,28.6,4099.7,81,
31.8.2026,21:18:5.293,22.973,28.6,4099.7,81,
31.8.2026,21:18:5.500,22.973,28.6,4099.7,81,
31.8.2026,21:18:5.707,23.251,28.6,4099.7,81,
31.8.2026,21:18:5.915,23.251,28.6,4099.7,81,
31.8.2026,21:18:6.105,23.251,28.6,4099.7,81,
31.8.2026,21:18:6.312,23.251,28.6,4099.7,81,
31.8.2026,21:18:6.521,23.251,28.6,4099.7,81,
31.8.2026,21:18:6.725,23.251,28.6,4099.7,81,
31.8.2026,21:18:6.932,23.251,28.6,4099.7,81,
31.8.2026,21:18:7.140,23.251,28.6,4099.7,81,
31.8.2026,21:18:7.344,23.251,28.6,4099.7,81,
31.8.2026,21:18:7.550,23.251,28.6,4099.7,81,
31.8.2026,21:18:7.757,23.251,28.6,4099.7,81,
31.8.2026,21:18:7.949,23.251,28.6,4099.7,81,
31.8.2026,21:18:8.156,23.251,28.6,4099.7,81,
31.8.2026,21:18:8.363,23.251,28.6,4099.7,81,
31.8.2026,21:18:8.572,23.251,28.6,4099.7,81,
31.8.2026,21:18:8.775,23.251,28.6,4099.7,81,
31.8.2026,21:18:8.982,23.251,28.6,4099.7,81,
31.8.2026,21:18:9.187,23.251,28.6,4099.7,81,
31.8.2026,21:18:9.394,23.251,28.6,4099.7,81,
31.8.2026,21:18:9.601,23.251,28.6,4099.7,81,
31.8.2026,21:18:9.793,23.251,28.6,4099.7,81,
31.8.2026,21:18:10.000,23.251,28.6,4099.7,81,
31.8.2026,21:18:10.206,23.251,28.6,4099.7,81,
31.8.2026,21:18:10.413,23.251,28.6,4099.7,81,
31.8.2026,21:18:10.620,23.251,28.6,4099.7,81,
31.8.2026,21:18:10.827,23.251,28.6,4099.7,81,
31.8.2026,21:18:11.033,23.251,28.6,4099.7,81,
31.8.2026,21:18:11.239,23.251,28.6,4099.7,81,
31.8.2026,21:18:11.446,23.251,28.6,4099.7,81,
31.8.2026,21:18:11.636,23.251,28.6,4099.7,81,
31.8.2026,21:18:11.842,23.251,28.6,4099.7,81,
31.8.2026,21:18:12.048,23.251,28.6,4099.7,81,
31.8.2026,21:18:12.253,23.251,28.6,4099.7,81,
31.8.2026,21:18:12.459,23.251,28.6,4099.7,81,
31.8.2026,21:18:12.667,23.251,28.6,4099.7,81,
31.8.2026,21:18:12.858,23.251,28.6,4099.7,81,
31.8.2026,21:18:13.064,23.251,28.6,4099.7,81,
31.8.2026,21:18:13.270,23.251,91.6,3599.8,67,
31.8.2026,21:18:13.476,23.077,12.3,4099.7,66,
31.8.2026,21:18:13.681,14.650,9.4,4699.7,66,
31.8.2026,21:18:13.874,14.798,18.6,4099.7,69,
31.8.2026,21:18:14.081,19.053,12.6,4699.7,67,
31.8.2026,21:18:14.285,17.818,16.6,4099.7,77,
31.8.2026,21:18:14.491,20.087,15.7,4099.7,67,
31.8.2026,21:18:14.682,19.170,18.2,4099.7,72,
31.8.2026,21:18:14.888,19.793,12.9,4699.7,74,
31.8.2026,21:18:15.097,19.069,11.9,4699.7,57,
31.8.2026,21:18:15.301,15.955,5.9,4699.7,53,
31.8.2026,21:18:15.506,9.490,14.7,4099.7,75,
31.8.2026,21:18:15.713,16.624,18.9,4099.7,64,
31.8.2026,21:18:15.919,19.325,16.2,4099.7,60,
31.8.2026,21:18:16.128,17.945,15.3,4699.7,75,
31.8.2026,21:18:16.331,18.423,15.8,4099.7,74,
31.8.2026,21:18:16.538,19.704,10.4,4099.7,54,
31.8.2026,21:18:16.744,15.605,13.5,4699.7,72,
31.8.2026,21:18:16.936,18.577,17.1,4699.7,69,
31.8.2026,21:18:17.143,18.348,15.1,4699.7,71,
31.8.2026,21:18:17.350,19.012,15.1,4699.7,64,
31.8.2026,21:18:17.552,17.566,13.1,4699.7,72,
31.8.2026,21:18:17.757,16.746,9.4,4099.7,55,
31.8.2026,21:18:17.963,16.226,15.3,4699.7,66,
31.8.2026,21:18:18.170,17.413,15.1,4699.7,66,
31.8.2026,21:18:18.376,19.055,14.6,4699.7,78,
31.8.2026,21:18:18.585,19.685,17.8,4099.7,60,
31.8.2026,21:18:18.791,19.635,13.6,4099.7,70,
31.8.2026,21:18:19.000,20.440,15.1,4099.7,70,
31.8.2026,21:18:19.217,14.471,15.3,4699.7,71,
31.8.2026,21:18:19.425,19.219,13.1,4699.7,64,
31.8.2026,21:18:19.616,16.966,14.8,4099.7,66,
31.8.2026,21:18:19.821,17.851,12.8,4699.7,72,
31.8.2026,21:18:20.011,18.173,12.8,4699.7,72,
31.8.2026,21:18:20.218,18.570,17.1,4699.7,66,
31.8.2026,21:18:20.425,20.361,21.8,4099.7,68,
31.8.2026,21:18:20.629,24.424,33.1,4099.7,69,
31.8.2026,21:18:20.835,24.702,38.0,4099.7,68,
31.8.2026,21:18:21.043,24.047,22.2,4099.7,75,
31.8.2026,21:18:21.231,18.588,15.8,4099.7,77,
31.8.2026,21:18:21.437,15.456,14.2,600.0,86,
31.8.2026,21:18:21.647,17.021,12.5,4099.7,88,
31.8.2026,21:18:21.851,17.503,15.0,4099.7,83,
31.8.2026,21:18:22.059,20.053,17.9,4099.7,76,
31.8.2026,21:18:22.247,22.883,34.5,4099.7,74,
31.8.2026,21:18:22.453,20.422,18.6,4099.7,74,
31.8.2026,21:18:22.662,18.549,11.8,4699.7,78,
31.8.2026,21:18:22.865,13.464,9.7,4099.7,74,
31.8.2026,21:18:23.071,10.817,6.6,4099.7,77,
31.8.2026,21:18:23.260,13.425,7.7,4099.7,84,
31.8.2026,21:18:23.468,13.365,13.1,4099.7,58,
31.8.2026,21:18:23.671,15.845,15.5,1899.9,72,
31.8.2026,21:18:23.881,19.332,14.6,3399.8,79,
31.8.2026,21:18:24.086,12.124,11.1,4099.7,54,
31.8.2026,21:18:24.278,11.211,6.5,4099.7,58,
31.8.2026,21:18:24.482,10.509,11.9,4099.7,56,
31.8.2026,21:18:24.689,12.140,8.4,4099.7,57,
31.8.2026,21:18:24.896,11.545,8.2,4099.7,53,
31.8.2026,21:18:25.102,15.133,11.0,500.0,75,
31.8.2026,21:18:25.296,15.133,14.5,4099.7,78,
31.8.2026,21:18:25.499,20.295,19.4,4699.7,54,
31.8.2026,21:18:25.707,17.402,6.2,4099.7,53,
31.8.2026,21:18:25.912,9.853,4.6,4099.7,55,
31.8.2026,21:18:26.118,10.084,5.9,4099.7,64,
31.8.2026,21:18:26.309,10.248,14.9,4099.7,78,
31.8.2026,21:18:26.515,14.653,25.5,4099.7,60,
31.8.2026,21:18:26.721,21.359,11.4,4099.7,70,
31.8.2026,21:18:26.927,16.180,8.0,4099.7,52,
31.8.2026,21:18:27.135,10.954,5.6,4099.7,51,
31.8.2026,21:18:27.343,9.867,9.3,4699.7,51,
31.8.2026,21:18:27.550,9.279,9.5,1999.9,51,
31.8.2026,21:18:27.756,9.740,4.0,4699.7,54,
31.8.2026,21:18:27.963,9.213,5.7,4099.7,50,
31.8.2026,21:18:28.170,9.136,11.0,4099.7,49,
31.8.2026,21:18:28.377,9.002,5.6,4099.7,50,
31.8.2026,21:18:28.586,9.569,4.2,4099.7,51,
31.8.2026,21:18:28.777,9.847,11.5,4099.7,52,
31.8.2026,21:18:28.985,8.965,4.6,4099.7,50,
31.8.2026,21:18:29.190,10.450,5.9,4699.7,50,
31.8.2026,21:18:29.400,9.462,6.6,4099.7,50,
31.8.2026,21:18:29.606,9.320,5.7,4699.7,50,
31.8.2026,21:18:29.810,9.971,15.5,4099.7,58,
31.8.2026,21:18:30.017,12.470,7.5,4099.7,67,
31.8.2026,21:18:30.224,12.854,10.3,4099.7,50,
31.8.2026,21:18:30.429,12.583,9.6,4699.7,55,
31.8.2026,21:18:30.636,13.335,13.9,4099.7,58,
31.8.2026,21:18:30.842,18.919,19.8,4099.7,70,
31.8.2026,21:18:31.050,19.457,12.4,4099.7,66,
31.8.2026,21:18:31.257,17.481,15.4,4099.7,62,
31.8.2026,21:18:31.463,18.865,13.0,4099.7,62,
31.8.2026,21:18:31.651,18.435,20.0,500.0,65,
31.8.2026,21:18:31.858,19.337,30.4,4099.7,60,
31.8.2026,21:18:32.066,23.396,9.6,4099.7,83,
31.8.2026,21:18:32.270,11.513,14.1,400.0,56,
31.8.2026,21:18:32.477,18.453,11.3,4099.7,50,
31.8.2026,21:18:32.670,14.614,18.6,4699.7,50,
31.8.2026,21:18:32.874,12.301,21.6,3699.8,71,
31.8.2026,21:18:33.080,24.380,22.3,4699.7,60,
31.8.2026,21:18:33.286,21.785,20.8,4099.7,62,
31.8.2026,21:18:33.492,19.445,15.8,4099.7,52,
31.8.2026,21:18:33.685,15.212,14.3,4099.7,50,
31.8.2026,21:18:33.891,12.046,6.5,4099.7,52,
31.8.2026,21:18:34.099,13.014,10.7,4699.7,49,
31.8.2026,21:18:34.304,13.190,6.8,4099.7,51,
31.8.2026,21:18:34.512,11.280,7.0,4099.7,55,
31.8.2026,21:18:34.716,11.563,12.9,4099.7,49,
31.8.2026,21:18:34.926,11.062,6.0,4099.7,59,
31.8.2026,21:18:35.135,11.077,11.4,2999.8,70,
31.8.2026,21:18:35.337,14.963,11.7,4099.7,50,
31.8.2026,21:18:35.529,14.974,16.2,4099.7,69,
31.8.2026,21:18:35.736,14.135,14.2,4099.7,62,
31.8.2026,21:18:35.942,18.017,18.3,500.0,78,
31.8.2026,21:18:36.146,21.964,21.0,4699.7,75,
31.8.2026,21:18:36.351,20.172,22.7,4099.7,60,
31.8.2026,21:18:36.542,21.937,20.2,4099.7,72,
31.8.2026,21:18:36.749,21.185,13.2,3599.8,68,
31.8.2026,21:18:36.956,17.456,15.2,4099.7,72,
31.8.2026,21:18:37.162,20.697,24.6,4099.7,64,
31.8.2026,21:18:37.367,25.386,24.6,4099.7,64,
31.8.2026,21:18:37.576,25.933,34.9,3199.8,68,
31.8.2026,21:18:37.779,26.436,26.8,4099.7,69,
31.8.2026,21:18:37.986,21.634,12.5,4099.7,72,
31.8.2026,21:18:38.193,17.168,14.2,4099.7,74,
31.8.2026,21:18:38.399,17.911,14.0,4099.7,75,
31.8.2026,21:18:38.589,20.636,14.0,4099.7,75,
31.8.2026,21:18:38.796,19.211,20.0,4699.7,63,
31.8.2026,21:18:39.003,19.314,13.4,4099.7,78,
31.8.2026,21:18:39.224,19.385,14.0,4099.7,75,
31.8.2026,21:18:39.415,15.505,9.9,4099.7,58,
31.8.2026,21:18:39.605,17.203,16.1,4699.7,70,
31.8.2026,21:18:39.814,16.829,19.1,4699.7,87,
31.8.2026,21:18:40.017,15.589,11.6,4599.7,79,
31.8.2026,21:18:40.225,13.287,8.2,400.0,64,
31.8.2026,21:18:40.430,13.043,12.1,400.0,73,
31.8.2026,21:18:40.622,11.684,11.4,4699.7,86,
31.8.2026,21:18:40.828,17.764,19.0,4099.7,76,
31.8.2026,21:18:41.035,15.750,10.8,1599.9,79,
31.8.2026,21:18:41.241,11.665,7.2,4099.7,75,
31.8.2026,21:18:41.446,13.924,10.7,4099.7,68,
31.8.2026,21:18:41.637,19.436,12.9,3099.8,69,
31.8.2026,21:18:41.842,18.833,19.7,4099.7,61,
31.8.2026,21:18:42.047,17.399,12.8,4099.7,63,
31.8.2026,21:18:42.253,21.086,22.5,4099.7,66,
31.8.2026,21:18:42.458,22.642,26.1,4099.7,59,
31.8.2026,21:18:42.663,15.169,11.6,400.0,54,
31.8.2026,21:18:42.871,18.155,17.1,4099.7,62,
31.8.2026,21:18:43.075,19.562,21.2,4099.7,63,
31.8.2026,21:18:43.284,19.962,22.7,4099.7,71,
31.8.2026,21:18:43.488,19.714,15.3,4099.7,64,
31.8.2026,21:18:43.695,20.034,19.1,4099.7,77,
31.8.2026,21:18:43.901,19.785,14.0,4099.7,78,
31.8.2026,21:18:44.108,18.162,18.5,4099.7,67,
31.8.2026,21:18:44.312,19.330,16.6,4099.7,63,
31.8.2026,21:18:44.518,19.191,15.0,4099.7,72,
31.8.2026,21:18:44.738,18.554,13.4,4099.7,68,
31.8.2026,21:18:44.928,19.040,15.7,400.0,59,
31.8.2026,21:18:45.134,16.355,15.0,4099.7,64,
31.8.2026,21:18:45.326,18.911,13.7,4099.7,70,
31.8.2026,21:18:45.530,20.061,17.5,4699.7,78,
31.8.2026,21:18:45.737,19.680,15.2,4099.7,58,
31.8.2026,21:18:45.943,18.750,14.2,4699.7,66,
31.8.2026,21:18:46.153,20.676,21.8,4099.7,67,
31.8.2026,21:18:46.342,20.676,35.5,4099.7,84,
31.8.2026,21:18:46.547,29.220,37.3,4099.7,81,
31.8.2026,21:18:46.754,29.098,19.4,4699.7,70,
31.8.2026,21:18:46.960,20.925,22.0,4099.7,89,
31.8.2026,21:18:47.174,24.248,28.1,400.0,57,
31.8.2026,21:18:47.358,23.288,32.1,3199.8,74,
31.8.2026,21:18:47.563,24.251,19.5,3899.7,79,
31.8.2026,21:18:47.769,21.951,15.1,4099.7,72,
31.8.2026,21:18:47.976,20.053,14.5,4099.7,68,
31.8.2026,21:18:48.183,20.458,10.2,4099.7,57,
31.8.2026,21:18:48.371,13.769,15.3,4099.7,56,
31.8.2026,21:18:48.578,14.613,9.0,4099.7,53,
31.8.2026,21:18:48.784,12.410,22.9,4099.7,65,
31.8.2026,21:18:48.990,18.689,28.1,4099.7,61,
31.8.2026,21:18:49.191,22.830,45.4,4099.7,66,
31.8.2026,21:18:49.396,29.130,18.3,4099.7,68,
31.8.2026,21:18:49.601,18.921,40.0,4099.7,86,
31.8.2026,21:18:49.806,30.035,25.9,3499.8,72,
31.8.2026,21:18:49.996,22.784,34.4,2399.8,71,
31.8.2026,21:18:50.201,25.639,28.0,4099.7,66,
31.8.2026,21:18:50.407,23.990,28.8,4099.7,68,
31.8.2026,21:18:50.612,23.526,38.9,4099.7,63,
31.8.2026,21:18:50.819,24.410,28.5,4099.7,61,
31.8.2026,21:18:51.025,23.893,14.3,4099.7,74,
31.8.2026,21:18:51.215,19.725,15.0,4099.7,52,
31.8.2026,21:18:51.422,13.587,7.8,4099.7,52,
31.8.2026,21:18:51.627,11.901,4.3,4099.7,50,
31.8.2026,21:18:51.837,9.313,8.0,4099.7,54,
31.8.2026,21:18:52.041,13.001,10.5,4099.7,52,
31.8.2026,21:18:52.248,14.226,19.7,4099.7,64,
31.8.2026,21:18:52.454,17.641,10.9,4099.7,54,
31.8.2026,21:18:52.660,11.434,7.4,4099.7,64,
31.8.2026,21:18:52.865,12.366,14.2,4099.7,61,
31.8.2026,21:18:53.070,18.577,17.2,4099.7,65,
31.8.2026,21:18:53.279,19.189,30.8,4099.7,64,
31.8.2026,21:18:53.484,25.040,37.7,4099.7,67,
31.8.2026,21:18:53.688,23.505,25.9,4099.7,66,
31.8.2026,21:18:53.893,24.874,13.1,4099.7,56,
31.8.2026,21:18:54.099,16.848,10.7,4099.7,52,
31.8.2026,21:18:54.304,15.795,12.7,4099.7,60,
31.8.2026,21:18:54.510,16.889,14.7,4099.7,53,
31.8.2026,21:18:54.701,18.541,18.5,4099.7,55,
31.8.2026,21:18:54.905,17.380,10.9,4099.7,61,
31.8.2026,21:18:55.111,17.464,11.0,4099.7,72,
31.8.2026,21:18:55.317,15.184,12.5,4099.7,68,
31.8.2026,21:18:55.523,17.700,11.0,4699.7,53,
31.8.2026,21:18:55.715,15.947,14.1,4099.7,54,
31.8.2026,21:18:55.921,11.645,12.1,4099.7,53,
31.8.2026,21:18:56.126,16.544,11.6,4099.7,63,
31.8.2026,21:18:56.346,15.937,13.1,4699.7,58,
31.8.2026,21:18:56.540,15.580,12.0,4099.7,58,
31.8.2026,21:18:56.745,14.082,15.4,4099.7,52,
31.8.2026,21:18:56.951,14.113,8.6,4099.7,50,
31.8.2026,21:18:57.160,12.450,7.8,1299.9,63,
31.8.2026,21:18:57.364,12.439,8.2,4099.7,56,
31.8.2026,21:18:57.570,12.738,10.1,4099.7,58,
31.8.2026,21:18:57.777,13.141,17.5,4099.7,53,
31.8.2026,21:18:57.984,12.612,9.5,4099.7,51,
31.8.2026,21:18:58.191,13.052,5.4,4099.7,49,
31.8.2026,21:18:58.396,9.909,9.1,4699.7,61,
31.8.2026,21:18:58.602,11.993,7.1,4099.7,49,
31.8.2026,21:18:58.795,11.952,10.1,4699.7,50,
31.8.2026,21:18:59.004,9.619,8.5,4699.7,51,
31.8.2026,21:18:59.208,12.402,8.8,4699.7,75,
31.8.2026,21:18:59.416,12.038,7.9,4699.7,48,
31.8.2026,21:18:59.620,11.787,18.4,4099.7,68,
31.8.2026,21:18:59.828,16.629,9.1,4099.7,59,
31.8.2026,21:19:0.032,14.261,15.4,4099.7,59,
31.8.2026,21:19:0.239,17.114,10.3,4699.7,51,
31.8.2026,21:19:0.444,13.750,26.6,4099.7,65,
31.8.2026,21:19:0.651,20.988,14.9,4099.7,50,
31.8.2026,21:19:0.859,12.949,9.5,4099.7,50,
31.8.2026,21:19:1.064,13.037,10.6,4699.7,51,
31.8.2026,21:19:1.272,12.814,6.8,4699.7,49,
31.8.2026,21:19:1.475,11.609,8.0,4099.7,49,
31.8.2026,21:19:1.681,10.286,9.0,4099.7,64,
31.8.2026,21:19:1.870,13.534,9.0,4099.7,64,
31.8.2026,21:19:2.078,20.901,25.8,3399.8,56,
31.8.2026,21:19:2.282,21.928,26.0,4699.7,60,
31.8.2026,21:19:2.489,16.267,13.0,1899.9,60,
31.8.2026,21:19:2.695,11.860,6.7,4099.7,49,
31.8.2026,21:19:2.888,11.331,6.6,500.0,49,
31.8.2026,21:19:3.093,10.896,10.7,4099.7,77,
31.8.2026,21:19:3.300,15.714,12.2,4099.7,82,
31.8.2026,21:19:3.506,13.049,9.0,4099.7,80,
31.8.2026,21:19:3.713,13.273,8.6,500.0,84,
31.8.2026,21:19:3.903,13.068,8.8,400.0,68,
31.8.2026,21:19:4.112,14.128,17.6,4099.7,59,
31.8.2026,21:19:4.317,13.452,10.1,4099.7,68,
31.8.2026,21:19:4.522,17.683,14.2,4099.7,82,
31.8.2026,21:19:4.713,19.352,16.1,4099.7,70,
31.8.2026,21:19:4.922,16.373,14.1,4099.7,55,
31.8.2026,21:19:5.125,12.701,12.1,4099.7,62,
31.8.2026,21:19:5.336,13.060,9.5,4099.7,64,
31.8.2026,21:19:5.540,15.804,11.2,4099.7,59,
31.8.2026,21:19:5.732,12.849,8.2,4099.7,60,
31.8.2026,21:19:5.938,11.800,13.2,4099.7,55,
31.8.2026,21:19:6.146,12.440,8.0,500.0,60,
31.8.2026,21:19:6.340,12.440,18.7,2699.8,61,
31.8.2026,21:19:6.547,16.773,10.7,4099.7,51,
31.8.2026,21:19:6.754,12.535,9.7,4699.7,56,
31.8.2026,21:19:6.961,13.207,9.9,3799.7,64,
31.8.2026,21:19:7.167,14.666,9.6,4099.7,51,
31.8.2026,21:19:7.376,12.425,12.4,4699.7,52,
31.8.2026,21:19:7.580,10.890,10.3,4699.7,56,
31.8.2026,21:19:7.786,11.901,10.6,600.0,58,
31.8.2026,21:19:7.994,14.082,11.7,2099.9,59,
31.8.2026,21:19:8.185,14.309,19.8,500.0,71,
31.8.2026,21:19:8.390,18.558,15.4,4099.7,77,
31.8.2026,21:19:8.598,18.930,12.7,3399.8,51,
31.8.2026,21:19:8.805,13.339,22.4,4099.7,58,
31.8.2026,21:19:9.008,19.612,23.9,3799.7,72,
31.8.2026,21:19:9.199,24.728,33.2,4099.7,68,
31.8.2026,21:19:9.405,23.436,23.5,4099.7,62,
31.8.2026,21:19:9.612,23.090,23.6,4099.7,70,
31.8.2026,21:19:9.819,21.496,21.3,4099.7,69,
31.8.2026,21:19:10.026,21.060,12.4,4099.7,59,
31.8.2026,21:19:10.233,18.087,25.5,2999.8,74,
31.8.2026,21:19:10.439,20.261,13.9,4099.7,56,
31.8.2026,21:19:10.647,19.280,15.0,3999.7,70,
31.8.2026,21:19:10.851,16.497,13.9,4699.7,67,
31.8.2026,21:19:11.059,18.421,15.0,4099.7,67,
31.8.2026,21:19:11.247,17.851,18.8,4099.7,67,
31.8.2026,21:19:11.453,19.688,14.2,4099.7,70,
31.8.2026,21:19:11.659,18.876,16.2,4099.7,71,
31.8.2026,21:19:11.864,20.400,17.5,4099.7,70,
31.8.2026,21:19:12.072,20.517,13.9,3599.8,73,
31.8.2026,21:19:12.279,20.050,19.6,1599.9,71,
31.8.2026,21:19:12.486,20.052,13.8,4099.7,73,
31.8.2026,21:19:12.692,20.360,17.5,4099.7,73,
31.8.2026,21:19:12.898,20.262,12.9,4499.7,73,
31.8.2026,21:19:13.089,19.542,19.8,4599.7,73,
31.8.2026,21:19:13.297,20.554,19.8,4599.7,73,
31.8.2026,21:19:13.505,23.590,19.8,4599.7,73,
31.8.2026,21:19:13.710,23.590,19.8,4599.7,73,
31.8.2026,21:19:13.917,23.590,19.8,4599.7,73,
31.8.2026,21:19:14.124,23.590,19.8,4599.7,73,
31.8.2026,21:19:14.331,23.590,19.8,4599.7,73,
31.8.2026,21:19:14.538,23.590,19.8,4599.7,73,
31.8.2026,21:19:14.730,23.590,19.8,4599.7,73,
31.8.2026,21:19:14.939,23.590,19.8,4599.7,73,
31.8.2026,21:19:15.144,23.590,19.8,4599.7,73,
31.8.2026,21:19:15.349,23.590,19.8,4599.7,73,
31.8.2026,21:19:15.556,23.590,19.8,4599.7,73,
31.8.2026,21:19:15.764,23.590,19.8,4599.7,73,
31.8.2026,21:19:15.969,23.590,19.8,4599.7,73,
31.8.2026,21:19:16.176,23.590,19.8,4599.7,73,
31.8.2026,21:19:16.385,23.590,19.8,4599.7,73,
31.8.2026,21:19:16.573,23.590,19.8,4599.7,73,
31.8.2026,21:19:16.782,23.590,19.8,4599.7,73,
31.8.2026,21:19:16.989,23.590,19.8,4599.7,73,
31.8.2026,21:19:17.194,23.590,19.8,4599.7,73,
31.8.2026,21:19:17.401,23.590,19.8,4599.7,73,
31.8.2026,21:19:17.609,23.590,19.8,4599.7,73,
31.8.2026,21:19:17.816,23.590,19.8,4599.7,73,
31.8.2026,21:19:18.022,23.590,19.8,4599.7,73,
31.8.2026,21:19:18.230,23.590,6.7,4399.7,78,
31.8.2026,21:19:18.438,23.590,6.7,4399.7,78,
31.8.2026,21:19:18.641,23.590,6.7,4399.7,78,
31.8.2026,21:19:18.848,23.590,6.7,4399.7,78,
31.8.2026,21:19:19.055,23.590,6.7,4399.7,78,
31.8.2026,21:19:19.246,23.590,6.7,4399.7,78,
31.8.2026,21:19:19.453,23.590,6.7,4399.7,78,
31.8.2026,21:19:19.660,23.590,6.7,4399.7,78,
31.8.2026,21:19:19.866,23.590,6.7,4399.7,78,
31.8.2026,21:19:20.072,23.590,6.7,4399.7,78,
31.8.2026,21:19:20.263,23.590,6.7,4399.7,78,
31.8.2026,21:19:20.470,23.590,6.7,4399.7,78,
31.8.2026,21:19:20.679,23.590,6.7,4399.7,78,
31.8.2026,21:19:20.870,23.590,6.7,4399.7,78,
31.8.2026,21:19:21.091,23.590,6.7,4399.7,78,
31.8.2026,21:19:21.282,23.590,6.7,4399.7,78,
31.8.2026,21:19:21.496,23.590,6.7,4399.7,78,
31.8.2026,21:19:21.696,23.590,6.7,4399.7,78,
31.8.2026,21:19:21.887,23.590,6.7,4399.7,78,
31.8.2026,21:19:22.095,23.590,6.7,4399.7,78,
31.8.2026,21:19:22.302,23.590,6.7,4399.7,78,
31.8.2026,21:19:22.510,23.590,6.7,4399.7,78,
31.8.2026,21:19:22.700,23.590,6.7,4399.7,78,
31.8.2026,21:19:22.907,23.590,6.7,4399.7,78,
31.8.2026,21:19:23.114,29.940,47.3,4099.7,82,
31.8.2026,21:19:23.321,29.940,47.3,4099.7,82,
31.8.2026,21:19:23.527,29.940,47.3,4099.7,82,
31.8.2026,21:19:23.733,29.940,47.3,4099.7,82,
31.8.2026,21:19:23.941,29.940,47.3,4099.7,82,
31.8.2026,21:19:24.144,29.940,47.3,4099.7,82,
31.8.2026,21:19:24.350,29.940,47.3,4099.7,82,
31.8.2026,21:19:24.557,29.940,47.3,4099.7,82,
31.8.2026,21:19:24.765,29.940,47.3,4099.7,82,
31.8.2026,21:19:24.972,29.940,47.3,4099.7,82,
31.8.2026,21:19:25.178,29.940,47.3,4099.7,82,
31.8.2026,21:19:25.385,29.940,47.3,4099.7,82,
31.8.2026,21:19:25.592,29.940,47.3,4099.7,82,
31.8.2026,21:19:25.801,29.940,47.3,4099.7,82,
31.8.2026,21:19:26.007,29.940,47.3,4099.7,82,
31.8.2026,21:19:26.201,29.940,47.3,4099.7,82,
31.8.2026,21:19:26.405,29.940,47.3,4099.7,82,
31.8.2026,21:19:26.612,29.940,47.3,4099.7,82,
31.8.2026,21:19:27.642,29.940,47.3,4099.7,82,
31.8.2026,21:19:27.849,29.698,30.5,3999.7,80,
31.8.2026,21:19:28.054,29.698,30.5,3999.7,80,
31.8.2026,21:19:28.260,29.698,30.5,3999.7,80,
31.8.2026,21:19:28.468,29.698,30.5,3999.7,80,
31.8.2026,21:19:28.675,29.698,30.5,3999.7,80,
31.8.2026,21:19:28.880,29.698,30.5,3999.7,80,
31.8.2026,21:19:29.088,29.698,30.5,3999.7,80,
31.8.2026,21:19:29.295,29.698,30.5,3999.7,80,
31.8.2026,21:19:29.501,29.698,30.5,3999.7,80,
31.8.2026,21:19:29.709,29.698,30.5,3999.7,80,
31.8.2026,21:19:29.917,29.698,30.5,3999.7,80,
31.8.2026,21:19:30.123,29.698,30.5,3999.7,80,
31.8.2026,21:19:30.330,29.698,30.5,3999.7,80,
31.8.2026,21:19:30.537,29.698,30.5,3999.7,80,
31.8.2026,21:19:30.741,29.698,30.5,3999.7,80,
31.8.2026,21:19:30.948,29.698,30.5,3999.7,80,
31.8.2026,21:19:31.155,29.698,30.5,3999.7,80,
31.8.2026,21:19:31.362,29.698,30.5,3999.7,80,
31.8.2026,21:19:31.570,29.698,30.5,3999.7,80,
31.8.2026,21:19:31.761,29.698,30.5,3999.7,80,
31.8.2026,21:19:31.966,29.698,30.5,3999.7,80,
31.8.2026,21:19:32.172,29.698,30.5,3999.7,80,
31.8.2026,21:19:32.372,29.698,30.5,3999.7,80,
31.8.2026,21:19:32.582,29.698,32.5,3999.7,85,
31.8.2026,21:19:32.788,30.093,32.5,3999.7,85,
31.8.2026,21:19:32.996,30.093,32.5,3999.7,85,
31.8.2026,21:19:33.185,30.093,32.5,3999.7,85,
31.8.2026,21:19:33.390,30.093,32.5,3999.7,85,
31.8.2026,21:19:33.595,30.093,32.5,3999.7,85,
31.8.2026,21:19:33.801,30.093,32.5,3999.7,85,
31.8.2026,21:19:34.006,30.093,32.5,3999.7,85,
31.8.2026,21:19:34.211,30.093,32.5,3999.7,85,
31.8.2026,21:19:34.416,30.093,32.5,3999.7,85,
31.8.2026,21:19:34.621,30.093,32.5,3999.7,85,
31.8.2026,21:19:34.829,30.093,32.5,3999.7,85,
31.8.2026,21:19:35.033,30.093,32.5,3999.7,85,
31.8.2026,21:19:35.240,30.093,32.5,3999.7,85,
31.8.2026,21:19:35.445,30.093,32.5,3999.7,85,
31.8.2026,21:19:35.637,33.123,32.5,3999.7,85,
31.8.2026,21:19:35.844,33.123,32.5,3999.7,85,
31.8.2026,21:19:36.050,33.123,32.5,3999.7,85,
31.8.2026,21:19:36.256,33.123,32.5,3999.7,85,
31.8.2026,21:19:36.451,33.123,32.5,3999.7,85,
31.8.2026,21:19:36.653,33.123,32.5,3999.7,85,
31.8.2026,21:19:36.860,33.123,32.5,3999.7,85,
31.8.2026,21:19:37.067,33.123,32.5,3999.7,85,
31.8.2026,21:19:37.271,33.123,32.5,3999.7,85,
31.8.2026,21:19:37.477,33.123,32.5,3999.7,85,
31.8.2026,21:19:37.682,33.123,32.5,3999.7,85,
31.8.2026,21:19:37.892,33.123,32.5,3999.7,85,
31.8.2026,21:19:38.098,33.123,32.5,3999.7,85,
31.8.2026,21:19:38.303,33.123,32.5,3999.7,85,
31.8.2026,21:19:38.510,33.123,32.5,3999.7,85,
31.8.2026,21:19:38.719,33.123,32.5,3999.7,85,
31.8.2026,21:19:38.924,33.123,32.5,3999.7,85,
31.8.2026,21:19:39.130,33.123,32.5,3999.7,85,
31.8.2026,21:19:39.337,33.123,32.5,3999.7,85,
31.8.2026,21:19:39.527,33.123,32.5,3999.7,85,
31.8.2026,21:19:39.734,33.123,32.5,3999.7,85,
31.8.2026,21:19:39.941,33.123,32.5,3999.7,85,
31.8.2026,21:19:40.148,33.123,32.5,3999.7,85,
31.8.2026,21:19:40.355,33.123,32.5,3999.7,85,
31.8.2026,21:19:40.547,33.123,32.5,3999.7,85,
31.8.2026,21:19:40.751,33.123,32.5,3999.7,85,
31.8.2026,21:19:40.958,33.123,32.5,3999.7,85,
31.8.2026,21:19:41.164,33.123,32.5,3999.7,85,
31.8.2026,21:19:41.354,33.123,32.5,3999.7,85,
31.8.2026,21:19:41.561,33.123,32.5,3999.7,85,
31.8.2026,21:19:41.768,33.123,32.5,3999.7,85,
31.8.2026,21:19:41.974,33.123,32.5,3999.7,85,
31.8.2026,21:19:42.183,33.123,23.5,4099.7,89,
31.8.2026,21:19:42.388,33.123,23.5,4099.7,89,
31.8.2026,21:19:42.573,33.123,23.5,4099.7,89,
31.8.2026,21:19:42.782,33.123,23.5,4099.7,89,
31.8.2026,21:19:42.983,33.123,23.5,4099.7,89,
31.8.2026,21:19:43.189,33.123,23.5,4099.7,89,
31.8.2026,21:19:43.395,33.123,23.5,4099.7,89,
31.8.2026,21:19:43.599,33.123,23.5,4099.7,89,
31.8.2026,21:19:43.803,33.123,23.5,4099.7,89,
31.8.2026,21:19:44.010,33.123,23.5,4099.7,89,
31.8.2026,21:19:44.217,33.123,23.5,4099.7,89,
31.8.2026,21:19:44.423,33.123,23.5,4099.7,89,
31.8.2026,21:19:44.629,33.123,23.5,4099.7,89,
31.8.2026,21:19:44.841,33.123,23.5,4099.7,89,
31.8.2026,21:19:45.057,33.123,23.5,4099.7,89,
31.8.2026,21:19:45.262,33.123,23.5,4099.7,89,
31.8.2026,21:19:45.468,33.123,23.5,4099.7,89,
31.8.2026,21:19:45.676,33.123,23.5,4099.7,89,
31.8.2026,21:19:45.883,33.123,23.5,4099.7,89,
31.8.2026,21:19:46.091,33.123,23.5,4099.7,89,
31.8.2026,21:19:46.297,33.123,23.5,4099.7,89,
31.8.2026,21:19:46.501,33.123,23.5,4099.7,89,
31.8.2026,21:19:46.708,33.123,23.5,4099.7,89,
31.8.2026,21:19:46.914,33.123,23.5,4099.7,89,
31.8.2026,21:19:47.122,33.123,23.5,4099.7,89,
31.8.2026,21:19:47.327,33.123,59.9,3899.7,89,
31.8.2026,21:19:47.533,26.761,59.9,3899.7,82,
31.8.2026,21:19:47.737,26.761,59.9,3899.7,82,
31.8.2026,21:19:48.250,26.761,59.9,3899.7,82,
31.8.2026,21:19:48.359,26.761,59.9,3899.7,82,
31.8.2026,21:19:48.565,26.761,59.9,3899.7,82,
31.8.2026,21:19:48.773,26.761,59.9,3899.7,82,
31.8.2026,21:19:48.979,26.761,59.9,3899.7,82,
31.8.2026,21:19:49.184,26.761,59.9,3899.7,82,
31.8.2026,21:19:49.389,26.761,59.9,3899.7,82,
31.8.2026,21:19:49.596,26.357,59.9,3899.7,82,
31.8.2026,21:19:49.803,26.357,59.9,3899.7,82,
31.8.2026,21:19:50.006,26.357,59.9,3899.7,82,
31.8.2026,21:19:50.213,26.357,59.9,3899.7,82,
31.8.2026,21:19:50.420,26.357,59.9,3899.7,82,
31.8.2026,21:19:50.627,26.357,59.9,3899.7,82,
31.8.2026,21:19:50.833,26.357,59.9,3899.7,82,
31.8.2026,21:19:51.042,26.357,59.9,3899.7,82,
31.8.2026,21:19:51.243,26.357,59.9,3899.7,82,
31.8.2026,21:19:51.433,26.357,59.9,3899.7,82,
31.8.2026,21:19:51.639,26.357,59.9,3899.7,82,
31.8.2026,21:19:51.846,26.357,59.9,3899.7,82,
31.8.2026,21:19:52.051,26.357,59.9,3899.7,82,
31.8.2026,21:19:52.258,26.357,59.9,3899.7,82,
31.8.2026,21:19:52.450,26.357,59.9,3899.7,82,
31.8.2026,21:19:52.657,26.357,59.9,3899.7,82,
31.8.2026,21:19:52.863,26.357,59.9,3899.7,82,
31.8.2026,21:19:53.070,26.357,59.9,3899.7,82,
31.8.2026,21:19:53.260,26.357,59.9,3899.7,82,
31.8.2026,21:19:53.466,26.357,59.9,3899.7,82,
31.8.2026,21:19:53.673,26.357,59.9,3899.7,82,
31.8.2026,21:19:53.879,26.357,59.9,3899.7,82,
31.8.2026,21:19:54.086,26.357,59.9,3899.7,82,
31.8.2026,21:19:54.292,26.357,59.9,3899.7,82,
31.8.2026,21:19:54.498,26.357,59.9,3899.7,82,
31.8.2026,21:19:54.705,26.357,59.9,3899.7,82,
31.8.2026,21:19:54.913,26.357,59.9,3899.7,82,
31.8.2026,21:19:55.119,26.357,59.9,3899.7,82,
31.8.2026,21:19:55.326,26.357,59.9,3899.7,82,
31.8.2026,21:19:55.532,26.357,59.9,3899.7,82,
31.8.2026,21:19:55.737,26.357,59.9,3899.7,82,
31.8.2026,21:19:55.945,26.357,59.9,3899.7,82,
31.8.2026,21:19:56.151,26.357,59.9,3899.7,82,
31.8.2026,21:19:56.356,26.357,59.9,3899.7,82,
31.8.2026,21:19:56.561,26.357,59.9,3899.7,82,
31.8.2026,21:19:56.765,26.357,59.9,3899.7,82,
31.8.2026,21:19:56.970,26.357,59.9,3899.7,82,
31.8.2026,21:19:57.176,26.357,59.9,3899.7,82,
31.8.2026,21:19:57.382,26.357,59.9,3899.7,82,
31.8.2026,21:19:57.588,26.357,59.9,3899.7,82,
31.8.2026,21:19:57.793,26.357,59.9,3899.7,82,
31.8.2026,21:19:58.001,26.357,59.9,3899.7,82,
31.8.2026,21:19:58.209,26.357,59.9,3899.7,82,
31.8.2026,21:19:58.413,26.357,59.9,3899.7,82,
31.8.2026,21:19:58.619,26.357,59.9,3899.7,82,
31.8.2026,21:19:58.826,26.357,59.9,3899.7,82,
31.8.2026,21:19:59.034,26.357,59.9,3899.7,82,
31.8.2026,21:19:59.240,26.357,59.9,3899.7,82,
31.8.2026,21:19:59.445,26.357,59.9,3899.7,82,
31.8.2026,21:19:59.651,26.357,59.9,3899.7,82,
31.8.2026,21:19:59.857,26.357,59.9,3899.7,82,
31.8.2026,21:20:0.064,26.357,59.9,3899.7,82,
31.8.2026,21:20:0.271,26.357,59.9,3899.7,82,
31.8.2026,21:20:0.478,26.357,59.9,3899.7,82,
31.8.2026,21:20:0.685,26.357,59.9,3899.7,82,
31.8.2026,21:20:0.891,26.357,59.9,3899.7,82,
31.8.2026,21:20:1.097,26.357,59.9,3899.7,82,
31.8.2026,21:20:1.304,26.357,59.9,3899.7,82,
31.8.2026,21:20:1.508,26.357,59.9,3899.7,82,
31.8.2026,21:20:1.702,26.357,59.9,3899.7,82,
31.8.2026,21:20:1.906,26.357,59.9,3899.7,82,
31.8.2026,21:20:2.115,26.357,59.9,3899.7,82,
31.8.2026,21:20:2.318,26.357,59.9,3899.7,82,
31.8.2026,21:20:2.527,26.357,59.9,3899.7,82,
31.8.2026,21:20:2.715,26.357,59.9,3899.7,82,
31.8.2026,21:20:2.921,26.357,18.4,4099.7,83,
31.8.2026,21:20:3.240,26.357,18.4,4099.7,83,
31.8.2026,21:20:3.333,26.357,18.4,4099.7,83,
31.8.2026,21:20:3.540,26.357,18.4,4099.7,83,
31.8.2026,21:20:3.729,26.357,18.4,4099.7,83,
31.8.2026,21:20:3.936,26.357,18.4,4099.7,83,
31.8.2026,21:20:4.144,26.357,18.4,4099.7,83,
31.8.2026,21:20:4.352,26.357,18.4,4099.7,83,
31.8.2026,21:20:4.560,26.357,18.4,4099.7,83,
31.8.2026,21:20:4.764,26.357,18.4,4099.7,83,
31.8.2026,21:20:4.973,26.357,18.4,4099.7,83,
31.8.2026,21:20:5.178,26.357,18.4,4099.7,83,
31.8.2026,21:20:5.385,26.357,18.4,4099.7,83,
31.8.2026,21:20:5.592,26.357,18.4,4099.7,83,
31.8.2026,21:20:5.799,26.357,18.4,4099.7,83,
31.8.2026,21:20:6.006,26.357,18.4,4099.7,83,
31.8.2026,21:20:6.214,26.357,18.4,4099.7,83,
31.8.2026,21:20:6.421,26.357,18.4,4099.7,83,
31.8.2026,21:20:6.627,26.357,18.4,4099.7,83,
31.8.2026,21:20:6.834,26.357,18.4,4099.7,83,
31.8.2026,21:20:7.040,26.357,18.4,4099.7,83,
31.8.2026,21:20:7.230,26.357,18.4,4099.7,83,
31.8.2026,21:20:7.438,26.357,18.4,4099.7,83,
31.8.2026,21:20:7.645,26.357,18.4,4099.7,83,
31.8.2026,21:20:7.850,26.357,18.4,4099.7,83,
31.8.2026,21:20:8.056,26.357,68.9,3999.7,80,
31.8.2026,21:20:8.248,26.714,68.9,3999.7,80,
31.8.2026,21:20:8.452,26.714,68.9,3999.7,80,
31.8.2026,21:20:8.657,26.714,68.9,3999.7,80,
31.8.2026,21:20:8.862,26.714,68.9,3999.7,80,
31.8.2026,21:20:9.066,26.714,68.9,3999.7,80,
31.8.2026,21:20:9.273,28.266,68.9,3999.7,80,
31.8.2026,21:20:9.480,28.266,68.9,3999.7,80,
31.8.2026,21:20:9.671,28.266,68.9,3999.7,80,
31.8.2026,21:20:9.876,28.266,68.9,3999.7,80,
31.8.2026,21:20:10.083,28.266,68.9,3999.7,80,
31.8.2026,21:20:10.286,28.266,68.9,3999.7,80,
31.8.2026,21:20:10.493,28.266,68.9,3999.7,80,
31.8.2026,21:20:10.696,28.266,68.9,3999.7,80,
31.8.2026,21:20:10.889,28.266,68.9,3999.7,80,
31.8.2026,21:20:11.092,28.266,68.9,3999.7,80,
31.8.2026,21:20:11.295,28.266,68.9,3999.7,80,
31.8.2026,21:20:11.501,28.266,68.9,3999.7,80,
31.8.2026,21:20:11.707,28.266,68.9,3999.7,80,
31.8.2026,21:20:11.914,28.266,68.9,3999.7,80,
31.8.2026,21:20:12.121,28.266,68.9,3999.7,80,
31.8.2026,21:20:12.325,28.266,68.9,3999.7,80,
31.8.2026,21:20:12.533,28.266,68.9,3999.7,80,
31.8.2026,21:20:12.737,28.266,68.9,3999.7,80,
31.8.2026,21:20:12.946,28.266,68.9,3999.7,80,
31.8.2026,21:20:13.152,28.266,68.9,3999.7,80,
31.8.2026,21:20:13.340,28.266,98.9,4099.7,72,
31.8.2026,21:20:13.545,26.227,16.7,4099.7,69,
31.8.2026,21:20:13.751,17.351,13.2,4099.7,73,
31.8.2026,21:20:13.958,18.329,12.9,4099.7,73,
31.8.2026,21:20:14.164,18.808,17.9,4099.7,74,
31.8.2026,21:20:14.370,21.283,13.0,4099.7,70,
31.8.2026,21:20:14.641,17.876,19.5,500.0,71,
31.8.2026,21:20:14.784,17.876,13.6,4099.7,60,
31.8.2026,21:20:14.989,19.279,13.3,3299.8,68,
31.8.2026,21:20:15.195,19.665,12.6,1299.9,70,
31.8.2026,21:20:15.385,18.128,22.0,4099.7,61,
31.8.2026,21:20:15.591,19.037,14.5,4099.7,72,
31.8.2026,21:20:15.797,18.216,11.7,4099.7,71,
31.8.2026,21:20:16.192,19.129,12.0,2199.9,70,
31.8.2026,21:20:16.233,19.129,12.0,2199.9,70,
31.8.2026,21:20:16.414,18.835,15.6,4099.7,64,
31.8.2026,21:20:16.605,20.034,17.3,4099.7,68,
31.8.2026,21:20:16.809,18.094,15.8,4099.7,79,
31.8.2026,21:20:17.253,18.929,13.4,500.0,70,
31.8.2026,21:20:17.427,18.874,13.4,4099.7,74,
31.8.2026,21:20:17.633,16.951,19.4,4099.7,69,
31.8.2026,21:20:17.838,21.206,24.6,4099.7,68,
31.8.2026,21:20:18.248,22.439,11.6,4099.7,69,
31.8.2026,21:20:18.438,18.212,14.3,4099.7,68,
31.8.2026,21:20:18.644,19.297,13.8,4099.7,67,
31.8.2026,21:20:18.849,17.569,21.9,4099.7,64,
31.8.2026,21:20:19.055,18.982,12.1,4099.7,77,
31.8.2026,21:20:19.324,17.908,15.8,4099.7,79,
31.8.2026,21:20:19.452,20.459,18.2,4099.7,74,
31.8.2026,21:20:19.656,19.964,14.9,3199.8,77,
31.8.2026,21:20:19.863,19.917,12.7,4099.7,62,
31.8.2026,21:20:20.068,19.226,14.1,4099.7,72,
31.8.2026,21:20:20.354,19.816,19.1,4099.7,74,
31.8.2026,21:20:20.466,22.886,19.1,4099.7,74,
31.8.2026,21:20:20.673,25.045,35.2,4099.7,75,
31.8.2026,21:20:20.876,19.657,14.2,500.0,81,
31.8.2026,21:20:21.382,18.901,13.3,4099.7,69,
31.8.2026,21:20:21.493,17.409,13.3,4099.7,69,
31.8.2026,21:20:21.683,19.771,15.4,2899.8,83,
31.8.2026,21:20:21.889,20.179,20.0,4099.7,81,
31.8.2026,21:20:22.098,16.828,15.8,4099.7,76,
31.8.2026,21:20:22.498,17.870,20.9,1199.9,59,
31.8.2026,21:20:22.713,17.985,28.5,4099.7,73,
31.8.2026,21:20:22.857,17.985,60.5,4099.7,80,
31.8.2026,21:20:23.062,31.351,13.8,4699.7,57,
31.8.2026,21:20:23.270,17.041,6.9,4699.7,57,
31.8.2026,21:20:23.475,9.669,21.4,4099.7,61,
31.8.2026,21:20:23.683,16.324,10.9,4099.7,57,
31.8.2026,21:20:23.905,14.639,11.5,4099.7,57,
31.8.2026,21:20:24.092,11.620,40.8,3599.8,75,
31.8.2026,21:20:24.298,21.868,45.4,4099.7,64,
31.8.2026,21:20:24.504,26.573,21.6,4099.7,68,
31.8.2026,21:20:24.710,21.140,7.1,4099.7,55,
31.8.2026,21:20:24.904,11.656,5.4,4099.7,59,
31.8.2026,21:20:25.111,10.005,21.5,4099.7,72,
31.8.2026,21:20:25.314,16.798,21.1,4099.7,58,
31.8.2026,21:20:25.523,18.587,9.8,4099.7,56,
31.8.2026,21:20:25.728,15.046,5.2,4099.7,54,
31.8.2026,21:20:25.917,9.009,9.8,4099.7,54,
31.8.2026,21:20:26.125,10.069,3.9,4099.7,54,
31.8.2026,21:20:26.332,10.026,4.9,4699.7,53,
31.8.2026,21:20:26.538,10.762,14.0,4699.7,54,
31.8.2026,21:20:26.745,13.618,6.2,4099.7,53,
31.8.2026,21:20:26.953,9.740,9.3,4699.7,53,
31.8.2026,21:20:27.161,9.240,4.3,4699.7,53,
31.8.2026,21:20:27.367,9.703,7.5,4099.7,53,
31.8.2026,21:20:27.559,9.923,7.0,4699.7,52,
31.8.2026,21:20:27.766,9.856,8.3,4099.7,52,
31.8.2026,21:20:27.973,9.753,3.8,4099.7,53,
31.8.2026,21:20:28.179,9.892,4.6,4099.7,52,
31.8.2026,21:20:28.372,8.900,10.9,4099.7,52,
31.8.2026,21:20:28.579,9.612,6.5,4099.7,52,
31.8.2026,21:20:28.789,9.136,3.9,4099.7,53,
31.8.2026,21:20:28.994,9.227,3.3,4099.7,52,
31.8.2026,21:20:29.184,8.720,8.6,4099.7,53,
31.8.2026,21:20:29.392,9.168,6.6,4099.7,52,
31.8.2026,21:20:29.597,10.196,3.3,4099.7,52,
31.8.2026,21:20:29.805,9.665,7.5,4099.7,52,
31.8.2026,21:20:30.011,10.141,3.1,4699.7,51,
31.8.2026,21:20:30.217,9.053,11.6,4099.7,51,
31.8.2026,21:20:30.423,9.641,3.7,4099.7,51,
31.8.2026,21:20:30.631,9.396,4.8,4099.7,51,
31.8.2026,21:20:30.838,8.796,5.1,4099.7,50,
31.8.2026,21:20:31.030,9.090,16.9,4099.7,62,
31.8.2026,21:20:31.233,13.293,43.1,4099.7,68,
31.8.2026,21:20:31.439,26.847,14.9,2799.8,57,
31.8.2026,21:20:31.638,15.641,7.3,3699.8,52,
31.8.2026,21:20:31.849,11.681,6.5,4099.7,51,
31.8.2026,21:20:32.044,11.333,14.4,4099.7,51,
31.8.2026,21:20:32.249,11.775,7.0,4099.7,51,
31.8.2026,21:20:32.447,10.996,5.9,4099.7,52,
31.8.2026,21:20:32.666,11.954,7.7,4099.7,51,
31.8.2026,21:20:32.855,10.319,7.7,4099.7,51,
31.8.2026,21:20:33.059,10.565,12.5,4099.7,51,
31.8.2026,21:20:33.265,10.921,6.4,4099.7,51,
31.8.2026,21:20:33.472,12.251,12.2,4099.7,58,
31.8.2026,21:20:33.678,15.219,13.4,4099.7,55,
31.8.2026,21:20:33.884,22.211,21.3,4099.7,67,
31.8.2026,21:20:34.092,16.976,15.9,4099.7,54,
31.8.2026,21:20:34.294,19.127,22.6,4099.7,52,
31.8.2026,21:20:34.494,13.567,15.8,4699.7,52,
31.8.2026,21:20:34.707,12.833,9.2,4099.7,68,
31.8.2026,21:20:34.916,12.633,8.7,4099.7,53,
31.8.2026,21:20:35.104,12.502,12.1,4099.7,58,
31.8.2026,21:20:35.321,12.063,13.6,4699.7,80,
31.8.2026,21:20:35.517,10.867,4.7,4699.7,71,
31.8.2026,21:20:35.724,12.267,9.2,3899.7,80,
31.8.2026,21:20:35.933,11.422,8.3,4099.7,82,
31.8.2026,21:20:36.119,11.014,9.6,4099.7,84,
31.8.2026,21:20:36.325,12.296,19.1,4099.7,71,
31.8.2026,21:20:36.531,11.480,12.3,4099.7,70,
31.8.2026,21:20:36.732,12.606,9.1,4099.7,78,
31.8.2026,21:20:36.935,12.153,7.6,3699.8,78,
31.8.2026,21:20:37.138,12.290,8.0,4099.7,74,
31.8.2026,21:20:37.342,11.400,13.0,4099.7,59,
31.8.2026,21:20:37.551,10.937,6.5,4099.7,57,
31.8.2026,21:20:37.745,10.280,6.5,4099.7,54,
31.8.2026,21:20:37.963,12.497,9.4,4699.7,54,
31.8.2026,21:20:38.153,12.497,12.5,4099.7,57,
31.8.2026,21:20:38.360,10.673,6.0,4099.7,52,
31.8.2026,21:20:38.569,10.859,9.2,4099.7,51,
31.8.2026,21:20:38.774,11.099,5.4,4099.7,51,
31.8.2026,21:20:38.965,10.359,13.3,4099.7,52,
31.8.2026,21:20:39.170,10.603,16.3,4099.7,73,
31.8.2026,21:20:39.394,18.269,28.1,4099.7,67,
31.8.2026,21:20:39.599,23.197,10.4,4699.7,53,
31.8.2026,21:20:39.806,14.048,12.9,4699.7,55,
31.8.2026,21:20:39.998,12.179,15.0,4099.7,51,
31.8.2026,21:20:40.203,11.687,8.2,4099.7,53,
31.8.2026,21:20:40.409,12.510,7.7,4099.7,51,
31.8.2026,21:20:40.616,11.194,15.6,4099.7,65,
31.8.2026,21:20:40.822,17.357,23.1,2799.8,66,
31.8.2026,21:20:41.011,21.615,36.6,4099.7,73,
31.8.2026,21:20:41.218,29.344,25.5,4099.7,69,
31.8.2026,21:20:41.422,24.127,23.1,2899.8,67,
31.8.2026,21:20:41.627,23.301,41.3,3399.8,70,
31.8.2026,21:20:41.834,27.497,32.6,4099.7,66,
31.8.2026,21:20:42.040,25.273,19.0,4099.7,60,
31.8.2026,21:20:42.231,19.562,21.7,4099.7,73,
31.8.2026,21:20:42.437,19.756,17.8,4099.7,76,
31.8.2026,21:20:42.642,21.372,19.4,4099.7,83,
31.8.2026,21:20:42.851,21.972,19.0,4699.7,62,
31.8.2026,21:20:43.055,20.555,17.8,4699.7,67,
31.8.2026,21:20:43.247,20.637,14.7,4099.7,50,
31.8.2026,21:20:43.455,17.118,10.3,999.9,57,
31.8.2026,21:20:43.659,10.594,9.3,4099.7,51,
31.8.2026,21:20:43.864,12.069,6.8,3099.8,51,
31.8.2026,21:20:44.062,12.038,7.3,4099.7,51,
31.8.2026,21:20:44.264,12.074,8.6,3299.8,52,
31.8.2026,21:20:44.467,12.105,12.6,4699.7,52,
31.8.2026,21:20:44.676,12.108,8.5,4099.7,51,
31.8.2026,21:20:44.881,11.900,5.2,4099.7,49,
31.8.2026,21:20:45.087,10.613,5.7,4099.7,49,
31.8.2026,21:20:45.278,10.209,7.6,4699.7,51,
31.8.2026,21:20:45.485,10.344,14.5,3499.8,49,
31.8.2026,21:20:45.691,14.885,6.2,4699.7,49,
31.8.2026,21:20:45.899,11.359,8.3,4099.7,51,
31.8.2026,21:20:46.094,11.514,7.2,4099.7,52,
31.8.2026,21:20:46.296,11.692,11.9,4099.7,49,
31.8.2026,21:20:46.507,11.497,5.6,1499.9,50,
31.8.2026,21:20:46.709,11.180,8.0,4199.7,49,
31.8.2026,21:20:46.903,11.066,5.6,4099.7,48,
31.8.2026,21:20:47.106,10.479,11.9,4099.7,51,
31.8.2026,21:20:47.313,10.952,7.0,4099.7,50,
31.8.2026,21:20:47.519,11.528,6.2,4099.7,49,
31.8.2026,21:20:47.727,10.970,6.4,4699.7,50,
31.8.2026,21:20:47.932,10.249,6.1,4099.7,49,
31.8.2026,21:20:48.156,9.474,10.0,4099.7,49,
31.8.2026,21:20:48.361,9.701,5.4,4699.7,48,
31.8.2026,21:20:48.570,10.174,9.2,4099.7,54,
31.8.2026,21:20:48.775,10.872,7.7,4099.7,54,
31.8.2026,21:20:48.983,13.300,11.9,4099.7,49,
31.8.2026,21:20:49.188,10.649,8.5,4099.7,49,
31.8.2026,21:20:49.388,11.297,5.6,4099.7,51,
31.8.2026,21:20:49.603,10.571,6.7,4099.7,49,
31.8.2026,21:20:49.793,11.980,10.7,4099.7,49,
31.8.2026,21:20:50.001,9.886,6.4,4099.7,50,
31.8.2026,21:20:50.209,11.130,4.4,4699.7,65,
31.8.2026,21:20:50.415,11.462,10.1,4099.7,49,
31.8.2026,21:20:50.610,10.989,10.1,4099.7,49,
31.8.2026,21:20:50.812,11.580,14.5,4099.7,49,
31.8.2026,21:20:51.013,12.815,8.2,4099.7,53,
31.8.2026,21:20:51.225,12.470,8.0,4099.7,59,
31.8.2026,21:20:51.431,12.331,8.5,4099.7,49,
31.8.2026,21:20:51.623,10.418,5.7,4099.7,49,
31.8.2026,21:20:51.828,14.918,19.1,1499.9,77,
31.8.2026,21:20:52.028,10.162,5.2,4099.7,83,
31.8.2026,21:20:52.236,11.439,10.4,3899.7,77,
31.8.2026,21:20:52.433,12.454,8.2,3299.8,59,
31.8.2026,21:20:52.641,11.386,12.5,3899.7,79,
31.8.2026,21:20:52.845,10.244,5.2,4099.7,78,
31.8.2026,21:20:53.052,9.963,8.5,2699.8,59,
31.8.2026,21:20:53.247,12.207,6.9,4099.7,64,
31.8.2026,21:20:53.450,11.172,6.6,4099.7,58,
31.8.2026,21:20:53.656,10.607,13.1,4099.7,51,
31.8.2026,21:20:53.863,11.341,6.3,4699.7,57,
31.8.2026,21:20:54.056,10.709,6.8,4099.7,54,
31.8.2026,21:20:54.260,10.709,11.1,500.0,75,
31.8.2026,21:20:54.465,13.740,25.2,4699.7,72,
31.8.2026,21:20:54.671,23.591,22.6,4699.7,78,
31.8.2026,21:20:54.881,23.138,18.8,4099.7,70,
31.8.2026,21:20:55.083,22.350,25.3,400.0,55,
31.8.2026,21:20:55.291,22.354,27.0,4099.7,51,
31.8.2026,21:20:55.479,17.978,14.3,4099.7,54,
31.8.2026,21:20:55.685,14.859,16.0,4699.7,49,
31.8.2026,21:20:55.900,12.626,7.5,4099.7,50,
31.8.2026,21:20:56.097,11.596,13.6,4099.7,51,
31.8.2026,21:20:56.296,13.168,7.4,4099.7,49,
31.8.2026,21:20:56.510,11.036,6.1,4099.7,49,
31.8.2026,21:20:56.718,10.439,13.6,4699.7,53,
31.8.2026,21:20:56.929,11.028,7.1,4099.7,48,
31.8.2026,21:20:57.133,11.063,5.5,4399.7,53,
31.8.2026,21:20:57.326,11.475,7.1,4099.7,53,
31.8.2026,21:20:57.530,10.860,12.0,4599.7,67,
31.8.2026,21:20:57.730,14.192,14.2,4099.7,51,
31.8.2026,21:20:57.932,14.114,8.1,4099.7,52,
31.8.2026,21:20:58.148,12.584,9.6,4099.7,50,
31.8.2026,21:20:58.355,12.709,7.9,4099.7,49,
31.8.2026,21:20:58.561,11.040,5.5,4099.7,49,
31.8.2026,21:20:58.767,8.231,8.2,4099.7,49,
31.8.2026,21:20:58.976,9.730,7.0,4699.7,50,
31.8.2026,21:20:59.182,10.106,4.2,4699.7,47,
31.8.2026,21:20:59.390,9.516,12.7,4099.7,49,
31.8.2026,21:20:59.596,9.363,7.4,4099.7,49,
31.8.2026,21:20:59.796,11.119,4.3,4099.7,48,
31.8.2026,21:20:59.998,9.747,6.0,4099.7,48,
31.8.2026,21:21:0.201,10.326,12.9,4699.7,52,
31.8.2026,21:21:0.409,10.626,9.3,4099.7,49,
31.8.2026,21:21:0.616,12.241,7.3,4099.7,50,
31.8.2026,21:21:0.810,12.051,4.4,4699.7,47,
31.8.2026,21:21:1.014,10.801,15.0,4099.7,49,
31.8.2026,21:21:1.221,11.597,7.4,4699.7,50,
31.8.2026,21:21:1.421,11.507,8.3,4699.7,50,
31.8.2026,21:21:1.624,10.739,5.7,4099.7,48,
31.8.2026,21:21:1.828,10.508,10.8,799.9,47,
31.8.2026,21:21:2.032,10.021,5.3,4099.7,48,
31.8.2026,21:21:2.239,8.474,4.8,4099.7,47,
31.8.2026,21:21:2.447,8.935,5.8,4099.7,46,
31.8.2026,21:21:2.638,9.444,8.6,4099.7,47,
31.8.2026,21:21:2.845,9.061,7.2,4099.7,47,
31.8.2026,21:21:3.051,9.347,5.1,4099.7,47,
31.8.2026,21:21:3.259,9.626,6.4,4099.7,47,
31.8.2026,21:21:3.449,10.280,11.5,4099.7,48,
31.8.2026,21:21:3.657,9.550,7.6,4099.7,47,
31.8.2026,21:21:3.862,10.459,7.1,4699.7,49,
31.8.2026,21:21:4.069,11.849,7.5,4099.7,49,
31.8.2026,21:21:4.262,11.425,7.1,4099.7,51,
31.8.2026,21:21:4.466,10.805,12.6,4699.7,47,
31.8.2026,21:21:4.673,12.089,7.2,4099.7,48,
31.8.2026,21:21:4.880,11.607,9.9,4699.7,47,
31.8.2026,21:21:5.088,12.310,7.8,4099.7,47,
31.8.2026,21:21:5.279,11.906,16.8,4699.7,49,
31.8.2026,21:21:5.484,14.810,8.1,4099.7,47,
31.8.2026,21:21:5.692,11.765,10.0,4099.7,49,
31.8.2026,21:21:5.887,12.841,6.5,4099.7,46,
31.8.2026,21:21:6.103,11.488,3.8,4699.7,47,
31.8.2026,21:21:6.313,9.043,7.5,4099.7,46,
31.8.2026,21:21:6.517,8.827,6.6,4699.7,47,
31.8.2026,21:21:6.725,8.494,2.9,4099.7,45,
31.8.2026,21:21:6.932,8.738,6.0,4099.7,46,
31.8.2026,21:21:7.123,9.457,6.0,4099.7,46,
31.8.2026,21:21:7.332,8.647,8.8,4099.7,46,
31.8.2026,21:21:7.540,8.768,4.4,4099.7,46,
31.8.2026,21:21:7.732,8.339,3.8,4699.7,46,
31.8.2026,21:21:7.938,10.261,7.3,4699.7,80,
31.8.2026,21:21:8.144,8.838,8.5,400.0,59,
31.8.2026,21:21:8.351,8.852,5.6,4099.7,71,
31.8.2026,21:21:8.561,11.635,8.6,4099.7,69,
31.8.2026,21:21:8.782,11.525,13.5,4099.7,77,
31.8.2026,21:21:8.986,10.168,7.4,4099.7,47,
31.8.2026,21:21:9.195,11.417,8.8,4699.7,46,
31.8.2026,21:21:9.400,10.120,5.5,4099.7,46,
31.8.2026,21:21:9.592,10.362,6.1,4099.7,46,
31.8.2026,21:21:9.793,12.888,13.5,4699.7,78,
31.8.2026,21:21:10.004,13.462,11.1,4099.7,67,
31.8.2026,21:21:10.210,10.696,11.5,4099.7,77,
31.8.2026,21:21:10.416,11.838,7.4,4099.7,79,
31.8.2026,21:21:10.622,9.744,10.0,4099.7,73,
31.8.2026,21:21:10.831,9.205,6.9,4099.7,79,
31.8.2026,21:21:11.036,10.916,10.8,4099.7,78,
31.8.2026,21:21:11.244,10.158,6.9,4099.7,77,
31.8.2026,21:21:11.433,9.412,4.4,4099.7,75,
31.8.2026,21:21:11.641,11.963,17.3,4099.7,65,
31.8.2026,21:21:11.846,9.594,5.3,4099.7,66,
31.8.2026,21:21:12.054,12.189,8.1,4099.7,58,
31.8.2026,21:21:12.257,10.497,5.4,4699.7,65,
31.8.2026,21:21:12.467,10.487,11.3,4099.7,74,
31.8.2026,21:21:12.671,12.697,14.1,4099.7,55,
31.8.2026,21:21:12.879,12.117,10.3,4099.7,62,
31.8.2026,21:21:13.084,23.570,32.0,4099.7,68,
31.8.2026,21:21:13.291,9.792,5.9,4099.7,62,
31.8.2026,21:21:13.498,9.792,5.9,4099.7,62,
31.8.2026,21:21:13.704,9.792,5.9,4099.7,62,
31.8.2026,21:21:13.910,9.792,5.9,4099.7,62,
31.8.2026,21:21:14.116,9.792,5.9,4099.7,62,
31.8.2026,21:21:14.321,9.792,5.9,4099.7,62,
31.8.2026,21:21:14.513,9.792,5.9,4099.7,62,
31.8.2026,21:21:14.719,9.792,5.9,4099.7,62,
31.8.2026,21:21:14.926,9.792,5.9,4099.7,62,
31.8.2026,21:21:15.131,9.792,5.9,4099.7,62,
31.8.2026,21:21:15.338,9.792,5.9,4099.7,62,
31.8.2026,21:21:15.546,9.792,5.9,4099.7,62,
31.8.2026,21:21:15.750,9.792,5.9,4099.7,62,
31.8.2026,21:21:15.958,9.792,5.9,4099.7,62,
31.8.2026,21:21:16.164,9.792,5.9,4099.7,62,
31.8.2026,21:21:16.370,9.792,5.9,4099.7,62,
31.8.2026,21:21:16.558,9.792,5.9,4099.7,62,
31.8.2026,21:21:16.766,9.792,5.9,4099.7,62,
31.8.2026,21:21:16.969,9.792,5.9,4099.7,62,
31.8.2026,21:21:17.175,9.792,5.9,4099.7,62,
31.8.2026,21:21:17.381,9.792,5.9,4099.7,62,
31.8.2026,21:21:17.589,9.792,5.9,4099.7,62,
31.8.2026,21:21:17.796,9.792,5.9,4099.7,62,
31.8.2026,21:21:18.001,9.792,5.9,4099.7,62,
31.8.2026,21:21:18.208,9.792,5.9,4099.7,62,
31.8.2026,21:21:18.415,9.792,5.9,4099.7,62,
31.8.2026,21:21:18.617,9.792,5.9,4099.7,62,
31.8.2026,21:21:18.822,9.792,5.9,4099.7,62,
31.8.2026,21:21:19.012,9.792,5.9,4099.7,62,
31.8.2026,21:21:19.219,9.792,5.9,4099.7,62,
31.8.2026,21:21:19.424,9.792,5.9,4099.7,62,
31.8.2026,21:21:19.633,9.792,5.9,4099.7,62,
31.8.2026,21:21:19.836,9.792,5.9,4099.7,62,
31.8.2026,21:21:20.035,9.792,5.9,4099.7,62,
31.8.2026,21:21:20.231,9.792,5.9,4099.7,62,
31.8.2026,21:21:20.437,9.792,5.9,4099.7,62,
31.8.2026,21:21:20.645,9.792,5.9,4099.7,62,
31.8.2026,21:21:20.851,9.792,5.9,4099.7,62,
31.8.2026,21:21:21.042,9.792,5.9,4099.7,62,
31.8.2026,21:21:21.251,9.792,5.9,4099.7,62,
31.8.2026,21:21:21.454,9.792,5.9,4099.7,62,
31.8.2026,21:21:21.661,9.792,5.9,4099.7,62,
31.8.2026,21:21:21.865,9.792,5.9,4099.7,62,
31.8.2026,21:21:22.072,9.792,5.9,4099.7,62,
31.8.2026,21:21:22.261,9.792,5.9,4099.7,62,
31.8.2026,21:21:22.467,9.792,5.9,4099.7,62,
31.8.2026,21:21:22.674,9.792,5.9,4099.7,62,
31.8.2026,21:21:22.877,9.792,5.9,4099.7,62,
31.8.2026,21:21:23.076,9.792,5.9,4099.7,62,
31.8.2026,21:21:23.289,9.792,5.9,4099.7,62,
31.8.2026,21:21:23.479,9.792,5.9,4099.7,62,
31.8.2026,21:21:23.687,9.792,5.9,4099.7,62,
31.8.2026,21:21:23.890,9.792,5.9,4099.7,62,
31.8.2026,21:21:24.098,9.792,5.9,4099.7,62,
31.8.2026,21:21:24.302,9.792,5.9,4099.7,62,
31.8.2026,21:21:24.508,9.792,5.9,4099.7,62,
31.8.2026,21:21:24.715,9.792,5.9,4099.7,62,
31.8.2026,21:21:24.904,9.792,5.9,4099.7,62,
31.8.2026,21:21:25.110,9.792,5.9,4099.7,62,
31.8.2026,21:21:25.319,9.792,5.9,4099.7,62,
31.8.2026,21:21:25.524,9.792,5.9,4099.7,62,
31.8.2026,21:21:25.716,9.792,5.9,4099.7,62,
31.8.2026,21:21:25.922,9.792,5.9,4099.7,62,
31.8.2026,21:21:26.131,9.792,5.9,4099.7,62,
31.8.2026,21:21:26.336,9.792,5.9,4099.7,62,
31.8.2026,21:21:26.525,9.792,5.9,4099.7,62,
31.8.2026,21:21:26.735,9.792,5.9,4099.7,62,
31.8.2026,21:21:26.938,24.865,5.9,4099.7,62,
31.8.2026,21:21:27.146,24.865,5.9,4099.7,62,
31.8.2026,21:21:27.352,24.865,5.9,4099.7,62,
31.8.2026,21:21:27.542,24.865,5.9,4099.7,62,
31.8.2026,21:21:27.748,24.865,5.9,4099.7,62,
31.8.2026,21:21:27.957,24.865,5.9,4099.7,62,
31.8.2026,21:21:28.160,24.865,5.9,4099.7,62,
31.8.2026,21:21:28.367,24.865,5.9,4099.7,62,
31.8.2026,21:21:28.560,24.865,5.9,4099.7,62,
31.8.2026,21:21:28.764,24.865,5.9,4099.7,62,
31.8.2026,21:21:28.972,24.865,5.9,4099.7,62,
31.8.2026,21:21:29.166,24.865,5.9,4099.7,62,
31.8.2026,21:21:29.383,24.865,5.9,4099.7,62,
31.8.2026,21:21:29.592,24.865,5.9,4099.7,62,
31.8.2026,21:21:29.796,24.865,5.9,4099.7,62,
31.8.2026,21:21:30.003,24.865,5.9,4099.7,62,
31.8.2026,21:21:30.209,24.865,5.9,4099.7,62,
31.8.2026,21:21:30.416,24.865,5.9,4099.7,62,
31.8.2026,21:21:30.608,24.865,5.9,4099.7,62,
31.8.2026,21:21:30.814,24.865,5.9,4099.7,62,
31.8.2026,21:21:31.020,24.865,5.9,4099.7,62,
31.8.2026,21:21:31.225,24.865,5.9,4099.7,62,
31.8.2026,21:21:31.432,24.865,5.9,4099.7,62,
31.8.2026,21:21:31.621,24.865,5.9,4099.7,62,
31.8.2026,21:21:31.828,24.865,13.6,4099.7,83,
31.8.2026,21:21:32.036,24.865,13.6,4099.7,83,
31.8.2026,21:21:32.240,24.865,13.6,4099.7,83,
31.8.2026,21:21:32.449,24.865,13.6,4099.7,83,
31.8.2026,21:21:32.650,24.865,13.6,4099.7,83,
31.8.2026,21:21:32.840,24.865,13.6,4099.7,83,
31.8.2026,21:21:33.046,24.865,13.6,4099.7,83,
31.8.2026,21:21:33.255,24.865,13.6,4099.7,83,
31.8.2026,21:21:33.459,24.865,13.6,4099.7,83,
31.8.2026,21:21:33.665,24.865,13.6,4099.7,83,
31.8.2026,21:21:33.855,24.865,13.6,4099.7,83,
31.8.2026,21:21:34.063,24.865,13.6,4099.7,83,
31.8.2026,21:21:34.268,24.865,13.6,4099.7,83,
31.8.2026,21:21:34.474,24.865,13.6,4099.7,83,
31.8.2026,21:21:34.681,24.865,13.6,4099.7,83,
31.8.2026,21:21:34.871,24.865,13.6,4099.7,83,
31.8.2026,21:21:35.080,24.865,13.6,4099.7,83,
31.8.2026,21:21:35.284,24.865,13.6,4099.7,83,
31.8.2026,21:21:35.488,24.865,13.6,4099.7,83,
31.8.2026,21:21:35.694,24.865,13.6,4099.7,83,
31.8.2026,21:21:35.902,24.865,13.6,4099.7,83,
31.8.2026,21:21:36.090,24.865,13.6,4099.7,83,
31.8.2026,21:21:36.296,24.865,13.6,4099.7,83,
31.8.2026,21:21:36.500,24.865,13.6,4099.7,83,
31.8.2026,21:21:36.706,24.161,54.4,4299.7,87,
31.8.2026,21:21:36.912,24.161,54.4,4299.7,87,
31.8.2026,21:21:37.118,24.161,54.4,4299.7,87,
31.8.2026,21:21:37.309,24.161,54.4,4299.7,87,
31.8.2026,21:21:37.513,24.161,54.4,4299.7,87,
31.8.2026,21:21:37.721,24.161,54.4,4299.7,87,
31.8.2026,21:21:37.924,24.161,54.4,4299.7,87,
31.8.2026,21:21:38.130,24.161,54.4,4299.7,87,
31.8.2026,21:21:38.338,24.161,54.4,4299.7,87,
31.8.2026,21:21:38.529,24.161,54.4,4299.7,87,
31.8.2026,21:21:38.736,24.161,54.4,4299.7,87,
31.8.2026,21:21:38.942,24.161,54.4,4299.7,87,
31.8.2026,21:21:39.150,24.161,54.4,4299.7,87,
31.8.2026,21:21:39.339,24.161,54.4,4299.7,87,
31.8.2026,21:21:39.544,24.161,54.4,4299.7,87,
31.8.2026,21:21:39.751,24.161,54.4,4299.7,87,
31.8.2026,21:21:39.957,24.161,54.4,4299.7,87,
31.8.2026,21:21:40.163,24.161,54.4,4299.7,87,
31.8.2026,21:21:40.368,24.161,54.4,4299.7,87,
31.8.2026,21:21:40.561,24.161,54.4,4299.7,87,
31.8.2026,21:21:40.766,24.161,54.4,4299.7,87,
31.8.2026,21:21:40.973,24.161,54.4,4299.7,87,
31.8.2026,21:21:41.177,24.161,54.4,4299.7,87,
31.8.2026,21:21:41.385,23.337,16.3,4299.7,87,
31.8.2026,21:21:41.574,23.337,16.3,4299.7,87,
31.8.2026,21:21:41.781,23.337,16.3,4299.7,87,
31.8.2026,21:21:41.990,23.337,16.3,4299.7,87,
31.8.2026,21:21:42.195,23.337,16.3,4299.7,87,
31.8.2026,21:21:42.402,23.337,16.3,4299.7,87,
31.8.2026,21:21:42.607,23.337,16.3,4299.7,87,
31.8.2026,21:21:42.814,23.337,16.3,4299.7,87,
31.8.2026,21:21:43.019,23.337,16.3,4299.7,87,
31.8.2026,21:21:43.225,23.337,16.3,4299.7,87,
31.8.2026,21:21:43.432,23.337,16.3,4299.7,87,
31.8.2026,21:21:43.638,23.337,16.3,4299.7,87,
31.8.2026,21:21:43.844,23.337,16.3,4299.7,87,
31.8.2026,21:21:44.051,23.337,16.3,4299.7,87,
31.8.2026,21:21:44.261,23.337,16.3,4299.7,87,
31.8.2026,21:21:44.462,23.337,16.3,4299.7,87,
31.8.2026,21:21:44.653,23.337,16.3,4299.7,87,
31.8.2026,21:21:44.860,23.337,16.3,4299.7,87,
31.8.2026,21:21:45.067,23.337,16.3,4299.7,87,
31.8.2026,21:21:45.272,23.337,16.3,4299.7,87,
31.8.2026,21:21:45.478,23.337,16.3,4299.7,87,
31.8.2026,21:21:45.668,23.337,16.3,4299.7,87,
31.8.2026,21:21:45.874,23.337,16.3,4299.7,87,
31.8.2026,21:21:46.081,23.198,16.8,4099.7,86,
31.8.2026,21:21:46.286,23.198,16.8,4099.7,86,
31.8.2026,21:21:46.496,23.198,16.8,4099.7,86,
31.8.2026,21:21:46.682,23.198,16.8,4099.7,86,
31.8.2026,21:21:46.888,23.198,16.8,4099.7,86,
31.8.2026,21:21:47.095,23.198,16.8,4099.7,86,
31.8.2026,21:21:47.300,23.198,16.8,4099.7,86,
31.8.2026,21:21:47.506,23.198,16.8,4099.7,86,
31.8.2026,21:21:47.712,23.198,16.8,4099.7,86,
31.8.2026,21:21:47.904,23.198,16.8,4099.7,86,
31.8.2026,21:21:48.110,23.198,16.8,4099.7,86,
31.8.2026,21:21:48.318,23.198,16.8,4099.7,86,
31.8.2026,21:21:48.523,23.198,16.8,4099.7,86,
31.8.2026,21:21:48.730,23.198,16.8,4099.7,86,
31.8.2026,21:21:48.938,23.198,16.8,4099.7,86,
31.8.2026,21:21:49.145,23.198,16.8,4099.7,86,
31.8.2026,21:21:49.348,23.198,16.8,4099.7,86,
31.8.2026,21:21:49.554,23.198,16.8,4099.7,86,
31.8.2026,21:21:49.762,23.198,16.8,4099.7,86,
31.8.2026,21:21:49.968,23.198,16.8,4099.7,86,
31.8.2026,21:21:50.173,23.198,16.8,4099.7,86,
31.8.2026,21:21:50.381,23.198,16.8,4099.7,86,
31.8.2026,21:21:50.587,23.198,16.8,4099.7,86,
31.8.2026,21:21:50.776,23.198,16.8,4099.7,86,
31.8.2026,21:21:50.985,23.198,16.8,4099.7,86,
31.8.2026,21:21:51.190,23.198,23.2,4299.7,87,
31.8.2026,21:21:51.396,26.484,23.2,4299.7,87,
31.8.2026,21:21:51.603,26.484,23.2,4299.7,87,
31.8.2026,21:21:51.793,26.484,23.2,4299.7,87,
31.8.2026,21:21:52.002,26.484,23.2,4299.7,87,
31.8.2026,21:21:52.207,26.484,23.2,4299.7,87,
31.8.2026,21:21:52.413,26.484,23.2,4299.7,87,
31.8.2026,21:21:52.619,26.484,23.2,4299.7,87,
31.8.2026,21:21:52.824,26.484,23.2,4299.7,87,
31.8.2026,21:21:53.030,26.484,23.2,4299.7,87,
31.8.2026,21:21:53.237,26.484,23.2,4299.7,87,
31.8.2026,21:21:53.443,26.484,23.2,4299.7,87,
31.8.2026,21:21:53.648,26.484,23.2,4299.7,87,
31.8.2026,21:21:53.855,26.484,23.2,4299.7,87,
31.8.2026,21:21:54.063,26.484,23.2,4299.7,87,
31.8.2026,21:21:54.266,26.484,23.2,4299.7,87,
31.8.2026,21:21:54.471,26.484,23.2,4299.7,87,
31.8.2026,21:21:54.677,26.484,23.2,4299.7,87,
31.8.2026,21:21:54.884,26.484,23.2,4299.7,87,
31.8.2026,21:21:55.076,26.484,23.2,4299.7,87,
31.8.2026,21:21:55.280,26.484,23.2,4299.7,87,
31.8.2026,21:21:55.485,26.484,23.2,4299.7,87,
31.8.2026,21:21:55.691,26.484,23.2,4299.7,87,
31.8.2026,21:21:55.897,26.484,23.2,4299.7,87,
31.8.2026,21:21:56.103,26.484,23.2,4299.7,87,
31.8.2026,21:21:56.294,22.978,16.1,4299.7,86,
31.8.2026,21:21:56.500,22.978,16.1,4299.7,86,
31.8.2026,21:21:56.707,22.978,16.1,4299.7,86,
31.8.2026,21:21:56.912,22.978,16.1,4299.7,86,
31.8.2026,21:21:57.117,22.978,16.1,4299.7,86,
31.8.2026,21:21:57.311,22.978,16.1,4299.7,86,
31.8.2026,21:21:57.512,22.978,16.1,4299.7,86,
31.8.2026,21:21:57.722,22.978,16.1,4299.7,86,
31.8.2026,21:21:57.924,22.978,16.1,4299.7,86,
31.8.2026,21:21:58.133,22.978,16.1,4299.7,86,
31.8.2026,21:21:58.336,22.978,16.1,4299.7,86,
31.8.2026,21:21:58.528,22.978,16.1,4299.7,86,
31.8.2026,21:21:58.733,22.978,16.1,4299.7,86,
31.8.2026,21:21:58.940,22.978,16.1,4299.7,86,
31.8.2026,21:21:59.145,22.978,16.1,4299.7,86,
31.8.2026,21:21:59.351,22.978,16.1,4299.7,86,
31.8.2026,21:21:59.557,22.978,16.1,4299.7,86,
31.8.2026,21:21:59.764,22.978,16.1,4299.7,86,
31.8.2026,21:21:59.969,22.978,16.1,4299.7,86,
31.8.2026,21:22:0.176,22.978,16.1,4299.7,86,
31.8.2026,21:22:0.382,22.978,16.1,4299.7,86,
31.8.2026,21:22:0.588,22.978,16.1,4299.7,86,
31.8.2026,21:22:0.794,22.978,16.1,4299.7,86,
31.8.2026,21:22:1.000,23.105,16.4,4299.7,86,
31.8.2026,21:22:1.206,23.105,16.4,4299.7,86,
31.8.2026,21:22:1.412,23.105,16.4,4299.7,86,
31.8.2026,21:22:1.617,23.105,16.4,4299.7,86,
31.8.2026,21:22:1.808,23.105,16.4,4299.7,86,
31.8.2026,21:22:2.016,23.105,16.4,4299.7,86,
31.8.2026,21:22:2.220,23.105,16.4,4299.7,86,
31.8.2026,21:22:2.429,23.105,16.4,4299.7,86,
31.8.2026,21:22:2.634,23.105,16.4,4299.7,86,
31.8.2026,21:22:2.824,23.105,16.4,4299.7,86,
31.8.2026,21:22:3.032,23.105,16.4,4299.7,86,
31.8.2026,21:22:3.237,23.105,16.4,4299.7,86,
31.8.2026,21:22:3.445,23.105,16.4,4299.7,86,
31.8.2026,21:22:3.649,23.105,16.4,4299.7,86,
31.8.2026,21:22:3.840,23.105,16.4,4299.7,86,
31.8.2026,21:22:4.045,23.105,16.4,4299.7,86,
31.8.2026,21:22:4.251,23.105,16.4,4299.7,86,
31.8.2026,21:22:4.460,23.105,16.4,4299.7,86,
31.8.2026,21:22:4.664,23.105,16.4,4299.7,86,
31.8.2026,21:22:4.854,23.105,16.4,4299.7,86,
31.8.2026,21:22:5.060,23.105,16.4,4299.7,86,
31.8.2026,21:22:5.265,23.105,16.4,4299.7,86,
31.8.2026,21:22:5.470,23.105,16.4,4299.7,86,
31.8.2026,21:22:5.677,23.168,16.5,4299.7,86,
31.8.2026,21:22:5.881,23.168,16.5,4299.7,86,
31.8.2026,21:22:6.088,23.168,16.5,4299.7,86,
31.8.2026,21:22:6.294,23.168,16.5,4299.7,86,
31.8.2026,21:22:6.499,23.168,16.5,4299.7,86,
31.8.2026,21:22:6.706,23.168,16.5,4299.7,86,
31.8.2026,21:22:6.913,23.168,16.5,4299.7,86,
31.8.2026,21:22:7.121,23.168,16.5,4299.7,86,
31.8.2026,21:22:7.309,23.168,16.5,4299.7,86,
31.8.2026,21:22:7.513,23.168,16.5,4299.7,86,
31.8.2026,21:22:7.720,23.168,16.5,4299.7,86,
31.8.2026,21:22:7.925,23.168,16.5,4299.7,86,
31.8.2026,21:22:8.132,23.168,16.5,4299.7,86,
31.8.2026,21:22:8.341,23.168,16.5,4299.7,86,
31.8.2026,21:22:8.545,23.168,16.5,4299.7,86,
31.8.2026,21:22:8.752,23.168,16.5,4299.7,86,
31.8.2026,21:22:8.955,23.168,16.5,4299.7,86,
31.8.2026,21:22:9.161,23.168,16.5,4299.7,86,
31.8.2026,21:22:9.367,23.168,16.5,4299.7,86,
31.8.2026,21:22:9.572,23.168,16.5,4299.7,86,
31.8.2026,21:22:9.779,23.168,16.5,4299.7,86,
31.8.2026,21:22:9.987,23.168,16.5,4299.7,86,
31.8.2026,21:22:10.190,23.168,16.5,4299.7,86,
31.8.2026,21:22:10.399,23.168,16.1,4399.7,83,
31.8.2026,21:22:10.603,23.088,16.1,4399.7,83,
31.8.2026,21:22:10.811,23.088,16.1,4399.7,83,
31.8.2026,21:22:11.015,23.088,16.1,4399.7,83,
31.8.2026,21:22:11.223,23.088,16.1,4399.7,83,
31.8.2026,21:22:11.428,23.088,16.1,4399.7,83,
31.8.2026,21:22:11.634,23.088,16.1,4399.7,83,
31.8.2026,21:22:11.824,23.088,16.1,4399.7,83,
31.8.2026,21:22:12.030,23.088,16.1,4399.7,83,
31.8.2026,21:22:12.235,23.088,16.1,4399.7,83,
31.8.2026,21:22:12.441,23.088,16.1,4399.7,83,
31.8.2026,21:22:12.649,23.088,16.1,4399.7,83,
31.8.2026,21:22:12.853,23.088,16.1,4399.7,83,
31.8.2026,21:22:13.043,23.088,16.1,4399.7,83,
31.8.2026,21:22:13.248,23.088,16.1,4399.7,83,
31.8.2026,21:22:13.455,23.088,24.9,3799.7,78,
31.8.2026,21:22:13.661,22.172,29.6,4099.7,62,
31.8.2026,21:22:13.869,23.222,11.2,4099.7,57,
31.8.2026,21:22:14.077,16.760,8.5,4099.7,54,
31.8.2026,21:22:14.284,8.497,4.9,3899.7,57,
31.8.2026,21:22:14.493,8.885,7.0,4099.7,55,
31.8.2026,21:22:14.684,12.362,4.0,4099.7,53,
31.8.2026,21:22:14.891,8.289,6.7,4099.7,52,
31.8.2026,21:22:15.099,8.533,3.3,1799.9,53,
31.8.2026,21:22:15.305,8.365,7.0,3199.8,53,
31.8.2026,21:22:15.495,8.561,3.0,4699.7,53,
31.8.2026,21:22:15.703,8.610,7.2,4699.7,53,
31.8.2026,21:22:15.911,8.530,10.3,4099.7,52,
31.8.2026,21:22:16.118,8.608,2.8,4099.7,52,
31.8.2026,21:22:16.309,8.264,9.6,4099.7,52,
31.8.2026,21:22:16.515,8.483,2.9,4099.7,51,
31.8.2026,21:22:16.724,9.410,5.1,4699.7,52,
31.8.2026,21:22:16.930,8.796,5.0,4099.7,51,
31.8.2026,21:22:17.120,8.406,4.1,4099.7,51,
31.8.2026,21:22:17.328,8.220,10.6,4099.7,52,
31.8.2026,21:22:17.533,8.418,2.7,4099.7,51,
31.8.2026,21:22:17.738,8.401,7.0,4099.7,51,
31.8.2026,21:22:17.948,8.668,3.1,4099.7,50,
31.8.2026,21:22:18.137,8.497,8.9,4099.7,50,
31.8.2026,21:22:18.343,8.487,6.6,4699.7,59,
31.8.2026,21:22:18.550,9.612,4.1,4099.7,51,
31.8.2026,21:22:18.758,8.838,4.1,4099.7,51,
31.8.2026,21:22:18.961,8.838,4.1,4099.7,51,
31.8.2026,21:22:19.151,8.838,4.1,4099.7,51,
31.8.2026,21:22:19.358,8.838,4.1,4099.7,51,
31.8.2026,21:22:19.564,8.838,4.1,4099.7,51,
31.8.2026,21:22:19.771,8.838,4.1,4099.7,51,
31.8.2026,21:22:19.978,8.838,4.1,4099.7,51,
31.8.2026,21:22:20.169,8.838,4.1,4099.7,51,
31.8.2026,21:22:20.375,8.838,4.1,4099.7,51,
31.8.2026,21:22:20.581,8.838,4.1,4099.7,51,
31.8.2026,21:22:20.788,8.838,4.1,4099.7,51,
31.8.2026,21:22:20.996,8.838,4.1,4099.7,51,
31.8.2026,21:22:21.203,8.838,4.1,4099.7,51,
31.8.2026,21:22:21.409,8.838,4.1,4099.7,51,
31.8.2026,21:22:21.617,8.838,4.1,4099.7,51,
31.8.2026,21:22:21.822,8.838,4.1,4099.7,51,
31.8.2026,21:22:22.012,8.838,4.1,4099.7,51,
31.8.2026,21:22:22.219,8.838,4.1,4099.7,51,
31.8.2026,21:22:22.426,8.838,4.1,4099.7,51,
31.8.2026,21:22:22.633,8.838,4.1,4099.7,51,
31.8.2026,21:22:22.823,8.838,4.1,4099.7,51,
31.8.2026,21:22:23.031,8.838,4.1,4099.7,51,
31.8.2026,21:22:23.237,8.838,4.1,4099.7,51,
31.8.2026,21:22:23.444,8.838,4.1,4099.7,51,
31.8.2026,21:22:23.651,8.838,4.1,4099.7,51,
31.8.2026,21:22:23.858,8.838,4.1,4099.7,51,
31.8.2026,21:22:24.065,8.838,4.1,4099.7,51,
31.8.2026,21:22:24.272,8.838,4.1,4099.7,51,
31.8.2026,21:22:24.479,8.838,4.1,4099.7,51,
31.8.2026,21:22:24.670,8.838,4.1,4099.7,51,
31.8.2026,21:22:24.876,8.838,4.1,4099.7,51,
31.8.2026,21:22:25.083,8.838,4.1,4099.7,51,
31.8.2026,21:22:25.290,8.838,4.1,4099.7,51,
31.8.2026,21:22:25.481,8.838,4.1,4099.7,51,
31.8.2026,21:22:25.688,8.838,4.1,4099.7,51,
31.8.2026,21:22:25.895,8.838,4.1,4099.7,51,
31.8.2026,21:22:26.102,8.838,4.1,4099.7,51,
31.8.2026,21:22:26.306,8.838,4.1,4099.7,51,
31.8.2026,21:22:26.513,8.838,4.1,4099.7,51,
31.8.2026,21:22:26.720,8.838,4.1,4099.7,51,
31.8.2026,21:22:26.926,8.838,4.1,4099.7,51,
31.8.2026,21:22:27.133,8.838,4.1,4099.7,51,
31.8.2026,21:22:27.326,8.838,4.1,4099.7,51,
31.8.2026,21:22:27.530,8.838,4.1,4099.7,51,
31.8.2026,21:22:27.737,8.838,4.1,4099.7,51,
31.8.2026,21:22:27.944,8.838,4.1,4099.7,51,
31.8.2026,21:22:28.149,8.838,4.1,4099.7,51,
31.8.2026,21:22:28.340,8.838,4.1,4099.7,51,
31.8.2026,21:22:28.546,8.838,4.1,4099.7,51,
31.8.2026,21:22:28.753,8.838,4.1,4099.7,51,
31.8.2026,21:22:28.959,8.838,15.9,4399.7,86,
31.8.2026,21:22:29.165,23.484,15.9,4399.7,86,
31.8.2026,21:22:29.356,23.484,15.9,4399.7,86,
31.8.2026,21:22:29.563,23.484,15.9,4399.7,86,
31.8.2026,21:22:29.769,23.484,15.9,4399.7,86,
31.8.2026,21:22:29.976,23.484,15.9,4399.7,86,
31.8.2026,21:22:30.167,23.484,15.9,4399.7,86,
31.8.2026,21:22:30.372,23.484,15.9,4399.7,86,
31.8.2026,21:22:30.579,23.484,15.9,4399.7,86,
31.8.2026,21:22:30.786,23.484,15.9,4399.7,86,
31.8.2026,21:22:30.992,23.484,15.9,4399.7,86,
31.8.2026,21:22:31.183,23.484,15.9,4399.7,86,
31.8.2026,21:22:31.390,23.484,15.9,4399.7,86,
31.8.2026,21:22:31.597,23.484,15.9,4399.7,86,
31.8.2026,21:22:31.803,23.484,15.9,4399.7,86,
31.8.2026,21:22:32.010,23.484,15.9,4399.7,86,
31.8.2026,21:22:32.216,23.484,15.9,4399.7,86,
31.8.2026,21:22:32.423,23.484,15.9,4399.7,86,
31.8.2026,21:22:32.629,23.484,15.9,4399.7,86,
31.8.2026,21:22:32.836,23.484,15.9,4399.7,86,
31.8.2026,21:22:33.027,23.484,15.9,4399.7,86,
31.8.2026,21:22:33.235,23.484,15.9,4399.7,86,
31.8.2026,21:22:33.442,23.484,15.9,4399.7,86,
31.8.2026,21:22:33.648,23.484,15.9,4399.7,86,
31.8.2026,21:22:33.839,23.693,16.2,4399.7,85,
31.8.2026,21:22:34.046,23.693,16.2,4399.7,85,
31.8.2026,21:22:34.252,23.693,16.2,4399.7,85,
31.8.2026,21:22:34.458,23.693,16.2,4399.7,85,
31.8.2026,21:22:34.665,23.693,16.2,4399.7,85,
31.8.2026,21:22:34.857,23.693,16.2,4399.7,85,
31.8.2026,21:22:35.063,23.693,16.2,4399.7,85,
31.8.2026,21:22:35.270,23.693,16.2,4399.7,85,
31.8.2026,21:22:35.477,23.693,16.2,4399.7,85,
31.8.2026,21:22:35.667,23.693,16.2,4399.7,85,
31.8.2026,21:22:35.874,23.693,16.2,4399.7,85,
31.8.2026,21:22:36.081,23.693,16.2,4399.7,85,
31.8.2026,21:22:36.288,23.693,16.2,4399.7,85,
31.8.2026,21:22:36.494,23.693,16.2,4399.7,85,
31.8.2026,21:22:36.685,23.693,16.2,4399.7,85,
31.8.2026,21:22:36.892,23.693,16.2,4399.7,85,
31.8.2026,21:22:37.099,23.693,16.2,4399.7,85,
31.8.2026,21:22:37.306,23.693,16.2,4399.7,85,
31.8.2026,21:22:37.496,23.693,16.2,4399.7,85,
31.8.2026,21:22:37.703,23.693,16.2,4399.7,85,
31.8.2026,21:22:37.910,23.693,16.2,4399.7,85,
31.8.2026,21:22:38.117,23.693,16.2,4399.7,85,
31.8.2026,21:22:38.324,23.693,16.2,4399.7,85,
31.8.2026,21:22:38.513,23.535,16.2,4399.7,83,
31.8.2026,21:22:38.720,23.535,16.2,4399.7,83,
31.8.2026,21:22:38.927,23.535,16.2,4399.7,83,
31.8.2026,21:22:39.134,23.535,16.2,4399.7,83,
31.8.2026,21:22:39.324,23.535,16.2,4399.7,83,
31.8.2026,21:22:39.531,23.535,16.2,4399.7,83,
31.8.2026,21:22:39.738,23.535,16.2,4399.7,83,
31.8.2026,21:22:39.945,23.535,16.2,4399.7,83,
31.8.2026,21:22:40.136,23.535,16.2,4399.7,83,
31.8.2026,21:22:40.344,23.535,16.2,4399.7,83,
31.8.2026,21:22:40.549,23.535,16.2,4399.7,83,
31.8.2026,21:22:40.756,23.535,16.2,4399.7,83,
31.8.2026,21:22:40.963,23.535,16.2,4399.7,83,
31.8.2026,21:22:41.153,23.535,16.2,4399.7,83,
31.8.2026,21:22:41.359,23.535,16.2,4399.7,83,
31.8.2026,21:22:41.566,23.535,16.2,4399.7,83,
31.8.2026,21:22:41.774,23.535,16.2,4399.7,83,
31.8.2026,21:22:41.964,23.535,16.2,4399.7,83,
31.8.2026,21:22:42.171,23.535,16.2,4399.7,83,
31.8.2026,21:22:42.377,23.535,16.2,4399.7,83,
31.8.2026,21:22:42.584,23.535,16.2,4399.7,83,
31.8.2026,21:22:42.791,23.535,16.2,4399.7,83,
31.8.2026,21:22:42.981,23.535,16.2,4399.7,83,
31.8.2026,21:22:43.187,23.535,16.2,4399.7,83,
31.8.2026,21:22:43.394,23.640,16.5,4299.7,86,
31.8.2026,21:22:43.601,23.640,16.5,4299.7,86,
31.8.2026,21:22:43.807,23.640,16.5,4299.7,86,
31.8.2026,21:22:44.014,23.640,16.5,4299.7,86,
31.8.2026,21:22:44.221,23.640,16.5,4299.7,86,
31.8.2026,21:22:44.428,23.640,16.5,4299.7,86,
31.8.2026,21:22:44.634,23.640,16.5,4299.7,86,
31.8.2026,21:22:44.825,23.640,16.5,4299.7,86,
31.8.2026,21:22:45.031,23.640,16.5,4299.7,86,
31.8.2026,21:22:45.238,23.640,16.5,4299.7,86,
31.8.2026,21:22:45.445,23.640,16.5,4299.7,86,
31.8.2026,21:22:45.651,23.640,16.5,4299.7,86,
31.8.2026,21:22:45.841,23.640,16.5,4299.7,86,
31.8.2026,21:22:46.048,23.640,16.5,4299.7,86,
31.8.2026,21:22:46.252,23.640,16.5,4299.7,86,
31.8.2026,21:22:46.459,23.640,16.5,4299.7,86,
31.8.2026,21:22:46.665,23.640,16.5,4299.7,86,
31.8.2026,21:22:46.856,23.640,16.5,4299.7,86,
31.8.2026,21:22:47.062,23.640,16.5,4299.7,86,
31.8.2026,21:22:47.269,23.640,16.5,4299.7,86,
31.8.2026,21:22:47.476,23.640,16.5,4299.7,86,
31.8.2026,21:22:47.667,23.640,16.5,4299.7,86,
31.8.2026,21:22:47.872,23.640,16.5,4299.7,86,
31.8.2026,21:22:48.079,23.640,16.5,4299.7,86,
31.8.2026,21:22:48.285,23.511,16.1,4299.7,85,
31.8.2026,21:22:48.492,23.511,16.1,4299.7,85,
31.8.2026,21:22:48.698,23.511,16.1,4299.7,85,
31.8.2026,21:22:48.906,23.511,16.1,4299.7,85,
31.8.2026,21:22:49.112,23.511,16.1,4299.7,85,
31.8.2026,21:22:49.319,23.511,16.1,4299.7,85,
31.8.2026,21:22:49.526,23.511,16.1,4299.7,85,
31.8.2026,21:22:49.716,23.511,16.1,4299.7,85,
31.8.2026,21:22:49.923,23.511,16.1,4299.7,85,
31.8.2026,21:22:50.130,23.525,16.1,4299.7,85,
31.8.2026,21:22:50.337,23.525,16.1,4299.7,85,
31.8.2026,21:22:50.527,23.525,16.1,4299.7,85,
31.8.2026,21:22:50.733,23.525,16.1,4299.7,85,
31.8.2026,21:22:50.940,23.525,16.1,4299.7,85,
31.8.2026,21:22:51.147,23.525,16.1,4299.7,85,
31.8.2026,21:22:51.354,23.525,16.1,4299.7,85,
31.8.2026,21:22:51.561,23.525,16.1,4299.7,85,
31.8.2026,21:22:51.768,23.525,16.1,4299.7,85,
31.8.2026,21:22:51.975,23.525,16.1,4299.7,85,
31.8.2026,21:22:52.182,23.525,16.1,4299.7,85,
31.8.2026,21:22:52.372,23.525,16.1,4299.7,85,
31.8.2026,21:22:52.579,23.525,16.1,4299.7,85,
31.8.2026,21:22:52.787,23.525,16.1,4299.7,85,
31.8.2026,21:22:52.994,23.525,16.1,4299.7,85,
31.8.2026,21:22:53.184,23.525,16.1,4299.7,85,
31.8.2026,21:22:53.391,23.525,16.1,4299.7,85,
31.8.2026,21:22:53.598,23.525,16.1,4299.7,85,
31.8.2026,21:22:53.804,23.525,16.1,4299.7,85,
31.8.2026,21:22:54.012,23.525,16.1,4299.7,85,
31.8.2026,21:22:54.216,23.525,16.1,4299.7,85,
31.8.2026,21:22:54.423,23.525,16.1,4299.7,85,
31.8.2026,21:22:54.630,23.525,16.1,4299.7,85,
31.8.2026,21:22:54.837,23.525,16.1,4299.7,85,
31.8.2026,21:22:55.027,23.525,16.1,4299.7,85,
31.8.2026,21:22:55.234,23.525,16.1,4299.7,85,
31.8.2026,21:22:55.440,23.525,16.1,4299.7,85,
31.8.2026,21:22:55.646,23.525,16.1,4299.7,85,
31.8.2026,21:22:55.853,23.525,16.1,4299.7,85,
31.8.2026,21:22:56.043,23.525,16.1,4299.7,85,
31.8.2026,21:22:56.250,23.525,16.1,4299.7,85,
31.8.2026,21:22:56.457,23.525,16.1,4299.7,85,
31.8.2026,21:22:56.664,23.525,16.1,4299.7,85,
31.8.2026,21:22:56.870,23.525,16.1,4299.7,85,
31.8.2026,21:22:57.076,23.525,16.1,4299.7,85,
31.8.2026,21:22:57.283,23.525,16.1,4299.7,85,
31.8.2026,21:22:57.488,23.525,16.1,4299.7,85,
31.8.2026,21:22:57.695,23.525,16.1,4299.7,85,
31.8.2026,21:22:57.902,23.525,16.1,4299.7,85,
31.8.2026,21:22:58.109,23.525,16.1,4299.7,85,
31.8.2026,21:22:58.316,23.525,16.1,4299.7,85,
31.8.2026,21:22:58.523,23.525,16.1,4299.7,85,
31.8.2026,21:22:58.713,23.525,16.1,4299.7,85,
31.8.2026,21:22:58.920,23.525,16.1,4299.7,85,
31.8.2026,21:22:59.126,23.525,16.1,4299.7,85,
31.8.2026,21:22:59.333,23.525,16.1,4299.7,85,
31.8.2026,21:22:59.540,23.525,16.1,4299.7,85,
31.8.2026,21:22:59.730,23.525,16.1,4299.7,85,
31.8.2026,21:22:59.938,23.525,16.1,4299.7,85,
31.8.2026,21:23:0.144,23.525,14.5,4099.7,80,
31.8.2026,21:23:0.351,23.525,14.5,4099.7,80,
31.8.2026,21:23:0.542,23.525,14.5,4099.7,80,
31.8.2026,21:23:0.749,23.525,14.5,4099.7,80,
31.8.2026,21:23:0.955,23.525,14.5,4099.7,80,
31.8.2026,21:23:1.161,23.525,14.5,4099.7,80,
31.8.2026,21:23:1.368,23.525,14.5,4099.7,80,
31.8.2026,21:23:1.559,23.525,14.5,4099.7,80,
31.8.2026,21:23:1.766,23.525,14.5,4099.7,80,
31.8.2026,21:23:1.972,23.525,14.5,4099.7,80,
31.8.2026,21:23:2.179,23.525,14.5,4099.7,80,
31.8.2026,21:23:2.385,23.525,14.5,4099.7,80,
31.8.2026,21:23:2.575,23.525,14.5,4099.7,80,
31.8.2026,21:23:2.783,23.525,14.5,4099.7,80,
31.8.2026,21:23:2.989,23.525,14.5,4099.7,80,
31.8.2026,21:23:3.196,23.525,14.5,4099.7,80,
31.8.2026,21:23:3.386,23.525,14.5,4099.7,80,
31.8.2026,21:23:3.593,23.525,14.5,4099.7,80,
31.8.2026,21:23:3.799,23.525,14.5,4099.7,80,
31.8.2026,21:23:4.007,23.525,14.5,4099.7,80,
31.8.2026,21:23:4.214,23.525,14.5,4099.7,80,
31.8.2026,21:23:4.405,23.525,14.5,4099.7,80,
31.8.2026,21:23:4.611,23.525,14.5,4099.7,80,
31.8.2026,21:23:4.818,23.525,14.5,4099.7,80,
31.8.2026,21:23:5.025,23.373,39.1,4299.7,86,
31.8.2026,21:23:5.232,23.373,39.1,4299.7,86,
31.8.2026,21:23:5.438,23.373,39.1,4299.7,86,
31.8.2026,21:23:5.641,23.373,39.1,4299.7,86,
31.8.2026,21:23:5.847,23.373,39.1,4299.7,86,
31.8.2026,21:23:6.054,23.373,39.1,4299.7,86,
31.8.2026,21:23:6.263,23.373,39.1,4299.7,86,
31.8.2026,21:23:6.466,23.373,39.1,4299.7,86,
31.8.2026,21:23:6.673,23.657,39.1,4299.7,86,
31.8.2026,21:23:6.880,23.657,39.1,4299.7,86,
31.8.2026,21:23:7.087,23.657,39.1,4299.7,86,
31.8.2026,21:23:7.278,23.657,39.1,4299.7,86,
31.8.2026,21:23:7.486,23.657,39.1,4299.7,86,
31.8.2026,21:23:7.691,23.657,39.1,4299.7,86,
31.8.2026,21:23:7.898,23.657,39.1,4299.7,86,
31.8.2026,21:23:8.089,23.657,39.1,4299.7,86,
31.8.2026,21:23:8.296,23.657,39.1,4299.7,86,
31.8.2026,21:23:8.503,23.657,39.1,4299.7,86,
31.8.2026,21:23:8.709,23.657,39.1,4299.7,86,
31.8.2026,21:23:8.915,23.657,39.1,4299.7,86,
31.8.2026,21:23:9.106,23.657,39.1,4299.7,86,
31.8.2026,21:23:9.312,23.657,39.1,4299.7,86,
31.8.2026,21:23:9.519,23.657,39.1,4299.7,86,
31.8.2026,21:23:9.725,23.657,39.1,4299.7,86,
31.8.2026,21:23:9.932,23.657,39.1,4299.7,86,
31.8.2026,21:23:10.138,23.657,39.1,4299.7,86,
31.8.2026,21:23:10.345,23.657,39.1,4299.7,86,
31.8.2026,21:23:10.552,23.657,39.1,4299.7,86,
31.8.2026,21:23:10.757,23.657,39.1,4299.7,86,
31.8.2026,21:23:10.963,23.657,39.1,4299.7,86,
31.8.2026,21:23:11.170,23.657,39.1,4299.7,86,
31.8.2026,21:23:11.380,23.657,39.1,4299.7,86,
31.8.2026,21:23:11.584,23.657,39.1,4299.7,86,
31.8.2026,21:23:11.790,23.657,39.1,4299.7,86,
31.8.2026,21:23:11.984,23.657,39.1,4299.7,86,
31.8.2026,21:23:12.190,23.657,39.1,4299.7,86,
31.8.2026,21:23:12.394,23.657,39.1,4299.7,86,
31.8.2026,21:23:12.600,23.657,39.1,4299.7,86,
31.8.2026,21:23:12.806,23.657,39.1,4299.7,86,
31.8.2026,21:23:12.997,23.657,39.1,4299.7,86,
31.8.2026,21:23:13.203,23.657,39.1,4299.7,86,
31.8.2026,21:23:13.409,23.657,39.1,4299.7,86,
31.8.2026,21:23:13.616,23.657,39.1,4299.7,86,
31.8.2026,21:23:13.822,23.657,39.1,4299.7,86,
31.8.2026,21:23:14.029,23.657,39.1,4299.7,86,
31.8.2026,21:23:14.235,23.657,39.1,4299.7,86,
31.8.2026,21:23:14.441,23.657,39.1,4299.7,86,
31.8.2026,21:23:14.648,23.657,39.1,4299.7,86,
31.8.2026,21:23:14.854,23.657,39.1,4299.7,86,
31.8.2026,21:23:15.061,23.657,39.1,4299.7,86,
31.8.2026,21:23:15.268,23.657,39.1,4299.7,86,
31.8.2026,21:23:15.474,23.657,39.1,4299.7,86,
31.8.2026,21:23:15.682,23.657,39.1,4299.7,86,
31.8.2026,21:23:15.889,23.657,39.1,4299.7,86,
31.8.2026,21:23:16.096,23.657,39.1,4299.7,86,
31.8.2026,21:23:16.302,23.657,39.1,4299.7,86,
31.8.2026,21:23:16.509,23.657,39.1,4299.7,86,
31.8.2026,21:23:16.701,23.657,39.1,4299.7,86,
31.8.2026,21:23:16.907,23.657,39.1,4299.7,86,
31.8.2026,21:23:17.113,23.657,39.1,4299.7,86,
31.8.2026,21:23:17.320,23.657,39.1,4299.7,86,
31.8.2026,21:23:17.511,23.657,39.1,4299.7,86,
31.8.2026,21:23:17.718,23.657,39.1,4299.7,86,
31.8.2026,21:23:17.925,23.657,39.1,4299.7,86,
31.8.2026,21:23:18.132,23.657,13.9,3999.7,83,
31.8.2026,21:23:18.338,23.657,13.9,3999.7,83,
31.8.2026,21:23:18.546,23.657,13.9,3999.7,83,
31.8.2026,21:23:18.754,23.657,58.5,4099.7,73,
31.8.2026,21:23:18.960,23.323,6.8,4099.7,53,
31.8.2026,21:23:19.154,9.563,7.9,4099.7,54,
31.8.2026,21:23:19.361,8.900,4.9,4699.7,53,
31.8.2026,21:23:19.568,9.156,6.9,4099.7,53,
31.8.2026,21:23:19.775,8.724,3.6,500.0,53,
31.8.2026,21:23:19.965,9.217,9.7,4099.7,53,
31.8.2026,21:23:20.174,8.672,5.5,4099.7,53,
31.8.2026,21:23:20.378,10.042,6.8,4099.7,52,
31.8.2026,21:23:20.586,9.039,3.6,4099.7,53,
31.8.2026,21:23:20.777,9.116,7.3,4699.7,52,
31.8.2026,21:23:20.984,8.935,7.7,4099.7,52,
31.8.2026,21:23:21.191,9.666,3.5,4699.7,52,
31.8.2026,21:23:21.398,8.549,5.9,4099.7,53,
31.8.2026,21:23:21.591,8.705,5.9,4099.7,53,
31.8.2026,21:23:21.795,8.698,9.3,4099.7,52,
31.8.2026,21:23:22.002,8.291,8.5,4099.7,51,
31.8.2026,21:23:22.208,8.491,2.5,4099.7,51,
31.8.2026,21:23:22.417,8.453,5.2,4099.7,51,
31.8.2026,21:23:22.606,9.019,5.5,4099.7,51,
31.8.2026,21:23:22.814,9.572,9.8,4099.7,81,
31.8.2026,21:23:23.022,8.769,3.3,4099.7,81,
31.8.2026,21:23:23.228,9.016,5.1,4099.7,85,
31.8.2026,21:23:23.419,12.037,10.7,4699.7,79,
31.8.2026,21:23:23.626,9.953,8.5,3599.8,72,
31.8.2026,21:23:23.834,9.044,5.2,4099.7,78,
31.8.2026,21:23:24.040,8.599,2.5,4699.7,79,
31.8.2026,21:23:24.233,8.907,4.5,4699.7,68,
31.8.2026,21:23:24.438,9.225,8.7,4099.7,58,
31.8.2026,21:23:24.644,8.549,5.7,4699.7,59,
31.8.2026,21:23:24.851,11.159,6.4,4099.7,56,
31.8.2026,21:23:25.057,9.965,5.5,4099.7,58,
31.8.2026,21:23:25.263,9.522,9.1,3899.7,60,
31.8.2026,21:23:25.471,11.565,7.2,4099.7,53,
31.8.2026,21:23:25.677,9.204,4.7,4699.7,55,
31.8.2026,21:23:25.884,10.976,7.4,4099.7,58,
31.8.2026,21:23:26.076,9.305,9.4,4699.7,53,
31.8.2026,21:23:26.281,11.060,9.5,4099.7,54,
31.8.2026,21:23:26.488,9.597,5.4,4099.7,53,
31.8.2026,21:23:26.696,13.012,10.3,4099.7,53,
31.8.2026,21:23:26.886,11.542,7.4,4099.7,62,
31.8.2026,21:23:27.092,10.174,9.6,4099.7,52,
31.8.2026,21:23:27.300,10.929,7.8,4099.7,51,
31.8.2026,21:23:27.507,9.252,4.7,4099.7,50,
31.8.2026,21:23:27.699,8.854,4.7,4099.7,49,
31.8.2026,21:23:27.905,9.628,7.9,4699.7,49,
31.8.2026,21:23:28.112,8.828,5.3,4099.7,49,
31.8.2026,21:23:28.318,11.377,7.9,4099.7,54,
31.8.2026,21:23:28.525,9.072,4.5,4099.7,49,
31.8.2026,21:23:28.732,8.748,5.9,4699.7,50,
31.8.2026,21:23:28.939,9.010,4.8,4099.7,49,
31.8.2026,21:23:29.145,11.421,7.4,4699.7,50,
31.8.2026,21:23:29.352,9.148,4.5,4099.7,48,
31.8.2026,21:23:29.542,8.820,6.1,4699.7,49,
31.8.2026,21:23:29.749,10.858,10.8,4099.7,49,
31.8.2026,21:23:29.957,9.013,5.6,4099.7,48,
31.8.2026,21:23:30.161,8.549,3.1,4099.7,48,
31.8.2026,21:23:30.368,8.591,7.5,4699.7,48,
31.8.2026,21:23:30.560,10.269,10.8,4099.7,48,
31.8.2026,21:23:30.766,8.362,3.2,4099.7,49,
31.8.2026,21:23:30.976,8.682,4.4,4099.7,48,
31.8.2026,21:23:31.180,9.267,4.1,4699.7,48,
31.8.2026,21:23:31.370,9.267,10.6,4099.7,49,
31.8.2026,21:23:31.577,8.700,5.1,4099.7,48,
31.8.2026,21:23:31.784,8.454,4.4,4099.7,48,
31.8.2026,21:23:31.990,8.946,2.9,4099.7,48,
31.8.2026,21:23:32.197,8.192,4.1,4099.7,49,
31.8.2026,21:23:32.405,8.743,10.7,4099.7,48,
31.8.2026,21:23:32.610,8.372,7.5,4099.7,49,
31.8.2026,21:23:32.818,12.194,6.4,4099.7,49,
31.8.2026,21:23:33.025,10.897,5.9,4099.7,55,
31.8.2026,21:23:33.217,9.935,9.7,4099.7,48,
31.8.2026,21:23:33.423,9.139,3.9,4099.7,48,
31.8.2026,21:23:33.629,8.724,8.7,4099.7,53,
31.8.2026,21:23:33.837,10.523,3.0,4699.7,48,
31.8.2026,21:23:34.042,8.718,9.4,4099.7,48,
31.8.2026,21:23:34.249,9.667,6.1,4099.7,47,
31.8.2026,21:23:34.457,8.479,2.6,4699.7,48,
31.8.2026,21:23:34.663,8.549,8.7,4099.7,48,
31.8.2026,21:23:34.857,11.015,10.4,4099.7,48,
31.8.2026,21:23:35.062,8.372,6.4,4099.7,47,
31.8.2026,21:23:35.269,9.293,3.5,4099.7,48,
31.8.2026,21:23:35.477,9.034,3.2,4099.7,47,
31.8.2026,21:23:35.682,8.777,13.3,4099.7,48,
31.8.2026,21:23:35.888,10.897,2.5,4699.7,46,
31.8.2026,21:23:36.097,8.675,5.8,4099.7,47,
31.8.2026,21:23:36.301,8.983,5.4,4099.7,47,
31.8.2026,21:23:36.507,8.854,4.6,4099.7,47,
31.8.2026,21:23:36.701,8.617,6.9,4699.7,47,
31.8.2026,21:23:36.905,8.562,5.2,4699.7,47,
31.8.2026,21:23:37.113,8.737,3.3,4099.7,47,
31.8.2026,21:23:37.319,9.656,6.3,4099.7,47,
31.8.2026,21:23:37.526,8.679,4.4,4099.7,47,
31.8.2026,21:23:37.716,8.525,4.4,4099.7,47,
31.8.2026,21:23:37.925,8.679,8.2,4099.7,47,
31.8.2026,21:23:38.130,10.537,5.6,4099.7,47,
31.8.2026,21:23:38.336,10.018,6.6,4099.7,47,
31.8.2026,21:23:38.527,8.765,4.8,4099.7,46,
31.8.2026,21:23:38.734,9.286,8.3,4699.7,80,
31.8.2026,21:23:38.940,8.685,4.3,4699.7,74,
31.8.2026,21:23:39.147,8.600,4.5,4699.7,74,
31.8.2026,21:23:39.339,9.472,4.7,4699.7,79,
31.8.2026,21:23:39.546,9.818,12.0,4099.7,78,
31.8.2026,21:23:39.753,8.590,1.2,4699.7,78,
31.8.2026,21:23:39.962,8.388,6.0,4099.7,58,
31.8.2026,21:23:40.152,7.701,2.0,4699.7,58,
31.8.2026,21:23:40.362,8.465,8.1,4099.7,50,
31.8.2026,21:23:40.569,8.289,4.1,4099.7,48,
31.8.2026,21:23:40.775,8.189,2.7,4099.7,53,
31.8.2026,21:23:40.967,8.759,8.5,4099.7,49,
31.8.2026,21:23:41.173,8.707,5.0,4099.7,50,
31.8.2026,21:23:41.379,8.616,3.4,4099.7,46,
31.8.2026,21:23:41.588,8.181,3.0,4699.7,45,
31.8.2026,21:23:41.777,8.140,5.0,4099.7,48,
31.8.2026,21:23:41.983,8.371,9.3,4099.7,46,
31.8.2026,21:23:42.192,8.632,4.0,4099.7,47,
31.8.2026,21:23:42.397,8.626,3.0,4699.7,47,
31.8.2026,21:23:42.603,7.890,4.4,4099.7,46,
31.8.2026,21:23:42.811,8.460,9.2,4099.7,46,
31.8.2026,21:23:43.018,8.189,3.2,4699.7,46,
31.8.2026,21:23:43.225,8.918,6.2,4099.7,47,
31.8.2026,21:23:43.434,8.768,3.0,4699.7,46,
31.8.2026,21:23:43.638,8.321,10.2,4099.7,45,
31.8.2026,21:23:43.845,8.368,3.8,4099.7,46,
31.8.2026,21:23:44.051,8.258,4.0,4099.7,46,
31.8.2026,21:23:44.259,8.159,4.3,4099.7,45,
31.8.2026,21:23:44.449,8.501,6.7,4099.7,47,
31.8.2026,21:23:44.656,8.505,5.7,4699.7,45,
31.8.2026,21:23:44.863,8.688,5.9,4699.7,46,
31.8.2026,21:23:45.068,10.438,7.1,4099.7,47,
31.8.2026,21:23:45.277,14.135,11.9,4699.7,51,
31.8.2026,21:23:45.467,9.182,7.3,4099.7,45,
31.8.2026,21:23:45.674,8.339,3.4,4699.7,46,
31.8.2026,21:23:45.881,8.881,5.6,4099.7,46,
31.8.2026,21:23:46.089,8.261,2.9,4699.7,46,
31.8.2026,21:23:46.297,8.440,9.6,4699.7,45,
31.8.2026,21:23:46.504,8.766,3.8,4699.7,45,
31.8.2026,21:23:46.714,7.916,3.5,4099.7,45,
31.8.2026,21:23:46.903,8.088,9.4,4099.7,45,
31.8.2026,21:23:47.109,8.137,4.5,4099.7,45,
31.8.2026,21:23:47.317,8.915,3.9,4099.7,45,
31.8.2026,21:23:47.523,8.589,4.1,4099.7,45,
31.8.2026,21:23:47.717,8.589,8.2,4099.7,44,
31.8.2026,21:23:47.921,8.253,3.6,4099.7,45,
31.8.2026,21:23:48.129,8.366,4.7,4099.7,45,
31.8.2026,21:23:48.337,8.226,2.7,4699.7,45,
31.8.2026,21:23:48.527,8.170,11.4,4099.7,45,
31.8.2026,21:23:48.738,8.795,2.9,4099.7,45,
31.8.2026,21:23:48.942,8.450,4.2,4699.7,45,
31.8.2026,21:23:49.148,8.629,4.8,4699.7,46,
31.8.2026,21:23:49.341,8.815,3.5,4099.7,45,
31.8.2026,21:23:49.546,8.849,8.3,4099.7,44,
31.8.2026,21:23:49.753,8.735,2.4,4099.7,46,
31.8.2026,21:23:49.961,7.881,4.8,4099.7,45,
31.8.2026,21:23:50.167,8.448,8.4,4099.7,45,
31.8.2026,21:23:50.373,8.393,5.7,4699.7,46,
31.8.2026,21:23:50.581,10.085,3.2,4099.7,45,
31.8.2026,21:23:50.791,8.711,2.3,4099.7,44,
31.8.2026,21:23:50.980,8.096,10.2,4099.7,44,
31.8.2026,21:23:51.187,8.130,3.9,4099.7,45,
31.8.2026,21:23:51.394,8.700,3.3,4099.7,44,
31.8.2026,21:23:51.600,8.725,3.8,4099.7,45,
31.8.2026,21:23:51.794,8.803,3.8,4099.7,45,
31.8.2026,21:23:51.998,8.503,10.7,4099.7,45,
31.8.2026,21:23:52.204,9.259,5.4,4699.7,73,
31.8.2026,21:23:52.411,6.975,3.3,4699.7,44,
31.8.2026,21:23:52.620,8.632,5.5,4099.7,44,
31.8.2026,21:23:52.808,8.543,3.0,4099.7,44,
31.8.2026,21:23:53.015,9.475,12.3,4099.7,78,
31.8.2026,21:23:53.224,8.568,4.0,4699.7,73,
31.8.2026,21:23:53.429,9.615,3.3,4099.7,78,
31.8.2026,21:23:53.623,9.237,6.6,4099.7,72,
31.8.2026,21:23:53.827,9.401,9.0,2299.8,64,
31.8.2026,21:23:54.033,8.456,3.4,4099.7,61,
31.8.2026,21:23:54.241,8.748,3.7,3899.7,67,
31.8.2026,21:23:54.450,8.363,6.1,4099.7,74,
31.8.2026,21:23:54.655,8.490,9.8,4099.7,61,
31.8.2026,21:23:54.862,9.162,4.0,4099.7,66,
31.8.2026,21:23:55.069,10.085,4.6,4699.7,67,
31.8.2026,21:23:55.277,8.714,4.2,4699.7,76,
31.8.2026,21:23:55.484,9.582,12.3,4099.7,75,
31.8.2026,21:23:55.691,8.497,3.0,4099.7,70,
31.8.2026,21:23:55.899,8.868,3.7,4699.7,63,
31.8.2026,21:23:56.090,8.295,4.3,4099.7,63,
31.8.2026,21:23:56.299,8.570,11.3,4099.7,48,
31.8.2026,21:23:56.507,8.130,2.6,4699.7,49,
31.8.2026,21:23:56.711,8.488,2.9,4699.7,50,
31.8.2026,21:23:56.901,8.579,7.1,4099.7,45,
31.8.2026,21:23:57.109,8.606,7.7,4699.7,47,
31.8.2026,21:23:57.316,9.946,7.8,4199.7,52,
31.8.2026,21:23:57.524,9.012,3.6,4099.7,47,
31.8.2026,21:23:57.715,9.044,8.3,4099.7,44,
31.8.2026,21:23:57.924,8.416,3.7,4099.7,45,
31.8.2026,21:23:58.129,8.692,4.3,4699.7,45,
31.8.2026,21:23:58.336,8.774,3.9,4099.7,45,
31.8.2026,21:23:58.529,8.284,3.8,4099.7,45,
31.8.2026,21:23:58.733,8.760,6.8,4099.7,45,
31.8.2026,21:23:58.941,8.504,4.8,3499.8,44,
31.8.2026,21:23:59.148,8.200,3.4,4099.7,44,
31.8.2026,21:23:59.339,9.032,5.1,4099.7,46,
31.8.2026,21:23:59.547,8.456,7.9,4699.7,44,
31.8.2026,21:23:59.756,8.581,3.1,2899.8,44,
31.8.2026,21:23:59.961,8.485,4.3,4099.7,45,
31.8.2026,21:24:0.156,8.859,7.6,4099.7,44,
31.8.2026,21:24:0.359,10.688,9.9,4699.7,44,
31.8.2026,21:24:0.565,8.857,6.0,4099.7,44,
31.8.2026,21:24:0.772,8.909,3.3,4099.7,44,
31.8.2026,21:24:0.980,8.869,6.3,1599.9,45,
31.8.2026,21:24:1.187,8.832,7.0,4099.7,44,
31.8.2026,21:24:1.394,9.345,4.8,4099.7,44,
31.8.2026,21:24:1.603,8.365,4.7,4699.7,44,
31.8.2026,21:24:1.807,9.727,7.1,4099.7,45,
31.8.2026,21:24:2.015,8.402,9.9,4099.7,44,
31.8.2026,21:24:2.222,8.598,3.0,4099.7,44,
31.8.2026,21:24:2.429,8.713,6.3,4099.7,44,
31.8.2026,21:24:2.623,8.713,9.9,4699.7,44,
31.8.2026,21:24:2.829,8.627,2.9,4099.7,44,
31.8.2026,21:24:3.035,8.404,5.8,4699.7,45,
31.8.2026,21:24:3.241,8.508,2.9,4099.7,44,
31.8.2026,21:24:3.447,8.205,5.5,4099.7,45,
31.8.2026,21:24:3.639,9.763,5.7,999.9,44,
31.8.2026,21:24:3.844,8.411,8.3,3299.8,44,
31.8.2026,21:24:4.052,9.116,4.3,1499.9,45,
31.8.2026,21:24:4.260,8.426,3.0,4099.7,44,
31.8.2026,21:24:4.449,8.643,7.9,3299.8,44,
31.8.2026,21:24:4.656,8.908,10.5,2599.8,44,
31.8.2026,21:24:4.864,11.248,3.5,4699.7,44,
31.8.2026,21:24:5.071,8.810,4.0,4699.7,45,
31.8.2026,21:24:5.264,8.411,9.0,4099.7,48,
31.8.2026,21:24:5.470,9.527,6.2,4099.7,44,
31.8.2026,21:24:5.676,8.482,2.6,4099.7,44,
31.8.2026,21:24:5.883,8.507,3.8,4699.7,44,
31.8.2026,21:24:6.075,8.096,3.8,4699.7,44,
31.8.2026,21:24:6.281,8.136,9.6,4099.7,44,
31.8.2026,21:24:6.487,8.377,3.0,4099.7,43,
31.8.2026,21:24:6.697,8.144,4.8,4099.7,43,
31.8.2026,21:24:6.902,8.308,3.4,4099.7,44,
31.8.2026,21:24:7.109,8.436,11.2,4699.7,44,
31.8.2026,21:24:7.318,8.305,3.2,4099.7,44,
31.8.2026,21:24:7.523,8.747,5.6,4099.7,44,
31.8.2026,21:24:7.729,8.139,3.1,4099.7,44,
31.8.2026,21:24:7.938,8.098,9.2,4099.7,44,
31.8.2026,21:24:8.147,8.230,2.6,4099.7,43,
31.8.2026,21:24:8.352,8.162,2.6,4099.7,43,
31.8.2026,21:24:8.542,9.682,5.6,4099.7,73,
31.8.2026,21:24:8.749,7.837,10.0,4099.7,75,
31.8.2026,21:24:8.958,8.514,4.2,4099.7,77,
31.8.2026,21:24:9.163,8.136,4.8,4099.7,71,
31.8.2026,21:24:9.373,7.824,2.0,500.0,76,
31.8.2026,21:24:9.577,10.891,12.5,500.0,77,
31.8.2026,21:24:9.783,9.999,3.9,4099.7,76,
31.8.2026,21:24:9.988,8.943,3.9,4699.7,72,
31.8.2026,21:24:10.195,7.806,3.8,4099.7,75,
31.8.2026,21:24:10.388,9.166,3.6,4099.7,72,
31.8.2026,21:24:10.596,8.897,12.2,4099.7,74,
31.8.2026,21:24:10.804,8.346,1.8,4699.7,64,
31.8.2026,21:24:11.012,8.551,4.0,4099.7,66,
31.8.2026,21:24:11.218,8.297,6.5,4099.7,73,
31.8.2026,21:24:11.425,8.424,5.6,4099.7,65,
31.8.2026,21:24:11.634,9.431,3.9,4099.7,73,
31.8.2026,21:24:11.824,8.211,4.5,4099.7,75,
31.8.2026,21:24:12.032,8.542,8.6,4399.7,51,
31.8.2026,21:24:12.238,8.307,4.6,4699.7,50,
31.8.2026,21:24:12.445,8.178,2.6,4099.7,44,
31.8.2026,21:24:12.636,8.133,2.9,500.0,51,
31.8.2026,21:24:12.843,8.176,8.4,4699.7,44,
31.8.2026,21:24:13.051,8.346,3.6,4099.7,45,
31.8.2026,21:24:13.257,8.011,4.2,4099.7,46,
31.8.2026,21:24:13.465,9.204,3.7,4099.7,46,
31.8.2026,21:24:13.670,8.204,8.3,4099.7,44,
31.8.2026,21:24:13.877,8.189,4.1,4099.7,43,
31.8.2026,21:24:14.087,8.127,5.7,4099.7,44,
31.8.2026,21:24:14.291,8.152,2.7,4699.7,44,
31.8.2026,21:24:14.480,8.274,12.4,4099.7,44,
31.8.2026,21:24:14.690,8.633,3.5,4099.7,43,
31.8.2026,21:24:14.894,8.309,2.5,4099.7,44,
31.8.2026,21:24:15.101,8.143,4.7,4699.7,44,
31.8.2026,21:24:15.293,8.294,3.2,4099.7,44,
31.8.2026,21:24:15.500,9.255,10.0,4699.7,43,
31.8.2026,21:24:15.707,8.196,4.5,4699.7,44,
31.8.2026,21:24:15.914,8.375,3.9,4099.7,43,
31.8.2026,21:24:16.120,8.548,2.9,4099.7,43,
31.8.2026,21:24:16.327,9.025,9.7,4699.7,44,
31.8.2026,21:24:16.536,8.425,5.2,4699.7,44,
31.8.2026,21:24:16.742,8.109,3.3,4699.7,43,
31.8.2026,21:24:16.937,7.918,7.3,4699.7,43,
31.8.2026,21:24:17.141,8.029,6.6,4699.7,42,
31.8.2026,21:24:17.349,8.246,1.2,4699.7,44,
31.8.2026,21:24:17.556,8.971,6.8,4099.7,44,
31.8.2026,21:24:17.764,8.493,8.1,4099.7,43,
31.8.2026,21:24:17.971,8.257,4.4,4099.7,44,
31.8.2026,21:24:18.177,8.147,4.6,4099.7,43,
31.8.2026,21:24:18.385,7.956,2.9,4699.7,43,
31.8.2026,21:24:18.575,8.281,9.0,4099.7,43,
31.8.2026,21:24:18.783,11.599,9.0,4099.7,43,
31.8.2026,21:24:18.990,11.599,9.0,4099.7,43,
31.8.2026,21:24:19.194,11.599,9.0,4099.7,43,
31.8.2026,21:24:19.400,11.599,9.0,4099.7,43,
31.8.2026,21:24:19.607,11.599,9.0,4099.7,43,
31.8.2026,21:24:19.813,11.599,9.0,4099.7,43,
31.8.2026,21:24:20.020,11.599,9.0,4099.7,43,
31.8.2026,21:24:20.227,11.599,9.0,4099.7,43,
31.8.2026,21:24:20.418,11.599,9.0,4099.7,43,
31.8.2026,21:24:20.626,11.599,9.0,4099.7,43,
31.8.2026,21:24:20.830,11.599,9.0,4099.7,43,
31.8.2026,21:24:21.037,11.599,9.0,4099.7,43,
31.8.2026,21:24:21.244,11.599,9.0,4099.7,43,
31.8.2026,21:24:21.451,11.599,9.0,4099.7,43,
31.8.2026,21:24:21.658,11.599,9.0,4099.7,43,
31.8.2026,21:24:21.864,11.599,9.0,4099.7,43,
31.8.2026,21:24:22.071,11.599,9.0,4099.7,43,
31.8.2026,21:24:22.261,11.599,9.0,4099.7,43,
31.8.2026,21:24:22.468,11.599,9.0,4099.7,43,
31.8.2026,21:24:22.675,11.599,9.0,4099.7,43,
31.8.2026,21:24:22.883,11.599,9.0,4099.7,43,
31.8.2026,21:24:23.090,11.599,9.0,4099.7,43,
31.8.2026,21:24:23.297,11.599,9.0,4099.7,43,
31.8.2026,21:24:23.502,11.599,9.0,4099.7,43,
31.8.2026,21:24:23.709,11.599,9.0,4099.7,43,
31.8.2026,21:24:23.915,11.599,9.0,4099.7,43,
31.8.2026,21:24:24.106,11.599,9.0,4099.7,43,
31.8.2026,21:24:24.313,11.599,9.0,4099.7,43,
31.8.2026,21:24:24.520,11.599,9.0,4099.7,43,
31.8.2026,21:24:24.727,11.599,9.0,4099.7,43,
31.8.2026,21:24:24.918,11.599,9.0,4099.7,43,
31.8.2026,21:24:25.125,11.599,9.0,4099.7,43,
31.8.2026,21:24:25.347,11.599,9.0,4099.7,43,
31.8.2026,21:24:25.539,11.599,9.0,4099.7,43,
31.8.2026,21:24:25.746,11.599,9.0,4099.7,43,
31.8.2026,21:24:25.952,11.599,9.0,4099.7,43,
31.8.2026,21:24:26.159,11.599,9.0,4099.7,43,
31.8.2026,21:24:26.366,11.599,9.0,4099.7,43,
31.8.2026,21:24:26.573,11.599,9.0,4099.7,43,
31.8.2026,21:24:26.764,11.599,9.0,4099.7,43,
31.8.2026,21:24:26.968,11.599,9.0,4099.7,43,
31.8.2026,21:24:27.175,11.599,9.0,4099.7,43,
31.8.2026,21:24:27.382,11.599,9.0,4099.7,43,
31.8.2026,21:24:27.588,11.599,9.0,4099.7,43,
31.8.2026,21:24:27.795,11.599,9.0,4099.7,43,
31.8.2026,21:24:28.003,11.599,9.0,4099.7,43,
31.8.2026,21:24:28.210,11.599,9.0,4099.7,43,
31.8.2026,21:24:28.416,11.599,15.2,4499.7,68,
31.8.2026,21:24:28.607,11.599,15.2,4499.7,68,
31.8.2026,21:24:28.813,11.599,15.2,4499.7,68,
31.8.2026,21:24:29.021,11.599,15.2,4499.7,68,
31.8.2026,21:24:29.228,11.599,15.2,4499.7,68,
31.8.2026,21:24:29.419,11.599,15.2,4499.7,68,
31.8.2026,21:24:29.626,11.599,15.2,4499.7,68,
31.8.2026,21:24:29.834,11.599,15.2,4499.7,68,
31.8.2026,21:24:30.040,11.599,15.2,4499.7,68,
31.8.2026,21:24:30.232,11.599,15.2,4499.7,68,
31.8.2026,21:24:30.439,11.599,15.2,4499.7,68,
31.8.2026,21:24:30.645,11.599,15.2,4499.7,68,
31.8.2026,21:24:30.852,11.599,15.2,4499.7,68,
31.8.2026,21:24:31.059,11.599,15.2,4499.7,68,
31.8.2026,21:24:31.264,11.599,15.2,4499.7,68,
31.8.2026,21:24:31.473,11.599,15.2,4499.7,68,
31.8.2026,21:24:31.680,11.599,15.2,4499.7,68,
31.8.2026,21:24:31.887,11.599,15.2,4499.7,68,
31.8.2026,21:24:32.092,11.599,15.2,4499.7,68,
31.8.2026,21:24:32.298,11.599,15.2,4499.7,68,
31.8.2026,21:24:32.508,11.599,15.2,4499.7,68,
31.8.2026,21:24:32.711,11.599,15.2,4499.7,68,
31.8.2026,21:24:32.902,11.599,15.2,4499.7,68,
31.8.2026,21:24:33.109,11.599,15.2,4499.7,68,
31.8.2026,21:24:33.316,11.599,15.2,4499.7,68,
31.8.2026,21:24:33.522,24.382,22.6,4399.7,83,
31.8.2026,21:24:33.728,24.382,22.6,4399.7,83,
31.8.2026,21:24:33.936,24.382,22.6,4399.7,83,
31.8.2026,21:24:34.142,24.382,22.6,4399.7,83,
31.8.2026,21:24:34.349,24.382,22.6,4399.7,83,
31.8.2026,21:24:34.556,24.382,22.6,4399.7,83,
31.8.2026,21:24:34.746,24.382,22.6,4399.7,83,
31.8.2026,21:24:34.953,24.382,22.6,4399.7,83,
31.8.2026,21:24:35.160,24.382,22.6,4399.7,83,
31.8.2026,21:24:35.366,24.382,22.6,4399.7,83,
31.8.2026,21:24:35.573,24.382,22.6,4399.7,83,
31.8.2026,21:24:35.780,24.382,22.6,4399.7,83,
31.8.2026,21:24:35.990,24.382,22.6,4399.7,83,
31.8.2026,21:24:36.194,24.382,22.6,4399.7,83,
31.8.2026,21:24:36.400,24.382,22.6,4399.7,83,
31.8.2026,21:24:36.591,24.382,22.6,4399.7,83,
31.8.2026,21:24:36.798,24.382,22.6,4399.7,83,
31.8.2026,21:24:37.004,24.382,22.6,4399.7,83,
31.8.2026,21:24:37.211,24.382,22.6,4399.7,83,
31.8.2026,21:24:37.402,24.382,22.6,4399.7,83,
31.8.2026,21:24:37.609,24.382,22.6,4399.7,83,
31.8.2026,21:24:37.815,24.382,22.6,4399.7,83,
31.8.2026,21:24:38.022,24.382,22.6,4399.7,83,
31.8.2026,21:24:38.229,24.382,16.0,4499.7,85,
31.8.2026,21:24:38.419,24.106,16.0,4499.7,85,
31.8.2026,21:24:38.626,24.106,16.0,4499.7,85,
31.8.2026,21:24:38.833,24.106,16.0,4499.7,85,
31.8.2026,21:24:39.040,24.106,16.0,4499.7,85,
31.8.2026,21:24:39.230,24.106,16.0,4499.7,85,
31.8.2026,21:24:39.437,24.106,16.0,4499.7,85,
31.8.2026,21:24:39.644,24.106,16.0,4499.7,85,
31.8.2026,21:24:39.851,24.106,16.0,4499.7,85,
31.8.2026,21:24:40.058,24.106,16.0,4499.7,85,
31.8.2026,21:24:40.265,24.106,16.0,4499.7,85,
31.8.2026,21:24:40.472,24.106,16.0,4499.7,85,
31.8.2026,21:24:40.679,24.106,16.0,4499.7,85,
31.8.2026,21:24:40.886,24.106,16.0,4499.7,85,
31.8.2026,21:24:41.076,24.106,16.0,4499.7,85,
31.8.2026,21:24:41.283,24.106,16.0,4499.7,85,
31.8.2026,21:24:41.490,24.106,16.0,4499.7,85,
31.8.2026,21:24:41.695,24.106,16.0,4499.7,85,
31.8.2026,21:24:41.901,24.106,16.0,4499.7,85,
31.8.2026,21:24:42.108,24.106,16.0,4499.7,85,
31.8.2026,21:24:42.314,24.106,16.0,4499.7,85,
31.8.2026,21:24:42.520,24.106,16.0,4499.7,85,
31.8.2026,21:24:42.727,24.106,16.0,4499.7,85,
31.8.2026,21:24:42.918,24.106,16.0,4499.7,85,
31.8.2026,21:24:43.125,23.723,15.9,4399.7,83,
31.8.2026,21:24:43.332,23.723,15.9,4399.7,83,
31.8.2026,21:24:43.539,23.723,15.9,4399.7,83,
31.8.2026,21:24:43.730,23.723,15.9,4399.7,83,
31.8.2026,21:24:43.936,23.723,15.9,4399.7,83,
31.8.2026,21:24:44.143,23.723,15.9,4399.7,83,
31.8.2026,21:24:44.349,23.723,15.9,4399.7,83,
31.8.2026,21:24:44.556,23.723,15.9,4399.7,83,
31.8.2026,21:24:44.746,23.723,15.9,4399.7,83,
31.8.2026,21:24:44.953,23.723,15.9,4399.7,83,
31.8.2026,21:24:45.160,23.723,15.9,4399.7,83,
31.8.2026,21:24:45.367,23.723,15.9,4399.7,83,
31.8.2026,21:24:45.558,23.723,15.9,4399.7,83,
31.8.2026,21:24:45.764,23.723,15.9,4399.7,83,
31.8.2026,21:24:45.971,23.723,15.9,4399.7,83,
31.8.2026,21:24:46.178,23.723,15.9,4399.7,83,
31.8.2026,21:24:46.399,23.723,15.9,4399.7,83,
31.8.2026,21:24:46.592,23.723,15.9,4399.7,83,
31.8.2026,21:24:46.799,23.723,15.9,4399.7,83,
31.8.2026,21:24:47.005,23.723,15.9,4399.7,83,
31.8.2026,21:24:47.212,23.723,15.9,4399.7,83,
31.8.2026,21:24:47.405,23.723,15.9,4399.7,83,
31.8.2026,21:24:47.610,23.723,15.9,4399.7,83,
31.8.2026,21:24:47.816,23.559,15.9,4399.7,85,
31.8.2026,21:24:48.022,23.559,15.9,4399.7,85,
31.8.2026,21:24:48.230,23.559,15.9,4399.7,85,
31.8.2026,21:24:48.437,23.559,15.9,4399.7,85,
31.8.2026,21:24:48.644,23.559,15.9,4399.7,85,
31.8.2026,21:24:48.851,23.559,15.9,4399.7,85,
31.8.2026,21:24:49.057,23.559,15.9,4399.7,85,
31.8.2026,21:24:49.248,23.559,15.9,4399.7,85,
31.8.2026,21:24:49.454,23.559,15.9,4399.7,85,
31.8.2026,21:24:49.661,23.559,15.9,4399.7,85,
31.8.2026,21:24:49.868,23.559,15.9,4399.7,85,
31.8.2026,21:24:50.059,23.559,15.9,4399.7,85,
31.8.2026,21:24:50.266,23.559,15.9,4399.7,85,
31.8.2026,21:24:50.473,23.559,15.9,4399.7,85,
31.8.2026,21:24:50.680,23.559,15.9,4399.7,85,
31.8.2026,21:24:50.887,23.559,15.9,4399.7,85,
31.8.2026,21:24:51.094,23.559,15.9,4399.7,85,
31.8.2026,21:24:51.302,23.559,15.9,4399.7,85,
31.8.2026,21:24:51.506,23.559,15.9,4399.7,85,
31.8.2026,21:24:51.712,23.559,15.9,4399.7,85,
31.8.2026,21:24:51.906,23.559,15.9,4399.7,85,
31.8.2026,21:24:52.111,23.559,15.9,4399.7,85,
31.8.2026,21:24:52.316,23.559,15.9,4399.7,85,
31.8.2026,21:24:52.522,23.606,16.0,4399.7,86,
31.8.2026,21:24:52.713,23.606,16.0,4399.7,86,
31.8.2026,21:24:52.920,23.606,16.0,4399.7,86,
31.8.2026,21:24:53.126,23.606,16.0,4399.7,86,
31.8.2026,21:24:53.333,23.606,16.0,4399.7,86,
31.8.2026,21:24:53.540,23.606,16.0,4399.7,86,
31.8.2026,21:24:53.731,23.606,16.0,4399.7,86,
31.8.2026,21:24:53.938,23.606,16.0,4399.7,86,
31.8.2026,21:24:54.144,23.606,16.0,4399.7,86,
31.8.2026,21:24:54.351,23.606,16.0,4399.7,86,
31.8.2026,21:24:54.557,23.606,16.0,4399.7,86,
31.8.2026,21:24:54.764,23.606,16.0,4399.7,86,
31.8.2026,21:24:54.970,23.606,16.0,4399.7,86,
31.8.2026,21:24:55.177,23.606,16.0,4399.7,86,
31.8.2026,21:24:55.384,23.606,16.0,4399.7,86,
31.8.2026,21:24:55.575,23.606,16.0,4399.7,86,
31.8.2026,21:24:55.782,23.606,16.0,4399.7,86,
31.8.2026,21:24:55.989,23.606,16.0,4399.7,86,
31.8.2026,21:24:56.196,23.606,16.0,4399.7,86,
31.8.2026,21:24:56.387,23.606,16.0,4399.7,86,
31.8.2026,21:24:56.594,23.606,16.0,4399.7,86,
31.8.2026,21:24:56.801,23.606,16.0,4399.7,86,
31.8.2026,21:24:57.007,23.606,16.0,4399.7,86,
31.8.2026,21:24:57.214,23.606,16.0,4399.7,86,
31.8.2026,21:24:57.421,23.606,16.0,4399.7,86,
31.8.2026,21:24:57.627,23.606,16.0,4399.7,86,
31.8.2026,21:24:57.834,23.606,16.0,4399.7,86,
31.8.2026,21:24:58.041,23.606,16.0,4399.7,86,
31.8.2026,21:24:58.248,23.606,16.0,4399.7,86,
31.8.2026,21:24:58.454,23.337,15.9,4099.7,85,
31.8.2026,21:24:58.661,23.337,15.9,4099.7,85,
31.8.2026,21:24:58.867,23.337,15.9,4099.7,85,
31.8.2026,21:24:59.058,23.337,15.9,4099.7,85,
31.8.2026,21:24:59.265,23.337,15.9,4099.7,85,
31.8.2026,21:24:59.472,23.337,15.9,4099.7,85,
31.8.2026,21:24:59.678,23.337,15.9,4099.7,85,
31.8.2026,21:24:59.885,23.337,15.9,4099.7,85,
31.8.2026,21:25:0.091,23.337,15.9,4099.7,85,
31.8.2026,21:25:0.299,23.337,15.9,4099.7,85,
31.8.2026,21:25:0.508,23.337,15.9,4099.7,85,
31.8.2026,21:25:0.713,23.337,15.9,4099.7,85,
31.8.2026,21:25:0.906,23.337,15.9,4099.7,85,
31.8.2026,21:25:1.113,23.337,15.9,4099.7,85,
31.8.2026,21:25:1.319,23.337,15.9,4099.7,85,
31.8.2026,21:25:1.525,23.337,15.9,4099.7,85,
31.8.2026,21:25:1.716,23.337,15.9,4099.7,85,
31.8.2026,21:25:1.923,23.337,15.9,4099.7,85,
31.8.2026,21:25:2.129,23.337,15.9,4099.7,85,
31.8.2026,21:25:2.334,23.337,15.9,4099.7,85,
31.8.2026,21:25:2.540,23.337,15.9,4099.7,85,
31.8.2026,21:25:2.730,23.337,15.9,4099.7,85,
31.8.2026,21:25:2.940,23.337,15.9,4099.7,85,
31.8.2026,21:25:3.147,23.337,15.8,4399.7,85,
31.8.2026,21:25:3.354,23.510,15.8,4399.7,85,
31.8.2026,21:25:3.557,23.510,15.8,4399.7,85,
31.8.2026,21:25:3.764,23.510,15.8,4399.7,85,
31.8.2026,21:25:3.970,23.510,15.8,4399.7,85,
31.8.2026,21:25:4.177,23.510,15.8,4399.7,85,
31.8.2026,21:25:4.384,23.510,15.8,4399.7,85,
31.8.2026,21:25:4.574,23.510,15.8,4399.7,85,
31.8.2026,21:25:4.781,23.510,15.8,4399.7,85,
31.8.2026,21:25:4.988,23.510,15.8,4399.7,85,
31.8.2026,21:25:5.194,23.510,15.8,4399.7,85,
31.8.2026,21:25:5.401,23.510,15.8,4399.7,85,
31.8.2026,21:25:5.608,23.510,15.8,4399.7,85,
31.8.2026,21:25:5.815,23.510,15.8,4399.7,85,
31.8.2026,21:25:6.022,23.510,15.8,4399.7,85,
31.8.2026,21:25:6.228,23.510,15.8,4399.7,85,
31.8.2026,21:25:6.419,23.510,15.8,4399.7,85,
31.8.2026,21:25:6.626,23.510,15.8,4399.7,85,
31.8.2026,21:25:6.835,23.510,15.8,4399.7,85,
31.8.2026,21:25:7.040,23.510,15.8,4399.7,85,
31.8.2026,21:25:7.230,23.510,15.8,4399.7,85,
31.8.2026,21:25:7.437,23.510,15.8,4399.7,85,
31.8.2026,21:25:7.643,23.421,15.8,4399.7,85,
31.8.2026,21:25:7.850,23.421,15.8,4399.7,85,
31.8.2026,21:25:8.057,23.421,15.8,4399.7,85,
31.8.2026,21:25:8.263,23.421,15.8,4399.7,85,
31.8.2026,21:25:8.469,23.421,15.8,4399.7,85,
31.8.2026,21:25:8.676,23.421,15.8,4399.7,85,
31.8.2026,21:25:8.883,23.421,15.8,4399.7,85,
31.8.2026,21:25:9.074,23.421,15.8,4399.7,85,
31.8.2026,21:25:9.280,23.421,15.8,4399.7,85,
31.8.2026,21:25:9.488,23.421,15.8,4399.7,85,
31.8.2026,21:25:9.695,23.421,15.8,4399.7,85,
31.8.2026,21:25:9.902,23.421,15.8,4399.7,85,
31.8.2026,21:25:10.109,23.421,15.8,4399.7,85,
31.8.2026,21:25:10.315,23.421,15.8,4399.7,85,
31.8.2026,21:25:10.520,23.421,15.8,4399.7,85,
31.8.2026,21:25:10.729,23.421,15.8,4399.7,85,
31.8.2026,21:25:10.933,23.421,15.8,4399.7,85,
31.8.2026,21:25:11.139,23.421,15.8,4399.7,85,
31.8.2026,21:25:11.346,23.421,15.8,4399.7,85,
31.8.2026,21:25:11.553,23.421,15.8,4399.7,85,
31.8.2026,21:25:11.759,23.421,15.8,4399.7,85,
31.8.2026,21:25:11.950,23.421,15.8,4399.7,85,
31.8.2026,21:25:12.156,23.421,15.8,4399.7,85,
31.8.2026,21:25:12.363,23.421,15.8,4399.7,85,
31.8.2026,21:25:12.569,23.421,15.8,4399.7,85,
31.8.2026,21:25:12.760,23.421,13.9,4099.7,83,
31.8.2026,21:25:12.967,23.421,13.9,4099.7,83,
31.8.2026,21:25:13.174,23.421,13.9,4099.7,83,
31.8.2026,21:25:13.380,23.421,13.9,4099.7,83,
31.8.2026,21:25:13.586,23.421,13.9,4099.7,83,
31.8.2026,21:25:13.777,23.421,13.9,4099.7,83,
31.8.2026,21:25:13.984,23.421,13.9,4099.7,83,
31.8.2026,21:25:14.191,23.421,13.9,4099.7,83,
31.8.2026,21:25:14.398,23.421,13.9,4099.7,83,
31.8.2026,21:25:14.604,23.421,13.9,4099.7,83,
31.8.2026,21:25:14.811,23.421,13.9,4099.7,83,
31.8.2026,21:25:15.017,23.421,13.9,4099.7,83,
31.8.2026,21:25:15.225,23.421,13.9,4099.7,83,
31.8.2026,21:25:15.431,23.421,13.9,4099.7,83,
31.8.2026,21:25:15.638,23.421,13.9,4099.7,83,
31.8.2026,21:25:15.844,23.421,13.9,4099.7,83,
31.8.2026,21:25:16.051,23.421,13.9,4099.7,83,
31.8.2026,21:25:16.257,23.421,13.9,4099.7,83,
31.8.2026,21:25:16.464,23.421,13.9,4099.7,83,
31.8.2026,21:25:16.687,23.421,13.9,4099.7,83,
31.8.2026,21:25:16.894,23.421,13.9,4099.7,83,
31.8.2026,21:25:17.101,23.421,13.9,4099.7,83,
31.8.2026,21:25:17.308,23.421,13.9,4099.7,83,
31.8.2026,21:25:17.515,23.447,40.7,4299.7,86,
31.8.2026,21:25:17.722,23.447,40.7,4299.7,86,
31.8.2026,21:25:17.928,23.447,40.7,4299.7,86,
31.8.2026,21:25:18.135,23.447,40.7,4299.7,86,
31.8.2026,21:25:18.326,23.447,40.7,4299.7,86,
31.8.2026,21:25:18.533,23.447,40.7,4299.7,86,
31.8.2026,21:25:18.740,23.447,69.0,3399.8,69,
31.8.2026,21:25:18.946,22.988,1.8,4099.7,53,
31.8.2026,21:25:19.137,8.562,1.8,4099.7,53,
31.8.2026,21:25:19.347,8.251,5.1,4699.7,53,
31.8.2026,21:25:19.553,8.411,7.4,4099.7,53,
31.8.2026,21:25:19.760,8.173,2.5,4099.7,53,
31.8.2026,21:25:19.969,8.892,10.4,4699.7,52,
31.8.2026,21:25:20.175,8.914,8.8,4099.7,60,
31.8.2026,21:25:20.382,8.257,2.5,4699.7,52,
31.8.2026,21:25:20.591,8.285,4.7,4099.7,52,
31.8.2026,21:25:20.797,8.425,9.6,4099.7,52,
31.8.2026,21:25:21.004,8.469,3.7,4099.7,51,
31.8.2026,21:25:21.214,8.509,7.0,4099.7,51,
31.8.2026,21:25:21.405,8.381,3.5,4699.7,51,
31.8.2026,21:25:21.613,9.426,8.3,4099.7,86,
31.8.2026,21:25:21.819,8.340,5.1,4099.7,82,
31.8.2026,21:25:22.013,8.391,3.0,4099.7,85,
31.8.2026,21:25:22.218,10.068,9.7,4099.7,84,
31.8.2026,21:25:22.427,8.312,5.8,400.0,74,
31.8.2026,21:25:22.634,8.519,3.7,4099.7,83,
31.8.2026,21:25:22.828,8.668,3.1,4599.7,70,
31.8.2026,21:25:23.035,8.612,6.1,4099.7,60,
31.8.2026,21:25:23.247,8.304,3.9,4099.7,58,
31.8.2026,21:25:23.456,8.124,7.9,4099.7,55,
31.8.2026,21:25:23.664,8.476,2.0,4099.7,56,
31.8.2026,21:25:23.871,8.528,4.4,4699.7,53,
31.8.2026,21:25:24.077,8.417,10.0,4099.7,58,
31.8.2026,21:25:24.284,9.066,3.0,4099.7,55,
31.8.2026,21:25:24.495,8.367,3.2,4099.7,51,
31.8.2026,21:25:24.702,8.577,7.5,4099.7,58,
31.8.2026,21:25:24.908,10.810,6.0,4699.7,55,
31.8.2026,21:25:25.116,8.789,5.7,4699.7,53,
31.8.2026,21:25:25.308,8.492,2.7,2899.8,57,
31.8.2026,21:25:25.516,8.745,5.3,4699.7,52,
31.8.2026,21:25:25.725,8.663,8.0,4099.7,53,
31.8.2026,21:25:25.921,8.663,3.1,4699.7,53,
31.8.2026,21:25:26.128,8.601,6.4,4099.7,49,
31.8.2026,21:25:26.337,8.233,3.6,4699.7,49,
31.8.2026,21:25:26.541,9.260,2.2,4699.7,48,
31.8.2026,21:25:26.749,8.306,9.5,4099.7,49,
31.8.2026,21:25:26.957,8.348,6.4,4099.7,49,
31.8.2026,21:25:27.163,8.466,4.3,4099.7,49,
31.8.2026,21:25:27.369,9.695,4.5,4699.7,50,
31.8.2026,21:25:27.579,8.287,8.1,4099.7,49,
31.8.2026,21:25:27.784,8.499,3.1,4699.7,48,
31.8.2026,21:25:27.991,8.511,3.8,500.0,48,
31.8.2026,21:25:28.199,8.475,6.1,4699.7,49,
31.8.2026,21:25:28.405,8.959,6.4,4699.7,48,
31.8.2026,21:25:28.611,8.519,4.3,4699.7,48,
31.8.2026,21:25:28.820,8.488,3.9,4099.7,48,
31.8.2026,21:25:29.026,8.237,2.5,4699.7,48,
31.8.2026,21:25:29.237,7.925,7.0,4099.7,48,
31.8.2026,21:25:29.442,7.952,4.6,4099.7,48,
31.8.2026,21:25:29.650,8.554,4.0,4099.7,48,
31.8.2026,21:25:29.842,8.225,7.7,4099.7,48,
31.8.2026,21:25:30.049,8.318,4.2,4099.7,47,
31.8.2026,21:25:30.260,8.477,5.1,4699.7,48,
31.8.2026,21:25:30.464,8.592,5.5,4099.7,48,
31.8.2026,21:25:30.670,8.534,7.6,4699.7,47,
31.8.2026,21:25:30.878,8.094,4.9,4699.7,47,
31.8.2026,21:25:31.085,8.045,4.7,4099.7,48,
31.8.2026,21:25:31.277,8.443,3.8,4099.7,47,
31.8.2026,21:25:31.486,7.963,4.4,4699.7,47,
31.8.2026,21:25:31.692,8.429,5.3,4099.7,48,
31.8.2026,21:25:31.903,8.008,4.1,4699.7,48,
31.8.2026,21:25:32.106,8.223,6.4,4699.7,48,
31.8.2026,21:25:32.314,8.118,6.2,4099.7,47,
31.8.2026,21:25:32.521,8.844,2.0,4699.7,46,
31.8.2026,21:25:32.728,8.468,2.8,4099.7,47,
31.8.2026,21:25:32.919,8.087,12.3,4099.7,46,
31.8.2026,21:25:33.125,8.792,6.5,4099.7,47,
31.8.2026,21:25:33.333,8.583,3.2,4099.7,46,
31.8.2026,21:25:33.539,8.675,3.0,4099.7,46,
31.8.2026,21:25:33.732,8.177,8.6,4099.7,47,
31.8.2026,21:25:33.940,8.200,10.6,4099.7,65,
31.8.2026,21:25:34.144,13.106,25.1,4099.7,53,
31.8.2026,21:25:34.352,22.861,5.9,4099.7,47,
31.8.2026,21:25:34.558,8.815,5.1,4699.7,47,
31.8.2026,21:25:34.764,9.315,8.5,4699.7,47,
31.8.2026,21:25:34.971,8.700,5.4,4099.7,64,
31.8.2026,21:25:35.177,9.582,13.1,4199.7,47,
31.8.2026,21:25:35.385,17.166,3.2,4099.7,46,
31.8.2026,21:25:35.575,8.390,8.6,4699.7,48,
31.8.2026,21:25:35.783,8.868,5.7,4099.7,52,
31.8.2026,21:25:35.989,9.537,3.4,4099.7,46,
31.8.2026,21:25:36.195,8.618,4.8,4099.7,46,
31.8.2026,21:25:36.401,9.243,10.5,4099.7,48,
31.8.2026,21:25:36.607,10.720,10.1,4099.7,55,
31.8.2026,21:25:36.816,11.745,14.1,4099.7,47,
31.8.2026,21:25:37.025,16.838,2.8,4099.7,47,
31.8.2026,21:25:37.215,8.713,7.3,4099.7,46,
31.8.2026,21:25:37.425,8.354,4.7,4099.7,46,
31.8.2026,21:25:37.629,8.452,5.3,4099.7,45,
31.8.2026,21:25:37.836,8.853,5.5,4099.7,47,
31.8.2026,21:25:38.029,8.708,8.0,500.0,46,
31.8.2026,21:25:38.234,8.622,4.5,4699.7,46,
31.8.2026,21:25:38.441,9.446,13.1,4099.7,46,
31.8.2026,21:25:38.648,10.763,3.7,4099.7,46,
31.8.2026,21:25:38.839,8.474,3.7,4099.7,46,
31.8.2026,21:25:39.048,8.508,8.9,4099.7,46,
31.8.2026,21:25:39.254,8.976,4.2,4099.7,74,
31.8.2026,21:25:39.463,7.095,3.8,4099.7,45,
31.8.2026,21:25:39.652,8.382,2.8,4099.7,45,
31.8.2026,21:25:39.859,9.441,9.8,4099.7,79,
31.8.2026,21:25:40.067,8.358,4.9,4099.7,74,
31.8.2026,21:25:40.275,8.108,2.1,4099.7,79,
31.8.2026,21:25:40.468,8.816,4.5,4699.7,79,
31.8.2026,21:25:40.674,9.386,10.6,4099.7,68,
31.8.2026,21:25:40.881,7.804,4.0,4099.7,54,
31.8.2026,21:25:41.091,8.078,3.4,4099.7,58,
31.8.2026,21:25:41.298,8.105,6.3,4099.7,77,
31.8.2026,21:25:41.504,7.952,4.9,4699.7,65,
31.8.2026,21:25:41.711,8.393,2.7,4099.7,76,
31.8.2026,21:25:41.902,8.130,7.4,4099.7,63,
31.8.2026,21:25:42.111,8.579,7.2,4099.7,47,
31.8.2026,21:25:42.320,8.672,5.0,4699.7,45,
31.8.2026,21:25:42.524,8.061,2.7,3499.8,50,
31.8.2026,21:25:42.715,8.317,3.1,4699.7,52,
31.8.2026,21:25:42.923,8.225,7.5,4099.7,46,
31.8.2026,21:25:43.129,8.549,3.7,4699.7,46,
31.8.2026,21:25:43.337,7.942,3.8,4699.7,45,
31.8.2026,21:25:43.528,7.942,7.7,4699.7,46,
31.8.2026,21:25:43.737,8.259,2.9,4099.7,45,
31.8.2026,21:25:43.942,8.234,5.3,4099.7,45,
31.8.2026,21:25:44.149,8.405,5.6,4099.7,44,
31.8.2026,21:25:44.341,8.327,9.1,4099.7,44,
31.8.2026,21:25:44.547,8.895,8.4,4099.7,45,
31.8.2026,21:25:44.755,10.417,5.0,4099.7,46,
31.8.2026,21:25:44.961,8.686,2.6,4099.7,45,
31.8.2026,21:25:45.152,8.297,8.9,4099.7,45,
31.8.2026,21:25:45.360,8.612,7.2,4099.7,45,
31.8.2026,21:25:45.568,10.511,5.8,4699.7,44,
31.8.2026,21:25:45.777,8.435,2.0,4699.7,45,
31.8.2026,21:25:45.983,8.407,9.0,4699.7,44,
31.8.2026,21:25:46.191,8.200,4.7,4099.7,44,
31.8.2026,21:25:46.399,8.084,5.1,4699.7,44,
31.8.2026,21:25:46.590,9.137,7.2,4699.7,44,
31.8.2026,21:25:46.797,8.263,6.9,4099.7,44,
31.8.2026,21:25:47.004,7.736,4.4,4099.7,44,
31.8.2026,21:25:47.210,8.311,6.2,4099.7,44,
31.8.2026,21:25:47.403,8.205,7.4,4099.7,44,
31.8.2026,21:25:47.609,8.858,3.9,4099.7,45,
31.8.2026,21:25:47.816,8.347,6.5,4099.7,45,
31.8.2026,21:25:48.024,8.522,2.7,3899.7,44,
31.8.2026,21:25:48.213,8.207,9.1,4099.7,44,
31.8.2026,21:25:48.420,8.476,4.3,4699.7,44,
31.8.2026,21:25:48.629,9.401,5.0,4099.7,45,
31.8.2026,21:25:48.834,8.443,3.8,4699.7,44,
31.8.2026,21:25:49.041,8.339,4.7,4699.7,45,
31.8.2026,21:25:49.250,8.191,8.3,4699.7,45,
31.8.2026,21:25:49.455,8.656,5.6,4099.7,44,
31.8.2026,21:25:49.664,9.236,5.0,3599.8,44,
31.8.2026,21:25:49.868,8.632,6.3,4099.7,45,
31.8.2026,21:25:50.065,10.986,4.9,4099.7,44,
31.8.2026,21:25:50.275,8.445,8.9,4099.7,47,
31.8.2026,21:25:50.480,10.631,6.9,4099.7,44,
31.8.2026,21:25:50.687,8.806,5.2,4099.7,44,
31.8.2026,21:25:50.897,8.176,3.5,4099.7,44,
31.8.2026,21:25:51.102,8.216,4.4,4099.7,44,
31.8.2026,21:25:51.293,8.527,7.4,4699.7,44,
31.8.2026,21:25:51.501,9.313,6.0,4099.7,44,
31.8.2026,21:25:51.706,8.871,2.7,4099.7,45,
31.8.2026,21:25:51.914,8.538,4.9,4699.7,44,
31.8.2026,21:25:52.122,8.545,11.1,4099.7,44,
31.8.2026,21:25:52.329,8.108,5.6,4099.7,44,
31.8.2026,21:25:52.537,8.812,2.8,4699.7,45,
31.8.2026,21:25:52.744,8.327,6.9,4099.7,45,
31.8.2026,21:25:52.935,8.900,6.9,4099.7,45,
31.8.2026,21:25:53.144,8.861,8.4,4099.7,44,
31.8.2026,21:25:53.351,8.065,2.8,4699.7,45,
31.8.2026,21:25:53.542,9.124,5.0,4099.7,45,
31.8.2026,21:25:53.750,9.029,7.0,4099.7,77,
31.8.2026,21:25:53.958,8.591,5.9,4099.7,77,
31.8.2026,21:25:54.166,8.129,4.2,4099.7,71,
31.8.2026,21:25:54.356,7.985,7.3,4099.7,76,
31.8.2026,21:25:54.562,9.857,11.7,4099.7,77,
31.8.2026,21:25:54.771,8.928,2.5,500.0,75,
31.8.2026,21:25:54.966,8.342,4.1,4099.7,76,
31.8.2026,21:25:55.174,8.650,5.8,4699.7,71,
31.8.2026,21:25:55.384,8.605,2.8,4099.7,60,
31.8.2026,21:25:55.573,8.289,5.1,500.0,62,
31.8.2026,21:25:55.780,8.702,9.5,4099.7,46,
31.8.2026,21:25:55.989,10.481,7.3,3699.8,59,
31.8.2026,21:25:56.193,20.358,17.4,4099.7,51,
31.8.2026,21:25:56.399,20.097,26.9,3299.8,67,
31.8.2026,21:25:56.589,20.097,28.0,4099.7,76,
31.8.2026,21:25:56.798,22.809,24.7,4099.7,61,
31.8.2026,21:25:57.004,19.584,6.6,4699.7,46,
31.8.2026,21:25:57.211,9.507,2.7,4699.7,44,
31.8.2026,21:25:57.402,8.225,10.9,3999.7,67,
31.8.2026,21:25:57.611,11.207,28.4,4099.7,57,
31.8.2026,21:25:57.817,20.622,10.1,4099.7,45,
31.8.2026,21:25:58.023,12.756,5.4,4699.7,45,
31.8.2026,21:25:58.215,8.634,2.9,4699.7,46,
31.8.2026,21:25:58.422,8.213,9.8,4699.7,44,
31.8.2026,21:25:58.627,8.299,7.1,4099.7,53,
31.8.2026,21:25:58.834,11.250,4.6,4699.7,45,
31.8.2026,21:25:59.041,9.361,3.8,4099.7,46,
31.8.2026,21:25:59.250,8.646,9.3,4099.7,46,
31.8.2026,21:25:59.455,8.507,6.0,4099.7,46,
31.8.2026,21:25:59.662,9.034,5.0,4699.7,44,
31.8.2026,21:25:59.870,9.909,7.3,4599.7,44,
31.8.2026,21:26:0.059,8.642,8.1,4099.7,43,
31.8.2026,21:26:0.266,8.460,4.0,4099.7,44,
31.8.2026,21:26:0.476,8.635,8.4,500.0,53,
31.8.2026,21:26:0.679,9.260,3.2,4699.7,44,
31.8.2026,21:26:0.887,8.919,9.6,4699.7,45,
31.8.2026,21:26:1.095,8.723,3.5,4699.7,44,
31.8.2026,21:26:1.303,8.349,5.0,4099.7,44,
31.8.2026,21:26:1.509,8.316,5.3,4099.7,45,
31.8.2026,21:26:1.701,9.248,7.4,4699.7,44,
31.8.2026,21:26:1.907,8.486,6.8,4099.7,43,
31.8.2026,21:26:2.117,8.511,3.0,4099.7,44,
31.8.2026,21:26:2.322,8.220,2.3,500.0,45,
31.8.2026,21:26:2.512,7.857,13.1,4099.7,44,
31.8.2026,21:26:2.719,9.130,3.7,4099.7,43,
31.8.2026,21:26:2.928,8.629,3.1,4099.7,44,
31.8.2026,21:26:3.134,8.720,2.6,3099.8,45,
31.8.2026,21:26:3.327,8.201,10.9,4099.7,44,
31.8.2026,21:26:3.533,9.211,11.0,4099.7,65,
31.8.2026,21:26:3.749,15.675,20.9,4099.7,86,
31.8.2026,21:26:3.949,22.235,19.0,4699.7,77,
31.8.2026,21:26:4.155,21.685,25.0,4099.7,67,
31.8.2026,21:26:4.363,22.523,20.7,4099.7,48,
31.8.2026,21:26:4.568,18.850,5.1,4099.7,46,
31.8.2026,21:26:4.777,10.707,5.0,4099.7,45,
31.8.2026,21:26:4.966,10.259,8.7,4099.7,44,
31.8.2026,21:26:5.175,9.532,5.9,4099.7,43,
31.8.2026,21:26:5.379,9.588,5.3,3299.8,44,
31.8.2026,21:26:5.586,9.528,4.8,4699.7,44,
31.8.2026,21:26:5.776,10.284,4.1,4699.7,44,
31.8.2026,21:26:5.984,9.053,7.9,4699.7,44,
31.8.2026,21:26:6.191,9.992,5.0,4099.7,44,
31.8.2026,21:26:6.396,9.325,5.1,4099.7,44,
31.8.2026,21:26:6.602,9.004,6.3,4099.7,44,
31.8.2026,21:26:6.792,9.954,6.3,4099.7,44,
31.8.2026,21:26:6.998,10.720,12.7,4699.7,74,
31.8.2026,21:26:7.204,8.076,5.0,4099.7,44,
31.8.2026,21:26:7.411,9.318,7.9,4099.7,44,
31.8.2026,21:26:7.619,9.120,3.7,4099.7,44,
31.8.2026,21:26:7.812,9.463,7.1,4099.7,44,
31.8.2026,21:26:8.017,9.833,8.8,4099.7,76,
31.8.2026,21:26:8.223,10.769,7.8,500.0,72,
31.8.2026,21:26:8.431,9.051,3.4,4099.7,77,
31.8.2026,21:26:8.621,8.860,4.8,4099.7,78,
31.8.2026,21:26:8.828,10.918,12.0,4699.7,66,
31.8.2026,21:26:9.035,8.607,4.1,4099.7,58,
31.8.2026,21:26:9.242,9.407,4.7,4099.7,70,
31.8.2026,21:26:9.433,9.407,3.7,4099.7,66,
31.8.2026,21:26:9.641,9.110,9.8,4099.7,51,
31.8.2026,21:26:9.848,9.499,8.1,4099.7,45,
31.8.2026,21:26:10.056,11.521,4.0,4099.7,48,
31.8.2026,21:26:10.247,9.103,7.9,4299.7,49,
31.8.2026,21:26:10.454,9.041,5.7,4699.7,46,
31.8.2026,21:26:10.659,9.736,3.8,4099.7,46,
31.8.2026,21:26:10.866,8.935,6.7,3099.8,47,
31.8.2026,21:26:11.085,10.074,3.6,4699.7,46,
31.8.2026,21:26:11.264,8.561,14.4,4099.7,46,
31.8.2026,21:26:11.469,10.679,5.1,4099.7,46,
31.8.2026,21:26:11.679,8.886,3.6,4099.7,44,
31.8.2026,21:26:11.884,9.338,6.3,4099.7,45,
31.8.2026,21:26:12.077,8.875,8.3,4699.7,45,
31.8.2026,21:26:12.282,8.551,5.9,4099.7,44,
31.8.2026,21:26:12.489,9.568,3.2,4699.7,44,
31.8.2026,21:26:12.697,8.901,4.5,4099.7,48,
31.8.2026,21:26:12.887,9.573,11.4,4099.7,44,
31.8.2026,21:26:13.096,9.499,5.4,4099.7,43,
31.8.2026,21:26:13.303,8.748,3.4,4099.7,45,
31.8.2026,21:26:13.511,8.918,3.4,4099.7,44,
31.8.2026,21:26:13.700,8.676,7.9,4699.7,44,
31.8.2026,21:26:13.909,9.387,6.6,4099.7,43,
31.8.2026,21:26:14.113,9.121,5.8,4099.7,45,
31.8.2026,21:26:14.319,9.366,4.3,4099.7,44,
31.8.2026,21:26:14.526,9.064,4.4,4099.7,44,
31.8.2026,21:26:14.738,8.665,12.5,4099.7,44,
31.8.2026,21:26:14.943,10.915,4.6,4099.7,43,
31.8.2026,21:26:15.152,9.406,5.4,4099.7,44,
31.8.2026,21:26:15.340,8.879,16.4,4099.7,44,
31.8.2026,21:26:15.546,13.327,5.4,4699.7,43,
31.8.2026,21:26:15.754,9.052,4.7,4099.7,44,
31.8.2026,21:26:15.958,9.179,3.9,4099.7,43,
31.8.2026,21:26:16.153,8.555,6.1,4099.7,44,
31.8.2026,21:26:16.359,9.127,15.4,4099.7,44,
31.8.2026,21:26:16.566,9.913,4.2,4099.7,43,
31.8.2026,21:26:16.773,8.864,13.2,4099.7,62,
31.8.2026,21:26:16.979,15.076,3.3,4099.7,44,
31.8.2026,21:26:17.187,8.569,10.3,4699.7,44,
31.8.2026,21:26:17.393,9.048,3.4,4699.7,45,
31.8.2026,21:26:17.600,8.718,5.8,4099.7,44,
31.8.2026,21:26:17.791,9.160,4.8,4099.7,44,
31.8.2026,21:26:17.998,8.935,8.4,4099.7,44,
31.8.2026,21:26:18.205,9.250,8.2,4699.7,45,
31.8.2026,21:26:18.411,10.412,7.6,4099.7,45,
31.8.2026,21:26:18.620,11.384,5.9,4099.7,44,
31.8.2026,21:26:18.812,9.077,5.9,4099.7,44,
31.8.2026,21:26:19.016,9.077,5.9,4099.7,44,
31.8.2026,21:26:19.223,9.077,5.9,4099.7,44,
31.8.2026,21:26:19.430,9.077,5.9,4099.7,44,
31.8.2026,21:26:19.621,9.077,5.9,4099.7,44,
31.8.2026,21:26:19.827,9.077,5.9,4099.7,44,
31.8.2026,21:26:20.034,9.077,5.9,4099.7,44,
31.8.2026,21:26:20.241,9.077,5.9,4099.7,44,
31.8.2026,21:26:20.448,9.077,5.9,4099.7,44,
31.8.2026,21:26:20.655,9.077,5.9,4099.7,44,
31.8.2026,21:26:20.862,9.077,5.9,4099.7,44,
31.8.2026,21:26:21.069,9.077,5.9,4099.7,44,
31.8.2026,21:26:21.276,9.077,5.9,4099.7,44,
31.8.2026,21:26:21.484,9.077,5.9,4099.7,44,
31.8.2026,21:26:21.692,9.077,5.9,4099.7,44,
31.8.2026,21:26:21.894,9.077,5.9,4099.7,44,
31.8.2026,21:26:22.101,9.077,5.9,4099.7,44,
31.8.2026,21:26:22.308,9.077,5.9,4099.7,44,
31.8.2026,21:26:22.514,9.077,5.9,4099.7,44,
31.8.2026,21:26:22.723,9.077,5.9,4099.7,44,
31.8.2026,21:26:22.928,9.077,5.9,4099.7,44,
31.8.2026,21:26:23.135,9.077,5.9,4099.7,44,
31.8.2026,21:26:23.342,9.077,5.9,4099.7,44,
31.8.2026,21:26:23.550,9.077,5.9,4099.7,44,
31.8.2026,21:26:23.757,9.077,5.9,4099.7,44,
31.8.2026,21:26:23.964,9.077,5.9,4099.7,44,
31.8.2026,21:26:24.172,9.077,5.9,4099.7,44,
31.8.2026,21:26:24.376,9.077,5.9,4099.7,44,
31.8.2026,21:26:24.582,9.077,5.9,4099.7,44,
31.8.2026,21:26:24.789,9.077,5.9,4099.7,44,
31.8.2026,21:26:24.980,9.077,5.9,4099.7,44,
31.8.2026,21:26:25.186,9.077,5.9,4099.7,44,
31.8.2026,21:26:25.393,9.077,5.9,4099.7,44,
31.8.2026,21:26:25.600,9.077,5.9,4099.7,44,
31.8.2026,21:26:25.806,9.077,5.9,4099.7,44,
31.8.2026,21:26:26.013,9.077,5.9,4099.7,44,
31.8.2026,21:26:26.220,9.077,5.9,4099.7,44,
31.8.2026,21:26:26.427,9.077,5.9,4099.7,44,
31.8.2026,21:26:26.634,9.077,5.9,4099.7,44,
31.8.2026,21:26:26.824,9.077,5.9,4099.7,44,
31.8.2026,21:26:27.032,9.077,5.9,4099.7,44,
31.8.2026,21:26:27.240,9.077,5.9,4099.7,44,
31.8.2026,21:26:27.444,9.077,5.9,4099.7,44,
31.8.2026,21:26:27.650,9.077,5.9,4099.7,44,
31.8.2026,21:26:27.840,9.077,5.9,4099.7,44,
31.8.2026,21:26:28.047,9.077,5.9,4099.7,44,
31.8.2026,21:26:28.254,9.077,5.9,4099.7,44,
31.8.2026,21:26:28.462,9.077,5.9,4099.7,44,
31.8.2026,21:26:28.652,9.077,5.9,4099.7,44,
31.8.2026,21:26:28.859,9.077,5.9,4099.7,44,
31.8.2026,21:26:29.065,24.404,16.0,4399.7,83,
31.8.2026,21:26:29.272,24.404,16.0,4399.7,83,
31.8.2026,21:26:29.479,24.404,16.0,4399.7,83,
31.8.2026,21:26:29.685,24.404,16.0,4399.7,83,
31.8.2026,21:26:29.892,24.404,16.0,4399.7,83,
31.8.2026,21:26:30.100,24.404,16.0,4399.7,83,
31.8.2026,21:26:30.306,24.404,16.0,4399.7,83,
31.8.2026,21:26:30.497,24.404,16.0,4399.7,83,
31.8.2026,21:26:30.705,24.404,16.0,4399.7,83,
31.8.2026,21:26:30.912,24.404,16.0,4399.7,83,
31.8.2026,21:26:31.118,24.404,16.0,4399.7,83,
31.8.2026,21:26:31.309,24.404,16.0,4399.7,83,
31.8.2026,21:26:31.516,24.404,16.0,4399.7,83,
31.8.2026,21:26:31.723,24.404,16.0,4399.7,83,
31.8.2026,21:26:31.929,24.404,16.0,4399.7,83,
31.8.2026,21:26:32.120,24.404,16.0,4399.7,83,
31.8.2026,21:26:32.327,24.404,16.0,4399.7,83,
31.8.2026,21:26:32.536,24.404,16.0,4399.7,83,
31.8.2026,21:26:32.740,24.404,16.0,4399.7,83,
31.8.2026,21:26:32.947,24.404,16.0,4399.7,83,
31.8.2026,21:26:33.138,24.404,16.0,4399.7,83,
31.8.2026,21:26:33.345,24.404,16.0,4399.7,83,
31.8.2026,21:26:33.552,24.404,16.0,4399.7,83,
31.8.2026,21:26:33.757,24.404,15.9,4399.7,83,
31.8.2026,21:26:33.964,24.261,15.9,4399.7,83,
31.8.2026,21:26:34.170,24.261,15.9,4399.7,83,
31.8.2026,21:26:34.377,24.261,15.9,4399.7,83,
31.8.2026,21:26:34.583,24.261,15.9,4399.7,83,
31.8.2026,21:26:34.790,24.261,15.9,4399.7,83,
31.8.2026,21:26:34.980,24.261,15.9,4399.7,83,
31.8.2026,21:26:35.187,24.261,15.9,4399.7,83,
31.8.2026,21:26:35.395,24.261,15.9,4399.7,83,
31.8.2026,21:26:35.601,24.261,15.9,4399.7,83,
31.8.2026,21:26:35.809,24.261,15.9,4399.7,83,
31.8.2026,21:26:36.015,24.261,15.9,4399.7,83,
31.8.2026,21:26:36.222,24.261,15.9,4399.7,83,
31.8.2026,21:26:36.430,24.261,15.9,4399.7,83,
31.8.2026,21:26:36.637,24.261,15.9,4399.7,83,
31.8.2026,21:26:36.827,24.261,15.9,4399.7,83,
31.8.2026,21:26:37.034,24.261,15.9,4399.7,83,
31.8.2026,21:26:37.239,24.261,15.9,4399.7,83,
31.8.2026,21:26:37.446,24.261,15.9,4399.7,83,
31.8.2026,21:26:37.639,24.261,15.9,4399.7,83,
31.8.2026,21:26:37.846,24.261,15.9,4399.7,83,
31.8.2026,21:26:38.050,24.261,15.9,4399.7,83,
31.8.2026,21:26:38.258,24.261,15.9,4399.7,83,
31.8.2026,21:26:38.449,24.261,16.7,4399.7,83,
31.8.2026,21:26:38.655,24.060,16.7,4399.7,83,
31.8.2026,21:26:38.862,24.060,16.7,4399.7,83,
31.8.2026,21:26:39.069,24.060,16.7,4399.7,83,
31.8.2026,21:26:39.260,24.060,16.7,4399.7,83,
31.8.2026,21:26:39.467,24.060,16.7,4399.7,83,
31.8.2026,21:26:39.673,24.060,16.7,4399.7,83,
31.8.2026,21:26:39.881,24.060,16.7,4399.7,83,
31.8.2026,21:26:40.087,24.060,16.7,4399.7,83,
31.8.2026,21:26:40.278,24.060,16.7,4399.7,83,
31.8.2026,21:26:40.484,24.060,16.7,4399.7,83,
31.8.2026,21:26:40.691,24.060,16.7,4399.7,83,
31.8.2026,21:26:40.897,24.060,16.7,4399.7,83,
31.8.2026,21:26:41.104,24.060,16.7,4399.7,83,
31.8.2026,21:26:41.311,24.060,16.7,4399.7,83,
31.8.2026,21:26:41.518,24.060,16.7,4399.7,83,
31.8.2026,21:26:41.724,24.060,16.7,4399.7,83,
31.8.2026,21:26:41.931,24.060,16.7,4399.7,83,
31.8.2026,21:26:42.121,24.060,16.7,4399.7,83,
31.8.2026,21:26:42.326,24.060,16.7,4399.7,83,
31.8.2026,21:26:42.531,24.060,16.7,4399.7,83,
31.8.2026,21:26:42.738,24.060,16.7,4399.7,83,
31.8.2026,21:26:42.943,24.060,16.7,4399.7,83,
31.8.2026,21:26:43.151,24.060,16.7,4399.7,83,
31.8.2026,21:26:43.340,24.060,19.6,4399.7,86,
31.8.2026,21:26:43.546,25.455,19.6,4399.7,86,
31.8.2026,21:26:43.752,25.455,19.6,4399.7,86,
31.8.2026,21:26:43.958,25.455,19.6,4399.7,86,
31.8.2026,21:26:44.167,25.455,19.6,4399.7,86,
31.8.2026,21:26:44.369,25.455,19.6,4399.7,86,
31.8.2026,21:26:44.575,25.455,19.6,4399.7,86,
31.8.2026,21:26:44.781,25.455,19.6,4399.7,86,
31.8.2026,21:26:44.987,25.455,19.6,4399.7,86,
31.8.2026,21:26:45.193,25.455,19.6,4399.7,86,
31.8.2026,21:26:45.399,25.455,19.6,4399.7,86,
31.8.2026,21:26:45.589,25.455,19.6,4399.7,86,
31.8.2026,21:26:45.795,25.455,19.6,4399.7,86,
31.8.2026,21:26:46.002,25.455,19.6,4399.7,86,
31.8.2026,21:26:46.208,25.455,19.6,4399.7,86,
31.8.2026,21:26:46.431,25.455,19.6,4399.7,86,
31.8.2026,21:26:46.606,25.455,19.6,4399.7,86,
31.8.2026,21:26:46.813,25.455,19.6,4399.7,86,
31.8.2026,21:26:47.018,25.455,19.6,4399.7,86,
31.8.2026,21:26:47.224,25.455,19.6,4399.7,86,
31.8.2026,21:26:47.429,25.455,19.6,4399.7,86,
31.8.2026,21:26:47.634,25.455,19.6,4399.7,86,
31.8.2026,21:26:47.824,25.455,19.6,4399.7,86,
31.8.2026,21:26:48.030,25.455,19.6,4399.7,86,
31.8.2026,21:26:48.236,25.455,19.6,4399.7,86,
31.8.2026,21:26:48.441,25.455,19.6,4399.7,86,
31.8.2026,21:26:48.648,25.455,19.6,4399.7,86,
31.8.2026,21:26:48.838,25.455,19.6,4399.7,86,
31.8.2026,21:26:49.045,25.455,19.6,4399.7,86,
31.8.2026,21:26:49.251,25.455,19.6,4399.7,86,
31.8.2026,21:26:49.460,25.455,19.6,4399.7,86,
31.8.2026,21:26:49.662,25.455,19.6,4399.7,86,
31.8.2026,21:26:49.869,25.455,19.6,4399.7,86,
31.8.2026,21:26:50.060,25.455,19.6,4399.7,86,
31.8.2026,21:26:50.264,25.455,19.6,4399.7,86,
31.8.2026,21:26:50.469,25.455,19.6,4399.7,86,
31.8.2026,21:26:50.674,25.455,19.6,4399.7,86,
31.8.2026,21:26:50.880,25.455,19.6,4399.7,86,
31.8.2026,21:26:51.085,25.455,19.6,4399.7,86,
31.8.2026,21:26:51.291,25.455,19.6,4399.7,86,
31.8.2026,21:26:51.480,25.455,19.6,4399.7,86,
31.8.2026,21:26:51.686,25.455,19.6,4399.7,86,
31.8.2026,21:26:51.891,25.455,19.6,4399.7,86,
31.8.2026,21:26:52.097,25.455,19.6,4399.7,86,
31.8.2026,21:26:52.302,25.455,19.6,4399.7,86,
31.8.2026,21:26:52.508,25.455,19.6,4399.7,86,
31.8.2026,21:26:52.701,25.455,19.6,4399.7,86,
31.8.2026,21:26:52.908,25.455,27.8,4399.7,81,
31.8.2026,21:26:53.114,28.520,27.8,4399.7,81,
31.8.2026,21:26:53.317,28.520,27.8,4399.7,81,
31.8.2026,21:26:53.523,28.520,27.8,4399.7,81,
31.8.2026,21:26:53.716,28.520,27.8,4399.7,81,
31.8.2026,21:26:53.919,28.520,27.8,4399.7,81,
31.8.2026,21:26:54.125,28.520,27.8,4399.7,81,
31.8.2026,21:26:54.335,28.520,27.8,4399.7,81,
31.8.2026,21:26:54.538,28.520,27.8,4399.7,81,
31.8.2026,21:26:54.747,28.520,27.8,4399.7,81,
31.8.2026,21:26:54.953,28.520,27.8,4399.7,81,
31.8.2026,21:26:55.159,28.520,27.8,4399.7,81,
31.8.2026,21:26:55.366,28.520,27.8,4399.7,81,
31.8.2026,21:26:55.569,28.520,27.8,4399.7,81,
31.8.2026,21:26:55.775,28.520,27.8,4399.7,81,
31.8.2026,21:26:55.964,28.520,27.8,4399.7,81,
31.8.2026,21:26:56.170,28.520,27.8,4399.7,81,
31.8.2026,21:26:56.376,28.520,27.8,4399.7,81,
31.8.2026,21:26:56.586,28.520,27.8,4399.7,81,
31.8.2026,21:26:56.788,28.520,27.8,4399.7,81,
31.8.2026,21:26:56.994,28.520,27.8,4399.7,81,
31.8.2026,21:26:57.199,28.520,27.8,4399.7,81,
31.8.2026,21:26:57.405,28.520,27.8,4399.7,81,
31.8.2026,21:26:57.610,28.520,24.9,4099.7,83,
31.8.2026,21:26:57.816,27.971,24.9,4099.7,83,
31.8.2026,21:26:58.021,27.971,24.9,4099.7,83,
31.8.2026,21:26:58.227,27.971,24.9,4099.7,83,
31.8.2026,21:26:58.432,27.971,24.9,4099.7,83,
31.8.2026,21:26:58.638,27.971,24.9,4099.7,83,
31.8.2026,21:26:58.844,27.971,24.9,4099.7,83,
31.8.2026,21:26:59.050,27.971,24.9,4099.7,83,
31.8.2026,21:26:59.256,27.971,24.9,4099.7,83,
31.8.2026,21:26:59.462,27.971,24.9,4099.7,83,
31.8.2026,21:26:59.655,27.971,24.9,4099.7,83,
31.8.2026,21:26:59.861,27.971,24.9,4099.7,83,
31.8.2026,21:27:0.068,27.971,24.9,4099.7,83,
31.8.2026,21:27:0.271,27.971,24.9,4099.7,83,
31.8.2026,21:27:0.477,27.971,24.9,4099.7,83,
31.8.2026,21:27:0.682,27.971,24.9,4099.7,83,
31.8.2026,21:27:0.888,27.971,24.9,4099.7,83,
31.8.2026,21:27:1.094,27.971,24.9,4099.7,83,
31.8.2026,21:27:1.299,27.971,24.9,4099.7,83,
31.8.2026,21:27:1.506,27.971,24.9,4099.7,83,
31.8.2026,21:27:1.711,27.971,24.9,4099.7,83,
31.8.2026,21:27:1.901,27.971,24.9,4099.7,83,
31.8.2026,21:27:2.106,27.971,24.9,4099.7,83,
31.8.2026,21:27:2.316,27.971,24.9,4099.7,83,
31.8.2026,21:27:2.519,27.971,24.9,4099.7,83,
31.8.2026,21:27:2.728,27.971,24.9,4099.7,83,
31.8.2026,21:27:2.934,27.971,24.9,4099.7,83,
31.8.2026,21:27:3.141,27.971,24.9,4099.7,83,
31.8.2026,21:27:3.347,27.971,24.9,4099.7,83,
31.8.2026,21:27:3.553,27.971,24.9,4099.7,83,
31.8.2026,21:27:3.759,27.971,24.9,4099.7,83,
31.8.2026,21:27:3.964,27.971,24.9,4099.7,83,
31.8.2026,21:27:4.154,27.971,24.9,4099.7,83,
31.8.2026,21:27:4.360,27.971,24.9,4099.7,83,
31.8.2026,21:27:4.566,27.971,24.9,4099.7,83,
31.8.2026,21:27:4.772,27.971,24.9,4099.7,83,
31.8.2026,21:27:4.978,28.178,25.7,4099.7,87,
31.8.2026,21:27:5.184,28.178,25.7,4099.7,87,
31.8.2026,21:27:5.387,28.178,25.7,4099.7,87,
31.8.2026,21:27:5.592,28.178,25.7,4099.7,87,
31.8.2026,21:27:5.799,28.178,25.7,4099.7,87,
31.8.2026,21:27:6.008,28.178,25.7,4099.7,87,
31.8.2026,21:27:6.211,28.178,25.7,4099.7,87,
31.8.2026,21:27:6.416,28.178,25.7,4099.7,87,
31.8.2026,21:27:6.622,28.178,25.7,4099.7,87,
31.8.2026,21:27:6.827,28.178,25.7,4099.7,87,
31.8.2026,21:27:7.032,28.178,25.7,4099.7,87,
31.8.2026,21:27:7.237,28.178,25.7,4099.7,87,
31.8.2026,21:27:7.443,28.178,25.7,4099.7,87,
31.8.2026,21:27:7.650,28.178,25.7,4099.7,87,
31.8.2026,21:27:7.840,28.178,25.7,4099.7,87,
31.8.2026,21:27:8.046,28.178,25.7,4099.7,87,
31.8.2026,21:27:8.253,28.178,25.7,4099.7,87,
31.8.2026,21:27:8.460,28.178,25.7,4099.7,87,
31.8.2026,21:27:8.666,28.178,25.7,4099.7,87,
31.8.2026,21:27:8.873,28.178,25.7,4099.7,87,
31.8.2026,21:27:9.081,28.178,25.7,4099.7,87,
31.8.2026,21:27:9.286,28.178,25.7,4099.7,87,
31.8.2026,21:27:9.492,28.178,25.7,4099.7,87,
31.8.2026,21:27:9.683,28.178,21.9,4199.7,85,
31.8.2026,21:27:9.889,24.241,21.9,4199.7,85,
31.8.2026,21:27:10.095,24.241,21.9,4199.7,85,
31.8.2026,21:27:10.302,24.241,21.9,4199.7,85,
31.8.2026,21:27:10.508,24.241,21.9,4199.7,85,
31.8.2026,21:27:10.699,24.241,21.9,4199.7,85,
31.8.2026,21:27:10.905,24.241,21.9,4199.7,85,
31.8.2026,21:27:11.111,24.241,21.9,4199.7,85,
31.8.2026,21:27:11.320,24.241,21.9,4199.7,85,
31.8.2026,21:27:11.522,24.241,21.9,4199.7,85,
31.8.2026,21:27:11.727,24.241,21.9,4199.7,85,
31.8.2026,21:27:11.945,24.241,21.9,4199.7,85,
31.8.2026,21:27:12.139,24.241,21.9,4199.7,85,
31.8.2026,21:27:12.346,24.241,21.9,4199.7,85,
31.8.2026,21:27:12.552,24.241,21.9,4199.7,85,
31.8.2026,21:27:12.759,24.241,21.9,4199.7,85,
31.8.2026,21:27:12.949,24.241,21.9,4199.7,85,
31.8.2026,21:27:13.156,24.241,21.9,4199.7,85,
31.8.2026,21:27:13.362,24.241,21.9,4199.7,85,
31.8.2026,21:27:13.569,24.241,21.9,4199.7,85,
31.8.2026,21:27:13.775,24.241,21.9,4199.7,85,
31.8.2026,21:27:13.982,24.241,21.9,4199.7,85,
31.8.2026,21:27:14.189,24.241,21.9,4199.7,85,
31.8.2026,21:27:14.396,24.241,20.2,4399.7,86,
31.8.2026,21:27:14.602,22.573,20.2,4399.7,86,
31.8.2026,21:27:14.791,22.573,20.2,4399.7,86,
31.8.2026,21:27:14.997,22.573,20.2,4399.7,86,
31.8.2026,21:27:15.204,22.573,20.2,4399.7,86,
31.8.2026,21:27:15.409,22.573,20.2,4399.7,86,
31.8.2026,21:27:15.614,22.573,20.2,4399.7,86,
31.8.2026,21:27:15.820,22.573,20.2,4399.7,86,
31.8.2026,21:27:16.025,22.573,20.2,4399.7,86,
31.8.2026,21:27:16.214,22.573,20.2,4399.7,86,
31.8.2026,21:27:16.419,22.573,20.2,4399.7,86,
31.8.2026,21:27:16.625,22.573,20.2,4399.7,86,
31.8.2026,21:27:16.831,22.573,20.2,4399.7,86,
31.8.2026,21:27:17.037,22.573,20.2,4399.7,86,
31.8.2026,21:27:17.243,22.573,20.2,4399.7,86,
31.8.2026,21:27:17.436,22.573,20.2,4399.7,86,
31.8.2026,21:27:17.642,22.573,20.2,4399.7,86,
31.8.2026,21:27:17.847,22.573,20.2,4399.7,86,
31.8.2026,21:27:18.050,22.573,20.2,4399.7,86,
31.8.2026,21:27:18.257,22.573,20.2,4399.7,86,
31.8.2026,21:27:18.464,22.573,20.2,4399.7,86,
31.8.2026,21:27:18.654,22.573,20.2,4399.7,86,
31.8.2026,21:27:18.860,23.338,37.1,3899.7,65,
31.8.2026,21:27:19.063,21.906,23.5,4099.7,73,
31.8.2026,21:27:19.268,15.725,35.0,3999.7,67,
31.8.2026,21:27:19.475,25.930,15.5,4099.7,61,
31.8.2026,21:27:19.683,18.605,16.3,4699.7,60,
31.8.2026,21:27:19.885,17.777,18.3,4699.7,77,
31.8.2026,21:27:20.091,18.500,19.4,4099.7,60,
31.8.2026,21:27:20.298,18.770,10.2,4099.7,57,
31.8.2026,21:27:20.503,12.930,8.3,4099.7,55,
31.8.2026,21:27:20.709,11.189,6.3,4099.7,55,
31.8.2026,21:27:20.918,11.571,6.6,4099.7,55,
31.8.2026,21:27:21.106,11.721,17.0,4099.7,70,
31.8.2026,21:27:21.316,14.860,14.6,4099.7,71,
31.8.2026,21:27:21.519,20.386,13.6,4099.7,70,
31.8.2026,21:27:21.726,18.353,18.7,4099.7,77,
31.8.2026,21:27:21.934,18.163,16.8,400.0,70,
31.8.2026,21:27:22.139,18.909,21.7,4099.7,61,
31.8.2026,21:27:22.358,18.520,15.5,4099.7,73,
31.8.2026,21:27:22.552,18.174,17.6,4699.7,66,
31.8.2026,21:27:22.758,17.864,16.0,4099.7,82,
31.8.2026,21:27:22.948,20.911,20.8,4099.7,77,
31.8.2026,21:27:23.155,20.380,15.4,4099.7,79,
31.8.2026,21:27:23.359,19.134,14.5,4099.7,75,
31.8.2026,21:27:23.566,18.371,15.9,4099.7,61,
31.8.2026,21:27:23.772,19.882,18.0,4099.7,80,
31.8.2026,21:27:23.978,21.340,16.6,3599.8,64,
31.8.2026,21:27:24.168,19.773,21.6,500.0,63,
31.8.2026,21:27:24.375,20.440,21.6,500.0,63,
31.8.2026,21:27:24.581,20.440,21.6,500.0,63,
31.8.2026,21:27:24.789,20.440,21.6,500.0,63,
31.8.2026,21:27:25.008,20.440,21.6,500.0,63,
31.8.2026,21:27:25.205,20.440,21.6,500.0,63,
31.8.2026,21:27:25.410,20.440,21.6,500.0,63,
31.8.2026,21:27:25.619,20.440,21.6,500.0,63,
31.8.2026,21:27:25.819,20.440,21.6,500.0,63,
31.8.2026,21:27:26.015,20.440,21.6,500.0,63,
31.8.2026,21:27:26.222,20.440,21.6,500.0,63,
31.8.2026,21:27:26.429,20.440,21.6,500.0,63,
31.8.2026,21:27:26.636,20.440,21.6,500.0,63,
31.8.2026,21:27:26.843,20.440,21.6,500.0,63,
31.8.2026,21:27:27.051,20.440,21.6,500.0,63,
31.8.2026,21:27:27.259,20.440,21.6,500.0,63,
31.8.2026,21:27:27.459,20.440,21.6,500.0,63,
31.8.2026,21:27:27.659,20.440,21.6,500.0,63,
31.8.2026,21:27:27.868,20.440,21.6,500.0,63,
31.8.2026,21:27:28.069,20.440,21.6,500.0,63,
31.8.2026,21:27:28.276,20.440,21.6,500.0,63,
31.8.2026,21:27:28.483,20.440,21.6,500.0,63,
31.8.2026,21:27:28.691,20.440,21.6,500.0,63,
31.8.2026,21:27:28.895,20.440,21.6,500.0,63,
31.8.2026,21:27:29.101,20.440,21.6,500.0,63,
31.8.2026,21:27:29.294,20.440,21.6,500.0,63,
31.8.2026,21:27:29.511,20.440,21.6,500.0,63,
31.8.2026,21:27:29.705,20.440,21.6,500.0,63,
31.8.2026,21:27:29.911,20.440,21.6,500.0,63,
31.8.2026,21:27:30.119,20.440,21.6,500.0,63,
31.8.2026,21:27:30.307,20.440,21.6,500.0,63,
31.8.2026,21:27:30.513,20.440,25.4,4099.7,88,
31.8.2026,21:27:30.721,27.509,25.4,4099.7,88,
31.8.2026,21:27:30.929,27.509,25.4,4099.7,88,
31.8.2026,21:27:31.120,27.509,25.4,4099.7,88,
31.8.2026,21:27:31.326,27.509,25.4,4099.7,88,
31.8.2026,21:27:31.533,27.509,25.4,4099.7,88,
31.8.2026,21:27:31.740,27.509,25.4,4099.7,88,
31.8.2026,21:27:31.949,27.509,25.4,4099.7,88,
31.8.2026,21:27:32.140,27.509,25.4,4099.7,88,
31.8.2026,21:27:32.345,27.509,25.4,4099.7,88,
31.8.2026,21:27:32.552,27.509,25.4,4099.7,88,
31.8.2026,21:27:32.759,27.509,25.4,4099.7,88,
31.8.2026,21:27:32.950,27.509,25.4,4099.7,88,
31.8.2026,21:27:33.157,27.509,25.4,4099.7,88,
31.8.2026,21:27:33.364,27.509,25.4,4099.7,88,
31.8.2026,21:27:33.572,27.509,25.4,4099.7,88,
31.8.2026,21:27:33.779,27.509,25.4,4099.7,88,
31.8.2026,21:27:33.986,27.509,25.4,4099.7,88,
31.8.2026,21:27:34.194,27.509,25.4,4099.7,88,
31.8.2026,21:27:34.414,27.509,25.4,4099.7,88,
31.8.2026,21:27:34.607,27.509,25.4,4099.7,88,
31.8.2026,21:27:34.814,27.509,25.4,4099.7,88,
31.8.2026,21:27:35.038,25.745,25.4,4099.7,88,
31.8.2026,21:27:35.229,25.745,25.4,4099.7,88,
31.8.2026,21:27:35.450,25.745,25.4,4099.7,88,
31.8.2026,21:27:35.641,25.745,25.4,4099.7,88,
31.8.2026,21:27:35.849,25.745,25.4,4099.7,88,
31.8.2026,21:27:36.056,25.745,25.4,4099.7,88,
31.8.2026,21:27:36.247,25.745,25.4,4099.7,88,
31.8.2026,21:27:36.454,25.745,25.4,4099.7,88,
31.8.2026,21:27:36.661,25.745,25.4,4099.7,88,
31.8.2026,21:27:36.868,25.745,25.4,4099.7,88,
31.8.2026,21:27:37.059,25.745,25.4,4099.7,88,
31.8.2026,21:27:37.265,25.745,25.4,4099.7,88,
31.8.2026,21:27:37.472,25.745,25.4,4099.7,88,
31.8.2026,21:27:37.680,25.745,25.4,4099.7,88,
31.8.2026,21:27:37.887,25.745,25.4,4099.7,88,
31.8.2026,21:27:38.095,25.745,25.4,4099.7,88,
31.8.2026,21:27:38.302,25.745,25.4,4099.7,88,
31.8.2026,21:27:38.510,25.745,25.4,4099.7,88,
31.8.2026,21:27:38.701,25.745,25.4,4099.7,88,
31.8.2026,21:27:38.909,25.745,25.4,4099.7,88,
31.8.2026,21:27:39.113,25.745,25.4,4099.7,88,
31.8.2026,21:27:39.319,25.745,25.4,4099.7,88,
31.8.2026,21:27:39.511,25.745,25.4,4099.7,88,
31.8.2026,21:27:39.719,25.745,25.4,4099.7,88,
31.8.2026,21:27:39.926,25.745,21.2,3899.7,81,
31.8.2026,21:27:40.133,25.745,21.2,3899.7,81,
31.8.2026,21:27:40.326,25.745,21.2,3899.7,81,
31.8.2026,21:27:40.532,25.745,21.2,3899.7,81,
31.8.2026,21:27:40.740,25.745,21.2,3899.7,81,
31.8.2026,21:27:40.948,25.745,21.2,3899.7,81,
31.8.2026,21:27:41.154,25.745,21.2,3899.7,81,
31.8.2026,21:27:41.361,25.745,21.2,3899.7,81,
31.8.2026,21:27:41.567,25.745,21.2,3899.7,81,
31.8.2026,21:27:41.775,25.745,21.2,3899.7,81,
31.8.2026,21:27:41.982,25.745,21.2,3899.7,81,
31.8.2026,21:27:42.188,25.745,21.2,3899.7,81,
31.8.2026,21:27:42.394,25.745,21.2,3899.7,81,
31.8.2026,21:27:42.602,25.745,21.2,3899.7,81,
31.8.2026,21:27:42.795,25.745,21.2,3899.7,81,
31.8.2026,21:27:43.002,25.745,21.2,3899.7,81,
31.8.2026,21:27:43.209,22.999,21.2,3899.7,81,
31.8.2026,21:27:43.415,22.999,21.2,3899.7,81,
31.8.2026,21:27:43.607,22.999,21.2,3899.7,81,
31.8.2026,21:27:43.816,22.999,21.2,3899.7,81,
31.8.2026,21:27:44.019,22.999,21.2,3899.7,81,
31.8.2026,21:27:44.226,22.999,21.2,3899.7,81,
31.8.2026,21:27:44.434,22.999,21.2,3899.7,81,
31.8.2026,21:27:44.650,22.999,21.2,3899.7,81,
31.8.2026,21:27:44.846,22.999,21.2,3899.7,81,
31.8.2026,21:27:45.051,22.999,21.2,3899.7,81,
31.8.2026,21:27:45.258,22.999,21.2,3899.7,81,
31.8.2026,21:27:45.450,22.999,21.2,3899.7,81,
31.8.2026,21:27:45.657,22.999,21.2,3899.7,81,
31.8.2026,21:27:45.864,22.999,21.2,3899.7,81,
31.8.2026,21:27:46.072,22.999,21.2,3899.7,81,
31.8.2026,21:27:46.264,22.999,21.2,3899.7,81,
31.8.2026,21:27:46.470,22.999,21.2,3899.7,81,
31.8.2026,21:27:46.677,22.999,21.2,3899.7,81,
31.8.2026,21:27:46.884,22.999,21.2,3899.7,81,
31.8.2026,21:27:47.074,22.999,21.2,3899.7,81,
31.8.2026,21:27:47.281,22.999,21.2,3899.7,81,
31.8.2026,21:27:47.486,22.999,21.2,3899.7,81,
31.8.2026,21:27:47.693,22.999,21.2,3899.7,81,
31.8.2026,21:27:47.900,22.999,21.2,3899.7,81,
31.8.2026,21:27:48.092,22.999,21.2,3899.7,81,
31.8.2026,21:27:48.299,22.999,28.9,3899.7,79,
31.8.2026,21:27:48.507,22.999,28.9,3899.7,79,
31.8.2026,21:27:48.715,22.999,28.9,3899.7,79,
31.8.2026,21:27:48.903,22.999,28.9,3899.7,79,
31.8.2026,21:27:49.109,23.165,28.9,3899.7,79,
31.8.2026,21:27:49.316,23.165,28.9,3899.7,79,
31.8.2026,21:27:49.523,23.165,28.9,3899.7,79,
31.8.2026,21:27:49.714,23.165,28.9,3899.7,79,
31.8.2026,21:27:49.921,23.165,28.9,3899.7,79,
31.8.2026,21:27:50.128,23.165,28.9,3899.7,79,
31.8.2026,21:27:50.335,23.165,28.9,3899.7,79,
31.8.2026,21:27:50.543,23.165,28.9,3899.7,79,
31.8.2026,21:27:50.748,23.165,28.9,3899.7,79,
31.8.2026,21:27:50.954,23.165,28.9,3899.7,79,
31.8.2026,21:27:51.161,23.165,28.9,3899.7,79,
31.8.2026,21:27:51.367,23.165,28.9,3899.7,79,
31.8.2026,21:27:51.559,23.165,28.9,3899.7,79,
31.8.2026,21:27:51.780,23.165,28.9,3899.7,79,
31.8.2026,21:27:51.972,23.165,28.9,3899.7,79,
31.8.2026,21:27:52.179,23.165,28.9,3899.7,79,
31.8.2026,21:27:52.371,23.165,28.9,3899.7,79,
31.8.2026,21:27:52.578,23.165,28.9,3899.7,79,
31.8.2026,21:27:52.785,23.165,28.9,3899.7,79,
31.8.2026,21:27:52.990,23.165,28.9,3899.7,79,
31.8.2026,21:27:53.198,23.165,28.9,3899.7,79,
31.8.2026,21:27:53.405,23.165,28.9,3899.7,79,
31.8.2026,21:27:53.612,23.165,28.9,3899.7,79,
31.8.2026,21:27:53.819,23.165,28.9,3899.7,79,
31.8.2026,21:27:54.025,23.165,28.9,3899.7,79,
31.8.2026,21:27:54.232,23.165,40.0,3999.7,85,
31.8.2026,21:27:54.439,23.165,40.0,3999.7,85,
31.8.2026,21:27:54.646,23.165,40.0,3999.7,85,
31.8.2026,21:27:54.853,23.165,40.0,3999.7,85,
31.8.2026,21:27:55.043,23.165,40.0,3999.7,85,
31.8.2026,21:27:55.264,23.165,40.0,3999.7,85,
31.8.2026,21:27:55.454,23.165,40.0,3999.7,85,
31.8.2026,21:27:55.662,23.165,40.0,3999.7,85,
31.8.2026,21:27:55.884,23.165,40.0,3999.7,85,
31.8.2026,21:27:56.077,23.165,40.0,3999.7,85,
31.8.2026,21:27:56.283,23.165,40.0,3999.7,85,
31.8.2026,21:27:56.490,23.165,40.0,3999.7,85,
31.8.2026,21:27:56.697,23.165,40.0,3999.7,85,
31.8.2026,21:27:56.889,23.165,40.0,3999.7,85,
31.8.2026,21:27:57.096,23.165,40.0,3999.7,85,
31.8.2026,21:27:57.304,23.165,40.0,3999.7,85,
31.8.2026,21:27:57.512,23.165,40.0,3999.7,85,
31.8.2026,21:27:57.703,23.165,40.0,3999.7,85,
31.8.2026,21:27:57.910,23.165,40.0,3999.7,85,
31.8.2026,21:27:58.119,23.165,40.0,3999.7,85,
31.8.2026,21:27:58.310,23.165,40.0,3999.7,85,
31.8.2026,21:27:58.519,23.165,40.0,3999.7,85,
31.8.2026,21:27:58.724,23.165,40.0,3999.7,85,
31.8.2026,21:27:58.930,23.165,33.3,3999.7,81,
31.8.2026,21:27:59.120,23.206,33.3,3999.7,81,
31.8.2026,21:27:59.326,23.206,33.3,3999.7,81,
31.8.2026,21:27:59.533,23.206,33.3,3999.7,81,
31.8.2026,21:27:59.741,23.206,33.3,3999.7,81,
31.8.2026,21:27:59.948,23.206,33.3,3999.7,81,
31.8.2026,21:28:0.157,23.206,33.3,3999.7,81,
31.8.2026,21:28:0.364,23.206,33.3,3999.7,81,
31.8.2026,21:28:0.572,23.206,33.3,3999.7,81,
31.8.2026,21:28:0.763,23.206,33.3,3999.7,81,
31.8.2026,21:28:0.970,23.206,33.3,3999.7,81,
31.8.2026,21:28:1.177,23.206,33.3,3999.7,81,
31.8.2026,21:28:1.392,23.206,33.3,3999.7,81,
31.8.2026,21:28:1.576,23.206,33.3,3999.7,81,
31.8.2026,21:28:1.783,23.206,33.3,3999.7,81,
31.8.2026,21:28:1.989,23.206,33.3,3999.7,81,
31.8.2026,21:28:2.197,23.206,33.3,3999.7,81,
31.8.2026,21:28:2.387,23.206,33.3,3999.7,81,
31.8.2026,21:28:2.594,23.206,33.3,3999.7,81,
31.8.2026,21:28:2.802,23.206,33.3,3999.7,81,
31.8.2026,21:28:3.009,23.206,33.3,3999.7,81,
31.8.2026,21:28:3.200,23.206,33.3,3999.7,81,
31.8.2026,21:28:3.407,23.206,33.3,3999.7,81,
31.8.2026,21:28:3.614,23.206,33.3,3999.7,81,
31.8.2026,21:28:3.821,23.206,33.3,3999.7,81,
31.8.2026,21:28:4.012,23.206,27.8,3599.8,72,
31.8.2026,21:28:4.221,23.177,27.8,3599.8,72,
31.8.2026,21:28:4.428,23.177,27.8,3599.8,72,
31.8.2026,21:28:4.637,23.177,27.8,3599.8,72,
31.8.2026,21:28:4.825,23.177,27.8,3599.8,72,
31.8.2026,21:28:5.032,23.177,27.8,3599.8,72,
31.8.2026,21:28:5.239,23.177,27.8,3599.8,72,
31.8.2026,21:28:5.447,23.177,27.8,3599.8,72,
31.8.2026,21:28:5.638,23.177,27.8,3599.8,72,
31.8.2026,21:28:5.845,23.177,27.8,3599.8,72,
31.8.2026,21:28:6.052,23.177,27.8,3599.8,72,
31.8.2026,21:28:6.258,23.177,27.8,3599.8,72,
31.8.2026,21:28:6.450,23.177,27.8,3599.8,72,
31.8.2026,21:28:6.656,23.177,27.8,3599.8,72,
31.8.2026,21:28:6.863,23.177,27.8,3599.8,72,
31.8.2026,21:28:7.070,23.177,27.8,3599.8,72,
31.8.2026,21:28:7.263,23.177,27.8,3599.8,72,
31.8.2026,21:28:7.470,23.177,27.8,3599.8,72,
31.8.2026,21:28:7.675,23.177,27.8,3599.8,72,
31.8.2026,21:28:7.882,23.177,27.8,3599.8,72,
31.8.2026,21:28:8.089,23.177,27.8,3599.8,72,
31.8.2026,21:28:8.297,23.177,27.8,3599.8,72,
31.8.2026,21:28:8.504,23.177,27.8,3599.8,72,
31.8.2026,21:28:8.712,23.177,26.0,3899.7,76,
31.8.2026,21:28:8.903,23.382,26.0,3899.7,76,
31.8.2026,21:28:9.110,23.382,26.0,3899.7,76,
31.8.2026,21:28:9.317,23.382,26.0,3899.7,76,
31.8.2026,21:28:9.534,23.382,26.0,3899.7,76,
31.8.2026,21:28:9.726,23.382,26.0,3899.7,76,
31.8.2026,21:28:9.922,23.382,26.0,3899.7,76,
31.8.2026,21:28:10.144,23.382,26.0,3899.7,76,
31.8.2026,21:28:10.335,23.382,26.0,3899.7,76,
31.8.2026,21:28:10.542,23.382,26.0,3899.7,76,
31.8.2026,21:28:10.734,23.382,26.0,3899.7,76,
31.8.2026,21:28:10.941,23.382,26.0,3899.7,76,
31.8.2026,21:28:11.146,23.382,26.0,3899.7,76,
31.8.2026,21:28:11.354,23.382,26.0,3899.7,76,
31.8.2026,21:28:11.560,23.382,26.0,3899.7,76,
31.8.2026,21:28:11.775,23.382,26.0,3899.7,76,
31.8.2026,21:28:11.975,23.382,26.0,3899.7,76,
31.8.2026,21:28:12.183,23.382,26.0,3899.7,76,
31.8.2026,21:28:12.389,23.382,26.0,3899.7,76,
31.8.2026,21:28:12.596,23.382,26.0,3899.7,76,
31.8.2026,21:28:12.803,23.382,26.0,3899.7,76,
31.8.2026,21:28:13.009,23.382,26.0,3899.7,76,
31.8.2026,21:28:13.199,23.382,26.0,3899.7,76,
31.8.2026,21:28:13.407,23.382,26.0,3899.7,76,
31.8.2026,21:28:13.614,23.382,25.2,3999.7,81,
31.8.2026,21:28:13.820,23.266,25.2,3999.7,81,
31.8.2026,21:28:14.011,23.266,25.2,3999.7,81,
31.8.2026,21:28:14.219,23.266,25.2,3999.7,81,
31.8.2026,21:28:14.424,23.266,25.2,3999.7,81,
31.8.2026,21:28:14.631,23.266,25.2,3999.7,81,
31.8.2026,21:28:14.838,23.266,25.2,3999.7,81,
31.8.2026,21:28:15.029,23.266,25.2,3999.7,81,
31.8.2026,21:28:15.233,23.266,25.2,3999.7,81,
31.8.2026,21:28:15.440,23.266,25.2,3999.7,81,
31.8.2026,21:28:15.648,23.266,25.2,3999.7,81,
31.8.2026,21:28:15.854,23.266,25.2,3999.7,81,
31.8.2026,21:28:16.060,23.266,25.2,3999.7,81,
31.8.2026,21:28:16.268,23.266,25.2,3999.7,81,
31.8.2026,21:28:16.475,23.266,25.2,3999.7,81,
31.8.2026,21:28:16.684,23.266,25.2,3999.7,81,
31.8.2026,21:28:16.889,23.266,25.2,3999.7,81,
31.8.2026,21:28:17.096,23.266,25.2,3999.7,81,
31.8.2026,21:28:17.303,23.266,25.2,3999.7,81,
31.8.2026,21:28:17.516,23.266,25.2,3999.7,81,
31.8.2026,21:28:17.725,23.266,25.2,3999.7,81,
31.8.2026,21:28:17.925,23.266,25.2,3999.7,81,
31.8.2026,21:28:18.132,23.266,25.2,3999.7,81,
31.8.2026,21:28:18.338,23.266,25.2,3999.7,81,
31.8.2026,21:28:18.544,23.266,24.7,3799.7,76,
31.8.2026,21:28:18.752,23.268,24.7,3799.7,76,
31.8.2026,21:28:18.959,23.268,24.7,3799.7,76,
31.8.2026,21:28:19.166,23.268,24.7,3799.7,76,
31.8.2026,21:28:19.373,23.268,24.7,3799.7,76,
31.8.2026,21:28:19.580,23.268,24.7,3799.7,76,
31.8.2026,21:28:19.786,23.268,24.7,3799.7,76,
31.8.2026,21:28:19.995,23.268,24.7,3799.7,76,
31.8.2026,21:28:20.184,23.268,24.7,3799.7,76,
31.8.2026,21:28:20.392,23.268,24.7,3799.7,76,
31.8.2026,21:28:20.599,23.268,24.7,3799.7,76,
31.8.2026,21:28:20.808,23.268,24.7,3799.7,76,
31.8.2026,21:28:20.999,23.268,24.7,3799.7,76,
31.8.2026,21:28:21.206,23.268,24.7,3799.7,76,
31.8.2026,21:28:21.413,23.268,24.7,3799.7,76,
31.8.2026,21:28:21.635,23.268,24.7,3799.7,76,
31.8.2026,21:28:21.810,23.268,24.7,3799.7,76,
31.8.2026,21:28:22.032,23.268,24.7,3799.7,76,
31.8.2026,21:28:22.224,23.268,24.7,3799.7,76,
31.8.2026,21:28:22.431,23.268,24.7,3799.7,76,
31.8.2026,21:28:22.638,23.268,24.7,3799.7,76,
31.8.2026,21:28:22.846,23.268,24.7,3799.7,76,
31.8.2026,21:28:23.053,23.268,24.7,3799.7,76,
31.8.2026,21:28:23.260,23.268,24.7,3899.7,76,
31.8.2026,21:28:23.467,23.223,27.0,3899.7,78,
31.8.2026,21:28:23.688,23.223,27.0,3899.7,78,
31.8.2026,21:28:23.881,23.223,27.0,3899.7,78,
31.8.2026,21:28:24.089,23.223,27.0,3899.7,78,
31.8.2026,21:28:24.295,23.223,27.0,3899.7,78,
31.8.2026,21:28:24.503,23.223,27.0,3899.7,78,
31.8.2026,21:28:24.710,23.223,75.7,3799.7,65,
31.8.2026,21:28:24.916,24.436,15.7,3999.7,64,
31.8.2026,21:28:25.122,13.720,18.7,4099.7,67,
31.8.2026,21:28:25.328,19.373,21.4,4099.7,80,
31.8.2026,21:28:25.535,24.398,17.9,500.0,82,
31.8.2026,21:28:25.742,22.322,15.5,4099.7,77,
31.8.2026,21:28:25.947,20.546,14.2,4099.7,73,
31.8.2026,21:28:26.137,20.462,19.8,4099.7,72,
31.8.2026,21:28:26.345,19.495,13.7,4099.7,75,
31.8.2026,21:28:26.554,20.097,14.2,4099.7,81,
31.8.2026,21:28:26.759,20.614,16.1,4199.7,81,
31.8.2026,21:28:26.951,22.208,20.4,500.0,80,
31.8.2026,21:28:27.157,21.782,17.1,4099.7,75,
31.8.2026,21:28:27.366,21.503,14.1,4699.7,79,
31.8.2026,21:28:27.570,20.735,17.3,4099.7,77,
31.8.2026,21:28:27.761,21.434,20.2,500.0,78,
31.8.2026,21:28:27.968,20.939,16.6,4099.7,79,
31.8.2026,21:28:28.173,22.097,15.2,4099.7,69,
31.8.2026,21:28:28.379,21.597,18.6,1199.9,73,
31.8.2026,21:28:28.585,21.799,18.8,4099.7,77,
31.8.2026,21:28:28.795,20.606,15.0,4699.7,79,
31.8.2026,21:28:28.997,21.167,18.8,4099.7,78,
31.8.2026,21:28:29.205,21.366,16.2,2399.8,77,
31.8.2026,21:28:29.412,20.994,16.5,4099.7,79,
31.8.2026,21:28:29.616,21.244,16.3,4099.7,79,
31.8.2026,21:28:29.808,21.112,21.9,4099.7,78,
31.8.2026,21:28:30.013,21.077,16.9,3999.7,80,
31.8.2026,21:28:30.219,21.743,14.0,1099.9,80,
31.8.2026,21:28:30.428,20.997,16.0,3799.7,73,
31.8.2026,21:28:30.635,21.186,18.0,4099.7,78,
31.8.2026,21:28:30.824,22.226,24.3,1799.9,78,
31.8.2026,21:28:31.030,22.440,16.9,4699.7,79,
31.8.2026,21:28:31.236,21.627,18.1,4699.7,74,
31.8.2026,21:28:31.443,21.458,14.4,4699.7,80,
31.8.2026,21:28:31.651,22.084,19.5,500.0,74,
31.8.2026,21:28:31.858,21.057,17.0,4099.7,79,
31.8.2026,21:28:32.065,21.027,16.7,3599.8,79,
31.8.2026,21:28:32.271,21.484,18.2,4099.7,73,
31.8.2026,21:28:32.479,21.068,43.0,4099.7,83,
31.8.2026,21:28:32.668,30.308,43.0,4099.7,83,
31.8.2026,21:28:32.874,25.590,30.2,4099.7,90,
31.8.2026,21:28:33.080,30.284,30.3,4099.7,88,
31.8.2026,21:28:33.287,26.293,28.4,3999.7,72,
31.8.2026,21:28:33.493,27.707,30.3,3499.8,78,
31.8.2026,21:28:33.699,25.780,30.6,4099.7,78,
31.8.2026,21:28:33.905,30.497,42.5,3099.8,72,
31.8.2026,21:28:34.111,29.199,29.0,4099.7,86,
31.8.2026,21:28:34.316,28.248,41.4,3299.8,78,
31.8.2026,21:28:34.524,27.257,37.9,3299.8,80,
31.8.2026,21:28:34.728,21.330,15.9,1499.9,80,
31.8.2026,21:28:34.934,21.511,22.9,4099.7,77,
31.8.2026,21:28:35.139,22.415,18.3,4099.7,71,
31.8.2026,21:28:35.347,24.668,23.6,4099.7,74,
31.8.2026,21:28:35.556,22.964,19.1,4099.7,81,
31.8.2026,21:28:35.744,21.652,17.8,500.0,81,
31.8.2026,21:28:35.950,22.916,25.8,4099.7,85,
31.8.2026,21:28:36.157,21.815,16.9,2399.8,93,
31.8.2026,21:28:36.365,20.689,14.7,4099.7,81,
31.8.2026,21:28:36.570,21.098,15.9,2799.8,90,
31.8.2026,21:28:36.775,20.085,17.3,4099.7,73,
31.8.2026,21:28:36.964,26.534,33.6,4099.7,79,
31.8.2026,21:28:37.170,28.094,35.4,4099.7,79,
31.8.2026,21:28:37.376,23.743,19.8,3399.8,83,
31.8.2026,21:28:37.582,21.691,19.0,2799.8,78,
31.8.2026,21:28:37.788,23.444,24.7,2999.8,79,
31.8.2026,21:28:37.995,21.088,14.9,500.0,86,
31.8.2026,21:28:38.201,22.083,22.3,2899.8,78,
31.8.2026,21:28:38.408,21.603,13.9,3099.8,90,
31.8.2026,21:28:38.615,21.127,15.1,999.9,82,
31.8.2026,21:28:38.820,21.186,14.9,4099.7,88,
31.8.2026,21:28:39.012,22.625,26.7,2899.8,77,
31.8.2026,21:28:39.220,23.577,26.9,4099.7,79,
31.8.2026,21:28:39.426,20.757,14.6,4099.7,74,
31.8.2026,21:28:39.632,21.798,14.6,2899.8,79,
31.8.2026,21:28:39.838,21.067,15.4,3799.7,77,
31.8.2026,21:28:40.056,21.491,20.3,4099.7,82,
31.8.2026,21:28:40.252,20.560,17.2,4099.7,75,
31.8.2026,21:28:40.458,21.295,15.1,3499.8,80,
31.8.2026,21:28:40.666,21.020,15.5,4099.7,81,
31.8.2026,21:28:40.855,21.020,14.8,4099.7,79,
31.8.2026,21:28:41.061,21.133,18.2,4099.7,74,
31.8.2026,21:28:41.268,22.120,17.3,3599.8,81,
31.8.2026,21:28:41.478,21.140,18.8,2999.8,79,
31.8.2026,21:28:41.682,20.252,20.0,4099.7,70,
31.8.2026,21:28:41.889,22.072,20.6,4099.7,77,
31.8.2026,21:28:42.097,20.490,15.0,4099.7,81,
31.8.2026,21:28:42.301,21.249,14.4,4099.7,82,
31.8.2026,21:28:42.507,21.688,19.6,4699.7,80,
31.8.2026,21:28:42.712,21.500,15.9,4099.7,79,
31.8.2026,21:28:42.903,21.451,19.9,4099.7,74,
31.8.2026,21:28:43.109,21.266,14.6,2999.8,75,
31.8.2026,21:28:43.316,20.484,17.7,500.0,81,
31.8.2026,21:28:43.525,20.777,16.7,4099.7,80,
31.8.2026,21:28:43.729,21.571,13.8,4099.7,81,
31.8.2026,21:28:43.935,21.028,21.3,4099.7,83,
31.8.2026,21:28:44.142,22.007,16.4,3599.8,84,
31.8.2026,21:28:44.349,22.818,21.5,4099.7,75,
31.8.2026,21:28:44.554,22.645,15.2,4699.7,79,
31.8.2026,21:28:44.761,21.021,15.0,4699.7,79,
31.8.2026,21:28:44.967,20.582,19.9,500.0,78,
31.8.2026,21:28:45.176,21.052,15.7,4099.7,77,
31.8.2026,21:28:45.379,20.058,16.4,4099.7,81,
31.8.2026,21:28:45.585,21.193,16.1,4099.7,80,
31.8.2026,21:28:45.793,22.571,18.2,1199.9,80,
31.8.2026,21:28:45.980,21.231,21.2,4699.7,82,
31.8.2026,21:28:46.186,21.316,20.5,4099.7,67,
31.8.2026,21:28:46.394,22.327,16.9,4099.7,81,
31.8.2026,21:28:46.599,21.804,15.5,4099.7,78,
31.8.2026,21:28:46.805,21.762,17.2,4099.7,77,
31.8.2026,21:28:46.996,21.554,14.9,4099.7,70,
31.8.2026,21:28:47.201,21.013,19.0,4099.7,81,
31.8.2026,21:28:47.408,21.481,15.7,500.0,78,
31.8.2026,21:28:47.615,21.117,15.6,4699.7,79,
31.8.2026,21:28:47.822,20.609,15.0,4099.7,80,
31.8.2026,21:28:48.014,20.880,20.4,4099.7,80,
31.8.2026,21:28:48.217,21.481,18.9,4099.7,77,
31.8.2026,21:28:48.422,21.320,16.3,4099.7,67,
31.8.2026,21:28:48.631,20.795,14.6,4099.7,79,
31.8.2026,21:28:48.834,21.138,15.9,4099.7,79,
31.8.2026,21:28:49.043,21.522,14.4,3299.8,79,
31.8.2026,21:28:49.251,20.906,20.5,2199.9,78,
31.8.2026,21:28:49.455,21.347,15.6,500.0,77,
31.8.2026,21:28:49.662,21.535,14.4,500.0,78,
31.8.2026,21:28:49.870,20.612,15.9,4099.7,78,
31.8.2026,21:28:50.060,21.517,20.0,2899.8,79,
31.8.2026,21:28:50.267,20.530,15.9,4099.7,81,
31.8.2026,21:28:50.474,21.892,13.1,4099.7,79,
31.8.2026,21:28:50.682,20.732,15.9,899.9,73,
31.8.2026,21:28:50.873,21.625,22.6,4099.7,71,
31.8.2026,21:28:51.077,22.408,17.8,4099.7,61,
31.8.2026,21:28:51.284,17.169,19.9,4099.7,68,
31.8.2026,21:28:51.491,19.533,28.9,4099.7,67,
31.8.2026,21:28:51.697,21.929,19.1,4099.7,63,
31.8.2026,21:28:51.887,15.502,15.4,4099.7,57,
31.8.2026,21:28:52.094,14.821,13.2,4099.7,57,
31.8.2026,21:28:52.309,14.531,18.1,2099.9,83,
31.8.2026,21:28:52.506,21.850,24.7,899.9,80,
31.8.2026,21:28:52.715,19.217,16.3,500.0,84,
31.8.2026,21:28:52.904,21.088,22.0,4699.7,84,
31.8.2026,21:28:53.109,19.879,22.0,4699.7,85,
31.8.2026,21:28:53.329,25.792,28.4,4699.7,80,
31.8.2026,21:28:53.522,25.987,43.6,4099.7,71,
31.8.2026,21:28:53.729,27.362,43.6,2599.8,71,
31.8.2026,21:28:53.935,25.765,20.3,4099.7,78,
31.8.2026,21:28:54.140,20.735,18.0,4099.7,77,
31.8.2026,21:28:54.347,21.930,17.0,4099.7,79,
31.8.2026,21:28:54.554,20.616,15.6,4099.7,80,
31.8.2026,21:28:54.760,21.202,17.1,4099.7,79,
31.8.2026,21:28:54.966,21.469,16.9,4699.7,80,
31.8.2026,21:28:55.172,21.199,18.4,4099.7,67,
31.8.2026,21:28:55.379,21.185,16.6,4099.7,71,
31.8.2026,21:28:55.588,20.952,14.3,4099.7,73,
31.8.2026,21:28:55.777,21.118,14.3,4099.7,73,
31.8.2026,21:28:55.984,21.943,20.1,4099.7,81,
31.8.2026,21:28:56.199,20.248,15.0,4099.7,80,
31.8.2026,21:28:56.399,20.657,14.8,4099.7,73,
31.8.2026,21:28:56.603,18.338,18.2,1599.9,68,
31.8.2026,21:28:56.810,20.871,19.3,2999.8,79,
31.8.2026,21:28:57.016,18.616,15.7,4099.7,73,
31.8.2026,21:28:57.225,17.515,11.4,4099.7,66,
31.8.2026,21:28:57.429,18.832,13.2,4099.7,74,
31.8.2026,21:28:57.635,19.070,13.4,4099.7,69,
31.8.2026,21:28:57.828,17.974,15.0,1899.9,62,
31.8.2026,21:28:58.031,18.330,18.6,4099.7,65,
31.8.2026,21:28:58.238,18.049,12.3,4099.7,82,
31.8.2026,21:28:58.444,20.535,16.6,500.0,91,
31.8.2026,21:28:58.652,19.629,14.3,3899.7,90,
31.8.2026,21:28:58.857,20.517,18.9,4099.7,92,
31.8.2026,21:28:59.063,20.620,15.8,500.0,82,
31.8.2026,21:28:59.270,18.253,13.4,4099.7,82,
31.8.2026,21:28:59.476,21.959,18.0,4099.7,83,
31.8.2026,21:28:59.682,14.783,11.1,4099.7,82,
31.8.2026,21:28:59.889,16.592,15.9,4099.7,88,
31.8.2026,21:29:0.097,18.616,13.5,1199.9,92,
31.8.2026,21:29:0.300,19.667,16.2,4099.7,79,
31.8.2026,21:29:0.506,19.960,15.5,4099.7,82,
31.8.2026,21:29:0.715,17.039,16.8,4099.7,81,
31.8.2026,21:29:0.919,19.527,20.0,4099.7,85,
31.8.2026,21:29:1.125,19.690,14.0,4099.7,81,
31.8.2026,21:29:1.333,20.800,15.6,4099.7,81,
31.8.2026,21:29:1.538,20.617,14.6,4099.7,82,
31.8.2026,21:29:1.744,12.708,7.9,4099.7,75,
31.8.2026,21:29:1.950,16.054,18.4,4099.7,78,
31.8.2026,21:29:2.157,15.730,12.2,4099.7,75,
31.8.2026,21:29:2.363,17.296,15.8,4699.7,81,
31.8.2026,21:29:2.571,17.920,12.6,4099.7,89,
31.8.2026,21:29:2.761,19.298,14.4,4099.7,84,
31.8.2026,21:29:2.967,17.984,17.8,4099.7,75,
31.8.2026,21:29:3.175,19.718,13.0,3899.7,82,
31.8.2026,21:29:3.382,19.058,14.1,400.0,71,
31.8.2026,21:29:3.588,17.528,15.6,4099.7,85,
31.8.2026,21:29:3.779,16.827,11.1,4099.7,74,
31.8.2026,21:29:3.983,18.803,17.0,799.9,69,
31.8.2026,21:29:4.191,19.483,17.6,3799.7,70,
31.8.2026,21:29:4.400,18.900,15.5,4099.7,66,
31.8.2026,21:29:4.603,19.163,17.4,4099.7,69,
31.8.2026,21:29:4.809,16.251,17.8,4099.7,67,
31.8.2026,21:29:5.016,17.547,14.7,4699.7,59,
31.8.2026,21:29:5.221,19.530,15.3,4099.7,80,
31.8.2026,21:29:5.427,20.118,15.9,4099.7,83,
31.8.2026,21:29:5.634,19.477,13.3,4099.7,67,
31.8.2026,21:29:5.825,19.477,16.1,4099.7,74,
31.8.2026,21:29:6.032,19.282,15.3,4699.7,70,
31.8.2026,21:29:6.237,18.825,14.3,4099.7,75,
31.8.2026,21:29:6.444,19.302,14.8,4099.7,66,
31.8.2026,21:29:6.652,18.526,17.2,4099.7,70,
31.8.2026,21:29:6.859,15.763,19.0,4099.7,69,
31.8.2026,21:29:7.064,19.371,14.5,4099.7,77,
31.8.2026,21:29:7.271,19.436,14.1,4099.7,74,
31.8.2026,21:29:7.478,18.395,13.6,4099.7,66,
31.8.2026,21:29:7.684,17.544,20.4,4099.7,75,
31.8.2026,21:29:7.877,19.464,14.6,4099.7,73,
31.8.2026,21:29:8.081,15.509,12.0,4099.7,71,
31.8.2026,21:29:8.287,15.145,16.4,4699.7,66,
31.8.2026,21:29:8.493,19.199,13.9,4099.7,73,
31.8.2026,21:29:8.684,18.848,15.9,4099.7,69,
31.8.2026,21:29:8.890,16.684,17.7,4099.7,77,
31.8.2026,21:29:9.096,17.590,17.0,4099.7,73,
31.8.2026,21:29:9.305,20.084,13.4,4099.7,72,
31.8.2026,21:29:9.510,19.000,16.3,4099.7,64,
31.8.2026,21:29:9.717,17.687,21.1,4599.7,70,
31.8.2026,21:29:9.921,18.948,13.5,4099.7,73,
31.8.2026,21:29:10.128,18.934,17.5,4099.7,80,
31.8.2026,21:29:10.333,19.166,16.7,4099.7,78,
31.8.2026,21:29:10.540,19.739,16.0,4099.7,79,
31.8.2026,21:29:10.730,18.741,18.0,4699.7,55,
31.8.2026,21:29:10.937,17.482,5.2,4699.7,68,
31.8.2026,21:29:11.143,11.437,9.0,4099.7,61,
31.8.2026,21:29:11.349,12.000,12.9,4099.7,71,
31.8.2026,21:29:11.557,17.897,15.3,4099.7,72,
31.8.2026,21:29:11.764,18.506,12.9,4099.7,55,
31.8.2026,21:29:11.971,16.655,8.7,4699.7,53,
31.8.2026,21:29:12.178,10.421,6.8,4099.7,52,
31.8.2026,21:29:12.388,10.020,6.1,2099.9,52,
31.8.2026,21:29:12.590,10.209,20.3,4099.7,67,
31.8.2026,21:29:12.797,18.752,10.4,4099.7,64,
31.8.2026,21:29:13.002,16.284,14.8,4099.7,63,
31.8.2026,21:29:13.210,18.443,13.2,4099.7,71,
31.8.2026,21:29:13.415,18.144,14.8,1499.9,72,
31.8.2026,21:29:13.607,19.027,21.8,4099.7,71,
31.8.2026,21:29:13.813,18.290,14.1,3899.7,68,
31.8.2026,21:29:14.018,18.180,16.2,2799.8,77,
31.8.2026,21:29:14.225,19.561,14.5,4099.7,63,
31.8.2026,21:29:14.432,18.423,15.0,3899.7,71,
31.8.2026,21:29:14.637,18.482,13.9,4099.7,54,
31.8.2026,21:29:14.843,15.992,10.8,500.0,70,
31.8.2026,21:29:15.049,14.595,15.9,4099.7,68,
31.8.2026,21:29:15.255,18.907,19.1,4099.7,68,
31.8.2026,21:29:15.461,17.572,14.8,4699.7,68,
31.8.2026,21:29:15.653,17.624,20.1,4099.7,70,
31.8.2026,21:29:15.859,18.587,14.6,3799.7,74,
31.8.2026,21:29:16.065,20.651,10.5,4099.7,55,
31.8.2026,21:29:16.271,16.453,14.4,4099.7,58,
31.8.2026,21:29:16.477,14.862,7.4,4699.7,53,
31.8.2026,21:29:16.682,12.456,10.8,3699.8,61,
31.8.2026,21:29:16.887,15.384,19.9,4099.7,63,
31.8.2026,21:29:17.095,16.458,8.6,4699.7,61,
31.8.2026,21:29:17.303,11.712,5.9,4099.7,50,
31.8.2026,21:29:17.510,10.952,10.0,4099.7,53,
31.8.2026,21:29:17.719,10.886,9.1,4699.7,50,
31.8.2026,21:29:17.922,10.544,11.0,4099.7,69,
31.8.2026,21:29:18.127,16.159,16.1,4099.7,70,
31.8.2026,21:29:18.334,17.663,9.6,4099.7,66,
31.8.2026,21:29:18.540,14.347,15.1,4099.7,67,
31.8.2026,21:29:18.733,19.553,12.6,4699.7,51,
31.8.2026,21:29:18.941,14.833,9.1,4699.7,62,
31.8.2026,21:29:19.148,12.735,6.8,4699.7,51,
31.8.2026,21:29:19.342,12.274,10.9,4099.7,50,
31.8.2026,21:29:19.546,10.197,8.4,4699.7,51,
31.8.2026,21:29:19.752,11.882,13.7,4699.7,68,
31.8.2026,21:29:19.971,14.824,15.2,4099.7,72,
31.8.2026,21:29:20.164,18.516,17.0,4099.7,72,
31.8.2026,21:29:20.356,18.916,13.7,4099.7,51,
31.8.2026,21:29:20.562,11.235,4.2,4699.7,50,
31.8.2026,21:29:20.772,10.357,5.6,4099.7,57,
31.8.2026,21:29:20.978,9.612,6.6,4099.7,55,
31.8.2026,21:29:21.169,11.242,6.6,4099.7,55,
31.8.2026,21:29:21.376,15.889,15.7,4099.7,68,
31.8.2026,21:29:21.582,11.073,6.1,4099.7,50,
31.8.2026,21:29:21.789,10.144,5.4,4099.7,50,
31.8.2026,21:29:21.996,9.910,5.6,4099.7,51,
31.8.2026,21:29:22.201,9.881,10.3,4099.7,50,
31.8.2026,21:29:22.407,9.434,3.9,4699.7,49,
31.8.2026,21:29:22.614,10.221,8.6,500.0,52,
31.8.2026,21:29:22.822,10.124,5.3,4699.7,49,
31.8.2026,21:29:23.011,10.104,5.5,4099.7,48,
31.8.2026,21:29:23.218,11.774,12.6,4099.7,83,
31.8.2026,21:29:23.422,12.959,11.7,400.0,51,
31.8.2026,21:29:23.628,13.177,13.0,4099.7,83,
31.8.2026,21:29:23.835,13.125,8.1,4699.7,86,
31.8.2026,21:29:24.041,11.148,9.0,4099.7,86,
31.8.2026,21:29:24.249,11.816,13.7,4099.7,78,
31.8.2026,21:29:24.455,9.007,6.0,400.0,51,
31.8.2026,21:29:24.663,13.889,11.0,4099.7,84,
31.8.2026,21:29:24.868,13.889,11.0,4099.7,84,
31.8.2026,21:29:25.059,23.306,11.0,4099.7,84,
31.8.2026,21:29:25.266,23.306,11.0,4099.7,84,
31.8.2026,21:29:25.473,23.306,11.0,4099.7,84,
31.8.2026,21:29:25.680,23.306,11.0,4099.7,84,
31.8.2026,21:29:25.886,23.306,11.0,4099.7,84,
31.8.2026,21:29:26.093,23.306,11.0,4099.7,84,
31.8.2026,21:29:26.299,23.306,11.0,4099.7,84,
31.8.2026,21:29:26.505,23.306,11.0,4099.7,84,
31.8.2026,21:29:26.709,23.306,11.0,4099.7,84,
31.8.2026,21:29:26.915,23.306,11.0,4099.7,84,
31.8.2026,21:29:27.107,23.306,11.0,4099.7,84,
31.8.2026,21:29:27.312,23.306,11.0,4099.7,84,
31.8.2026,21:29:27.520,23.306,11.0,4099.7,84,
31.8.2026,21:29:27.722,23.306,11.0,4099.7,84,
31.8.2026,21:29:27.929,23.306,11.0,4099.7,84,
31.8.2026,21:29:28.120,23.306,11.0,4099.7,84,
31.8.2026,21:29:28.326,23.306,11.0,4099.7,84,
31.8.2026,21:29:28.532,23.306,11.0,4099.7,84,
31.8.2026,21:29:28.738,23.306,11.0,4099.7,84,
31.8.2026,21:29:28.945,23.306,11.0,4099.7,84,
31.8.2026,21:29:29.150,23.306,11.0,4099.7,84,
31.8.2026,21:29:29.340,23.306,11.0,4099.7,84,
31.8.2026,21:29:29.547,23.306,11.0,4099.7,84,
31.8.2026,21:29:29.752,23.306,11.0,4099.7,84,
31.8.2026,21:29:29.958,23.306,11.0,4099.7,84,
31.8.2026,21:29:30.164,23.306,11.0,4099.7,84,
31.8.2026,21:29:30.356,23.306,12.4,4399.7,86,
31.8.2026,21:29:30.562,23.306,12.4,4399.7,86,
31.8.2026,21:29:30.770,23.306,12.4,4399.7,86,
31.8.2026,21:29:30.975,23.306,12.4,4399.7,86,
31.8.2026,21:29:31.183,23.306,12.4,4399.7,86,
31.8.2026,21:29:31.371,23.306,12.4,4399.7,86,
31.8.2026,21:29:31.577,23.306,12.4,4399.7,86,
31.8.2026,21:29:31.783,23.306,12.4,4399.7,86,
31.8.2026,21:29:31.989,23.306,12.4,4399.7,86,
31.8.2026,21:29:32.197,23.306,12.4,4399.7,86,
31.8.2026,21:29:32.387,23.306,12.4,4399.7,86,
31.8.2026,21:29:32.594,23.306,12.4,4399.7,86,
31.8.2026,21:29:32.799,23.306,12.4,4399.7,86,
31.8.2026,21:29:33.005,23.306,12.4,4399.7,86,
31.8.2026,21:29:33.213,23.306,12.4,4399.7,86,
31.8.2026,21:29:33.417,23.306,12.4,4399.7,86,
31.8.2026,21:29:33.622,23.306,12.4,4399.7,86,
31.8.2026,21:29:33.828,23.306,12.4,4399.7,86,
31.8.2026,21:29:34.038,23.306,12.4,4399.7,86,
31.8.2026,21:29:34.240,23.306,12.4,4399.7,86,
31.8.2026,21:29:34.446,23.306,12.4,4399.7,86,
31.8.2026,21:29:34.639,23.306,12.4,4399.7,86,
31.8.2026,21:29:34.842,23.306,12.4,4399.7,86,
31.8.2026,21:29:35.048,23.306,12.4,4399.7,86,
31.8.2026,21:29:35.254,29.149,55.3,4099.7,90,
31.8.2026,21:29:35.460,29.149,55.3,4099.7,90,
31.8.2026,21:29:35.665,29.149,55.3,4099.7,90,
31.8.2026,21:29:35.855,29.149,55.3,4099.7,90,
31.8.2026,21:29:36.060,29.149,55.3,4099.7,90,
31.8.2026,21:29:36.266,29.149,55.3,4099.7,90,
31.8.2026,21:29:36.472,29.149,55.3,4099.7,90,
31.8.2026,21:29:36.679,29.149,55.3,4099.7,90,
31.8.2026,21:29:36.886,29.149,55.3,4099.7,90,
31.8.2026,21:29:37.076,29.149,55.3,4099.7,90,
31.8.2026,21:29:37.281,29.149,55.3,4099.7,90,
31.8.2026,21:29:37.487,29.149,55.3,4099.7,90,
31.8.2026,21:29:37.693,29.149,55.3,4099.7,90,
31.8.2026,21:29:37.898,29.149,55.3,4099.7,90,
31.8.2026,21:29:38.104,29.149,55.3,4099.7,90,
31.8.2026,21:29:38.311,29.149,55.3,4099.7,90,
31.8.2026,21:29:38.517,29.149,55.3,4099.7,90,
31.8.2026,21:29:38.724,29.149,55.3,4099.7,90,
31.8.2026,21:29:38.929,29.149,55.3,4099.7,90,
31.8.2026,21:29:39.135,29.149,55.3,4099.7,90,
31.8.2026,21:29:39.342,29.149,55.3,4099.7,90,
31.8.2026,21:29:39.549,29.149,55.3,4099.7,90,
31.8.2026,21:29:39.756,29.149,55.3,4099.7,90,
31.8.2026,21:29:39.963,28.973,28.6,4199.7,87,
31.8.2026,21:29:40.150,28.973,28.6,4199.7,87,
31.8.2026,21:29:40.358,28.973,28.6,4199.7,87,
31.8.2026,21:29:40.564,28.973,28.6,4199.7,87,
31.8.2026,21:29:40.770,28.973,28.6,4199.7,87,
31.8.2026,21:29:40.976,28.973,28.6,4199.7,87,
31.8.2026,21:29:41.166,28.973,28.6,4199.7,87,
31.8.2026,21:29:41.373,28.973,28.6,4199.7,87,
31.8.2026,21:29:41.578,28.973,28.6,4199.7,87,
31.8.2026,21:29:41.785,28.973,28.6,4199.7,87,
31.8.2026,21:29:41.991,28.973,28.6,4199.7,87,
31.8.2026,21:29:42.197,28.973,28.6,4199.7,87,
31.8.2026,21:29:42.387,28.973,28.6,4199.7,87,
31.8.2026,21:29:42.597,28.973,28.6,4199.7,87,
31.8.2026,21:29:42.799,28.973,28.6,4199.7,87,
31.8.2026,21:29:43.005,28.973,28.6,4199.7,87,
31.8.2026,21:29:43.210,28.973,28.6,4199.7,87,
31.8.2026,21:29:43.416,28.973,28.6,4199.7,87,
31.8.2026,21:29:43.622,28.973,28.6,4199.7,87,
31.8.2026,21:29:43.828,28.973,28.6,4199.7,87,
31.8.2026,21:29:44.033,28.973,28.6,4199.7,87,
31.8.2026,21:29:44.240,28.973,28.6,4199.7,87,
31.8.2026,21:29:44.447,28.973,28.6,4199.7,87,
31.8.2026,21:29:44.637,28.546,28.5,3599.8,74,
31.8.2026,21:29:44.842,28.546,28.5,3599.8,74,
31.8.2026,21:29:45.050,28.546,28.5,3599.8,74,
31.8.2026,21:29:45.254,28.546,28.5,3599.8,74,
31.8.2026,21:29:45.461,28.546,28.5,3599.8,74,
31.8.2026,21:29:45.653,28.546,28.5,3599.8,74,
31.8.2026,21:29:45.857,28.546,28.5,3599.8,74,
31.8.2026,21:29:46.063,28.546,28.5,3599.8,74,
31.8.2026,21:29:46.269,28.546,28.5,3599.8,74,
31.8.2026,21:29:46.476,28.546,28.5,3599.8,74,
31.8.2026,21:29:46.682,28.546,28.5,3599.8,74,
31.8.2026,21:29:46.871,28.546,28.5,3599.8,74,
31.8.2026,21:29:47.078,28.546,28.5,3599.8,74,
31.8.2026,21:29:47.285,28.546,28.5,3599.8,74,
31.8.2026,21:29:47.491,28.546,28.5,3599.8,74,
31.8.2026,21:29:47.696,22.295,28.5,3599.8,74,
31.8.2026,21:29:47.889,22.295,28.5,3599.8,74,
31.8.2026,21:29:48.094,22.295,28.5,3599.8,74,
31.8.2026,21:29:48.301,22.295,28.5,3599.8,74,
31.8.2026,21:29:48.504,22.295,28.5,3599.8,74,
31.8.2026,21:29:48.711,22.295,28.5,3599.8,74,
31.8.2026,21:29:48.916,22.295,28.5,3599.8,74,
31.8.2026,21:29:49.106,22.295,28.5,3599.8,74,
31.8.2026,21:29:49.313,22.295,28.5,3599.8,74,
31.8.2026,21:29:49.519,22.295,28.5,3599.8,74,
31.8.2026,21:29:49.725,22.295,28.5,3599.8,74,
31.8.2026,21:29:49.930,22.295,28.5,3599.8,74,
31.8.2026,21:29:50.120,22.295,28.5,3599.8,74,
31.8.2026,21:29:50.327,22.295,28.5,3599.8,74,
31.8.2026,21:29:50.532,22.295,28.5,3599.8,74,
31.8.2026,21:29:50.738,22.295,28.5,3599.8,74,
31.8.2026,21:29:50.945,22.295,28.5,3599.8,74,
31.8.2026,21:29:51.150,22.295,28.5,3599.8,74,
31.8.2026,21:29:51.357,22.295,28.5,3599.8,74,
31.8.2026,21:29:51.562,22.295,28.5,3599.8,74,
31.8.2026,21:29:51.771,22.295,28.5,3599.8,74,
31.8.2026,21:29:51.975,22.295,28.5,3599.8,74,
31.8.2026,21:29:52.183,22.295,28.5,3599.8,74,
31.8.2026,21:29:52.372,22.295,28.5,3599.8,74,
31.8.2026,21:29:52.579,22.295,28.5,3599.8,74,
31.8.2026,21:29:52.785,22.295,28.5,3599.8,74,
31.8.2026,21:29:52.993,22.295,15.8,4099.7,88,
31.8.2026,21:29:53.185,22.295,15.8,4099.7,88,
31.8.2026,21:29:53.391,22.295,15.8,4099.7,88,
31.8.2026,21:29:53.598,22.295,15.8,4099.7,88,
31.8.2026,21:29:53.804,22.295,15.8,4099.7,88,
31.8.2026,21:29:54.012,22.295,15.8,4099.7,88,
31.8.2026,21:29:54.220,22.295,15.8,4099.7,88,
31.8.2026,21:29:54.427,22.295,15.8,4099.7,88,
31.8.2026,21:29:54.646,22.295,15.8,4099.7,88,
31.8.2026,21:29:54.837,22.295,15.8,4099.7,88,
31.8.2026,21:29:55.029,22.295,15.8,4099.7,88,
31.8.2026,21:29:55.235,22.295,15.8,4099.7,88,
31.8.2026,21:29:55.440,22.295,15.8,4099.7,88,
31.8.2026,21:29:55.646,22.295,15.8,4099.7,88,
31.8.2026,21:29:55.853,22.295,15.8,4099.7,88,
31.8.2026,21:29:56.044,22.295,15.8,4099.7,88,
31.8.2026,21:29:56.251,22.295,15.8,4099.7,88,
31.8.2026,21:29:56.455,22.295,15.8,4099.7,88,
31.8.2026,21:29:56.660,22.295,15.8,4099.7,88,
31.8.2026,21:29:56.866,22.295,15.8,4099.7,88,
31.8.2026,21:29:57.070,22.295,15.8,4099.7,88,
31.8.2026,21:29:57.275,22.295,15.8,4099.7,88,
31.8.2026,21:29:57.496,22.295,15.8,4099.7,88,
31.8.2026,21:29:57.692,22.295,44.7,3799.7,76,
31.8.2026,21:29:57.896,23.200,44.7,3799.7,76,
31.8.2026,21:29:58.100,23.200,44.7,3799.7,76,
31.8.2026,21:29:58.307,23.200,44.7,3799.7,76,
31.8.2026,21:29:58.495,23.200,44.7,3799.7,76,
31.8.2026,21:29:58.700,23.200,44.7,3799.7,76,
31.8.2026,21:29:58.904,23.200,44.7,3799.7,76,
31.8.2026,21:29:59.109,23.200,44.7,3799.7,76,
31.8.2026,21:29:59.314,23.200,44.7,3799.7,76,
31.8.2026,21:29:59.520,23.200,44.7,3799.7,76,
31.8.2026,21:29:59.726,23.200,44.7,3799.7,76,
31.8.2026,21:29:59.919,23.200,44.7,3799.7,76,
31.8.2026,21:30:0.124,23.200,44.7,3799.7,76,
31.8.2026,21:30:0.329,23.200,44.7,3799.7,76,
31.8.2026,21:30:0.536,23.200,44.7,3799.7,76,
31.8.2026,21:30:0.741,23.200,44.7,3799.7,76,
31.8.2026,21:30:0.946,23.200,44.7,3799.7,76,
31.8.2026,21:30:1.135,23.200,44.7,3799.7,76,
31.8.2026,21:30:1.343,23.200,44.7,3799.7,76,
31.8.2026,21:30:1.549,23.200,44.7,3799.7,76,
31.8.2026,21:30:1.755,23.200,44.7,3799.7,76,
31.8.2026,21:30:1.963,23.200,44.7,3799.7,76,
31.8.2026,21:30:2.167,23.200,44.7,3799.7,76,
31.8.2026,21:30:2.388,23.200,44.7,3799.7,76,
31.8.2026,21:30:2.580,23.079,28.3,3899.7,79,
31.8.2026,21:30:2.785,23.079,28.3,3899.7,79,
31.8.2026,21:30:2.991,23.079,28.3,3899.7,79,
31.8.2026,21:30:3.197,23.079,28.3,3899.7,79,
31.8.2026,21:30:3.387,23.079,28.3,3899.7,79,
31.8.2026,21:30:3.595,23.079,28.3,3899.7,79,
31.8.2026,21:30:3.809,23.079,28.3,3899.7,79,
31.8.2026,21:30:4.008,23.079,28.3,3899.7,79,
31.8.2026,21:30:4.198,23.079,28.3,3899.7,79,
31.8.2026,21:30:4.404,23.079,28.3,3899.7,79,
31.8.2026,21:30:4.611,23.079,28.3,3899.7,79,
31.8.2026,21:30:4.817,23.079,28.3,3899.7,79,
31.8.2026,21:30:5.022,23.079,28.3,3899.7,79,
31.8.2026,21:30:5.229,23.079,28.3,3899.7,79,
31.8.2026,21:30:5.435,23.079,28.3,3899.7,79,
31.8.2026,21:30:5.641,23.079,28.3,3899.7,79,
31.8.2026,21:30:5.846,23.079,28.3,3899.7,79,
31.8.2026,21:30:6.054,23.079,28.3,3899.7,79,
31.8.2026,21:30:6.246,23.079,28.3,3899.7,79,
31.8.2026,21:30:6.450,23.079,28.3,3899.7,79,
31.8.2026,21:30:6.658,23.079,28.3,3899.7,79,
31.8.2026,21:30:6.863,23.079,28.3,3899.7,79,
31.8.2026,21:30:7.071,23.079,28.3,3899.7,79,
31.8.2026,21:30:7.263,23.079,28.3,3899.7,79,
31.8.2026,21:30:7.468,23.079,28.3,3899.7,79,
31.8.2026,21:30:7.674,23.079,27.5,3899.7,79,
31.8.2026,21:30:7.882,23.270,27.5,3899.7,79,
31.8.2026,21:30:8.088,23.270,27.5,3899.7,79,
31.8.2026,21:30:8.278,23.270,27.5,3899.7,79,
31.8.2026,21:30:8.485,23.270,27.5,3899.7,79,
31.8.2026,21:30:8.702,23.270,27.5,3899.7,79,
31.8.2026,21:30:8.898,23.270,27.5,3899.7,79,
31.8.2026,21:30:9.091,23.270,27.5,3899.7,79,
31.8.2026,21:30:9.299,23.270,27.5,3899.7,79,
31.8.2026,21:30:9.502,23.270,27.5,3899.7,79,
31.8.2026,21:30:9.712,23.270,27.5,3899.7,79,
31.8.2026,21:30:9.914,23.270,27.5,3899.7,79,
31.8.2026,21:30:10.105,23.270,27.5,3899.7,79,
31.8.2026,21:30:10.323,23.270,27.5,3899.7,79,
31.8.2026,21:30:10.516,23.270,27.5,3899.7,79,
31.8.2026,21:30:10.722,23.270,27.5,3899.7,79,
31.8.2026,21:30:10.928,23.270,27.5,3899.7,79,
31.8.2026,21:30:11.134,23.270,27.5,3899.7,79,
31.8.2026,21:30:11.324,23.270,27.5,3899.7,79,
31.8.2026,21:30:11.530,23.270,27.5,3899.7,79,
31.8.2026,21:30:11.736,23.313,27.5,3899.7,79,
31.8.2026,21:30:11.942,23.313,27.5,3899.7,79,
31.8.2026,21:30:12.146,23.313,27.5,3899.7,79,
31.8.2026,21:30:12.353,23.313,27.5,3899.7,79,
31.8.2026,21:30:12.543,23.313,27.5,3899.7,79,
31.8.2026,21:30:12.749,23.313,27.5,3899.7,79,
31.8.2026,21:30:12.955,23.313,27.5,3899.7,79,
31.8.2026,21:30:13.161,23.313,27.5,3899.7,79,
31.8.2026,21:30:13.366,23.313,27.5,3899.7,79,
31.8.2026,21:30:13.571,23.313,27.5,3899.7,79,
31.8.2026,21:30:13.761,23.313,27.5,3899.7,79,
31.8.2026,21:30:13.973,23.313,27.5,3899.7,79,
31.8.2026,21:30:14.175,23.313,27.5,3899.7,79,
31.8.2026,21:30:14.383,23.313,27.5,3899.7,79,
31.8.2026,21:30:14.577,23.313,27.5,3899.7,79,
31.8.2026,21:30:14.785,23.313,27.5,3899.7,79,
31.8.2026,21:30:14.989,23.313,27.5,3899.7,79,
31.8.2026,21:30:15.195,23.313,27.5,3899.7,79,
31.8.2026,21:30:15.399,23.313,27.5,3899.7,79,
31.8.2026,21:30:15.594,23.313,27.5,3899.7,79,
31.8.2026,21:30:15.800,23.313,27.5,3899.7,79,
31.8.2026,21:30:16.008,23.313,27.5,3899.7,79,
31.8.2026,21:30:16.212,23.313,27.5,3899.7,79,
31.8.2026,21:30:16.403,23.313,27.5,3899.7,79,
31.8.2026,21:30:16.609,23.313,27.5,3899.7,79,
31.8.2026,21:30:16.817,23.313,27.5,3899.7,79,
31.8.2026,21:30:17.023,23.313,27.5,3899.7,79,
31.8.2026,21:30:17.229,23.313,27.5,3899.7,79,
31.8.2026,21:30:17.435,23.313,23.3,4099.7,85,
31.8.2026,21:30:17.641,23.313,23.3,4099.7,85,
31.8.2026,21:30:17.846,23.313,23.3,4099.7,85,
31.8.2026,21:30:18.053,23.313,23.3,4099.7,85,
31.8.2026,21:30:18.259,23.313,23.3,4099.7,85,
31.8.2026,21:30:18.449,23.313,23.3,4099.7,85,
31.8.2026,21:30:18.655,23.313,23.3,4099.7,85,
31.8.2026,21:30:18.860,23.313,23.3,4099.7,85,
31.8.2026,21:30:19.066,23.313,23.3,4099.7,85,
31.8.2026,21:30:19.271,23.313,23.3,4099.7,85,
31.8.2026,21:30:19.477,23.313,23.3,4099.7,85,
31.8.2026,21:30:19.667,23.313,23.3,4099.7,85,
31.8.2026,21:30:19.874,23.313,23.3,4099.7,85,
31.8.2026,21:30:20.079,23.313,23.3,4099.7,85,
31.8.2026,21:30:20.285,23.313,23.3,4099.7,85,
31.8.2026,21:30:20.507,23.313,23.3,4099.7,85,
31.8.2026,21:30:20.697,23.313,23.3,4099.7,85,
31.8.2026,21:30:20.886,23.313,23.3,4099.7,85,
31.8.2026,21:30:21.095,23.313,23.3,4099.7,85,
31.8.2026,21:30:21.298,23.313,23.3,4099.7,85,
31.8.2026,21:30:21.503,23.313,23.3,4099.7,85,
31.8.2026,21:30:21.709,23.313,23.3,4099.7,85,
31.8.2026,21:30:21.914,23.313,23.3,4099.7,85,
31.8.2026,21:30:22.105,23.313,35.3,3399.8,69,
31.8.2026,21:30:22.310,23.299,35.3,3399.8,69,
31.8.2026,21:30:22.516,23.299,35.3,3399.8,69,
31.8.2026,21:30:22.721,23.299,35.3,3399.8,69,
31.8.2026,21:30:22.926,23.299,35.3,3399.8,69,
31.8.2026,21:30:23.134,23.299,35.3,3399.8,69,
31.8.2026,21:30:23.324,23.299,35.3,3399.8,69,
31.8.2026,21:30:23.530,23.299,35.3,3399.8,69,
31.8.2026,21:30:23.745,23.299,35.3,3399.8,69,
31.8.2026,21:30:23.943,23.299,35.3,3399.8,69,
31.8.2026,21:30:24.148,23.299,35.3,3399.8,69,
31.8.2026,21:30:24.355,23.299,35.3,3399.8,69,
31.8.2026,21:30:24.542,23.299,35.3,3399.8,69,
31.8.2026,21:30:24.748,23.299,35.3,3399.8,69,
31.8.2026,21:30:24.953,23.299,35.3,3399.8,69,
31.8.2026,21:30:25.159,23.299,78.6,3999.7,74,
31.8.2026,21:30:25.367,16.231,18.6,4099.7,69,
31.8.2026,21:30:25.573,22.530,17.9,4699.7,83,
31.8.2026,21:30:25.779,21.321,23.6,4699.7,85,
31.8.2026,21:30:25.985,22.236,16.0,4099.7,79,
31.8.2026,21:30:26.190,21.828,17.8,4099.7,85,
31.8.2026,21:30:26.397,21.064,15.3,4099.7,61,
31.8.2026,21:30:26.604,19.927,14.4,4099.7,85,
31.8.2026,21:30:26.794,21.937,21.1,4699.7,81,
31.8.2026,21:30:27.002,20.756,16.0,4099.7,80,
31.8.2026,21:30:27.207,22.129,16.2,4699.7,86,
31.8.2026,21:30:27.412,21.925,16.3,4699.7,81,
31.8.2026,21:30:27.619,21.514,17.1,4699.7,83,
31.8.2026,21:30:27.810,22.088,18.7,4099.7,86,
31.8.2026,21:30:28.017,21.877,14.6,4099.7,86,
31.8.2026,21:30:28.224,21.138,21.2,4099.7,83,
31.8.2026,21:30:28.431,21.905,14.6,4099.7,86,
31.8.2026,21:30:28.621,22.325,19.8,4099.7,86,
31.8.2026,21:30:28.827,22.732,18.5,4099.7,87,
31.8.2026,21:30:29.033,22.383,16.3,4099.7,88,
31.8.2026,21:30:29.239,23.564,21.8,4699.7,83,
31.8.2026,21:30:29.445,22.022,15.6,4099.7,85,
31.8.2026,21:30:29.636,23.283,18.1,4099.7,88,
31.8.2026,21:30:29.843,22.306,19.9,4099.7,86,
31.8.2026,21:30:30.050,22.130,16.9,4099.7,86,
31.8.2026,21:30:30.258,21.018,20.5,4099.7,87,
31.8.2026,21:30:30.462,20.599,17.3,4699.7,83,
31.8.2026,21:30:30.652,22.086,19.1,4099.7,87,
31.8.2026,21:30:30.859,22.940,19.1,4099.7,86,
31.8.2026,21:30:31.065,21.471,15.2,4099.7,90,
31.8.2026,21:30:31.272,23.558,18.2,4099.7,85,
31.8.2026,21:30:31.479,21.676,16.3,4099.7,83,
31.8.2026,21:30:31.686,21.692,21.3,4099.7,81,
31.8.2026,21:30:31.891,21.670,14.7,4099.7,86,
31.8.2026,21:30:32.098,21.976,16.5,4099.7,86,
31.8.2026,21:30:32.304,20.665,18.0,4099.7,86,
31.8.2026,21:30:32.496,22.359,22.6,4699.7,87,
31.8.2026,21:30:32.703,22.132,15.1,4099.7,86,
31.8.2026,21:30:32.908,22.459,18.4,4099.7,83,
31.8.2026,21:30:33.115,22.032,19.2,4699.7,83,
31.8.2026,21:30:33.322,22.320,15.6,4099.7,83,
31.8.2026,21:30:33.513,21.923,18.2,4099.7,81,
31.8.2026,21:30:33.718,20.916,19.2,4099.7,85,
31.8.2026,21:30:33.925,22.220,20.9,4699.7,80,
31.8.2026,21:30:34.133,21.631,15.6,4099.7,83,
31.8.2026,21:30:34.338,21.228,14.1,4099.7,58,
31.8.2026,21:30:34.530,18.997,17.7,4099.7,81,
31.8.2026,21:30:34.737,21.936,17.2,4099.7,87,
31.8.2026,21:30:34.940,21.191,20.1,4099.7,86,
31.8.2026,21:30:35.146,22.335,19.6,4099.7,86,
31.8.2026,21:30:35.353,21.353,18.3,4699.7,85,
31.8.2026,21:30:35.544,22.435,18.1,4099.7,86,
31.8.2026,21:30:35.750,22.208,18.5,4099.7,86,
31.8.2026,21:30:35.956,20.797,19.0,4099.7,86,
31.8.2026,21:30:36.163,21.680,19.8,4099.7,83,
31.8.2026,21:30:36.369,21.930,21.4,4099.7,83,
31.8.2026,21:30:36.576,21.648,19.5,4099.7,86,
31.8.2026,21:30:36.784,20.806,19.5,4099.7,86,
31.8.2026,21:30:36.990,20.807,19.6,4099.7,87,
31.8.2026,21:30:37.196,22.400,17.2,4099.7,86,
31.8.2026,21:30:37.387,22.400,17.2,4099.7,86,
31.8.2026,21:30:37.594,22.817,23.9,4099.7,82,
31.8.2026,21:30:37.801,21.707,17.3,4099.7,85,
31.8.2026,21:30:38.008,21.437,15.9,4099.7,86,
31.8.2026,21:30:38.215,22.508,16.4,4099.7,86,
31.8.2026,21:30:38.419,21.048,21.9,4099.7,86,
31.8.2026,21:30:38.625,21.173,16.9,4099.7,60,
31.8.2026,21:30:38.832,17.049,13.7,4099.7,72,
31.8.2026,21:30:39.038,14.655,9.5,4099.7,54,
31.8.2026,21:30:39.245,10.842,5.9,4099.7,54,
31.8.2026,21:30:39.452,12.186,15.0,4099.7,59,
31.8.2026,21:30:39.658,11.931,10.1,4099.7,53,
31.8.2026,21:30:39.866,14.459,11.0,4099.7,53,
31.8.2026,21:30:40.073,12.409,6.2,2999.8,55,
31.8.2026,21:30:40.279,11.413,15.6,4699.7,61,
31.8.2026,21:30:40.485,15.899,10.7,4099.7,62,
31.8.2026,21:30:40.694,17.290,13.1,4099.7,63,
31.8.2026,21:30:40.899,11.349,9.7,4099.7,53,
31.8.2026,21:30:41.090,11.538,8.2,4099.7,70,
31.8.2026,21:30:41.296,15.957,18.7,4099.7,90,
31.8.2026,21:30:41.502,14.776,12.2,4099.7,80,
31.8.2026,21:30:41.711,12.760,11.0,400.0,53,
31.8.2026,21:30:41.920,16.505,12.0,4099.7,85,
31.8.2026,21:30:42.126,14.906,13.1,4099.7,80,
31.8.2026,21:30:42.332,14.760,11.8,4099.7,75,
31.8.2026,21:30:42.536,11.488,8.6,4099.7,81,
31.8.2026,21:30:42.742,12.527,11.3,2299.8,85,
31.8.2026,21:30:42.934,11.576,7.7,4099.7,86,
31.8.2026,21:30:43.143,12.305,14.5,4099.7,67,
31.8.2026,21:30:43.348,14.951,13.8,500.0,69,
31.8.2026,21:30:43.554,12.955,7.6,4099.7,80,
31.8.2026,21:30:43.745,18.256,13.1,4099.7,82,
31.8.2026,21:30:43.952,13.784,13.6,4099.7,68,
31.8.2026,21:30:44.159,13.681,9.9,4099.7,57,
31.8.2026,21:30:44.366,16.057,14.0,4099.7,58,
31.8.2026,21:30:44.571,14.816,15.3,4099.7,58,
31.8.2026,21:30:44.764,16.665,9.7,4699.7,58,
31.8.2026,21:30:44.971,13.701,15.0,4699.7,55,
31.8.2026,21:30:45.175,15.834,12.8,4699.7,53,
31.8.2026,21:30:45.382,18.182,15.2,4099.7,66,
31.8.2026,21:30:45.588,15.637,10.5,4099.7,55,
31.8.2026,21:30:45.794,14.506,16.6,4699.7,57,
31.8.2026,21:30:46.003,15.590,12.2,2499.8,55,
31.8.2026,21:30:46.209,17.961,12.8,4099.7,67,
31.8.2026,21:30:46.415,18.462,13.2,4099.7,61,
31.8.2026,21:30:46.606,15.084,9.9,4099.7,55,
31.8.2026,21:30:46.818,16.805,14.8,1299.9,55,
31.8.2026,21:30:47.021,13.604,11.5,4099.7,55,
31.8.2026,21:30:47.227,15.427,11.3,4099.7,52,
31.8.2026,21:30:47.418,16.231,13.3,4099.7,55,
31.8.2026,21:30:47.622,16.679,18.1,4099.7,54,
31.8.2026,21:30:47.828,15.312,8.6,4699.7,53,
31.8.2026,21:30:48.036,15.650,16.2,4099.7,58,
31.8.2026,21:30:48.240,16.518,10.6,4099.7,65,
31.8.2026,21:30:48.446,16.412,15.7,4099.7,52,
31.8.2026,21:30:48.637,15.396,19.3,4699.7,69,
31.8.2026,21:30:48.844,17.411,15.5,3599.8,53,
31.8.2026,21:30:49.048,14.003,7.9,4099.7,68,
31.8.2026,21:30:49.255,15.372,12.0,4699.7,51,
31.8.2026,21:30:49.460,12.016,6.7,4099.7,51,
31.8.2026,21:30:49.667,17.322,14.0,4099.7,57,
31.8.2026,21:30:49.856,16.270,17.7,4099.7,76,
31.8.2026,21:30:50.064,14.764,12.9,4099.7,65,
31.8.2026,21:30:50.270,15.957,13.0,4099.7,54,
31.8.2026,21:30:50.477,16.863,15.0,4099.7,54,
31.8.2026,21:30:50.667,13.834,15.9,4099.7,52,
31.8.2026,21:30:50.873,16.777,12.3,4099.7,62,
31.8.2026,21:30:51.079,15.887,11.0,4099.7,61,
31.8.2026,21:30:51.285,16.006,18.8,4099.7,51,
31.8.2026,21:30:51.492,15.905,15.1,4099.7,51,
31.8.2026,21:30:51.698,17.843,14.2,4099.7,65,
31.8.2026,21:30:51.906,14.542,17.7,4699.7,60,
31.8.2026,21:30:52.109,14.804,11.6,4099.7,53,
31.8.2026,21:30:52.315,15.208,11.1,4099.7,52,
31.8.2026,21:30:52.522,15.517,12.0,4099.7,61,
31.8.2026,21:30:52.729,18.013,13.0,4099.7,81,
31.8.2026,21:30:52.921,16.875,19.0,4099.7,62,
31.8.2026,21:30:53.129,12.235,6.6,4699.7,62,
31.8.2026,21:30:53.333,16.950,15.0,4099.7,67,
31.8.2026,21:30:53.540,16.537,12.2,4099.7,65,
31.8.2026,21:30:53.731,12.368,14.4,4099.7,50,
31.8.2026,21:30:53.936,14.223,8.8,4099.7,50,
31.8.2026,21:30:54.145,13.723,8.0,4099.7,53,
31.8.2026,21:30:54.351,16.267,16.2,4099.7,50,
31.8.2026,21:30:54.558,15.287,11.6,4099.7,52,
31.8.2026,21:30:54.745,12.183,14.0,4099.7,60,
31.8.2026,21:30:54.951,14.501,11.0,1299.9,50,
31.8.2026,21:30:55.158,14.737,11.6,4099.7,54,
31.8.2026,21:30:55.365,12.037,8.0,4099.7,54,
31.8.2026,21:30:55.572,10.481,6.6,4699.7,49,
31.8.2026,21:30:55.763,10.481,6.6,4699.7,50,
31.8.2026,21:30:55.980,11.424,14.1,4099.7,49,
31.8.2026,21:30:56.175,15.922,13.1,4099.7,51,
31.8.2026,21:30:56.382,14.293,12.2,4099.7,63,
31.8.2026,21:30:56.589,11.253,6.0,4099.7,59,
31.8.2026,21:30:56.794,12.623,14.9,4099.7,63,
31.8.2026,21:30:57.000,15.090,11.8,4099.7,52,
31.8.2026,21:30:57.209,15.215,14.9,3899.7,50,
31.8.2026,21:30:57.413,17.041,15.1,4099.7,53,
31.8.2026,21:30:57.620,15.137,11.6,4099.7,51,
31.8.2026,21:30:57.826,15.218,16.1,4099.7,65,
31.8.2026,21:30:58.033,13.776,8.6,4099.7,52,
31.8.2026,21:30:58.240,16.964,12.1,4699.7,76,
31.8.2026,21:30:58.448,11.903,8.7,4699.7,50,
31.8.2026,21:30:58.636,11.903,5.6,4699.7,49,
31.8.2026,21:30:58.844,11.023,16.4,4099.7,80,
31.8.2026,21:30:59.052,15.773,9.5,4099.7,77,
31.8.2026,21:30:59.257,13.265,9.2,4099.7,74,
31.8.2026,21:30:59.465,13.598,7.2,4099.7,74,
31.8.2026,21:30:59.652,10.742,8.0,4099.7,68,
31.8.2026,21:30:59.862,12.780,19.1,4299.7,70,
31.8.2026,21:31:0.067,15.435,8.4,400.0,53,
31.8.2026,21:31:0.274,10.957,12.0,4099.7,71,
31.8.2026,21:31:0.465,14.051,11.0,4099.7,68,
31.8.2026,21:31:0.672,15.227,13.2,4099.7,58,
31.8.2026,21:31:0.882,13.082,11.0,4099.7,54,
31.8.2026,21:31:1.091,14.664,7.2,4099.7,60,
31.8.2026,21:31:1.295,13.068,13.4,4699.7,57,
31.8.2026,21:31:1.501,15.816,18.1,4099.7,77,
31.8.2026,21:31:1.708,17.155,9.9,4099.7,65,
31.8.2026,21:31:1.902,13.288,6.6,4099.7,54,
31.8.2026,21:31:2.110,10.858,13.1,4099.7,51,
31.8.2026,21:31:2.314,13.609,9.3,4099.7,56,
31.8.2026,21:31:2.522,13.692,11.2,4099.7,59,
31.8.2026,21:31:2.728,14.563,10.4,4099.7,50,
31.8.2026,21:31:2.919,15.246,17.6,4099.7,76,
31.8.2026,21:31:3.127,17.601,12.0,4099.7,59,
31.8.2026,21:31:3.334,16.381,10.5,4099.7,60,
31.8.2026,21:31:3.541,15.137,11.3,4099.7,51,
31.8.2026,21:31:3.747,14.404,19.3,4099.7,61,
31.8.2026,21:31:3.956,10.120,10.8,4099.7,51,
31.8.2026,21:31:4.161,16.961,9.8,4099.7,51,
31.8.2026,21:31:4.369,16.049,8.5,4099.7,50,
31.8.2026,21:31:4.557,10.255,8.8,4099.7,67,
31.8.2026,21:31:4.763,12.933,13.4,4099.7,58,
31.8.2026,21:31:4.970,15.920,11.0,4099.7,52,
31.8.2026,21:31:5.176,13.919,10.1,4099.7,60,
31.8.2026,21:31:5.380,13.721,12.9,4699.7,55,
31.8.2026,21:31:5.589,15.666,18.0,4099.7,50,
31.8.2026,21:31:5.792,16.348,11.3,4699.7,65,
31.8.2026,21:31:5.999,15.739,13.2,4099.7,59,
31.8.2026,21:31:6.206,12.176,12.4,4099.7,60,
31.8.2026,21:31:6.412,14.712,11.8,4099.7,67,
31.8.2026,21:31:6.626,14.437,8.8,4699.7,65,
31.8.2026,21:31:6.808,14.113,16.6,4099.7,66,
31.8.2026,21:31:7.015,14.408,13.3,4699.7,60,
31.8.2026,21:31:7.222,15.938,9.7,4099.7,68,
31.8.2026,21:31:7.430,16.957,13.8,4699.7,59,
31.8.2026,21:31:7.633,15.734,12.6,4099.7,67,
31.8.2026,21:31:7.824,16.414,10.5,4099.7,54,
31.8.2026,21:31:8.032,14.827,14.4,4099.7,58,
31.8.2026,21:31:8.239,15.579,12.8,4099.7,59,
31.8.2026,21:31:8.444,16.128,10.0,4699.7,50,
31.8.2026,21:31:8.650,15.656,13.2,4099.7,53,
31.8.2026,21:31:8.842,15.269,11.7,4099.7,49,
31.8.2026,21:31:9.048,12.542,11.8,4699.7,54,
31.8.2026,21:31:9.254,14.724,13.1,3499.8,52,
31.8.2026,21:31:9.459,15.377,8.1,4099.7,51,
31.8.2026,21:31:9.665,12.835,5.9,4099.7,69,
31.8.2026,21:31:9.859,10.185,13.9,4699.7,50,
31.8.2026,21:31:10.063,12.536,10.8,4699.7,51,
31.8.2026,21:31:10.270,15.852,9.7,4699.7,53,
31.8.2026,21:31:10.475,13.731,13.1,4099.7,55,
31.8.2026,21:31:10.682,14.812,9.0,4099.7,61,
31.8.2026,21:31:10.889,14.477,17.5,4099.7,53,
31.8.2026,21:31:11.094,15.487,10.7,4099.7,63,
31.8.2026,21:31:11.300,16.231,12.1,4699.7,65,
31.8.2026,21:31:11.507,13.915,12.2,4099.7,63,
31.8.2026,21:31:11.713,15.259,13.1,4099.7,51,
31.8.2026,21:31:11.920,16.034,14.5,4099.7,62,
31.8.2026,21:31:12.128,14.005,14.9,4099.7,58,
31.8.2026,21:31:12.331,15.950,10.9,4099.7,56,
31.8.2026,21:31:12.538,15.713,10.9,4099.7,66,
31.8.2026,21:31:12.745,14.360,11.4,4099.7,65,
31.8.2026,21:31:12.954,17.233,16.2,4099.7,54,
31.8.2026,21:31:13.160,16.071,10.9,4099.7,49,
31.8.2026,21:31:13.367,13.781,8.6,4099.7,55,
31.8.2026,21:31:13.557,13.599,19.1,4699.7,67,
31.8.2026,21:31:13.764,16.715,9.0,4699.7,50,
31.8.2026,21:31:13.972,15.495,9.7,4099.7,62,
31.8.2026,21:31:14.177,14.189,13.7,4699.7,63,
31.8.2026,21:31:14.383,17.343,7.6,4099.7,61,
31.8.2026,21:31:14.577,12.496,8.2,700.0,49,
31.8.2026,21:31:14.782,10.220,10.3,4699.7,63,
31.8.2026,21:31:14.988,14.392,11.5,4099.7,56,
31.8.2026,21:31:15.196,15.067,9.5,4699.7,48,
31.8.2026,21:31:15.385,15.289,9.5,4699.7,48,
31.8.2026,21:31:15.592,13.926,14.5,4099.7,58,
31.8.2026,21:31:15.799,14.117,12.0,4699.7,61,
31.8.2026,21:31:16.005,14.249,9.8,4099.7,51,
31.8.2026,21:31:16.212,14.993,11.3,4099.7,56,
31.8.2026,21:31:16.403,14.993,11.0,4099.7,66,
31.8.2026,21:31:16.608,13.640,18.9,4099.7,75,
31.8.2026,21:31:16.813,17.823,6.5,4699.7,79,
31.8.2026,21:31:17.020,12.447,13.4,4099.7,80,
31.8.2026,21:31:17.229,13.622,8.4,4699.7,82,
31.8.2026,21:31:17.436,15.557,14.4,4099.7,78,
31.8.2026,21:31:17.641,13.153,12.8,4099.7,62,
31.8.2026,21:31:17.848,16.627,10.5,4099.7,66,
31.8.2026,21:31:18.054,12.128,9.5,4099.7,80,
31.8.2026,21:31:18.260,14.949,11.4,4099.7,68,
31.8.2026,21:31:18.467,13.764,12.9,4099.7,77,
31.8.2026,21:31:18.675,13.209,11.4,4099.7,77,
31.8.2026,21:31:18.880,12.310,7.6,4099.7,66,
31.8.2026,21:31:19.087,11.436,10.2,4099.7,78,
31.8.2026,21:31:19.276,15.554,8.4,4099.7,83,
31.8.2026,21:31:19.482,13.060,18.3,2499.8,72,
31.8.2026,21:31:19.691,15.399,10.3,4099.7,72,
31.8.2026,21:31:19.896,14.395,10.9,4099.7,76,
31.8.2026,21:31:20.103,16.618,11.8,4099.7,54,
31.8.2026,21:31:20.297,15.308,14.1,4099.7,65,
31.8.2026,21:31:20.501,13.526,7.8,3899.7,52,
31.8.2026,21:31:20.708,10.432,16.3,899.9,66,
31.8.2026,21:31:20.916,17.117,8.7,4699.7,52,
31.8.2026,21:31:21.107,13.234,14.6,4099.7,55,
31.8.2026,21:31:21.312,13.685,7.1,4699.7,49,
31.8.2026,21:31:21.519,11.432,10.0,4099.7,51,
31.8.2026,21:31:21.725,13.261,11.2,4099.7,56,
31.8.2026,21:31:21.933,14.583,9.4,4699.7,51,
31.8.2026,21:31:22.140,14.567,8.4,4699.7,50,
31.8.2026,21:31:22.347,11.629,8.7,3599.8,53,
31.8.2026,21:31:22.555,11.394,12.9,4099.7,53,
31.8.2026,21:31:22.760,16.794,8.2,4099.7,65,
31.8.2026,21:31:22.966,13.511,14.2,4099.7,67,
31.8.2026,21:31:23.172,14.657,7.7,4699.7,50,
31.8.2026,21:31:23.378,14.131,13.0,4099.7,56,
31.8.2026,21:31:23.587,14.776,13.4,4099.7,55,
31.8.2026,21:31:23.790,14.454,13.0,4099.7,54,
31.8.2026,21:31:23.980,18.980,15.2,4699.7,63,
31.8.2026,21:31:24.188,14.520,15.9,4099.7,61,
31.8.2026,21:31:24.394,16.582,12.7,4099.7,55,
31.8.2026,21:31:24.602,14.313,12.2,4099.7,59,
31.8.2026,21:31:24.792,16.077,9.1,2599.8,49,
31.8.2026,21:31:24.999,10.305,8.8,4699.7,48,
31.8.2026,21:31:25.207,12.152,8.8,4699.7,48,
31.8.2026,21:31:25.411,12.152,8.8,4699.7,48,
31.8.2026,21:31:25.618,12.152,8.8,4699.7,48,
31.8.2026,21:31:25.810,12.152,8.8,4699.7,48,
31.8.2026,21:31:26.016,12.152,8.8,4699.7,48,
31.8.2026,21:31:26.222,12.152,8.8,4699.7,48,
31.8.2026,21:31:26.428,12.152,8.8,4699.7,48,
31.8.2026,21:31:26.634,12.152,8.8,4699.7,48,
31.8.2026,21:31:26.825,12.152,8.8,4699.7,48,
31.8.2026,21:31:27.033,12.152,8.8,4699.7,48,
31.8.2026,21:31:27.238,12.152,8.8,4699.7,48,
31.8.2026,21:31:27.446,12.152,8.8,4699.7,48,
31.8.2026,21:31:27.650,12.152,8.8,4699.7,48,
31.8.2026,21:31:27.841,12.152,8.8,4699.7,48,
31.8.2026,21:31:28.046,12.152,8.8,4699.7,48,
31.8.2026,21:31:28.253,12.152,8.8,4699.7,48,
31.8.2026,21:31:28.458,12.152,8.8,4699.7,48,
31.8.2026,21:31:28.665,12.152,8.8,4699.7,48,
31.8.2026,21:31:28.869,12.152,8.8,4699.7,48,
31.8.2026,21:31:29.060,12.152,8.8,4699.7,48,
31.8.2026,21:31:29.264,12.152,8.8,4699.7,48,
31.8.2026,21:31:29.470,12.152,8.8,4699.7,48,
31.8.2026,21:31:29.676,12.152,8.8,4699.7,48,
31.8.2026,21:31:29.882,12.152,8.8,4699.7,48,
31.8.2026,21:31:30.088,12.152,8.8,4699.7,48,
31.8.2026,21:31:30.278,12.152,8.8,4699.7,48,
31.8.2026,21:31:30.485,21.234,15.6,4099.7,87,
31.8.2026,21:31:30.691,21.234,15.6,4099.7,87,
31.8.2026,21:31:30.899,21.234,15.6,4099.7,87,
31.8.2026,21:31:31.102,21.234,15.6,4099.7,87,
31.8.2026,21:31:31.292,21.234,15.6,4099.7,87,
31.8.2026,21:31:31.499,21.234,15.6,4099.7,87,
31.8.2026,21:31:31.704,21.234,15.6,4099.7,87,
31.8.2026,21:31:31.911,21.234,15.6,4099.7,87,
31.8.2026,21:31:32.115,21.234,15.6,4099.7,87,
31.8.2026,21:31:32.323,21.234,15.6,4099.7,87,
31.8.2026,21:31:32.513,21.234,15.6,4099.7,87,
31.8.2026,21:31:32.718,21.234,15.6,4099.7,87,
31.8.2026,21:31:32.924,21.234,15.6,4099.7,87,
31.8.2026,21:31:33.130,21.234,15.6,4099.7,87,
31.8.2026,21:31:33.337,21.234,15.6,4099.7,87,
31.8.2026,21:31:33.527,21.234,15.6,4099.7,87,
31.8.2026,21:31:33.735,21.234,15.6,4099.7,87,
31.8.2026,21:31:33.938,21.234,15.6,4099.7,87,
31.8.2026,21:31:34.146,21.234,15.6,4099.7,87,
31.8.2026,21:31:34.351,21.234,15.6,4099.7,87,
31.8.2026,21:31:34.557,21.234,15.6,4099.7,87,
31.8.2026,21:31:34.763,21.234,15.6,4099.7,87,
31.8.2026,21:31:34.969,21.234,15.6,4099.7,87,
31.8.2026,21:31:35.174,21.234,15.6,4099.7,87,
31.8.2026,21:31:35.380,21.234,15.6,4099.7,87,
31.8.2026,21:31:35.588,23.128,16.1,4199.7,87,
31.8.2026,21:31:35.777,23.128,16.1,4199.7,87,
31.8.2026,21:31:35.982,23.128,16.1,4199.7,87,
31.8.2026,21:31:36.187,23.128,16.1,4199.7,87,
31.8.2026,21:31:36.393,23.128,16.1,4199.7,87,
31.8.2026,21:31:36.602,23.128,16.1,4199.7,87,
31.8.2026,21:31:36.805,23.128,16.1,4199.7,87,
31.8.2026,21:31:36.995,23.128,16.1,4199.7,87,
31.8.2026,21:31:37.201,23.128,16.1,4199.7,87,
31.8.2026,21:31:37.407,23.128,16.1,4199.7,87,
31.8.2026,21:31:37.614,23.128,16.1,4199.7,87,
31.8.2026,21:31:37.820,23.128,16.1,4199.7,87,
31.8.2026,21:31:38.011,23.128,16.1,4199.7,87,
31.8.2026,21:31:38.217,23.128,16.1,4199.7,87,
31.8.2026,21:31:38.424,23.128,16.1,4199.7,87,
31.8.2026,21:31:38.630,23.128,16.1,4199.7,87,
31.8.2026,21:31:38.838,23.672,16.1,4199.7,87,
31.8.2026,21:31:39.026,23.672,16.1,4199.7,87,
31.8.2026,21:31:39.232,23.672,16.1,4199.7,87,
31.8.2026,21:31:39.438,23.672,16.1,4199.7,87,
31.8.2026,21:31:39.643,23.672,16.1,4199.7,87,
31.8.2026,21:31:39.851,23.672,16.1,4199.7,87,
31.8.2026,21:31:40.055,23.672,16.1,4199.7,87,
31.8.2026,21:31:40.262,23.672,16.1,4199.7,87,
31.8.2026,21:31:40.467,23.672,16.1,4199.7,87,
31.8.2026,21:31:40.673,23.672,16.1,4199.7,87,
31.8.2026,21:31:40.881,23.672,16.1,4199.7,87,
31.8.2026,21:31:41.084,23.672,16.1,4199.7,87,
31.8.2026,21:31:41.291,23.672,16.1,4199.7,87,
31.8.2026,21:31:41.483,23.672,16.1,4199.7,87,
31.8.2026,21:31:41.687,23.672,16.1,4199.7,87,
31.8.2026,21:31:41.892,23.672,16.1,4199.7,87,
31.8.2026,21:31:42.099,23.672,16.1,4199.7,87,
31.8.2026,21:31:42.305,23.672,16.1,4199.7,87,
31.8.2026,21:31:42.495,23.672,16.1,4199.7,87,
31.8.2026,21:31:42.700,23.672,16.1,4199.7,87,
31.8.2026,21:31:42.906,23.672,16.1,4199.7,87,
31.8.2026,21:31:43.113,23.672,16.1,4199.7,87,
31.8.2026,21:31:43.320,23.672,16.1,4199.7,87,
31.8.2026,21:31:43.524,23.672,16.1,4199.7,87,
31.8.2026,21:31:43.714,23.672,16.1,4199.7,87,
31.8.2026,21:31:43.921,23.672,16.1,4199.7,87,
31.8.2026,21:31:44.126,23.672,17.1,4099.7,87,
31.8.2026,21:31:44.332,23.672,17.1,4099.7,87,
31.8.2026,21:31:44.540,23.672,17.1,4099.7,87,
31.8.2026,21:31:44.744,23.672,17.1,4099.7,87,
31.8.2026,21:31:44.934,23.672,17.1,4099.7,87,
31.8.2026,21:31:45.140,23.672,17.1,4099.7,87,
31.8.2026,21:31:45.346,23.672,17.1,4099.7,87,
31.8.2026,21:31:45.552,23.672,17.1,4099.7,87,
31.8.2026,21:31:45.757,23.672,17.1,4099.7,87,
31.8.2026,21:31:45.966,23.672,17.1,4099.7,87,
31.8.2026,21:31:46.169,23.672,17.1,4099.7,87,
31.8.2026,21:31:46.376,23.672,17.1,4099.7,87,
31.8.2026,21:31:46.581,23.672,17.1,4099.7,87,
31.8.2026,21:31:46.788,23.672,17.1,4099.7,87,
31.8.2026,21:31:46.993,23.672,17.1,4099.7,87,
31.8.2026,21:31:47.185,23.672,17.1,4099.7,87,
31.8.2026,21:31:47.391,23.672,17.1,4099.7,87,
31.8.2026,21:31:47.599,23.672,17.1,4099.7,87,
31.8.2026,21:31:47.803,23.672,17.1,4099.7,87,
31.8.2026,21:31:48.009,23.672,17.1,4099.7,87,
31.8.2026,21:31:48.200,23.672,17.1,4099.7,87,
31.8.2026,21:31:48.405,23.672,17.1,4099.7,87,
31.8.2026,21:31:48.611,23.672,17.1,4099.7,87,
31.8.2026,21:31:48.816,23.433,18.6,4199.7,88,
31.8.2026,21:31:49.022,23.433,18.6,4199.7,88,
31.8.2026,21:31:49.229,23.433,18.6,4199.7,88,
31.8.2026,21:31:49.418,23.433,18.6,4199.7,88,
31.8.2026,21:31:49.625,23.433,18.6,4199.7,88,
31.8.2026,21:31:49.832,23.433,18.6,4199.7,88,
31.8.2026,21:31:50.037,23.433,18.6,4199.7,88,
31.8.2026,21:31:50.242,23.433,18.6,4199.7,88,
31.8.2026,21:31:50.448,23.433,18.6,4199.7,88,
31.8.2026,21:31:50.652,23.433,18.6,4199.7,88,
31.8.2026,21:31:50.858,23.433,18.6,4199.7,88,
31.8.2026,21:31:51.064,23.433,18.6,4199.7,88,
31.8.2026,21:31:51.271,23.433,18.6,4199.7,88,
31.8.2026,21:31:51.475,23.433,18.6,4199.7,88,
31.8.2026,21:31:51.682,23.433,18.6,4199.7,88,
31.8.2026,21:31:51.870,23.433,18.6,4199.7,88,
31.8.2026,21:31:52.077,23.433,18.6,4199.7,88,
31.8.2026,21:31:52.284,23.433,18.6,4199.7,88,
31.8.2026,21:31:52.488,23.433,18.6,4199.7,88,
31.8.2026,21:31:52.694,23.433,18.6,4199.7,88,
31.8.2026,21:31:52.900,23.433,18.6,4199.7,88,
31.8.2026,21:31:53.108,23.433,18.6,4199.7,88,
31.8.2026,21:31:53.314,23.433,18.6,4199.7,88,
31.8.2026,21:31:53.519,22.900,16.3,4199.7,88,
31.8.2026,21:31:53.725,22.900,16.3,4199.7,88,
31.8.2026,21:31:53.933,22.900,16.3,4199.7,88,
31.8.2026,21:31:54.121,22.900,16.3,4199.7,88,
31.8.2026,21:31:54.327,22.900,16.3,4199.7,88,
31.8.2026,21:31:54.533,22.900,16.3,4199.7,88,
31.8.2026,21:31:54.738,22.900,16.3,4199.7,88,
31.8.2026,21:31:54.946,22.900,16.3,4199.7,88,
31.8.2026,21:31:55.148,22.900,16.3,4199.7,88,
31.8.2026,21:31:55.339,22.900,16.3,4199.7,88,
31.8.2026,21:31:55.546,22.900,16.3,4199.7,88,
31.8.2026,21:31:55.752,22.900,16.3,4199.7,88,
31.8.2026,21:31:55.960,22.900,16.3,4199.7,88,
31.8.2026,21:31:56.163,22.900,16.3,4199.7,88,
31.8.2026,21:31:56.372,22.900,16.3,4199.7,88,
31.8.2026,21:31:56.575,22.900,16.3,4199.7,88,
31.8.2026,21:31:56.780,22.900,16.3,4199.7,88,
31.8.2026,21:31:56.986,22.900,16.3,4199.7,88,
31.8.2026,21:31:57.192,22.900,16.3,4199.7,88,
31.8.2026,21:31:57.397,22.900,16.3,4199.7,88,
31.8.2026,21:31:57.603,22.900,16.3,4199.7,88,
31.8.2026,21:31:57.811,22.900,16.3,4199.7,88,
31.8.2026,21:31:58.015,22.900,16.3,4199.7,88,
31.8.2026,21:31:58.222,22.931,16.2,4199.7,87,
31.8.2026,21:31:58.428,22.931,16.2,4199.7,87,
31.8.2026,21:31:58.633,22.931,16.2,4199.7,87,
31.8.2026,21:31:58.824,22.931,16.2,4199.7,87,
31.8.2026,21:31:59.030,22.931,16.2,4199.7,87,
31.8.2026,21:31:59.235,22.931,16.2,4199.7,87,
31.8.2026,21:31:59.441,22.931,16.2,4199.7,87,
31.8.2026,21:31:59.647,22.931,16.2,4199.7,87,
31.8.2026,21:31:59.854,22.931,16.2,4199.7,87,
31.8.2026,21:32:0.043,22.931,16.2,4199.7,87,
31.8.2026,21:32:0.248,22.931,16.2,4199.7,87,
31.8.2026,21:32:0.453,22.931,16.2,4199.7,87,
31.8.2026,21:32:0.660,23.102,16.2,4199.7,87,
31.8.2026,21:32:0.865,23.102,16.2,4199.7,87,
31.8.2026,21:32:1.072,23.102,16.2,4199.7,87,
31.8.2026,21:32:1.275,23.102,16.2,4199.7,87,
31.8.2026,21:32:1.483,23.102,16.2,4199.7,87,
31.8.2026,21:32:1.688,23.102,16.2,4199.7,87,
31.8.2026,21:32:1.895,23.102,16.2,4199.7,87,
31.8.2026,21:32:2.100,23.102,16.2,4199.7,87,
31.8.2026,21:32:2.306,23.102,16.2,4199.7,87,
31.8.2026,21:32:2.496,23.102,16.2,4199.7,87,
31.8.2026,21:32:2.702,23.102,16.2,4199.7,87,
31.8.2026,21:32:2.911,23.102,16.2,4199.7,87,
31.8.2026,21:32:3.113,23.102,16.2,4199.7,87,
31.8.2026,21:32:3.318,23.102,16.2,4199.7,87,
31.8.2026,21:32:3.525,23.102,16.2,4199.7,87,
31.8.2026,21:32:3.716,23.102,16.2,4199.7,87,
31.8.2026,21:32:3.922,23.102,16.2,4199.7,87,
31.8.2026,21:32:4.128,23.102,16.2,4199.7,87,
31.8.2026,21:32:4.334,23.102,16.2,4199.7,87,
31.8.2026,21:32:4.541,23.102,16.2,4199.7,87,
31.8.2026,21:32:4.733,23.102,16.2,4199.7,87,
31.8.2026,21:32:4.938,23.102,16.2,4199.7,87,
31.8.2026,21:32:5.145,23.102,16.2,4199.7,87,
31.8.2026,21:32:5.354,23.102,15.1,4099.7,86,
31.8.2026,21:32:5.557,23.102,15.1,4099.7,86,
31.8.2026,21:32:5.765,23.102,15.1,4099.7,86,
31.8.2026,21:32:5.970,23.102,15.1,4099.7,86,
31.8.2026,21:32:6.178,23.102,15.1,4099.7,86,
31.8.2026,21:32:6.382,23.102,15.1,4099.7,86,
31.8.2026,21:32:6.589,23.102,15.1,4099.7,86,
31.8.2026,21:32:6.778,23.102,15.1,4099.7,86,
31.8.2026,21:32:6.985,23.102,15.1,4099.7,86,
31.8.2026,21:32:7.191,23.102,15.1,4099.7,86,
31.8.2026,21:32:7.395,23.102,15.1,4099.7,86,
31.8.2026,21:32:7.601,23.102,15.1,4099.7,86,
31.8.2026,21:32:7.807,23.102,15.1,4099.7,86,
31.8.2026,21:32:8.013,23.102,15.1,4099.7,86,
31.8.2026,21:32:8.219,23.102,15.1,4099.7,86,
31.8.2026,21:32:8.425,23.102,15.1,4099.7,86,
31.8.2026,21:32:8.631,23.102,15.1,4099.7,86,
31.8.2026,21:32:8.837,23.102,15.1,4099.7,86,
31.8.2026,21:32:9.029,23.102,15.1,4099.7,86,
31.8.2026,21:32:9.234,23.102,15.1,4099.7,86,
31.8.2026,21:32:9.441,23.102,15.1,4099.7,86,
31.8.2026,21:32:9.646,23.102,15.1,4099.7,86,
31.8.2026,21:32:9.853,23.102,15.1,4099.7,86,
31.8.2026,21:32:10.043,23.102,15.1,4099.7,86,
31.8.2026,21:32:10.249,23.102,34.5,4199.7,87,
31.8.2026,21:32:10.457,22.779,34.5,4199.7,87,
31.8.2026,21:32:10.661,22.779,34.5,4199.7,87,
31.8.2026,21:32:10.869,22.779,34.5,4199.7,87,
31.8.2026,21:32:11.058,22.779,34.5,4199.7,87,
31.8.2026,21:32:11.265,22.779,34.5,4199.7,87,
31.8.2026,21:32:11.470,22.779,34.5,4199.7,87,
31.8.2026,21:32:11.677,22.779,34.5,4199.7,87,
31.8.2026,21:32:11.885,22.779,34.5,4199.7,87,
31.8.2026,21:32:12.088,22.779,34.5,4199.7,87,
31.8.2026,21:32:12.294,22.779,34.5,4199.7,87,
31.8.2026,21:32:12.500,22.779,34.5,4199.7,87,
31.8.2026,21:32:12.719,22.779,34.5,4199.7,87,
31.8.2026,21:32:12.913,22.779,34.5,4199.7,87,
31.8.2026,21:32:13.117,22.779,34.5,4199.7,87,
31.8.2026,21:32:13.308,22.779,34.5,4199.7,87,
31.8.2026,21:32:13.513,22.779,34.5,4199.7,87,
31.8.2026,21:32:13.719,22.779,34.5,4199.7,87,
31.8.2026,21:32:13.925,22.779,34.5,4199.7,87,
31.8.2026,21:32:14.132,22.779,34.5,4199.7,87,
31.8.2026,21:32:14.336,22.779,34.5,4199.7,87,
31.8.2026,21:32:14.528,22.779,34.5,4199.7,87,
31.8.2026,21:32:14.735,22.779,34.5,4199.7,87,
31.8.2026,21:32:14.941,22.779,34.5,4199.7,87,
31.8.2026,21:32:15.148,22.779,16.2,4299.7,88,
31.8.2026,21:32:15.353,22.842,16.2,4299.7,88,
31.8.2026,21:32:15.544,22.842,16.2,4299.7,88,
31.8.2026,21:32:15.750,22.842,16.2,4299.7,88,
31.8.2026,21:32:15.956,22.842,16.2,4299.7,88,
31.8.2026,21:32:16.161,22.842,16.2,4299.7,88,
31.8.2026,21:32:16.367,22.842,16.2,4299.7,88,
31.8.2026,21:32:16.560,22.842,16.2,4299.7,88,
31.8.2026,21:32:16.764,22.842,16.2,4299.7,88,
31.8.2026,21:32:16.971,22.842,16.2,4299.7,88,
31.8.2026,21:32:17.177,22.842,16.2,4299.7,88,
31.8.2026,21:32:17.383,22.842,16.2,4299.7,88,
31.8.2026,21:32:17.577,22.842,16.2,4299.7,88,
31.8.2026,21:32:17.780,22.842,16.2,4299.7,88,
31.8.2026,21:32:17.988,22.842,16.2,4299.7,88,
31.8.2026,21:32:18.192,22.842,16.2,4299.7,88,
31.8.2026,21:32:18.400,22.842,16.2,4299.7,88,
31.8.2026,21:32:18.602,22.842,16.2,4299.7,88,
31.8.2026,21:32:18.792,22.842,16.2,4299.7,88,
31.8.2026,21:32:18.999,22.842,16.2,4299.7,88,
31.8.2026,21:32:19.208,22.842,16.2,4299.7,88,
31.8.2026,21:32:19.411,22.842,16.2,4299.7,88,
31.8.2026,21:32:19.616,22.842,16.2,4299.7,88,
31.8.2026,21:32:19.822,22.842,16.2,4299.7,88,
31.8.2026,21:32:20.011,22.842,16.2,4299.7,88,
31.8.2026,21:32:20.218,22.842,16.0,4299.7,87,
31.8.2026,21:32:20.424,22.847,16.0,4299.7,87,
31.8.2026,21:32:20.630,22.847,16.0,4299.7,87,
31.8.2026,21:32:20.836,22.847,16.0,4299.7,87,
31.8.2026,21:32:21.042,22.847,16.0,4299.7,87,
31.8.2026,21:32:21.248,22.847,16.0,4299.7,87,
31.8.2026,21:32:21.454,22.847,16.0,4299.7,87,
31.8.2026,21:32:21.659,22.847,16.0,4299.7,87,
31.8.2026,21:32:21.866,22.847,16.0,4299.7,87,
31.8.2026,21:32:22.071,22.847,16.0,4299.7,87,
31.8.2026,21:32:22.262,22.847,16.0,4299.7,87,
31.8.2026,21:32:22.469,22.847,16.0,4299.7,87,
31.8.2026,21:32:22.674,22.847,16.0,4299.7,87,
31.8.2026,21:32:22.882,22.847,16.0,4299.7,87,
31.8.2026,21:32:23.086,22.847,16.0,4299.7,87,
31.8.2026,21:32:23.295,22.847,16.0,4299.7,87,
31.8.2026,21:32:23.497,22.847,16.0,4299.7,87,
31.8.2026,21:32:23.703,22.847,16.0,4299.7,87,
31.8.2026,21:32:23.909,22.847,16.0,4299.7,87,
31.8.2026,21:32:24.114,22.847,16.0,4299.7,87,
31.8.2026,21:32:24.320,22.847,16.0,4299.7,87,
31.8.2026,21:32:24.526,22.847,16.0,4299.7,87,
31.8.2026,21:32:24.732,22.847,16.0,4299.7,87,
31.8.2026,21:32:24.939,22.847,16.2,4199.7,86,
31.8.2026,21:32:25.144,22.889,16.2,4199.7,86,
31.8.2026,21:32:25.351,22.889,16.2,4199.7,86,
31.8.2026,21:32:25.559,23.500,27.6,4099.7,73,
31.8.2026,21:32:25.747,22.617,26.8,500.0,84,
31.8.2026,21:32:25.955,23.966,12.1,4099.7,55,
31.8.2026,21:32:26.162,14.812,5.6,4099.7,55,
31.8.2026,21:32:26.369,11.330,4.7,4099.7,53,
31.8.2026,21:32:26.560,10.382,10.7,4099.7,53,
31.8.2026,21:32:26.769,11.473,5.0,4699.7,53,
31.8.2026,21:32:26.974,10.663,5.8,4099.7,53,
31.8.2026,21:32:27.182,10.736,4.3,4099.7,53,
31.8.2026,21:32:27.372,10.996,12.3,4099.7,52,
31.8.2026,21:32:27.578,9.734,3.4,4099.7,52,
31.8.2026,21:32:27.786,10.089,5.9,4099.7,53,
31.8.2026,21:32:27.993,10.038,4.2,2499.8,53,
31.8.2026,21:32:28.184,9.730,9.7,4099.7,52,
31.8.2026,21:32:28.391,10.957,8.4,4099.7,51,
31.8.2026,21:32:28.598,10.786,3.6,4099.7,51,
31.8.2026,21:32:28.805,9.128,4.3,4099.7,51,
31.8.2026,21:32:28.996,9.723,8.9,4099.7,51,
31.8.2026,21:32:29.205,10.136,6.2,4099.7,51,
31.8.2026,21:32:29.411,10.194,5.7,4699.7,51,
31.8.2026,21:32:29.617,10.506,5.9,4099.7,50,
31.8.2026,21:32:29.809,10.075,10.1,400.0,53,
31.8.2026,21:32:30.017,10.964,7.2,4099.7,51,
31.8.2026,21:32:30.223,10.634,7.4,4699.7,50,
31.8.2026,21:32:30.430,10.346,6.0,4699.7,50,
31.8.2026,21:32:30.621,10.366,9.5,4099.7,50,
31.8.2026,21:32:30.829,9.926,9.5,4099.7,50,
31.8.2026,21:32:31.038,9.926,9.5,4099.7,50,
31.8.2026,21:32:31.243,21.059,9.5,4099.7,50,
31.8.2026,21:32:31.433,21.059,9.5,4099.7,50,
31.8.2026,21:32:31.639,21.059,9.5,4099.7,50,
31.8.2026,21:32:31.846,21.059,9.5,4099.7,50,
31.8.2026,21:32:32.052,21.059,9.5,4099.7,50,
31.8.2026,21:32:32.258,21.059,9.5,4099.7,50,
31.8.2026,21:32:32.450,21.059,9.5,4099.7,50,
31.8.2026,21:32:32.654,21.059,9.5,4099.7,50,
31.8.2026,21:32:32.862,21.059,9.5,4099.7,50,
31.8.2026,21:32:33.065,21.059,9.5,4099.7,50,
31.8.2026,21:32:33.271,21.059,9.5,4099.7,50,
31.8.2026,21:32:33.478,21.059,9.5,4099.7,50,
31.8.2026,21:32:33.684,21.059,9.5,4099.7,50,
31.8.2026,21:32:33.890,21.059,9.5,4099.7,50,
31.8.2026,21:32:34.099,21.059,9.5,4099.7,50,
31.8.2026,21:32:34.302,21.059,9.5,4099.7,50,
31.8.2026,21:32:34.511,21.059,9.5,4099.7,50,
31.8.2026,21:32:34.699,21.059,9.5,4099.7,50,
31.8.2026,21:32:34.907,21.059,9.5,4099.7,50,
31.8.2026,21:32:35.112,21.059,9.5,4099.7,50,
31.8.2026,21:32:35.319,21.059,9.5,4099.7,50,
31.8.2026,21:32:35.523,21.059,9.5,4099.7,50,
31.8.2026,21:32:35.714,21.059,9.5,4099.7,50,
31.8.2026,21:32:35.920,21.059,11.2,4199.7,86,
31.8.2026,21:32:36.127,21.059,11.2,4199.7,86,
31.8.2026,21:32:36.335,21.059,11.2,4199.7,86,
31.8.2026,21:32:36.540,21.059,11.2,4199.7,86,
31.8.2026,21:32:36.731,21.059,11.2,4199.7,86,
31.8.2026,21:32:36.935,21.059,11.2,4199.7,86,
31.8.2026,21:32:37.142,21.059,11.2,4199.7,86,
31.8.2026,21:32:37.348,21.059,11.2,4199.7,86,
31.8.2026,21:32:37.556,21.059,11.2,4199.7,86,
31.8.2026,21:32:37.749,21.059,11.2,4199.7,86,
31.8.2026,21:32:37.953,21.059,11.2,4199.7,86,
31.8.2026,21:32:38.160,21.059,11.2,4199.7,86,
31.8.2026,21:32:38.364,21.059,11.2,4199.7,86,
31.8.2026,21:32:38.572,21.059,11.2,4199.7,86,
31.8.2026,21:32:38.776,21.059,11.2,4199.7,86,
31.8.2026,21:32:38.983,21.059,11.2,4199.7,86,
31.8.2026,21:32:39.188,21.059,11.2,4199.7,86,
31.8.2026,21:32:39.395,21.059,11.2,4199.7,86,
31.8.2026,21:32:39.601,21.059,11.2,4199.7,86,
31.8.2026,21:32:39.807,21.059,11.2,4199.7,86,
31.8.2026,21:32:39.997,21.059,11.2,4199.7,86,
31.8.2026,21:32:40.203,21.059,11.2,4199.7,86,
31.8.2026,21:32:40.409,21.059,11.2,4199.7,86,
31.8.2026,21:32:40.615,21.059,11.2,4199.7,86,
31.8.2026,21:32:40.821,21.059,11.2,4199.7,86,
31.8.2026,21:32:41.026,22.820,39.1,4299.7,88,
31.8.2026,21:32:41.231,22.820,39.1,4299.7,88,
31.8.2026,21:32:41.439,22.820,39.1,4299.7,88,
31.8.2026,21:32:41.643,22.820,39.1,4299.7,88,
31.8.2026,21:32:41.848,22.820,39.1,4299.7,88,
31.8.2026,21:32:42.055,22.820,39.1,4299.7,88,
31.8.2026,21:32:42.246,22.820,39.1,4299.7,88,
31.8.2026,21:32:42.451,22.820,39.1,4299.7,88,
31.8.2026,21:32:42.659,22.820,39.1,4299.7,88,
31.8.2026,21:32:42.863,22.820,39.1,4299.7,88,
31.8.2026,21:32:43.070,22.820,39.1,4299.7,88,
31.8.2026,21:32:43.275,23.007,39.1,4299.7,88,
31.8.2026,21:32:43.465,23.007,39.1,4299.7,88,
31.8.2026,21:32:43.670,23.007,39.1,4299.7,88,
31.8.2026,21:32:43.876,23.007,39.1,4299.7,88,
31.8.2026,21:32:44.082,23.007,39.1,4299.7,88,
31.8.2026,21:32:44.289,23.007,39.1,4299.7,88,
31.8.2026,21:32:44.496,23.007,39.1,4299.7,88,
31.8.2026,21:32:44.701,23.007,39.1,4299.7,88,
31.8.2026,21:32:44.906,23.007,39.1,4299.7,88,
31.8.2026,21:32:45.113,23.007,39.1,4299.7,88,
31.8.2026,21:32:45.318,23.007,39.1,4299.7,88,
31.8.2026,21:32:45.524,23.007,39.1,4299.7,88,
31.8.2026,21:32:45.716,23.007,39.1,4299.7,88,
31.8.2026,21:32:45.921,23.007,39.1,4299.7,88,
31.8.2026,21:32:46.128,23.007,39.1,4299.7,88,
31.8.2026,21:32:46.332,23.007,39.1,4299.7,88,
31.8.2026,21:32:46.539,23.007,39.1,4299.7,88,
31.8.2026,21:32:46.745,23.007,39.1,4299.7,88,
31.8.2026,21:32:46.951,23.007,39.1,4299.7,88,
31.8.2026,21:32:47.158,23.007,39.1,4299.7,88,
31.8.2026,21:32:47.365,23.007,39.1,4299.7,88,
31.8.2026,21:32:47.570,23.007,39.1,4299.7,88,
31.8.2026,21:32:47.762,23.007,39.1,4299.7,88,
31.8.2026,21:32:47.968,23.007,39.1,4299.7,88,
31.8.2026,21:32:48.185,23.007,39.1,4299.7,88,
31.8.2026,21:32:48.381,23.007,39.1,4299.7,88,
31.8.2026,21:32:48.586,23.007,39.1,4299.7,88,
31.8.2026,21:32:48.777,23.007,39.1,4299.7,88,
31.8.2026,21:32:48.983,23.007,39.1,4299.7,88,
31.8.2026,21:32:49.189,23.007,39.1,4299.7,88,
31.8.2026,21:32:49.396,23.007,39.1,4299.7,88,
31.8.2026,21:32:49.603,23.007,39.1,4299.7,88,
31.8.2026,21:32:49.793,23.007,39.1,4299.7,88,
31.8.2026,21:32:50.010,23.007,39.1,4299.7,88,
31.8.2026,21:32:50.213,23.007,39.1,4299.7,88,
31.8.2026,21:32:50.418,23.007,39.1,4299.7,88,
31.8.2026,21:32:50.625,23.007,39.1,4299.7,88,
31.8.2026,21:32:50.833,23.007,39.1,4299.7,88,
31.8.2026,21:32:51.037,23.007,39.1,4299.7,88,
31.8.2026,21:32:51.245,23.007,39.1,4299.7,88,
31.8.2026,21:32:51.433,23.007,39.1,4299.7,88,
31.8.2026,21:32:51.637,23.007,14.1,3999.7,86,
31.8.2026,21:32:51.842,23.007,14.1,3999.7,86,
31.8.2026,21:32:52.047,23.007,14.1,3999.7,86,
31.8.2026,21:32:52.267,23.007,14.1,3999.7,86,
31.8.2026,21:32:52.461,23.007,14.1,3999.7,86,
31.8.2026,21:32:52.652,23.007,14.1,3999.7,86,
31.8.2026,21:32:52.861,23.007,14.1,3999.7,86,
31.8.2026,21:32:53.064,23.007,14.1,3999.7,86,
31.8.2026,21:32:53.272,23.007,14.1,3999.7,86,
31.8.2026,21:32:53.477,23.007,14.1,3999.7,86,
31.8.2026,21:32:53.683,23.007,14.1,3999.7,86,
31.8.2026,21:32:53.888,23.007,14.1,3999.7,86,
31.8.2026,21:32:54.095,23.007,14.1,3999.7,86,
31.8.2026,21:32:54.299,23.007,14.1,3999.7,86,
31.8.2026,21:32:54.506,23.007,14.1,3999.7,86,
31.8.2026,21:32:54.712,23.007,14.1,3999.7,86,
31.8.2026,21:32:54.903,23.007,14.1,3999.7,86,
31.8.2026,21:32:55.109,23.007,14.1,3999.7,86,
31.8.2026,21:32:55.314,23.007,14.1,3999.7,86,
31.8.2026,21:32:55.521,23.007,14.1,3999.7,86,
31.8.2026,21:32:55.727,23.007,14.1,3999.7,86,
31.8.2026,21:32:55.933,23.007,14.1,3999.7,86,
31.8.2026,21:32:56.138,23.007,14.1,3999.7,86,
31.8.2026,21:32:56.345,23.007,14.1,3999.7,86,
31.8.2026,21:32:56.551,23.007,14.1,3999.7,86,
31.8.2026,21:32:56.756,23.338,54.6,4199.7,87,
31.8.2026,21:32:56.965,23.338,54.6,4199.7,87,
31.8.2026,21:32:57.170,23.338,54.6,4199.7,87,
31.8.2026,21:32:57.376,23.338,54.6,4199.7,87,
31.8.2026,21:32:57.581,23.338,54.6,4199.7,87,
31.8.2026,21:32:57.798,23.338,54.6,4199.7,87,
31.8.2026,21:32:57.993,23.338,54.6,4199.7,87,
31.8.2026,21:32:58.184,23.338,54.6,4199.7,87,
31.8.2026,21:32:58.390,23.338,54.6,4199.7,87,
31.8.2026,21:32:58.596,23.338,54.6,4199.7,87,
31.8.2026,21:32:58.804,23.338,54.6,4199.7,87,
31.8.2026,21:32:59.009,23.338,54.6,4199.7,87,
31.8.2026,21:32:59.199,23.338,54.6,4199.7,87,
31.8.2026,21:32:59.407,23.338,54.6,4199.7,87,
31.8.2026,21:32:59.611,23.338,54.6,4199.7,87,
31.8.2026,21:32:59.818,23.338,54.6,4199.7,87,
31.8.2026,21:33:0.024,23.338,54.6,4199.7,87,
31.8.2026,21:33:0.215,23.338,54.6,4199.7,87,
31.8.2026,21:33:0.423,23.338,54.6,4199.7,87,
31.8.2026,21:33:0.628,23.338,54.6,4199.7,87,
31.8.2026,21:33:0.834,23.338,54.6,4199.7,87,
31.8.2026,21:33:1.039,23.338,54.6,4199.7,87,
31.8.2026,21:33:1.230,23.338,54.6,4199.7,87,
31.8.2026,21:33:1.435,23.338,54.6,4199.7,87,
31.8.2026,21:33:1.642,23.338,16.4,4199.7,88,
31.8.2026,21:33:1.850,22.647,16.4,4199.7,88,
31.8.2026,21:33:2.054,22.647,16.4,4199.7,88,
31.8.2026,21:33:2.261,22.647,16.4,4199.7,88,
31.8.2026,21:33:2.467,22.647,16.4,4199.7,88,
31.8.2026,21:33:2.673,22.647,16.4,4199.7,88,
31.8.2026,21:33:2.878,22.647,16.4,4199.7,88,
31.8.2026,21:33:3.084,22.647,16.4,4199.7,88,
31.8.2026,21:33:3.290,22.647,16.4,4199.7,88,
31.8.2026,21:33:3.481,22.647,16.4,4199.7,88,
31.8.2026,21:33:3.686,22.647,16.4,4199.7,88,
31.8.2026,21:33:3.891,22.647,16.4,4199.7,88,
31.8.2026,21:33:4.098,22.647,16.4,4199.7,88,
31.8.2026,21:33:4.305,22.647,16.4,4199.7,88,
31.8.2026,21:33:4.498,22.647,16.4,4199.7,88,
31.8.2026,21:33:4.701,22.647,16.4,4199.7,88,
31.8.2026,21:33:4.908,22.647,16.4,4199.7,88,
31.8.2026,21:33:5.113,22.648,16.4,4199.7,88,
31.8.2026,21:33:5.321,22.648,16.4,4199.7,88,
31.8.2026,21:33:5.510,22.648,16.4,4199.7,88,
31.8.2026,21:33:5.715,22.648,16.4,4199.7,88,
31.8.2026,21:33:5.921,22.648,16.4,4199.7,88,
31.8.2026,21:33:6.128,22.648,16.4,4199.7,88,
31.8.2026,21:33:6.335,22.648,16.4,4199.7,88,
31.8.2026,21:33:6.526,22.648,16.4,4199.7,88,
31.8.2026,21:33:6.732,22.648,16.4,4199.7,88,
31.8.2026,21:33:6.938,22.648,16.4,4199.7,88,
31.8.2026,21:33:7.146,22.648,16.4,4199.7,88,
31.8.2026,21:33:7.351,22.648,16.4,4199.7,88,
31.8.2026,21:33:7.558,22.648,16.4,4199.7,88,
31.8.2026,21:33:7.746,22.648,16.4,4199.7,88,
31.8.2026,21:33:7.953,22.648,16.4,4199.7,88,
31.8.2026,21:33:8.158,22.648,16.4,4199.7,88,
31.8.2026,21:33:8.365,22.648,16.4,4199.7,88,
31.8.2026,21:33:8.571,22.648,16.4,4199.7,88,
31.8.2026,21:33:8.760,22.648,16.4,4199.7,88,
31.8.2026,21:33:8.968,22.648,16.4,4199.7,88,
31.8.2026,21:33:9.172,22.648,16.4,4199.7,88,
31.8.2026,21:33:9.377,22.648,16.4,4199.7,88,
31.8.2026,21:33:9.582,22.648,16.4,4199.7,88,
31.8.2026,21:33:9.788,22.648,16.4,4199.7,88,
31.8.2026,21:33:9.994,22.648,16.4,4199.7,88,
31.8.2026,21:33:10.183,22.648,16.4,4199.7,88,
31.8.2026,21:33:10.389,22.648,16.4,4199.7,88,
31.8.2026,21:33:10.594,22.648,16.4,4199.7,88,
31.8.2026,21:33:10.800,22.648,16.4,4199.7,88,
31.8.2026,21:33:11.005,22.648,16.4,4199.7,88,
31.8.2026,21:33:11.211,22.648,16.4,4199.7,88,
31.8.2026,21:33:11.404,22.648,13.5,3999.7,86,
31.8.2026,21:33:11.608,22.648,13.5,3999.7,86,
31.8.2026,21:33:11.816,22.648,13.5,3999.7,86,
31.8.2026,21:33:12.021,22.648,13.5,3999.7,86,
31.8.2026,21:33:12.227,22.648,13.5,3999.7,86,
31.8.2026,21:33:12.417,22.648,13.5,3999.7,86,
31.8.2026,21:33:12.625,22.648,13.5,3999.7,86,
31.8.2026,21:33:12.832,22.648,13.5,3999.7,86,
31.8.2026,21:33:13.036,22.648,13.5,3999.7,86,
31.8.2026,21:33:13.242,22.648,13.5,3999.7,86,
31.8.2026,21:33:13.447,22.648,13.5,3999.7,86,
31.8.2026,21:33:13.640,22.648,13.5,3999.7,86,
31.8.2026,21:33:13.844,22.648,13.5,3999.7,86,
31.8.2026,21:33:14.050,22.648,13.5,3999.7,86,
31.8.2026,21:33:14.259,22.648,13.5,3999.7,86,
31.8.2026,21:33:14.448,22.648,13.5,3999.7,86,
31.8.2026,21:33:14.654,22.648,13.5,3999.7,86,
31.8.2026,21:33:14.860,22.648,13.5,3999.7,86,
31.8.2026,21:33:15.065,22.648,13.5,3999.7,86,
31.8.2026,21:33:15.270,22.648,13.5,3999.7,86,
31.8.2026,21:33:15.476,22.648,13.5,3999.7,86,
31.8.2026,21:33:15.667,22.648,13.5,3999.7,86,
31.8.2026,21:33:15.873,22.648,13.5,3999.7,86,
31.8.2026,21:33:16.081,22.648,48.2,4199.7,87,
31.8.2026,21:33:16.283,22.710,48.2,4199.7,87,
31.8.2026,21:33:16.488,22.710,48.2,4199.7,87,
31.8.2026,21:33:16.694,22.710,48.2,4199.7,87,
31.8.2026,21:33:16.900,22.710,48.2,4199.7,87,
31.8.2026,21:33:17.090,22.710,48.2,4199.7,87,
31.8.2026,21:33:17.295,22.710,48.2,4199.7,87,
31.8.2026,21:33:17.500,22.710,48.2,4199.7,87,
31.8.2026,21:33:17.706,22.710,48.2,4199.7,87,
31.8.2026,21:33:17.913,22.710,48.2,4199.7,87,
31.8.2026,21:33:18.121,22.710,48.2,4199.7,87,
31.8.2026,21:33:18.326,22.710,48.2,4199.7,87,
31.8.2026,21:33:18.533,22.710,48.2,4199.7,87,
31.8.2026,21:33:18.739,22.710,48.2,4199.7,87,
31.8.2026,21:33:18.947,22.710,48.2,4199.7,87,
31.8.2026,21:33:19.136,22.710,48.2,4199.7,87,
31.8.2026,21:33:19.346,22.710,48.2,4199.7,87,
31.8.2026,21:33:19.549,22.710,48.2,4199.7,87,
31.8.2026,21:33:19.755,22.710,48.2,4199.7,87,
31.8.2026,21:33:19.961,22.710,48.2,4199.7,87,
31.8.2026,21:33:20.169,22.710,48.2,4199.7,87,
31.8.2026,21:33:20.372,22.710,48.2,4199.7,87,
31.8.2026,21:33:20.578,22.710,48.2,4199.7,87,
31.8.2026,21:33:20.783,22.710,48.2,4199.7,87,
31.8.2026,21:33:20.988,22.710,16.1,4299.7,88,
31.8.2026,21:33:21.193,22.683,16.1,4299.7,88,
31.8.2026,21:33:21.399,22.683,16.1,4299.7,88,
31.8.2026,21:33:21.603,22.683,16.1,4299.7,88,
31.8.2026,21:33:21.810,22.683,16.1,4299.7,88,
31.8.2026,21:33:22.015,22.683,16.1,4299.7,88,
31.8.2026,21:33:22.220,22.683,16.1,4299.7,88,
31.8.2026,21:33:22.429,22.683,16.1,4299.7,88,
31.8.2026,21:33:22.632,22.683,16.1,4299.7,88,
31.8.2026,21:33:22.841,22.683,16.1,4299.7,88,
31.8.2026,21:33:23.043,22.683,16.1,4299.7,88,
31.8.2026,21:33:23.249,22.683,16.1,4299.7,88,
31.8.2026,21:33:23.456,22.906,16.1,4299.7,88,
31.8.2026,21:33:23.664,22.906,16.1,4299.7,88,
31.8.2026,21:33:23.868,22.906,16.1,4299.7,88,
31.8.2026,21:33:24.059,22.906,16.1,4299.7,88,
31.8.2026,21:33:24.265,22.906,16.1,4299.7,88,
31.8.2026,21:33:24.471,22.906,16.1,4299.7,88,
31.8.2026,21:33:24.677,22.906,16.1,4299.7,88,
31.8.2026,21:33:24.883,22.906,16.1,4299.7,88,
31.8.2026,21:33:25.073,22.906,16.1,4299.7,88,
31.8.2026,21:33:25.278,22.906,16.1,4299.7,88,
31.8.2026,21:33:25.486,22.906,16.1,4299.7,88,
31.8.2026,21:33:25.693,22.906,16.1,4299.7,88,
31.8.2026,21:33:25.897,22.906,16.1,4299.7,88,
31.8.2026,21:33:26.105,22.906,16.1,4299.7,88,
31.8.2026,21:33:26.292,22.906,16.1,4299.7,88,
31.8.2026,21:33:26.499,22.906,16.1,4299.7,88,
31.8.2026,21:33:26.703,22.906,16.1,4299.7,88,
31.8.2026,21:33:26.910,22.906,16.1,4299.7,88,
31.8.2026,21:33:27.116,22.906,16.1,4299.7,88,
31.8.2026,21:33:27.323,22.906,16.1,4299.7,88,
31.8.2026,21:33:27.511,22.906,16.1,4299.7,88,
31.8.2026,21:33:27.717,22.906,16.1,4299.7,88,
31.8.2026,21:33:27.924,22.906,16.1,4299.7,88,
31.8.2026,21:33:28.129,22.906,16.1,4299.7,88,
31.8.2026,21:33:28.335,22.906,16.1,4299.7,88,
31.8.2026,21:33:28.527,22.906,16.1,4299.7,88,
31.8.2026,21:33:28.734,22.906,16.1,4299.7,88,
31.8.2026,21:33:28.938,22.906,16.1,4299.7,88,
31.8.2026,21:33:29.146,22.906,16.1,4299.7,88,
31.8.2026,21:33:29.351,22.906,16.1,4299.7,88,
31.8.2026,21:33:29.556,22.906,13.5,4099.7,86,
31.8.2026,21:33:29.749,22.906,13.5,4099.7,86,
31.8.2026,21:33:29.954,22.906,13.5,4099.7,86,
31.8.2026,21:33:30.161,22.906,13.5,4099.7,86,
31.8.2026,21:33:30.365,22.906,13.5,4099.7,86,
31.8.2026,21:33:30.573,22.906,13.5,4099.7,86,
31.8.2026,21:33:30.762,22.906,13.5,4099.7,86,
31.8.2026,21:33:30.969,22.906,13.5,4099.7,86,
31.8.2026,21:33:31.178,23.536,81.1,4099.7,72,
31.8.2026,21:33:31.382,9.128,3.0,4699.7,53,
31.8.2026,21:33:31.588,9.097,5.3,4099.7,54,
31.8.2026,21:33:31.795,9.012,11.6,4099.7,53,
31.8.2026,21:33:32.002,9.249,3.0,4699.7,51,
31.8.2026,21:33:32.206,9.062,4.1,4099.7,52,
31.8.2026,21:33:32.403,8.828,8.6,4699.7,51,
31.8.2026,21:33:32.613,10.254,4.2,4699.7,52,
31.8.2026,21:33:32.818,8.407,5.2,4699.7,52,
31.8.2026,21:33:33.026,9.094,6.0,4099.7,52,
31.8.2026,21:33:33.233,9.125,8.0,4699.7,51,
31.8.2026,21:33:33.440,8.675,5.6,4099.7,51,
31.8.2026,21:33:33.649,9.224,5.2,4099.7,51,
31.8.2026,21:33:33.854,9.012,7.4,4099.7,51,
31.8.2026,21:33:34.061,8.730,5.9,4099.7,51,
31.8.2026,21:33:34.268,9.134,4.7,4699.7,51,
31.8.2026,21:33:34.471,9.382,6.7,4099.7,51,
31.8.2026,21:33:34.678,9.153,5.1,4699.7,50,
31.8.2026,21:33:34.885,9.084,4.5,4699.7,50,
31.8.2026,21:33:35.093,8.909,9.1,4099.7,52,
31.8.2026,21:33:35.299,13.536,9.5,4699.7,58,
31.8.2026,21:33:35.506,9.131,3.9,4699.7,50,
31.8.2026,21:33:35.712,8.551,8.3,4099.7,50,
31.8.2026,21:33:35.905,8.551,8.8,4699.7,52,
31.8.2026,21:33:36.111,10.307,4.4,4699.7,51,
31.8.2026,21:33:36.319,8.575,6.4,4699.7,50,
31.8.2026,21:33:36.524,8.842,6.6,4699.7,50,
31.8.2026,21:33:36.716,9.880,6.6,4699.7,50,
31.8.2026,21:33:36.920,8.619,9.8,4099.7,49,
31.8.2026,21:33:37.127,8.466,6.0,4099.7,49,
31.8.2026,21:33:37.336,8.255,3.3,4699.7,49,
31.8.2026,21:33:37.541,8.439,3.6,4699.7,50,
31.8.2026,21:33:37.747,8.105,10.9,4099.7,49,
31.8.2026,21:33:37.953,9.919,3.9,4099.7,49,
31.8.2026,21:33:38.167,8.629,2.9,4699.7,48,
31.8.2026,21:33:38.374,7.946,10.7,500.0,49,
31.8.2026,21:33:38.583,8.555,3.1,4099.7,49,
31.8.2026,21:33:38.791,9.427,7.7,4099.7,49,
31.8.2026,21:33:38.999,7.819,5.7,4699.7,49,
31.8.2026,21:33:39.206,8.585,6.4,4099.7,49,
31.8.2026,21:33:39.414,8.479,3.1,4099.7,49,
31.8.2026,21:33:39.609,8.324,6.3,4099.7,49,
31.8.2026,21:33:39.814,9.370,7.3,4099.7,79,
31.8.2026,21:33:40.022,8.175,4.3,4099.7,75,
31.8.2026,21:33:40.214,8.134,3.7,4099.7,78,
31.8.2026,21:33:40.424,9.927,14.9,4099.7,55,
31.8.2026,21:33:40.628,9.334,5.0,4099.7,58,
31.8.2026,21:33:40.837,8.877,2.4,4699.7,80,
31.8.2026,21:33:41.042,9.115,4.8,4099.7,73,
31.8.2026,21:33:41.248,8.669,8.6,4099.7,63,
31.8.2026,21:33:41.455,8.310,2.9,4099.7,67,
31.8.2026,21:33:41.663,9.091,3.4,4699.7,60,
31.8.2026,21:33:41.870,24.326,32.6,3299.8,74,
31.8.2026,21:33:42.059,19.522,17.5,4099.7,71,
31.8.2026,21:33:42.265,19.174,21.6,4699.7,68,
31.8.2026,21:33:42.471,16.874,19.4,4099.7,60,
31.8.2026,21:33:42.679,21.069,16.4,4099.7,89,
31.8.2026,21:33:42.888,23.317,17.9,4099.7,84,
31.8.2026,21:33:43.094,20.143,22.1,4099.7,65,
31.8.2026,21:33:43.298,21.342,21.3,4099.7,60,
31.8.2026,21:33:43.506,22.999,22.0,4699.7,89,
31.8.2026,21:33:43.697,19.569,18.9,4699.7,59,
31.8.2026,21:33:43.905,20.075,23.8,4699.7,68,
31.8.2026,21:33:44.123,22.246,15.7,4099.7,88,
31.8.2026,21:33:44.315,20.689,19.4,4099.7,66,
31.8.2026,21:33:44.523,23.741,32.6,4699.7,64,
31.8.2026,21:33:44.727,11.656,6.5,4099.7,51,
31.8.2026,21:33:44.920,9.823,4.8,4099.7,50,
31.8.2026,21:33:45.126,8.887,10.3,4099.7,49,
31.8.2026,21:33:45.332,12.004,7.6,4099.7,55,
31.8.2026,21:33:45.541,23.562,34.4,4099.7,61,
31.8.2026,21:33:45.730,18.939,28.8,4099.7,51,
31.8.2026,21:33:45.940,8.831,7.6,4699.7,49,
31.8.2026,21:33:46.146,9.621,6.6,4099.7,50,
31.8.2026,21:33:46.352,9.099,4.2,4099.7,50,
31.8.2026,21:33:46.544,9.226,8.4,4099.7,50,
31.8.2026,21:33:46.752,9.437,5.5,4099.7,48,
31.8.2026,21:33:46.958,8.949,6.0,4099.7,48,
31.8.2026,21:33:47.152,8.078,1.9,4699.7,48,
31.8.2026,21:33:47.359,8.651,7.8,4099.7,48,
31.8.2026,21:33:47.569,7.867,4.7,4099.7,48,
31.8.2026,21:33:47.774,8.696,3.3,4099.7,49,
31.8.2026,21:33:47.965,8.435,8.4,4699.7,48,
31.8.2026,21:33:48.174,11.105,8.7,4099.7,48,
31.8.2026,21:33:48.380,8.347,2.0,2599.8,48,
31.8.2026,21:33:48.591,8.301,3.7,4699.7,48,
31.8.2026,21:33:48.799,9.193,7.0,4099.7,47,
31.8.2026,21:33:49.008,8.390,5.5,4099.7,48,
31.8.2026,21:33:49.214,8.453,6.9,4699.7,48,
31.8.2026,21:33:49.421,8.357,5.5,4699.7,48,
31.8.2026,21:33:49.629,8.184,2.8,4699.7,48,
31.8.2026,21:33:49.836,9.204,3.8,4699.7,47,
31.8.2026,21:33:50.030,8.288,9.7,4099.7,48,
31.8.2026,21:33:50.237,8.518,2.5,4699.7,47,
31.8.2026,21:33:50.442,8.453,6.1,2799.8,48,
31.8.2026,21:33:50.651,9.368,4.1,4099.7,51,
31.8.2026,21:33:50.843,21.600,23.2,4699.7,54,
31.8.2026,21:33:51.048,11.265,8.6,4099.7,48,
31.8.2026,21:33:51.256,8.253,1.7,4699.7,48,
31.8.2026,21:33:51.465,8.680,7.0,4699.7,47,
31.8.2026,21:33:51.672,7.989,6.4,4099.7,47,
31.8.2026,21:33:51.879,8.967,5.3,4699.7,47,
31.8.2026,21:33:52.087,8.668,3.1,3299.8,47,
31.8.2026,21:33:52.278,8.668,8.8,4099.7,48,
31.8.2026,21:33:52.486,9.037,3.4,4699.7,46,
31.8.2026,21:33:52.692,8.531,22.6,4399.7,66,
31.8.2026,21:33:52.900,21.109,16.2,4699.7,54,
31.8.2026,21:33:53.090,18.675,16.2,4699.7,54,
31.8.2026,21:33:53.297,8.678,7.2,3799.7,47,
31.8.2026,21:33:53.506,8.827,6.5,4099.7,47,
31.8.2026,21:33:53.712,8.254,3.5,4099.7,47,
31.8.2026,21:33:53.902,9.934,5.4,4099.7,54,
31.8.2026,21:33:54.109,21.938,34.5,4099.7,83,
31.8.2026,21:33:54.316,12.249,10.0,3999.7,79,
31.8.2026,21:33:54.523,9.098,5.6,4099.7,79,
31.8.2026,21:33:54.730,8.624,3.2,4699.7,74,
31.8.2026,21:33:54.935,9.132,13.6,4099.7,75,
31.8.2026,21:33:55.143,8.511,3.5,4099.7,76,
31.8.2026,21:33:55.349,8.794,2.6,4099.7,72,
31.8.2026,21:33:55.556,9.349,9.2,4099.7,80,
31.8.2026,21:33:55.750,8.050,1.5,4099.7,79,
31.8.2026,21:33:55.962,11.041,11.4,500.0,79,
31.8.2026,21:33:56.159,7.608,2.0,4099.7,79,
31.8.2026,21:33:56.365,8.994,11.6,4099.7,76,
31.8.2026,21:33:56.559,8.509,2.6,3499.8,60,
31.8.2026,21:33:56.765,8.333,7.2,3399.8,53,
31.8.2026,21:33:56.971,8.821,6.2,4099.7,48,
31.8.2026,21:33:57.178,8.722,3.9,4099.7,52,
31.8.2026,21:33:57.385,8.225,3.1,4099.7,49,
31.8.2026,21:33:57.592,8.498,5.4,4699.7,50,
31.8.2026,21:33:57.800,8.769,6.6,4099.7,48,
31.8.2026,21:33:58.006,9.331,4.8,4099.7,48,
31.8.2026,21:33:58.212,8.878,4.6,4099.7,51,
31.8.2026,21:33:58.403,8.771,3.3,4699.7,50,
31.8.2026,21:33:58.609,8.771,12.3,4099.7,46,
31.8.2026,21:33:58.816,16.149,14.5,4099.7,52,
31.8.2026,21:33:59.023,18.091,20.9,4099.7,51,
31.8.2026,21:33:59.229,9.023,3.7,4099.7,50,
31.8.2026,21:33:59.438,9.388,7.5,4699.7,48,
31.8.2026,21:33:59.643,8.941,5.3,4099.7,47,
31.8.2026,21:33:59.849,8.618,5.0,4099.7,49,
31.8.2026,21:34:0.058,17.135,13.7,3899.7,54,
31.8.2026,21:34:0.245,23.193,32.1,4099.7,60,
31.8.2026,21:34:0.453,23.048,15.1,4099.7,89,
31.8.2026,21:34:0.656,22.418,19.3,4099.7,79,
31.8.2026,21:34:0.864,19.054,17.6,3599.8,77,
31.8.2026,21:34:1.070,21.429,20.1,4099.7,61,
31.8.2026,21:34:1.277,20.000,20.1,4099.7,62,
31.8.2026,21:34:1.484,13.019,10.8,4099.7,49,
31.8.2026,21:34:1.690,9.982,7.0,4099.7,47,
31.8.2026,21:34:1.897,10.447,6.7,4099.7,48,
31.8.2026,21:34:2.105,11.494,6.6,4099.7,50,
31.8.2026,21:34:2.296,10.097,10.5,4099.7,49,
31.8.2026,21:34:2.499,10.384,6.9,4099.7,48,
31.8.2026,21:34:2.706,9.483,4.5,4099.7,47,
31.8.2026,21:34:2.914,10.003,7.6,4099.7,48,
31.8.2026,21:34:3.106,10.082,4.7,4099.7,47,
31.8.2026,21:34:3.310,10.156,11.3,4099.7,47,
31.8.2026,21:34:3.518,10.044,4.8,4099.7,47,
31.8.2026,21:34:3.723,10.369,6.9,4099.7,47,
31.8.2026,21:34:3.931,10.152,7.5,4099.7,47,
31.8.2026,21:34:4.120,10.214,4.3,4099.7,47,
31.8.2026,21:34:4.327,10.638,12.8,4099.7,47,
31.8.2026,21:34:4.533,10.432,6.0,4099.7,48,
31.8.2026,21:34:4.742,9.138,3.8,4099.7,46,
31.8.2026,21:34:4.934,10.971,12.2,4099.7,46,
31.8.2026,21:34:5.141,10.783,3.4,4099.7,46,
31.8.2026,21:34:5.347,9.094,6.8,4699.7,46,
31.8.2026,21:34:5.554,8.629,3.0,4699.7,45,
31.8.2026,21:34:5.746,8.355,6.1,4099.7,47,
31.8.2026,21:34:5.953,10.371,8.9,4099.7,50,
31.8.2026,21:34:6.159,9.187,3.6,4099.7,45,
31.8.2026,21:34:6.367,8.572,0.9,4699.7,45,
31.8.2026,21:34:6.558,8.572,8.9,4099.7,45,
31.8.2026,21:34:6.765,8.298,6.0,4099.7,45,
31.8.2026,21:34:6.970,8.988,5.6,4099.7,45,
31.8.2026,21:34:7.176,9.441,22.8,4099.7,60,
31.8.2026,21:34:7.382,20.254,35.3,4099.7,69,
31.8.2026,21:34:7.587,26.119,35.6,4099.7,65,
31.8.2026,21:34:7.776,26.475,39.6,4099.7,63,
31.8.2026,21:34:7.987,26.360,8.2,4099.7,62,
31.8.2026,21:34:8.188,14.447,8.2,4099.7,62,
31.8.2026,21:34:8.394,24.840,31.4,4099.7,81,
31.8.2026,21:34:8.602,23.624,16.0,4099.7,59,
31.8.2026,21:34:8.810,21.632,22.5,4099.7,68,
31.8.2026,21:34:9.013,17.967,19.2,4099.7,54,
31.8.2026,21:34:9.219,21.718,19.2,4099.7,56,
31.8.2026,21:34:9.427,19.747,19.2,4099.7,56,
31.8.2026,21:34:9.631,21.969,18.1,4099.7,89,
31.8.2026,21:34:9.838,22.128,31.7,4099.7,61,
31.8.2026,21:34:10.043,24.405,31.8,4099.7,58,
31.8.2026,21:34:10.250,25.124,17.9,4099.7,57,
31.8.2026,21:34:10.457,15.326,17.3,4099.7,57,
31.8.2026,21:34:10.666,19.881,18.2,4099.7,49,
31.8.2026,21:34:10.873,19.163,21.6,4099.7,54,
31.8.2026,21:34:11.076,18.620,22.8,4699.7,49,
31.8.2026,21:34:11.291,18.925,19.5,2599.8,63,
31.8.2026,21:34:11.490,17.854,32.3,1099.9,66,
31.8.2026,21:34:11.694,21.487,43.2,4099.7,75,
31.8.2026,21:34:11.899,29.938,47.1,4099.7,68,
31.8.2026,21:34:12.089,30.362,47.1,4099.7,68,
31.8.2026,21:34:12.299,18.904,27.2,4099.7,57,
31.8.2026,21:34:12.506,11.605,8.0,4099.7,48,
31.8.2026,21:34:12.713,8.629,4.2,4099.7,47,
31.8.2026,21:34:12.923,10.920,14.5,4099.7,48,
31.8.2026,21:34:13.127,11.301,5.6,4099.7,48,
31.8.2026,21:34:13.334,16.455,18.1,4099.7,52,
31.8.2026,21:34:13.543,11.147,7.3,4099.7,47,
31.8.2026,21:34:13.749,8.266,10.4,4099.7,47,
31.8.2026,21:34:13.956,9.185,8.0,4099.7,47,
31.8.2026,21:34:14.162,13.173,22.0,4099.7,49,
31.8.2026,21:34:14.369,9.459,4.2,4099.7,47,
31.8.2026,21:34:14.576,8.019,8.8,4099.7,47,
31.8.2026,21:34:14.788,9.528,5.4,4099.7,46,
31.8.2026,21:34:14.995,8.376,6.5,4099.7,46,
31.8.2026,21:34:15.200,7.946,9.7,4099.7,47,
31.8.2026,21:34:15.410,9.067,5.0,4099.7,46,
31.8.2026,21:34:15.621,8.933,8.5,4099.7,47,
31.8.2026,21:34:15.826,8.295,4.7,4699.7,58,
31.8.2026,21:34:16.035,9.470,4.7,4699.7,47,
31.8.2026,21:34:16.244,9.303,9.6,4699.7,46,
31.8.2026,21:34:16.452,8.964,4.3,4699.7,46,
31.8.2026,21:34:16.659,8.532,3.5,4099.7,45,
31.8.2026,21:34:16.869,8.071,3.9,4099.7,46,
31.8.2026,21:34:17.066,8.902,5.8,4699.7,46,
31.8.2026,21:34:17.273,8.275,7.7,4099.7,46,
31.8.2026,21:34:17.465,8.870,7.7,4099.7,46,
31.8.2026,21:34:17.673,8.134,9.3,4099.7,46,
31.8.2026,21:34:17.880,7.983,2.7,4699.7,45,
31.8.2026,21:34:18.087,8.271,4.0,4699.7,46,
31.8.2026,21:34:18.281,8.340,5.1,4099.7,46,
31.8.2026,21:34:18.486,10.148,7.9,4099.7,80,
31.8.2026,21:34:18.691,8.451,5.1,4099.7,73,
31.8.2026,21:34:18.898,8.361,4.3,4099.7,74,
31.8.2026,21:34:19.090,8.778,3.6,4699.7,72,
31.8.2026,21:34:19.296,10.012,13.6,4099.7,62,
31.8.2026,21:34:19.505,9.942,4.5,4699.7,69,
31.8.2026,21:34:19.711,8.360,2.2,4099.7,78,
31.8.2026,21:34:19.902,8.959,5.6,4099.7,68,
31.8.2026,21:34:20.109,9.363,8.8,4099.7,52,
31.8.2026,21:34:20.317,11.969,12.6,4099.7,58,
31.8.2026,21:34:20.521,20.483,23.4,4099.7,62,
31.8.2026,21:34:20.728,21.971,19.9,4099.7,67,
31.8.2026,21:34:20.920,22.321,32.4,500.0,79,
31.8.2026,21:34:21.123,23.106,14.4,4099.7,86,
31.8.2026,21:34:21.330,23.096,20.6,2499.8,85,
31.8.2026,21:34:21.537,23.299,16.0,4099.7,88,
31.8.2026,21:34:21.741,23.751,16.5,4099.7,89,
31.8.2026,21:34:21.947,23.587,18.3,4099.7,83,
31.8.2026,21:34:22.138,22.968,19.2,4699.7,86,
31.8.2026,21:34:22.344,22.053,22.2,4099.7,63,
31.8.2026,21:34:22.552,20.749,22.3,4499.7,59,
31.8.2026,21:34:22.758,10.330,7.2,4099.7,48,
31.8.2026,21:34:22.948,8.955,2.7,4099.7,48,
31.8.2026,21:34:23.159,9.780,9.9,4699.7,47,
31.8.2026,21:34:23.369,9.571,4.3,4099.7,49,
31.8.2026,21:34:23.560,8.660,8.0,4099.7,48,
31.8.2026,21:34:23.767,8.532,4.1,4699.7,46,
31.8.2026,21:34:23.976,9.165,5.5,4099.7,47,
31.8.2026,21:34:24.180,8.957,2.9,4099.7,46,
31.8.2026,21:34:24.370,9.692,8.5,4699.7,50,
31.8.2026,21:34:24.578,8.653,6.0,4099.7,46,
31.8.2026,21:34:24.785,8.575,5.0,4099.7,46,
31.8.2026,21:34:24.991,8.974,4.6,4099.7,46,
31.8.2026,21:34:25.200,8.003,2.6,4099.7,46,
31.8.2026,21:34:25.405,8.895,11.4,4099.7,46,
31.8.2026,21:34:25.610,8.853,6.4,4099.7,46,
31.8.2026,21:34:25.817,11.174,6.4,4099.7,53,
31.8.2026,21:34:26.025,9.329,3.0,4099.7,46,
31.8.2026,21:34:26.217,8.616,9.1,4099.7,45,
31.8.2026,21:34:26.423,9.181,5.1,4099.7,46,
31.8.2026,21:34:26.630,8.670,4.3,4099.7,46,
31.8.2026,21:34:26.838,8.843,3.9,4099.7,46,
31.8.2026,21:34:27.028,8.843,10.6,4099.7,46,
31.8.2026,21:34:27.236,11.193,3.9,4099.7,46,
31.8.2026,21:34:27.443,8.553,6.3,4099.7,46,
31.8.2026,21:34:27.650,9.210,3.3,4099.7,45,
31.8.2026,21:34:27.845,8.598,8.7,4099.7,46,
31.8.2026,21:34:28.052,9.026,3.6,4699.7,46,
31.8.2026,21:34:28.260,8.353,3.5,500.0,45,
31.8.2026,21:34:28.466,7.977,9.4,4099.7,46,
31.8.2026,21:34:28.673,8.836,6.0,4099.7,45,
31.8.2026,21:34:28.882,8.641,3.0,500.0,46,
31.8.2026,21:34:29.088,8.537,4.8,4699.7,45,
31.8.2026,21:34:29.279,9.216,17.9,4699.7,46,
31.8.2026,21:34:29.486,10.596,6.0,4099.7,46,
31.8.2026,21:34:29.692,9.151,2.6,4699.7,45,
31.8.2026,21:34:29.901,8.318,4.2,4699.7,45,
31.8.2026,21:34:30.091,8.561,4.2,4699.7,45,
31.8.2026,21:34:30.300,7.987,9.7,4099.7,45,
31.8.2026,21:34:30.505,10.135,8.3,4099.7,45,
31.8.2026,21:34:30.713,8.593,3.9,4099.7,45,
31.8.2026,21:34:30.919,7.917,5.7,4099.7,45,
31.8.2026,21:34:31.127,8.845,7.3,4099.7,45,
31.8.2026,21:34:31.333,8.845,7.3,4099.7,45,
31.8.2026,21:34:31.539,8.845,7.3,4099.7,45,
31.8.2026,21:34:31.729,19.394,7.3,4099.7,45,
31.8.2026,21:34:31.936,19.394,7.3,4099.7,45,
31.8.2026,21:34:32.143,19.394,7.3,4099.7,45,
31.8.2026,21:34:32.350,19.394,7.3,4099.7,45,
31.8.2026,21:34:32.556,19.394,7.3,4099.7,45,
31.8.2026,21:34:32.747,19.394,7.3,4099.7,45,
31.8.2026,21:34:32.954,19.394,7.3,4099.7,45,
31.8.2026,21:34:33.161,19.394,7.3,4099.7,45,
31.8.2026,21:34:33.368,19.394,7.3,4099.7,45,
31.8.2026,21:34:33.559,19.394,7.3,4099.7,45,
31.8.2026,21:34:33.765,19.394,7.3,4099.7,45,
31.8.2026,21:34:33.972,19.394,7.3,4099.7,45,
31.8.2026,21:34:34.179,19.394,7.3,4099.7,45,
31.8.2026,21:34:34.385,19.394,7.3,4099.7,45,
31.8.2026,21:34:34.576,19.394,7.3,4099.7,45,
31.8.2026,21:34:34.783,19.394,7.3,4099.7,45,
31.8.2026,21:34:34.990,19.394,7.3,4099.7,45,
31.8.2026,21:34:35.197,19.394,7.3,4099.7,45,
31.8.2026,21:34:35.397,19.394,7.3,4099.7,45,
31.8.2026,21:34:35.595,19.394,7.3,4099.7,45,
31.8.2026,21:34:35.799,19.394,7.3,4099.7,45,
31.8.2026,21:34:36.005,19.394,7.3,4099.7,45,
31.8.2026,21:34:36.212,19.394,7.3,4099.7,45,
31.8.2026,21:34:36.403,19.394,7.3,4099.7,45,
31.8.2026,21:34:36.609,19.394,15.9,4099.7,86,
31.8.2026,21:34:36.816,19.394,15.9,4099.7,86,
31.8.2026,21:34:37.022,19.394,15.9,4099.7,86,
31.8.2026,21:34:37.229,19.394,15.9,4099.7,86,
31.8.2026,21:34:37.435,19.394,15.9,4099.7,86,
31.8.2026,21:34:37.642,19.394,15.9,4099.7,86,
31.8.2026,21:34:37.848,19.394,15.9,4099.7,86,
31.8.2026,21:34:38.055,19.394,15.9,4099.7,86,
31.8.2026,21:34:38.246,19.394,15.9,4099.7,86,
31.8.2026,21:34:38.452,19.394,15.9,4099.7,86,
31.8.2026,21:34:38.660,19.394,15.9,4099.7,86,
31.8.2026,21:34:38.866,19.394,15.9,4099.7,86,
31.8.2026,21:34:39.073,19.394,15.9,4099.7,86,
31.8.2026,21:34:39.280,19.394,15.9,4099.7,86,
31.8.2026,21:34:39.486,19.394,15.9,4099.7,86,
31.8.2026,21:34:39.692,19.394,15.9,4099.7,86,
31.8.2026,21:34:39.898,19.394,15.9,4099.7,86,
31.8.2026,21:34:40.089,19.394,15.9,4099.7,86,
31.8.2026,21:34:40.295,19.394,15.9,4099.7,86,
31.8.2026,21:34:40.503,19.394,15.9,4099.7,86,
31.8.2026,21:34:40.708,19.394,15.9,4099.7,86,
31.8.2026,21:34:40.915,19.394,15.9,4099.7,86,
31.8.2026,21:34:41.105,19.394,15.9,4099.7,86,
31.8.2026,21:34:41.312,23.382,16.1,4299.7,86,
31.8.2026,21:34:41.519,23.382,16.1,4299.7,86,
31.8.2026,21:34:41.725,23.382,16.1,4299.7,86,
31.8.2026,21:34:41.932,23.382,16.1,4299.7,86,
31.8.2026,21:34:42.139,23.382,16.1,4299.7,86,
31.8.2026,21:34:42.346,23.382,16.1,4299.7,86,
31.8.2026,21:34:42.553,23.382,16.1,4299.7,86,
31.8.2026,21:34:42.760,23.382,16.1,4299.7,86,
31.8.2026,21:34:42.966,23.382,16.1,4299.7,86,
31.8.2026,21:34:43.173,23.382,16.1,4299.7,86,
31.8.2026,21:34:43.379,23.382,16.1,4299.7,86,
31.8.2026,21:34:43.586,23.382,16.1,4299.7,86,
31.8.2026,21:34:43.777,23.382,16.1,4299.7,86,
31.8.2026,21:34:43.983,23.382,16.1,4299.7,86,
31.8.2026,21:34:44.190,23.382,16.1,4299.7,86,
31.8.2026,21:34:44.397,23.382,16.1,4299.7,86,
31.8.2026,21:34:44.603,23.382,16.1,4299.7,86,
31.8.2026,21:34:44.794,23.382,16.1,4299.7,86,
31.8.2026,21:34:45.001,23.382,16.1,4299.7,86,
31.8.2026,21:34:45.207,23.382,16.1,4299.7,86,
31.8.2026,21:34:45.414,23.382,16.1,4299.7,86,
31.8.2026,21:34:45.620,23.382,16.1,4299.7,86,
31.8.2026,21:34:45.826,23.382,16.1,4299.7,86,
31.8.2026,21:34:46.032,23.382,16.1,4299.7,86,
31.8.2026,21:34:46.239,23.382,16.1,4199.7,86,
31.8.2026,21:34:46.445,23.091,16.1,4199.7,86,
31.8.2026,21:34:46.635,23.091,16.1,4199.7,86,
31.8.2026,21:34:46.842,23.091,16.1,4199.7,86,
31.8.2026,21:34:47.049,23.091,16.1,4199.7,86,
31.8.2026,21:34:47.256,23.091,16.1,4199.7,86,
31.8.2026,21:34:47.462,23.091,16.1,4199.7,86,
31.8.2026,21:34:47.653,23.091,16.1,4199.7,86,
31.8.2026,21:34:47.859,23.091,16.1,4199.7,86,
31.8.2026,21:34:48.066,23.091,16.1,4199.7,86,
31.8.2026,21:34:48.273,23.091,16.1,4199.7,86,
31.8.2026,21:34:48.480,23.091,16.1,4199.7,86,
31.8.2026,21:34:48.670,23.091,16.1,4199.7,86,
31.8.2026,21:34:48.877,23.091,16.1,4199.7,86,
31.8.2026,21:34:49.083,23.091,16.1,4199.7,86,
31.8.2026,21:34:49.290,23.091,16.1,4199.7,86,
31.8.2026,21:34:49.480,23.091,16.1,4199.7,86,
31.8.2026,21:34:49.687,23.091,16.1,4199.7,86,
31.8.2026,21:34:49.894,23.091,16.1,4199.7,86,
31.8.2026,21:34:50.100,23.091,16.1,4199.7,86,
31.8.2026,21:34:50.307,23.091,16.1,4199.7,86,
31.8.2026,21:34:50.498,23.091,16.1,4199.7,86,
31.8.2026,21:34:50.705,23.091,16.1,4199.7,86,
31.8.2026,21:34:50.912,23.091,16.1,4199.7,86,
31.8.2026,21:34:51.118,23.007,15.8,4299.7,86,
31.8.2026,21:34:51.309,23.007,15.8,4299.7,86,
31.8.2026,21:34:51.515,23.007,15.8,4299.7,86,
31.8.2026,21:34:51.722,23.007,15.8,4299.7,86,
31.8.2026,21:34:51.926,23.007,15.8,4299.7,86,
31.8.2026,21:34:52.136,23.007,15.8,4299.7,86,
31.8.2026,21:34:52.326,23.007,15.8,4299.7,86,
31.8.2026,21:34:52.533,23.007,15.8,4299.7,86,
31.8.2026,21:34:52.740,23.007,15.8,4299.7,86,
31.8.2026,21:34:52.947,23.007,15.8,4299.7,86,
31.8.2026,21:34:53.153,23.007,15.8,4299.7,86,
31.8.2026,21:34:53.361,23.007,15.8,4299.7,86,
31.8.2026,21:34:53.567,23.007,15.8,4299.7,86,
31.8.2026,21:34:53.774,23.007,15.8,4299.7,86,
31.8.2026,21:34:53.978,23.007,15.8,4299.7,86,
31.8.2026,21:34:54.168,23.007,15.8,4299.7,86,
31.8.2026,21:34:54.374,23.007,15.8,4299.7,86,
31.8.2026,21:34:54.581,23.007,15.8,4299.7,86,
31.8.2026,21:34:54.791,23.007,15.8,4299.7,86,
31.8.2026,21:34:54.995,23.007,15.8,4299.7,86,
31.8.2026,21:34:55.201,23.007,15.8,4299.7,86,
31.8.2026,21:34:55.408,23.007,15.8,4299.7,86,
31.8.2026,21:34:55.614,23.007,15.8,4299.7,86,
31.8.2026,21:34:55.821,23.007,15.8,4299.7,86,
31.8.2026,21:34:56.011,23.007,15.8,4299.7,86,
31.8.2026,21:34:56.218,23.007,15.8,4299.7,86,
31.8.2026,21:34:56.425,23.007,15.8,4299.7,86,
31.8.2026,21:34:56.631,23.007,15.8,4299.7,86,
31.8.2026,21:34:56.838,23.007,15.8,4299.7,86,
31.8.2026,21:34:57.044,23.007,15.8,4299.7,86,
31.8.2026,21:34:57.250,23.007,15.8,4299.7,86,
31.8.2026,21:34:57.457,23.007,15.8,4299.7,86,
31.8.2026,21:34:57.663,23.007,15.8,4299.7,86,
31.8.2026,21:34:57.869,23.007,15.8,4299.7,86,
31.8.2026,21:34:58.079,23.007,15.8,4299.7,86,
31.8.2026,21:34:58.285,23.007,15.8,4299.7,86,
31.8.2026,21:34:58.491,23.007,15.8,4299.7,86,
31.8.2026,21:34:58.697,23.007,15.8,4299.7,86,
31.8.2026,21:34:58.887,23.007,15.8,4299.7,86,
31.8.2026,21:34:59.093,23.007,15.8,4299.7,86,
31.8.2026,21:34:59.300,23.007,15.8,4299.7,86,
31.8.2026,21:34:59.506,23.007,15.8,4299.7,86,
31.8.2026,21:34:59.712,23.007,15.8,4299.7,86,
31.8.2026,21:34:59.902,23.007,15.8,4299.7,86,
31.8.2026,21:35:0.108,23.007,15.8,4299.7,86,
31.8.2026,21:35:0.314,23.007,15.8,4299.7,86,
31.8.2026,21:35:0.521,23.007,15.8,4299.7,86,
31.8.2026,21:35:0.727,23.007,15.8,4299.7,86,
31.8.2026,21:35:0.917,23.007,15.8,4299.7,86,
31.8.2026,21:35:1.123,23.007,15.8,4299.7,86,
31.8.2026,21:35:1.329,23.007,15.8,4299.7,86,
31.8.2026,21:35:1.536,23.007,15.8,4299.7,86,
31.8.2026,21:35:1.743,23.007,16.1,4099.7,83,
31.8.2026,21:35:1.949,22.944,16.1,4099.7,83,
31.8.2026,21:35:2.155,22.944,16.1,4099.7,83,
31.8.2026,21:35:2.362,22.944,16.1,4099.7,83,
31.8.2026,21:35:2.568,22.944,16.1,4099.7,83,
31.8.2026,21:35:2.775,22.944,16.1,4099.7,83,
31.8.2026,21:35:2.965,22.944,16.1,4099.7,83,
31.8.2026,21:35:3.171,22.944,16.1,4099.7,83,
31.8.2026,21:35:3.377,22.944,16.1,4099.7,83,
31.8.2026,21:35:3.582,22.944,16.1,4099.7,83,
31.8.2026,21:35:3.788,22.944,16.1,4099.7,83,
31.8.2026,21:35:3.996,22.944,16.1,4099.7,83,
31.8.2026,21:35:4.202,22.944,16.1,4099.7,83,
31.8.2026,21:35:4.408,22.944,16.1,4099.7,83,
31.8.2026,21:35:4.614,22.944,16.1,4099.7,83,
31.8.2026,21:35:4.820,22.944,16.1,4099.7,83,
31.8.2026,21:35:5.026,22.944,16.1,4099.7,83,
31.8.2026,21:35:5.217,22.944,16.1,4099.7,83,
31.8.2026,21:35:5.423,22.944,16.1,4099.7,83,
31.8.2026,21:35:5.629,22.944,16.1,4099.7,83,
31.8.2026,21:35:5.836,22.944,16.1,4099.7,83,
31.8.2026,21:35:6.027,22.944,16.1,4099.7,83,
31.8.2026,21:35:6.233,22.944,16.1,4099.7,83,
31.8.2026,21:35:6.439,22.923,16.1,4099.7,83,
31.8.2026,21:35:6.646,22.923,16.1,4099.7,83,
31.8.2026,21:35:6.852,22.923,16.1,4099.7,83,
31.8.2026,21:35:7.059,22.923,16.1,4099.7,83,
31.8.2026,21:35:7.249,22.923,16.1,4099.7,83,
31.8.2026,21:35:7.455,22.923,16.1,4099.7,83,
31.8.2026,21:35:7.661,22.923,16.1,4099.7,83,
31.8.2026,21:35:7.867,22.923,16.1,4099.7,83,
31.8.2026,21:35:8.057,22.923,16.1,4099.7,83,
31.8.2026,21:35:8.263,22.923,16.1,4099.7,83,
31.8.2026,21:35:8.469,22.923,16.1,4099.7,83,
31.8.2026,21:35:8.676,22.923,16.1,4099.7,83,
31.8.2026,21:35:8.882,22.923,16.1,4099.7,83,
31.8.2026,21:35:9.089,22.923,16.1,4099.7,83,
31.8.2026,21:35:9.295,22.923,16.1,4099.7,83,
31.8.2026,21:35:9.501,22.923,16.1,4099.7,83,
31.8.2026,21:35:9.708,22.923,16.1,4099.7,83,
31.8.2026,21:35:9.914,22.923,16.1,4099.7,83,
31.8.2026,21:35:10.104,22.923,16.1,4099.7,83,
31.8.2026,21:35:10.311,22.923,16.1,4099.7,83,
31.8.2026,21:35:10.517,22.923,16.1,4099.7,83,
31.8.2026,21:35:10.723,22.923,16.1,4099.7,83,
31.8.2026,21:35:10.930,22.923,16.1,4099.7,83,
31.8.2026,21:35:11.120,22.923,16.1,4099.7,83,
31.8.2026,21:35:11.326,22.923,15.2,4099.7,86,
31.8.2026,21:35:11.533,22.923,15.2,4099.7,86,
31.8.2026,21:35:11.738,22.923,15.2,4099.7,86,
31.8.2026,21:35:11.944,22.923,15.2,4099.7,86,
31.8.2026,21:35:12.150,22.923,15.2,4099.7,86,
31.8.2026,21:35:12.357,22.923,15.2,4099.7,86,
31.8.2026,21:35:12.564,22.923,15.2,4099.7,86,
31.8.2026,21:35:12.771,22.923,15.2,4099.7,86,
31.8.2026,21:35:12.977,22.923,15.2,4099.7,86,
31.8.2026,21:35:13.168,22.923,15.2,4099.7,86,
31.8.2026,21:35:13.375,22.923,15.2,4099.7,86,
31.8.2026,21:35:13.582,22.923,15.2,4099.7,86,
31.8.2026,21:35:13.788,22.923,15.2,4099.7,86,
31.8.2026,21:35:13.994,22.923,15.2,4099.7,86,
31.8.2026,21:35:14.203,22.923,15.2,4099.7,86,
31.8.2026,21:35:14.407,22.923,15.2,4099.7,86,
31.8.2026,21:35:14.614,22.923,15.2,4099.7,86,
31.8.2026,21:35:14.823,22.923,15.2,4099.7,86,
31.8.2026,21:35:15.013,22.923,15.2,4099.7,86,
31.8.2026,21:35:15.219,22.923,15.2,4099.7,86,
31.8.2026,21:35:15.425,22.923,15.2,4099.7,86,
31.8.2026,21:35:15.631,22.923,15.2,4099.7,86,
31.8.2026,21:35:15.838,22.918,15.2,4099.7,86,
31.8.2026,21:35:16.045,22.918,15.2,4099.7,86,
31.8.2026,21:35:16.251,22.918,15.2,4099.7,86,
31.8.2026,21:35:16.459,22.918,15.2,4099.7,86,
31.8.2026,21:35:16.663,22.918,15.2,4099.7,86,
31.8.2026,21:35:16.869,22.918,15.2,4099.7,86,
31.8.2026,21:35:17.061,22.918,15.2,4099.7,86,
31.8.2026,21:35:17.267,22.918,15.2,4099.7,86,
31.8.2026,21:35:17.473,22.918,15.2,4099.7,86,
31.8.2026,21:35:17.679,22.918,15.2,4099.7,86,
31.8.2026,21:35:17.883,22.918,15.2,4099.7,86,
31.8.2026,21:35:18.088,22.918,15.2,4099.7,86,
31.8.2026,21:35:18.294,22.918,15.2,4099.7,86,
31.8.2026,21:35:18.500,22.918,15.2,4099.7,86,
31.8.2026,21:35:18.707,22.918,15.2,4099.7,86,
31.8.2026,21:35:18.916,22.918,15.2,4099.7,86,
31.8.2026,21:35:19.106,22.918,15.2,4099.7,86,
31.8.2026,21:35:19.313,22.918,15.2,4099.7,86,
31.8.2026,21:35:19.519,22.918,15.2,4099.7,86,
31.8.2026,21:35:19.725,22.918,15.2,4099.7,86,
31.8.2026,21:35:19.931,22.918,15.2,4099.7,86,
31.8.2026,21:35:20.121,22.918,15.2,4099.7,86,
31.8.2026,21:35:20.327,22.918,15.2,4099.7,86,
31.8.2026,21:35:20.534,22.918,15.2,4099.7,86,
31.8.2026,21:35:20.740,22.918,15.4,4099.7,85,
31.8.2026,21:35:20.946,22.918,15.4,4099.7,85,
31.8.2026,21:35:21.136,22.918,15.4,4099.7,85,
31.8.2026,21:35:21.342,22.918,15.4,4099.7,85,
31.8.2026,21:35:21.549,22.918,15.4,4099.7,85,
31.8.2026,21:35:21.756,22.918,15.4,4099.7,85,
31.8.2026,21:35:21.963,22.918,15.4,4099.7,85,
31.8.2026,21:35:22.153,22.918,15.4,4099.7,85,
31.8.2026,21:35:22.360,22.918,15.4,4099.7,85,
31.8.2026,21:35:22.568,22.918,15.4,4099.7,85,
31.8.2026,21:35:22.774,22.918,15.4,4099.7,85,
31.8.2026,21:35:22.964,22.918,15.4,4099.7,85,
31.8.2026,21:35:23.171,22.918,15.4,4099.7,85,
31.8.2026,21:35:23.378,22.918,15.4,4099.7,85,
31.8.2026,21:35:23.585,22.918,15.4,4099.7,85,
31.8.2026,21:35:23.791,22.918,15.4,4099.7,85,
31.8.2026,21:35:23.999,22.918,15.4,4099.7,85,
31.8.2026,21:35:24.205,22.918,15.4,4099.7,85,
31.8.2026,21:35:24.411,22.918,15.4,4099.7,85,
31.8.2026,21:35:24.618,22.918,15.4,4099.7,85,
31.8.2026,21:35:24.808,22.918,15.4,4099.7,85,
31.8.2026,21:35:25.015,22.918,15.4,4099.7,85,
31.8.2026,21:35:25.221,22.918,15.4,4099.7,85,
31.8.2026,21:35:25.428,22.918,15.4,4099.7,85,
31.8.2026,21:35:25.634,22.918,15.4,4099.7,85,
31.8.2026,21:35:25.825,22.918,15.4,4099.7,85,
31.8.2026,21:35:26.031,22.918,15.4,4099.7,85,
31.8.2026,21:35:26.238,22.918,15.4,4099.7,85,
31.8.2026,21:35:26.445,22.918,15.4,4099.7,85,
31.8.2026,21:35:26.650,22.921,32.7,4099.7,86,
31.8.2026,21:35:26.840,22.921,32.7,4099.7,86,
31.8.2026,21:35:27.047,22.921,32.7,4099.7,86,
31.8.2026,21:35:27.253,22.921,32.7,4099.7,86,
31.8.2026,21:35:27.460,22.921,32.7,4099.7,86,
31.8.2026,21:35:27.666,22.921,32.7,4099.7,86,
31.8.2026,21:35:27.857,22.921,32.7,4099.7,86,
31.8.2026,21:35:28.064,22.921,32.7,4099.7,86,
31.8.2026,21:35:28.270,22.921,32.7,4099.7,86,
31.8.2026,21:35:28.478,22.921,32.7,4099.7,86,
31.8.2026,21:35:28.682,22.921,32.7,4099.7,86,
31.8.2026,21:35:28.888,22.921,32.7,4099.7,86,
31.8.2026,21:35:29.095,22.921,32.7,4099.7,86,
31.8.2026,21:35:29.302,22.921,32.7,4099.7,86,
31.8.2026,21:35:29.509,22.921,32.7,4099.7,86,
31.8.2026,21:35:29.699,22.921,32.7,4099.7,86,
31.8.2026,21:35:29.906,22.921,32.7,4099.7,86,
31.8.2026,21:35:30.112,22.921,32.7,4099.7,86,
31.8.2026,21:35:30.319,22.921,32.7,4099.7,86,
31.8.2026,21:35:30.526,22.921,32.7,4099.7,86,
31.8.2026,21:35:30.732,22.921,32.7,4099.7,86,
31.8.2026,21:35:30.939,22.921,32.7,4099.7,86,
31.8.2026,21:35:31.145,22.921,32.7,4099.7,86,
31.8.2026,21:35:31.351,22.480,15.5,4299.7,86,
31.8.2026,21:35:31.548,22.480,15.5,4299.7,86,
31.8.2026,21:35:31.751,22.777,29.8,4099.7,70,
31.8.2026,21:35:31.955,27.915,5.4,4099.7,80,
31.8.2026,21:35:32.166,7.076,7.0,4099.7,74,
31.8.2026,21:35:32.356,11.262,2.6,4099.7,74,
31.8.2026,21:35:32.563,9.480,9.1,4099.7,58,
31.8.2026,21:35:32.770,9.533,4.9,4099.7,58,
31.8.2026,21:35:32.976,10.364,3.3,4099.7,58,
31.8.2026,21:35:33.167,9.561,10.0,4099.7,72,
31.8.2026,21:35:33.373,10.081,9.2,4699.7,51,
31.8.2026,21:35:33.579,10.648,4.8,4099.7,52,
31.8.2026,21:35:33.789,10.945,7.3,4099.7,53,
31.8.2026,21:35:33.996,10.516,4.6,4099.7,52,
31.8.2026,21:35:34.185,10.454,12.6,4099.7,51,
31.8.2026,21:35:34.392,11.621,4.1,4099.7,50,
31.8.2026,21:35:34.598,10.576,4.0,4099.7,51,
31.8.2026,21:35:34.805,9.888,5.3,4099.7,51,
31.8.2026,21:35:34.996,10.445,8.1,4699.7,52,
31.8.2026,21:35:35.201,9.517,6.9,4099.7,52,
31.8.2026,21:35:35.408,10.484,4.4,4699.7,50,
31.8.2026,21:35:35.616,9.876,4.2,4099.7,50,
31.8.2026,21:35:35.821,10.358,5.0,4099.7,50,
31.8.2026,21:35:36.011,10.032,10.4,500.0,57,
31.8.2026,21:35:36.217,10.478,5.4,4099.7,50,
31.8.2026,21:35:36.424,9.849,5.8,4099.7,50,
31.8.2026,21:35:36.634,10.101,7.7,4099.7,50,
31.8.2026,21:35:36.839,10.245,4.7,4099.7,50,
31.8.2026,21:35:37.046,10.178,8.4,4699.7,50,
31.8.2026,21:35:37.253,10.164,4.7,4099.7,49,
31.8.2026,21:35:37.462,9.944,5.6,4699.7,49,
31.8.2026,21:35:37.653,9.380,11.0,4099.7,50,
31.8.2026,21:35:37.860,9.925,8.1,4099.7,49,
31.8.2026,21:35:38.068,9.658,2.9,4099.7,49,
31.8.2026,21:35:38.272,9.218,4.5,4099.7,49,
31.8.2026,21:35:38.464,9.975,9.4,4099.7,50,
31.8.2026,21:35:38.674,9.901,8.2,4099.7,49,
31.8.2026,21:35:38.878,10.359,4.5,4099.7,49,
31.8.2026,21:35:39.086,9.880,5.9,1699.9,49,
31.8.2026,21:35:39.280,10.079,10.1,4099.7,49,
31.8.2026,21:35:39.485,10.099,4.6,4699.7,49,
31.8.2026,21:35:39.693,9.353,4.8,4699.7,49,
31.8.2026,21:35:39.902,9.296,5.0,4099.7,48,
31.8.2026,21:35:40.090,10.046,10.3,3699.8,49,
31.8.2026,21:35:40.296,10.233,5.2,4099.7,47,
31.8.2026,21:35:40.504,9.890,7.3,4099.7,49,
31.8.2026,21:35:40.712,9.372,5.6,4099.7,47,
31.8.2026,21:35:40.901,9.642,11.7,4099.7,47,
31.8.2026,21:35:41.108,9.751,5.4,4099.7,49,
31.8.2026,21:35:41.313,9.294,4.3,4699.7,49,
31.8.2026,21:35:41.521,9.426,4.1,4099.7,48,
31.8.2026,21:35:41.728,9.547,7.9,4699.7,49,
31.8.2026,21:35:41.919,10.005,7.9,4699.7,48,
31.8.2026,21:35:42.127,9.650,11.8,4099.7,49,
31.8.2026,21:35:42.335,8.988,3.0,4699.7,48,
31.8.2026,21:35:42.543,8.352,3.0,4099.7,48,
31.8.2026,21:35:42.750,8.049,8.9,4099.7,47,
31.8.2026,21:35:42.960,9.730,5.6,4099.7,76,
31.8.2026,21:35:43.164,7.585,3.8,4099.7,48,
31.8.2026,21:35:43.355,8.366,4.0,4099.7,47,
31.8.2026,21:35:43.565,9.250,9.6,4099.7,82,
31.8.2026,21:35:43.771,8.182,3.7,4099.7,82,
31.8.2026,21:35:43.966,8.182,3.1,4099.7,80,
31.8.2026,21:35:44.179,9.219,9.5,500.0,65,
31.8.2026,21:35:44.370,9.219,1.8,4099.7,82,
31.8.2026,21:35:44.579,7.661,7.7,4099.7,72,
31.8.2026,21:35:44.785,9.639,5.9,4099.7,68,
31.8.2026,21:35:44.981,8.328,2.8,4699.7,80,
31.8.2026,21:35:45.186,7.442,10.9,4099.7,71,
31.8.2026,21:35:45.413,9.390,4.9,2399.8,72,
31.8.2026,21:35:45.606,8.511,5.1,4099.7,77,
31.8.2026,21:35:45.813,10.003,11.2,4099.7,73,
31.8.2026,21:35:46.024,9.257,6.3,4099.7,73,
31.8.2026,21:35:46.214,7.543,2.5,3999.7,64,
31.8.2026,21:35:46.425,9.837,7.1,4699.7,55,
31.8.2026,21:35:46.630,8.624,4.9,4099.7,55,
31.8.2026,21:35:46.838,8.630,4.8,4699.7,53,
31.8.2026,21:35:47.048,8.648,9.4,4099.7,54,
31.8.2026,21:35:47.257,8.718,1.4,4099.7,53,
31.8.2026,21:35:47.450,8.380,2.1,4699.7,53,
31.8.2026,21:35:47.656,8.254,8.2,4699.7,47,
31.8.2026,21:35:47.862,8.136,5.1,4699.7,46,
31.8.2026,21:35:48.071,8.287,6.9,4099.7,49,
31.8.2026,21:35:48.261,8.560,3.1,4099.7,47,
31.8.2026,21:35:48.467,8.626,6.8,4099.7,48,
31.8.2026,21:35:48.677,8.676,3.2,4099.7,46,
31.8.2026,21:35:48.884,8.278,3.9,4699.7,46,
31.8.2026,21:35:49.077,8.432,8.0,4699.7,47,
31.8.2026,21:35:49.282,8.161,5.6,4699.7,46,
31.8.2026,21:35:49.488,8.421,4.6,4099.7,47,
31.8.2026,21:35:49.695,8.574,3.1,4699.7,46,
31.8.2026,21:35:49.887,8.025,8.3,4699.7,46,
31.8.2026,21:35:50.094,8.413,4.2,4699.7,46,
31.8.2026,21:35:50.304,8.161,4.2,4699.7,46,
31.8.2026,21:35:50.510,8.679,4.8,4099.7,46,
31.8.2026,21:35:50.721,8.586,6.5,4099.7,46,
31.8.2026,21:35:50.928,8.123,6.2,4699.7,45,
31.8.2026,21:35:51.134,8.205,3.5,4099.7,46,
31.8.2026,21:35:51.329,8.314,6.6,4699.7,45,
31.8.2026,21:35:51.532,8.208,5.0,4099.7,45,
31.8.2026,21:35:51.739,8.770,3.9,4099.7,45,
31.8.2026,21:35:51.946,8.195,6.4,4099.7,47,
31.8.2026,21:35:52.142,8.220,8.0,4699.7,47,
31.8.2026,21:35:52.348,8.923,6.2,4699.7,45,
31.8.2026,21:35:52.554,8.639,3.7,4099.7,45,
31.8.2026,21:35:52.745,8.397,4.7,4699.7,45,
31.8.2026,21:35:52.952,7.720,7.2,4099.7,44,
31.8.2026,21:35:53.159,8.711,5.3,4099.7,44,
31.8.2026,21:35:53.366,7.921,8.5,4099.7,47,
31.8.2026,21:35:53.578,12.006,2.6,4099.7,45,
31.8.2026,21:35:53.784,8.174,7.4,4099.7,45,
31.8.2026,21:35:53.990,8.381,4.0,4699.7,44,
31.8.2026,21:35:54.199,8.499,5.3,4699.7,45,
31.8.2026,21:35:54.389,8.966,7.9,4699.7,45,
31.8.2026,21:35:54.595,8.372,3.6,4099.7,45,
31.8.2026,21:35:54.803,8.482,5.1,4699.7,44,
31.8.2026,21:35:55.010,7.934,2.8,4699.7,45,
31.8.2026,21:35:55.200,8.375,7.8,4699.7,45,
31.8.2026,21:35:55.410,8.429,6.2,4699.7,45,
31.8.2026,21:35:55.616,8.451,5.3,4099.7,45,
31.8.2026,21:35:55.822,8.192,3.9,4699.7,44,
31.8.2026,21:35:56.031,8.385,6.5,4699.7,44,
31.8.2026,21:35:56.237,8.089,5.9,4699.7,44,
31.8.2026,21:35:56.449,8.993,4.2,4099.7,44,
31.8.2026,21:35:56.638,7.913,4.2,4099.7,44,
31.8.2026,21:35:56.844,8.466,8.7,4699.7,45,
31.8.2026,21:35:57.054,7.981,2.7,4099.7,44,
31.8.2026,21:35:57.259,7.949,4.8,4099.7,44,
31.8.2026,21:35:57.451,8.060,3.3,4099.7,45,
31.8.2026,21:35:57.656,11.192,10.0,4699.7,78,
31.8.2026,21:35:57.861,8.324,7.5,4699.7,77,
31.8.2026,21:35:58.070,8.309,4.6,4699.7,77,
31.8.2026,21:35:58.277,8.277,3.0,4099.7,73,
31.8.2026,21:35:58.484,8.725,11.6,4099.7,71,
31.8.2026,21:35:58.693,8.017,3.3,4099.7,72,
31.8.2026,21:35:58.901,7.635,2.3,4699.7,44,
31.8.2026,21:35:59.091,7.635,4.8,4699.7,45,
31.8.2026,21:35:59.298,8.273,12.6,4699.7,75,
31.8.2026,21:35:59.506,9.624,4.6,4099.7,73,
31.8.2026,21:35:59.718,8.274,4.2,4699.7,74,
31.8.2026,21:35:59.922,8.310,3.3,4699.7,72,
31.8.2026,21:36:0.130,8.304,6.7,4699.7,72,
31.8.2026,21:36:0.338,8.436,6.1,4699.7,77,
31.8.2026,21:36:0.528,9.377,3.9,1299.9,72,
31.8.2026,21:36:0.734,7.879,12.4,4099.7,68,
31.8.2026,21:36:0.943,9.459,2.9,4099.7,68,
31.8.2026,21:36:1.148,8.811,4.8,4699.7,67,
31.8.2026,21:36:1.355,8.421,3.6,4099.7,74,
31.8.2026,21:36:1.564,8.201,8.4,4099.7,71,
31.8.2026,21:36:1.769,8.338,2.2,4099.7,66,
31.8.2026,21:36:1.976,8.461,3.7,4099.7,63,
31.8.2026,21:36:2.169,8.187,3.7,4099.7,67,
31.8.2026,21:36:2.377,8.323,8.0,4699.7,48,
31.8.2026,21:36:2.585,9.416,6.1,4099.7,49,
31.8.2026,21:36:2.791,8.365,2.9,4099.7,49,
31.8.2026,21:36:2.998,8.287,8.3,4699.7,49,
31.8.2026,21:36:3.207,8.189,4.3,4099.7,47,
31.8.2026,21:36:3.412,8.207,3.1,4099.7,50,
31.8.2026,21:36:3.619,8.263,5.9,4699.7,52,
31.8.2026,21:36:3.834,8.523,7.3,4099.7,51,
31.8.2026,21:36:4.039,8.112,2.2,4099.7,75,
31.8.2026,21:36:4.230,8.227,3.6,4099.7,75,
31.8.2026,21:36:4.437,10.079,9.3,4699.7,49,
31.8.2026,21:36:4.646,9.280,5.3,4099.7,45,
31.8.2026,21:36:4.857,9.930,3.9,4099.7,50,
31.8.2026,21:36:5.065,9.261,7.7,4099.7,51,
31.8.2026,21:36:5.270,9.215,3.3,4099.7,47,
31.8.2026,21:36:5.478,9.508,4.3,4699.7,50,
31.8.2026,21:36:5.684,9.295,8.9,4099.7,45,
31.8.2026,21:36:5.891,9.425,5.9,4099.7,50,
31.8.2026,21:36:6.100,7.105,2.2,4099.7,44,
31.8.2026,21:36:6.304,10.639,5.7,4099.7,46,
31.8.2026,21:36:6.497,10.067,6.2,4099.7,48,
31.8.2026,21:36:6.703,9.467,5.1,4699.7,44,
31.8.2026,21:36:6.912,9.237,7.2,4099.7,47,
31.8.2026,21:36:7.119,8.730,2.4,4099.7,45,
31.8.2026,21:36:7.310,9.362,13.2,4099.7,45,
31.8.2026,21:36:7.520,9.156,3.1,4099.7,46,
31.8.2026,21:36:7.726,9.355,3.3,4699.7,45,
31.8.2026,21:36:7.917,9.598,6.1,4099.7,44,
31.8.2026,21:36:8.125,9.218,9.3,4699.7,44,
31.8.2026,21:36:8.331,9.944,6.2,4699.7,44,
31.8.2026,21:36:8.538,9.381,3.0,4699.7,44,
31.8.2026,21:36:8.745,9.163,5.8,4099.7,44,
31.8.2026,21:36:8.956,9.191,9.5,4099.7,44,
31.8.2026,21:36:9.161,8.896,3.9,4699.7,44,
31.8.2026,21:36:9.371,9.482,5.2,4099.7,44,
31.8.2026,21:36:9.559,9.178,7.7,4699.7,43,
31.8.2026,21:36:9.765,9.406,5.2,4699.7,44,
31.8.2026,21:36:9.972,9.123,5.5,4099.7,44,
31.8.2026,21:36:10.179,10.515,7.8,4099.7,44,
31.8.2026,21:36:10.370,10.379,5.3,4699.7,44,
31.8.2026,21:36:10.577,9.233,10.3,4099.7,44,
31.8.2026,21:36:10.787,9.378,4.4,4099.7,44,
31.8.2026,21:36:10.994,8.876,2.8,4099.7,43,
31.8.2026,21:36:11.203,8.974,7.2,4099.7,43,
31.8.2026,21:36:11.408,9.544,7.1,4099.7,44,
31.8.2026,21:36:11.616,9.574,2.9,4099.7,43,
31.8.2026,21:36:11.822,9.399,5.1,4099.7,44,
31.8.2026,21:36:12.030,8.952,10.6,4099.7,44,
31.8.2026,21:36:12.237,9.090,3.5,4099.7,44,
31.8.2026,21:36:12.444,9.864,6.3,4099.7,43,
31.8.2026,21:36:12.651,9.138,3.9,4099.7,44,
31.8.2026,21:36:12.859,9.772,10.2,4099.7,44,
31.8.2026,21:36:13.066,9.391,3.6,4099.7,44,
31.8.2026,21:36:13.275,9.215,4.2,4099.7,43,
31.8.2026,21:36:13.480,9.071,2.9,4699.7,43,
31.8.2026,21:36:13.691,9.167,9.9,4099.7,43,
31.8.2026,21:36:13.898,9.139,4.3,4099.7,43,
31.8.2026,21:36:14.105,9.472,3.7,4099.7,43,
31.8.2026,21:36:14.312,9.501,11.6,4099.7,45,
31.8.2026,21:36:14.519,9.257,3.7,4099.7,44,
31.8.2026,21:36:14.726,9.445,4.5,4099.7,44,
31.8.2026,21:36:14.917,9.527,3.6,4099.7,44,
31.8.2026,21:36:15.124,9.438,9.8,4099.7,45,
31.8.2026,21:36:15.333,9.000,3.8,4099.7,43,
31.8.2026,21:36:15.526,9.110,8.1,4099.7,44,
31.8.2026,21:36:15.734,8.910,3.2,4699.7,43,
31.8.2026,21:36:15.944,8.870,5.9,4099.7,44,
31.8.2026,21:36:16.137,9.508,8.3,4699.7,44,
31.8.2026,21:36:16.347,10.036,4.6,4099.7,44,
31.8.2026,21:36:16.550,9.580,5.5,4699.7,44,
31.8.2026,21:36:16.757,8.471,3.4,4099.7,43,
31.8.2026,21:36:16.949,8.203,11.2,4099.7,43,
31.8.2026,21:36:17.155,8.712,4.0,4699.7,44,
31.8.2026,21:36:17.365,9.347,4.5,4699.7,43,
31.8.2026,21:36:17.569,8.757,3.6,4699.7,42,
31.8.2026,21:36:17.777,8.837,8.2,4699.7,44,
31.8.2026,21:36:17.987,8.797,6.6,4099.7,44,
31.8.2026,21:36:18.195,9.177,3.6,4099.7,44,
31.8.2026,21:36:18.400,9.911,11.9,4099.7,44,
31.8.2026,21:36:18.609,8.779,2.2,4099.7,44,
31.8.2026,21:36:18.816,9.208,8.8,4099.7,44,
31.8.2026,21:36:19.021,8.731,3.5,4099.7,44,
31.8.2026,21:36:19.229,9.126,9.9,4099.7,44,
31.8.2026,21:36:19.435,9.606,5.3,4099.7,44,
31.8.2026,21:36:19.644,9.606,2.4,4699.7,44,
31.8.2026,21:36:19.851,9.206,3.8,4699.7,43,
31.8.2026,21:36:20.045,8.225,3.8,4699.7,43,
31.8.2026,21:36:20.249,8.003,10.1,4099.7,43,
31.8.2026,21:36:20.457,8.228,4.1,4099.7,43,
31.8.2026,21:36:20.667,8.556,3.1,4099.7,43,
31.8.2026,21:36:20.854,8.556,2.9,4699.7,43,
31.8.2026,21:36:21.062,8.000,9.5,4099.7,69,
31.8.2026,21:36:21.269,8.805,4.4,4699.7,71,
31.8.2026,21:36:21.478,8.321,3.0,4099.7,72,
31.8.2026,21:36:21.668,8.054,1.7,4099.7,70,
31.8.2026,21:36:21.875,8.309,12.8,4099.7,64,
31.8.2026,21:36:22.083,9.394,5.6,4699.7,58,
31.8.2026,21:36:22.288,9.699,3.1,4099.7,76,
31.8.2026,21:36:22.495,8.255,4.0,4199.7,62,
31.8.2026,21:36:22.702,9.345,8.4,4099.7,66,
31.8.2026,21:36:22.910,8.375,2.9,4699.7,75,
31.8.2026,21:36:23.118,8.312,4.3,2599.8,62,
31.8.2026,21:36:23.310,8.207,4.4,4099.7,70,
31.8.2026,21:36:23.518,7.965,9.5,4699.7,46,
31.8.2026,21:36:23.725,8.561,1.7,4099.7,46,
31.8.2026,21:36:23.932,8.285,4.1,4699.7,50,
31.8.2026,21:36:24.141,8.307,8.9,3599.8,50,
31.8.2026,21:36:24.346,8.159,2.8,4099.7,43,
31.8.2026,21:36:24.553,8.033,3.9,4099.7,50,
31.8.2026,21:36:24.761,9.073,3.8,4099.7,44,
31.8.2026,21:36:24.970,8.307,7.8,4099.7,45,
31.8.2026,21:36:25.182,8.337,3.8,3599.8,47,
31.8.2026,21:36:25.372,7.740,2.2,4699.7,49,
31.8.2026,21:36:25.582,7.758,8.2,4699.7,44,
31.8.2026,21:36:25.787,8.317,2.9,4699.7,45,
31.8.2026,21:36:25.999,8.281,3.0,4099.7,44,
31.8.2026,21:36:26.203,8.219,9.2,4699.7,44,
31.8.2026,21:36:26.411,8.480,2.1,4099.7,45,
31.8.2026,21:36:26.605,7.639,5.9,4099.7,43,
31.8.2026,21:36:26.816,8.636,5.5,4699.7,44,
31.8.2026,21:36:27.022,8.377,6.2,4099.7,43,
31.8.2026,21:36:27.216,7.894,4.9,4699.7,44,
31.8.2026,21:36:27.424,8.151,8.3,4099.7,44,
31.8.2026,21:36:27.631,8.427,2.5,4699.7,43,
31.8.2026,21:36:27.839,8.439,2.9,4099.7,45,
31.8.2026,21:36:28.046,8.479,9.0,4699.7,43,
31.8.2026,21:36:28.256,8.065,2.5,4699.7,43,
31.8.2026,21:36:28.461,8.368,5.3,4699.7,43,
31.8.2026,21:36:28.667,8.691,3.8,4699.7,43,
31.8.2026,21:36:28.874,8.100,8.2,4699.7,43,
31.8.2026,21:36:29.083,8.259,6.1,4099.7,43,
31.8.2026,21:36:29.287,7.947,4.1,4699.7,43,
31.8.2026,21:36:29.494,8.242,4.0,4699.7,43,
31.8.2026,21:36:29.701,8.023,6.9,4699.7,43,
31.8.2026,21:36:29.908,8.190,5.0,4099.7,44,
31.8.2026,21:36:30.122,8.025,1.6,4699.7,43,
31.8.2026,21:36:30.331,8.009,6.5,4099.7,42,
31.8.2026,21:36:30.539,8.322,6.1,3199.8,43,
31.8.2026,21:36:30.730,9.055,4.3,2399.8,43,
31.8.2026,21:36:30.938,8.523,5.9,4699.7,44,
31.8.2026,21:36:31.144,8.937,5.6,4099.7,44,
31.8.2026,21:36:31.351,8.238,2.9,4099.7,42,
31.8.2026,21:36:31.543,8.408,7.3,4699.7,43,
31.8.2026,21:36:31.751,8.288,7.3,4699.7,43,
31.8.2026,21:36:31.955,8.288,7.3,4699.7,43,
31.8.2026,21:36:32.162,21.488,7.3,4699.7,43,
31.8.2026,21:36:32.366,21.488,7.3,4699.7,43,
31.8.2026,21:36:32.573,21.488,7.3,4699.7,43,
31.8.2026,21:36:32.762,21.488,7.3,4699.7,43,
31.8.2026,21:36:32.967,21.488,7.3,4699.7,43,
31.8.2026,21:36:33.175,21.488,7.3,4699.7,43,
31.8.2026,21:36:33.379,21.488,7.3,4699.7,43,
31.8.2026,21:36:33.586,21.488,7.3,4699.7,43,
31.8.2026,21:36:33.791,21.488,7.3,4699.7,43,
31.8.2026,21:36:33.980,21.488,7.3,4699.7,43,
31.8.2026,21:36:34.189,21.488,7.3,4699.7,43,
31.8.2026,21:36:34.393,21.488,7.3,4699.7,43,
31.8.2026,21:36:34.600,21.488,7.3,4699.7,43,
31.8.2026,21:36:34.804,21.488,7.3,4699.7,43,
31.8.2026,21:36:35.009,21.488,7.3,4699.7,43,
31.8.2026,21:36:35.199,21.488,7.3,4699.7,43,
31.8.2026,21:36:35.406,21.488,7.3,4699.7,43,
31.8.2026,21:36:35.610,21.488,7.3,4699.7,43,
31.8.2026,21:36:35.816,21.488,7.3,4699.7,43,
31.8.2026,21:36:36.022,21.488,7.3,4699.7,43,
31.8.2026,21:36:36.228,21.488,7.3,4699.7,43,
31.8.2026,21:36:36.436,21.488,7.3,4699.7,43,
31.8.2026,21:36:36.642,21.488,7.3,4699.7,43,
31.8.2026,21:36:36.848,21.488,7.3,4699.7,43,
31.8.2026,21:36:37.056,21.488,7.3,4699.7,43,
31.8.2026,21:36:37.260,21.488,7.3,4699.7,43,
31.8.2026,21:36:37.466,21.488,7.3,4699.7,43,
31.8.2026,21:36:37.673,21.488,7.3,4699.7,43,
31.8.2026,21:36:37.896,21.488,12.0,4099.7,78,
31.8.2026,21:36:38.088,21.488,12.0,4099.7,78,
31.8.2026,21:36:38.276,21.488,12.0,4099.7,78,
31.8.2026,21:36:38.482,21.488,12.0,4099.7,78,
31.8.2026,21:36:38.687,21.488,12.0,4099.7,78,
31.8.2026,21:36:38.893,21.488,12.0,4099.7,78,
31.8.2026,21:36:39.100,21.488,12.0,4099.7,78,
31.8.2026,21:36:39.304,21.488,12.0,4099.7,78,
31.8.2026,21:36:39.511,21.488,12.0,4099.7,78,
31.8.2026,21:36:39.718,23.412,12.0,4099.7,78,
31.8.2026,21:36:39.921,23.412,12.0,4099.7,78,
31.8.2026,21:36:40.129,23.412,12.0,4099.7,78,
31.8.2026,21:36:40.334,23.412,12.0,4099.7,78,
31.8.2026,21:36:40.540,23.412,12.0,4099.7,78,
31.8.2026,21:36:40.732,23.412,12.0,4099.7,78,
31.8.2026,21:36:40.937,23.412,12.0,4099.7,78,
31.8.2026,21:36:41.142,23.412,12.0,4099.7,78,
31.8.2026,21:36:41.351,23.412,12.0,4099.7,78,
31.8.2026,21:36:41.554,23.412,12.0,4099.7,78,
31.8.2026,21:36:41.761,23.412,12.0,4099.7,78,
31.8.2026,21:36:41.949,23.412,12.0,4099.7,78,
31.8.2026,21:36:42.155,23.412,12.0,4099.7,78,
31.8.2026,21:36:42.363,23.412,12.0,4099.7,78,
31.8.2026,21:36:42.567,23.412,12.0,4099.7,78,
31.8.2026,21:36:42.775,23.412,12.0,4099.7,78,
31.8.2026,21:36:42.978,23.412,12.0,4099.7,78,
31.8.2026,21:36:43.168,23.412,12.0,4099.7,78,
31.8.2026,21:36:43.376,23.412,12.0,4099.7,78,
31.8.2026,21:36:43.580,23.412,12.0,4099.7,78,
31.8.2026,21:36:43.786,23.412,12.0,4099.7,78,
31.8.2026,21:36:43.991,23.412,12.0,4099.7,78,
31.8.2026,21:36:44.197,23.412,12.0,4099.7,78,
31.8.2026,21:36:44.404,23.412,12.0,4099.7,78,
31.8.2026,21:36:44.610,23.412,12.0,4099.7,78,
31.8.2026,21:36:44.816,23.412,12.0,4099.7,78,
31.8.2026,21:36:45.023,23.412,23.5,4099.7,85,
31.8.2026,21:36:45.231,23.412,23.5,4099.7,85,
31.8.2026,21:36:45.418,23.412,23.5,4099.7,85,
31.8.2026,21:36:45.625,23.412,23.5,4099.7,85,
31.8.2026,21:36:45.829,23.412,23.5,4099.7,85,
31.8.2026,21:36:46.037,23.412,23.5,4099.7,85,
31.8.2026,21:36:46.240,23.412,23.5,4099.7,85,
31.8.2026,21:36:46.447,23.412,23.5,4099.7,85,
31.8.2026,21:36:46.636,23.412,23.5,4099.7,85,
31.8.2026,21:36:46.842,23.412,23.5,4099.7,85,
31.8.2026,21:36:47.050,23.412,23.5,4099.7,85,
31.8.2026,21:36:47.254,23.412,23.5,4099.7,85,
31.8.2026,21:36:47.460,23.412,23.5,4099.7,85,
31.8.2026,21:36:47.666,23.412,23.5,4099.7,85,
31.8.2026,21:36:47.872,23.412,23.5,4099.7,85,
31.8.2026,21:36:48.079,23.412,23.5,4099.7,85,
31.8.2026,21:36:48.284,23.412,23.5,4099.7,85,
31.8.2026,21:36:48.489,23.412,23.5,4099.7,85,
31.8.2026,21:36:48.694,23.412,23.5,4099.7,85,
31.8.2026,21:36:48.901,23.412,23.5,4099.7,85,
31.8.2026,21:36:49.108,23.412,23.5,4099.7,85,
31.8.2026,21:36:49.311,23.412,23.5,4099.7,85,
31.8.2026,21:36:49.519,23.412,23.5,4099.7,85,
31.8.2026,21:36:49.724,23.412,35.3,4299.7,86,
31.8.2026,21:36:49.929,23.098,35.3,4299.7,86,
31.8.2026,21:36:50.121,23.098,35.3,4299.7,86,
31.8.2026,21:36:50.326,23.098,35.3,4299.7,86,
31.8.2026,21:36:50.531,23.098,35.3,4299.7,86,
31.8.2026,21:36:50.739,23.098,35.3,4299.7,86,
31.8.2026,21:36:50.943,23.098,35.3,4299.7,86,
31.8.2026,21:36:51.150,23.098,35.3,4299.7,86,
31.8.2026,21:36:51.341,23.098,35.3,4299.7,86,
31.8.2026,21:36:51.545,23.098,35.3,4299.7,86,
31.8.2026,21:36:51.751,23.098,35.3,4299.7,86,
31.8.2026,21:36:51.957,23.098,35.3,4299.7,86,
31.8.2026,21:36:52.163,23.098,35.3,4299.7,86,
31.8.2026,21:36:52.371,23.098,35.3,4299.7,86,
31.8.2026,21:36:52.558,23.098,35.3,4299.7,86,
31.8.2026,21:36:52.765,23.098,35.3,4299.7,86,
31.8.2026,21:36:52.971,23.098,35.3,4299.7,86,
31.8.2026,21:36:53.178,23.098,35.3,4299.7,86,
31.8.2026,21:36:53.383,23.098,35.3,4299.7,86,
31.8.2026,21:36:53.588,23.098,35.3,4299.7,86,
31.8.2026,21:36:53.795,23.098,35.3,4299.7,86,
31.8.2026,21:36:54.001,23.098,35.3,4299.7,86,
31.8.2026,21:36:54.207,23.098,35.3,4299.7,86,
31.8.2026,21:36:54.413,23.098,35.3,4299.7,86,
31.8.2026,21:36:54.621,23.119,16.2,4199.7,86,
31.8.2026,21:36:54.825,23.119,16.2,4199.7,86,
31.8.2026,21:36:55.031,23.119,16.2,4199.7,86,
31.8.2026,21:36:55.237,23.119,16.2,4199.7,86,
31.8.2026,21:36:55.443,23.119,16.2,4199.7,86,
31.8.2026,21:36:55.651,23.119,16.2,4199.7,86,
31.8.2026,21:36:55.840,23.119,16.2,4199.7,86,
31.8.2026,21:36:56.045,23.119,16.2,4199.7,86,
31.8.2026,21:36:56.250,23.119,16.2,4199.7,86,
31.8.2026,21:36:56.455,23.119,16.2,4199.7,86,
31.8.2026,21:36:56.661,23.119,16.2,4199.7,86,
31.8.2026,21:36:56.867,23.119,16.2,4199.7,86,
31.8.2026,21:36:57.072,23.119,16.2,4199.7,86,
31.8.2026,21:36:57.279,23.119,16.2,4199.7,86,
31.8.2026,21:36:57.484,23.119,16.2,4199.7,86,
31.8.2026,21:36:57.690,23.119,16.2,4199.7,86,
31.8.2026,21:36:57.896,23.119,16.2,4199.7,86,
31.8.2026,21:36:58.101,23.119,16.2,4199.7,86,
31.8.2026,21:36:58.307,23.119,16.2,4199.7,86,
31.8.2026,21:36:58.517,23.119,16.2,4199.7,86,
31.8.2026,21:36:58.719,23.119,16.2,4199.7,86,
31.8.2026,21:36:58.924,23.119,16.2,4199.7,86,
31.8.2026,21:36:59.129,23.119,16.2,4199.7,86,
31.8.2026,21:36:59.338,22.831,15.9,4299.7,87,
31.8.2026,21:36:59.541,22.831,15.9,4299.7,87,
31.8.2026,21:36:59.748,22.831,15.9,4299.7,87,
31.8.2026,21:36:59.952,22.831,15.9,4299.7,87,
31.8.2026,21:37:0.159,22.831,15.9,4299.7,87,
31.8.2026,21:37:0.363,22.831,15.9,4299.7,87,
31.8.2026,21:37:0.569,22.831,15.9,4299.7,87,
31.8.2026,21:37:0.778,22.831,15.9,4299.7,87,
31.8.2026,21:37:0.982,22.831,15.9,4299.7,87,
31.8.2026,21:37:1.190,22.831,15.9,4299.7,87,
31.8.2026,21:37:1.393,22.831,15.9,4299.7,87,
31.8.2026,21:37:1.600,22.831,15.9,4299.7,87,
31.8.2026,21:37:1.805,22.831,15.9,4299.7,87,
31.8.2026,21:37:1.996,22.831,15.9,4299.7,87,
31.8.2026,21:37:2.201,22.831,15.9,4299.7,87,
31.8.2026,21:37:2.407,22.831,15.9,4299.7,87,
31.8.2026,21:37:2.614,22.831,15.9,4299.7,87,
31.8.2026,21:37:2.819,22.831,15.9,4299.7,87,
31.8.2026,21:37:3.024,22.831,15.9,4299.7,87,
31.8.2026,21:37:3.216,22.831,15.9,4299.7,87,
31.8.2026,21:37:3.421,22.831,15.9,4299.7,87,
31.8.2026,21:37:3.627,22.831,15.9,4299.7,87,
31.8.2026,21:37:3.832,22.831,15.9,4299.7,87,
31.8.2026,21:37:4.038,22.831,16.0,4399.7,81,
31.8.2026,21:37:4.246,22.767,16.0,4399.7,81,
31.8.2026,21:37:4.449,22.767,16.0,4399.7,81,
31.8.2026,21:37:4.656,22.767,16.0,4399.7,81,
31.8.2026,21:37:4.860,22.767,16.0,4399.7,81,
31.8.2026,21:37:5.067,22.767,16.0,4399.7,81,
31.8.2026,21:37:5.272,22.767,16.0,4399.7,81,
31.8.2026,21:37:5.478,22.767,16.0,4399.7,81,
31.8.2026,21:37:5.669,22.767,16.0,4399.7,81,
31.8.2026,21:37:5.873,22.767,16.0,4399.7,81,
31.8.2026,21:37:6.080,22.767,16.0,4399.7,81,
31.8.2026,21:37:6.287,22.767,16.0,4399.7,81,
31.8.2026,21:37:6.492,22.767,16.0,4399.7,81,
31.8.2026,21:37:6.698,22.767,16.0,4399.7,81,
31.8.2026,21:37:6.905,22.767,16.0,4399.7,81,
31.8.2026,21:37:7.110,22.767,16.0,4399.7,81,
31.8.2026,21:37:7.317,22.767,16.0,4399.7,81,
31.8.2026,21:37:7.524,22.767,16.0,4399.7,81,
31.8.2026,21:37:7.728,22.767,16.0,4399.7,81,
31.8.2026,21:37:7.918,22.767,16.0,4399.7,81,
31.8.2026,21:37:8.122,22.767,16.0,4399.7,81,
31.8.2026,21:37:8.328,22.767,16.0,4399.7,81,
31.8.2026,21:37:8.533,22.767,16.0,4399.7,81,
31.8.2026,21:37:8.740,22.767,15.9,4199.7,87,
31.8.2026,21:37:8.947,22.729,15.9,4199.7,87,
31.8.2026,21:37:9.136,22.729,15.9,4199.7,87,
31.8.2026,21:37:9.342,22.729,15.9,4199.7,87,
31.8.2026,21:37:9.550,22.729,15.9,4199.7,87,
31.8.2026,21:37:9.753,22.729,15.9,4199.7,87,
31.8.2026,21:37:9.959,22.729,15.9,4199.7,87,
31.8.2026,21:37:10.167,22.729,15.9,4199.7,87,
31.8.2026,21:37:10.356,22.729,15.9,4199.7,87,
31.8.2026,21:37:10.562,22.729,15.9,4199.7,87,
31.8.2026,21:37:10.770,22.729,15.9,4199.7,87,
31.8.2026,21:37:10.973,22.729,15.9,4199.7,87,
31.8.2026,21:37:11.180,22.729,15.9,4199.7,87,
31.8.2026,21:37:11.385,22.729,15.9,4199.7,87,
31.8.2026,21:37:11.590,22.729,15.9,4199.7,87,
31.8.2026,21:37:11.798,22.729,15.9,4199.7,87,
31.8.2026,21:37:12.001,22.729,15.9,4199.7,87,
31.8.2026,21:37:12.208,22.729,15.9,4199.7,87,
31.8.2026,21:37:12.413,22.729,15.9,4199.7,87,
31.8.2026,21:37:12.617,22.729,15.9,4199.7,87,
31.8.2026,21:37:12.823,22.729,15.9,4199.7,87,
31.8.2026,21:37:13.028,22.729,15.9,4199.7,87,
31.8.2026,21:37:13.233,22.729,15.9,4199.7,87,
31.8.2026,21:37:13.440,22.729,15.9,4199.7,87,
31.8.2026,21:37:13.648,22.818,16.4,4199.7,85,
31.8.2026,21:37:13.850,22.818,16.4,4199.7,85,
31.8.2026,21:37:14.058,22.818,16.4,4199.7,85,
31.8.2026,21:37:14.246,22.818,16.4,4199.7,85,
31.8.2026,21:37:14.452,22.818,16.4,4199.7,85,
31.8.2026,21:37:14.659,22.818,16.4,4199.7,85,
31.8.2026,21:37:14.863,22.818,16.4,4199.7,85,
31.8.2026,21:37:15.069,22.818,16.4,4199.7,85,
31.8.2026,21:37:15.278,22.818,16.4,4199.7,85,
31.8.2026,21:37:15.481,22.818,16.4,4199.7,85,
31.8.2026,21:37:15.688,22.818,16.4,4199.7,85,
31.8.2026,21:37:15.893,22.818,16.4,4199.7,85,
31.8.2026,21:37:16.099,22.818,16.4,4199.7,85,
31.8.2026,21:37:16.306,22.818,16.4,4199.7,85,
31.8.2026,21:37:16.510,22.818,16.4,4199.7,85,
31.8.2026,21:37:16.717,22.818,16.4,4199.7,85,
31.8.2026,21:37:16.925,22.818,16.4,4199.7,85,
31.8.2026,21:37:17.130,22.818,16.4,4199.7,85,
31.8.2026,21:37:17.337,22.818,16.4,4199.7,85,
31.8.2026,21:37:17.528,22.818,16.4,4199.7,85,
31.8.2026,21:37:17.733,22.818,16.4,4199.7,85,
31.8.2026,21:37:17.940,22.818,16.4,4199.7,85,
31.8.2026,21:37:18.146,22.818,16.4,4199.7,85,
31.8.2026,21:37:18.352,22.818,16.4,4199.7,85,
31.8.2026,21:37:18.557,22.818,15.8,4199.7,87,
31.8.2026,21:37:18.764,22.593,15.8,4199.7,87,
31.8.2026,21:37:18.968,22.593,15.8,4199.7,87,
31.8.2026,21:37:19.176,22.593,15.8,4199.7,87,
31.8.2026,21:37:19.379,22.593,15.8,4199.7,87,
31.8.2026,21:37:19.584,22.593,15.8,4199.7,87,
31.8.2026,21:37:19.790,22.593,15.8,4199.7,87,
31.8.2026,21:37:19.983,22.593,15.8,4199.7,87,
31.8.2026,21:37:20.187,22.593,15.8,4199.7,87,
31.8.2026,21:37:20.393,22.593,15.8,4199.7,87,
31.8.2026,21:37:20.599,22.593,15.8,4199.7,87,
31.8.2026,21:37:20.805,22.593,15.8,4199.7,87,
31.8.2026,21:37:20.995,22.593,15.8,4199.7,87,
31.8.2026,21:37:21.201,22.593,15.8,4199.7,87,
31.8.2026,21:37:21.409,22.593,15.8,4199.7,87,
31.8.2026,21:37:21.615,22.593,15.8,4199.7,87,
31.8.2026,21:37:21.823,22.593,15.8,4199.7,87,
31.8.2026,21:37:22.011,22.593,15.8,4199.7,87,
31.8.2026,21:37:22.219,22.593,15.8,4199.7,87,
31.8.2026,21:37:22.424,22.593,15.8,4199.7,87,
31.8.2026,21:37:22.631,22.593,15.8,4199.7,87,
31.8.2026,21:37:22.836,22.593,15.8,4199.7,87,
31.8.2026,21:37:23.029,22.593,15.8,4199.7,87,
31.8.2026,21:37:23.233,22.593,15.8,4199.7,87,
31.8.2026,21:37:23.440,22.593,15.8,4199.7,87,
31.8.2026,21:37:23.649,22.988,16.5,4199.7,87,
31.8.2026,21:37:23.852,22.988,16.5,4199.7,87,
31.8.2026,21:37:24.043,22.988,16.5,4199.7,87,
31.8.2026,21:37:24.248,22.988,16.5,4199.7,87,
31.8.2026,21:37:24.455,22.988,16.5,4199.7,87,
31.8.2026,21:37:24.661,22.988,16.5,4199.7,87,
31.8.2026,21:37:24.867,22.988,16.5,4199.7,87,
31.8.2026,21:37:25.073,22.988,16.5,4199.7,87,
31.8.2026,21:37:25.278,22.988,16.5,4199.7,87,
31.8.2026,21:37:25.484,22.988,16.5,4199.7,87,
31.8.2026,21:37:25.690,22.988,16.5,4199.7,87,
31.8.2026,21:37:25.896,22.988,16.5,4199.7,87,
31.8.2026,21:37:26.102,22.988,16.5,4199.7,87,
31.8.2026,21:37:26.296,22.988,16.5,4199.7,87,
31.8.2026,21:37:26.500,22.988,16.5,4199.7,87,
31.8.2026,21:37:26.708,22.988,16.5,4199.7,87,
31.8.2026,21:37:26.912,22.988,16.5,4199.7,87,
31.8.2026,21:37:27.118,22.988,16.5,4199.7,87,
31.8.2026,21:37:27.322,22.988,16.5,4199.7,87,
31.8.2026,21:37:27.530,22.988,16.5,4199.7,87,
31.8.2026,21:37:27.734,22.988,16.5,4199.7,87,
31.8.2026,21:37:27.941,22.988,16.5,4199.7,87,
31.8.2026,21:37:28.147,22.988,16.5,4199.7,87,
31.8.2026,21:37:28.353,22.988,15.7,4199.7,86,
31.8.2026,21:37:28.560,22.530,15.7,4199.7,86,
31.8.2026,21:37:28.767,22.530,15.7,4199.7,86,
31.8.2026,21:37:28.975,22.530,15.7,4199.7,86,
31.8.2026,21:37:29.179,22.530,15.7,4199.7,86,
31.8.2026,21:37:29.386,22.530,15.7,4199.7,86,
31.8.2026,21:37:29.591,22.530,15.7,4199.7,86,
31.8.2026,21:37:29.798,22.530,15.7,4199.7,86,
31.8.2026,21:37:30.003,22.530,15.7,4199.7,86,
31.8.2026,21:37:30.209,22.530,15.7,4199.7,86,
31.8.2026,21:37:30.415,22.530,15.7,4199.7,86,
31.8.2026,21:37:30.604,22.530,15.7,4199.7,86,
31.8.2026,21:37:30.814,22.530,15.7,4199.7,86,
31.8.2026,21:37:31.017,22.530,15.7,4199.7,86,
31.8.2026,21:37:31.222,22.530,15.7,4199.7,86,
31.8.2026,21:37:31.428,22.530,15.7,4199.7,86,
31.8.2026,21:37:31.633,22.530,15.7,4199.7,86,
31.8.2026,21:37:31.824,22.530,15.7,4199.7,86,
31.8.2026,21:37:32.033,22.704,13.2,4699.7,76,
31.8.2026,21:37:32.237,21.694,27.5,4099.7,64,
31.8.2026,21:37:32.443,14.789,10.4,3699.8,52,
31.8.2026,21:37:32.652,9.644,3.9,4099.7,52,
31.8.2026,21:37:32.841,9.990,8.9,4099.7,53,
31.8.2026,21:37:33.048,10.140,5.4,4099.7,52,
31.8.2026,21:37:33.255,9.868,3.2,4699.7,52,
31.8.2026,21:37:33.462,9.337,4.8,4699.7,51,
31.8.2026,21:37:33.653,9.545,10.6,4099.7,51,
31.8.2026,21:37:33.860,9.644,4.5,4699.7,50,
31.8.2026,21:37:34.065,8.825,6.6,4699.7,52,
31.8.2026,21:37:34.272,9.317,3.5,4099.7,52,
31.8.2026,21:37:34.464,9.610,9.5,4099.7,52,
31.8.2026,21:37:34.673,9.319,3.4,4099.7,50,
31.8.2026,21:37:34.880,10.161,5.6,4699.7,50,
31.8.2026,21:37:35.087,9.932,6.2,4099.7,50,
31.8.2026,21:37:35.278,9.932,6.2,4099.7,50,
31.8.2026,21:37:35.484,9.146,7.3,4099.7,49,
31.8.2026,21:37:35.691,9.187,8.3,4099.7,49,
31.8.2026,21:37:35.900,8.503,2.6,4099.7,49,
31.8.2026,21:37:36.104,8.338,3.0,4099.7,49,
31.8.2026,21:37:36.311,7.978,12.2,4099.7,50,
31.8.2026,21:37:36.522,8.412,3.5,4099.7,49,
31.8.2026,21:37:36.727,8.030,6.5,4099.7,49,
31.8.2026,21:37:36.918,8.457,3.4,4099.7,50,
31.8.2026,21:37:37.128,10.219,8.0,4099.7,84,
31.8.2026,21:37:37.332,8.046,5.3,4099.7,83,
31.8.2026,21:37:37.538,8.046,5.3,4099.7,83,
31.8.2026,21:37:37.745,14.379,5.3,4099.7,83,
31.8.2026,21:37:37.933,14.379,5.3,4099.7,83,
31.8.2026,21:37:38.141,14.379,5.3,4099.7,83,
31.8.2026,21:37:38.345,14.379,5.3,4099.7,83,
31.8.2026,21:37:38.550,14.379,5.3,4099.7,83,
31.8.2026,21:37:38.756,14.379,5.3,4099.7,83,
31.8.2026,21:37:38.965,14.379,5.3,4099.7,83,
31.8.2026,21:37:39.153,14.379,5.3,4099.7,83,
31.8.2026,21:37:39.360,14.379,5.3,4099.7,83,
31.8.2026,21:37:39.566,14.379,5.3,4099.7,83,
31.8.2026,21:37:39.773,14.379,5.3,4099.7,83,
31.8.2026,21:37:39.978,14.379,5.3,4099.7,83,
31.8.2026,21:37:40.169,14.379,5.3,4099.7,83,
31.8.2026,21:37:40.374,14.379,5.3,4099.7,83,
31.8.2026,21:37:40.581,14.379,5.3,4099.7,83,
31.8.2026,21:37:40.785,14.379,5.3,4099.7,83,
31.8.2026,21:37:40.990,14.379,5.3,4099.7,83,
31.8.2026,21:37:41.197,14.379,5.3,4099.7,83,
31.8.2026,21:37:41.386,14.379,5.3,4099.7,83,
31.8.2026,21:37:41.593,14.379,5.3,4099.7,83,
31.8.2026,21:37:41.798,14.379,5.3,4099.7,83,
31.8.2026,21:37:42.005,14.379,5.3,4099.7,83,
31.8.2026,21:37:42.211,14.379,5.3,4099.7,83,
31.8.2026,21:37:42.416,14.379,5.3,4099.7,83,
31.8.2026,21:37:42.622,14.379,5.3,4099.7,83,
31.8.2026,21:37:42.828,14.379,7.9,4499.7,80,
31.8.2026,21:37:43.038,14.379,7.9,4499.7,80,
31.8.2026,21:37:43.242,14.379,7.9,4499.7,80,
31.8.2026,21:37:43.450,14.379,7.9,4499.7,80,
31.8.2026,21:37:43.653,14.379,7.9,4499.7,80,
31.8.2026,21:37:43.859,14.379,7.9,4499.7,80,
31.8.2026,21:37:44.065,14.379,7.9,4499.7,80,
31.8.2026,21:37:44.271,14.379,7.9,4499.7,80,
31.8.2026,21:37:44.477,14.379,7.9,4499.7,80,
31.8.2026,21:37:44.670,14.379,7.9,4499.7,80,
31.8.2026,21:37:44.876,14.379,7.9,4499.7,80,
31.8.2026,21:37:45.079,14.379,7.9,4499.7,80,
31.8.2026,21:37:45.285,14.379,7.9,4499.7,80,
31.8.2026,21:37:45.491,14.379,7.9,4499.7,80,
31.8.2026,21:37:45.698,14.379,7.9,4499.7,80,
31.8.2026,21:37:45.906,14.379,7.9,4499.7,80,
31.8.2026,21:37:46.110,14.379,7.9,4499.7,80,
31.8.2026,21:37:46.315,14.379,7.9,4499.7,80,
31.8.2026,21:37:46.521,14.379,7.9,4499.7,80,
31.8.2026,21:37:46.727,14.379,7.9,4499.7,80,
31.8.2026,21:37:46.917,14.379,7.9,4499.7,80,
31.8.2026,21:37:47.123,14.379,7.9,4499.7,80,
31.8.2026,21:37:47.329,14.379,7.9,4499.7,80,
31.8.2026,21:37:47.535,14.379,7.9,4499.7,80,
31.8.2026,21:37:47.741,23.624,15.8,4399.7,83,
31.8.2026,21:37:47.946,23.624,15.8,4399.7,83,
31.8.2026,21:37:48.153,23.624,15.8,4399.7,83,
31.8.2026,21:37:48.357,23.624,15.8,4399.7,83,
31.8.2026,21:37:48.565,23.624,15.8,4399.7,83,
31.8.2026,21:37:48.769,23.624,15.8,4399.7,83,
31.8.2026,21:37:48.976,23.624,15.8,4399.7,83,
31.8.2026,21:37:49.180,23.624,15.8,4399.7,83,
31.8.2026,21:37:49.371,23.624,15.8,4399.7,83,
31.8.2026,21:37:49.576,23.624,15.8,4399.7,83,
31.8.2026,21:37:49.783,23.624,15.8,4399.7,83,
31.8.2026,21:37:49.986,23.624,15.8,4399.7,83,
31.8.2026,21:37:50.192,23.624,15.8,4399.7,83,
31.8.2026,21:37:50.398,23.624,15.8,4399.7,83,
31.8.2026,21:37:50.591,23.624,15.8,4399.7,83,
31.8.2026,21:37:50.796,23.624,15.8,4399.7,83,
31.8.2026,21:37:51.004,23.624,15.8,4399.7,83,
31.8.2026,21:37:51.209,23.624,15.8,4399.7,83,
31.8.2026,21:37:51.416,23.624,15.8,4399.7,83,
31.8.2026,21:37:51.605,23.624,15.8,4399.7,83,
31.8.2026,21:37:51.812,23.624,15.8,4399.7,83,
31.8.2026,21:37:52.017,23.624,15.8,4399.7,83,
31.8.2026,21:37:52.223,23.624,15.8,4399.7,83,
31.8.2026,21:37:52.429,23.624,15.8,4399.7,83,
31.8.2026,21:37:52.636,23.472,15.6,4299.7,86,
31.8.2026,21:37:52.844,23.472,15.6,4299.7,86,
31.8.2026,21:37:53.047,23.472,15.6,4299.7,86,
31.8.2026,21:37:53.256,23.472,15.6,4299.7,86,
31.8.2026,21:37:53.460,23.472,15.6,4299.7,86,
31.8.2026,21:37:53.667,23.472,15.6,4299.7,86,
31.8.2026,21:37:53.872,23.472,15.6,4299.7,86,
31.8.2026,21:37:54.078,23.472,15.6,4299.7,86,
31.8.2026,21:37:54.284,23.472,15.6,4299.7,86,
31.8.2026,21:37:54.491,23.472,15.6,4299.7,86,
31.8.2026,21:37:54.697,23.472,15.6,4299.7,86,
31.8.2026,21:37:54.887,23.667,15.6,4299.7,86,
31.8.2026,21:37:55.096,23.667,15.6,4299.7,86,
31.8.2026,21:37:55.298,23.667,15.6,4299.7,86,
31.8.2026,21:37:55.505,23.667,15.6,4299.7,86,
31.8.2026,21:37:55.710,23.667,15.6,4299.7,86,
31.8.2026,21:37:55.915,23.667,15.6,4299.7,86,
31.8.2026,21:37:56.105,23.667,15.6,4299.7,86,
31.8.2026,21:37:56.310,23.667,15.6,4299.7,86,
31.8.2026,21:37:56.516,23.667,15.6,4299.7,86,
31.8.2026,21:37:56.723,23.667,15.6,4299.7,86,
31.8.2026,21:37:56.928,23.667,15.6,4299.7,86,
31.8.2026,21:37:57.133,23.667,15.6,4299.7,86,
31.8.2026,21:37:57.323,23.667,15.6,4299.7,86,
31.8.2026,21:37:57.528,23.667,15.6,4299.7,86,
31.8.2026,21:37:57.735,23.667,15.6,4299.7,86,
31.8.2026,21:37:57.940,23.667,15.6,4299.7,86,
31.8.2026,21:37:58.146,23.667,15.6,4299.7,86,
31.8.2026,21:37:58.352,23.667,15.6,4299.7,86,
31.8.2026,21:37:58.542,23.667,15.6,4299.7,86,
31.8.2026,21:37:58.747,23.667,15.6,4299.7,86,
31.8.2026,21:37:58.954,23.667,15.6,4299.7,86,
31.8.2026,21:37:59.162,23.667,15.6,4299.7,86,
31.8.2026,21:37:59.367,23.667,15.6,4299.7,86,
31.8.2026,21:37:59.573,23.667,15.6,4299.7,86,
31.8.2026,21:37:59.779,23.667,13.4,4099.7,83,
31.8.2026,21:37:59.984,23.667,13.4,4099.7,83,
31.8.2026,21:38:0.190,23.667,13.4,4099.7,83,
31.8.2026,21:38:0.398,23.667,13.4,4099.7,83,
31.8.2026,21:38:0.603,23.667,13.4,4099.7,83,
31.8.2026,21:38:0.795,23.667,13.4,4099.7,83,
31.8.2026,21:38:1.000,23.667,13.4,4099.7,83,
31.8.2026,21:38:1.206,23.667,13.4,4099.7,83,
31.8.2026,21:38:1.411,23.667,13.4,4099.7,83,
31.8.2026,21:38:1.619,23.667,13.4,4099.7,83,
31.8.2026,21:38:1.808,23.667,13.4,4099.7,83,
31.8.2026,21:38:2.014,23.667,13.4,4099.7,83,
31.8.2026,21:38:2.220,23.667,13.4,4099.7,83,
31.8.2026,21:38:2.426,23.667,13.4,4099.7,83,
31.8.2026,21:38:2.632,23.667,13.4,4099.7,83,
31.8.2026,21:38:2.838,23.667,13.4,4099.7,83,
31.8.2026,21:38:3.028,23.667,13.4,4099.7,83,
31.8.2026,21:38:3.236,23.667,13.4,4099.7,83,
31.8.2026,21:38:3.444,23.667,13.4,4099.7,83,
31.8.2026,21:38:3.648,23.667,13.4,4099.7,83,
31.8.2026,21:38:3.856,23.667,13.4,4099.7,83,
31.8.2026,21:38:4.059,23.667,13.4,4099.7,83,
31.8.2026,21:38:4.265,23.667,13.4,4099.7,83,
31.8.2026,21:38:4.472,23.667,13.4,4099.7,83,
31.8.2026,21:38:4.677,23.453,13.4,4099.7,83,
31.8.2026,21:38:4.884,23.453,13.4,4099.7,83,
31.8.2026,21:38:5.072,23.453,13.4,4099.7,83,
31.8.2026,21:38:5.280,23.453,13.4,4099.7,83,
31.8.2026,21:38:5.485,23.453,13.4,4099.7,83,
31.8.2026,21:38:5.693,23.453,13.4,4099.7,83,
31.8.2026,21:38:5.896,23.453,13.4,4099.7,83,
31.8.2026,21:38:6.104,23.453,13.4,4099.7,83,
31.8.2026,21:38:6.310,23.453,13.4,4099.7,83,
31.8.2026,21:38:6.518,23.453,13.4,4099.7,83,
31.8.2026,21:38:6.724,23.453,13.4,4099.7,83,
31.8.2026,21:38:6.930,23.453,13.4,4099.7,83,
31.8.2026,21:38:7.122,23.453,13.4,4099.7,83,
31.8.2026,21:38:7.327,23.453,13.4,4099.7,83,
31.8.2026,21:38:7.534,23.453,13.4,4099.7,83,
31.8.2026,21:38:7.739,23.453,13.4,4099.7,83,
31.8.2026,21:38:7.946,23.453,13.4,4099.7,83,
31.8.2026,21:38:8.136,23.453,13.4,4099.7,83,
31.8.2026,21:38:8.343,23.453,13.4,4099.7,83,
31.8.2026,21:38:8.552,23.453,13.4,4099.7,83,
31.8.2026,21:38:8.755,23.453,13.4,4099.7,83,
31.8.2026,21:38:8.960,23.453,13.4,4099.7,83,
31.8.2026,21:38:9.167,23.453,13.4,4099.7,83,
31.8.2026,21:38:9.360,23.453,25.2,4099.7,86,
31.8.2026,21:38:9.564,23.453,25.2,4099.7,86,
31.8.2026,21:38:9.771,23.453,25.2,4099.7,86,
31.8.2026,21:38:9.976,23.453,25.2,4099.7,86,
31.8.2026,21:38:10.167,23.453,25.2,4099.7,86,
31.8.2026,21:38:10.373,23.453,25.2,4099.7,86,
31.8.2026,21:38:10.580,23.453,25.2,4099.7,86,
31.8.2026,21:38:10.785,23.453,25.2,4099.7,86,
31.8.2026,21:38:10.991,23.453,25.2,4099.7,86,
31.8.2026,21:38:11.197,23.453,25.2,4099.7,86,
31.8.2026,21:38:11.387,23.453,25.2,4099.7,86,
31.8.2026,21:38:11.592,23.453,25.2,4099.7,86,
31.8.2026,21:38:11.799,23.453,25.2,4099.7,86,
31.8.2026,21:38:12.003,23.453,25.2,4099.7,86,
31.8.2026,21:38:12.210,23.453,25.2,4099.7,86,
31.8.2026,21:38:12.416,23.453,25.2,4099.7,86,
31.8.2026,21:38:12.606,23.453,25.2,4099.7,86,
31.8.2026,21:38:12.812,23.453,25.2,4099.7,86,
31.8.2026,21:38:13.018,23.453,25.2,4099.7,86,
31.8.2026,21:38:13.224,23.453,25.2,4099.7,86,
31.8.2026,21:38:13.429,23.453,25.2,4099.7,86,
31.8.2026,21:38:13.635,23.453,25.2,4099.7,86,
31.8.2026,21:38:13.841,23.453,25.2,4099.7,86,
31.8.2026,21:38:14.046,23.453,33.8,4299.7,83,
31.8.2026,21:38:14.253,23.374,33.8,4299.7,83,
31.8.2026,21:38:14.458,24.665,33.8,4299.7,83,
31.8.2026,21:38:14.663,24.665,33.8,4299.7,83,
31.8.2026,21:38:14.869,24.665,33.8,4299.7,83,
31.8.2026,21:38:15.076,24.665,33.8,4299.7,83,
31.8.2026,21:38:15.282,24.665,33.8,4299.7,83,
31.8.2026,21:38:15.487,24.665,33.8,4299.7,83,
31.8.2026,21:38:15.694,24.665,33.8,4299.7,83,
31.8.2026,21:38:15.900,24.665,33.8,4299.7,83,
31.8.2026,21:38:16.108,24.665,33.8,4299.7,83,
31.8.2026,21:38:16.314,24.665,33.8,4299.7,83,
31.8.2026,21:38:16.520,24.665,33.8,4299.7,83,
31.8.2026,21:38:16.727,24.665,33.8,4299.7,83,
31.8.2026,21:38:16.917,24.665,33.8,4299.7,83,
31.8.2026,21:38:17.126,24.665,33.8,4299.7,83,
31.8.2026,21:38:17.329,24.665,33.8,4299.7,83,
31.8.2026,21:38:17.534,24.665,33.8,4299.7,83,
31.8.2026,21:38:17.740,24.665,33.8,4299.7,83,
31.8.2026,21:38:17.949,24.665,33.8,4299.7,83,
31.8.2026,21:38:18.136,24.665,33.8,4299.7,83,
31.8.2026,21:38:18.341,24.665,33.8,4299.7,83,
31.8.2026,21:38:18.548,24.665,33.8,4299.7,83,
31.8.2026,21:38:18.756,24.665,33.8,4299.7,83,
31.8.2026,21:38:18.960,24.665,33.8,4299.7,83,
31.8.2026,21:38:19.168,24.665,33.8,4299.7,83,
31.8.2026,21:38:19.373,24.665,33.8,4299.7,83,
31.8.2026,21:38:19.580,24.665,33.8,4299.7,83,
31.8.2026,21:38:19.785,24.665,33.8,4299.7,83,
31.8.2026,21:38:19.992,24.665,33.8,4299.7,83,
31.8.2026,21:38:20.197,24.665,33.8,4299.7,83,
31.8.2026,21:38:20.405,24.665,33.8,4299.7,83,
31.8.2026,21:38:20.609,24.665,33.8,4299.7,83,
31.8.2026,21:38:20.817,24.665,33.8,4299.7,83,
31.8.2026,21:38:21.037,24.665,33.8,4299.7,83,
31.8.2026,21:38:21.227,24.665,33.8,4299.7,83,
31.8.2026,21:38:21.418,24.665,33.8,4299.7,83,
31.8.2026,21:38:21.625,24.665,33.8,4299.7,83,
31.8.2026,21:38:21.830,24.665,33.8,4299.7,83,
31.8.2026,21:38:22.036,24.665,33.8,4299.7,83,
31.8.2026,21:38:22.243,24.665,33.8,4299.7,83,
31.8.2026,21:38:22.432,24.665,33.8,4299.7,83,
31.8.2026,21:38:22.638,24.665,33.8,4299.7,83,
31.8.2026,21:38:22.844,24.665,33.8,4299.7,83,
31.8.2026,21:38:23.051,24.665,33.8,4299.7,83,
31.8.2026,21:38:23.256,24.665,33.8,4299.7,83,
31.8.2026,21:38:23.462,24.665,33.8,4299.7,83,
31.8.2026,21:38:23.654,24.665,33.8,4299.7,83,
31.8.2026,21:38:23.861,24.665,33.8,4299.7,83,
31.8.2026,21:38:24.067,24.665,33.8,4299.7,83,
31.8.2026,21:38:24.273,24.665,33.8,4299.7,83,
31.8.2026,21:38:24.479,24.665,33.8,4299.7,83,
31.8.2026,21:38:24.686,24.665,33.8,4299.7,83,
31.8.2026,21:38:24.894,24.665,14.7,4099.7,85,
31.8.2026,21:38:25.099,24.665,14.7,4099.7,85,
31.8.2026,21:38:25.306,24.665,14.7,4099.7,85,
31.8.2026,21:38:25.511,24.665,14.7,4099.7,85,
31.8.2026,21:38:25.719,24.665,14.7,4099.7,85,
31.8.2026,21:38:25.923,24.665,14.7,4099.7,85,
31.8.2026,21:38:26.131,23.369,14.7,4099.7,85,
31.8.2026,21:38:26.334,23.369,14.7,4099.7,85,
31.8.2026,21:38:26.541,23.369,14.7,4099.7,85,
31.8.2026,21:38:26.732,23.369,14.7,4099.7,85,
31.8.2026,21:38:26.940,23.369,14.7,4099.7,85,
31.8.2026,21:38:27.143,23.369,14.7,4099.7,85,
31.8.2026,21:38:27.349,23.369,14.7,4099.7,85,
31.8.2026,21:38:27.556,23.369,14.7,4099.7,85,
31.8.2026,21:38:27.747,23.369,14.7,4099.7,85,
31.8.2026,21:38:27.952,23.369,14.7,4099.7,85,
31.8.2026,21:38:28.160,23.369,14.7,4099.7,85,
31.8.2026,21:38:28.364,23.369,14.7,4099.7,85,
31.8.2026,21:38:28.569,23.369,14.7,4099.7,85,
31.8.2026,21:38:28.774,23.369,14.7,4099.7,85,
31.8.2026,21:38:28.965,23.369,14.7,4099.7,85,
31.8.2026,21:38:29.171,23.369,14.7,4099.7,85,
31.8.2026,21:38:29.380,23.369,14.7,4099.7,85,
31.8.2026,21:38:29.584,23.369,14.7,4099.7,85,
31.8.2026,21:38:29.793,23.369,14.7,4099.7,85,
31.8.2026,21:38:29.980,23.369,14.7,4099.7,85,
31.8.2026,21:38:30.189,23.369,14.7,4099.7,85,
31.8.2026,21:38:30.393,23.369,14.7,4099.7,85,
31.8.2026,21:38:30.598,23.369,14.7,4099.7,85,
31.8.2026,21:38:30.805,23.369,14.7,4099.7,85,
31.8.2026,21:38:31.010,23.369,14.7,4099.7,85,
31.8.2026,21:38:31.217,23.369,14.7,4099.7,85,
31.8.2026,21:38:31.425,23.369,14.7,4099.7,85,
31.8.2026,21:38:31.629,23.369,14.7,4099.7,85,
31.8.2026,21:38:31.838,23.369,14.7,4099.7,85,
31.8.2026,21:38:32.026,23.369,14.7,4099.7,85,
31.8.2026,21:38:32.233,23.369,14.7,4099.7,85,
31.8.2026,21:38:32.437,23.369,14.7,4099.7,85,
31.8.2026,21:38:32.643,23.369,14.7,4099.7,85,
31.8.2026,21:38:32.849,23.369,14.7,4099.7,85,
31.8.2026,21:38:33.058,23.369,14.7,4099.7,85,
31.8.2026,21:38:33.246,23.369,14.7,4099.7,85,
31.8.2026,21:38:33.453,23.369,14.7,4099.7,85,
31.8.2026,21:38:33.658,23.369,14.7,4099.7,85,
31.8.2026,21:38:33.865,23.369,14.7,4099.7,85,
31.8.2026,21:38:34.069,23.369,14.7,4099.7,85,
31.8.2026,21:38:34.276,23.369,14.7,4099.7,85,
31.8.2026,21:38:34.464,23.369,14.7,4099.7,85,
31.8.2026,21:38:34.671,23.369,14.7,4099.7,85,
31.8.2026,21:38:34.877,23.369,14.7,4099.7,85,
31.8.2026,21:38:35.084,23.369,14.7,4099.7,85,
31.8.2026,21:38:35.289,23.369,14.7,4099.7,85,
31.8.2026,21:38:35.496,23.369,14.7,4099.7,85,
31.8.2026,21:38:35.700,23.369,14.7,4099.7,85,
31.8.2026,21:38:35.906,23.369,14.7,4099.7,85,
31.8.2026,21:38:36.111,23.369,14.7,4099.7,85,
31.8.2026,21:38:36.316,23.369,14.7,4099.7,85,
31.8.2026,21:38:36.524,23.369,14.7,4099.7,85,
31.8.2026,21:38:36.728,23.369,14.7,4099.7,85,
31.8.2026,21:38:36.918,23.369,14.7,4099.7,85,
31.8.2026,21:38:37.125,23.369,14.7,4099.7,85,
31.8.2026,21:38:37.331,23.369,14.7,4099.7,85,
31.8.2026,21:38:37.539,23.266,93.7,4699.7,76,
31.8.2026,21:38:37.745,8.814,1.6,4099.7,85,
31.8.2026,21:38:37.952,8.443,10.5,2399.8,69,
31.8.2026,21:38:38.161,9.215,5.4,4099.7,84,
31.8.2026,21:38:38.368,8.170,3.2,4099.7,76,
31.8.2026,21:38:38.560,9.109,3.9,4099.7,69,
31.8.2026,21:38:38.765,8.841,7.5,4099.7,59,
31.8.2026,21:38:38.971,8.734,5.7,4099.7,53,
31.8.2026,21:38:39.178,9.185,3.5,4699.7,59,
31.8.2026,21:38:39.370,9.185,1.7,4099.7,60,
31.8.2026,21:38:39.577,8.264,7.6,4699.7,51,
31.8.2026,21:38:39.786,9.603,5.6,4099.7,53,
31.8.2026,21:38:39.992,8.629,3.2,4699.7,51,
31.8.2026,21:38:40.183,8.120,5.7,4099.7,52,
31.8.2026,21:38:40.390,8.720,8.2,4099.7,52,
31.8.2026,21:38:40.597,8.735,3.5,4099.7,50,
31.8.2026,21:38:40.803,8.251,4.4,4099.7,50,
31.8.2026,21:38:41.010,8.171,6.8,4699.7,52,
31.8.2026,21:38:41.218,8.789,12.0,4699.7,50,
31.8.2026,21:38:41.424,8.940,3.3,4099.7,50,
31.8.2026,21:38:41.632,8.118,7.8,4099.7,51,
31.8.2026,21:38:41.840,9.084,2.9,4699.7,50,
31.8.2026,21:38:42.046,8.711,9.2,4699.7,50,
31.8.2026,21:38:42.254,8.429,3.1,4699.7,50,
31.8.2026,21:38:42.465,8.327,5.6,4699.7,49,
31.8.2026,21:38:42.653,8.029,7.5,4099.7,52,
31.8.2026,21:38:42.860,8.379,4.3,4699.7,51,
31.8.2026,21:38:43.067,8.536,3.3,4699.7,50,
31.8.2026,21:38:43.274,8.288,6.0,4699.7,50,
31.8.2026,21:38:43.466,8.267,6.9,4699.7,49,
31.8.2026,21:38:43.678,8.522,3.9,4699.7,49,
31.8.2026,21:38:43.888,8.324,5.4,4099.7,49,
31.8.2026,21:38:44.096,8.309,6.7,4699.7,49,
31.8.2026,21:38:44.305,8.617,4.8,4699.7,49,
31.8.2026,21:38:44.509,8.542,3.9,4099.7,49,
31.8.2026,21:38:44.701,8.318,8.5,4099.7,50,
31.8.2026,21:38:44.909,8.564,6.1,4099.7,49,
31.8.2026,21:38:45.114,9.129,4.3,4099.7,48,
31.8.2026,21:38:45.321,7.929,4.6,4099.7,48,
31.8.2026,21:38:45.513,8.238,8.6,4099.7,49,
31.8.2026,21:38:45.718,8.965,8.3,4099.7,50,
31.8.2026,21:38:45.926,10.661,4.8,4099.7,48,
31.8.2026,21:38:46.135,8.288,3.8,4699.7,49,
31.8.2026,21:38:46.323,8.688,10.7,4699.7,48,
31.8.2026,21:38:46.531,8.431,2.5,4699.7,48,
31.8.2026,21:38:46.739,8.644,5.2,4099.7,48,
31.8.2026,21:38:46.945,8.655,3.7,4099.7,49,
31.8.2026,21:38:47.138,8.849,3.1,4099.7,49,
31.8.2026,21:38:47.342,8.125,7.6,4699.7,48,
31.8.2026,21:38:47.549,8.450,6.1,4099.7,48,
31.8.2026,21:38:47.756,9.273,3.6,4699.7,48,
31.8.2026,21:38:47.964,8.336,9.9,4699.7,48,
31.8.2026,21:38:48.170,8.304,2.9,4699.7,47,
31.8.2026,21:38:48.377,8.062,6.2,4099.7,48,
31.8.2026,21:38:48.584,8.199,2.8,4699.7,48,
31.8.2026,21:38:48.791,8.120,5.4,4699.7,48,
31.8.2026,21:38:48.998,8.275,7.9,4699.7,47,
31.8.2026,21:38:49.206,8.431,5.3,4099.7,48,
31.8.2026,21:38:49.409,8.952,5.6,4099.7,48,
31.8.2026,21:38:49.619,8.998,2.3,4699.7,47,
31.8.2026,21:38:49.810,7.892,9.6,500.0,47,
31.8.2026,21:38:50.017,8.278,3.0,4699.7,46,
31.8.2026,21:38:50.228,8.412,2.3,4699.7,47,
31.8.2026,21:38:50.433,7.989,10.5,4099.7,46,
31.8.2026,21:38:50.640,8.641,2.8,4699.7,47,
31.8.2026,21:38:50.848,8.260,4.8,4699.7,46,
31.8.2026,21:38:51.054,8.428,4.7,4699.7,47,
31.8.2026,21:38:51.261,8.260,5.3,4699.7,47,
31.8.2026,21:38:51.467,7.829,7.2,4099.7,47,
31.8.2026,21:38:51.689,9.032,3.0,4699.7,46,
31.8.2026,21:38:51.881,8.020,5.0,4699.7,47,
31.8.2026,21:38:52.088,8.181,5.4,4699.7,46,
31.8.2026,21:38:52.296,8.550,6.7,1899.9,47,
31.8.2026,21:38:52.501,8.606,5.3,4699.7,47,
31.8.2026,21:38:52.709,8.019,2.6,4699.7,47,
31.8.2026,21:38:52.916,8.038,4.9,4099.7,47,
31.8.2026,21:38:53.107,8.412,4.9,4099.7,47,
31.8.2026,21:38:53.315,8.086,11.4,4099.7,47,
31.8.2026,21:38:53.524,8.621,2.1,4099.7,46,
31.8.2026,21:38:53.730,8.856,4.7,4099.7,47,
31.8.2026,21:38:53.936,8.296,10.0,3699.8,46,
31.8.2026,21:38:54.146,8.730,3.3,4099.7,45,
31.8.2026,21:38:54.350,8.461,5.4,4099.7,46,
31.8.2026,21:38:54.557,8.531,3.9,4099.7,45,
31.8.2026,21:38:54.764,7.797,9.1,4099.7,45,
31.8.2026,21:38:54.971,8.554,5.7,4099.7,46,
31.8.2026,21:38:55.179,10.897,9.0,4099.7,53,
31.8.2026,21:38:55.370,7.983,2.2,4699.7,45,
31.8.2026,21:38:55.578,9.602,13.6,4099.7,79,
31.8.2026,21:38:55.788,8.984,3.1,4099.7,79,
31.8.2026,21:38:55.992,8.339,6.1,4099.7,77,
31.8.2026,21:38:56.184,8.610,3.3,4099.7,79,
31.8.2026,21:38:56.389,11.686,10.4,4099.7,62,
31.8.2026,21:38:56.597,8.592,5.9,4099.7,68,
31.8.2026,21:38:56.806,8.659,2.8,4099.7,77,
31.8.2026,21:38:56.995,8.538,3.8,4699.7,76,
31.8.2026,21:38:57.203,8.540,9.8,4099.7,50,
31.8.2026,21:38:57.410,8.167,2.8,4699.7,47,
31.8.2026,21:38:57.617,9.094,3.4,4099.7,50,
31.8.2026,21:38:57.822,8.445,5.9,4699.7,51,
31.8.2026,21:38:58.031,8.534,8.5,4699.7,53,
31.8.2026,21:38:58.237,8.179,4.2,4699.7,50,
31.8.2026,21:38:58.442,7.977,2.4,4699.7,49,
31.8.2026,21:38:58.652,8.542,4.9,4099.7,51,
31.8.2026,21:38:58.842,8.542,7.9,4099.7,48,
31.8.2026,21:38:59.049,8.409,4.7,4099.7,44,
31.8.2026,21:38:59.257,8.450,2.9,4699.7,45,
31.8.2026,21:38:59.463,8.814,3.5,4699.7,47,
31.8.2026,21:38:59.669,8.130,10.6,4699.7,46,
31.8.2026,21:38:59.877,9.373,1.9,4099.7,45,
31.8.2026,21:39:0.085,8.274,6.1,4099.7,46,
31.8.2026,21:39:0.291,8.379,5.5,4699.7,45,
31.8.2026,21:39:0.498,8.678,10.9,4099.7,45,
31.8.2026,21:39:0.707,8.044,3.1,4099.7,45,
31.8.2026,21:39:0.912,8.361,3.2,4699.7,46,
31.8.2026,21:39:1.119,8.434,3.7,4699.7,44,
31.8.2026,21:39:1.325,8.433,10.8,4699.7,45,
31.8.2026,21:39:1.533,8.483,5.7,4099.7,46,
31.8.2026,21:39:1.740,8.415,3.1,4099.7,46,
31.8.2026,21:39:1.948,8.827,1.9,4699.7,45,
31.8.2026,21:39:2.156,7.630,9.0,4699.7,45,
31.8.2026,21:39:2.362,8.181,2.9,4099.7,47,
31.8.2026,21:39:2.570,8.188,1.8,4699.7,45,
31.8.2026,21:39:2.763,8.104,4.7,4099.7,44,
31.8.2026,21:39:2.972,7.972,9.2,4699.7,45,
31.8.2026,21:39:3.181,7.966,3.9,4699.7,46,
31.8.2026,21:39:3.385,8.240,4.2,4699.7,45,
31.8.2026,21:39:3.591,8.141,6.8,4699.7,45,
31.8.2026,21:39:3.798,8.259,6.5,4699.7,46,
31.8.2026,21:39:4.007,9.099,3.7,4699.7,47,
31.8.2026,21:39:4.214,8.683,5.5,4699.7,46,
31.8.2026,21:39:4.423,8.365,7.8,4699.7,46,
31.8.2026,21:39:4.629,8.599,3.6,4099.7,45,
31.8.2026,21:39:4.836,8.079,4.5,4699.7,46,
31.8.2026,21:39:5.028,8.453,7.9,4099.7,45,
31.8.2026,21:39:5.235,8.616,5.8,4099.7,44,
31.8.2026,21:39:5.444,8.591,3.3,4099.7,44,
31.8.2026,21:39:5.650,8.269,6.1,4099.7,46,
31.8.2026,21:39:5.858,9.207,7.8,4099.7,44,
31.8.2026,21:39:6.067,8.271,3.6,4099.7,44,
31.8.2026,21:39:6.273,8.306,4.1,4699.7,46,
31.8.2026,21:39:6.480,8.115,4.9,4699.7,45,
31.8.2026,21:39:6.687,8.265,6.9,4699.7,46,
31.8.2026,21:39:6.895,8.471,7.4,4099.7,45,
31.8.2026,21:39:7.104,10.907,4.3,4699.7,46,
31.8.2026,21:39:7.313,8.291,6.2,4699.7,45,
31.8.2026,21:39:7.521,8.035,6.9,4699.7,44,
31.8.2026,21:39:7.731,8.555,3.2,4699.7,45,
31.8.2026,21:39:7.936,9.028,7.4,4699.7,45,
31.8.2026,21:39:8.144,7.988,4.2,4099.7,42,
31.8.2026,21:39:8.352,7.695,6.6,4699.7,46,
31.8.2026,21:39:8.543,8.119,4.8,4099.7,45,
31.8.2026,21:39:8.750,8.011,8.0,4699.7,43,
31.8.2026,21:39:8.957,8.397,2.5,4699.7,44,
31.8.2026,21:39:9.165,8.183,6.2,4099.7,44,
31.8.2026,21:39:9.356,8.436,10.3,4099.7,44,
31.8.2026,21:39:9.565,8.230,2.6,4699.7,44,
31.8.2026,21:39:9.770,8.409,6.9,4699.7,43,
31.8.2026,21:39:9.978,8.975,2.8,4099.7,43,
31.8.2026,21:39:10.168,8.459,9.8,4099.7,44,
31.8.2026,21:39:10.376,8.086,4.0,4099.7,44,
31.8.2026,21:39:10.581,8.264,3.9,4699.7,44,
31.8.2026,21:39:10.776,8.320,7.9,4099.7,45,
31.8.2026,21:39:10.983,8.238,5.8,4099.7,44,
31.8.2026,21:39:11.190,8.116,4.5,3499.8,44,
31.8.2026,21:39:11.398,8.293,3.7,4099.7,44,
31.8.2026,21:39:11.604,8.256,3.4,4099.7,45,
31.8.2026,21:39:11.811,8.375,7.2,4699.7,44,
31.8.2026,21:39:12.018,8.476,3.6,4699.7,44,
31.8.2026,21:39:12.227,8.255,4.1,4099.7,44,
31.8.2026,21:39:12.419,8.352,7.1,4099.7,43,
31.8.2026,21:39:12.629,8.144,3.8,4099.7,43,
31.8.2026,21:39:12.836,8.372,3.4,4099.7,44,
31.8.2026,21:39:13.027,8.266,8.2,4699.7,44,
31.8.2026,21:39:13.236,8.507,3.9,4699.7,43,
31.8.2026,21:39:13.440,8.066,7.7,4699.7,44,
31.8.2026,21:39:13.647,8.202,3.1,4699.7,43,
31.8.2026,21:39:13.855,9.058,11.2,4699.7,45,
31.8.2026,21:39:14.063,8.063,2.9,4699.7,45,
31.8.2026,21:39:14.268,8.567,4.6,4699.7,45,
31.8.2026,21:39:14.476,8.211,3.7,4699.7,43,
31.8.2026,21:39:14.682,8.250,8.1,4699.7,43,
31.8.2026,21:39:14.890,8.589,5.5,4699.7,44,
31.8.2026,21:39:15.096,8.358,5.6,4099.7,43,
31.8.2026,21:39:15.304,8.308,3.3,4699.7,43,
31.8.2026,21:39:15.510,8.189,13.1,4099.7,44,
31.8.2026,21:39:15.723,11.285,2.0,4099.7,43,
31.8.2026,21:39:15.928,9.325,5.0,4699.7,44,
31.8.2026,21:39:16.136,8.252,6.7,4699.7,44,
31.8.2026,21:39:16.342,8.356,6.6,4699.7,44,
31.8.2026,21:39:16.550,8.107,3.9,4699.7,43,
31.8.2026,21:39:16.756,8.375,4.7,4699.7,44,
31.8.2026,21:39:16.963,8.859,4.3,4699.7,43,
31.8.2026,21:39:17.170,8.104,7.3,4699.7,43,
31.8.2026,21:39:17.378,8.487,4.5,4699.7,43,
31.8.2026,21:39:17.585,8.272,5.6,4699.7,44,
31.8.2026,21:39:17.792,8.200,7.9,4699.7,44,
31.8.2026,21:39:18.002,8.659,6.0,4699.7,43,
31.8.2026,21:39:18.209,7.933,2.8,4699.7,43,
31.8.2026,21:39:18.416,8.343,3.7,4699.7,43,
31.8.2026,21:39:18.607,7.771,10.5,4099.7,43,
31.8.2026,21:39:18.813,8.226,3.2,4699.7,43,
31.8.2026,21:39:19.021,8.466,3.5,4699.7,44,
31.8.2026,21:39:19.227,8.257,5.0,4699.7,43,
31.8.2026,21:39:19.417,8.519,5.0,4699.7,43,
31.8.2026,21:39:19.625,8.381,10.3,4099.7,44,
31.8.2026,21:39:19.833,9.348,5.1,4099.7,43,
31.8.2026,21:39:20.040,8.542,3.3,4699.7,43,
31.8.2026,21:39:20.232,8.290,4.3,4099.7,43,
31.8.2026,21:39:20.439,9.266,8.5,4699.7,70,
31.8.2026,21:39:20.645,8.194,3.7,4099.7,76,
31.8.2026,21:39:20.853,7.927,6.5,4099.7,76,
31.8.2026,21:39:21.044,8.483,5.4,4099.7,75,
31.8.2026,21:39:21.252,9.535,7.7,400.0,73,
31.8.2026,21:39:21.462,8.494,5.5,4099.7,60,
31.8.2026,21:39:21.667,8.276,3.3,4099.7,53,
31.8.2026,21:39:21.877,8.779,6.9,1799.9,57,
31.8.2026,21:39:22.084,8.206,5.5,4099.7,67,
31.8.2026,21:39:22.292,8.511,2.0,3799.7,75,
31.8.2026,21:39:22.482,8.511,10.4,4099.7,73,
31.8.2026,21:39:22.689,8.509,2.7,4199.7,46,
31.8.2026,21:39:22.898,8.832,4.4,4699.7,44,
31.8.2026,21:39:23.103,8.100,4.7,4099.7,45,
31.8.2026,21:39:23.312,8.643,8.0,4099.7,48,
31.8.2026,21:39:23.518,8.673,5.1,4699.7,45,
31.8.2026,21:39:23.724,8.315,4.7,4699.7,46,
31.8.2026,21:39:23.930,8.407,3.8,4099.7,49,
31.8.2026,21:39:24.121,9.073,3.8,4699.7,47,
31.8.2026,21:39:24.330,8.389,6.4,4699.7,44,
31.8.2026,21:39:24.539,8.425,5.8,999.9,45,
31.8.2026,21:39:24.744,8.262,6.2,4099.7,45,
31.8.2026,21:39:24.939,10.480,7.0,4699.7,45,
31.8.2026,21:39:25.143,8.311,5.7,4699.7,44,
31.8.2026,21:39:25.349,8.711,3.4,4099.7,44,
31.8.2026,21:39:25.555,8.372,4.6,4699.7,44,
31.8.2026,21:39:25.747,8.657,7.3,4099.7,44,
31.8.2026,21:39:25.956,8.346,7.2,4699.7,43,
31.8.2026,21:39:26.165,8.919,5.6,4099.7,44,
31.8.2026,21:39:26.370,8.540,3.7,4099.7,43,
31.8.2026,21:39:26.577,7.896,8.3,4699.7,43,
31.8.2026,21:39:26.787,8.412,4.3,1299.9,43,
31.8.2026,21:39:26.982,8.328,4.9,4699.7,42,
31.8.2026,21:39:27.188,8.034,4.3,4699.7,43,
31.8.2026,21:39:27.395,8.290,4.3,2999.8,42,
31.8.2026,21:39:27.603,8.180,2.6,4699.7,43,
31.8.2026,21:39:27.795,7.769,9.0,4099.7,42,
31.8.2026,21:39:28.005,8.573,4.4,4099.7,44,
31.8.2026,21:39:28.212,8.011,3.6,4099.7,42,
31.8.2026,21:39:28.404,7.760,6.4,4099.7,43,
31.8.2026,21:39:28.609,7.854,5.8,4699.7,43,
31.8.2026,21:39:28.816,8.461,3.4,4099.7,43,
31.8.2026,21:39:29.023,7.859,4.5,4099.7,42,
31.8.2026,21:39:29.216,7.940,8.6,4099.7,42,
31.8.2026,21:39:29.422,8.167,2.7,4099.7,42,
31.8.2026,21:39:29.632,8.127,5.5,4099.7,42,
31.8.2026,21:39:29.836,8.480,6.3,4699.7,42,
31.8.2026,21:39:30.034,8.819,6.4,4699.7,42,
31.8.2026,21:39:30.245,8.006,4.8,4099.7,43,
31.8.2026,21:39:30.437,8.295,5.9,4099.7,42,
31.8.2026,21:39:30.655,8.003,4.1,4099.7,42,
31.8.2026,21:39:30.854,8.279,7.3,4699.7,43,
31.8.2026,21:39:31.060,8.005,4.8,4699.7,43,
31.8.2026,21:39:31.268,8.423,4.8,4099.7,42,
31.8.2026,21:39:31.477,8.459,3.7,4699.7,42,
31.8.2026,21:39:31.670,7.750,3.7,4699.7,42,
31.8.2026,21:39:31.876,8.064,8.4,4699.7,42,
31.8.2026,21:39:32.085,9.695,8.0,4699.7,42,
31.8.2026,21:39:32.291,8.011,4.2,4099.7,43,
31.8.2026,21:39:32.499,8.174,7.4,4099.7,42,
31.8.2026,21:39:32.706,8.016,5.9,4099.7,43,
31.8.2026,21:39:32.913,9.558,6.3,4099.7,42,
31.8.2026,21:39:33.122,8.066,3.1,4099.7,43,
31.8.2026,21:39:33.328,8.234,11.8,4099.7,42,
31.8.2026,21:39:33.534,8.415,2.7,4099.7,43,
31.8.2026,21:39:33.740,8.000,8.7,4099.7,43,
31.8.2026,21:39:33.948,8.863,4.7,4099.7,44,
31.8.2026,21:39:34.156,7.844,9.8,4699.7,43,
31.8.2026,21:39:34.366,8.446,5.1,4699.7,42,
31.8.2026,21:39:34.571,8.155,3.7,4099.7,43,
31.8.2026,21:39:34.763,8.163,3.7,4099.7,43,
31.8.2026,21:39:34.971,9.036,8.7,4099.7,75,
31.8.2026,21:39:35.176,8.269,4.1,4099.7,75,
31.8.2026,21:39:35.383,8.277,3.8,500.0,75,
31.8.2026,21:39:35.575,7.666,2.5,4099.7,68,
31.8.2026,21:39:35.780,10.842,9.5,4699.7,75,
31.8.2026,21:39:35.988,8.737,7.1,4099.7,61,
31.8.2026,21:39:36.195,8.108,4.3,4699.7,58,
31.8.2026,21:39:36.386,8.108,3.7,4099.7,64,
31.8.2026,21:39:36.594,8.260,10.9,4099.7,48,
31.8.2026,21:39:36.800,8.747,2.9,4099.7,45,
31.8.2026,21:39:37.008,8.345,2.7,4099.7,46,
31.8.2026,21:39:37.200,8.202,4.7,1999.9,46,
31.8.2026,21:39:37.407,8.070,8.5,4099.7,46,
31.8.2026,21:39:37.612,8.445,8.5,4099.7,46,
31.8.2026,21:39:37.820,8.445,8.5,4099.7,46,
31.8.2026,21:39:38.025,8.445,8.5,4099.7,46,
31.8.2026,21:39:38.216,8.445,8.5,4099.7,46,
31.8.2026,21:39:38.422,8.445,8.5,4099.7,46,
31.8.2026,21:39:38.629,8.445,8.5,4099.7,46,
31.8.2026,21:39:38.835,8.445,8.5,4099.7,46,
31.8.2026,21:39:39.041,8.445,8.5,4099.7,46,
31.8.2026,21:39:39.247,8.445,8.5,4099.7,46,
31.8.2026,21:39:39.453,8.445,8.5,4099.7,46,
31.8.2026,21:39:39.659,8.445,8.5,4099.7,46,
31.8.2026,21:39:39.865,8.445,8.5,4099.7,46,
31.8.2026,21:39:40.071,8.445,8.5,4099.7,46,
31.8.2026,21:39:40.261,8.445,8.5,4099.7,46,
31.8.2026,21:39:40.468,8.445,8.5,4099.7,46,
31.8.2026,21:39:40.673,8.445,8.5,4099.7,46,
31.8.2026,21:39:40.880,8.445,8.5,4099.7,46,
31.8.2026,21:39:41.086,8.445,8.5,4099.7,46,
31.8.2026,21:39:41.276,8.445,8.5,4099.7,46,
31.8.2026,21:39:41.482,8.445,8.5,4099.7,46,
31.8.2026,21:39:41.689,8.445,8.5,4099.7,46,
31.8.2026,21:39:41.895,8.445,8.5,4099.7,46,
31.8.2026,21:39:42.103,8.445,8.5,4099.7,46,
31.8.2026,21:39:42.306,8.445,8.5,4099.7,46,
31.8.2026,21:39:42.499,8.445,8.5,4099.7,46,
31.8.2026,21:39:42.702,8.445,8.5,4099.7,46,
31.8.2026,21:39:42.910,8.445,8.5,4099.7,46,
31.8.2026,21:39:43.114,8.445,8.5,4099.7,46,
31.8.2026,21:39:43.319,8.445,8.5,4099.7,46,
31.8.2026,21:39:43.526,8.445,8.5,4099.7,46,
31.8.2026,21:39:43.731,8.445,8.5,4099.7,46,
31.8.2026,21:39:43.937,8.445,8.5,4099.7,46,
31.8.2026,21:39:44.142,8.445,8.5,4099.7,46,
31.8.2026,21:39:44.349,8.445,8.5,4099.7,46,
31.8.2026,21:39:44.554,8.445,8.5,4099.7,46,
31.8.2026,21:39:44.745,8.445,8.5,4099.7,46,
31.8.2026,21:39:44.952,8.445,8.5,4099.7,46,
31.8.2026,21:39:45.159,8.445,8.5,4099.7,46,
31.8.2026,21:39:45.364,8.445,8.5,4099.7,46,
31.8.2026,21:39:45.571,8.445,8.5,4099.7,46,
31.8.2026,21:39:45.775,8.445,8.5,4099.7,46,
31.8.2026,21:39:45.983,8.445,8.5,4099.7,46,
31.8.2026,21:39:46.189,8.445,8.5,4099.7,46,
31.8.2026,21:39:46.396,8.445,8.5,4099.7,46,
31.8.2026,21:39:46.601,8.445,8.5,4099.7,46,
31.8.2026,21:39:46.809,8.445,8.5,4099.7,46,
31.8.2026,21:39:47.012,8.445,8.5,4099.7,46,
31.8.2026,21:39:47.221,8.445,8.5,4099.7,46,
31.8.2026,21:39:47.424,8.445,15.7,4399.7,82,
31.8.2026,21:39:47.632,24.358,15.7,4399.7,82,
31.8.2026,21:39:47.836,24.358,15.7,4399.7,82,
31.8.2026,21:39:48.043,24.358,15.7,4399.7,82,
31.8.2026,21:39:48.247,24.358,15.7,4399.7,82,
31.8.2026,21:39:48.452,24.358,15.7,4399.7,82,
31.8.2026,21:39:48.658,24.358,15.7,4399.7,82,
31.8.2026,21:39:48.864,24.358,15.7,4399.7,82,
31.8.2026,21:39:49.071,24.358,15.7,4399.7,82,
31.8.2026,21:39:49.262,24.358,15.7,4399.7,82,
31.8.2026,21:39:49.466,24.358,15.7,4399.7,82,
31.8.2026,21:39:49.673,24.358,15.7,4399.7,82,
31.8.2026,21:39:49.879,24.358,15.7,4399.7,82,
31.8.2026,21:39:50.084,24.358,15.7,4399.7,82,
31.8.2026,21:39:50.291,24.358,15.7,4399.7,82,
31.8.2026,21:39:50.483,24.358,15.7,4399.7,82,
31.8.2026,21:39:50.685,24.358,15.7,4399.7,82,
31.8.2026,21:39:50.891,24.358,15.7,4399.7,82,
31.8.2026,21:39:51.097,24.358,15.7,4399.7,82,
31.8.2026,21:39:51.302,24.358,15.7,4399.7,82,
31.8.2026,21:39:51.509,24.358,15.7,4399.7,82,
31.8.2026,21:39:51.699,24.358,15.7,4399.7,82,
31.8.2026,21:39:51.907,24.358,15.7,4399.7,82,
31.8.2026,21:39:52.114,24.358,15.7,4399.7,82,
31.8.2026,21:39:52.318,24.079,15.7,4399.7,86,
31.8.2026,21:39:52.524,24.079,15.7,4399.7,86,
31.8.2026,21:39:52.714,24.079,15.7,4399.7,86,
31.8.2026,21:39:52.923,24.079,15.7,4399.7,86,
31.8.2026,21:39:53.127,24.079,15.7,4399.7,86,
31.8.2026,21:39:53.335,24.079,15.7,4399.7,86,
31.8.2026,21:39:53.539,24.079,15.7,4399.7,86,
31.8.2026,21:39:53.731,24.079,15.7,4399.7,86,
31.8.2026,21:39:53.935,24.079,15.7,4399.7,86,
31.8.2026,21:39:54.142,24.079,15.7,4399.7,86,
31.8.2026,21:39:54.347,24.079,15.7,4399.7,86,
31.8.2026,21:39:54.554,24.079,15.7,4399.7,86,
31.8.2026,21:39:54.758,24.079,15.7,4399.7,86,
31.8.2026,21:39:54.950,24.079,15.7,4399.7,86,
31.8.2026,21:39:55.155,24.079,15.7,4399.7,86,
31.8.2026,21:39:55.361,24.079,15.7,4399.7,86,
31.8.2026,21:39:55.567,24.079,15.7,4399.7,86,
31.8.2026,21:39:55.773,24.079,15.7,4399.7,86,
31.8.2026,21:39:55.978,24.079,15.7,4399.7,86,
31.8.2026,21:39:56.168,24.079,15.7,4399.7,86,
31.8.2026,21:39:56.377,24.079,15.7,4399.7,86,
31.8.2026,21:39:56.580,24.079,15.7,4399.7,86,
31.8.2026,21:39:56.786,24.079,15.7,4399.7,86,
31.8.2026,21:39:56.993,24.079,15.7,4399.7,86,
31.8.2026,21:39:57.185,24.079,15.7,4399.7,86,
31.8.2026,21:39:57.389,24.079,15.7,4299.7,85,
31.8.2026,21:39:57.596,23.800,15.7,4299.7,85,
31.8.2026,21:39:57.801,23.800,15.7,4299.7,85,
31.8.2026,21:39:58.008,23.800,15.7,4299.7,85,
31.8.2026,21:39:58.213,23.800,15.7,4299.7,85,
31.8.2026,21:39:58.421,23.800,15.7,4299.7,85,
31.8.2026,21:39:58.625,23.800,15.7,4299.7,85,
31.8.2026,21:39:58.832,23.800,15.7,4299.7,85,
31.8.2026,21:39:59.038,23.800,15.7,4299.7,85,
31.8.2026,21:39:59.244,23.800,15.7,4299.7,85,
31.8.2026,21:39:59.433,23.800,15.7,4299.7,85,
31.8.2026,21:39:59.640,23.800,15.7,4299.7,85,
31.8.2026,21:39:59.844,23.800,15.7,4299.7,85,
31.8.2026,21:40:0.050,23.800,15.7,4299.7,85,
31.8.2026,21:40:0.257,23.800,15.7,4299.7,85,
31.8.2026,21:40:0.447,23.800,15.7,4299.7,85,
31.8.2026,21:40:0.656,23.800,15.7,4299.7,85,
31.8.2026,21:40:0.860,23.800,15.7,4299.7,85,
31.8.2026,21:40:1.069,23.800,15.7,4299.7,85,
31.8.2026,21:40:1.273,23.800,15.7,4299.7,85,
31.8.2026,21:40:1.480,23.800,15.7,4299.7,85,
31.8.2026,21:40:1.668,23.800,15.7,4299.7,85,
31.8.2026,21:40:1.876,23.800,15.7,4299.7,85,
31.8.2026,21:40:2.082,23.800,15.7,4299.7,85,
31.8.2026,21:40:2.288,23.652,15.7,4399.7,82,
31.8.2026,21:40:2.494,23.652,15.7,4399.7,82,
31.8.2026,21:40:2.684,23.652,15.7,4399.7,82,
31.8.2026,21:40:2.892,23.652,15.7,4399.7,82,
31.8.2026,21:40:3.096,23.652,15.7,4399.7,82,
31.8.2026,21:40:3.302,23.652,15.7,4399.7,82,
31.8.2026,21:40:3.507,23.652,15.7,4399.7,82,
31.8.2026,21:40:3.700,23.652,15.7,4399.7,82,
31.8.2026,21:40:3.905,23.652,15.7,4399.7,82,
31.8.2026,21:40:4.111,23.652,15.7,4399.7,82,
31.8.2026,21:40:4.317,23.652,15.7,4399.7,82,
31.8.2026,21:40:4.524,23.652,15.7,4399.7,82,
31.8.2026,21:40:4.717,23.652,15.7,4399.7,82,
31.8.2026,21:40:4.920,23.652,15.7,4399.7,82,
31.8.2026,21:40:5.126,23.652,15.7,4399.7,82,
31.8.2026,21:40:5.333,23.652,15.7,4399.7,82,
31.8.2026,21:40:5.538,23.652,15.7,4399.7,82,
31.8.2026,21:40:5.744,23.652,15.7,4399.7,82,
31.8.2026,21:40:5.934,23.652,15.7,4399.7,82,
31.8.2026,21:40:6.140,23.652,15.7,4399.7,82,
31.8.2026,21:40:6.346,23.652,15.7,4399.7,82,
31.8.2026,21:40:6.552,23.652,15.7,4399.7,82,
31.8.2026,21:40:6.761,23.652,15.7,4399.7,82,
31.8.2026,21:40:6.949,23.531,15.7,4099.7,85,
31.8.2026,21:40:7.154,23.531,15.7,4099.7,85,
31.8.2026,21:40:7.360,23.531,15.7,4099.7,85,
31.8.2026,21:40:7.568,23.531,15.7,4099.7,85,
31.8.2026,21:40:7.772,23.531,15.7,4099.7,85,
31.8.2026,21:40:7.977,23.531,15.7,4099.7,85,
31.8.2026,21:40:8.168,23.531,15.7,4099.7,85,
31.8.2026,21:40:8.373,23.531,15.7,4099.7,85,
31.8.2026,21:40:8.578,23.531,15.7,4099.7,85,
31.8.2026,21:40:8.785,23.531,15.7,4099.7,85,
31.8.2026,21:40:8.991,23.531,15.7,4099.7,85,
31.8.2026,21:40:9.196,23.531,15.7,4099.7,85,
31.8.2026,21:40:9.387,23.531,15.7,4099.7,85,
31.8.2026,21:40:9.593,23.531,15.7,4099.7,85,
31.8.2026,21:40:9.800,23.531,15.7,4099.7,85,
31.8.2026,21:40:10.006,23.531,15.7,4099.7,85,
31.8.2026,21:40:10.213,23.531,15.7,4099.7,85,
31.8.2026,21:40:10.401,23.531,15.7,4099.7,85,
31.8.2026,21:40:10.608,23.531,15.7,4099.7,85,
31.8.2026,21:40:10.813,23.531,15.7,4099.7,85,
31.8.2026,21:40:11.021,23.531,15.7,4099.7,85,
31.8.2026,21:40:11.226,23.531,15.7,4099.7,85,
31.8.2026,21:40:11.416,23.531,15.7,4099.7,85,
31.8.2026,21:40:11.625,23.531,15.5,4299.7,85,
31.8.2026,21:40:11.828,23.423,15.5,4299.7,85,
31.8.2026,21:40:12.034,23.423,15.5,4299.7,85,
31.8.2026,21:40:12.240,23.423,15.5,4299.7,85,
31.8.2026,21:40:12.445,23.423,15.5,4299.7,85,
31.8.2026,21:40:12.636,23.423,15.5,4299.7,85,
31.8.2026,21:40:12.845,23.423,15.5,4299.7,85,
31.8.2026,21:40:13.047,23.423,15.5,4299.7,85,
31.8.2026,21:40:13.254,23.423,15.5,4299.7,85,
31.8.2026,21:40:13.459,23.423,15.5,4299.7,85,
31.8.2026,21:40:13.665,23.423,15.5,4299.7,85,
31.8.2026,21:40:13.855,23.423,15.5,4299.7,85,
31.8.2026,21:40:14.061,23.423,15.5,4299.7,85,
31.8.2026,21:40:14.268,23.423,15.5,4299.7,85,
31.8.2026,21:40:14.473,23.423,15.5,4299.7,85,
31.8.2026,21:40:14.679,23.423,15.5,4299.7,85,
31.8.2026,21:40:14.885,23.423,15.5,4299.7,85,
31.8.2026,21:40:15.090,23.423,15.5,4299.7,85,
31.8.2026,21:40:15.296,23.423,15.5,4299.7,85,
31.8.2026,21:40:15.502,23.423,15.5,4299.7,85,
31.8.2026,21:40:15.708,23.423,15.5,4299.7,85,
31.8.2026,21:40:15.915,23.423,15.5,4299.7,85,
31.8.2026,21:40:16.121,23.423,15.5,4299.7,85,
31.8.2026,21:40:16.327,23.423,15.5,4299.7,85,
31.8.2026,21:40:16.531,23.431,15.9,4299.7,85,
31.8.2026,21:40:16.737,23.431,15.9,4299.7,85,
31.8.2026,21:40:16.944,23.431,15.9,4299.7,85,
31.8.2026,21:40:17.150,23.431,15.9,4299.7,85,
31.8.2026,21:40:17.342,23.431,15.9,4299.7,85,
31.8.2026,21:40:17.548,23.431,15.9,4299.7,85,
31.8.2026,21:40:17.753,23.431,15.9,4299.7,85,
31.8.2026,21:40:17.960,23.431,15.9,4299.7,85,
31.8.2026,21:40:18.163,23.431,15.9,4299.7,85,
31.8.2026,21:40:18.368,23.431,15.9,4299.7,85,
31.8.2026,21:40:18.558,23.431,15.9,4299.7,85,
31.8.2026,21:40:18.764,23.431,15.9,4299.7,85,
31.8.2026,21:40:18.970,23.431,15.9,4299.7,85,
31.8.2026,21:40:19.176,23.431,15.9,4299.7,85,
31.8.2026,21:40:19.383,23.431,15.9,4299.7,85,
31.8.2026,21:40:19.591,23.431,15.9,4299.7,85,
31.8.2026,21:40:19.797,23.431,15.9,4299.7,85,
31.8.2026,21:40:20.003,23.431,15.9,4299.7,85,
31.8.2026,21:40:20.208,23.431,15.9,4299.7,85,
31.8.2026,21:40:20.414,23.431,15.9,4299.7,85,
31.8.2026,21:40:20.605,23.431,15.9,4299.7,85,
31.8.2026,21:40:20.810,23.431,15.9,4299.7,85,
31.8.2026,21:40:21.015,23.431,15.9,4299.7,85,
31.8.2026,21:40:21.223,23.431,15.8,4299.7,83,
31.8.2026,21:40:21.430,23.361,15.8,4299.7,83,
31.8.2026,21:40:21.635,23.361,15.8,4299.7,83,
31.8.2026,21:40:21.842,23.361,15.8,4299.7,83,
31.8.2026,21:40:22.062,23.361,15.8,4299.7,83,
31.8.2026,21:40:22.255,23.361,15.8,4299.7,83,
31.8.2026,21:40:22.463,23.361,15.8,4299.7,83,
31.8.2026,21:40:22.653,23.361,15.8,4299.7,83,
31.8.2026,21:40:22.859,23.361,15.8,4299.7,83,
31.8.2026,21:40:23.065,23.361,15.8,4299.7,83,
31.8.2026,21:40:23.271,23.361,15.8,4299.7,83,
31.8.2026,21:40:23.477,23.361,15.8,4299.7,83,
31.8.2026,21:40:23.668,23.361,15.8,4299.7,83,
31.8.2026,21:40:23.876,23.361,15.8,4299.7,83,
31.8.2026,21:40:24.079,23.361,15.8,4299.7,83,
31.8.2026,21:40:24.288,23.361,15.8,4299.7,83,
31.8.2026,21:40:24.492,23.361,15.8,4299.7,83,
31.8.2026,21:40:24.697,23.361,15.8,4299.7,83,
31.8.2026,21:40:24.903,23.361,15.8,4299.7,83,
31.8.2026,21:40:25.109,23.361,15.8,4299.7,83,
31.8.2026,21:40:25.314,23.361,15.8,4299.7,83,
31.8.2026,21:40:25.519,23.361,15.8,4299.7,83,
31.8.2026,21:40:25.727,23.361,15.8,4299.7,83,
31.8.2026,21:40:25.931,23.361,15.8,4299.7,83,
31.8.2026,21:40:26.123,23.322,15.6,4299.7,87,
31.8.2026,21:40:26.327,23.322,15.6,4299.7,87,
31.8.2026,21:40:26.535,23.322,15.6,4299.7,87,
31.8.2026,21:40:26.739,23.322,15.6,4299.7,87,
31.8.2026,21:40:26.945,23.689,15.6,4299.7,87,
31.8.2026,21:40:27.150,23.689,15.6,4299.7,87,
31.8.2026,21:40:27.360,23.689,15.6,4299.7,87,
31.8.2026,21:40:27.565,23.689,15.6,4299.7,87,
31.8.2026,21:40:27.772,23.689,15.6,4299.7,87,
31.8.2026,21:40:27.976,23.689,15.6,4299.7,87,
31.8.2026,21:40:28.182,23.689,15.6,4299.7,87,
31.8.2026,21:40:28.388,23.689,15.6,4299.7,87,
31.8.2026,21:40:28.596,23.689,15.6,4299.7,87,
31.8.2026,21:40:28.801,23.689,15.6,4299.7,87,
31.8.2026,21:40:29.008,23.689,15.6,4299.7,87,
31.8.2026,21:40:29.213,23.689,15.6,4299.7,87,
31.8.2026,21:40:29.422,23.689,15.6,4299.7,87,
31.8.2026,21:40:29.640,23.689,15.6,4299.7,87,
31.8.2026,21:40:29.833,23.689,15.6,4299.7,87,
31.8.2026,21:40:30.036,23.689,15.6,4299.7,87,
31.8.2026,21:40:30.242,23.689,15.6,4299.7,87,
31.8.2026,21:40:30.433,23.689,15.6,4299.7,87,
31.8.2026,21:40:30.641,23.689,15.6,4299.7,87,
31.8.2026,21:40:30.845,23.689,15.6,4299.7,87,
31.8.2026,21:40:31.053,23.689,15.6,4299.7,87,
31.8.2026,21:40:31.256,23.689,15.6,4299.7,87,
31.8.2026,21:40:31.462,23.689,15.6,4299.7,87,
31.8.2026,21:40:31.653,23.689,15.6,4299.7,87,
31.8.2026,21:40:31.861,23.689,15.6,4299.7,87,
31.8.2026,21:40:32.065,23.689,15.6,4299.7,87,
31.8.2026,21:40:32.270,23.689,15.6,4299.7,87,
31.8.2026,21:40:32.477,23.689,15.6,4299.7,87,
31.8.2026,21:40:32.667,23.689,15.6,4299.7,87,
31.8.2026,21:40:32.873,23.689,15.6,4299.7,87,
31.8.2026,21:40:33.080,23.689,15.6,4299.7,87,
31.8.2026,21:40:33.285,23.689,15.6,4299.7,87,
31.8.2026,21:40:33.492,23.689,15.6,4299.7,87,
31.8.2026,21:40:33.696,23.689,12.5,4099.7,85,
31.8.2026,21:40:33.887,23.689,12.5,4099.7,85,
31.8.2026,21:40:34.094,23.689,12.5,4099.7,85,
31.8.2026,21:40:34.300,23.689,12.5,4099.7,85,
31.8.2026,21:40:34.508,23.689,12.5,4099.7,85,
31.8.2026,21:40:34.712,23.689,12.5,4099.7,85,
31.8.2026,21:40:34.903,23.689,12.5,4099.7,85,
31.8.2026,21:40:35.107,23.689,12.5,4099.7,85,
31.8.2026,21:40:35.312,23.689,12.5,4099.7,85,
31.8.2026,21:40:35.519,23.689,12.5,4099.7,85,
31.8.2026,21:40:35.724,23.689,12.5,4099.7,85,
31.8.2026,21:40:35.930,23.689,12.5,4099.7,85,
31.8.2026,21:40:36.120,23.689,12.5,4099.7,85,
31.8.2026,21:40:36.326,23.689,12.5,4099.7,85,
31.8.2026,21:40:36.532,23.689,12.5,4099.7,85,
31.8.2026,21:40:36.737,23.689,12.5,4099.7,85,
31.8.2026,21:40:36.943,23.689,12.5,4099.7,85,
31.8.2026,21:40:37.149,23.689,12.5,4099.7,85,
31.8.2026,21:40:37.339,23.689,12.5,4099.7,85,
31.8.2026,21:40:37.545,23.689,71.6,4699.7,69,
31.8.2026,21:40:37.753,21.432,4.6,4699.7,53,
31.8.2026,21:40:37.962,9.298,5.2,4699.7,52,
31.8.2026,21:40:38.154,8.703,3.2,600.0,52,
31.8.2026,21:40:38.362,8.455,6.7,4699.7,52,
31.8.2026,21:40:38.569,8.921,6.9,4099.7,52,
31.8.2026,21:40:38.775,8.465,3.3,500.0,51,
31.8.2026,21:40:38.967,8.657,8.0,4099.7,52,
31.8.2026,21:40:39.174,8.343,3.4,4099.7,52,
31.8.2026,21:40:39.381,9.057,3.0,4699.7,51,
31.8.2026,21:40:39.575,8.386,10.4,4699.7,51,
31.8.2026,21:40:39.782,8.482,4.9,4099.7,52,
31.8.2026,21:40:39.990,8.542,4.0,4099.7,50,
31.8.2026,21:40:40.196,8.381,5.1,4099.7,52,
31.8.2026,21:40:40.403,10.409,8.4,4099.7,50,
31.8.2026,21:40:40.611,9.529,7.7,4699.7,52,
31.8.2026,21:40:40.817,8.462,4.2,4099.7,51,
31.8.2026,21:40:41.023,8.291,4.9,4099.7,51,
31.8.2026,21:40:41.214,8.356,7.3,4099.7,51,
31.8.2026,21:40:41.421,8.613,4.5,4699.7,50,
31.8.2026,21:40:41.627,8.513,4.1,4099.7,49,
31.8.2026,21:40:41.837,8.526,3.8,4699.7,50,
31.8.2026,21:40:42.027,8.651,8.7,4099.7,50,
31.8.2026,21:40:42.234,8.477,2.0,4099.7,50,
31.8.2026,21:40:42.442,8.682,4.6,4099.7,50,
31.8.2026,21:40:42.648,9.219,3.8,4099.7,49,
31.8.2026,21:40:42.843,8.439,9.4,4099.7,49,
31.8.2026,21:40:43.051,8.503,2.2,4699.7,49,
31.8.2026,21:40:43.261,8.407,6.0,4699.7,48,
31.8.2026,21:40:43.450,8.562,6.0,4699.7,48,
31.8.2026,21:40:43.664,8.285,5.6,4099.7,49,
31.8.2026,21:40:43.857,8.391,5.6,4099.7,49,
31.8.2026,21:40:44.061,9.258,9.9,4099.7,49,
31.8.2026,21:40:44.268,8.640,3.0,4099.7,49,
31.8.2026,21:40:44.478,8.583,4.3,4099.7,48,
31.8.2026,21:40:44.670,7.687,4.9,4099.7,49,
31.8.2026,21:40:44.878,9.763,8.1,4699.7,80,
31.8.2026,21:40:45.083,7.955,4.4,4699.7,78,
31.8.2026,21:40:45.276,8.336,6.6,4099.7,83,
31.8.2026,21:40:45.483,9.514,10.4,4099.7,70,
31.8.2026,21:40:45.689,10.819,6.1,3999.7,64,
31.8.2026,21:40:45.901,9.786,3.5,4099.7,73,
31.8.2026,21:40:46.090,9.786,5.2,4699.7,74,
31.8.2026,21:40:46.304,10.122,9.1,4099.7,49,
31.8.2026,21:40:46.510,10.317,5.7,4099.7,58,
31.8.2026,21:40:46.719,10.109,10.3,4099.7,54,
31.8.2026,21:40:46.929,9.904,3.7,4099.7,55,
31.8.2026,21:40:47.133,10.083,5.9,4099.7,50,
31.8.2026,21:40:47.324,10.364,4.9,500.0,53,
31.8.2026,21:40:47.531,10.412,9.1,4099.7,48,
31.8.2026,21:40:47.739,10.030,5.9,4099.7,49,
31.8.2026,21:40:47.947,9.645,5.3,4699.7,50,
31.8.2026,21:40:48.137,10.408,6.1,4699.7,49,
31.8.2026,21:40:48.343,10.266,9.9,4099.7,49,
31.8.2026,21:40:48.552,10.655,6.3,4099.7,47,
31.8.2026,21:40:48.756,10.752,6.3,4099.7,48,
31.8.2026,21:40:48.948,10.543,4.6,4699.7,48,
31.8.2026,21:40:49.158,10.431,10.5,4699.7,48,
31.8.2026,21:40:49.363,10.314,5.6,4099.7,47,
31.8.2026,21:40:49.569,10.368,5.8,4099.7,47,
31.8.2026,21:40:49.777,10.149,3.9,4699.7,47,
31.8.2026,21:40:49.982,9.680,12.1,4099.7,48,
31.8.2026,21:40:50.190,10.494,6.4,4699.7,47,
31.8.2026,21:40:50.394,11.108,6.9,4099.7,51,
31.8.2026,21:40:50.601,10.852,4.3,4099.7,47,
31.8.2026,21:40:50.807,10.105,5.5,4099.7,48,
31.8.2026,21:40:51.016,10.180,11.3,4099.7,49,
31.8.2026,21:40:51.221,10.233,6.4,4099.7,47,
31.8.2026,21:40:51.428,10.041,4.1,4099.7,47,
31.8.2026,21:40:51.620,10.245,4.6,4099.7,47,
31.8.2026,21:40:51.828,9.829,13.3,4099.7,47,
31.8.2026,21:40:52.033,10.031,3.0,2699.8,47,
31.8.2026,21:40:52.240,10.017,7.0,4099.7,47,
31.8.2026,21:40:52.445,9.745,6.7,4699.7,46,
31.8.2026,21:40:52.637,10.739,9.2,4099.7,47,
31.8.2026,21:40:52.846,9.799,6.8,4099.7,46,
31.8.2026,21:40:53.051,9.939,5.6,4099.7,47,
31.8.2026,21:40:53.260,10.427,4.8,4099.7,46,
31.8.2026,21:40:53.468,10.252,9.3,4099.7,46,
31.8.2026,21:40:53.676,9.997,5.4,4099.7,47,
31.8.2026,21:40:53.884,9.552,6.9,4099.7,47,
31.8.2026,21:40:54.075,10.738,6.7,4699.7,46,
31.8.2026,21:40:54.284,8.251,7.4,4699.7,46,
31.8.2026,21:40:54.489,9.660,5.5,4099.7,46,
31.8.2026,21:40:54.696,10.651,5.0,4099.7,45,
31.8.2026,21:40:54.888,10.108,10.4,4099.7,47,
31.8.2026,21:40:55.093,10.380,4.2,4099.7,46,
31.8.2026,21:40:55.302,10.024,5.1,4699.7,45,
31.8.2026,21:40:55.497,9.597,8.9,4099.7,45,
31.8.2026,21:40:55.704,9.736,6.1,4699.7,46,
31.8.2026,21:40:55.910,9.418,5.0,4099.7,45,
31.8.2026,21:40:56.118,9.816,5.3,4099.7,45,
31.8.2026,21:40:56.311,10.028,9.9,2599.8,45,
31.8.2026,21:40:56.515,9.645,7.0,4099.7,46,
31.8.2026,21:40:56.722,9.812,5.5,4099.7,46,
31.8.2026,21:40:56.932,9.280,4.9,4099.7,46,
31.8.2026,21:40:57.120,9.019,4.9,4099.7,46,
31.8.2026,21:40:57.327,10.538,12.9,4099.7,73,
31.8.2026,21:40:57.535,6.638,3.2,4099.7,46,
31.8.2026,21:40:57.731,10.441,5.5,4099.7,46,
31.8.2026,21:40:57.938,9.184,10.2,4099.7,78,
31.8.2026,21:40:58.147,8.375,3.4,4099.7,74,
31.8.2026,21:40:58.352,8.361,3.1,4099.7,75,
31.8.2026,21:40:58.545,9.094,9.0,4099.7,78,
31.8.2026,21:40:58.750,9.303,8.9,2899.8,60,
31.8.2026,21:40:58.959,9.849,5.5,4099.7,76,
31.8.2026,21:40:59.164,8.648,4.2,4099.7,55,
31.8.2026,21:40:59.355,8.648,4.8,4099.7,65,
31.8.2026,21:40:59.565,9.694,10.5,4099.7,47,
31.8.2026,21:40:59.769,9.757,5.2,4099.7,50,
31.8.2026,21:40:59.976,10.496,5.7,4099.7,49,
31.8.2026,21:41:0.181,10.473,7.3,4699.7,49,
31.8.2026,21:41:0.371,10.864,11.5,4099.7,62,
31.8.2026,21:41:0.580,10.531,7.7,4099.7,49,
31.8.2026,21:41:0.784,11.224,4.3,4699.7,47,
31.8.2026,21:41:0.990,10.248,6.6,4699.7,47,
31.8.2026,21:41:1.197,10.286,6.1,4699.7,47,
31.8.2026,21:41:1.388,10.251,10.6,4099.7,48,
31.8.2026,21:41:1.595,9.986,5.1,4099.7,47,
31.8.2026,21:41:1.805,10.227,5.4,4099.7,47,
31.8.2026,21:41:2.013,9.952,4.6,4099.7,47,
31.8.2026,21:41:2.219,9.981,11.3,4099.7,45,
31.8.2026,21:41:2.425,9.758,5.6,4099.7,46,
31.8.2026,21:41:2.630,10.513,5.7,4099.7,46,
31.8.2026,21:41:2.837,10.721,6.3,1299.9,47,
31.8.2026,21:41:3.027,10.328,10.7,4099.7,45,
31.8.2026,21:41:3.233,9.878,6.1,4699.7,45,
31.8.2026,21:41:3.442,10.251,2.8,4099.7,46,
31.8.2026,21:41:3.645,9.941,12.5,4099.7,61,
31.8.2026,21:41:3.853,12.895,4.1,4099.7,45,
31.8.2026,21:41:4.044,10.200,9.1,4099.7,46,
31.8.2026,21:41:4.249,10.077,9.1,4099.7,45,
31.8.2026,21:41:4.455,10.299,4.9,4099.7,45,
31.8.2026,21:41:4.662,9.639,6.8,4099.7,44,
31.8.2026,21:41:4.869,10.551,4.1,4699.7,45,
31.8.2026,21:41:5.076,9.747,13.3,4099.7,44,
31.8.2026,21:41:5.282,10.099,4.8,4699.7,45,
31.8.2026,21:41:5.488,9.999,5.2,4099.7,44,
31.8.2026,21:41:5.694,10.106,6.5,4099.7,45,
31.8.2026,21:41:5.904,10.442,5.9,4099.7,45,
31.8.2026,21:41:6.111,9.821,9.5,4099.7,45,
31.8.2026,21:41:6.319,9.406,4.2,4699.7,46,
31.8.2026,21:41:6.514,10.181,11.5,4099.7,47,
31.8.2026,21:41:6.728,10.327,2.8,4699.7,45,
31.8.2026,21:41:6.932,10.162,4.8,4099.7,45,
31.8.2026,21:41:7.142,8.779,8.2,4099.7,44,
31.8.2026,21:41:7.352,8.695,4.7,4099.7,45,
31.8.2026,21:41:7.556,8.581,3.5,4099.7,44,
31.8.2026,21:41:7.765,8.066,8.7,4099.7,44,
31.8.2026,21:41:7.969,10.079,7.4,4099.7,45,
31.8.2026,21:41:8.176,10.003,6.1,4099.7,45,
31.8.2026,21:41:8.383,10.079,7.5,4099.7,51,
31.8.2026,21:41:8.589,12.048,6.3,4099.7,45,
31.8.2026,21:41:8.798,10.851,9.2,4699.7,45,
31.8.2026,21:41:9.003,8.967,4.9,4099.7,45,
31.8.2026,21:41:9.210,8.807,5.9,4099.7,44,
31.8.2026,21:41:9.416,8.951,2.9,4099.7,45,
31.8.2026,21:41:9.623,8.471,8.2,4099.7,44,
31.8.2026,21:41:9.830,8.833,5.9,4099.7,45,
31.8.2026,21:41:10.041,9.230,3.9,4099.7,45,
31.8.2026,21:41:10.245,9.299,4.4,4099.7,45,
31.8.2026,21:41:10.451,10.114,10.2,4099.7,46,
31.8.2026,21:41:10.661,10.085,5.7,4699.7,45,
31.8.2026,21:41:10.867,10.730,5.0,4099.7,45,
31.8.2026,21:41:11.074,10.060,4.4,4099.7,45,
31.8.2026,21:41:11.280,9.758,12.5,4099.7,46,
31.8.2026,21:41:11.487,9.865,3.8,4099.7,46,
31.8.2026,21:41:11.693,10.012,3.9,4099.7,45,
31.8.2026,21:41:11.901,9.774,5.2,4099.7,45,
31.8.2026,21:41:12.109,9.710,9.2,4699.7,45,
31.8.2026,21:41:12.315,10.950,8.8,4099.7,46,
31.8.2026,21:41:12.522,9.969,5.1,4099.7,47,
31.8.2026,21:41:12.728,10.175,4.1,2299.8,45,
31.8.2026,21:41:12.919,9.803,12.5,4099.7,44,
31.8.2026,21:41:13.129,10.213,4.6,4099.7,46,
31.8.2026,21:41:13.341,10.077,4.1,4099.7,48,
31.8.2026,21:41:13.551,10.310,7.4,4099.7,45,
31.8.2026,21:41:13.757,7.915,3.7,4099.7,44,
31.8.2026,21:41:13.948,9.681,9.3,4099.7,46,
31.8.2026,21:41:14.155,12.151,13.0,4099.7,45,
31.8.2026,21:41:14.363,10.735,3.7,4099.7,46,
31.8.2026,21:41:14.567,10.392,5.3,4099.7,45,
31.8.2026,21:41:14.775,9.985,6.5,4699.7,46,
31.8.2026,21:41:14.966,10.648,9.5,4099.7,45,
31.8.2026,21:41:15.171,10.125,5.1,4099.7,44,
31.8.2026,21:41:15.379,10.135,7.1,4099.7,44,
31.8.2026,21:41:15.586,10.146,5.5,4099.7,44,
31.8.2026,21:41:15.779,10.006,11.7,4099.7,44,
31.8.2026,21:41:15.983,9.675,3.9,4099.7,45,
31.8.2026,21:41:16.191,10.016,5.9,4699.7,46,
31.8.2026,21:41:16.396,10.343,3.6,4099.7,45,
31.8.2026,21:41:16.601,10.160,7.3,4099.7,45,
31.8.2026,21:41:16.793,10.643,11.1,4099.7,45,
31.8.2026,21:41:17.000,10.139,5.4,4699.7,46,
31.8.2026,21:41:17.211,9.540,3.8,4099.7,44,
31.8.2026,21:41:17.402,9.678,10.9,4099.7,45,
31.8.2026,21:41:17.609,9.564,4.6,1899.9,45,
31.8.2026,21:41:17.816,9.764,4.9,2399.8,44,
31.8.2026,21:41:18.021,9.536,7.1,4099.7,44,
31.8.2026,21:41:18.228,9.630,4.7,4699.7,44,
31.8.2026,21:41:18.418,9.537,11.8,4699.7,44,
31.8.2026,21:41:18.626,9.721,5.1,4099.7,44,
31.8.2026,21:41:18.833,10.256,6.0,4099.7,44,
31.8.2026,21:41:19.039,9.586,4.9,4699.7,44,
31.8.2026,21:41:19.230,9.366,4.9,4699.7,44,
31.8.2026,21:41:19.438,9.012,11.9,4099.7,43,
31.8.2026,21:41:19.646,8.368,2.3,4099.7,43,
31.8.2026,21:41:19.851,8.229,5.3,4099.7,44,
31.8.2026,21:41:20.043,8.229,5.9,4099.7,44,
31.8.2026,21:41:20.251,8.026,9.6,4099.7,70,
31.8.2026,21:41:20.457,9.157,7.2,3099.8,78,
31.8.2026,21:41:20.667,9.908,2.9,4099.7,70,
31.8.2026,21:41:20.873,8.773,11.4,4099.7,75,
31.8.2026,21:41:21.083,8.867,6.0,4099.7,71,
31.8.2026,21:41:21.288,11.225,3.8,4099.7,72,
31.8.2026,21:41:21.494,8.138,4.2,4099.7,77,
31.8.2026,21:41:21.701,8.244,8.3,4099.7,70,
31.8.2026,21:41:21.909,8.355,4.4,4099.7,72,
31.8.2026,21:41:22.113,8.776,4.7,500.0,72,
31.8.2026,21:41:22.321,8.815,4.2,4099.7,72,
31.8.2026,21:41:22.513,8.314,3.7,3799.7,72,
31.8.2026,21:41:22.720,8.206,11.0,500.0,64,
31.8.2026,21:41:22.930,9.664,5.1,2899.8,67,
31.8.2026,21:41:23.135,10.816,8.2,4099.7,52,
31.8.2026,21:41:23.346,8.206,7.1,3999.7,64,
31.8.2026,21:41:23.551,10.085,7.1,4099.7,68,
31.8.2026,21:41:23.758,9.920,3.8,4099.7,57,
31.8.2026,21:41:23.963,8.516,4.6,500.0,75,
31.8.2026,21:41:24.171,9.978,12.6,4099.7,55,
31.8.2026,21:41:24.376,8.974,4.3,4099.7,58,
31.8.2026,21:41:24.583,10.290,6.2,3099.8,74,
31.8.2026,21:41:24.793,10.503,5.4,4099.7,72,
31.8.2026,21:41:24.997,10.967,11.1,1699.9,73,
31.8.2026,21:41:25.206,10.108,3.6,4099.7,75,
31.8.2026,21:41:25.412,8.918,4.1,4099.7,76,
31.8.2026,21:41:25.619,9.328,4.9,4099.7,65,
31.8.2026,21:41:25.811,9.826,8.9,4099.7,64,
31.8.2026,21:41:26.017,9.906,9.6,4099.7,49,
31.8.2026,21:41:26.223,12.963,4.8,4699.7,47,
31.8.2026,21:41:26.433,9.785,5.2,600.0,50,
31.8.2026,21:41:26.636,9.919,8.0,4699.7,51,
31.8.2026,21:41:26.843,12.947,15.0,4099.7,63,
31.8.2026,21:41:27.049,10.616,4.4,4099.7,51,
31.8.2026,21:41:27.257,10.087,5.3,4099.7,52,
31.8.2026,21:41:27.462,10.288,4.4,4699.7,49,
31.8.2026,21:41:27.652,10.252,4.9,4099.7,51,
31.8.2026,21:41:27.861,9.785,10.0,4099.7,45,
31.8.2026,21:41:28.065,10.489,5.8,4099.7,45,
31.8.2026,21:41:28.271,10.936,5.9,4099.7,49,
31.8.2026,21:41:28.480,10.390,4.4,4099.7,46,
31.8.2026,21:41:28.669,10.135,12.1,4099.7,47,
31.8.2026,21:41:28.876,11.357,5.5,4099.7,45,
31.8.2026,21:41:29.083,11.487,6.2,4099.7,44,
31.8.2026,21:41:29.287,10.846,6.6,4099.7,46,
31.8.2026,21:41:29.495,11.222,4.7,4099.7,44,
31.8.2026,21:41:29.683,10.432,10.7,4099.7,45,
31.8.2026,21:41:29.890,10.847,5.1,4099.7,43,
31.8.2026,21:41:30.096,9.961,13.8,4099.7,46,
31.8.2026,21:41:30.302,14.540,4.9,4699.7,44,
31.8.2026,21:41:30.511,10.261,4.4,4699.7,45,
31.8.2026,21:41:30.700,10.383,11.9,4099.7,46,
31.8.2026,21:41:30.908,10.254,5.8,4699.7,44,
31.8.2026,21:41:31.115,10.476,5.6,4099.7,44,
31.8.2026,21:41:31.320,10.284,5.3,4099.7,46,
31.8.2026,21:41:31.512,10.344,4.5,4099.7,44,
31.8.2026,21:41:31.716,10.321,11.5,4099.7,43,
31.8.2026,21:41:31.923,10.223,5.7,4099.7,44,
31.8.2026,21:41:32.129,10.515,6.2,4099.7,44,
31.8.2026,21:41:32.336,10.386,4.3,4099.7,44,
31.8.2026,21:41:32.528,8.398,3.7,4099.7,43,
31.8.2026,21:41:32.732,9.525,12.1,4099.7,43,
31.8.2026,21:41:32.940,11.013,6.4,4099.7,44,
31.8.2026,21:41:33.146,10.161,5.3,4699.7,43,
31.8.2026,21:41:33.352,10.423,6.2,4099.7,45,
31.8.2026,21:41:33.544,9.779,10.5,4099.7,43,
31.8.2026,21:41:33.754,9.792,4.0,4099.7,45,
31.8.2026,21:41:33.964,9.574,5.0,4099.7,44,
31.8.2026,21:41:34.153,10.210,10.2,4099.7,44,
31.8.2026,21:41:34.360,10.195,5.4,4699.7,44,
31.8.2026,21:41:34.567,9.730,5.4,4099.7,43,
31.8.2026,21:41:34.773,9.741,6.8,4099.7,44,
31.8.2026,21:41:34.981,10.509,9.4,4699.7,43,
31.8.2026,21:41:35.184,10.059,8.0,4099.7,44,
31.8.2026,21:41:35.390,9.739,5.2,4699.7,44,
31.8.2026,21:41:35.598,9.930,3.4,4099.7,43,
31.8.2026,21:41:35.804,9.458,5.9,4099.7,43,
31.8.2026,21:41:36.011,9.388,6.0,4099.7,44,
31.8.2026,21:41:36.200,10.011,7.1,4699.7,44,
31.8.2026,21:41:36.407,9.735,4.8,4699.7,43,
31.8.2026,21:41:36.613,9.194,8.0,500.0,43,
31.8.2026,21:41:36.819,9.494,5.8,4099.7,44,
31.8.2026,21:41:37.010,10.087,5.8,4099.7,43,
31.8.2026,21:41:37.218,10.593,12.1,4099.7,69,
31.8.2026,21:41:37.424,9.268,5.3,4699.7,67,
31.8.2026,21:41:37.631,6.210,3.2,4099.7,43,
31.8.2026,21:41:37.837,6.210,3.2,4099.7,43,
31.8.2026,21:41:38.028,6.210,3.2,4099.7,43,
31.8.2026,21:41:38.236,6.210,3.2,4099.7,43,
31.8.2026,21:41:38.443,6.210,3.2,4099.7,43,
31.8.2026,21:41:38.651,6.210,3.2,4099.7,43,
31.8.2026,21:41:38.842,6.210,3.2,4099.7,43,
31.8.2026,21:41:39.049,6.210,3.2,4099.7,43,
31.8.2026,21:41:39.257,6.210,3.2,4099.7,43,
31.8.2026,21:41:39.461,6.210,3.2,4099.7,43,
31.8.2026,21:41:39.668,6.210,3.2,4099.7,43,
31.8.2026,21:41:39.875,6.210,3.2,4099.7,43,
31.8.2026,21:41:40.081,6.210,3.2,4099.7,43,
31.8.2026,21:41:40.288,6.210,3.2,4099.7,43,
31.8.2026,21:41:40.494,6.210,3.2,4099.7,43,
31.8.2026,21:41:40.702,6.210,3.2,4099.7,43,
31.8.2026,21:41:40.908,6.210,3.2,4099.7,43,
31.8.2026,21:41:41.115,6.210,3.2,4099.7,43,
31.8.2026,21:41:41.322,6.210,3.2,4099.7,43,
31.8.2026,21:41:41.513,6.210,3.2,4099.7,43,
31.8.2026,21:41:41.720,6.210,3.2,4099.7,43,
31.8.2026,21:41:41.926,6.210,3.2,4099.7,43,
31.8.2026,21:41:42.133,6.210,3.2,4099.7,43,
31.8.2026,21:41:42.323,6.210,3.2,4099.7,43,
31.8.2026,21:41:42.532,6.210,3.2,4099.7,43,
31.8.2026,21:41:42.739,6.210,3.2,4099.7,43,
31.8.2026,21:41:42.946,6.210,3.2,4099.7,43,
31.8.2026,21:41:43.153,6.210,3.2,4099.7,43,
31.8.2026,21:41:43.358,6.210,3.2,4099.7,43,
31.8.2026,21:41:43.564,6.210,3.2,4099.7,43,
31.8.2026,21:41:43.772,6.210,3.2,4099.7,43,
31.8.2026,21:41:43.979,6.210,3.2,4099.7,43,
31.8.2026,21:41:44.186,6.210,3.2,4099.7,43,
31.8.2026,21:41:44.393,6.210,3.2,4099.7,43,
31.8.2026,21:41:44.600,6.210,3.2,4099.7,43,
31.8.2026,21:41:44.807,6.210,3.2,4099.7,43,
31.8.2026,21:41:44.997,6.210,3.2,4099.7,43,
31.8.2026,21:41:45.204,6.210,3.2,4099.7,43,
31.8.2026,21:41:45.410,6.210,3.2,4099.7,43,
31.8.2026,21:41:45.617,6.210,3.2,4099.7,43,
31.8.2026,21:41:45.809,24.486,3.2,4099.7,43,
31.8.2026,21:41:46.015,24.486,3.2,4099.7,43,
31.8.2026,21:41:46.221,24.486,3.2,4099.7,43,
31.8.2026,21:41:46.428,24.486,3.2,4099.7,43,
31.8.2026,21:41:46.635,24.486,3.2,4099.7,43,
31.8.2026,21:41:46.825,24.486,3.2,4099.7,43,
31.8.2026,21:41:47.032,24.486,3.2,4099.7,43,
31.8.2026,21:41:47.239,24.486,3.2,4099.7,43,
31.8.2026,21:41:47.447,24.486,3.2,4099.7,43,
31.8.2026,21:41:47.638,24.486,3.2,4099.7,43,
31.8.2026,21:41:47.845,24.486,3.2,4099.7,43,
31.8.2026,21:41:48.052,24.486,3.2,4099.7,43,
31.8.2026,21:41:48.259,24.486,3.2,4099.7,43,
31.8.2026,21:41:48.449,24.486,3.2,4099.7,43,
31.8.2026,21:41:48.657,24.486,3.2,4099.7,43,
31.8.2026,21:41:48.864,24.486,3.2,4099.7,43,
31.8.2026,21:41:49.071,24.486,3.2,4099.7,43,
31.8.2026,21:41:49.263,24.486,3.2,4099.7,43,
31.8.2026,21:41:49.470,24.486,3.2,4099.7,43,
31.8.2026,21:41:49.676,24.486,3.2,4099.7,43,
31.8.2026,21:41:49.883,24.486,3.2,4099.7,43,
31.8.2026,21:41:50.091,24.486,3.2,4099.7,43,
31.8.2026,21:41:50.298,24.486,3.2,4099.7,43,
31.8.2026,21:41:50.501,24.486,15.9,4099.7,83,
31.8.2026,21:41:50.711,24.486,15.9,4099.7,83,
31.8.2026,21:41:50.916,24.486,15.9,4099.7,83,
31.8.2026,21:41:51.123,24.486,15.9,4099.7,83,
31.8.2026,21:41:51.329,24.486,15.9,4099.7,83,
31.8.2026,21:41:51.536,24.486,15.9,4099.7,83,
31.8.2026,21:41:51.743,24.486,15.9,4099.7,83,
31.8.2026,21:41:51.934,24.486,15.9,4099.7,83,
31.8.2026,21:41:52.141,24.486,15.9,4099.7,83,
31.8.2026,21:41:52.347,24.486,15.9,4099.7,83,
31.8.2026,21:41:52.554,24.486,15.9,4099.7,83,
31.8.2026,21:41:52.761,24.486,15.9,4099.7,83,
31.8.2026,21:41:52.967,24.486,15.9,4099.7,83,
31.8.2026,21:41:53.174,24.486,15.9,4099.7,83,
31.8.2026,21:41:53.381,24.486,15.9,4099.7,83,
31.8.2026,21:41:53.587,24.486,15.9,4099.7,83,
31.8.2026,21:41:53.778,24.486,15.9,4099.7,83,
31.8.2026,21:41:53.984,24.486,15.9,4099.7,83,
31.8.2026,21:41:54.192,24.486,15.9,4099.7,83,
31.8.2026,21:41:54.398,24.486,15.9,4099.7,83,
31.8.2026,21:41:54.589,24.486,15.9,4099.7,83,
31.8.2026,21:41:54.802,24.486,15.9,4099.7,83,
31.8.2026,21:41:55.001,24.486,15.9,4099.7,83,
31.8.2026,21:41:55.208,24.074,22.7,4299.7,83,
31.8.2026,21:41:55.415,24.074,22.7,4299.7,83,
31.8.2026,21:41:55.606,24.074,22.7,4299.7,83,
31.8.2026,21:41:55.813,24.074,22.7,4299.7,83,
31.8.2026,21:41:56.019,24.074,22.7,4299.7,83,
31.8.2026,21:41:56.227,24.074,22.7,4299.7,83,
31.8.2026,21:41:56.433,24.074,22.7,4299.7,83,
31.8.2026,21:41:56.640,24.074,22.7,4299.7,83,
31.8.2026,21:41:56.847,24.074,22.7,4299.7,83,
31.8.2026,21:41:57.054,24.074,22.7,4299.7,83,
31.8.2026,21:41:57.261,24.074,22.7,4299.7,83,
31.8.2026,21:41:57.468,24.074,22.7,4299.7,83,
31.8.2026,21:41:57.675,24.074,22.7,4299.7,83,
31.8.2026,21:41:57.881,24.074,22.7,4299.7,83,
31.8.2026,21:41:58.088,24.074,22.7,4299.7,83,
31.8.2026,21:41:58.277,24.074,22.7,4299.7,83,
31.8.2026,21:41:58.484,24.074,22.7,4299.7,83,
31.8.2026,21:41:58.692,24.074,22.7,4299.7,83,
31.8.2026,21:41:58.899,24.074,22.7,4299.7,83,
31.8.2026,21:41:59.106,24.074,22.7,4299.7,83,
31.8.2026,21:41:59.313,24.074,22.7,4299.7,83,
31.8.2026,21:41:59.520,24.074,22.7,4299.7,83,
31.8.2026,21:41:59.724,24.074,22.7,4299.7,83,
31.8.2026,21:41:59.931,24.074,22.7,4299.7,83,
31.8.2026,21:42:0.125,24.074,15.9,4299.7,86,
31.8.2026,21:42:0.332,23.693,15.9,4299.7,86,
31.8.2026,21:42:0.535,23.693,15.9,4299.7,86,
31.8.2026,21:42:0.741,23.693,15.9,4299.7,86,
31.8.2026,21:42:0.948,23.693,15.9,4299.7,86,
31.8.2026,21:42:1.155,23.693,15.9,4299.7,86,
31.8.2026,21:42:1.362,23.693,15.9,4299.7,86,
31.8.2026,21:42:1.568,23.693,15.9,4299.7,86,
31.8.2026,21:42:1.775,23.693,15.9,4299.7,86,
31.8.2026,21:42:1.982,23.693,15.9,4299.7,86,
31.8.2026,21:42:2.190,23.693,15.9,4299.7,86,
31.8.2026,21:42:2.396,23.693,15.9,4299.7,86,
31.8.2026,21:42:2.603,23.693,15.9,4299.7,86,
31.8.2026,21:42:2.794,23.693,15.9,4299.7,86,
31.8.2026,21:42:3.000,23.693,15.9,4299.7,86,
31.8.2026,21:42:3.207,23.693,15.9,4299.7,86,
31.8.2026,21:42:3.413,23.693,15.9,4299.7,86,
31.8.2026,21:42:3.618,23.693,15.9,4299.7,86,
31.8.2026,21:42:3.809,23.693,15.9,4299.7,86,
31.8.2026,21:42:4.016,23.693,15.9,4299.7,86,
31.8.2026,21:42:4.223,23.693,15.9,4299.7,86,
31.8.2026,21:42:4.429,23.693,15.9,4299.7,86,
31.8.2026,21:42:4.621,23.693,15.9,4299.7,86,
31.8.2026,21:42:4.827,23.693,15.9,4299.7,86,
31.8.2026,21:42:5.035,23.693,15.9,4299.7,86,
31.8.2026,21:42:5.241,23.693,15.9,4299.7,86,
31.8.2026,21:42:5.448,23.693,15.9,4299.7,86,
31.8.2026,21:42:5.638,23.693,15.9,4299.7,86,
31.8.2026,21:42:5.846,23.693,15.9,4299.7,86,
31.8.2026,21:42:6.053,23.693,16.0,4399.7,85,
31.8.2026,21:42:6.260,23.694,16.0,4399.7,85,
31.8.2026,21:42:6.451,23.694,16.0,4399.7,85,
31.8.2026,21:42:6.658,23.694,16.0,4399.7,85,
31.8.2026,21:42:6.863,23.694,16.0,4399.7,85,
31.8.2026,21:42:7.069,23.694,16.0,4399.7,85,
31.8.2026,21:42:7.276,23.694,16.0,4399.7,85,
31.8.2026,21:42:7.483,23.694,16.0,4399.7,85,
31.8.2026,21:42:7.690,23.694,16.0,4399.7,85,
31.8.2026,21:42:7.896,23.694,16.0,4399.7,85,
31.8.2026,21:42:8.103,23.694,16.0,4399.7,85,
31.8.2026,21:42:8.294,23.694,16.0,4399.7,85,
31.8.2026,21:42:8.500,23.694,16.0,4399.7,85,
31.8.2026,21:42:8.707,23.694,16.0,4399.7,85,
31.8.2026,21:42:8.913,23.694,16.0,4399.7,85,
31.8.2026,21:42:9.120,23.694,16.0,4399.7,85,
31.8.2026,21:42:9.327,23.694,16.0,4399.7,85,
31.8.2026,21:42:9.533,23.694,16.0,4399.7,85,
31.8.2026,21:42:9.741,23.694,16.0,4399.7,85,
31.8.2026,21:42:9.946,23.694,16.0,4399.7,85,
31.8.2026,21:42:10.137,23.694,16.0,4399.7,85,
31.8.2026,21:42:10.344,23.694,16.0,4399.7,85,
31.8.2026,21:42:10.550,23.694,16.0,4399.7,85,
31.8.2026,21:42:10.757,23.694,16.0,4399.7,85,
31.8.2026,21:42:10.963,23.821,16.6,4299.7,86,
31.8.2026,21:42:11.169,23.821,16.6,4299.7,86,
31.8.2026,21:42:11.376,23.821,16.6,4299.7,86,
31.8.2026,21:42:11.583,23.821,16.6,4299.7,86,
31.8.2026,21:42:11.790,23.821,16.6,4299.7,86,
31.8.2026,21:42:11.980,23.821,16.6,4299.7,86,
31.8.2026,21:42:12.187,23.821,16.6,4299.7,86,
31.8.2026,21:42:12.394,23.821,16.6,4299.7,86,
31.8.2026,21:42:12.601,23.821,16.6,4299.7,86,
31.8.2026,21:42:12.807,23.821,16.6,4299.7,86,
31.8.2026,21:42:12.998,23.821,16.6,4299.7,86,
31.8.2026,21:42:13.204,23.821,16.6,4299.7,86,
31.8.2026,21:42:13.411,23.821,16.6,4299.7,86,
31.8.2026,21:42:13.618,23.821,16.6,4299.7,86,
31.8.2026,21:42:13.823,23.821,16.6,4299.7,86,
31.8.2026,21:42:14.033,23.821,16.6,4299.7,86,
31.8.2026,21:42:14.239,23.821,16.6,4299.7,86,
31.8.2026,21:42:14.446,23.821,16.6,4299.7,86,
31.8.2026,21:42:14.649,23.821,16.6,4299.7,86,
31.8.2026,21:42:14.843,23.821,16.6,4299.7,86,
31.8.2026,21:42:15.047,23.821,16.6,4299.7,86,
31.8.2026,21:42:15.253,23.821,16.6,4299.7,86,
31.8.2026,21:42:15.461,23.821,16.6,4299.7,86,
31.8.2026,21:42:15.654,23.821,16.2,4099.7,87,
31.8.2026,21:42:15.857,23.486,16.2,4099.7,87,
31.8.2026,21:42:16.064,23.486,16.2,4099.7,87,
31.8.2026,21:42:16.270,23.486,16.2,4099.7,87,
31.8.2026,21:42:16.477,23.486,16.2,4099.7,87,
31.8.2026,21:42:16.681,23.486,16.2,4099.7,87,
31.8.2026,21:42:16.876,23.486,16.2,4099.7,87,
31.8.2026,21:42:17.082,23.486,16.2,4099.7,87,
31.8.2026,21:42:17.289,23.486,16.2,4099.7,87,
31.8.2026,21:42:17.480,23.486,16.2,4099.7,87,
31.8.2026,21:42:17.686,23.486,16.2,4099.7,87,
31.8.2026,21:42:17.893,23.486,16.2,4099.7,87,
31.8.2026,21:42:18.099,23.486,16.2,4099.7,87,
31.8.2026,21:42:18.306,23.486,16.2,4099.7,87,
31.8.2026,21:42:18.497,23.486,16.2,4099.7,87,
31.8.2026,21:42:18.703,23.486,16.2,4099.7,87,
31.8.2026,21:42:18.910,23.486,16.2,4099.7,87,
31.8.2026,21:42:19.116,23.486,16.2,4099.7,87,
31.8.2026,21:42:19.322,23.486,16.2,4099.7,87,
31.8.2026,21:42:19.529,23.486,16.2,4099.7,87,
31.8.2026,21:42:19.735,23.486,16.2,4099.7,87,
31.8.2026,21:42:19.942,23.486,16.2,4099.7,87,
31.8.2026,21:42:20.149,23.486,16.2,4099.7,87,
31.8.2026,21:42:20.340,23.486,16.2,4099.7,87,
31.8.2026,21:42:20.547,23.486,16.3,4099.7,86,
31.8.2026,21:42:20.753,23.574,16.3,4099.7,86,
31.8.2026,21:42:20.959,23.574,16.3,4099.7,86,
31.8.2026,21:42:21.166,23.574,16.3,4099.7,86,
31.8.2026,21:42:21.360,23.574,16.3,4099.7,86,
31.8.2026,21:42:21.564,23.574,16.3,4099.7,86,
31.8.2026,21:42:21.771,23.574,16.3,4099.7,86,
31.8.2026,21:42:21.976,23.574,16.3,4099.7,86,
31.8.2026,21:42:22.167,23.574,16.3,4099.7,86,
31.8.2026,21:42:22.373,23.574,16.3,4099.7,86,
31.8.2026,21:42:22.580,23.574,16.3,4099.7,86,
31.8.2026,21:42:22.787,23.574,16.3,4099.7,86,
31.8.2026,21:42:22.994,23.574,16.3,4099.7,86,
31.8.2026,21:42:23.185,23.574,16.3,4099.7,86,
31.8.2026,21:42:23.392,23.574,16.3,4099.7,86,
31.8.2026,21:42:23.599,23.574,16.3,4099.7,86,
31.8.2026,21:42:23.806,23.574,16.3,4099.7,86,
31.8.2026,21:42:23.996,23.574,16.3,4099.7,86,
31.8.2026,21:42:24.203,23.574,16.3,4099.7,86,
31.8.2026,21:42:24.410,23.574,16.3,4099.7,86,
31.8.2026,21:42:24.617,23.574,16.3,4099.7,86,
31.8.2026,21:42:24.824,23.574,16.3,4099.7,86,
31.8.2026,21:42:25.032,23.574,16.3,4099.7,86,
31.8.2026,21:42:25.237,23.574,16.4,4399.7,86,
31.8.2026,21:42:25.444,23.505,16.4,4399.7,86,
31.8.2026,21:42:25.651,23.505,16.4,4399.7,86,
31.8.2026,21:42:25.839,23.505,16.4,4399.7,86,
31.8.2026,21:42:26.049,23.505,16.4,4399.7,86,
31.8.2026,21:42:26.255,23.505,16.4,4399.7,86,
31.8.2026,21:42:26.462,23.505,16.4,4399.7,86,
31.8.2026,21:42:26.667,23.505,16.4,4399.7,86,
31.8.2026,21:42:26.873,23.505,16.4,4399.7,86,
31.8.2026,21:42:27.080,23.505,16.4,4399.7,86,
31.8.2026,21:42:27.286,23.505,16.4,4399.7,86,
31.8.2026,21:42:27.493,23.505,16.4,4399.7,86,
31.8.2026,21:42:27.684,23.505,16.4,4399.7,86,
31.8.2026,21:42:27.890,23.505,16.4,4399.7,86,
31.8.2026,21:42:28.097,23.505,16.4,4399.7,86,
31.8.2026,21:42:28.303,23.505,16.4,4399.7,86,
31.8.2026,21:42:28.510,23.505,16.4,4399.7,86,
31.8.2026,21:42:28.718,23.505,16.4,4399.7,86,
31.8.2026,21:42:28.924,23.505,16.4,4399.7,86,
31.8.2026,21:42:29.131,23.505,16.4,4399.7,86,
31.8.2026,21:42:29.338,23.505,16.4,4399.7,86,
31.8.2026,21:42:29.529,23.505,16.4,4399.7,86,
31.8.2026,21:42:29.736,23.505,16.4,4399.7,86,
31.8.2026,21:42:29.942,23.505,15.9,4099.7,86,
31.8.2026,21:42:30.149,23.338,15.9,4099.7,86,
31.8.2026,21:42:30.340,23.338,15.9,4099.7,86,
31.8.2026,21:42:30.547,23.338,15.9,4099.7,86,
31.8.2026,21:42:30.754,23.338,15.9,4099.7,86,
31.8.2026,21:42:30.960,23.338,15.9,4099.7,86,
31.8.2026,21:42:31.167,23.338,15.9,4099.7,86,
31.8.2026,21:42:31.375,23.338,15.9,4099.7,86,
31.8.2026,21:42:31.580,23.338,15.9,4099.7,86,
31.8.2026,21:42:31.787,23.338,15.9,4099.7,86,
31.8.2026,21:42:31.993,23.338,15.9,4099.7,86,
31.8.2026,21:42:32.182,23.338,15.9,4099.7,86,
31.8.2026,21:42:32.390,23.338,15.9,4099.7,86,
31.8.2026,21:42:32.597,23.338,15.9,4099.7,86,
31.8.2026,21:42:32.803,23.338,15.9,4099.7,86,
31.8.2026,21:42:33.010,23.338,15.9,4099.7,86,
31.8.2026,21:42:33.201,23.338,15.9,4099.7,86,
31.8.2026,21:42:33.409,23.338,15.9,4099.7,86,
31.8.2026,21:42:33.616,23.338,15.9,4099.7,86,
31.8.2026,21:42:33.823,23.338,15.9,4099.7,86,
31.8.2026,21:42:34.013,23.338,15.9,4099.7,86,
31.8.2026,21:42:34.221,23.338,15.9,4099.7,86,
31.8.2026,21:42:34.427,23.338,15.9,4099.7,86,
31.8.2026,21:42:34.635,23.338,15.9,4099.7,86,
31.8.2026,21:42:34.824,23.338,16.3,4299.7,86,
31.8.2026,21:42:35.031,23.358,16.3,4299.7,86,
31.8.2026,21:42:35.238,23.358,16.3,4299.7,86,
31.8.2026,21:42:35.445,23.358,16.3,4299.7,86,
31.8.2026,21:42:35.652,23.358,16.3,4299.7,86,
31.8.2026,21:42:35.842,23.358,16.3,4299.7,86,
31.8.2026,21:42:36.046,23.358,16.3,4299.7,86,
31.8.2026,21:42:36.253,23.358,16.3,4299.7,86,
31.8.2026,21:42:36.460,23.358,16.3,4299.7,86,
31.8.2026,21:42:36.650,23.358,16.3,4299.7,86,
31.8.2026,21:42:36.860,23.358,16.3,4299.7,86,
31.8.2026,21:42:37.065,23.358,16.3,4299.7,86,
31.8.2026,21:42:37.272,23.358,16.3,4299.7,86,
31.8.2026,21:42:37.478,23.358,16.3,4299.7,86,
31.8.2026,21:42:37.670,21.691,28.3,4699.7,78,
31.8.2026,21:42:37.878,22.581,33.0,3899.7,64,
31.8.2026,21:42:38.082,18.357,13.5,4099.7,58,
31.8.2026,21:42:38.289,8.819,3.1,4099.7,57,
31.8.2026,21:42:38.495,8.813,4.3,4099.7,54,
31.8.2026,21:42:38.703,8.977,10.0,4099.7,55,
31.8.2026,21:42:38.910,10.198,5.8,4099.7,54,
31.8.2026,21:42:39.119,8.652,3.9,4099.7,54,
31.8.2026,21:42:39.307,8.535,2.9,4699.7,55,
31.8.2026,21:42:39.513,13.233,15.3,4099.7,59,
31.8.2026,21:42:39.723,9.205,6.3,4099.7,52,
31.8.2026,21:42:39.928,9.003,3.7,4099.7,52,
31.8.2026,21:42:40.135,8.612,3.3,4699.7,53,
31.8.2026,21:42:40.344,8.666,8.3,4699.7,52,
31.8.2026,21:42:40.550,9.153,3.3,4099.7,51,
31.8.2026,21:42:40.758,10.958,7.7,4099.7,53,
31.8.2026,21:42:40.962,10.284,7.1,4099.7,64,
31.8.2026,21:42:41.154,11.649,10.6,4699.7,54,
31.8.2026,21:42:41.361,9.702,7.9,4099.7,51,
31.8.2026,21:42:41.568,11.874,7.2,4699.7,50,
31.8.2026,21:42:41.775,9.397,3.6,4699.7,51,
31.8.2026,21:42:41.984,9.339,7.7,3899.7,51,
31.8.2026,21:42:42.194,8.302,4.5,4099.7,51,
31.8.2026,21:42:42.403,8.586,3.0,4099.7,50,
31.8.2026,21:42:42.607,8.920,9.9,4099.7,51,
31.8.2026,21:42:42.814,8.715,4.2,2899.8,51,
31.8.2026,21:42:43.021,12.340,4.2,2899.8,51,
31.8.2026,21:42:43.226,12.340,4.2,2899.8,51,
31.8.2026,21:42:43.434,12.340,4.2,2899.8,51,
31.8.2026,21:42:43.639,12.340,4.2,2899.8,51,
31.8.2026,21:42:43.846,12.340,4.2,2899.8,51,
31.8.2026,21:42:44.051,12.340,4.2,2899.8,51,
31.8.2026,21:42:44.258,12.340,4.2,2899.8,51,
31.8.2026,21:42:44.463,12.340,4.2,2899.8,51,
31.8.2026,21:42:44.670,12.340,4.2,2899.8,51,
31.8.2026,21:42:44.876,12.340,4.2,2899.8,51,
31.8.2026,21:42:45.082,12.340,4.2,2899.8,51,
31.8.2026,21:42:45.290,12.340,4.2,2899.8,51,
31.8.2026,21:42:45.479,12.340,4.2,2899.8,51,
31.8.2026,21:42:45.686,12.340,4.2,2899.8,51,
31.8.2026,21:42:45.891,12.340,4.2,2899.8,51,
31.8.2026,21:42:46.097,12.340,4.2,2899.8,51,
31.8.2026,21:42:46.303,12.340,4.2,2899.8,51,
31.8.2026,21:42:46.509,12.340,4.2,2899.8,51,
31.8.2026,21:42:46.701,12.340,4.2,2899.8,51,
31.8.2026,21:42:46.905,12.340,4.2,2899.8,51,
31.8.2026,21:42:47.111,12.340,4.2,2899.8,51,
31.8.2026,21:42:47.317,12.340,4.2,2899.8,51,
31.8.2026,21:42:47.524,12.340,4.2,2899.8,51,
31.8.2026,21:42:47.715,12.340,4.2,2899.8,51,
31.8.2026,21:42:47.922,12.340,4.2,2899.8,51,
31.8.2026,21:42:48.127,12.340,4.2,2899.8,51,
31.8.2026,21:42:48.335,12.340,4.2,2899.8,51,
31.8.2026,21:42:48.539,12.340,4.2,2899.8,51,
31.8.2026,21:42:48.730,12.340,4.2,2899.8,51,
31.8.2026,21:42:48.935,12.340,4.2,2899.8,51,
31.8.2026,21:42:49.141,12.340,4.2,2899.8,51,
31.8.2026,21:42:49.346,12.340,4.2,2899.8,51,
31.8.2026,21:42:49.553,12.340,4.2,2899.8,51,
31.8.2026,21:42:49.759,12.340,4.2,2899.8,51,
31.8.2026,21:42:49.950,12.340,4.2,2899.8,51,
31.8.2026,21:42:50.157,12.340,4.2,2899.8,51,
31.8.2026,21:42:50.362,12.340,4.2,2899.8,51,
31.8.2026,21:42:50.568,12.340,4.2,2899.8,51,
31.8.2026,21:42:50.774,12.340,4.2,2899.8,51,
31.8.2026,21:42:50.965,12.340,4.2,2899.8,51,
31.8.2026,21:42:51.170,12.340,4.2,2899.8,51,
31.8.2026,21:42:51.377,12.340,4.2,2899.8,51,
31.8.2026,21:42:51.584,12.340,4.2,2899.8,51,
31.8.2026,21:42:51.788,12.340,4.2,2899.8,51,
31.8.2026,21:42:51.995,12.340,4.2,2899.8,51,
31.8.2026,21:42:52.202,12.340,4.2,2899.8,51,
31.8.2026,21:42:52.408,12.340,4.2,2899.8,51,
31.8.2026,21:42:52.616,12.340,4.2,2899.8,51,
31.8.2026,21:42:52.820,12.340,4.2,2899.8,51,
31.8.2026,21:42:53.011,12.340,3.9,4299.7,86,
31.8.2026,21:42:53.218,12.340,3.9,4299.7,86,
31.8.2026,21:42:53.423,12.340,3.9,4299.7,86,
31.8.2026,21:42:53.629,12.340,3.9,4299.7,86,
31.8.2026,21:42:53.835,12.340,3.9,4299.7,86,
31.8.2026,21:42:54.028,12.340,3.9,4299.7,86,
31.8.2026,21:42:54.232,12.340,3.9,4299.7,86,
31.8.2026,21:42:54.440,12.340,3.9,4299.7,86,
31.8.2026,21:42:54.644,12.340,3.9,4299.7,86,
31.8.2026,21:42:54.851,12.340,3.9,4299.7,86,
31.8.2026,21:42:55.057,12.340,3.9,4299.7,86,
31.8.2026,21:42:55.263,12.340,3.9,4299.7,86,
31.8.2026,21:42:55.470,12.340,3.9,4299.7,86,
31.8.2026,21:42:55.675,12.340,3.9,4299.7,86,
31.8.2026,21:42:55.883,12.340,3.9,4299.7,86,
31.8.2026,21:42:56.085,12.340,3.9,4299.7,86,
31.8.2026,21:42:56.293,12.340,3.9,4299.7,86,
31.8.2026,21:42:56.512,12.340,3.9,4299.7,86,
31.8.2026,21:42:56.705,12.340,3.9,4299.7,86,
31.8.2026,21:42:56.911,12.340,3.9,4299.7,86,
31.8.2026,21:42:57.117,12.340,3.9,4299.7,86,
31.8.2026,21:42:57.309,12.340,3.9,4299.7,86,
31.8.2026,21:42:57.513,12.340,3.9,4299.7,86,
31.8.2026,21:42:57.720,12.340,3.9,4299.7,86,
31.8.2026,21:42:57.926,12.340,46.5,4299.7,88,
31.8.2026,21:42:58.132,22.126,46.5,4299.7,88,
31.8.2026,21:42:58.337,22.126,46.5,4299.7,88,
31.8.2026,21:42:58.528,22.126,46.5,4299.7,88,
31.8.2026,21:42:58.734,22.126,46.5,4299.7,88,
31.8.2026,21:42:58.939,22.126,46.5,4299.7,88,
31.8.2026,21:42:59.145,22.126,46.5,4299.7,88,
31.8.2026,21:42:59.352,22.126,46.5,4299.7,88,
31.8.2026,21:42:59.557,22.126,46.5,4299.7,88,
31.8.2026,21:42:59.764,22.126,46.5,4299.7,88,
31.8.2026,21:42:59.969,22.126,46.5,4299.7,88,
31.8.2026,21:43:0.176,22.126,46.5,4299.7,88,
31.8.2026,21:43:0.381,22.126,46.5,4299.7,88,
31.8.2026,21:43:0.572,22.126,46.5,4299.7,88,
31.8.2026,21:43:0.777,22.126,46.5,4299.7,88,
31.8.2026,21:43:0.985,22.126,46.5,4299.7,88,
31.8.2026,21:43:1.192,22.126,46.5,4299.7,88,
31.8.2026,21:43:1.396,22.126,46.5,4299.7,88,
31.8.2026,21:43:1.603,22.126,46.5,4299.7,88,
31.8.2026,21:43:1.791,22.126,46.5,4299.7,88,
31.8.2026,21:43:1.999,22.126,46.5,4299.7,88,
31.8.2026,21:43:2.204,22.126,46.5,4299.7,88,
31.8.2026,21:43:2.411,22.126,46.5,4299.7,88,
31.8.2026,21:43:2.614,22.126,15.9,4199.7,86,
31.8.2026,21:43:2.822,21.929,15.9,4199.7,86,
31.8.2026,21:43:3.011,21.929,15.9,4199.7,86,
31.8.2026,21:43:3.218,21.929,15.9,4199.7,86,
31.8.2026,21:43:3.422,21.929,15.9,4199.7,86,
31.8.2026,21:43:3.627,21.929,15.9,4199.7,86,
31.8.2026,21:43:3.833,21.929,15.9,4199.7,86,
31.8.2026,21:43:4.039,21.929,15.9,4199.7,86,
31.8.2026,21:43:4.230,21.929,15.9,4199.7,86,
31.8.2026,21:43:4.439,21.929,15.9,4199.7,86,
31.8.2026,21:43:4.643,21.929,15.9,4199.7,86,
31.8.2026,21:43:4.849,21.929,15.9,4199.7,86,
31.8.2026,21:43:5.058,21.929,15.9,4199.7,86,
31.8.2026,21:43:5.246,21.929,15.9,4199.7,86,
31.8.2026,21:43:5.453,21.929,15.9,4199.7,86,
31.8.2026,21:43:5.658,21.929,15.9,4199.7,86,
31.8.2026,21:43:5.865,21.929,15.9,4199.7,86,
31.8.2026,21:43:6.069,21.929,15.9,4199.7,86,
31.8.2026,21:43:6.276,21.929,15.9,4199.7,86,
31.8.2026,21:43:6.481,21.929,15.9,4199.7,86,
31.8.2026,21:43:6.689,21.929,15.9,4199.7,86,
31.8.2026,21:43:6.894,21.929,15.9,4199.7,86,
31.8.2026,21:43:7.101,21.929,15.9,4199.7,86,
31.8.2026,21:43:7.293,21.929,15.9,4199.7,86,
31.8.2026,21:43:7.499,22.002,15.8,4299.7,86,
31.8.2026,21:43:7.705,22.002,15.8,4299.7,86,
31.8.2026,21:43:7.910,22.002,15.8,4299.7,86,
31.8.2026,21:43:8.116,22.002,15.8,4299.7,86,
31.8.2026,21:43:8.320,22.002,15.8,4299.7,86,
31.8.2026,21:43:8.511,22.002,15.8,4299.7,86,
31.8.2026,21:43:8.717,22.002,15.8,4299.7,86,
31.8.2026,21:43:8.923,22.002,15.8,4299.7,86,
31.8.2026,21:43:9.129,22.002,15.8,4299.7,86,
31.8.2026,21:43:9.336,22.002,15.8,4299.7,86,
31.8.2026,21:43:9.541,22.002,15.8,4299.7,86,
31.8.2026,21:43:9.749,22.002,15.8,4299.7,86,
31.8.2026,21:43:9.954,22.002,15.8,4299.7,86,
31.8.2026,21:43:10.160,22.002,15.8,4299.7,86,
31.8.2026,21:43:10.366,22.002,15.8,4299.7,86,
31.8.2026,21:43:10.558,22.002,15.8,4299.7,86,
31.8.2026,21:43:10.765,22.002,15.8,4299.7,86,
31.8.2026,21:43:10.969,22.002,15.8,4299.7,86,
31.8.2026,21:43:11.177,22.002,15.8,4299.7,86,
31.8.2026,21:43:11.380,22.002,15.8,4299.7,86,
31.8.2026,21:43:11.589,22.002,15.8,4299.7,86,
31.8.2026,21:43:11.776,22.002,15.8,4299.7,86,
31.8.2026,21:43:11.983,22.002,15.8,4299.7,86,
31.8.2026,21:43:12.189,22.002,15.8,4299.7,86,
31.8.2026,21:43:12.396,22.002,16.0,4199.7,88,
31.8.2026,21:43:12.604,21.907,16.0,4199.7,88,
31.8.2026,21:43:12.793,21.907,16.0,4199.7,88,
31.8.2026,21:43:13.000,21.907,16.0,4199.7,88,
31.8.2026,21:43:13.205,21.907,16.0,4199.7,88,
31.8.2026,21:43:13.411,21.907,16.0,4199.7,88,
31.8.2026,21:43:13.621,21.907,16.0,4199.7,88,
31.8.2026,21:43:13.809,21.907,16.0,4199.7,88,
31.8.2026,21:43:14.016,21.907,16.0,4199.7,88,
31.8.2026,21:43:14.225,21.907,16.0,4199.7,88,
31.8.2026,21:43:14.428,21.907,16.0,4199.7,88,
31.8.2026,21:43:14.636,21.907,16.0,4199.7,88,
31.8.2026,21:43:14.841,21.907,16.0,4199.7,88,
31.8.2026,21:43:15.048,21.907,16.0,4199.7,88,
31.8.2026,21:43:15.255,21.907,16.0,4199.7,88,
31.8.2026,21:43:15.460,21.907,16.0,4199.7,88,
31.8.2026,21:43:15.667,21.907,16.0,4199.7,88,
31.8.2026,21:43:15.872,21.907,16.0,4199.7,88,
31.8.2026,21:43:16.078,21.907,16.0,4199.7,88,
31.8.2026,21:43:16.285,21.907,16.0,4199.7,88,
31.8.2026,21:43:16.490,21.907,16.0,4199.7,88,
31.8.2026,21:43:16.696,21.907,16.0,4199.7,88,
31.8.2026,21:43:16.887,21.907,16.0,4199.7,88,
31.8.2026,21:43:17.093,21.907,16.0,4199.7,88,
31.8.2026,21:43:17.298,21.907,16.3,4199.7,88,
31.8.2026,21:43:17.505,22.083,16.3,4199.7,88,
31.8.2026,21:43:17.713,22.083,16.3,4199.7,88,
31.8.2026,21:43:17.902,22.083,16.3,4199.7,88,
31.8.2026,21:43:18.107,22.083,16.3,4199.7,88,
31.8.2026,21:43:18.313,22.083,16.3,4199.7,88,
31.8.2026,21:43:18.518,22.083,16.3,4199.7,88,
31.8.2026,21:43:18.723,22.083,16.3,4199.7,88,
31.8.2026,21:43:18.932,22.083,16.3,4199.7,88,
31.8.2026,21:43:19.120,22.083,16.3,4199.7,88,
31.8.2026,21:43:19.329,22.083,16.3,4199.7,88,
31.8.2026,21:43:19.531,22.083,16.3,4199.7,88,
31.8.2026,21:43:19.737,22.083,16.3,4199.7,88,
31.8.2026,21:43:19.942,22.083,16.3,4199.7,88,
31.8.2026,21:43:20.149,22.083,16.3,4199.7,88,
31.8.2026,21:43:20.353,22.083,16.3,4199.7,88,
31.8.2026,21:43:20.545,22.083,16.3,4199.7,88,
31.8.2026,21:43:20.749,22.083,16.3,4199.7,88,
31.8.2026,21:43:20.956,22.083,16.3,4199.7,88,
31.8.2026,21:43:21.161,22.083,16.3,4199.7,88,
31.8.2026,21:43:21.367,22.083,16.3,4199.7,88,
31.8.2026,21:43:21.559,22.083,16.3,4199.7,88,
31.8.2026,21:43:21.763,22.083,16.3,4199.7,88,
31.8.2026,21:43:21.970,22.083,16.3,4199.7,88,
31.8.2026,21:43:22.177,22.083,16.3,4199.7,88,
31.8.2026,21:43:22.382,22.083,16.3,4199.7,88,
31.8.2026,21:43:22.578,22.083,16.3,4199.7,88,
31.8.2026,21:43:22.781,22.083,16.3,4199.7,88,
31.8.2026,21:43:22.987,22.083,16.3,4199.7,88,
31.8.2026,21:43:23.193,22.083,16.3,4199.7,88,
31.8.2026,21:43:23.399,22.083,16.3,4199.7,88,
31.8.2026,21:43:23.590,22.083,16.3,4199.7,88,
31.8.2026,21:43:23.796,22.083,16.3,4199.7,88,
31.8.2026,21:43:24.003,22.083,16.3,4199.7,88,
31.8.2026,21:43:24.209,22.083,16.3,4199.7,88,
31.8.2026,21:43:24.419,22.083,16.3,4199.7,88,
31.8.2026,21:43:24.608,22.083,16.3,4199.7,88,
31.8.2026,21:43:24.815,22.083,16.3,4199.7,88,
31.8.2026,21:43:25.020,22.083,16.3,4199.7,88,
31.8.2026,21:43:25.224,22.083,16.3,4199.7,88,
31.8.2026,21:43:25.431,22.083,16.3,4199.7,88,
31.8.2026,21:43:25.623,22.083,16.3,4199.7,88,
31.8.2026,21:43:25.829,22.083,16.3,4199.7,88,
31.8.2026,21:43:26.036,22.083,16.3,4199.7,88,
31.8.2026,21:43:26.242,22.083,16.3,4199.7,88,
31.8.2026,21:43:26.448,22.083,16.3,4199.7,88,
31.8.2026,21:43:26.654,22.083,16.3,4199.7,88,
31.8.2026,21:43:26.863,22.083,16.3,4199.7,88,
31.8.2026,21:43:27.066,24.181,23.3,4199.7,87,
31.8.2026,21:43:27.275,24.181,23.3,4199.7,87,
31.8.2026,21:43:27.478,24.181,23.3,4199.7,87,
31.8.2026,21:43:27.669,24.181,23.3,4199.7,87,
31.8.2026,21:43:27.875,24.181,23.3,4199.7,87,
31.8.2026,21:43:28.080,24.181,23.3,4199.7,87,
31.8.2026,21:43:28.286,24.181,23.3,4199.7,87,
31.8.2026,21:43:28.492,24.181,23.3,4199.7,87,
31.8.2026,21:43:28.685,24.181,23.3,4199.7,87,
31.8.2026,21:43:28.891,24.181,23.3,4199.7,87,
31.8.2026,21:43:29.098,24.181,23.3,4199.7,87,
31.8.2026,21:43:29.302,24.181,23.3,4199.7,87,
31.8.2026,21:43:29.510,24.181,23.3,4199.7,87,
31.8.2026,21:43:29.698,24.181,23.3,4199.7,87,
31.8.2026,21:43:29.906,24.181,23.3,4199.7,87,
31.8.2026,21:43:30.110,24.181,23.3,4199.7,87,
31.8.2026,21:43:30.318,24.181,23.3,4199.7,87,
31.8.2026,21:43:30.523,24.181,23.3,4199.7,87,
31.8.2026,21:43:30.714,24.181,23.3,4199.7,87,
31.8.2026,21:43:30.919,24.181,23.3,4199.7,87,
31.8.2026,21:43:31.126,24.181,23.3,4199.7,87,
31.8.2026,21:43:31.332,24.181,23.3,4199.7,87,
31.8.2026,21:43:31.537,24.181,23.3,4199.7,87,
31.8.2026,21:43:31.742,24.181,17.4,4299.7,86,
31.8.2026,21:43:31.933,22.172,17.4,4299.7,86,
31.8.2026,21:43:32.138,22.172,17.4,4299.7,86,
31.8.2026,21:43:32.346,22.172,17.4,4299.7,86,
31.8.2026,21:43:32.551,22.172,17.4,4299.7,86,
31.8.2026,21:43:32.757,22.172,17.4,4299.7,86,
31.8.2026,21:43:32.966,22.172,17.4,4299.7,86,
31.8.2026,21:43:33.169,22.172,17.4,4299.7,86,
31.8.2026,21:43:33.377,22.172,17.4,4299.7,86,
31.8.2026,21:43:33.581,22.172,17.4,4299.7,86,
31.8.2026,21:43:33.788,22.172,17.4,4299.7,86,
31.8.2026,21:43:33.994,22.172,17.4,4299.7,86,
31.8.2026,21:43:34.184,22.172,17.4,4299.7,86,
31.8.2026,21:43:34.390,22.172,17.4,4299.7,86,
31.8.2026,21:43:34.597,22.172,17.4,4299.7,86,
31.8.2026,21:43:34.804,22.172,17.4,4299.7,86,
31.8.2026,21:43:35.010,22.172,17.4,4299.7,86,
31.8.2026,21:43:35.216,22.702,17.4,4299.7,86,
31.8.2026,21:43:35.422,22.702,17.4,4299.7,86,
31.8.2026,21:43:35.629,22.702,17.4,4299.7,86,
31.8.2026,21:43:35.836,22.702,17.4,4299.7,86,
31.8.2026,21:43:36.041,22.702,17.4,4299.7,86,
31.8.2026,21:43:36.247,22.702,17.4,4299.7,86,
31.8.2026,21:43:36.454,22.702,17.4,4299.7,86,
31.8.2026,21:43:36.660,22.702,17.4,4299.7,86,
31.8.2026,21:43:36.866,22.702,17.4,4299.7,86,
31.8.2026,21:43:37.073,22.702,17.4,4299.7,86,
31.8.2026,21:43:37.280,22.702,17.4,4299.7,86,
31.8.2026,21:43:37.485,22.702,17.4,4299.7,86,
31.8.2026,21:43:37.691,22.702,17.4,4299.7,86,
31.8.2026,21:43:37.898,22.702,17.4,4299.7,86,
31.8.2026,21:43:38.102,22.702,17.4,4299.7,86,
31.8.2026,21:43:38.292,22.702,17.4,4299.7,86,
31.8.2026,21:43:38.498,22.702,17.4,4299.7,86,
31.8.2026,21:43:38.704,22.702,17.4,4299.7,86,
31.8.2026,21:43:38.911,22.702,17.4,4299.7,86,
31.8.2026,21:43:39.116,22.702,17.4,4299.7,86,
31.8.2026,21:43:39.322,22.702,17.4,4299.7,86,
31.8.2026,21:43:39.532,22.702,17.4,4299.7,86,
31.8.2026,21:43:39.736,22.702,17.4,4299.7,86,
31.8.2026,21:43:39.943,22.702,17.4,4299.7,86,
31.8.2026,21:43:40.149,22.702,15.2,4099.7,88,
31.8.2026,21:43:40.340,22.702,15.2,4099.7,88,
31.8.2026,21:43:40.545,22.702,15.2,4099.7,88,
31.8.2026,21:43:40.752,22.702,15.2,4099.7,88,
31.8.2026,21:43:40.960,22.702,15.2,4099.7,88,
31.8.2026,21:43:41.165,22.702,15.2,4099.7,88,
31.8.2026,21:43:41.355,22.702,15.2,4099.7,88,
31.8.2026,21:43:41.562,22.702,15.2,4099.7,88,
31.8.2026,21:43:41.767,22.702,15.2,4099.7,88,
31.8.2026,21:43:41.973,22.702,15.2,4099.7,88,
31.8.2026,21:43:42.179,22.702,15.2,4099.7,88,
31.8.2026,21:43:42.372,22.702,15.2,4099.7,88,
31.8.2026,21:43:42.577,22.702,15.2,4099.7,88,
31.8.2026,21:43:42.781,22.702,15.2,4099.7,88,
31.8.2026,21:43:42.987,22.706,16.3,4099.7,62,
31.8.2026,21:43:43.196,21.704,3.6,4099.7,52,
31.8.2026,21:43:43.400,8.426,8.4,4099.7,53,
31.8.2026,21:43:43.592,8.744,8.4,4099.7,53,
31.8.2026,21:43:43.801,8.305,6.8,4099.7,52,
31.8.2026,21:43:44.009,8.816,2.7,4099.7,52,
31.8.2026,21:43:44.201,9.942,5.3,4699.7,51,
31.8.2026,21:43:44.407,9.895,9.6,4099.7,81,
31.8.2026,21:43:44.615,9.233,5.5,4099.7,80,
31.8.2026,21:43:44.823,10.621,6.6,4099.7,81,
31.8.2026,21:43:45.015,8.645,2.4,4099.7,79,
31.8.2026,21:43:45.220,10.542,8.5,899.9,72,
31.8.2026,21:43:45.426,9.174,8.6,4099.7,72,
31.8.2026,21:43:45.634,8.485,2.2,4099.7,68,
31.8.2026,21:43:45.826,8.485,6.0,4099.7,76,
31.8.2026,21:43:46.032,11.094,11.3,3899.7,74,
31.8.2026,21:43:46.241,8.868,4.0,4099.7,57,
31.8.2026,21:43:46.450,9.598,5.2,4099.7,57,
31.8.2026,21:43:46.658,9.445,10.2,4099.7,54,
31.8.2026,21:43:46.866,8.054,4.4,4699.7,57,
31.8.2026,21:43:47.074,8.582,4.1,4099.7,55,
31.8.2026,21:43:47.279,8.801,6.9,4099.7,57,
31.8.2026,21:43:47.485,8.362,30.1,4099.7,67,
31.8.2026,21:43:47.692,20.341,22.9,4699.7,68,
31.8.2026,21:43:47.897,20.512,16.7,500.0,77,
31.8.2026,21:43:48.117,17.575,22.4,4099.7,65,
31.8.2026,21:43:48.293,21.063,18.2,4099.7,83,
31.8.2026,21:43:48.500,15.524,46.9,4099.7,64,
31.8.2026,21:43:48.707,25.109,5.5,4699.7,54,
31.8.2026,21:43:48.917,10.537,5.5,500.0,51,
31.8.2026,21:43:49.106,8.395,5.8,4099.7,53,
31.8.2026,21:43:49.313,8.450,10.7,500.0,57,
31.8.2026,21:43:49.521,11.073,6.3,2999.8,49,
31.8.2026,21:43:49.728,9.223,2.6,4099.7,51,
31.8.2026,21:43:49.919,8.611,9.1,4099.7,50,
31.8.2026,21:43:50.125,8.715,13.4,4699.7,70,
31.8.2026,21:43:50.331,18.071,50.8,4099.7,64,
31.8.2026,21:43:50.538,24.682,5.3,4699.7,50,
31.8.2026,21:43:50.744,11.974,5.2,500.0,51,
31.8.2026,21:43:50.934,10.033,8.2,4699.7,50,
31.8.2026,21:43:51.142,8.844,4.3,4099.7,49,
31.8.2026,21:43:51.351,9.387,5.6,4099.7,50,
31.8.2026,21:43:51.555,8.545,3.3,4099.7,50,
31.8.2026,21:43:51.746,8.652,10.9,4699.7,49,
31.8.2026,21:43:51.955,8.367,3.9,4099.7,49,
31.8.2026,21:43:52.159,8.755,4.4,4099.7,49,
31.8.2026,21:43:52.365,9.352,7.2,4099.7,49,
31.8.2026,21:43:52.575,10.831,3.0,4099.7,49,
31.8.2026,21:43:52.781,8.636,10.4,4099.7,48,
31.8.2026,21:43:52.988,8.528,2.6,4099.7,49,
31.8.2026,21:43:53.197,8.289,5.2,4099.7,49,
31.8.2026,21:43:53.387,8.019,8.3,4099.7,49,
31.8.2026,21:43:53.594,8.644,3.6,4099.7,49,
31.8.2026,21:43:53.801,8.837,4.0,4699.7,48,
31.8.2026,21:43:54.009,8.380,4.5,4099.7,49,
31.8.2026,21:43:54.200,8.477,8.6,4099.7,48,
31.8.2026,21:43:54.407,8.783,5.4,3999.7,47,
31.8.2026,21:43:54.614,8.901,3.3,4099.7,48,
31.8.2026,21:43:54.821,8.661,2.8,4099.7,48,
31.8.2026,21:43:55.012,8.431,6.9,500.0,48,
31.8.2026,21:43:55.222,8.789,4.4,4099.7,48,
31.8.2026,21:43:55.427,8.508,4.4,4099.7,48,
31.8.2026,21:43:55.634,8.565,3.4,3399.8,48,
31.8.2026,21:43:55.828,8.281,11.8,4099.7,48,
31.8.2026,21:43:56.031,9.157,3.4,3099.8,47,
31.8.2026,21:43:56.238,8.721,6.5,4699.7,47,
31.8.2026,21:43:56.448,10.374,3.2,4099.7,47,
31.8.2026,21:43:56.638,8.778,3.2,4099.7,47,
31.8.2026,21:43:56.844,10.498,12.5,4099.7,49,
31.8.2026,21:43:57.053,8.589,4.6,4099.7,48,
31.8.2026,21:43:57.246,8.498,3.6,4099.7,47,
31.8.2026,21:43:57.453,9.209,6.9,4099.7,47,
31.8.2026,21:43:57.660,10.614,8.4,4099.7,47,
31.8.2026,21:43:57.867,8.755,3.5,4099.7,47,
31.8.2026,21:43:58.071,8.069,6.6,4099.7,46,
31.8.2026,21:43:58.262,8.348,3.3,4099.7,46,
31.8.2026,21:43:58.472,10.293,7.8,4699.7,75,
31.8.2026,21:43:58.679,8.647,7.0,4099.7,80,
31.8.2026,21:43:58.887,8.506,3.1,4099.7,80,
31.8.2026,21:43:59.093,8.016,10.1,4099.7,82,
31.8.2026,21:43:59.299,8.815,4.5,4099.7,79,
31.8.2026,21:43:59.508,8.118,3.6,4099.7,83,
31.8.2026,21:43:59.715,8.374,3.1,4099.7,82,
31.8.2026,21:43:59.924,12.014,12.5,4099.7,82,
31.8.2026,21:44:0.131,8.120,4.9,3199.8,75,
31.8.2026,21:44:0.340,9.887,3.9,4099.7,77,
31.8.2026,21:44:0.544,8.540,8.6,4099.7,75,
31.8.2026,21:44:0.751,14.662,14.0,4099.7,68,
31.8.2026,21:44:0.960,20.064,19.2,2999.8,78,
31.8.2026,21:44:1.166,9.014,5.1,4099.7,82,
31.8.2026,21:44:1.373,8.475,9.6,400.0,49,
31.8.2026,21:44:1.580,11.960,8.5,4099.7,79,
31.8.2026,21:44:1.787,7.608,5.2,4099.7,47,
31.8.2026,21:44:1.994,9.251,4.8,4099.7,82,
31.8.2026,21:44:2.192,9.251,5.2,4699.7,79,
31.8.2026,21:44:2.396,8.544,7.5,4099.7,79,
31.8.2026,21:44:2.604,9.622,4.6,4099.7,77,
31.8.2026,21:44:2.814,8.380,7.6,4099.7,73,
31.8.2026,21:44:3.019,8.156,4.4,4099.7,72,
31.8.2026,21:44:3.227,8.439,5.2,4099.7,46,
31.8.2026,21:44:3.421,7.173,2.7,4099.7,72,
31.8.2026,21:44:3.629,9.297,13.8,500.0,73,
31.8.2026,21:44:3.835,9.264,4.9,4099.7,53,
31.8.2026,21:44:4.043,10.235,4.5,4399.7,65,
31.8.2026,21:44:4.248,10.284,7.6,4099.7,77,
31.8.2026,21:44:4.455,8.620,12.7,400.0,49,
31.8.2026,21:44:4.663,13.384,10.7,4099.7,61,
31.8.2026,21:44:4.871,12.474,7.5,3199.8,62,
31.8.2026,21:44:5.077,10.971,8.8,4099.7,76,
31.8.2026,21:44:5.283,9.221,4.3,4099.7,68,
31.8.2026,21:44:5.489,8.747,6.8,4099.7,77,
31.8.2026,21:44:5.695,10.984,5.5,4099.7,63,
31.8.2026,21:44:5.887,10.067,9.0,4099.7,66,
31.8.2026,21:44:6.092,11.341,13.8,4699.7,55,
31.8.2026,21:44:6.300,13.568,5.9,4099.7,53,
31.8.2026,21:44:6.509,10.889,5.2,4099.7,51,
31.8.2026,21:44:6.713,10.489,3.9,4099.7,49,
31.8.2026,21:44:6.920,10.305,15.3,4099.7,53,
31.8.2026,21:44:7.126,13.166,4.7,4699.7,49,
31.8.2026,21:44:7.335,10.219,7.4,4699.7,49,
31.8.2026,21:44:7.541,11.041,5.6,4099.7,48,
31.8.2026,21:44:7.750,11.046,10.4,4099.7,47,
31.8.2026,21:44:7.955,10.752,6.4,4699.7,49,
31.8.2026,21:44:8.162,10.753,4.6,4699.7,54,
31.8.2026,21:44:8.370,10.958,6.4,4699.7,51,
31.8.2026,21:44:8.558,10.605,9.4,4099.7,53,
31.8.2026,21:44:8.765,13.512,12.6,4099.7,49,
31.8.2026,21:44:8.973,11.271,5.7,4099.7,49,
31.8.2026,21:44:9.178,10.748,9.6,4699.7,47,
31.8.2026,21:44:9.385,13.057,6.3,4099.7,50,
31.8.2026,21:44:9.578,10.934,12.5,4699.7,48,
31.8.2026,21:44:9.783,11.240,5.1,4099.7,49,
31.8.2026,21:44:9.991,10.497,5.4,4099.7,46,
31.8.2026,21:44:10.200,10.433,4.5,4099.7,47,
31.8.2026,21:44:10.405,9.768,8.7,4099.7,47,
31.8.2026,21:44:10.612,10.558,7.2,4699.7,48,
31.8.2026,21:44:10.817,10.247,4.5,4099.7,46,
31.8.2026,21:44:11.024,10.043,3.4,4699.7,46,
31.8.2026,21:44:11.228,9.755,6.9,4099.7,47,
31.8.2026,21:44:11.436,10.528,11.3,4099.7,47,
31.8.2026,21:44:11.644,11.269,8.5,500.0,47,
31.8.2026,21:44:11.849,11.887,5.6,4099.7,46,
31.8.2026,21:44:12.056,10.122,4.9,4099.7,45,
31.8.2026,21:44:12.248,10.292,12.6,4099.7,47,
31.8.2026,21:44:12.453,10.682,7.0,4099.7,47,
31.8.2026,21:44:12.658,11.282,19.7,3299.8,51,
31.8.2026,21:44:12.865,22.106,20.9,4099.7,59,
31.8.2026,21:44:13.070,20.599,21.2,4099.7,59,
31.8.2026,21:44:13.275,21.455,24.8,3899.7,61,
31.8.2026,21:44:13.492,23.933,30.1,4099.7,74,
31.8.2026,21:44:13.688,24.856,45.3,3299.8,62,
31.8.2026,21:44:13.892,22.993,21.4,4699.7,50,
31.8.2026,21:44:14.101,18.390,5.7,4099.7,48,
31.8.2026,21:44:14.304,12.122,7.1,4099.7,46,
31.8.2026,21:44:14.495,10.053,6.8,4099.7,47,
31.8.2026,21:44:14.701,11.822,12.8,4099.7,46,
31.8.2026,21:44:14.908,10.291,4.9,4099.7,45,
31.8.2026,21:44:15.115,10.751,6.9,4099.7,47,
31.8.2026,21:44:15.320,10.564,27.7,4099.7,60,
31.8.2026,21:44:15.529,20.507,13.8,4099.7,47,
31.8.2026,21:44:15.734,13.721,11.9,4099.7,46,
31.8.2026,21:44:15.942,9.953,5.0,4699.7,46,
31.8.2026,21:44:16.148,10.742,5.1,4099.7,46,
31.8.2026,21:44:16.354,10.597,5.6,4099.7,46,
31.8.2026,21:44:16.562,10.319,11.1,4099.7,46,
31.8.2026,21:44:16.767,11.048,8.2,4099.7,46,
31.8.2026,21:44:16.973,12.046,14.9,4099.7,59,
31.8.2026,21:44:17.179,15.620,26.2,4099.7,49,
31.8.2026,21:44:17.385,23.523,24.8,1499.9,64,
31.8.2026,21:44:17.591,20.062,27.4,4099.7,63,
31.8.2026,21:44:17.795,22.477,27.7,4099.7,60,
31.8.2026,21:44:18.002,24.311,15.2,4099.7,48,
31.8.2026,21:44:18.207,16.413,4.1,4099.7,47,
31.8.2026,21:44:18.414,10.478,8.5,4099.7,46,
31.8.2026,21:44:18.606,10.868,9.6,4699.7,47,
31.8.2026,21:44:18.813,11.456,14.8,4499.7,59,
31.8.2026,21:44:19.018,15.858,21.8,4099.7,69,
31.8.2026,21:44:19.227,21.019,18.2,4699.7,63,
31.8.2026,21:44:19.431,17.038,6.2,4699.7,46,
31.8.2026,21:44:19.622,8.936,12.1,4099.7,47,
31.8.2026,21:44:19.828,11.538,4.3,4099.7,47,
31.8.2026,21:44:20.035,10.567,6.7,4099.7,46,
31.8.2026,21:44:20.242,10.383,4.8,4099.7,46,
31.8.2026,21:44:20.447,10.650,5.6,4099.7,47,
31.8.2026,21:44:20.653,10.264,13.3,4099.7,46,
31.8.2026,21:44:20.859,11.732,26.2,4099.7,57,
31.8.2026,21:44:21.065,22.901,16.2,4099.7,47,
31.8.2026,21:44:21.273,16.427,4.6,4099.7,47,
31.8.2026,21:44:21.464,10.790,16.5,4099.7,68,
31.8.2026,21:44:21.671,14.254,25.0,4099.7,65,
31.8.2026,21:44:21.877,20.551,34.1,4099.7,63,
31.8.2026,21:44:22.084,23.225,22.5,3999.7,59,
31.8.2026,21:44:22.290,21.387,27.0,4099.7,58,
31.8.2026,21:44:22.489,21.058,27.0,4099.7,58,
31.8.2026,21:44:22.688,22.064,24.0,4099.7,57,
31.8.2026,21:44:22.894,20.547,18.1,4099.7,49,
31.8.2026,21:44:23.100,16.068,5.5,4699.7,47,
31.8.2026,21:44:23.306,10.689,20.0,4099.7,47,
31.8.2026,21:44:23.496,20.946,25.8,4099.7,63,
31.8.2026,21:44:23.702,18.200,25.8,4099.7,49,
31.8.2026,21:44:23.908,22.032,17.3,4099.7,75,
31.8.2026,21:44:24.116,26.241,23.6,3299.8,87,
31.8.2026,21:44:24.321,24.462,19.4,4699.7,89,
31.8.2026,21:44:24.513,21.758,19.4,4699.7,89,
31.8.2026,21:44:24.721,20.085,24.3,4099.7,57,
31.8.2026,21:44:24.928,15.258,16.6,4099.7,49,
31.8.2026,21:44:25.136,10.164,5.2,4099.7,48,
31.8.2026,21:44:25.343,10.813,13.4,4099.7,47,
31.8.2026,21:44:25.550,7.846,3.8,4099.7,48,
31.8.2026,21:44:25.758,8.408,4.0,4099.7,47,
31.8.2026,21:44:25.963,8.819,6.2,4099.7,47,
31.8.2026,21:44:26.170,8.810,11.0,4699.7,48,
31.8.2026,21:44:26.381,9.078,3.4,4699.7,47,
31.8.2026,21:44:26.575,9.078,2.1,4099.7,47,
31.8.2026,21:44:26.782,8.265,13.5,4099.7,72,
31.8.2026,21:44:26.992,10.177,3.0,4099.7,73,
31.8.2026,21:44:27.197,8.687,3.3,4099.7,79,
31.8.2026,21:44:27.388,8.588,8.5,4099.7,77,
31.8.2026,21:44:27.595,8.342,11.6,4099.7,77,
31.8.2026,21:44:27.801,9.884,5.7,4099.7,62,
31.8.2026,21:44:28.008,10.857,4.4,4099.7,68,
31.8.2026,21:44:28.216,10.378,4.5,4699.7,78,
31.8.2026,21:44:28.423,8.812,15.5,4099.7,74,
31.8.2026,21:44:28.634,11.861,2.9,4099.7,74,
31.8.2026,21:44:28.823,10.185,5.2,3399.8,74,
31.8.2026,21:44:29.032,9.372,8.0,4099.7,48,
31.8.2026,21:44:29.237,8.987,7.2,4099.7,52,
31.8.2026,21:44:29.445,10.628,4.8,4099.7,53,
31.8.2026,21:44:29.635,10.282,4.9,4099.7,55,
31.8.2026,21:44:29.842,10.812,13.7,4099.7,50,
31.8.2026,21:44:30.049,10.735,6.9,4099.7,58,
31.8.2026,21:44:30.255,11.796,12.9,2699.8,62,
31.8.2026,21:44:30.462,14.758,24.1,4099.7,60,
31.8.2026,21:44:30.651,21.602,21.3,4099.7,58,
31.8.2026,21:44:30.858,21.900,23.4,4099.7,49,
31.8.2026,21:44:31.066,15.511,4.6,4099.7,46,
31.8.2026,21:44:31.270,10.290,6.3,4099.7,46,
31.8.2026,21:44:31.479,11.070,6.1,4099.7,46,
31.8.2026,21:44:31.668,10.725,9.3,4699.7,48,
31.8.2026,21:44:31.874,10.296,5.4,2099.9,47,
31.8.2026,21:44:32.081,10.737,8.5,4099.7,48,
31.8.2026,21:44:32.285,11.773,7.7,4099.7,59,
31.8.2026,21:44:32.493,12.576,5.6,4699.7,47,
31.8.2026,21:44:32.698,10.589,5.6,4699.7,47,
31.8.2026,21:44:32.905,10.210,10.7,4699.7,48,
31.8.2026,21:44:33.114,10.864,6.3,4699.7,47,
31.8.2026,21:44:33.318,10.416,7.0,4699.7,47,
31.8.2026,21:44:33.528,10.443,4.6,4099.7,48,
31.8.2026,21:44:33.716,10.168,13.4,4099.7,47,
31.8.2026,21:44:33.926,10.452,5.4,4099.7,47,
31.8.2026,21:44:34.131,11.063,6.8,4099.7,47,
31.8.2026,21:44:34.337,10.291,5.4,4099.7,47,
31.8.2026,21:44:34.529,9.992,9.9,4099.7,46,
31.8.2026,21:44:34.736,10.028,6.3,4099.7,47,
31.8.2026,21:44:34.946,9.969,5.8,4099.7,47,
31.8.2026,21:44:35.151,11.189,11.0,4099.7,51,
31.8.2026,21:44:35.358,11.913,23.6,4099.7,71,
31.8.2026,21:44:35.565,23.839,20.3,4099.7,62,
31.8.2026,21:44:35.773,19.433,8.6,4099.7,47,
31.8.2026,21:44:35.978,11.230,10.0,4099.7,46,
31.8.2026,21:44:36.168,12.854,10.8,4099.7,47,
31.8.2026,21:44:36.374,10.957,6.5,4699.7,46,
31.8.2026,21:44:36.583,10.255,4.8,4099.7,47,
31.8.2026,21:44:36.790,10.464,4.9,4099.7,47,
31.8.2026,21:44:36.980,10.608,11.7,4099.7,47,
31.8.2026,21:44:37.187,10.358,6.0,4099.7,46,
31.8.2026,21:44:37.394,10.073,6.7,500.0,47,
31.8.2026,21:44:37.604,11.725,10.7,4099.7,46,
31.8.2026,21:44:37.813,11.763,8.4,4099.7,46,
31.8.2026,21:44:38.018,9.955,5.8,4099.7,46,
31.8.2026,21:44:38.224,10.553,6.6,4099.7,46,
31.8.2026,21:44:38.429,10.606,5.5,4099.7,46,
31.8.2026,21:44:38.620,9.666,11.1,4099.7,46,
31.8.2026,21:44:38.827,9.662,5.6,4099.7,46,
31.8.2026,21:44:39.036,10.263,7.4,4099.7,57,
31.8.2026,21:44:39.239,10.626,6.5,4099.7,57,
31.8.2026,21:44:39.446,10.825,6.4,4099.7,46,
31.8.2026,21:44:39.638,9.976,13.1,4099.7,47,
31.8.2026,21:44:39.842,10.437,6.0,4099.7,46,
31.8.2026,21:44:40.050,10.248,7.0,4099.7,46,
31.8.2026,21:44:40.257,10.405,3.7,4099.7,47,
31.8.2026,21:44:40.449,9.230,3.7,4099.7,46,
31.8.2026,21:44:40.656,9.469,15.7,4099.7,46,
31.8.2026,21:44:40.866,8.162,3.9,4099.7,45,
31.8.2026,21:44:41.071,9.323,4.3,4099.7,46,
31.8.2026,21:44:41.264,9.323,8.2,4099.7,46,
31.8.2026,21:44:41.469,10.843,9.8,4099.7,75,
31.8.2026,21:44:41.679,9.936,3.6,4099.7,71,
31.8.2026,21:44:41.883,9.228,7.1,4099.7,78,
31.8.2026,21:44:42.078,8.635,6.1,4099.7,71,
31.8.2026,21:44:42.285,9.352,11.4,1099.9,53,
31.8.2026,21:44:42.491,9.419,3.4,4099.7,76,
31.8.2026,21:44:42.698,10.041,6.2,4099.7,72,
31.8.2026,21:44:42.905,9.649,10.2,4099.7,67,
31.8.2026,21:44:43.114,10.120,10.2,4099.7,67,
31.8.2026,21:44:43.319,12.024,10.2,4099.7,67,
31.8.2026,21:44:43.524,12.024,10.2,4099.7,67,
31.8.2026,21:44:43.715,12.024,10.2,4099.7,67,
31.8.2026,21:44:43.920,12.024,10.2,4099.7,67,
31.8.2026,21:44:44.126,12.024,10.2,4099.7,67,
31.8.2026,21:44:44.335,12.024,10.2,4099.7,67,
31.8.2026,21:44:44.538,12.024,10.2,4099.7,67,
31.8.2026,21:44:44.730,12.024,10.2,4099.7,67,
31.8.2026,21:44:44.935,12.024,10.2,4099.7,67,
31.8.2026,21:44:45.142,12.024,10.2,4099.7,67,
31.8.2026,21:44:45.349,12.024,10.2,4099.7,67,
31.8.2026,21:44:45.555,12.024,10.2,4099.7,67,
31.8.2026,21:44:45.759,12.024,10.2,4099.7,67,
31.8.2026,21:44:45.951,12.024,10.2,4099.7,67,
31.8.2026,21:44:46.156,12.024,10.2,4099.7,67,
31.8.2026,21:44:46.363,12.024,10.2,4099.7,67,
31.8.2026,21:44:46.569,12.024,10.2,4099.7,67,
31.8.2026,21:44:46.775,12.024,10.2,4099.7,67,
31.8.2026,21:44:46.964,12.024,10.2,4099.7,67,
31.8.2026,21:44:47.170,12.024,10.2,4099.7,67,
31.8.2026,21:44:47.376,12.024,10.2,4099.7,67,
31.8.2026,21:44:47.583,12.024,10.2,4099.7,67,
31.8.2026,21:44:47.788,12.024,10.2,4099.7,67,
31.8.2026,21:44:47.994,12.024,6.5,4499.7,79,
31.8.2026,21:44:48.202,12.024,6.5,4499.7,79,
31.8.2026,21:44:48.407,12.024,6.5,4499.7,79,
31.8.2026,21:44:48.614,12.024,6.5,4499.7,79,
31.8.2026,21:44:48.819,12.024,6.5,4499.7,79,
31.8.2026,21:44:49.010,12.024,6.5,4499.7,79,
31.8.2026,21:44:49.217,12.024,6.5,4499.7,79,
31.8.2026,21:44:49.425,12.024,6.5,4499.7,79,
31.8.2026,21:44:49.629,12.024,6.5,4499.7,79,
31.8.2026,21:44:49.834,22.733,6.5,4499.7,79,
31.8.2026,21:44:50.040,22.733,6.5,4499.7,79,
31.8.2026,21:44:50.230,22.733,6.5,4499.7,79,
31.8.2026,21:44:50.436,22.733,6.5,4499.7,79,
31.8.2026,21:44:50.641,22.733,6.5,4499.7,79,
31.8.2026,21:44:50.847,22.733,6.5,4499.7,79,
31.8.2026,21:44:51.053,22.733,6.5,4499.7,79,
31.8.2026,21:44:51.260,22.733,6.5,4499.7,79,
31.8.2026,21:44:51.448,22.733,6.5,4499.7,79,
31.8.2026,21:44:51.654,22.733,6.5,4499.7,79,
31.8.2026,21:44:51.858,22.733,6.5,4499.7,79,
31.8.2026,21:44:52.067,22.733,6.5,4499.7,79,
31.8.2026,21:44:52.272,22.733,6.5,4499.7,79,
31.8.2026,21:44:52.479,22.733,6.5,4499.7,79,
31.8.2026,21:44:52.668,22.733,6.5,4499.7,79,
31.8.2026,21:44:52.874,22.733,6.5,4499.7,79,
31.8.2026,21:44:53.080,22.733,6.5,4499.7,79,
31.8.2026,21:44:53.286,22.733,6.5,4499.7,79,
31.8.2026,21:44:53.491,22.733,6.5,4499.7,79,
31.8.2026,21:44:53.698,22.733,6.5,4499.7,79,
31.8.2026,21:44:53.903,22.733,6.5,4499.7,79,
31.8.2026,21:44:54.109,22.733,6.5,4499.7,79,
31.8.2026,21:44:54.317,22.733,6.5,4499.7,79,
31.8.2026,21:44:54.522,22.733,6.5,4499.7,79,
31.8.2026,21:44:54.729,22.733,6.5,4499.7,79,
31.8.2026,21:44:54.918,22.733,6.5,4499.7,79,
31.8.2026,21:44:55.125,22.733,6.5,4499.7,79,
31.8.2026,21:44:55.333,22.733,15.4,4099.7,86,
31.8.2026,21:44:55.537,22.733,15.4,4099.7,86,
31.8.2026,21:44:55.743,22.733,15.4,4099.7,86,
31.8.2026,21:44:55.933,22.733,15.4,4099.7,86,
31.8.2026,21:44:56.141,22.733,15.4,4099.7,86,
31.8.2026,21:44:56.346,22.733,15.4,4099.7,86,
31.8.2026,21:44:56.553,22.733,15.4,4099.7,86,
31.8.2026,21:44:56.757,22.733,15.4,4099.7,86,
31.8.2026,21:44:56.965,22.733,15.4,4099.7,86,
31.8.2026,21:44:57.169,22.733,15.4,4099.7,86,
31.8.2026,21:44:57.378,22.733,15.4,4099.7,86,
31.8.2026,21:44:57.581,22.733,15.4,4099.7,86,
31.8.2026,21:44:57.789,22.733,15.4,4099.7,86,
31.8.2026,21:44:57.993,22.733,15.4,4099.7,86,
31.8.2026,21:44:58.185,22.733,15.4,4099.7,86,
31.8.2026,21:44:58.390,22.733,15.4,4099.7,86,
31.8.2026,21:44:58.596,22.733,15.4,4099.7,86,
31.8.2026,21:44:58.801,22.733,15.4,4099.7,86,
31.8.2026,21:44:59.009,22.733,15.4,4099.7,86,
31.8.2026,21:44:59.199,22.733,15.4,4099.7,86,
31.8.2026,21:44:59.404,22.733,15.4,4099.7,86,
31.8.2026,21:44:59.610,22.733,15.4,4099.7,86,
31.8.2026,21:44:59.816,22.733,15.4,4099.7,86,
31.8.2026,21:45:0.023,22.733,15.4,4099.7,86,
31.8.2026,21:45:0.214,22.733,28.7,4199.7,87,
31.8.2026,21:45:0.421,22.262,28.7,4199.7,87,
31.8.2026,21:45:0.626,22.262,28.7,4199.7,87,
31.8.2026,21:45:0.833,22.262,28.7,4199.7,87,
31.8.2026,21:45:1.039,22.262,28.7,4199.7,87,
31.8.2026,21:45:1.229,22.262,28.7,4199.7,87,
31.8.2026,21:45:1.435,22.262,28.7,4199.7,87,
31.8.2026,21:45:1.641,22.262,28.7,4199.7,87,
31.8.2026,21:45:1.849,22.262,28.7,4199.7,87,
31.8.2026,21:45:2.054,22.262,28.7,4199.7,87,
31.8.2026,21:45:2.261,22.262,28.7,4199.7,87,
31.8.2026,21:45:2.449,22.262,28.7,4199.7,87,
31.8.2026,21:45:2.656,22.262,28.7,4199.7,87,
31.8.2026,21:45:2.861,22.262,28.7,4199.7,87,
31.8.2026,21:45:3.068,22.262,28.7,4199.7,87,
31.8.2026,21:45:3.274,22.262,28.7,4199.7,87,
31.8.2026,21:45:3.464,22.262,28.7,4199.7,87,
31.8.2026,21:45:3.669,22.262,28.7,4199.7,87,
31.8.2026,21:45:3.875,22.262,28.7,4199.7,87,
31.8.2026,21:45:4.081,22.262,28.7,4199.7,87,
31.8.2026,21:45:4.289,22.262,28.7,4199.7,87,
31.8.2026,21:45:4.497,22.262,28.7,4199.7,87,
31.8.2026,21:45:4.684,22.262,28.7,4199.7,87,
31.8.2026,21:45:4.890,22.262,28.7,4199.7,87,
31.8.2026,21:45:5.098,23.218,19.6,4099.7,83,
31.8.2026,21:45:5.302,23.218,19.6,4099.7,83,
31.8.2026,21:45:5.508,23.218,19.6,4099.7,83,
31.8.2026,21:45:5.713,23.218,19.6,4099.7,83,
31.8.2026,21:45:5.918,23.218,19.6,4099.7,83,
31.8.2026,21:45:6.124,23.218,19.6,4099.7,83,
31.8.2026,21:45:6.329,23.218,19.6,4099.7,83,
31.8.2026,21:45:6.535,23.218,19.6,4099.7,83,
31.8.2026,21:45:6.740,23.218,19.6,4099.7,83,
31.8.2026,21:45:6.948,23.218,19.6,4099.7,83,
31.8.2026,21:45:7.135,23.218,19.6,4099.7,83,
31.8.2026,21:45:7.342,23.218,19.6,4099.7,83,
31.8.2026,21:45:7.547,23.218,19.6,4099.7,83,
31.8.2026,21:45:7.754,23.218,19.6,4099.7,83,
31.8.2026,21:45:7.963,23.218,19.6,4099.7,83,
31.8.2026,21:45:8.167,23.218,19.6,4099.7,83,
31.8.2026,21:45:8.375,23.218,19.6,4099.7,83,
31.8.2026,21:45:8.579,23.218,19.6,4099.7,83,
31.8.2026,21:45:8.785,23.218,19.6,4099.7,83,
31.8.2026,21:45:8.990,23.218,19.6,4099.7,83,
31.8.2026,21:45:9.198,23.218,19.6,4099.7,83,
31.8.2026,21:45:9.387,23.218,19.6,4099.7,83,
31.8.2026,21:45:9.593,23.218,19.6,4099.7,83,
31.8.2026,21:45:9.801,23.218,19.6,4099.7,83,
31.8.2026,21:45:10.006,23.218,19.6,4099.7,83,
31.8.2026,21:45:10.213,23.218,19.6,4099.7,83,
31.8.2026,21:45:10.419,23.218,19.6,4099.7,83,
31.8.2026,21:45:10.626,23.218,19.6,4099.7,83,
31.8.2026,21:45:10.832,23.218,19.6,4099.7,83,
31.8.2026,21:45:11.037,23.218,19.6,4099.7,83,
31.8.2026,21:45:11.243,23.218,19.6,4099.7,83,
31.8.2026,21:45:11.434,23.218,19.6,4099.7,83,
31.8.2026,21:45:11.641,23.218,19.6,4099.7,83,
31.8.2026,21:45:11.847,23.218,19.6,4099.7,83,
31.8.2026,21:45:12.053,23.218,19.6,4099.7,83,
31.8.2026,21:45:12.262,23.218,19.6,4099.7,83,
31.8.2026,21:45:12.450,23.218,19.6,4099.7,83,
31.8.2026,21:45:12.657,23.218,19.6,4099.7,83,
31.8.2026,21:45:12.862,23.218,19.6,4099.7,83,
31.8.2026,21:45:13.069,23.218,19.6,4099.7,83,
31.8.2026,21:45:13.274,23.218,19.6,4099.7,83,
31.8.2026,21:45:13.465,23.218,19.6,4099.7,83,
31.8.2026,21:45:13.674,23.218,19.6,4099.7,83,
31.8.2026,21:45:13.877,23.218,19.6,4099.7,83,
31.8.2026,21:45:14.086,23.655,19.6,4099.7,83,
31.8.2026,21:45:14.290,23.655,19.6,4099.7,83,
31.8.2026,21:45:14.481,23.655,19.6,4099.7,83,
31.8.2026,21:45:14.689,23.655,19.6,4099.7,83,
31.8.2026,21:45:14.893,23.655,19.6,4099.7,83,
31.8.2026,21:45:15.100,23.655,19.6,4099.7,83,
31.8.2026,21:45:15.305,23.655,19.6,4099.7,83,
31.8.2026,21:45:15.495,23.655,19.6,4099.7,83,
31.8.2026,21:45:15.704,23.655,19.6,4099.7,83,
31.8.2026,21:45:15.908,23.655,19.6,4099.7,83,
31.8.2026,21:45:16.115,23.655,19.6,4099.7,83,
31.8.2026,21:45:16.319,23.655,19.6,4099.7,83,
31.8.2026,21:45:16.526,23.655,19.6,4099.7,83,
31.8.2026,21:45:16.716,23.655,19.6,4099.7,83,
31.8.2026,21:45:16.921,23.655,19.6,4099.7,83,
31.8.2026,21:45:17.127,23.655,19.6,4099.7,83,
31.8.2026,21:45:17.334,23.655,19.6,4099.7,83,
31.8.2026,21:45:17.539,23.655,19.6,4099.7,83,
31.8.2026,21:45:17.730,23.655,19.6,4099.7,83,
31.8.2026,21:45:17.937,23.655,19.6,4099.7,83,
31.8.2026,21:45:18.143,23.655,19.6,4099.7,83,
31.8.2026,21:45:18.349,23.655,19.6,4099.7,83,
31.8.2026,21:45:18.555,23.655,19.6,4099.7,83,
31.8.2026,21:45:18.745,23.655,19.6,4099.7,83,
31.8.2026,21:45:18.951,23.655,19.6,4099.7,83,
31.8.2026,21:45:19.159,23.655,18.3,4099.7,87,
31.8.2026,21:45:19.366,23.655,18.3,4099.7,87,
31.8.2026,21:45:19.571,23.655,18.3,4099.7,87,
31.8.2026,21:45:19.762,23.655,18.3,4099.7,87,
31.8.2026,21:45:19.970,23.655,18.3,4099.7,87,
31.8.2026,21:45:20.173,23.655,18.3,4099.7,87,
31.8.2026,21:45:20.380,23.655,18.3,4099.7,87,
31.8.2026,21:45:20.584,23.655,18.3,4099.7,87,
31.8.2026,21:45:20.792,23.655,18.3,4099.7,87,
31.8.2026,21:45:20.981,23.655,18.3,4099.7,87,
31.8.2026,21:45:21.187,23.655,18.3,4099.7,87,
31.8.2026,21:45:21.392,23.655,18.3,4099.7,87,
31.8.2026,21:45:21.599,23.655,18.3,4099.7,87,
31.8.2026,21:45:21.803,23.655,18.3,4099.7,87,
31.8.2026,21:45:22.011,23.655,18.3,4099.7,87,
31.8.2026,21:45:22.199,23.655,18.3,4099.7,87,
31.8.2026,21:45:22.405,23.655,18.3,4099.7,87,
31.8.2026,21:45:22.611,23.655,18.3,4099.7,87,
31.8.2026,21:45:22.818,23.655,18.3,4099.7,87,
31.8.2026,21:45:23.026,23.655,18.3,4099.7,87,
31.8.2026,21:45:23.214,23.655,18.3,4099.7,87,
31.8.2026,21:45:23.421,23.655,18.3,4099.7,87,
31.8.2026,21:45:23.630,23.655,18.3,4099.7,87,
31.8.2026,21:45:23.834,23.655,18.3,4099.7,87,
31.8.2026,21:45:24.042,22.021,23.3,4199.7,86,
31.8.2026,21:45:24.230,22.021,23.3,4199.7,86,
31.8.2026,21:45:24.437,22.021,23.3,4199.7,86,
31.8.2026,21:45:24.642,22.021,23.3,4199.7,86,
31.8.2026,21:45:24.848,22.021,23.3,4199.7,86,
31.8.2026,21:45:25.054,22.021,23.3,4199.7,86,
31.8.2026,21:45:25.260,22.021,23.3,4199.7,86,
31.8.2026,21:45:25.465,22.021,23.3,4199.7,86,
31.8.2026,21:45:25.671,22.021,23.3,4199.7,86,
31.8.2026,21:45:25.877,22.021,23.3,4199.7,86,
31.8.2026,21:45:26.084,22.021,23.3,4199.7,86,
31.8.2026,21:45:26.291,22.021,23.3,4199.7,86,
31.8.2026,21:45:26.480,22.021,23.3,4199.7,86,
31.8.2026,21:45:26.687,22.021,23.3,4199.7,86,
31.8.2026,21:45:26.892,22.021,23.3,4199.7,86,
31.8.2026,21:45:27.098,22.021,23.3,4199.7,86,
31.8.2026,21:45:27.304,22.021,23.3,4199.7,86,
31.8.2026,21:45:27.510,22.021,23.3,4199.7,86,
31.8.2026,21:45:27.702,22.021,23.3,4199.7,86,
31.8.2026,21:45:27.907,22.021,23.3,4199.7,86,
31.8.2026,21:45:28.114,22.021,23.3,4199.7,86,
31.8.2026,21:45:28.318,22.021,23.3,4199.7,86,
31.8.2026,21:45:28.526,22.021,23.3,4199.7,86,
31.8.2026,21:45:28.729,21.872,16.5,4199.7,88,
31.8.2026,21:45:28.936,21.872,16.5,4199.7,88,
31.8.2026,21:45:29.142,21.872,16.5,4199.7,88,
31.8.2026,21:45:29.346,21.872,16.5,4199.7,88,
31.8.2026,21:45:29.552,21.872,16.5,4199.7,88,
31.8.2026,21:45:29.760,21.872,16.5,4199.7,88,
31.8.2026,21:45:29.948,21.872,16.5,4199.7,88,
31.8.2026,21:45:30.156,21.872,16.5,4199.7,88,
31.8.2026,21:45:30.360,21.872,16.5,4199.7,88,
31.8.2026,21:45:30.567,21.925,16.5,4199.7,88,
31.8.2026,21:45:30.773,21.925,16.5,4199.7,88,
31.8.2026,21:45:30.979,21.925,16.5,4199.7,88,
31.8.2026,21:45:31.168,21.925,16.5,4199.7,88,
31.8.2026,21:45:31.374,21.925,16.5,4199.7,88,
31.8.2026,21:45:31.581,21.925,16.5,4199.7,88,
31.8.2026,21:45:31.787,21.925,16.5,4199.7,88,
31.8.2026,21:45:31.993,21.925,16.5,4199.7,88,
31.8.2026,21:45:32.183,21.925,16.5,4199.7,88,
31.8.2026,21:45:32.391,21.925,16.5,4199.7,88,
31.8.2026,21:45:32.595,21.925,16.5,4199.7,88,
31.8.2026,21:45:32.802,21.925,16.5,4199.7,88,
31.8.2026,21:45:33.007,21.925,16.5,4199.7,88,
31.8.2026,21:45:33.214,21.925,16.5,4199.7,88,
31.8.2026,21:45:33.403,21.925,16.5,4199.7,88,
31.8.2026,21:45:33.609,21.925,16.5,4199.7,88,
31.8.2026,21:45:33.814,21.925,16.5,4199.7,88,
31.8.2026,21:45:34.021,21.925,16.5,4199.7,88,
31.8.2026,21:45:34.226,21.925,16.5,4199.7,88,
31.8.2026,21:45:34.432,21.925,16.5,4199.7,88,
31.8.2026,21:45:34.624,21.925,16.5,4199.7,88,
31.8.2026,21:45:34.829,21.925,16.5,4199.7,88,
31.8.2026,21:45:35.036,21.925,16.5,4199.7,88,
31.8.2026,21:45:35.241,21.925,16.5,4199.7,88,
31.8.2026,21:45:35.448,21.925,16.5,4199.7,88,
31.8.2026,21:45:35.636,21.925,16.5,4199.7,88,
31.8.2026,21:45:35.844,21.925,14.0,4099.7,87,
31.8.2026,21:45:36.047,21.925,14.0,4099.7,87,
31.8.2026,21:45:36.255,21.925,14.0,4099.7,87,
31.8.2026,21:45:36.458,21.925,14.0,4099.7,87,
31.8.2026,21:45:36.667,21.925,14.0,4099.7,87,
31.8.2026,21:45:36.855,21.925,14.0,4099.7,87,
31.8.2026,21:45:37.062,21.925,14.0,4099.7,87,
31.8.2026,21:45:37.271,21.925,14.0,4099.7,87,
31.8.2026,21:45:37.474,21.925,14.0,4099.7,87,
31.8.2026,21:45:37.680,21.925,14.0,4099.7,87,
31.8.2026,21:45:37.870,21.925,14.0,4099.7,87,
31.8.2026,21:45:38.076,21.925,14.0,4099.7,87,
31.8.2026,21:45:38.282,21.925,14.0,4099.7,87,
31.8.2026,21:45:38.490,21.925,14.0,4099.7,87,
31.8.2026,21:45:38.693,21.925,14.0,4099.7,87,
31.8.2026,21:45:38.899,21.925,14.0,4099.7,87,
31.8.2026,21:45:39.090,21.925,14.0,4099.7,87,
31.8.2026,21:45:39.296,21.925,14.0,4099.7,87,
31.8.2026,21:45:39.501,21.925,14.0,4099.7,87,
31.8.2026,21:45:39.707,21.925,14.0,4099.7,87,
31.8.2026,21:45:39.913,21.925,14.0,4099.7,87,
31.8.2026,21:45:40.119,21.925,14.0,4099.7,87,
31.8.2026,21:45:40.324,21.925,14.0,4099.7,87,
31.8.2026,21:45:40.531,21.925,14.0,4099.7,87,
31.8.2026,21:45:40.736,21.802,41.3,4199.7,87,
31.8.2026,21:45:40.943,21.802,41.3,4199.7,87,
31.8.2026,21:45:41.146,21.802,41.3,4199.7,87,
31.8.2026,21:45:41.354,21.802,41.3,4199.7,87,
31.8.2026,21:45:41.542,21.802,41.3,4199.7,87,
31.8.2026,21:45:41.749,21.802,41.3,4199.7,87,
31.8.2026,21:45:41.953,21.802,41.3,4199.7,87,
31.8.2026,21:45:42.160,21.802,41.3,4199.7,87,
31.8.2026,21:45:42.365,21.802,41.3,4199.7,87,
31.8.2026,21:45:42.572,21.802,41.3,4199.7,87,
31.8.2026,21:45:42.762,21.802,41.3,4199.7,87,
31.8.2026,21:45:42.968,21.802,41.3,4199.7,87,
31.8.2026,21:45:43.175,21.760,22.9,4099.7,70,
31.8.2026,21:45:43.384,7.831,6.7,4099.7,87,
31.8.2026,21:45:43.574,8.458,2.7,4099.7,86,
31.8.2026,21:45:43.780,9.574,11.2,4099.7,63,
31.8.2026,21:45:43.989,8.222,2.9,4099.7,82,
31.8.2026,21:45:44.194,9.123,2.6,1699.9,83,
31.8.2026,21:45:44.401,8.119,2.8,4699.7,74,
31.8.2026,21:45:44.611,8.833,10.7,4099.7,73,
31.8.2026,21:45:44.816,8.694,2.9,4699.7,76,
31.8.2026,21:45:45.023,8.281,4.8,4099.7,70,
31.8.2026,21:45:45.231,9.480,4.2,4699.7,79,
31.8.2026,21:45:45.437,8.865,5.4,4699.7,76,
31.8.2026,21:45:45.643,8.501,6.9,4099.7,80,
31.8.2026,21:45:45.851,10.600,5.2,400.0,60,
31.8.2026,21:45:46.045,9.731,8.3,4099.7,79,
31.8.2026,21:45:46.250,9.939,9.6,4099.7,53,
31.8.2026,21:45:46.458,8.654,5.5,4699.7,49,
31.8.2026,21:45:46.668,9.212,3.0,4099.7,58,
31.8.2026,21:45:46.857,8.934,9.1,4099.7,54,
31.8.2026,21:45:47.064,8.693,4.0,4099.7,51,
31.8.2026,21:45:47.272,8.707,4.5,4099.7,52,
31.8.2026,21:45:47.478,9.498,7.5,4099.7,50,
31.8.2026,21:45:47.669,8.632,8.3,4099.7,49,
31.8.2026,21:45:47.877,8.601,1.8,4699.7,49,
31.8.2026,21:45:48.085,8.268,4.1,4099.7,49,
31.8.2026,21:45:48.291,8.755,4.3,4699.7,50,
31.8.2026,21:45:48.499,10.179,8.9,4699.7,53,
31.8.2026,21:45:48.703,8.392,5.4,4099.7,50,
31.8.2026,21:45:48.910,8.736,5.2,4099.7,48,
31.8.2026,21:45:49.118,8.577,5.8,4699.7,49,
31.8.2026,21:45:49.309,8.611,3.8,4099.7,49,
31.8.2026,21:45:49.515,8.329,8.2,4099.7,48,
31.8.2026,21:45:49.724,8.497,5.7,4699.7,48,
31.8.2026,21:45:49.928,7.982,4.0,4099.7,49,
31.8.2026,21:45:50.135,8.161,4.2,4699.7,48,
31.8.2026,21:45:50.342,8.389,8.0,4699.7,48,
31.8.2026,21:45:50.550,8.608,4.3,4699.7,49,
31.8.2026,21:45:50.754,8.114,6.1,4099.7,48,
31.8.2026,21:45:50.962,8.060,2.5,4699.7,48,
31.8.2026,21:45:51.153,8.060,6.2,4699.7,48,
31.8.2026,21:45:51.361,7.787,5.5,4699.7,47,
31.8.2026,21:45:51.571,8.305,2.9,4699.7,48,
31.8.2026,21:45:51.776,8.087,5.9,4699.7,47,
31.8.2026,21:45:51.983,8.253,8.6,4699.7,48,
31.8.2026,21:45:52.191,8.369,3.7,4699.7,47,
31.8.2026,21:45:52.398,8.345,3.6,4099.7,47,
31.8.2026,21:45:52.604,8.298,6.3,4699.7,49,
31.8.2026,21:45:52.812,10.538,8.5,4699.7,47,
31.8.2026,21:45:53.018,8.544,6.7,4699.7,47,
31.8.2026,21:45:53.227,8.570,2.1,2699.8,47,
31.8.2026,21:45:53.418,8.186,7.0,500.0,48,
31.8.2026,21:45:53.626,9.903,9.7,4699.7,47,
31.8.2026,21:45:53.831,8.140,3.0,4099.7,47,
31.8.2026,21:45:54.038,8.518,10.1,4099.7,46,
31.8.2026,21:45:54.245,8.379,3.1,4099.7,47,
31.8.2026,21:45:54.454,8.643,9.4,4099.7,46,
31.8.2026,21:45:54.660,8.650,4.3,4099.7,47,
31.8.2026,21:45:54.867,9.060,5.6,4199.7,48,
31.8.2026,21:45:55.058,8.871,10.2,4099.7,47,
31.8.2026,21:45:55.265,8.611,3.1,4099.7,47,
31.8.2026,21:45:55.472,8.370,4.9,4099.7,46,
31.8.2026,21:45:55.680,8.414,3.1,4699.7,46,
31.8.2026,21:45:55.885,8.382,9.8,500.0,47,
31.8.2026,21:45:56.092,10.024,10.1,4699.7,47,
31.8.2026,21:45:56.300,9.182,7.5,4099.7,49,
31.8.2026,21:45:56.505,9.814,6.2,4699.7,46,
31.8.2026,21:45:56.713,9.498,4.7,3799.7,47,
31.8.2026,21:45:56.922,8.477,8.6,4099.7,45,
31.8.2026,21:45:57.127,8.504,4.2,4099.7,46,
31.8.2026,21:45:57.336,8.489,4.5,3699.8,46,
31.8.2026,21:45:57.528,8.372,6.6,4699.7,46,
31.8.2026,21:45:57.734,8.517,4.1,4099.7,46,
31.8.2026,21:45:57.944,8.949,5.4,4099.7,46,
31.8.2026,21:45:58.149,9.026,2.7,4699.7,46,
31.8.2026,21:45:58.340,8.678,8.6,4699.7,46,
31.8.2026,21:45:58.548,8.759,7.1,4699.7,46,
31.8.2026,21:45:58.755,10.744,4.5,4699.7,45,
31.8.2026,21:45:58.965,8.928,4.3,4099.7,45,
31.8.2026,21:45:59.172,8.769,9.0,4699.7,45,
31.8.2026,21:45:59.378,8.297,4.5,4699.7,46,
31.8.2026,21:45:59.586,8.727,3.9,4699.7,46,
31.8.2026,21:45:59.776,8.924,11.1,4099.7,46,
31.8.2026,21:45:59.986,8.261,2.6,4699.7,46,
31.8.2026,21:46:0.191,8.495,6.5,4699.7,45,
31.8.2026,21:46:0.398,8.890,3.2,4099.7,46,
31.8.2026,21:46:0.591,8.764,3.2,4099.7,46,
31.8.2026,21:46:0.798,10.356,13.0,4099.7,46,
31.8.2026,21:46:1.008,8.697,4.5,4099.7,45,
31.8.2026,21:46:1.199,8.371,4.4,4099.7,45,
31.8.2026,21:46:1.405,9.292,8.5,4699.7,78,
31.8.2026,21:46:1.613,8.969,8.1,4099.7,79,
31.8.2026,21:46:1.819,8.605,3.5,4099.7,78,
31.8.2026,21:46:2.026,8.438,4.3,4099.7,78,
31.8.2026,21:46:2.234,8.605,8.2,4099.7,79,
31.8.2026,21:46:2.441,8.253,2.6,4699.7,78,
31.8.2026,21:46:2.646,8.423,7.2,4099.7,73,
31.8.2026,21:46:2.854,10.012,4.9,4099.7,77,
31.8.2026,21:46:3.062,9.816,9.5,4099.7,79,
31.8.2026,21:46:3.271,8.469,5.9,4699.7,79,
31.8.2026,21:46:3.477,8.188,3.6,4099.7,79,
31.8.2026,21:46:3.668,8.315,5.6,4099.7,79,
31.8.2026,21:46:3.876,9.109,10.1,500.0,61,
31.8.2026,21:46:4.084,8.393,5.6,2999.8,75,
31.8.2026,21:46:4.294,8.436,2.0,4099.7,64,
31.8.2026,21:46:4.500,8.466,11.1,4699.7,65,
31.8.2026,21:46:4.708,8.809,4.2,4099.7,67,
31.8.2026,21:46:4.916,8.782,5.0,1199.9,76,
31.8.2026,21:46:5.107,8.174,4.3,4099.7,77,
31.8.2026,21:46:5.316,9.098,8.4,2799.8,50,
31.8.2026,21:46:5.521,8.565,4.7,4699.7,51,
31.8.2026,21:46:5.727,8.490,3.8,4099.7,48,
31.8.2026,21:46:5.920,10.230,7.1,4699.7,52,
31.8.2026,21:46:6.128,9.715,10.1,4699.7,46,
31.8.2026,21:46:6.334,8.780,5.3,4699.7,48,
31.8.2026,21:46:6.542,8.102,2.4,4699.7,44,
31.8.2026,21:46:6.732,8.963,8.4,4099.7,46,
31.8.2026,21:46:6.943,8.784,5.8,4099.7,46,
31.8.2026,21:46:7.151,8.077,2.5,4099.7,45,
31.8.2026,21:46:7.357,8.446,8.1,3899.7,45,
31.8.2026,21:46:7.565,8.341,5.7,4699.7,46,
31.8.2026,21:46:7.771,8.243,2.8,3399.8,45,
31.8.2026,21:46:7.978,8.407,3.2,4699.7,45,
31.8.2026,21:46:8.171,8.374,8.2,4099.7,45,
31.8.2026,21:46:8.375,8.457,4.3,4099.7,45,
31.8.2026,21:46:8.582,8.452,3.3,500.0,44,
31.8.2026,21:46:8.793,8.696,3.8,4699.7,45,
31.8.2026,21:46:8.999,8.004,6.4,4699.7,45,
31.8.2026,21:46:9.206,8.279,3.6,4699.7,44,
31.8.2026,21:46:9.413,7.860,2.7,4699.7,45,
31.8.2026,21:46:9.605,7.860,5.3,4099.7,44,
31.8.2026,21:46:9.813,7.497,8.7,4699.7,44,
31.8.2026,21:46:10.019,8.132,5.7,4699.7,44,
31.8.2026,21:46:10.227,8.369,3.0,4699.7,44,
31.8.2026,21:46:10.418,8.308,9.3,4099.7,44,
31.8.2026,21:46:10.626,8.523,5.4,4099.7,46,
31.8.2026,21:46:10.833,9.332,5.4,4099.7,45,
31.8.2026,21:46:11.040,8.487,2.7,4099.7,45,
31.8.2026,21:46:11.234,8.357,7.1,4099.7,44,
31.8.2026,21:46:11.441,8.022,4.6,4099.7,45,
31.8.2026,21:46:11.649,8.282,5.6,3599.8,44,
31.8.2026,21:46:11.854,8.503,2.6,4099.7,44,
31.8.2026,21:46:12.066,7.879,6.7,4699.7,45,
31.8.2026,21:46:12.273,7.798,2.4,4099.7,44,
31.8.2026,21:46:12.466,8.254,5.1,4099.7,44,
31.8.2026,21:46:12.673,8.230,7.3,4099.7,44,
31.8.2026,21:46:12.880,9.092,4.7,4099.7,44,
31.8.2026,21:46:13.089,8.563,3.9,4699.7,45,
31.8.2026,21:46:13.277,8.385,7.7,4699.7,43,
31.8.2026,21:46:13.484,8.584,3.2,4699.7,44,
31.8.2026,21:46:13.694,8.449,7.2,4099.7,44,
31.8.2026,21:46:13.900,8.422,2.4,4699.7,44,
31.8.2026,21:46:14.091,8.085,8.2,4099.7,43,
31.8.2026,21:46:14.298,8.070,2.6,4699.7,44,
31.8.2026,21:46:14.504,8.107,3.1,4699.7,44,
31.8.2026,21:46:14.711,7.915,6.4,4699.7,43,
31.8.2026,21:46:14.903,8.790,6.4,4699.7,43,
31.8.2026,21:46:15.110,8.108,8.2,4099.7,44,
31.8.2026,21:46:15.317,8.138,4.2,3099.8,43,
31.8.2026,21:46:15.525,8.374,3.3,4699.7,44,
31.8.2026,21:46:15.715,7.973,5.1,4099.7,43,
31.8.2026,21:46:15.923,9.699,10.1,4699.7,70,
31.8.2026,21:46:16.131,7.789,2.3,4699.7,76,
31.8.2026,21:46:16.339,8.361,6.9,4099.7,76,
31.8.2026,21:46:16.548,8.269,8.4,4099.7,77,
31.8.2026,21:46:16.754,9.475,5.1,2899.8,77,
31.8.2026,21:46:16.961,8.416,3.8,4099.7,76,
31.8.2026,21:46:17.154,7.832,3.3,4099.7,71,
31.8.2026,21:46:17.359,9.484,8.5,2199.9,65,
31.8.2026,21:46:17.566,8.494,4.3,4099.7,75,
31.8.2026,21:46:17.772,8.711,4.4,4699.7,77,
31.8.2026,21:46:17.963,11.291,10.3,4099.7,72,
31.8.2026,21:46:18.173,8.845,6.5,4099.7,47,
31.8.2026,21:46:18.382,8.200,2.6,4699.7,47,
31.8.2026,21:46:18.576,7.949,3.5,4699.7,50,
31.8.2026,21:46:18.782,9.068,12.7,4699.7,47,
31.8.2026,21:46:18.989,8.417,2.6,4099.7,46,
31.8.2026,21:46:19.200,8.124,2.2,4099.7,46,
31.8.2026,21:46:19.405,8.000,7.6,4699.7,46,
31.8.2026,21:46:19.612,8.151,6.8,4099.7,45,
31.8.2026,21:46:19.820,8.935,5.2,4099.7,47,
31.8.2026,21:46:20.011,9.290,3.0,4699.7,46,
31.8.2026,21:46:20.219,8.767,8.6,4699.7,45,
31.8.2026,21:46:20.425,8.869,6.3,500.0,45,
31.8.2026,21:46:20.636,8.648,2.4,4099.7,44,
31.8.2026,21:46:20.826,9.260,10.9,4099.7,44,
31.8.2026,21:46:21.033,8.830,4.3,4699.7,44,
31.8.2026,21:46:21.241,8.433,4.9,4699.7,44,
31.8.2026,21:46:21.446,9.130,6.1,4099.7,45,
31.8.2026,21:46:21.652,8.661,4.7,4099.7,45,
31.8.2026,21:46:21.861,7.881,7.6,4099.7,43,
31.8.2026,21:46:22.073,8.691,2.9,4699.7,43,
31.8.2026,21:46:22.263,8.691,9.7,4699.7,43,
31.8.2026,21:46:22.473,9.521,4.9,4099.7,44,
31.8.2026,21:46:22.678,8.337,3.9,4099.7,44,
31.8.2026,21:46:22.885,8.513,3.3,4699.7,43,
31.8.2026,21:46:23.093,9.193,13.4,4099.7,43,
31.8.2026,21:46:23.298,9.024,3.3,4699.7,43,
31.8.2026,21:46:23.508,8.884,6.2,4699.7,44,
31.8.2026,21:46:23.713,10.274,2.7,4699.7,43,
31.8.2026,21:46:23.922,7.927,10.4,4699.7,43,
31.8.2026,21:46:24.127,9.256,5.4,4699.7,43,
31.8.2026,21:46:24.334,8.747,8.1,4699.7,44,
31.8.2026,21:46:24.527,10.542,3.8,4699.7,45,
31.8.2026,21:46:24.736,8.307,10.8,4099.7,45,
31.8.2026,21:46:24.943,8.694,6.9,4099.7,44,
31.8.2026,21:46:25.150,8.541,2.9,4699.7,44,
31.8.2026,21:46:25.342,8.350,10.2,4099.7,44,
31.8.2026,21:46:25.554,8.121,2.2,4099.7,44,
31.8.2026,21:46:25.760,8.535,6.6,4099.7,43,
31.8.2026,21:46:25.968,10.620,9.3,4699.7,44,
31.8.2026,21:46:26.176,8.948,5.8,4099.7,44,
31.8.2026,21:46:26.384,8.349,3.5,4099.7,44,
31.8.2026,21:46:26.574,8.832,9.0,4699.7,43,
31.8.2026,21:46:26.783,9.666,7.3,4099.7,44,
31.8.2026,21:46:26.988,9.199,5.0,4099.7,43,
31.8.2026,21:46:27.194,8.467,4.4,4099.7,43,
31.8.2026,21:46:27.387,9.020,7.1,4099.7,44,
31.8.2026,21:46:27.594,8.442,4.3,4099.7,43,
31.8.2026,21:46:27.803,8.768,7.3,4699.7,44,
31.8.2026,21:46:28.008,9.264,3.3,4699.7,43,
31.8.2026,21:46:28.199,8.824,9.1,4099.7,43,
31.8.2026,21:46:28.406,8.816,4.4,4699.7,43,
31.8.2026,21:46:28.614,8.345,3.0,4699.7,43,
31.8.2026,21:46:28.824,9.659,5.7,4699.7,43,
31.8.2026,21:46:29.029,8.528,8.6,799.9,44,
31.8.2026,21:46:29.236,8.549,3.5,4699.7,43,
31.8.2026,21:46:29.446,8.128,5.0,4699.7,43,
31.8.2026,21:46:29.649,8.765,5.6,4699.7,44,
31.8.2026,21:46:29.842,11.712,9.7,4699.7,44,
31.8.2026,21:46:30.046,9.458,7.6,4099.7,43,
31.8.2026,21:46:30.254,9.397,5.9,4099.7,47,
31.8.2026,21:46:30.463,8.980,2.9,4699.7,43,
31.8.2026,21:46:30.658,8.428,2.9,4699.7,43,
31.8.2026,21:46:30.864,9.304,7.7,4699.7,43,
31.8.2026,21:46:31.072,8.821,5.3,4699.7,43,
31.8.2026,21:46:31.263,9.125,8.3,4099.7,44,
31.8.2026,21:46:31.471,10.350,11.9,4099.7,77,
31.8.2026,21:46:31.679,8.106,2.4,4099.7,77,
31.8.2026,21:46:31.886,8.531,4.4,4699.7,75,
31.8.2026,21:46:32.095,8.444,9.8,4699.7,76,
31.8.2026,21:46:32.301,8.348,4.5,4099.7,76,
31.8.2026,21:46:32.509,9.834,4.4,4699.7,75,
31.8.2026,21:46:32.702,8.640,5.3,4699.7,72,
31.8.2026,21:46:32.910,10.242,12.1,4099.7,73,
31.8.2026,21:46:33.114,10.868,6.5,2899.8,72,
31.8.2026,21:46:33.323,8.962,2.4,3999.7,67,
31.8.2026,21:46:33.514,9.325,4.8,4699.7,70,
31.8.2026,21:46:33.722,9.019,8.9,4699.7,47,
31.8.2026,21:46:33.927,9.595,6.8,3499.8,51,
31.8.2026,21:46:34.135,9.190,4.0,4099.7,43,
31.8.2026,21:46:34.344,8.605,7.1,4099.7,45,
31.8.2026,21:46:34.548,9.699,6.8,4099.7,46,
31.8.2026,21:46:34.755,9.014,4.8,4099.7,47,
31.8.2026,21:46:34.961,9.672,4.8,4099.7,51,
31.8.2026,21:46:35.153,8.879,3.2,4099.7,47,
31.8.2026,21:46:35.360,8.817,8.3,4099.7,46,
31.8.2026,21:46:35.567,11.460,6.0,4099.7,43,
31.8.2026,21:46:35.762,8.232,7.0,4099.7,44,
31.8.2026,21:46:35.968,9.173,8.1,4699.7,43,
31.8.2026,21:46:36.174,8.374,3.7,999.9,44,
31.8.2026,21:46:36.383,8.549,5.7,4699.7,44,
31.8.2026,21:46:36.587,8.274,4.7,4699.7,44,
31.8.2026,21:46:36.778,8.274,8.7,4099.7,45,
31.8.2026,21:46:36.986,8.781,4.3,4699.7,43,
31.8.2026,21:46:37.192,9.465,6.7,4099.7,43,
31.8.2026,21:46:37.398,8.628,5.4,4699.7,46,
31.8.2026,21:46:37.590,9.451,7.5,4699.7,43,
31.8.2026,21:46:37.797,9.654,6.5,4699.7,43,
31.8.2026,21:46:38.005,8.871,5.1,4699.7,44,
31.8.2026,21:46:38.211,8.762,3.2,4699.7,42,
31.8.2026,21:46:38.404,7.823,7.8,4099.7,43,
31.8.2026,21:46:38.609,8.252,8.1,4099.7,42,
31.8.2026,21:46:38.816,9.302,5.4,4099.7,43,
31.8.2026,21:46:39.023,9.432,8.2,4099.7,43,
31.8.2026,21:46:39.229,10.287,5.4,4699.7,44,
31.8.2026,21:46:39.439,10.009,11.9,4099.7,43,
31.8.2026,21:46:39.644,8.796,3.4,4099.7,43,
31.8.2026,21:46:39.853,8.507,5.3,4099.7,42,
31.8.2026,21:46:40.041,8.582,4.4,4099.7,43,
31.8.2026,21:46:40.251,9.653,11.2,4699.7,45,
31.8.2026,21:46:40.455,10.205,4.6,4099.7,42,
31.8.2026,21:46:40.666,8.836,5.6,4099.7,45,
31.8.2026,21:46:40.856,10.191,5.5,4699.7,43,
31.8.2026,21:46:41.064,8.772,4.7,4699.7,43,
31.8.2026,21:46:41.273,8.524,5.3,4699.7,42,
31.8.2026,21:46:41.479,8.701,3.9,4099.7,43,
31.8.2026,21:46:41.686,9.030,16.5,4099.7,43,
31.8.2026,21:46:41.893,9.805,2.7,4699.7,43,
31.8.2026,21:46:42.101,8.821,4.6,4099.7,43,
31.8.2026,21:46:42.307,8.313,5.9,4699.7,43,
31.8.2026,21:46:42.515,8.447,6.4,4699.7,43,
31.8.2026,21:46:42.722,8.983,4.8,4099.7,43,
31.8.2026,21:46:42.928,8.448,9.6,4699.7,45,
31.8.2026,21:46:43.134,12.783,9.6,4699.7,45,
31.8.2026,21:46:43.323,12.783,9.6,4699.7,45,
31.8.2026,21:46:43.530,12.783,9.6,4699.7,45,
31.8.2026,21:46:43.735,12.783,9.6,4699.7,45,
31.8.2026,21:46:43.943,12.783,9.6,4699.7,45,
31.8.2026,21:46:44.146,12.783,9.6,4699.7,45,
31.8.2026,21:46:44.352,12.783,9.6,4699.7,45,
31.8.2026,21:46:44.543,12.783,9.6,4699.7,45,
31.8.2026,21:46:44.752,12.783,9.6,4699.7,45,
31.8.2026,21:46:44.955,12.783,9.6,4699.7,45,
31.8.2026,21:46:45.161,12.783,9.6,4699.7,45,
31.8.2026,21:46:45.368,12.783,9.6,4699.7,45,
31.8.2026,21:46:45.557,12.783,9.6,4699.7,45,
31.8.2026,21:46:45.764,12.783,9.6,4699.7,45,
31.8.2026,21:46:45.969,12.783,9.6,4699.7,45,
31.8.2026,21:46:46.175,12.783,9.6,4699.7,45,
31.8.2026,21:46:46.381,12.783,9.6,4699.7,45,
31.8.2026,21:46:46.587,12.783,9.6,4699.7,45,
31.8.2026,21:46:46.781,12.783,9.6,4699.7,45,
31.8.2026,21:46:46.985,12.783,9.6,4699.7,45,
31.8.2026,21:46:47.193,12.783,9.6,4699.7,45,
31.8.2026,21:46:47.397,12.783,9.6,4699.7,45,
31.8.2026,21:46:47.604,12.783,9.6,4699.7,45,
31.8.2026,21:46:47.792,12.783,9.6,4699.7,45,
31.8.2026,21:46:48.000,12.783,9.6,4699.7,45,
31.8.2026,21:46:48.205,12.783,9.6,4699.7,45,
31.8.2026,21:46:48.412,12.783,9.6,4699.7,45,
31.8.2026,21:46:48.616,12.783,9.6,4699.7,45,
31.8.2026,21:46:48.824,12.783,9.6,4699.7,45,
31.8.2026,21:46:49.028,12.783,9.6,4699.7,45,
31.8.2026,21:46:49.235,12.783,9.6,4699.7,45,
31.8.2026,21:46:49.439,12.783,9.6,4699.7,45,
31.8.2026,21:46:49.647,12.783,9.6,4699.7,45,
31.8.2026,21:46:49.851,12.783,9.6,4699.7,45,
31.8.2026,21:46:50.059,12.783,9.6,4699.7,45,
31.8.2026,21:46:50.263,12.783,9.6,4699.7,45,
31.8.2026,21:46:50.471,12.783,9.6,4699.7,45,
31.8.2026,21:46:50.675,12.783,9.6,4699.7,45,
31.8.2026,21:46:50.880,12.783,9.6,4699.7,45,
31.8.2026,21:46:51.087,12.783,9.6,4699.7,45,
31.8.2026,21:46:51.278,12.783,9.6,4699.7,45,
31.8.2026,21:46:51.483,12.783,9.6,4699.7,45,
31.8.2026,21:46:51.689,12.783,9.6,4699.7,45,
31.8.2026,21:46:51.895,12.783,9.6,4699.7,45,
31.8.2026,21:46:52.101,12.783,9.6,4699.7,45,
31.8.2026,21:46:52.295,12.783,9.6,4699.7,45,
31.8.2026,21:46:52.499,12.783,9.6,4699.7,45,
31.8.2026,21:46:52.707,12.783,9.6,4699.7,45,
31.8.2026,21:46:52.911,22.644,16.2,4299.7,85,
31.8.2026,21:46:53.117,22.644,16.2,4299.7,85,
31.8.2026,21:46:53.308,22.644,16.2,4299.7,85,
31.8.2026,21:46:53.512,22.644,16.2,4299.7,85,
31.8.2026,21:46:53.718,22.644,16.2,4299.7,85,
31.8.2026,21:46:53.924,22.644,16.2,4299.7,85,
31.8.2026,21:46:54.131,22.644,16.2,4299.7,85,
31.8.2026,21:46:54.336,22.644,16.2,4299.7,85,
31.8.2026,21:46:54.526,22.644,16.2,4299.7,85,
31.8.2026,21:46:54.735,22.644,16.2,4299.7,85,
31.8.2026,21:46:54.938,22.644,16.2,4299.7,85,
31.8.2026,21:46:55.145,22.644,16.2,4299.7,85,
31.8.2026,21:46:55.351,22.644,16.2,4299.7,85,
31.8.2026,21:46:55.558,22.644,16.2,4299.7,85,
31.8.2026,21:46:55.766,22.644,16.2,4299.7,85,
31.8.2026,21:46:55.968,22.644,16.2,4299.7,85,
31.8.2026,21:46:56.174,22.644,16.2,4299.7,85,
31.8.2026,21:46:56.380,22.644,16.2,4299.7,85,
31.8.2026,21:46:56.585,22.644,16.2,4299.7,85,
31.8.2026,21:46:56.792,22.644,16.2,4299.7,85,
31.8.2026,21:46:56.998,22.644,16.2,4299.7,85,
31.8.2026,21:46:57.205,22.644,16.2,4299.7,85,
31.8.2026,21:46:57.414,22.644,16.2,4299.7,85,
31.8.2026,21:46:57.617,22.644,16.2,4299.7,85,
31.8.2026,21:46:57.808,22.644,17.0,4399.7,87,
31.8.2026,21:46:58.013,22.816,17.0,4399.7,87,
31.8.2026,21:46:58.219,22.816,17.0,4399.7,87,
31.8.2026,21:46:58.424,22.816,17.0,4399.7,87,
31.8.2026,21:46:58.631,22.816,17.0,4399.7,87,
31.8.2026,21:46:58.836,22.816,17.0,4399.7,87,
31.8.2026,21:46:59.042,22.816,17.0,4399.7,87,
31.8.2026,21:46:59.248,22.816,17.0,4399.7,87,
31.8.2026,21:46:59.455,22.816,17.0,4399.7,87,
31.8.2026,21:46:59.664,22.816,17.0,4399.7,87,
31.8.2026,21:46:59.868,22.816,17.0,4399.7,87,
31.8.2026,21:47:0.060,22.816,17.0,4399.7,87,
31.8.2026,21:47:0.267,22.816,17.0,4399.7,87,
31.8.2026,21:47:0.472,22.816,17.0,4399.7,87,
31.8.2026,21:47:0.680,22.816,17.0,4399.7,87,
31.8.2026,21:47:0.884,22.816,17.0,4399.7,87,
31.8.2026,21:47:1.075,22.816,17.0,4399.7,87,
31.8.2026,21:47:1.281,22.816,17.0,4399.7,87,
31.8.2026,21:47:1.488,22.816,17.0,4399.7,87,
31.8.2026,21:47:1.694,22.816,17.0,4399.7,87,
31.8.2026,21:47:1.901,22.816,17.0,4399.7,87,
31.8.2026,21:47:2.105,22.816,17.0,4399.7,87,
31.8.2026,21:47:2.312,22.816,17.0,4399.7,87,
31.8.2026,21:47:2.517,22.816,16.1,4299.7,87,
31.8.2026,21:47:2.724,22.375,16.1,4299.7,87,
31.8.2026,21:47:2.930,22.375,16.1,4299.7,87,
31.8.2026,21:47:3.121,22.375,16.1,4299.7,87,
31.8.2026,21:47:3.329,22.375,16.1,4299.7,87,
31.8.2026,21:47:3.533,22.375,16.1,4299.7,87,
31.8.2026,21:47:3.741,22.375,16.1,4299.7,87,
31.8.2026,21:47:3.944,22.375,16.1,4299.7,87,
31.8.2026,21:47:4.153,22.375,16.1,4299.7,87,
31.8.2026,21:47:4.356,22.375,16.1,4299.7,87,
31.8.2026,21:47:4.561,22.375,16.1,4299.7,87,
31.8.2026,21:47:4.770,22.375,16.1,4299.7,87,
31.8.2026,21:47:4.974,22.375,16.1,4299.7,87,
31.8.2026,21:47:5.181,22.375,16.1,4299.7,87,
31.8.2026,21:47:5.372,22.375,16.1,4299.7,87,
31.8.2026,21:47:5.576,22.375,16.1,4299.7,87,
31.8.2026,21:47:5.781,22.375,16.1,4299.7,87,
31.8.2026,21:47:5.988,22.375,16.1,4299.7,87,
31.8.2026,21:47:6.194,22.375,16.1,4299.7,87,
31.8.2026,21:47:6.401,22.375,16.1,4299.7,87,
31.8.2026,21:47:6.609,22.375,16.1,4299.7,87,
31.8.2026,21:47:6.814,22.375,16.1,4299.7,87,
31.8.2026,21:47:7.021,22.375,16.1,4299.7,87,
31.8.2026,21:47:7.227,22.375,16.0,4299.7,87,
31.8.2026,21:47:7.418,22.139,16.0,4299.7,87,
31.8.2026,21:47:7.625,22.139,16.0,4299.7,87,
31.8.2026,21:47:7.834,22.139,16.0,4299.7,87,
31.8.2026,21:47:8.036,22.139,16.0,4299.7,87,
31.8.2026,21:47:8.242,22.139,16.0,4299.7,87,
31.8.2026,21:47:8.447,22.139,16.0,4299.7,87,
31.8.2026,21:47:8.655,22.139,16.0,4299.7,87,
31.8.2026,21:47:8.860,22.139,16.0,4299.7,87,
31.8.2026,21:47:9.067,22.139,16.0,4299.7,87,
31.8.2026,21:47:9.272,22.139,16.0,4299.7,87,
31.8.2026,21:47:9.482,22.139,16.0,4299.7,87,
31.8.2026,21:47:9.689,22.139,16.0,4299.7,87,
31.8.2026,21:47:9.893,22.139,16.0,4299.7,87,
31.8.2026,21:47:10.100,22.139,16.0,4299.7,87,
31.8.2026,21:47:10.305,22.139,16.0,4299.7,87,
31.8.2026,21:47:10.512,22.139,16.0,4299.7,87,
31.8.2026,21:47:10.716,22.139,16.0,4299.7,87,
31.8.2026,21:47:10.923,22.139,16.0,4299.7,87,
31.8.2026,21:47:11.128,22.139,16.0,4299.7,87,
31.8.2026,21:47:11.335,22.139,16.0,4299.7,87,
31.8.2026,21:47:11.540,22.139,16.0,4299.7,87,
31.8.2026,21:47:11.730,22.139,16.0,4299.7,87,
31.8.2026,21:47:11.938,22.139,16.0,4299.7,87,
31.8.2026,21:47:12.142,22.303,16.5,4299.7,87,
31.8.2026,21:47:12.349,22.303,16.5,4299.7,87,
31.8.2026,21:47:12.554,22.303,16.5,4299.7,87,
31.8.2026,21:47:12.760,22.303,16.5,4299.7,87,
31.8.2026,21:47:12.966,22.303,16.5,4299.7,87,
31.8.2026,21:47:13.172,22.303,16.5,4299.7,87,
31.8.2026,21:47:13.378,22.303,16.5,4299.7,87,
31.8.2026,21:47:13.583,22.303,16.5,4299.7,87,
31.8.2026,21:47:13.789,22.303,16.5,4299.7,87,
31.8.2026,21:47:13.979,22.303,16.5,4299.7,87,
31.8.2026,21:47:14.185,22.303,16.5,4299.7,87,
31.8.2026,21:47:14.391,22.303,16.5,4299.7,87,
31.8.2026,21:47:14.599,22.303,16.5,4299.7,87,
31.8.2026,21:47:14.803,22.303,16.5,4299.7,87,
31.8.2026,21:47:15.010,22.303,16.5,4299.7,87,
31.8.2026,21:47:15.199,22.303,16.5,4299.7,87,
31.8.2026,21:47:15.406,22.303,16.5,4299.7,87,
31.8.2026,21:47:15.611,22.303,16.5,4299.7,87,
31.8.2026,21:47:15.818,22.303,16.5,4299.7,87,
31.8.2026,21:47:16.022,22.303,16.5,4299.7,87,
31.8.2026,21:47:16.227,22.303,16.5,4299.7,87,
31.8.2026,21:47:16.434,22.303,16.5,4299.7,87,
31.8.2026,21:47:16.624,22.303,16.5,4299.7,87,
31.8.2026,21:47:16.831,22.303,16.5,4299.7,87,
31.8.2026,21:47:17.037,22.303,16.5,4299.7,87,
31.8.2026,21:47:17.244,22.303,16.5,4299.7,87,
31.8.2026,21:47:17.434,22.303,16.5,4299.7,87,
31.8.2026,21:47:17.639,22.303,16.5,4299.7,87,
31.8.2026,21:47:17.846,22.303,16.5,4299.7,87,
31.8.2026,21:47:18.052,22.303,16.5,4299.7,87,
31.8.2026,21:47:18.259,22.303,16.5,4299.7,87,
31.8.2026,21:47:18.464,22.303,16.5,4299.7,87,
31.8.2026,21:47:18.671,22.303,16.5,4299.7,87,
31.8.2026,21:47:18.875,22.303,16.5,4299.7,87,
31.8.2026,21:47:19.083,22.303,16.5,4299.7,87,
31.8.2026,21:47:19.287,22.303,16.5,4299.7,87,
31.8.2026,21:47:19.495,22.303,16.5,4299.7,87,
31.8.2026,21:47:19.701,22.303,16.5,4299.7,87,
31.8.2026,21:47:19.903,22.303,16.5,4299.7,87,
31.8.2026,21:47:20.110,22.303,16.5,4299.7,87,
31.8.2026,21:47:20.319,22.303,16.5,4299.7,87,
31.8.2026,21:47:20.523,22.303,16.5,4299.7,87,
31.8.2026,21:47:20.731,22.303,16.5,4299.7,87,
31.8.2026,21:47:20.935,22.303,16.5,4299.7,87,
31.8.2026,21:47:21.142,22.303,16.5,4299.7,87,
31.8.2026,21:47:21.347,22.303,16.5,4299.7,87,
31.8.2026,21:47:21.554,21.978,16.2,4199.7,87,
31.8.2026,21:47:21.759,21.978,16.2,4199.7,87,
31.8.2026,21:47:21.948,21.978,16.2,4199.7,87,
31.8.2026,21:47:22.154,21.978,16.2,4199.7,87,
31.8.2026,21:47:22.360,21.978,16.2,4199.7,87,
31.8.2026,21:47:22.564,21.978,16.2,4199.7,87,
31.8.2026,21:47:22.771,21.978,16.2,4199.7,87,
31.8.2026,21:47:22.976,21.978,16.2,4199.7,87,
31.8.2026,21:47:23.183,21.978,16.2,4199.7,87,
31.8.2026,21:47:23.387,21.978,16.2,4199.7,87,
31.8.2026,21:47:23.594,21.978,16.2,4199.7,87,
31.8.2026,21:47:23.799,21.978,16.2,4199.7,87,
31.8.2026,21:47:24.008,21.978,16.2,4199.7,87,
31.8.2026,21:47:24.215,21.978,16.2,4199.7,87,
31.8.2026,21:47:24.420,21.978,16.2,4199.7,87,
31.8.2026,21:47:24.627,21.978,16.2,4199.7,87,
31.8.2026,21:47:24.832,21.978,16.2,4199.7,87,
31.8.2026,21:47:25.039,21.978,16.2,4199.7,87,
31.8.2026,21:47:25.243,21.978,16.2,4199.7,87,
31.8.2026,21:47:25.434,21.978,16.2,4199.7,87,
31.8.2026,21:47:25.638,21.978,16.2,4199.7,87,
31.8.2026,21:47:25.846,21.978,16.2,4199.7,87,
31.8.2026,21:47:26.051,21.978,16.2,4199.7,87,
31.8.2026,21:47:26.257,21.978,16.1,4299.7,86,
31.8.2026,21:47:26.449,21.993,16.1,4299.7,86,
31.8.2026,21:47:26.654,21.993,16.1,4299.7,86,
31.8.2026,21:47:26.860,21.993,16.1,4299.7,86,
31.8.2026,21:47:27.066,21.993,16.1,4299.7,86,
31.8.2026,21:47:27.272,21.993,16.1,4299.7,86,
31.8.2026,21:47:27.479,21.993,16.1,4299.7,86,
31.8.2026,21:47:27.685,21.993,16.1,4299.7,86,
31.8.2026,21:47:27.890,21.993,16.1,4299.7,86,
31.8.2026,21:47:28.096,21.993,16.1,4299.7,86,
31.8.2026,21:47:28.302,21.993,16.1,4299.7,86,
31.8.2026,21:47:28.509,21.993,16.1,4299.7,86,
31.8.2026,21:47:28.700,21.993,16.1,4299.7,86,
31.8.2026,21:47:28.904,21.993,16.1,4299.7,86,
31.8.2026,21:47:29.112,21.993,16.1,4299.7,86,
31.8.2026,21:47:29.317,21.993,16.1,4299.7,86,
31.8.2026,21:47:29.524,21.993,16.1,4299.7,86,
31.8.2026,21:47:29.728,21.993,16.1,4299.7,86,
31.8.2026,21:47:29.918,21.993,16.1,4299.7,86,
31.8.2026,21:47:30.128,22.113,16.1,4299.7,86,
31.8.2026,21:47:30.331,22.113,16.1,4299.7,86,
31.8.2026,21:47:30.539,22.113,16.1,4299.7,86,
31.8.2026,21:47:30.742,22.113,16.1,4299.7,86,
31.8.2026,21:47:30.933,22.113,16.1,4299.7,86,
31.8.2026,21:47:31.143,22.113,16.1,4299.7,86,
31.8.2026,21:47:31.348,22.113,16.1,4299.7,86,
31.8.2026,21:47:31.553,22.113,16.1,4299.7,86,
31.8.2026,21:47:31.759,22.113,16.1,4299.7,86,
31.8.2026,21:47:31.948,22.113,16.1,4299.7,86,
31.8.2026,21:47:32.155,22.113,16.1,4299.7,86,
31.8.2026,21:47:32.360,22.113,16.1,4299.7,86,
31.8.2026,21:47:32.566,22.113,16.1,4299.7,86,
31.8.2026,21:47:32.772,22.113,16.1,4299.7,86,
31.8.2026,21:47:32.978,22.113,16.1,4299.7,86,
31.8.2026,21:47:33.170,22.113,16.1,4299.7,86,
31.8.2026,21:47:33.374,22.113,16.1,4299.7,86,
31.8.2026,21:47:33.579,22.113,16.1,4299.7,86,
31.8.2026,21:47:33.786,22.113,16.1,4299.7,86,
31.8.2026,21:47:33.994,22.113,16.1,4299.7,86,
31.8.2026,21:47:34.182,22.113,16.1,4299.7,86,
31.8.2026,21:47:34.389,22.113,16.1,4299.7,86,
31.8.2026,21:47:34.595,22.113,16.1,4299.7,86,
31.8.2026,21:47:34.801,22.113,16.1,4299.7,86,
31.8.2026,21:47:35.010,22.113,16.1,4299.7,86,
31.8.2026,21:47:35.213,22.113,16.1,4299.7,86,
31.8.2026,21:47:35.418,22.113,16.1,4299.7,86,
31.8.2026,21:47:35.624,22.113,16.1,4299.7,86,
31.8.2026,21:47:35.830,22.113,16.1,4299.7,86,
31.8.2026,21:47:36.036,22.113,16.1,4299.7,86,
31.8.2026,21:47:36.241,22.113,16.1,4299.7,86,
31.8.2026,21:47:36.447,22.113,16.1,4299.7,86,
31.8.2026,21:47:36.637,22.113,16.1,4299.7,86,
31.8.2026,21:47:36.844,22.113,16.1,4299.7,86,
31.8.2026,21:47:37.047,22.113,16.1,4299.7,86,
31.8.2026,21:47:37.253,22.113,16.1,4299.7,86,
31.8.2026,21:47:37.458,22.113,16.1,4299.7,86,
31.8.2026,21:47:37.665,22.113,16.1,4299.7,86,
31.8.2026,21:47:37.855,22.113,16.1,4299.7,86,
31.8.2026,21:47:38.063,22.113,16.1,4299.7,86,
31.8.2026,21:47:38.267,22.113,16.1,4299.7,86,
31.8.2026,21:47:38.475,22.113,16.1,4299.7,86,
31.8.2026,21:47:38.681,22.113,16.1,4299.7,86,
31.8.2026,21:47:38.871,22.113,16.1,4299.7,86,
31.8.2026,21:47:39.077,22.113,16.1,4299.7,86,
31.8.2026,21:47:39.284,22.113,12.5,3999.7,87,
31.8.2026,21:47:39.490,22.113,12.5,3999.7,87,
31.8.2026,21:47:39.696,22.113,12.5,3999.7,87,
31.8.2026,21:47:39.887,22.113,12.5,3999.7,87,
31.8.2026,21:47:40.095,22.113,12.5,3999.7,87,
31.8.2026,21:47:40.304,22.113,12.5,3999.7,87,
31.8.2026,21:47:40.505,22.113,12.5,3999.7,87,
31.8.2026,21:47:40.712,22.113,12.5,3999.7,87,
31.8.2026,21:47:40.903,22.113,12.5,3999.7,87,
31.8.2026,21:47:41.108,22.113,12.5,3999.7,87,
31.8.2026,21:47:41.317,22.113,12.5,3999.7,87,
31.8.2026,21:47:41.519,22.113,12.5,3999.7,87,
31.8.2026,21:47:41.726,22.113,12.5,3999.7,87,
31.8.2026,21:47:41.932,22.113,12.5,3999.7,87,
31.8.2026,21:47:42.138,22.113,12.5,3999.7,87,
31.8.2026,21:47:42.344,22.113,12.5,3999.7,87,
31.8.2026,21:47:42.550,22.113,12.5,3999.7,87,
31.8.2026,21:47:42.757,22.113,12.5,3999.7,87,
31.8.2026,21:47:42.963,22.113,12.5,3999.7,87,
31.8.2026,21:47:43.170,21.967,33.1,4699.7,79,
31.8.2026,21:47:43.373,21.339,26.0,4099.7,67,
31.8.2026,21:47:43.580,20.259,19.2,4099.7,81,
31.8.2026,21:47:43.789,12.404,8.3,4699.7,53,
31.8.2026,21:47:44.002,8.943,5.4,4699.7,53,
31.8.2026,21:47:44.206,8.854,7.8,4099.7,54,
31.8.2026,21:47:44.413,9.155,6.7,400.0,54,
31.8.2026,21:47:44.623,9.528,5.0,4099.7,52,
31.8.2026,21:47:44.827,8.787,10.8,4699.7,54,
31.8.2026,21:47:45.034,9.389,4.3,4699.7,51,
31.8.2026,21:47:45.243,8.986,5.1,4099.7,51,
31.8.2026,21:47:45.447,8.952,4.7,4699.7,52,
31.8.2026,21:47:45.638,8.952,14.2,4099.7,53,
31.8.2026,21:47:45.845,9.103,7.2,4099.7,67,
31.8.2026,21:47:46.052,12.364,5.8,4699.7,51,
31.8.2026,21:47:46.259,10.907,7.6,4699.7,58,
31.8.2026,21:47:46.450,9.235,10.5,4099.7,50,
31.8.2026,21:47:46.660,8.718,3.8,4099.7,50,
31.8.2026,21:47:46.868,8.665,3.6,4699.7,50,
31.8.2026,21:47:47.061,8.611,8.7,4099.7,49,
31.8.2026,21:47:47.269,8.353,4.6,4099.7,49,
31.8.2026,21:47:47.474,8.074,4.2,4099.7,49,
31.8.2026,21:47:47.681,8.883,2.8,4099.7,50,
31.8.2026,21:47:47.888,8.158,10.3,3099.8,51,
31.8.2026,21:47:48.096,8.935,2.4,4699.7,49,
31.8.2026,21:47:48.304,8.390,7.0,4099.7,49,
31.8.2026,21:47:48.496,8.292,8.1,4099.7,49,
31.8.2026,21:47:48.703,8.760,8.1,4099.7,49,
31.8.2026,21:47:48.909,8.760,8.1,4099.7,49,
31.8.2026,21:47:49.116,8.760,8.1,4099.7,49,
31.8.2026,21:47:49.323,8.760,8.1,4099.7,49,
31.8.2026,21:47:49.513,8.760,8.1,4099.7,49,
31.8.2026,21:47:49.720,8.760,8.1,4099.7,49,
31.8.2026,21:47:49.926,8.760,8.1,4099.7,49,
31.8.2026,21:47:50.134,8.760,8.1,4099.7,49,
31.8.2026,21:47:50.324,8.760,8.1,4099.7,49,
31.8.2026,21:47:50.531,8.760,8.1,4099.7,49,
31.8.2026,21:47:50.737,8.760,8.1,4099.7,49,
31.8.2026,21:47:50.944,8.760,8.1,4099.7,49,
31.8.2026,21:47:51.151,8.760,8.1,4099.7,49,
31.8.2026,21:47:51.341,8.760,8.1,4099.7,49,
31.8.2026,21:47:51.547,8.760,8.1,4099.7,49,
31.8.2026,21:47:51.754,8.760,8.1,4099.7,49,
31.8.2026,21:47:51.961,8.760,8.1,4099.7,49,
31.8.2026,21:47:52.168,8.760,8.1,4099.7,49,
31.8.2026,21:47:52.372,8.760,8.1,4099.7,49,
31.8.2026,21:47:52.579,8.760,8.1,4099.7,49,
31.8.2026,21:47:52.788,8.760,8.1,4099.7,49,
31.8.2026,21:47:52.992,8.760,8.1,4099.7,49,
31.8.2026,21:47:53.182,8.760,8.1,4099.7,49,
31.8.2026,21:47:53.388,8.760,8.1,4099.7,49,
31.8.2026,21:47:53.595,8.760,8.1,4099.7,49,
31.8.2026,21:47:53.801,8.760,8.1,4099.7,49,
31.8.2026,21:47:54.011,21.498,15.3,4099.7,87,
31.8.2026,21:47:54.201,21.498,15.3,4099.7,87,
31.8.2026,21:47:54.405,21.498,15.3,4099.7,87,
31.8.2026,21:47:54.612,21.498,15.3,4099.7,87,
31.8.2026,21:47:54.819,21.498,15.3,4099.7,87,
31.8.2026,21:47:55.025,21.498,15.3,4099.7,87,
31.8.2026,21:47:55.215,21.498,15.3,4099.7,87,
31.8.2026,21:47:55.422,21.498,15.3,4099.7,87,
31.8.2026,21:47:55.628,21.498,15.3,4099.7,87,
31.8.2026,21:47:55.839,21.498,15.3,4099.7,87,
31.8.2026,21:47:56.041,21.498,15.3,4099.7,87,
31.8.2026,21:47:56.248,21.498,15.3,4099.7,87,
31.8.2026,21:47:56.455,21.498,15.3,4099.7,87,
31.8.2026,21:47:56.661,21.498,15.3,4099.7,87,
31.8.2026,21:47:56.868,21.498,15.3,4099.7,87,
31.8.2026,21:47:57.059,21.498,15.3,4099.7,87,
31.8.2026,21:47:57.265,21.498,15.3,4099.7,87,
31.8.2026,21:47:57.472,21.498,15.3,4099.7,87,
31.8.2026,21:47:57.680,21.498,15.3,4099.7,87,
31.8.2026,21:47:57.885,21.498,15.3,4099.7,87,
31.8.2026,21:47:58.093,21.498,15.3,4099.7,87,
31.8.2026,21:47:58.298,21.498,15.3,4099.7,87,
31.8.2026,21:47:58.505,21.498,15.3,4099.7,87,
31.8.2026,21:47:58.713,23.126,16.1,4099.7,87,
31.8.2026,21:47:58.903,23.126,16.1,4099.7,87,
31.8.2026,21:47:59.109,23.126,16.1,4099.7,87,
31.8.2026,21:47:59.315,23.126,16.1,4099.7,87,
31.8.2026,21:47:59.522,23.126,16.1,4099.7,87,
31.8.2026,21:47:59.728,23.126,16.1,4099.7,87,
31.8.2026,21:47:59.919,23.126,16.1,4099.7,87,
31.8.2026,21:48:0.125,23.126,16.1,4099.7,87,
31.8.2026,21:48:0.332,23.126,16.1,4099.7,87,
31.8.2026,21:48:0.538,23.126,16.1,4099.7,87,
31.8.2026,21:48:0.744,23.126,16.1,4099.7,87,
31.8.2026,21:48:0.934,23.126,16.1,4099.7,87,
31.8.2026,21:48:1.142,23.126,16.1,4099.7,87,
31.8.2026,21:48:1.348,23.126,16.1,4099.7,87,
31.8.2026,21:48:1.555,23.126,16.1,4099.7,87,
31.8.2026,21:48:1.762,23.126,16.1,4099.7,87,
31.8.2026,21:48:1.952,23.126,16.1,4099.7,87,
31.8.2026,21:48:2.159,23.126,16.1,4099.7,87,
31.8.2026,21:48:2.366,23.126,16.1,4099.7,87,
31.8.2026,21:48:2.570,23.126,16.1,4099.7,87,
31.8.2026,21:48:2.763,23.126,16.1,4099.7,87,
31.8.2026,21:48:2.970,23.126,16.1,4099.7,87,
31.8.2026,21:48:3.176,23.126,16.1,4099.7,87,
31.8.2026,21:48:3.380,23.126,16.1,4099.7,87,
31.8.2026,21:48:3.589,23.126,16.7,4299.7,87,
31.8.2026,21:48:3.780,23.433,16.7,4299.7,87,
31.8.2026,21:48:3.987,23.433,16.7,4299.7,87,
31.8.2026,21:48:4.194,23.433,16.7,4299.7,87,
31.8.2026,21:48:4.396,23.433,16.7,4299.7,87,
31.8.2026,21:48:4.602,23.433,16.7,4299.7,87,
31.8.2026,21:48:4.792,23.433,16.7,4299.7,87,
31.8.2026,21:48:4.998,23.433,16.7,4299.7,87,
31.8.2026,21:48:5.207,23.433,16.7,4299.7,87,
31.8.2026,21:48:5.408,23.433,16.7,4299.7,87,
31.8.2026,21:48:5.614,23.433,16.7,4299.7,87,
31.8.2026,21:48:5.819,23.433,16.7,4299.7,87,
31.8.2026,21:48:6.024,23.433,16.7,4299.7,87,
31.8.2026,21:48:6.215,23.433,16.7,4299.7,87,
31.8.2026,21:48:6.422,23.433,16.7,4299.7,87,
31.8.2026,21:48:6.629,23.433,16.7,4299.7,87,
31.8.2026,21:48:6.836,23.433,16.7,4299.7,87,
31.8.2026,21:48:7.041,23.433,16.7,4299.7,87,
31.8.2026,21:48:7.248,23.433,16.7,4299.7,87,
31.8.2026,21:48:7.455,23.433,16.7,4299.7,87,
31.8.2026,21:48:7.661,23.433,16.7,4299.7,87,
31.8.2026,21:48:7.868,23.433,16.7,4299.7,87,
31.8.2026,21:48:8.059,23.433,16.7,4299.7,87,
31.8.2026,21:48:8.265,23.433,24.7,4199.7,87,
31.8.2026,21:48:8.471,25.333,24.7,4199.7,87,
31.8.2026,21:48:8.678,25.333,24.7,4199.7,87,
31.8.2026,21:48:8.886,25.333,24.7,4199.7,87,
31.8.2026,21:48:9.092,25.333,24.7,4199.7,87,
31.8.2026,21:48:9.298,25.333,24.7,4199.7,87,
31.8.2026,21:48:9.505,25.333,24.7,4199.7,87,
31.8.2026,21:48:9.711,25.333,24.7,4199.7,87,
31.8.2026,21:48:9.902,25.333,24.7,4199.7,87,
31.8.2026,21:48:10.109,25.333,24.7,4199.7,87,
31.8.2026,21:48:10.316,25.333,24.7,4199.7,87,
31.8.2026,21:48:10.523,25.333,24.7,4199.7,87,
31.8.2026,21:48:10.729,25.333,24.7,4199.7,87,
31.8.2026,21:48:10.936,25.333,24.7,4199.7,87,
31.8.2026,21:48:11.143,25.333,24.7,4199.7,87,
31.8.2026,21:48:11.350,25.333,24.7,4199.7,87,
31.8.2026,21:48:11.557,25.333,24.7,4199.7,87,
31.8.2026,21:48:11.747,25.333,24.7,4199.7,87,
31.8.2026,21:48:11.954,25.333,24.7,4199.7,87,
31.8.2026,21:48:12.161,25.333,24.7,4199.7,87,
31.8.2026,21:48:12.368,25.333,24.7,4199.7,87,
31.8.2026,21:48:12.559,25.333,24.7,4199.7,87,
31.8.2026,21:48:12.765,25.333,24.7,4199.7,87,
31.8.2026,21:48:12.972,25.333,24.7,4199.7,87,
31.8.2026,21:48:13.179,22.981,16.0,4099.7,85,
31.8.2026,21:48:13.385,22.981,16.0,4099.7,85,
31.8.2026,21:48:13.575,22.981,16.0,4099.7,85,
31.8.2026,21:48:13.782,22.981,16.0,4099.7,85,
31.8.2026,21:48:13.989,22.981,16.0,4099.7,85,
31.8.2026,21:48:14.195,22.981,16.0,4099.7,85,
31.8.2026,21:48:14.402,22.981,16.0,4099.7,85,
31.8.2026,21:48:14.593,22.981,16.0,4099.7,85,
31.8.2026,21:48:14.797,22.981,16.0,4099.7,85,
31.8.2026,21:48:15.004,22.981,16.0,4099.7,85,
31.8.2026,21:48:15.210,22.981,16.0,4099.7,85,
31.8.2026,21:48:15.417,22.981,16.0,4099.7,85,
31.8.2026,21:48:15.623,22.981,16.0,4099.7,85,
31.8.2026,21:48:15.830,22.981,16.0,4099.7,85,
31.8.2026,21:48:16.037,22.981,16.0,4099.7,85,
31.8.2026,21:48:16.244,22.981,16.0,4099.7,85,
31.8.2026,21:48:16.434,22.981,16.0,4099.7,85,
31.8.2026,21:48:16.640,22.981,16.0,4099.7,85,
31.8.2026,21:48:16.846,22.981,16.0,4099.7,85,
31.8.2026,21:48:17.054,22.981,16.0,4099.7,85,
31.8.2026,21:48:17.244,22.981,16.0,4099.7,85,
31.8.2026,21:48:17.451,22.981,16.0,4099.7,85,
31.8.2026,21:48:17.658,22.981,16.0,4099.7,85,
31.8.2026,21:48:17.864,22.981,15.8,4199.7,87,
31.8.2026,21:48:18.071,22.854,15.8,4199.7,87,
31.8.2026,21:48:18.262,22.854,15.8,4199.7,87,
31.8.2026,21:48:18.469,22.854,15.8,4199.7,87,
31.8.2026,21:48:18.675,22.854,15.8,4199.7,87,
31.8.2026,21:48:18.882,22.854,15.8,4199.7,87,
31.8.2026,21:48:19.089,22.854,15.8,4199.7,87,
31.8.2026,21:48:19.295,22.854,15.8,4199.7,87,
31.8.2026,21:48:19.502,22.854,15.8,4199.7,87,
31.8.2026,21:48:19.709,22.854,15.8,4199.7,87,
31.8.2026,21:48:19.916,22.854,15.8,4199.7,87,
31.8.2026,21:48:20.106,22.854,15.8,4199.7,87,
31.8.2026,21:48:20.312,22.854,15.8,4199.7,87,
31.8.2026,21:48:20.519,22.854,15.8,4199.7,87,
31.8.2026,21:48:20.725,22.854,15.8,4199.7,87,
31.8.2026,21:48:20.932,22.854,15.8,4199.7,87,
31.8.2026,21:48:21.138,22.854,15.8,4199.7,87,
31.8.2026,21:48:21.345,22.854,15.8,4199.7,87,
31.8.2026,21:48:21.551,22.854,15.8,4199.7,87,
31.8.2026,21:48:21.758,22.854,15.8,4199.7,87,
31.8.2026,21:48:21.949,22.854,15.8,4199.7,87,
31.8.2026,21:48:22.156,22.854,15.8,4199.7,87,
31.8.2026,21:48:22.362,22.854,15.8,4199.7,87,
31.8.2026,21:48:22.569,22.854,15.8,4199.7,87,
31.8.2026,21:48:22.776,23.048,15.9,4299.7,87,
31.8.2026,21:48:22.983,23.048,15.9,4299.7,87,
31.8.2026,21:48:23.190,23.048,15.9,4299.7,87,
31.8.2026,21:48:23.396,23.048,15.9,4299.7,87,
31.8.2026,21:48:23.603,23.048,15.9,4299.7,87,
31.8.2026,21:48:23.793,23.048,15.9,4299.7,87,
31.8.2026,21:48:24.000,23.096,15.9,4299.7,87,
31.8.2026,21:48:24.207,23.096,15.9,4299.7,87,
31.8.2026,21:48:24.414,23.096,15.9,4299.7,87,
31.8.2026,21:48:24.621,23.096,15.9,4299.7,87,
31.8.2026,21:48:24.829,23.096,15.9,4299.7,87,
31.8.2026,21:48:25.036,23.096,15.9,4299.7,87,
31.8.2026,21:48:25.243,23.096,15.9,4299.7,87,
31.8.2026,21:48:25.450,23.096,15.9,4299.7,87,
31.8.2026,21:48:25.657,23.096,15.9,4299.7,87,
31.8.2026,21:48:25.863,23.096,15.9,4299.7,87,
31.8.2026,21:48:26.071,23.096,15.9,4299.7,87,
31.8.2026,21:48:26.274,23.096,15.9,4299.7,87,
31.8.2026,21:48:26.465,23.096,15.9,4299.7,87,
31.8.2026,21:48:26.672,23.096,15.9,4299.7,87,
31.8.2026,21:48:26.878,23.096,15.9,4299.7,87,
31.8.2026,21:48:27.085,23.096,15.9,4299.7,87,
31.8.2026,21:48:27.276,23.096,15.9,4299.7,87,
31.8.2026,21:48:27.482,23.096,15.9,4299.7,87,
31.8.2026,21:48:27.689,23.096,15.9,4299.7,87,
31.8.2026,21:48:27.895,23.096,15.9,4299.7,87,
31.8.2026,21:48:28.102,23.096,15.9,4299.7,87,
31.8.2026,21:48:28.293,23.096,15.9,4299.7,87,
31.8.2026,21:48:28.500,23.096,15.9,4299.7,87,
31.8.2026,21:48:28.706,23.096,14.8,4099.7,83,
31.8.2026,21:48:28.912,23.096,14.8,4099.7,83,
31.8.2026,21:48:29.118,23.096,14.8,4099.7,83,
31.8.2026,21:48:29.309,23.096,14.8,4099.7,83,
31.8.2026,21:48:29.516,23.096,14.8,4099.7,83,
31.8.2026,21:48:29.722,23.096,14.8,4099.7,83,
31.8.2026,21:48:29.929,23.096,14.8,4099.7,83,
31.8.2026,21:48:30.122,23.096,14.8,4099.7,83,
31.8.2026,21:48:30.329,23.096,14.8,4099.7,83,
31.8.2026,21:48:30.533,23.096,14.8,4099.7,83,
31.8.2026,21:48:30.739,23.096,14.8,4099.7,83,
31.8.2026,21:48:30.946,23.096,14.8,4099.7,83,
31.8.2026,21:48:31.136,23.096,14.8,4099.7,83,
31.8.2026,21:48:31.343,23.096,14.8,4099.7,83,
31.8.2026,21:48:31.553,23.096,14.8,4099.7,83,
31.8.2026,21:48:31.759,23.096,14.8,4099.7,83,
31.8.2026,21:48:31.950,23.096,14.8,4099.7,83,
31.8.2026,21:48:32.157,23.096,14.8,4099.7,83,
31.8.2026,21:48:32.364,23.096,14.8,4099.7,83,
31.8.2026,21:48:32.570,23.096,14.8,4099.7,83,
31.8.2026,21:48:32.777,23.096,14.8,4099.7,83,
31.8.2026,21:48:32.966,23.096,14.8,4099.7,83,
31.8.2026,21:48:33.173,23.096,14.8,4099.7,83,
31.8.2026,21:48:33.377,22.861,28.0,4099.7,87,
31.8.2026,21:48:33.584,22.861,28.0,4099.7,87,
31.8.2026,21:48:33.790,22.861,28.0,4099.7,87,
31.8.2026,21:48:33.981,22.861,28.0,4099.7,87,
31.8.2026,21:48:34.187,22.861,28.0,4099.7,87,
31.8.2026,21:48:34.393,22.861,28.0,4099.7,87,
31.8.2026,21:48:34.600,22.861,28.0,4099.7,87,
31.8.2026,21:48:34.806,22.861,28.0,4099.7,87,
31.8.2026,21:48:34.996,22.861,28.0,4099.7,87,
31.8.2026,21:48:35.203,22.861,28.0,4099.7,87,
31.8.2026,21:48:35.410,22.861,28.0,4099.7,87,
31.8.2026,21:48:35.617,22.861,28.0,4099.7,87,
31.8.2026,21:48:35.823,22.861,28.0,4099.7,87,
31.8.2026,21:48:36.030,22.861,28.0,4099.7,87,
31.8.2026,21:48:36.236,22.861,28.0,4099.7,87,
31.8.2026,21:48:36.442,22.861,28.0,4099.7,87,
31.8.2026,21:48:36.649,22.861,28.0,4099.7,87,
31.8.2026,21:48:36.842,22.861,28.0,4099.7,87,
31.8.2026,21:48:37.046,22.861,28.0,4099.7,87,
31.8.2026,21:48:37.253,22.861,28.0,4099.7,87,
31.8.2026,21:48:37.459,22.861,28.0,4099.7,87,
31.8.2026,21:48:37.665,22.861,28.0,4099.7,87,
31.8.2026,21:48:37.856,22.861,28.0,4099.7,87,
31.8.2026,21:48:38.063,22.861,15.8,4199.7,87,
31.8.2026,21:48:38.269,22.979,15.8,4199.7,87,
31.8.2026,21:48:38.475,22.979,15.8,4199.7,87,
31.8.2026,21:48:38.682,22.979,15.8,4199.7,87,
31.8.2026,21:48:38.889,22.979,15.8,4199.7,87,
31.8.2026,21:48:39.096,22.979,15.8,4199.7,87,
31.8.2026,21:48:39.309,22.979,15.8,4199.7,87,
31.8.2026,21:48:39.509,22.979,15.8,4199.7,87,
31.8.2026,21:48:39.699,22.979,15.8,4199.7,87,
31.8.2026,21:48:39.906,22.979,15.8,4199.7,87,
31.8.2026,21:48:40.112,22.979,15.8,4199.7,87,
31.8.2026,21:48:40.318,22.979,15.8,4199.7,87,
31.8.2026,21:48:40.525,22.979,15.8,4199.7,87,
31.8.2026,21:48:40.716,22.979,15.8,4199.7,87,
31.8.2026,21:48:40.923,22.979,15.8,4199.7,87,
31.8.2026,21:48:41.129,22.979,15.8,4199.7,87,
31.8.2026,21:48:41.336,22.979,15.8,4199.7,87,
31.8.2026,21:48:41.542,22.979,15.8,4199.7,87,
31.8.2026,21:48:41.749,22.979,15.8,4199.7,87,
31.8.2026,21:48:41.955,22.979,15.8,4199.7,87,
31.8.2026,21:48:42.161,22.979,15.8,4199.7,87,
31.8.2026,21:48:42.368,22.979,15.8,4199.7,87,
31.8.2026,21:48:42.562,22.979,15.8,4199.7,87,
31.8.2026,21:48:42.765,22.979,15.8,4199.7,87,
31.8.2026,21:48:42.971,22.909,16.1,4199.7,87,
31.8.2026,21:48:43.178,22.909,16.1,4199.7,87,
31.8.2026,21:48:43.384,22.909,16.1,4199.7,87,
31.8.2026,21:48:43.575,22.909,16.1,4199.7,87,
31.8.2026,21:48:43.781,22.909,16.1,4199.7,87,
31.8.2026,21:48:43.988,22.909,16.1,4199.7,87,
31.8.2026,21:48:44.195,22.909,16.1,4199.7,87,
31.8.2026,21:48:44.401,22.909,16.1,4199.7,87,
31.8.2026,21:48:44.607,22.909,16.1,4199.7,87,
31.8.2026,21:48:44.814,22.909,16.1,4199.7,87,
31.8.2026,21:48:45.021,22.909,16.1,4199.7,87,
31.8.2026,21:48:45.227,22.909,16.1,4199.7,87,
31.8.2026,21:48:45.418,22.909,16.1,4199.7,87,
31.8.2026,21:48:45.624,22.909,16.1,4199.7,87,
31.8.2026,21:48:45.831,22.909,16.1,4199.7,87,
31.8.2026,21:48:46.037,22.909,16.1,4199.7,87,
31.8.2026,21:48:46.244,22.909,16.1,4199.7,87,
31.8.2026,21:48:46.434,22.909,16.1,4199.7,87,
31.8.2026,21:48:46.640,22.909,16.1,4199.7,87,
31.8.2026,21:48:46.846,22.909,16.1,4199.7,87,
31.8.2026,21:48:47.053,22.909,16.1,4199.7,87,
31.8.2026,21:48:47.259,22.909,16.1,4199.7,87,
31.8.2026,21:48:47.450,22.909,16.1,4199.7,87,
31.8.2026,21:48:47.660,22.810,15.9,4299.7,87,
31.8.2026,21:48:47.863,22.810,15.9,4299.7,87,
31.8.2026,21:48:48.070,22.810,15.9,4299.7,87,
31.8.2026,21:48:48.261,22.810,15.9,4299.7,87,
31.8.2026,21:48:48.468,22.810,15.9,4299.7,87,
31.8.2026,21:48:48.674,22.810,15.9,4299.7,87,
31.8.2026,21:48:48.882,21.349,68.8,3799.7,68,
31.8.2026,21:48:49.088,9.331,3.1,4699.7,52,
31.8.2026,21:48:49.295,9.149,8.0,4699.7,52,
31.8.2026,21:48:49.502,10.388,4.5,4699.7,53,
31.8.2026,21:48:49.708,8.736,5.8,4699.7,52,
31.8.2026,21:48:49.915,8.931,4.4,4099.7,53,
31.8.2026,21:48:50.107,9.692,6.3,4699.7,51,
31.8.2026,21:48:50.311,9.193,11.0,4699.7,51,
31.8.2026,21:48:50.518,8.120,3.3,4099.7,51,
31.8.2026,21:48:50.725,8.959,4.4,4699.7,51,
31.8.2026,21:48:50.933,10.971,10.1,500.0,51,
31.8.2026,21:48:51.144,8.312,4.2,4699.7,51,
31.8.2026,21:48:51.355,9.234,3.7,4099.7,50,
31.8.2026,21:48:51.543,9.234,8.6,4699.7,52,
31.8.2026,21:48:51.749,8.503,5.0,4099.7,50,
31.8.2026,21:48:51.957,8.348,3.5,4099.7,54,
31.8.2026,21:48:52.165,9.210,2.2,4699.7,50,
31.8.2026,21:48:52.356,8.290,10.8,4099.7,49,
31.8.2026,21:48:52.565,8.581,4.1,4699.7,50,
31.8.2026,21:48:52.772,8.505,4.2,4099.7,51,
31.8.2026,21:48:52.977,8.846,5.1,4699.7,49,
31.8.2026,21:48:53.167,8.792,5.1,4699.7,49,
31.8.2026,21:48:53.374,8.728,12.5,4099.7,50,
31.8.2026,21:48:53.583,10.850,7.2,4099.7,50,
31.8.2026,21:48:53.790,8.185,4.7,4099.7,49,
31.8.2026,21:48:53.983,11.356,5.6,4099.7,50,
31.8.2026,21:48:54.189,10.192,7.1,4699.7,80,
31.8.2026,21:48:54.396,8.327,5.1,4699.7,79,
31.8.2026,21:48:54.603,8.576,6.5,4099.7,84,
31.8.2026,21:48:54.793,8.446,4.1,4699.7,85,
31.8.2026,21:48:55.001,11.515,11.4,4699.7,67,
31.8.2026,21:48:55.210,9.752,6.4,4099.7,80,
31.8.2026,21:48:55.402,8.815,3.7,4699.7,68,
31.8.2026,21:48:55.609,8.597,8.9,4699.7,55,
31.8.2026,21:48:55.816,8.043,2.3,4099.7,55,
31.8.2026,21:48:56.024,8.467,5.0,4099.7,51,
31.8.2026,21:48:56.215,9.028,3.5,4099.7,50,
31.8.2026,21:48:56.423,11.031,11.5,4099.7,50,
31.8.2026,21:48:56.630,8.600,4.0,4699.7,48,
31.8.2026,21:48:56.836,8.346,3.7,4699.7,51,
31.8.2026,21:48:57.026,9.024,4.5,4699.7,49,
31.8.2026,21:48:57.234,9.528,9.2,4099.7,49,
31.8.2026,21:48:57.441,8.445,4.1,4699.7,50,
31.8.2026,21:48:57.648,8.193,4.0,4699.7,49,
31.8.2026,21:48:57.856,8.159,3.9,4699.7,50,
31.8.2026,21:48:58.062,8.883,7.8,4699.7,50,
31.8.2026,21:48:58.271,9.702,4.3,4099.7,49,
31.8.2026,21:48:58.477,8.706,5.7,4099.7,48,
31.8.2026,21:48:58.670,11.172,10.9,4699.7,49,
31.8.2026,21:48:58.878,8.315,7.4,4099.7,48,
31.8.2026,21:48:59.086,8.691,7.3,4099.7,49,
31.8.2026,21:48:59.276,8.488,2.5,4699.7,48,
31.8.2026,21:48:59.485,8.547,7.6,4699.7,47,
31.8.2026,21:48:59.690,8.478,3.6,4699.7,48,
31.8.2026,21:48:59.896,8.769,7.2,4699.7,48,
31.8.2026,21:49:0.105,12.301,10.4,4099.7,50,
31.8.2026,21:49:0.298,8.666,9.9,4099.7,47,
31.8.2026,21:49:0.506,8.438,2.7,4099.7,47,
31.8.2026,21:49:0.713,8.385,6.1,4099.7,47,
31.8.2026,21:49:0.920,8.685,8.2,4099.7,47,
31.8.2026,21:49:1.128,8.134,2.8,4099.7,47,
31.8.2026,21:49:1.335,8.225,3.7,4699.7,47,
31.8.2026,21:49:1.528,8.857,6.8,4099.7,47,
31.8.2026,21:49:1.734,8.426,8.1,4099.7,46,
31.8.2026,21:49:1.944,8.846,4.3,4099.7,47,
31.8.2026,21:49:2.148,9.075,3.8,4699.7,47,
31.8.2026,21:49:2.339,8.568,8.2,4099.7,46,
31.8.2026,21:49:2.547,9.920,6.0,4099.7,70,
31.8.2026,21:49:2.753,10.469,7.5,4099.7,46,
31.8.2026,21:49:2.961,9.330,5.5,4699.7,47,
31.8.2026,21:49:3.167,9.044,3.4,4699.7,46,
31.8.2026,21:49:3.374,9.385,10.8,4099.7,46,
31.8.2026,21:49:3.581,8.832,2.8,4699.7,46,
31.8.2026,21:49:3.788,8.337,5.6,4099.7,46,
31.8.2026,21:49:3.981,8.337,7.6,4699.7,46,
31.8.2026,21:49:4.189,8.487,6.0,4699.7,46,
31.8.2026,21:49:4.397,9.089,5.4,4099.7,46,
31.8.2026,21:49:4.602,8.516,3.2,4699.7,47,
31.8.2026,21:49:4.794,9.874,12.2,4699.7,47,
31.8.2026,21:49:5.000,10.488,7.9,4099.7,46,
31.8.2026,21:49:5.206,10.480,5.2,4699.7,47,
31.8.2026,21:49:5.415,9.820,5.9,4699.7,46,
31.8.2026,21:49:5.604,9.724,5.9,4699.7,46,
31.8.2026,21:49:5.811,8.726,8.7,4699.7,45,
31.8.2026,21:49:6.020,8.381,6.7,4099.7,46,
31.8.2026,21:49:6.227,9.646,2.8,4099.7,74,
31.8.2026,21:49:6.423,7.470,3.6,4699.7,45,
31.8.2026,21:49:6.631,11.935,11.4,4699.7,80,
31.8.2026,21:49:6.842,9.136,4.5,4099.7,73,
31.8.2026,21:49:7.047,8.663,8.5,4099.7,79,
31.8.2026,21:49:7.254,11.246,13.6,4099.7,76,
31.8.2026,21:49:7.462,8.298,5.3,4099.7,74,
31.8.2026,21:49:7.653,8.118,2.3,4099.7,74,
31.8.2026,21:49:7.860,9.275,11.4,4099.7,76,
31.8.2026,21:49:8.070,8.683,2.9,4099.7,63,
31.8.2026,21:49:8.275,9.361,5.3,4099.7,66,
31.8.2026,21:49:8.465,9.598,4.3,4099.7,76,
31.8.2026,21:49:8.673,9.302,11.6,4099.7,53,
31.8.2026,21:49:8.878,8.690,2.9,4099.7,48,
31.8.2026,21:49:9.085,8.644,8.6,4099.7,50,
31.8.2026,21:49:9.293,8.562,3.2,4699.7,49,
31.8.2026,21:49:9.499,8.410,6.1,4699.7,52,
31.8.2026,21:49:9.709,8.537,3.4,4699.7,53,
31.8.2026,21:49:9.916,10.533,7.4,2699.8,49,
31.8.2026,21:49:10.109,8.477,8.6,4099.7,50,
31.8.2026,21:49:10.317,9.110,3.4,4699.7,47,
31.8.2026,21:49:10.521,7.962,1.4,4699.7,47,
31.8.2026,21:49:10.728,7.829,6.5,4099.7,47,
31.8.2026,21:49:10.918,8.670,8.9,4099.7,47,
31.8.2026,21:49:11.125,8.527,4.1,4099.7,46,
31.8.2026,21:49:11.332,8.645,5.7,4699.7,46,
31.8.2026,21:49:11.540,8.680,4.6,4099.7,46,
31.8.2026,21:49:11.731,9.656,13.2,4099.7,47,
31.8.2026,21:49:11.948,8.705,3.1,4699.7,46,
31.8.2026,21:49:12.137,8.328,7.1,4099.7,46,
31.8.2026,21:49:12.345,8.985,4.2,4699.7,45,
31.8.2026,21:49:12.552,8.711,5.9,4099.7,47,
31.8.2026,21:49:12.757,9.516,3.7,4099.7,45,
31.8.2026,21:49:12.951,8.952,5.6,4699.7,46,
31.8.2026,21:49:13.158,10.818,9.3,4099.7,46,
31.8.2026,21:49:13.366,8.023,6.0,4099.7,45,
31.8.2026,21:49:13.563,8.407,5.9,4099.7,45,
31.8.2026,21:49:13.773,8.125,4.8,4099.7,46,
31.8.2026,21:49:13.978,9.281,5.2,4699.7,46,
31.8.2026,21:49:14.185,8.876,6.9,4699.7,46,
31.8.2026,21:49:14.392,11.469,13.7,4099.7,47,
31.8.2026,21:49:14.600,8.586,2.3,4699.7,45,
31.8.2026,21:49:14.808,8.354,3.9,4699.7,45,
31.8.2026,21:49:15.015,8.557,9.8,4099.7,45,
31.8.2026,21:49:15.223,8.646,6.1,4099.7,45,
31.8.2026,21:49:15.430,8.825,4.0,4099.7,46,
31.8.2026,21:49:15.621,8.713,7.0,4699.7,44,
31.8.2026,21:49:15.827,9.595,11.1,4099.7,45,
31.8.2026,21:49:16.037,8.348,1.9,4699.7,44,
31.8.2026,21:49:16.246,8.750,4.0,4099.7,44,
31.8.2026,21:49:16.453,8.425,9.9,4099.7,45,
31.8.2026,21:49:16.661,8.301,5.9,4099.7,45,
31.8.2026,21:49:16.866,8.036,3.6,4099.7,44,
31.8.2026,21:49:17.072,8.569,5.0,4099.7,44,
31.8.2026,21:49:17.281,8.092,9.3,4699.7,44,
31.8.2026,21:49:17.486,8.261,5.5,4099.7,45,
31.8.2026,21:49:17.695,7.901,2.8,4099.7,44,
31.8.2026,21:49:17.902,10.783,10.7,4099.7,43,
31.8.2026,21:49:18.115,8.911,8.1,4099.7,44,
31.8.2026,21:49:18.324,8.567,2.4,4099.7,45,
31.8.2026,21:49:18.513,8.567,9.9,4099.7,44,
31.8.2026,21:49:18.720,8.257,2.8,4099.7,43,
31.8.2026,21:49:18.929,8.171,4.7,4699.7,44,
31.8.2026,21:49:19.134,8.477,4.8,4699.7,45,
31.8.2026,21:49:19.325,8.407,11.1,4099.7,46,
31.8.2026,21:49:19.531,10.179,5.8,4699.7,44,
31.8.2026,21:49:19.739,8.873,4.3,4699.7,43,
31.8.2026,21:49:19.944,8.771,4.6,4099.7,44,
31.8.2026,21:49:20.153,8.861,7.0,4099.7,44,
31.8.2026,21:49:20.360,7.953,4.6,4099.7,44,
31.8.2026,21:49:20.568,8.779,6.0,500.0,44,
31.8.2026,21:49:20.775,8.113,2.7,4699.7,45,
31.8.2026,21:49:20.965,8.388,9.9,4099.7,44,
31.8.2026,21:49:21.172,8.506,3.1,4699.7,44,
31.8.2026,21:49:21.378,8.393,11.9,4099.7,44,
31.8.2026,21:49:21.584,9.033,8.8,4699.7,59,
31.8.2026,21:49:21.792,12.048,15.3,4699.7,46,
31.8.2026,21:49:21.998,15.610,4.8,4699.7,44,
31.8.2026,21:49:22.210,8.451,7.0,4399.7,47,
31.8.2026,21:49:22.402,8.762,7.9,4099.7,44,
31.8.2026,21:49:22.609,8.391,4.1,4699.7,44,
31.8.2026,21:49:22.817,8.364,6.7,4099.7,44,
31.8.2026,21:49:23.024,8.565,4.3,4099.7,45,
31.8.2026,21:49:23.229,9.177,13.0,4699.7,45,
31.8.2026,21:49:23.440,14.331,5.7,4699.7,44,
31.8.2026,21:49:23.645,8.669,3.2,4699.7,44,
31.8.2026,21:49:23.852,8.142,6.1,4099.7,44,
31.8.2026,21:49:24.048,8.071,6.1,4099.7,44,
31.8.2026,21:49:24.256,8.322,6.6,4099.7,44,
31.8.2026,21:49:24.463,8.553,5.8,4099.7,43,
31.8.2026,21:49:24.676,8.719,4.0,4099.7,44,
31.8.2026,21:49:24.881,8.381,3.5,4699.7,44,
31.8.2026,21:49:25.087,10.110,6.0,4099.7,45,
31.8.2026,21:49:25.279,8.956,6.0,4099.7,45,
31.8.2026,21:49:25.485,8.283,8.2,4099.7,45,
31.8.2026,21:49:25.692,8.291,5.1,4099.7,44,
31.8.2026,21:49:25.901,7.851,2.9,4099.7,44,
31.8.2026,21:49:26.090,7.846,4.1,4099.7,43,
31.8.2026,21:49:26.300,9.813,11.6,4699.7,70,
31.8.2026,21:49:26.504,9.137,3.2,4099.7,78,
31.8.2026,21:49:26.713,11.839,7.0,4699.7,77,
31.8.2026,21:49:26.902,8.400,5.3,4099.7,72,
31.8.2026,21:49:27.110,9.182,11.8,500.0,74,
31.8.2026,21:49:27.318,8.387,3.0,3299.8,76,
31.8.2026,21:49:27.525,8.067,2.4,4099.7,68,
31.8.2026,21:49:27.718,8.346,3.9,4099.7,57,
31.8.2026,21:49:27.923,8.504,9.7,4699.7,45,
31.8.2026,21:49:28.129,8.544,4.4,4099.7,47,
31.8.2026,21:49:28.336,8.471,4.0,4099.7,50,
31.8.2026,21:49:28.526,9.130,3.4,4099.7,46,
31.8.2026,21:49:28.734,10.568,11.1,4099.7,44,
31.8.2026,21:49:28.944,8.241,3.7,4699.7,47,
31.8.2026,21:49:29.149,8.090,5.7,4099.7,43,
31.8.2026,21:49:29.340,8.285,10.2,4099.7,46,
31.8.2026,21:49:29.550,8.737,3.7,4699.7,45,
31.8.2026,21:49:29.755,8.577,3.2,4699.7,44,
31.8.2026,21:49:29.963,8.268,3.4,4699.7,46,
31.8.2026,21:49:30.172,8.615,10.4,4099.7,44,
31.8.2026,21:49:30.376,9.032,5.8,4699.7,47,
31.8.2026,21:49:30.584,8.334,3.8,4099.7,45,
31.8.2026,21:49:30.793,7.965,3.2,4099.7,43,
31.8.2026,21:49:30.998,8.456,8.9,4099.7,44,
31.8.2026,21:49:31.209,8.493,4.0,4099.7,45,
31.8.2026,21:49:31.414,10.759,7.3,4099.7,47,
31.8.2026,21:49:31.604,8.501,2.9,4699.7,45,
31.8.2026,21:49:31.813,8.840,11.0,4699.7,44,
31.8.2026,21:49:32.019,8.211,3.5,4099.7,44,
31.8.2026,21:49:32.225,8.776,3.0,4699.7,44,
31.8.2026,21:49:32.433,8.684,6.8,4099.7,44,
31.8.2026,21:49:32.640,8.545,9.0,4099.7,45,
31.8.2026,21:49:32.849,8.542,2.8,4699.7,46,
31.8.2026,21:49:33.055,9.163,5.1,2799.8,44,
31.8.2026,21:49:33.250,10.713,5.3,4699.7,44,
31.8.2026,21:49:33.456,8.079,6.8,4699.7,43,
31.8.2026,21:49:33.663,8.317,6.1,4699.7,43,
31.8.2026,21:49:33.870,7.782,2.8,4099.7,43,
31.8.2026,21:49:34.076,8.979,11.3,4099.7,44,
31.8.2026,21:49:34.284,10.265,6.2,4099.7,62,
31.8.2026,21:49:34.492,10.256,3.7,4699.7,45,
31.8.2026,21:49:34.686,10.256,9.4,4699.7,45,
31.8.2026,21:49:34.891,8.169,2.0,4699.7,44,
31.8.2026,21:49:35.098,7.962,7.0,4099.7,43,
31.8.2026,21:49:35.305,9.134,7.9,4699.7,45,
31.8.2026,21:49:35.497,11.339,9.4,4099.7,44,
31.8.2026,21:49:35.705,8.198,3.4,4699.7,43,
31.8.2026,21:49:35.915,8.415,2.9,4099.7,43,
31.8.2026,21:49:36.108,8.024,5.6,4099.7,43,
31.8.2026,21:49:36.314,8.317,6.7,4099.7,44,
31.8.2026,21:49:36.521,8.750,9.0,4699.7,44,
31.8.2026,21:49:36.731,11.170,3.8,4699.7,44,
31.8.2026,21:49:36.939,7.888,7.9,4099.7,43,
31.8.2026,21:49:37.148,7.855,3.6,4099.7,44,
31.8.2026,21:49:37.355,8.666,4.9,4099.7,44,
31.8.2026,21:49:37.567,9.994,7.1,4099.7,44,
31.8.2026,21:49:37.774,8.057,3.7,4099.7,43,
31.8.2026,21:49:37.967,8.226,7.6,4099.7,44,
31.8.2026,21:49:38.176,8.907,6.4,4099.7,43,
31.8.2026,21:49:38.382,8.440,4.1,4699.7,44,
31.8.2026,21:49:38.588,10.081,3.1,4699.7,43,
31.8.2026,21:49:38.794,8.411,10.4,4099.7,43,
31.8.2026,21:49:39.003,9.220,4.5,4699.7,43,
31.8.2026,21:49:39.208,8.041,6.4,4099.7,43,
31.8.2026,21:49:39.414,7.976,5.8,4099.7,45,
31.8.2026,21:49:39.607,10.374,6.8,4699.7,42,
31.8.2026,21:49:39.814,7.986,5.0,4699.7,43,
31.8.2026,21:49:40.024,8.664,3.7,4699.7,44,
31.8.2026,21:49:40.230,8.787,8.5,4699.7,43,
31.8.2026,21:49:40.441,8.470,4.5,4099.7,42,
31.8.2026,21:49:40.647,8.744,4.9,4099.7,42,
31.8.2026,21:49:40.853,8.599,5.7,4099.7,43,
31.8.2026,21:49:41.047,8.534,5.7,4099.7,43,
31.8.2026,21:49:41.252,8.458,9.5,4699.7,43,
31.8.2026,21:49:41.459,8.403,4.9,4099.7,44,
31.8.2026,21:49:41.665,8.037,4.9,4099.7,43,
31.8.2026,21:49:41.856,7.956,5.1,4099.7,44,
31.8.2026,21:49:42.069,10.699,12.3,4099.7,76,
31.8.2026,21:49:42.275,8.035,1.8,4099.7,75,
31.8.2026,21:49:42.469,7.886,2.6,4099.7,75,
31.8.2026,21:49:42.677,9.767,8.4,4699.7,64,
31.8.2026,21:49:42.887,7.951,6.2,4699.7,64,
31.8.2026,21:49:43.093,8.515,7.5,4099.7,75,
31.8.2026,21:49:43.301,8.539,4.9,4099.7,59,
31.8.2026,21:49:43.508,8.309,2.5,4099.7,75,
31.8.2026,21:49:43.699,9.580,7.1,1499.9,69,
31.8.2026,21:49:43.908,8.493,9.5,4699.7,45,
31.8.2026,21:49:44.114,8.653,3.9,4099.7,47,
31.8.2026,21:49:44.320,7.772,2.2,4099.7,49,
31.8.2026,21:49:44.512,9.774,6.4,4099.7,49,
31.8.2026,21:49:44.724,9.548,7.9,4699.7,45,
31.8.2026,21:49:44.928,8.390,3.2,4099.7,45,
31.8.2026,21:49:45.136,8.317,3.1,4699.7,46,
31.8.2026,21:49:45.346,7.708,9.7,4099.7,68,
31.8.2026,21:49:45.550,9.877,3.9,4699.7,47,
31.8.2026,21:49:45.756,9.454,5.9,4099.7,43,
31.8.2026,21:49:45.966,10.365,5.8,4699.7,57,
31.8.2026,21:49:46.171,8.524,8.6,4699.7,45,
31.8.2026,21:49:46.378,9.174,5.4,4099.7,44,
31.8.2026,21:49:46.586,9.574,5.1,4099.7,44,
31.8.2026,21:49:46.781,9.525,8.0,4699.7,46,
31.8.2026,21:49:46.988,8.373,3.9,4699.7,43,
31.8.2026,21:49:47.196,8.470,3.8,4699.7,44,
31.8.2026,21:49:47.386,8.928,8.8,4099.7,44,
31.8.2026,21:49:47.596,8.508,6.3,4099.7,44,
31.8.2026,21:49:47.800,8.196,2.7,1599.9,44,
31.8.2026,21:49:48.009,8.081,4.4,4099.7,43,
31.8.2026,21:49:48.200,10.085,10.8,4099.7,49,
31.8.2026,21:49:48.407,9.114,3.0,4099.7,43,
31.8.2026,21:49:48.615,9.486,6.9,4699.7,42,
31.8.2026,21:49:48.824,8.125,2.3,4699.7,42,
31.8.2026,21:49:49.029,8.125,2.3,4699.7,42,
31.8.2026,21:49:49.236,8.125,2.3,4699.7,42,
31.8.2026,21:49:49.446,8.125,2.3,4699.7,42,
31.8.2026,21:49:49.650,8.125,2.3,4699.7,42,
31.8.2026,21:49:49.841,8.125,2.3,4699.7,42,
31.8.2026,21:49:50.046,8.125,2.3,4699.7,42,
31.8.2026,21:49:50.252,8.125,2.3,4699.7,42,
31.8.2026,21:49:50.459,8.125,2.3,4699.7,42,
31.8.2026,21:49:50.667,8.125,2.3,4699.7,42,
31.8.2026,21:49:50.855,8.125,2.3,4699.7,42,
31.8.2026,21:49:51.063,8.125,2.3,4699.7,42,
31.8.2026,21:49:51.267,8.125,2.3,4699.7,42,
31.8.2026,21:49:51.475,8.125,2.3,4699.7,42,
31.8.2026,21:49:51.680,8.125,2.3,4699.7,42,
31.8.2026,21:49:51.887,8.125,2.3,4699.7,42,
31.8.2026,21:49:52.091,8.125,2.3,4699.7,42,
31.8.2026,21:49:52.299,8.125,2.3,4699.7,42,
31.8.2026,21:49:52.503,8.125,2.3,4699.7,42,
31.8.2026,21:49:52.708,8.125,2.3,4699.7,42,
31.8.2026,21:49:52.915,8.125,2.3,4699.7,42,
31.8.2026,21:49:53.105,8.125,2.3,4699.7,42,
31.8.2026,21:49:53.318,8.125,2.3,4699.7,42,
31.8.2026,21:49:53.519,8.125,2.3,4699.7,42,
31.8.2026,21:49:53.724,8.125,2.3,4699.7,42,
31.8.2026,21:49:53.931,8.125,2.3,4699.7,42,
31.8.2026,21:49:54.120,8.125,2.3,4699.7,42,
31.8.2026,21:49:54.327,8.125,2.3,4699.7,42,
31.8.2026,21:49:54.532,8.125,2.3,4699.7,42,
31.8.2026,21:49:54.739,8.125,2.3,4699.7,42,
31.8.2026,21:49:54.947,20.331,15.5,4099.7,83,
31.8.2026,21:49:55.151,20.331,15.5,4099.7,83,
31.8.2026,21:49:55.359,20.331,15.5,4099.7,83,
31.8.2026,21:49:55.563,20.331,15.5,4099.7,83,
31.8.2026,21:49:55.770,20.331,15.5,4099.7,83,
31.8.2026,21:49:55.975,20.331,15.5,4099.7,83,
31.8.2026,21:49:56.182,20.331,15.5,4099.7,83,
31.8.2026,21:49:56.372,20.331,15.5,4099.7,83,
31.8.2026,21:49:56.579,20.331,15.5,4099.7,83,
31.8.2026,21:49:56.784,20.331,15.5,4099.7,83,
31.8.2026,21:49:56.991,20.331,15.5,4099.7,83,
31.8.2026,21:49:57.200,20.331,15.5,4099.7,83,
31.8.2026,21:49:57.419,20.331,15.5,4099.7,83,
31.8.2026,21:49:57.609,20.331,15.5,4099.7,83,
31.8.2026,21:49:57.815,20.331,15.5,4099.7,83,
31.8.2026,21:49:58.020,20.331,15.5,4099.7,83,
31.8.2026,21:49:58.225,20.331,15.5,4099.7,83,
31.8.2026,21:49:58.432,20.331,15.5,4099.7,83,
31.8.2026,21:49:58.638,20.331,15.5,4099.7,83,
31.8.2026,21:49:58.844,20.331,15.5,4099.7,83,
31.8.2026,21:49:59.050,20.331,15.5,4099.7,83,
31.8.2026,21:49:59.256,20.331,15.5,4099.7,83,
31.8.2026,21:49:59.462,20.331,15.5,4099.7,83,
31.8.2026,21:49:59.652,20.331,15.5,4099.7,83,
31.8.2026,21:49:59.858,20.331,15.5,4099.7,83,
31.8.2026,21:50:0.067,23.738,15.8,4299.7,86,
31.8.2026,21:50:0.271,23.738,15.8,4299.7,86,
31.8.2026,21:50:0.479,23.738,15.8,4299.7,86,
31.8.2026,21:50:0.667,23.738,15.8,4299.7,86,
31.8.2026,21:50:0.872,23.738,15.8,4299.7,86,
31.8.2026,21:50:1.079,23.738,15.8,4299.7,86,
31.8.2026,21:50:1.287,23.738,15.8,4299.7,86,
31.8.2026,21:50:1.497,23.738,15.8,4299.7,86,
31.8.2026,21:50:1.696,23.738,15.8,4299.7,86,
31.8.2026,21:50:1.887,23.738,15.8,4299.7,86,
31.8.2026,21:50:2.094,23.738,15.8,4299.7,86,
31.8.2026,21:50:2.299,23.738,15.8,4299.7,86,
31.8.2026,21:50:2.506,23.738,15.8,4299.7,86,
31.8.2026,21:50:2.712,23.738,15.8,4299.7,86,
31.8.2026,21:50:2.902,23.738,15.8,4299.7,86,
31.8.2026,21:50:3.112,23.738,15.8,4299.7,86,
31.8.2026,21:50:3.315,23.738,15.8,4299.7,86,
31.8.2026,21:50:3.521,23.738,15.8,4299.7,86,
31.8.2026,21:50:3.728,23.738,15.8,4299.7,86,
31.8.2026,21:50:3.935,23.738,15.8,4299.7,86,
31.8.2026,21:50:4.140,23.738,15.8,4299.7,86,
31.8.2026,21:50:4.345,23.738,15.8,4299.7,86,
31.8.2026,21:50:4.552,23.738,15.8,4299.7,86,
31.8.2026,21:50:4.757,23.738,16.1,4299.7,87,
31.8.2026,21:50:4.963,23.402,16.1,4299.7,87,
31.8.2026,21:50:5.170,23.402,16.1,4299.7,87,
31.8.2026,21:50:5.378,23.402,16.1,4299.7,87,
31.8.2026,21:50:5.582,23.804,16.1,4299.7,87,
31.8.2026,21:50:5.790,23.804,16.1,4299.7,87,
31.8.2026,21:50:5.994,23.804,16.1,4299.7,87,
31.8.2026,21:50:6.202,23.804,16.1,4299.7,87,
31.8.2026,21:50:6.406,23.804,16.1,4299.7,87,
31.8.2026,21:50:6.614,23.804,16.1,4299.7,87,
31.8.2026,21:50:6.819,23.804,16.1,4299.7,87,
31.8.2026,21:50:7.033,23.804,16.1,4299.7,87,
31.8.2026,21:50:7.215,23.804,16.1,4299.7,87,
31.8.2026,21:50:7.420,23.804,16.1,4299.7,87,
31.8.2026,21:50:7.625,23.804,16.1,4299.7,87,
31.8.2026,21:50:7.833,23.804,16.1,4299.7,87,
31.8.2026,21:50:8.038,23.804,16.1,4299.7,87,
31.8.2026,21:50:8.245,23.804,16.1,4299.7,87,
31.8.2026,21:50:8.433,23.804,16.1,4299.7,87,
31.8.2026,21:50:8.640,23.804,16.1,4299.7,87,
31.8.2026,21:50:8.845,23.804,16.1,4299.7,87,
31.8.2026,21:50:9.053,23.804,16.1,4299.7,87,
31.8.2026,21:50:9.257,23.804,16.1,4299.7,87,
31.8.2026,21:50:9.465,23.804,16.1,4299.7,87,
31.8.2026,21:50:9.671,23.804,16.1,4299.7,87,
31.8.2026,21:50:9.878,23.804,16.1,4299.7,87,
31.8.2026,21:50:10.082,23.804,16.1,4299.7,87,
31.8.2026,21:50:10.290,23.804,16.1,4299.7,87,
31.8.2026,21:50:10.494,23.804,16.1,4299.7,87,
31.8.2026,21:50:10.703,23.804,12.5,3999.7,85,
31.8.2026,21:50:10.905,23.804,12.5,3999.7,85,
31.8.2026,21:50:11.113,23.804,12.5,3999.7,85,
31.8.2026,21:50:11.318,23.804,12.5,3999.7,85,
31.8.2026,21:50:11.525,23.804,12.5,3999.7,85,
31.8.2026,21:50:11.718,23.804,12.5,3999.7,85,
31.8.2026,21:50:11.920,23.804,12.5,3999.7,85,
31.8.2026,21:50:12.126,23.804,12.5,3999.7,85,
31.8.2026,21:50:12.332,23.804,12.5,3999.7,85,
31.8.2026,21:50:12.541,23.804,12.5,3999.7,85,
31.8.2026,21:50:12.743,23.804,12.5,3999.7,85,
31.8.2026,21:50:12.937,23.804,12.5,3999.7,85,
31.8.2026,21:50:13.140,23.804,12.5,3999.7,85,
31.8.2026,21:50:13.346,23.804,12.5,3999.7,85,
31.8.2026,21:50:13.552,23.804,12.5,3999.7,85,
31.8.2026,21:50:13.760,23.804,12.5,3999.7,85,
31.8.2026,21:50:13.948,23.804,12.5,3999.7,85,
31.8.2026,21:50:14.155,23.804,12.5,3999.7,85,
31.8.2026,21:50:14.360,23.804,12.5,3999.7,85,
31.8.2026,21:50:14.566,23.804,12.5,3999.7,85,
31.8.2026,21:50:14.772,23.804,12.5,3999.7,85,
31.8.2026,21:50:14.979,23.804,12.5,3999.7,85,
31.8.2026,21:50:15.167,23.804,12.5,3999.7,85,
31.8.2026,21:50:15.373,23.804,12.5,3999.7,85,
31.8.2026,21:50:15.578,23.804,59.7,3999.7,80,
31.8.2026,21:50:15.785,23.131,59.7,3999.7,80,
31.8.2026,21:50:15.990,23.131,59.7,3999.7,80,
31.8.2026,21:50:16.196,23.131,59.7,3999.7,80,
31.8.2026,21:50:16.388,23.131,59.7,3999.7,80,
31.8.2026,21:50:16.592,23.131,59.7,3999.7,80,
31.8.2026,21:50:16.800,23.131,59.7,3999.7,80,
31.8.2026,21:50:17.005,23.131,59.7,3999.7,80,
31.8.2026,21:50:17.212,23.131,59.7,3999.7,80,
31.8.2026,21:50:17.401,23.131,59.7,3999.7,80,
31.8.2026,21:50:17.607,23.131,59.7,3999.7,80,
31.8.2026,21:50:17.812,23.131,59.7,3999.7,80,
31.8.2026,21:50:18.019,23.131,59.7,3999.7,80,
31.8.2026,21:50:18.224,23.131,59.7,3999.7,80,
31.8.2026,21:50:18.431,23.131,59.7,3999.7,80,
31.8.2026,21:50:18.623,23.131,59.7,3999.7,80,
31.8.2026,21:50:18.828,23.131,59.7,3999.7,80,
31.8.2026,21:50:19.035,23.131,59.7,3999.7,80,
31.8.2026,21:50:19.241,23.131,59.7,3999.7,80,
31.8.2026,21:50:19.446,23.131,59.7,3999.7,80,
31.8.2026,21:50:19.635,23.131,59.7,3999.7,80,
31.8.2026,21:50:19.843,23.131,59.7,3999.7,80,
31.8.2026,21:50:20.051,23.131,59.7,3999.7,80,
31.8.2026,21:50:20.255,23.131,59.7,3999.7,80,
31.8.2026,21:50:20.462,23.131,59.7,3999.7,80,
31.8.2026,21:50:20.652,22.891,15.5,4099.7,86,
31.8.2026,21:50:20.857,22.891,15.5,4099.7,86,
31.8.2026,21:50:21.063,22.891,15.5,4099.7,86,
31.8.2026,21:50:21.269,22.891,15.5,4099.7,86,
31.8.2026,21:50:21.474,22.891,15.5,4099.7,86,
31.8.2026,21:50:21.681,22.891,15.5,4099.7,86,
31.8.2026,21:50:21.870,22.891,15.5,4099.7,86,
31.8.2026,21:50:22.075,22.891,15.5,4099.7,86,
31.8.2026,21:50:22.283,22.891,15.5,4099.7,86,
31.8.2026,21:50:22.488,22.891,15.5,4099.7,86,
31.8.2026,21:50:22.694,22.891,15.5,4099.7,86,
31.8.2026,21:50:22.901,22.891,15.5,4099.7,86,
31.8.2026,21:50:23.109,22.891,15.5,4099.7,86,
31.8.2026,21:50:23.313,22.891,15.5,4099.7,86,
31.8.2026,21:50:23.520,22.891,15.5,4099.7,86,
31.8.2026,21:50:23.726,22.891,15.5,4099.7,86,
31.8.2026,21:50:23.932,22.891,15.5,4099.7,86,
31.8.2026,21:50:24.124,22.891,15.5,4099.7,86,
31.8.2026,21:50:24.331,22.891,15.5,4099.7,86,
31.8.2026,21:50:24.535,22.891,15.5,4099.7,86,
31.8.2026,21:50:24.742,22.891,15.5,4099.7,86,
31.8.2026,21:50:24.947,22.891,15.5,4099.7,86,
31.8.2026,21:50:25.155,22.891,15.5,4099.7,86,
31.8.2026,21:50:25.360,22.891,15.5,4099.7,86,
31.8.2026,21:50:25.566,22.891,15.5,4099.7,86,
31.8.2026,21:50:25.772,22.891,15.5,4099.7,86,
31.8.2026,21:50:25.978,22.891,15.5,4099.7,86,
31.8.2026,21:50:26.171,22.891,15.5,4099.7,86,
31.8.2026,21:50:26.373,22.891,15.5,4099.7,86,
31.8.2026,21:50:26.580,22.891,15.5,4099.7,86,
31.8.2026,21:50:26.786,22.891,15.5,4099.7,86,
31.8.2026,21:50:26.993,22.891,15.5,4099.7,86,
31.8.2026,21:50:27.197,22.891,15.5,4099.7,86,
31.8.2026,21:50:27.406,22.891,15.5,4099.7,86,
31.8.2026,21:50:27.611,22.891,15.5,4099.7,86,
31.8.2026,21:50:27.817,22.891,15.5,4099.7,86,
31.8.2026,21:50:28.026,22.891,15.5,4099.7,86,
31.8.2026,21:50:28.214,22.891,15.5,4099.7,86,
31.8.2026,21:50:28.421,22.891,15.5,4099.7,86,
31.8.2026,21:50:28.626,22.891,15.5,4099.7,86,
31.8.2026,21:50:28.833,22.891,15.5,4099.7,86,
31.8.2026,21:50:29.040,22.891,15.5,4099.7,86,
31.8.2026,21:50:29.230,22.891,15.5,4099.7,86,
31.8.2026,21:50:29.437,22.891,15.5,4099.7,86,
31.8.2026,21:50:29.644,23.118,15.5,4099.7,86,
31.8.2026,21:50:29.852,23.118,15.5,4099.7,86,
31.8.2026,21:50:30.061,23.118,15.5,4099.7,86,
31.8.2026,21:50:30.264,23.118,15.5,4099.7,86,
31.8.2026,21:50:30.471,23.118,15.5,4099.7,86,
31.8.2026,21:50:30.677,23.118,15.5,4099.7,86,
31.8.2026,21:50:30.884,23.118,15.5,4099.7,86,
31.8.2026,21:50:31.074,23.118,15.5,4099.7,86,
31.8.2026,21:50:31.279,23.118,15.5,4099.7,86,
31.8.2026,21:50:31.485,23.118,15.5,4099.7,86,
31.8.2026,21:50:31.694,23.118,15.5,4099.7,86,
31.8.2026,21:50:31.898,23.118,15.5,4099.7,86,
31.8.2026,21:50:32.104,23.118,15.5,4099.7,86,
31.8.2026,21:50:32.313,23.118,15.5,4099.7,86,
31.8.2026,21:50:32.517,23.118,15.5,4099.7,86,
31.8.2026,21:50:32.725,23.118,15.5,4099.7,86,
31.8.2026,21:50:32.929,23.118,15.5,4099.7,86,
31.8.2026,21:50:33.120,23.118,15.5,4099.7,86,
31.8.2026,21:50:33.327,23.118,15.5,4099.7,86,
31.8.2026,21:50:33.532,23.118,15.5,4099.7,86,
31.8.2026,21:50:33.739,23.118,15.5,4099.7,86,
31.8.2026,21:50:33.944,23.118,15.5,4099.7,86,
31.8.2026,21:50:34.150,23.118,15.5,4099.7,86,
31.8.2026,21:50:34.341,23.118,15.5,4099.7,86,
31.8.2026,21:50:34.546,23.118,15.5,4099.7,86,
31.8.2026,21:50:34.752,23.118,15.5,4099.7,86,
31.8.2026,21:50:34.959,23.118,15.5,4099.7,86,
31.8.2026,21:50:35.164,23.118,15.5,4099.7,86,
31.8.2026,21:50:35.370,23.118,15.5,4099.7,86,
31.8.2026,21:50:35.576,23.118,15.5,4099.7,86,
31.8.2026,21:50:35.782,23.118,15.5,4099.7,86,
31.8.2026,21:50:35.990,23.118,15.5,4099.7,86,
31.8.2026,21:50:36.194,23.118,15.5,4099.7,86,
31.8.2026,21:50:36.401,23.118,15.5,4099.7,86,
31.8.2026,21:50:36.607,23.118,15.5,4099.7,86,
31.8.2026,21:50:36.813,23.118,15.5,4099.7,86,
31.8.2026,21:50:37.022,23.118,15.5,4099.7,86,
31.8.2026,21:50:37.226,23.118,15.5,4099.7,86,
31.8.2026,21:50:37.429,23.118,15.5,4099.7,86,
31.8.2026,21:50:37.635,23.118,15.5,4099.7,86,
31.8.2026,21:50:37.840,23.118,15.5,4099.7,86,
31.8.2026,21:50:38.046,23.118,15.5,4099.7,86,
31.8.2026,21:50:38.250,23.118,15.5,4099.7,86,
31.8.2026,21:50:38.457,23.118,15.5,4099.7,86,
31.8.2026,21:50:38.663,23.118,15.5,4099.7,86,
31.8.2026,21:50:38.869,23.118,15.5,4099.7,86,
31.8.2026,21:50:39.059,23.118,15.5,4099.7,86,
31.8.2026,21:50:39.263,23.118,15.5,4099.7,86,
31.8.2026,21:50:39.471,23.118,15.5,4099.7,86,
31.8.2026,21:50:39.677,23.118,15.5,4099.7,86,
31.8.2026,21:50:39.888,23.118,15.5,4099.7,86,
31.8.2026,21:50:40.077,23.118,15.5,4099.7,86,
31.8.2026,21:50:40.280,23.118,15.5,4099.7,86,
31.8.2026,21:50:40.486,23.118,15.5,4099.7,86,
31.8.2026,21:50:40.692,23.118,15.5,4099.7,86,
31.8.2026,21:50:40.898,23.118,15.5,4099.7,86,
31.8.2026,21:50:41.106,23.118,15.5,4099.7,86,
31.8.2026,21:50:41.311,23.118,15.5,4099.7,86,
31.8.2026,21:50:41.517,23.118,15.5,4099.7,86,
31.8.2026,21:50:41.723,23.118,15.5,4099.7,86,
31.8.2026,21:50:41.929,23.118,15.5,4099.7,86,
31.8.2026,21:50:42.120,23.118,15.5,4099.7,86,
31.8.2026,21:50:42.328,23.118,15.5,4099.7,86,
31.8.2026,21:50:42.534,23.118,15.5,4099.7,86,
31.8.2026,21:50:42.741,23.118,15.5,4099.7,86,
31.8.2026,21:50:42.947,23.118,15.5,4099.7,86,
31.8.2026,21:50:43.155,23.118,15.5,4099.7,86,
31.8.2026,21:50:43.363,23.118,15.5,4099.7,86,
31.8.2026,21:50:43.568,23.118,15.5,4099.7,86,
31.8.2026,21:50:43.774,23.118,15.5,4099.7,86,
31.8.2026,21:50:43.965,23.118,15.5,4099.7,86,
31.8.2026,21:50:44.171,23.118,15.5,4099.7,86,
31.8.2026,21:50:44.378,23.118,15.5,4099.7,86,
31.8.2026,21:50:44.585,23.118,15.5,4099.7,86,
31.8.2026,21:50:44.793,23.118,15.5,4099.7,86,
31.8.2026,21:50:44.997,23.118,15.5,4099.7,86,
31.8.2026,21:50:45.204,23.118,15.5,4099.7,86,
31.8.2026,21:50:45.411,23.118,15.5,4099.7,86,
31.8.2026,21:50:45.616,23.118,15.5,4099.7,86,
31.8.2026,21:50:45.823,23.118,12.5,4099.7,87,
31.8.2026,21:50:46.031,23.118,12.5,4099.7,87,
31.8.2026,21:50:46.236,23.118,12.5,4099.7,87,
31.8.2026,21:50:46.442,23.118,12.5,4099.7,87,
31.8.2026,21:50:46.648,23.118,12.5,4099.7,87,
31.8.2026,21:50:46.854,23.118,12.5,4099.7,87,
31.8.2026,21:50:47.061,23.118,12.5,4099.7,87,
31.8.2026,21:50:47.267,23.118,12.5,4099.7,87,
31.8.2026,21:50:47.474,23.118,12.5,4099.7,87,
31.8.2026,21:50:47.678,23.118,12.5,4099.7,87,
31.8.2026,21:50:47.886,23.118,12.5,4099.7,87,
31.8.2026,21:50:48.091,23.118,12.5,4099.7,87,
31.8.2026,21:50:48.297,23.118,12.5,4099.7,87,
31.8.2026,21:50:48.503,23.118,12.5,4099.7,87,
31.8.2026,21:50:48.711,23.118,12.5,4099.7,87,
31.8.2026,21:50:48.918,23.118,12.5,4099.7,87,
31.8.2026,21:50:49.126,23.118,12.5,4099.7,87,
31.8.2026,21:50:49.337,21.155,70.6,4399.7,78,
31.8.2026,21:50:49.529,9.716,4.4,4099.7,84,
31.8.2026,21:50:49.739,9.056,6.6,4099.7,56,
31.8.2026,21:50:49.946,9.460,3.1,4699.7,60,
31.8.2026,21:50:50.138,9.460,4.7,4699.7,58,
31.8.2026,21:50:50.345,8.950,14.6,4099.7,57,
31.8.2026,21:50:50.553,9.441,3.6,4099.7,53,
31.8.2026,21:50:50.760,9.517,3.0,4699.7,53,
31.8.2026,21:50:50.969,8.219,8.7,4099.7,52,
31.8.2026,21:50:51.176,8.304,3.3,4699.7,53,
31.8.2026,21:50:51.386,9.067,2.5,4699.7,53,
31.8.2026,21:50:51.575,7.968,10.5,4699.7,52,
31.8.2026,21:50:51.782,8.575,4.9,4699.7,52,
31.8.2026,21:50:51.989,7.993,2.8,4099.7,52,
31.8.2026,21:50:52.198,8.397,5.7,4699.7,50,
31.8.2026,21:50:52.388,8.243,7.4,4699.7,51,
31.8.2026,21:50:52.595,8.415,4.0,4699.7,51,
31.8.2026,21:50:52.805,8.144,2.7,4699.7,51,
31.8.2026,21:50:53.011,7.819,4.2,4099.7,50,
31.8.2026,21:50:53.222,8.353,7.4,4699.7,50,
31.8.2026,21:50:53.429,8.841,3.7,4699.7,51,
31.8.2026,21:50:53.624,7.653,3.1,4699.7,51,
31.8.2026,21:50:53.834,8.099,6.9,4699.7,50,
31.8.2026,21:50:54.042,7.902,3.5,4699.7,50,
31.8.2026,21:50:54.250,8.363,7.1,1699.9,50,
31.8.2026,21:50:54.457,8.103,5.4,4099.7,50,
31.8.2026,21:50:54.653,7.958,5.1,4699.7,49,
31.8.2026,21:50:54.863,7.886,5.5,4099.7,50,
31.8.2026,21:50:55.073,8.164,5.0,3799.7,50,
31.8.2026,21:50:55.262,8.420,7.3,4699.7,49,
31.8.2026,21:50:55.475,8.582,6.6,4099.7,49,
31.8.2026,21:50:55.688,8.382,2.0,4699.7,51,
31.8.2026,21:50:55.897,8.227,7.3,4099.7,50,
31.8.2026,21:50:56.107,9.046,4.5,4099.7,52,
31.8.2026,21:50:56.315,9.116,6.4,4099.7,50,
31.8.2026,21:50:56.520,9.720,5.6,4699.7,50,
31.8.2026,21:50:56.730,8.853,4.9,4099.7,49,
31.8.2026,21:50:56.919,9.443,4.0,4099.7,49,
31.8.2026,21:50:57.127,8.699,8.0,4099.7,49,
31.8.2026,21:50:57.333,9.913,6.2,4699.7,48,
31.8.2026,21:50:57.541,9.198,4.4,4699.7,49,
31.8.2026,21:50:57.732,8.565,8.5,4099.7,49,
31.8.2026,21:50:57.939,9.614,2.5,4699.7,49,
31.8.2026,21:50:58.151,8.832,2.8,500.0,48,
31.8.2026,21:50:58.340,8.553,11.5,4099.7,48,
31.8.2026,21:50:58.556,9.531,3.1,4099.7,48,
31.8.2026,21:50:58.746,9.171,5.8,4699.7,48,
31.8.2026,21:50:58.954,10.504,7.8,4099.7,48,
31.8.2026,21:50:59.164,11.515,4.6,4099.7,49,
31.8.2026,21:50:59.354,11.029,12.2,4099.7,48,
31.8.2026,21:50:59.560,10.805,7.1,4099.7,49,
31.8.2026,21:50:59.769,10.643,5.5,4699.7,47,
31.8.2026,21:50:59.974,10.732,5.3,4099.7,48,
31.8.2026,21:51:0.184,11.201,7.1,4099.7,48,
31.8.2026,21:51:0.388,10.803,11.6,4099.7,48,
31.8.2026,21:51:0.596,10.894,6.4,4699.7,48,
31.8.2026,21:51:0.800,11.381,4.3,4099.7,47,
31.8.2026,21:51:1.008,10.915,7.0,4099.7,48,
31.8.2026,21:51:1.203,11.605,9.0,4699.7,48,
31.8.2026,21:51:1.411,11.020,8.0,4099.7,48,
31.8.2026,21:51:1.616,10.977,5.7,4099.7,47,
31.8.2026,21:51:1.810,10.977,10.8,4099.7,47,
31.8.2026,21:51:2.017,10.491,5.7,4699.7,47,
31.8.2026,21:51:2.225,10.553,6.9,4099.7,47,
31.8.2026,21:51:2.435,10.724,11.3,4099.7,48,
31.8.2026,21:51:2.640,10.137,5.2,4699.7,47,
31.8.2026,21:51:2.849,10.137,5.4,4699.7,48,
31.8.2026,21:51:3.058,10.109,9.7,4699.7,47,
31.8.2026,21:51:3.275,10.567,5.4,4699.7,46,
31.8.2026,21:51:3.465,9.183,10.5,4699.7,48,
31.8.2026,21:51:3.673,8.314,3.8,4699.7,46,
31.8.2026,21:51:3.883,8.668,3.3,4699.7,48,
31.8.2026,21:51:4.074,8.668,3.3,4699.7,48,
31.8.2026,21:51:4.288,8.518,1.4,4099.7,47,
31.8.2026,21:51:4.492,7.724,6.4,4099.7,46,
31.8.2026,21:51:4.685,10.350,6.4,4099.7,46,
31.8.2026,21:51:4.891,10.191,12.1,4099.7,46,
31.8.2026,21:51:5.099,9.589,7.5,4099.7,47,
31.8.2026,21:51:5.304,8.815,4.4,4099.7,48,
31.8.2026,21:51:5.500,10.240,7.1,4099.7,47,
31.8.2026,21:51:5.708,8.220,6.7,4099.7,46,
31.8.2026,21:51:5.920,10.017,5.1,4699.7,46,
31.8.2026,21:51:6.130,7.955,6.0,4699.7,46,
31.8.2026,21:51:6.326,8.239,5.9,4699.7,46,
31.8.2026,21:51:6.532,8.145,4.0,4699.7,46,
31.8.2026,21:51:6.739,8.510,3.2,4699.7,46,
31.8.2026,21:51:6.933,7.926,3.2,4699.7,46,
31.8.2026,21:51:7.141,7.951,6.9,4099.7,45,
31.8.2026,21:51:7.350,8.798,4.6,4099.7,45,
31.8.2026,21:51:7.555,7.868,4.2,4099.7,46,
31.8.2026,21:51:7.751,8.263,5.7,4099.7,45,
31.8.2026,21:51:7.959,8.195,4.3,4699.7,46,
31.8.2026,21:51:8.166,8.044,7.8,500.0,46,
31.8.2026,21:51:8.374,8.018,4.6,4699.7,45,
31.8.2026,21:51:8.581,8.193,3.6,4699.7,46,
31.8.2026,21:51:8.777,8.220,3.6,4699.7,46,
31.8.2026,21:51:8.985,7.857,8.2,4099.7,45,
31.8.2026,21:51:9.194,7.781,1.8,3899.7,45,
31.8.2026,21:51:9.401,8.652,3.7,1999.9,45,
31.8.2026,21:51:9.608,7.820,6.5,4699.7,45,
31.8.2026,21:51:9.818,8.134,6.9,4099.7,45,
31.8.2026,21:51:10.013,7.843,2.6,4099.7,45,
31.8.2026,21:51:10.221,7.808,6.7,4099.7,45,
31.8.2026,21:51:10.428,8.294,3.0,4099.7,45,
31.8.2026,21:51:10.637,7.889,2.8,4099.7,45,
31.8.2026,21:51:10.850,8.055,2.7,4699.7,45,
31.8.2026,21:51:11.056,8.345,5.3,4699.7,45,
31.8.2026,21:51:11.250,8.214,5.3,4699.7,45,
31.8.2026,21:51:11.460,8.988,8.6,4699.7,45,
31.8.2026,21:51:11.667,7.579,4.6,4099.7,45,
31.8.2026,21:51:11.875,8.226,7.9,4099.7,44,
31.8.2026,21:51:12.085,7.808,5.5,4099.7,45,
31.8.2026,21:51:12.294,8.185,9.9,4699.7,44,
31.8.2026,21:51:12.501,8.236,4.3,4699.7,45,
31.8.2026,21:51:12.709,8.099,2.5,4099.7,45,
31.8.2026,21:51:12.916,8.477,4.5,4099.7,46,
31.8.2026,21:51:13.122,7.955,6.4,4699.7,45,
31.8.2026,21:51:13.332,8.627,2.3,4699.7,44,
31.8.2026,21:51:13.540,8.609,4.2,4099.7,44,
31.8.2026,21:51:13.732,8.060,4.2,4099.7,44,
31.8.2026,21:51:13.939,8.288,10.0,4099.7,45,
31.8.2026,21:51:14.147,7.753,2.7,4099.7,45,
31.8.2026,21:51:14.354,7.917,5.9,4099.7,44,
31.8.2026,21:51:14.571,8.689,2.1,4099.7,45,
31.8.2026,21:51:14.761,7.855,2.1,4099.7,45,
31.8.2026,21:51:14.974,8.520,9.3,4099.7,44,
31.8.2026,21:51:15.181,8.161,1.6,4699.7,44,
31.8.2026,21:51:15.373,8.928,7.9,4099.7,45,
31.8.2026,21:51:15.584,9.366,8.3,4099.7,71,
31.8.2026,21:51:15.789,7.967,3.6,4699.7,77,
31.8.2026,21:51:15.980,8.189,6.1,4099.7,73,
31.8.2026,21:51:16.188,9.081,8.7,4099.7,65,
31.8.2026,21:51:16.395,8.090,4.7,500.0,75,
31.8.2026,21:51:16.605,8.346,2.2,4099.7,71,
31.8.2026,21:51:16.793,8.346,2.7,500.0,74,
31.8.2026,21:51:17.008,8.584,9.0,4699.7,48,
31.8.2026,21:51:17.199,8.584,4.3,3599.8,47,
31.8.2026,21:51:17.406,7.811,9.4,4099.7,44,
31.8.2026,21:51:17.615,8.501,2.7,4699.7,44,
31.8.2026,21:51:17.810,8.049,4.9,4699.7,45,
31.8.2026,21:51:18.018,7.725,6.0,4699.7,45,
31.8.2026,21:51:18.225,8.451,3.6,4099.7,44,
31.8.2026,21:51:18.436,7.837,5.0,4699.7,46,
31.8.2026,21:51:18.642,7.836,8.0,4699.7,44,
31.8.2026,21:51:18.849,7.845,3.6,4699.7,45,
31.8.2026,21:51:19.059,7.645,2.2,4699.7,44,
31.8.2026,21:51:19.264,7.959,10.4,4099.7,46,
31.8.2026,21:51:19.475,7.445,4.6,4099.7,45,
31.8.2026,21:51:19.680,9.091,4.4,4099.7,44,
31.8.2026,21:51:19.870,8.172,3.3,4699.7,45,
31.8.2026,21:51:20.079,7.677,8.0,4699.7,44,
31.8.2026,21:51:20.284,8.091,9.7,4099.7,45,
31.8.2026,21:51:20.491,7.922,2.9,4099.7,44,
31.8.2026,21:51:20.697,8.538,2.6,4699.7,45,
31.8.2026,21:51:20.905,8.400,9.9,4699.7,44,
31.8.2026,21:51:21.111,8.213,6.0,4699.7,44,
31.8.2026,21:51:21.322,8.255,3.7,4099.7,44,
31.8.2026,21:51:21.512,8.176,8.9,4099.7,45,
31.8.2026,21:51:21.720,8.973,3.3,4699.7,44,
31.8.2026,21:51:21.926,8.090,6.7,4699.7,44,
31.8.2026,21:51:22.139,8.389,3.8,4099.7,44,
31.8.2026,21:51:22.344,8.191,7.9,4099.7,44,
31.8.2026,21:51:22.554,7.978,2.9,4099.7,44,
31.8.2026,21:51:22.760,8.377,3.2,4699.7,44,
31.8.2026,21:51:22.974,8.133,8.7,4099.7,45,
31.8.2026,21:51:23.192,8.386,1.8,4699.7,43,
31.8.2026,21:51:23.398,7.956,6.8,4699.7,45,
31.8.2026,21:51:23.609,8.860,4.6,4699.7,44,
31.8.2026,21:51:23.817,8.359,8.4,4699.7,44,
31.8.2026,21:51:24.026,8.088,5.9,4699.7,43,
31.8.2026,21:51:24.216,8.158,7.5,4099.7,44,
31.8.2026,21:51:24.423,7.821,3.8,4699.7,44,
31.8.2026,21:51:24.631,8.455,5.9,4699.7,43,
31.8.2026,21:51:24.826,8.233,4.8,4099.7,44,
31.8.2026,21:51:25.038,8.087,7.7,4099.7,43,
31.8.2026,21:51:25.242,8.579,2.2,500.0,44,
31.8.2026,21:51:25.433,7.844,7.5,4699.7,44,
31.8.2026,21:51:25.642,9.405,6.8,4099.7,45,
31.8.2026,21:51:25.847,8.364,4.7,4699.7,44,
31.8.2026,21:51:26.056,8.594,4.6,4099.7,43,
31.8.2026,21:51:26.246,8.435,6.6,4099.7,44,
31.8.2026,21:51:26.455,7.733,6.2,4099.7,44,
31.8.2026,21:51:26.659,8.552,4.8,4699.7,43,
31.8.2026,21:51:26.868,8.528,3.5,4699.7,44,
31.8.2026,21:51:27.059,8.192,6.2,4099.7,44,
31.8.2026,21:51:27.266,8.521,3.6,4099.7,43,
31.8.2026,21:51:27.476,8.271,5.8,4099.7,43,
31.8.2026,21:51:27.680,9.450,5.1,4699.7,43,
31.8.2026,21:51:27.878,8.169,4.6,4099.7,44,
31.8.2026,21:51:28.086,8.345,5.6,4699.7,42,
31.8.2026,21:51:28.280,8.583,7.1,4099.7,44,
31.8.2026,21:51:28.489,8.263,3.2,4699.7,43,
31.8.2026,21:51:28.697,9.032,3.6,4099.7,45,
31.8.2026,21:51:28.906,8.488,8.9,4699.7,43,
31.8.2026,21:51:29.110,8.448,2.7,4699.7,43,
31.8.2026,21:51:29.318,8.343,5.7,4699.7,44,
31.8.2026,21:51:29.512,8.355,5.7,4699.7,44,
31.8.2026,21:51:29.718,8.257,11.8,4099.7,44,
31.8.2026,21:51:29.926,8.053,4.0,4099.7,44,
31.8.2026,21:51:30.134,8.200,7.4,4099.7,43,
31.8.2026,21:51:30.328,8.332,1.3,4699.7,43,
31.8.2026,21:51:30.536,9.670,11.9,4099.7,76,
31.8.2026,21:51:30.731,8.337,4.0,4099.7,74,
31.8.2026,21:51:30.938,10.205,8.1,4099.7,74,
31.8.2026,21:51:31.149,9.138,5.6,4099.7,65,
31.8.2026,21:51:31.353,9.680,2.9,4099.7,73,
31.8.2026,21:51:31.546,9.680,7.7,4699.7,68,
31.8.2026,21:51:31.749,9.588,11.5,4699.7,46,
31.8.2026,21:51:31.959,8.914,3.7,4099.7,51,
31.8.2026,21:51:32.162,8.616,6.6,4699.7,49,
31.8.2026,21:51:32.370,9.440,6.0,4699.7,46,
31.8.2026,21:51:32.559,10.179,8.3,4699.7,45,
31.8.2026,21:51:32.766,8.693,5.7,4099.7,45,
31.8.2026,21:51:32.973,9.761,6.4,4699.7,45,
31.8.2026,21:51:33.182,10.637,4.3,4099.7,45,
31.8.2026,21:51:33.385,9.904,6.2,4099.7,46,
31.8.2026,21:51:33.593,8.929,6.6,4699.7,45,
31.8.2026,21:51:33.798,10.043,8.6,4099.7,44,
31.8.2026,21:51:34.006,9.299,4.5,4699.7,44,
31.8.2026,21:51:34.211,9.365,5.8,4699.7,46,
31.8.2026,21:51:34.402,9.964,6.8,4099.7,45,
31.8.2026,21:51:34.611,9.833,8.9,4699.7,45,
31.8.2026,21:51:34.817,10.296,8.0,4099.7,45,
31.8.2026,21:51:35.024,9.242,3.5,4699.7,44,
31.8.2026,21:51:35.214,9.165,9.1,4099.7,44,
31.8.2026,21:51:35.420,9.549,6.9,4099.7,44,
31.8.2026,21:51:35.628,9.619,4.1,4099.7,44,
31.8.2026,21:51:35.834,9.633,4.2,4099.7,44,
31.8.2026,21:51:36.041,9.158,5.2,4699.7,44,
31.8.2026,21:51:36.250,8.732,5.3,4699.7,45,
31.8.2026,21:51:36.457,8.587,8.1,4099.7,43,
31.8.2026,21:51:36.663,8.370,3.1,4099.7,44,
31.8.2026,21:51:36.869,8.504,5.0,4099.7,43,
31.8.2026,21:51:37.077,8.989,8.3,4699.7,45,
31.8.2026,21:51:37.286,8.229,2.6,4099.7,44,
31.8.2026,21:51:37.494,7.805,7.3,4699.7,44,
31.8.2026,21:51:37.685,9.765,7.5,4699.7,44,
31.8.2026,21:51:37.895,8.066,4.4,4699.7,44,
31.8.2026,21:51:38.108,8.400,4.1,4699.7,44,
31.8.2026,21:51:38.315,8.361,8.0,4699.7,44,
31.8.2026,21:51:38.521,8.031,3.0,4699.7,43,
31.8.2026,21:51:38.730,8.075,4.0,4099.7,44,
31.8.2026,21:51:38.936,7.791,9.6,4699.7,44,
31.8.2026,21:51:39.143,8.309,4.4,4699.7,44,
31.8.2026,21:51:39.353,8.100,4.7,4699.7,44,
31.8.2026,21:51:39.543,8.057,3.6,4099.7,44,
31.8.2026,21:51:39.750,8.524,9.2,4699.7,43,
31.8.2026,21:51:39.956,8.275,4.7,4099.7,43,
31.8.2026,21:51:40.164,8.264,3.4,4099.7,43,
31.8.2026,21:51:40.357,8.505,9.3,4099.7,43,
31.8.2026,21:51:40.564,8.315,2.8,4699.7,44,
31.8.2026,21:51:40.771,7.739,2.9,4099.7,43,
31.8.2026,21:51:40.963,8.643,5.6,4099.7,42,
31.8.2026,21:51:41.170,8.047,8.2,4099.7,44,
31.8.2026,21:51:41.380,8.560,3.4,4699.7,44,
31.8.2026,21:51:41.586,8.260,2.6,4099.7,44,
31.8.2026,21:51:41.777,8.269,9.0,4699.7,44,
31.8.2026,21:51:41.987,8.601,4.3,4099.7,44,
31.8.2026,21:51:42.194,8.317,4.1,4099.7,43,
31.8.2026,21:51:42.401,8.079,2.7,4099.7,43,
31.8.2026,21:51:42.610,7.976,9.7,4099.7,42,
31.8.2026,21:51:42.817,7.950,2.3,4099.7,44,
31.8.2026,21:51:43.012,8.094,7.7,4099.7,43,
31.8.2026,21:51:43.220,8.248,4.1,4099.7,43,
31.8.2026,21:51:43.430,8.010,3.2,4699.7,44,
31.8.2026,21:51:43.624,8.595,8.9,4099.7,43,
31.8.2026,21:51:43.830,8.075,2.2,4699.7,42,
31.8.2026,21:51:44.050,8.408,6.3,4699.7,43,
31.8.2026,21:51:44.263,8.046,3.8,4099.7,43,
31.8.2026,21:51:44.470,8.330,8.6,4099.7,44,
31.8.2026,21:51:44.682,7.718,2.6,500.0,42,
31.8.2026,21:51:44.887,8.018,10.2,4099.7,44,
31.8.2026,21:51:45.101,7.975,0.8,4699.7,42,
31.8.2026,21:51:45.306,8.125,7.4,4099.7,42,
31.8.2026,21:51:45.497,7.842,7.8,4699.7,42,
31.8.2026,21:51:45.706,8.819,2.9,4099.7,44,
31.8.2026,21:51:45.913,8.002,6.2,4699.7,43,
31.8.2026,21:51:46.106,11.037,9.7,4699.7,42,
31.8.2026,21:51:46.312,7.941,3.3,4699.7,44,
31.8.2026,21:51:46.518,8.092,4.6,4699.7,43,
31.8.2026,21:51:46.714,8.160,4.6,4699.7,43,
31.8.2026,21:51:46.926,7.975,9.0,4099.7,42,
31.8.2026,21:51:47.133,8.352,3.6,4699.7,43,
31.8.2026,21:51:47.327,8.226,3.7,4099.7,43,
31.8.2026,21:51:47.532,8.883,10.8,4699.7,75,
31.8.2026,21:51:47.740,8.917,3.2,4699.7,72,
31.8.2026,21:51:47.934,8.917,6.2,4699.7,71,
31.8.2026,21:51:48.145,7.881,9.9,4699.7,65,
31.8.2026,21:51:48.350,9.138,2.2,4099.7,65,
31.8.2026,21:51:48.547,8.382,3.7,4099.7,64,
31.8.2026,21:51:48.760,7.831,7.4,4099.7,55,
31.8.2026,21:51:48.949,8.075,3.2,4099.7,68,
31.8.2026,21:51:49.160,7.834,6.2,4699.7,45,
31.8.2026,21:51:49.380,8.497,6.2,4699.7,45,
31.8.2026,21:51:49.572,8.497,6.2,4699.7,45,
31.8.2026,21:51:49.762,18.612,6.2,4699.7,45,
31.8.2026,21:51:49.967,18.612,6.2,4699.7,45,
31.8.2026,21:51:50.174,18.612,6.2,4699.7,45,
31.8.2026,21:51:50.379,18.612,6.2,4699.7,45,
31.8.2026,21:51:50.585,18.612,6.2,4699.7,45,
31.8.2026,21:51:50.791,18.612,6.2,4699.7,45,
31.8.2026,21:51:50.979,18.612,6.2,4699.7,45,
31.8.2026,21:51:51.187,18.612,6.2,4699.7,45,
31.8.2026,21:51:51.391,18.612,6.2,4699.7,45,
31.8.2026,21:51:51.598,18.612,6.2,4699.7,45,
31.8.2026,21:51:51.803,18.612,6.2,4699.7,45,
31.8.2026,21:51:52.011,18.612,6.2,4699.7,45,
31.8.2026,21:51:52.200,18.612,6.2,4699.7,45,
31.8.2026,21:51:52.407,18.612,6.2,4699.7,45,
31.8.2026,21:51:52.612,18.612,6.2,4699.7,45,
31.8.2026,21:51:52.818,18.612,6.2,4699.7,45,
31.8.2026,21:51:53.025,18.612,6.2,4699.7,45,
31.8.2026,21:51:53.216,18.612,6.2,4699.7,45,
31.8.2026,21:51:53.421,18.612,6.2,4699.7,45,
31.8.2026,21:51:53.627,18.612,6.2,4699.7,45,
31.8.2026,21:51:53.833,18.612,6.2,4699.7,45,
31.8.2026,21:51:54.039,18.612,6.2,4699.7,45,
31.8.2026,21:51:54.245,18.612,6.2,4699.7,45,
31.8.2026,21:51:54.455,18.612,6.2,4699.7,45,
31.8.2026,21:51:54.659,18.612,6.2,4699.7,45,
31.8.2026,21:51:54.867,18.612,6.2,4699.7,45,
31.8.2026,21:51:55.087,18.612,6.2,4699.7,45,
31.8.2026,21:51:55.263,18.612,6.2,4699.7,45,
31.8.2026,21:51:55.467,18.612,6.2,4699.7,45,
31.8.2026,21:51:55.675,18.612,6.2,4699.7,45,
31.8.2026,21:51:55.880,18.612,6.2,4699.7,45,
31.8.2026,21:51:56.087,18.612,6.2,4699.7,45,
31.8.2026,21:51:56.291,18.612,6.2,4699.7,45,
31.8.2026,21:51:56.499,18.612,6.2,4699.7,45,
31.8.2026,21:51:56.703,18.612,6.2,4699.7,45,
31.8.2026,21:51:56.910,18.612,6.2,4699.7,45,
31.8.2026,21:51:57.115,18.612,6.2,4699.7,45,
31.8.2026,21:51:57.324,18.612,13.1,4399.7,83,
31.8.2026,21:51:57.512,18.612,13.1,4399.7,83,
31.8.2026,21:51:57.719,18.612,13.1,4399.7,83,
31.8.2026,21:51:57.924,18.612,13.1,4399.7,83,
31.8.2026,21:51:58.132,18.612,13.1,4399.7,83,
31.8.2026,21:51:58.336,18.612,13.1,4399.7,83,
31.8.2026,21:51:58.527,18.612,13.1,4399.7,83,
31.8.2026,21:51:58.734,18.612,13.1,4399.7,83,
31.8.2026,21:51:58.940,18.612,13.1,4399.7,83,
31.8.2026,21:51:59.146,18.612,13.1,4399.7,83,
31.8.2026,21:51:59.352,18.612,13.1,4399.7,83,
31.8.2026,21:51:59.557,18.612,13.1,4399.7,83,
31.8.2026,21:51:59.764,18.612,13.1,4399.7,83,
31.8.2026,21:51:59.969,18.612,13.1,4399.7,83,
31.8.2026,21:52:0.177,18.612,13.1,4399.7,83,
31.8.2026,21:52:0.380,18.612,13.1,4399.7,83,
31.8.2026,21:52:0.586,18.612,13.1,4399.7,83,
31.8.2026,21:52:0.791,18.612,13.1,4399.7,83,
31.8.2026,21:52:0.983,18.612,13.1,4399.7,83,
31.8.2026,21:52:1.188,18.612,13.1,4399.7,83,
31.8.2026,21:52:1.395,18.612,13.1,4399.7,83,
31.8.2026,21:52:1.600,18.612,13.1,4399.7,83,
31.8.2026,21:52:1.804,18.612,13.1,4399.7,83,
31.8.2026,21:52:2.010,18.612,13.1,4399.7,83,
31.8.2026,21:52:2.216,18.612,13.1,4399.7,83,
31.8.2026,21:52:2.423,23.638,15.5,4299.7,86,
31.8.2026,21:52:2.629,23.638,15.5,4299.7,86,
31.8.2026,21:52:2.836,23.638,15.5,4299.7,86,
31.8.2026,21:52:3.041,23.638,15.5,4299.7,86,
31.8.2026,21:52:3.247,23.638,15.5,4299.7,86,
31.8.2026,21:52:3.453,23.638,15.5,4299.7,86,
31.8.2026,21:52:3.660,23.638,15.5,4299.7,86,
31.8.2026,21:52:3.866,23.638,15.5,4299.7,86,
31.8.2026,21:52:4.072,23.638,15.5,4299.7,86,
31.8.2026,21:52:4.261,23.638,15.5,4299.7,86,
31.8.2026,21:52:4.469,23.638,15.5,4299.7,86,
31.8.2026,21:52:4.673,23.638,15.5,4299.7,86,
31.8.2026,21:52:4.881,23.638,15.5,4299.7,86,
31.8.2026,21:52:5.085,23.638,15.5,4299.7,86,
31.8.2026,21:52:5.293,23.638,15.5,4299.7,86,
31.8.2026,21:52:5.481,23.638,15.5,4299.7,86,
31.8.2026,21:52:5.688,23.638,15.5,4299.7,86,
31.8.2026,21:52:5.893,23.638,15.5,4299.7,86,
31.8.2026,21:52:6.100,23.638,15.5,4299.7,86,
31.8.2026,21:52:6.304,23.638,15.5,4299.7,86,
31.8.2026,21:52:6.512,23.638,15.5,4299.7,86,
31.8.2026,21:52:6.701,23.638,15.5,4299.7,86,
31.8.2026,21:52:6.907,23.638,15.5,4299.7,86,
31.8.2026,21:52:7.112,23.333,15.7,4399.7,83,
31.8.2026,21:52:7.318,23.333,15.7,4399.7,83,
31.8.2026,21:52:7.524,23.333,15.7,4399.7,83,
31.8.2026,21:52:7.714,23.333,15.7,4399.7,83,
31.8.2026,21:52:7.920,23.333,15.7,4399.7,83,
31.8.2026,21:52:8.126,23.333,15.7,4399.7,83,
31.8.2026,21:52:8.331,23.333,15.7,4399.7,83,
31.8.2026,21:52:8.538,23.333,15.7,4399.7,83,
31.8.2026,21:52:8.744,23.333,15.7,4399.7,83,
31.8.2026,21:52:8.934,23.333,15.7,4399.7,83,
31.8.2026,21:52:9.140,23.333,15.7,4399.7,83,
31.8.2026,21:52:9.346,23.333,15.7,4399.7,83,
31.8.2026,21:52:9.552,23.333,15.7,4399.7,83,
31.8.2026,21:52:9.758,23.333,15.7,4399.7,83,
31.8.2026,21:52:9.963,23.333,15.7,4399.7,83,
31.8.2026,21:52:10.171,23.333,15.7,4399.7,83,
31.8.2026,21:52:10.377,23.333,15.7,4399.7,83,
31.8.2026,21:52:10.584,23.333,15.7,4399.7,83,
31.8.2026,21:52:10.789,23.333,15.7,4399.7,83,
31.8.2026,21:52:10.979,23.333,15.7,4399.7,83,
31.8.2026,21:52:11.186,23.333,15.7,4399.7,83,
31.8.2026,21:52:11.392,23.333,15.7,4399.7,83,
31.8.2026,21:52:11.600,23.333,15.7,4399.7,83,
31.8.2026,21:52:11.805,23.333,15.7,4399.7,83,
31.8.2026,21:52:12.012,23.172,15.5,4299.7,86,
31.8.2026,21:52:12.215,23.172,15.5,4299.7,86,
31.8.2026,21:52:12.421,23.172,15.5,4299.7,86,
31.8.2026,21:52:12.627,23.172,15.5,4299.7,86,
31.8.2026,21:52:12.835,23.172,15.5,4299.7,86,
31.8.2026,21:52:13.040,23.172,15.5,4299.7,86,
31.8.2026,21:52:13.230,23.172,15.5,4299.7,86,
31.8.2026,21:52:13.435,23.172,15.5,4299.7,86,
31.8.2026,21:52:13.641,23.172,15.5,4299.7,86,
31.8.2026,21:52:13.846,23.172,15.5,4299.7,86,
31.8.2026,21:52:14.054,23.172,15.5,4299.7,86,
31.8.2026,21:52:14.259,23.172,15.5,4299.7,86,
31.8.2026,21:52:14.449,23.172,15.5,4299.7,86,
31.8.2026,21:52:14.655,23.172,15.5,4299.7,86,
31.8.2026,21:52:14.860,23.172,15.5,4299.7,86,
31.8.2026,21:52:15.070,23.172,15.5,4299.7,86,
31.8.2026,21:52:15.274,23.172,15.5,4299.7,86,
31.8.2026,21:52:15.466,23.172,15.5,4299.7,86,
31.8.2026,21:52:15.670,23.172,15.5,4299.7,86,
31.8.2026,21:52:15.877,23.172,15.5,4299.7,86,
31.8.2026,21:52:16.083,23.172,15.5,4299.7,86,
31.8.2026,21:52:16.290,23.172,15.5,4299.7,86,
31.8.2026,21:52:16.495,23.172,15.5,4299.7,86,
31.8.2026,21:52:16.702,23.172,15.5,4299.7,86,
31.8.2026,21:52:16.907,23.172,15.5,4299.7,86,
31.8.2026,21:52:17.115,23.172,15.5,4299.7,86,
31.8.2026,21:52:17.320,23.172,15.5,4299.7,86,
31.8.2026,21:52:17.527,23.172,15.5,4299.7,86,
31.8.2026,21:52:17.732,23.172,15.6,4099.7,86,
31.8.2026,21:52:17.939,23.138,15.6,4099.7,86,
31.8.2026,21:52:18.148,23.138,15.6,4099.7,86,
31.8.2026,21:52:18.352,23.138,15.6,4099.7,86,
31.8.2026,21:52:18.560,23.138,15.6,4099.7,86,
31.8.2026,21:52:18.765,23.138,15.6,4099.7,86,
31.8.2026,21:52:18.972,23.138,15.6,4099.7,86,
31.8.2026,21:52:19.177,23.138,15.6,4099.7,86,
31.8.2026,21:52:19.384,23.138,15.6,4099.7,86,
31.8.2026,21:52:19.573,23.138,15.6,4099.7,86,
31.8.2026,21:52:19.780,23.138,15.6,4099.7,86,
31.8.2026,21:52:19.988,23.138,15.6,4099.7,86,
31.8.2026,21:52:20.193,23.138,15.6,4099.7,86,
31.8.2026,21:52:20.400,23.138,15.6,4099.7,86,
31.8.2026,21:52:20.604,23.138,15.6,4099.7,86,
31.8.2026,21:52:20.811,23.138,15.6,4099.7,86,
31.8.2026,21:52:21.017,23.138,15.6,4099.7,86,
31.8.2026,21:52:21.223,23.138,15.6,4099.7,86,
31.8.2026,21:52:21.429,23.138,15.6,4099.7,86,
31.8.2026,21:52:21.636,23.138,15.6,4099.7,86,
31.8.2026,21:52:21.840,23.138,15.6,4099.7,86,
31.8.2026,21:52:22.047,23.138,15.6,4099.7,86,
31.8.2026,21:52:22.252,23.138,15.6,4099.7,86,
31.8.2026,21:52:22.459,23.138,15.6,4099.7,86,
31.8.2026,21:52:22.664,23.079,15.4,4299.7,86,
31.8.2026,21:52:22.855,23.079,15.4,4299.7,86,
31.8.2026,21:52:23.062,23.079,15.4,4299.7,86,
31.8.2026,21:52:23.266,23.079,15.4,4299.7,86,
31.8.2026,21:52:23.472,23.079,15.4,4299.7,86,
31.8.2026,21:52:23.678,23.079,15.4,4299.7,86,
31.8.2026,21:52:23.883,23.079,15.4,4299.7,86,
31.8.2026,21:52:24.074,23.079,15.4,4299.7,86,
31.8.2026,21:52:24.280,23.079,15.4,4299.7,86,
31.8.2026,21:52:24.486,23.079,15.4,4299.7,86,
31.8.2026,21:52:24.693,23.079,15.4,4299.7,86,
31.8.2026,21:52:24.899,23.079,15.4,4299.7,86,
31.8.2026,21:52:25.091,23.079,15.4,4299.7,86,
31.8.2026,21:52:25.295,23.079,15.4,4299.7,86,
31.8.2026,21:52:25.503,23.079,15.4,4299.7,86,
31.8.2026,21:52:25.709,23.079,15.4,4299.7,86,
31.8.2026,21:52:25.915,23.079,15.4,4299.7,86,
31.8.2026,21:52:26.105,23.079,15.4,4299.7,86,
31.8.2026,21:52:26.311,23.079,15.4,4299.7,86,
31.8.2026,21:52:26.517,23.079,15.4,4299.7,86,
31.8.2026,21:52:26.723,23.079,15.4,4299.7,86,
31.8.2026,21:52:26.928,23.079,15.4,4299.7,86,
31.8.2026,21:52:27.135,23.079,15.4,4299.7,86,
31.8.2026,21:52:27.327,22.875,15.5,4199.7,88,
31.8.2026,21:52:27.529,22.875,15.5,4199.7,88,
31.8.2026,21:52:27.738,22.875,15.5,4199.7,88,
31.8.2026,21:52:27.942,22.875,15.5,4199.7,88,
31.8.2026,21:52:28.147,22.875,15.5,4199.7,88,
31.8.2026,21:52:28.354,22.875,15.5,4199.7,88,
31.8.2026,21:52:28.560,22.875,15.5,4199.7,88,
31.8.2026,21:52:28.766,22.875,15.5,4199.7,88,
31.8.2026,21:52:28.971,22.875,15.5,4199.7,88,
31.8.2026,21:52:29.178,22.875,15.5,4199.7,88,
31.8.2026,21:52:29.383,22.875,15.5,4199.7,88,
31.8.2026,21:52:29.575,22.875,15.5,4199.7,88,
31.8.2026,21:52:29.779,22.875,15.5,4199.7,88,
31.8.2026,21:52:29.985,22.875,15.5,4199.7,88,
31.8.2026,21:52:30.193,22.875,15.5,4199.7,88,
31.8.2026,21:52:30.398,22.875,15.5,4199.7,88,
31.8.2026,21:52:30.605,22.875,15.5,4199.7,88,
31.8.2026,21:52:30.810,22.875,15.5,4199.7,88,
31.8.2026,21:52:31.017,22.875,15.5,4199.7,88,
31.8.2026,21:52:31.222,22.875,15.5,4199.7,88,
31.8.2026,21:52:31.430,22.875,15.5,4199.7,88,
31.8.2026,21:52:31.635,22.875,15.5,4199.7,88,
31.8.2026,21:52:31.842,22.875,15.5,4199.7,88,
31.8.2026,21:52:32.047,22.875,15.5,4199.7,88,
31.8.2026,21:52:32.253,22.875,15.5,4199.7,88,
31.8.2026,21:52:32.460,22.875,15.5,4199.7,88,
31.8.2026,21:52:32.666,22.875,15.5,4199.7,88,
31.8.2026,21:52:32.858,22.875,15.5,4199.7,88,
31.8.2026,21:52:33.062,22.875,15.5,4199.7,88,
31.8.2026,21:52:33.267,22.875,15.5,4199.7,88,
31.8.2026,21:52:33.473,22.875,15.5,4199.7,88,
31.8.2026,21:52:33.679,22.875,15.5,4199.7,88,
31.8.2026,21:52:33.885,22.875,15.5,4199.7,88,
31.8.2026,21:52:34.074,22.875,15.5,4199.7,88,
31.8.2026,21:52:34.280,22.875,15.5,4199.7,88,
31.8.2026,21:52:34.490,22.875,15.5,4199.7,88,
31.8.2026,21:52:34.695,22.875,15.5,4199.7,88,
31.8.2026,21:52:34.901,22.875,15.5,4199.7,88,
31.8.2026,21:52:35.107,22.875,15.5,4199.7,88,
31.8.2026,21:52:35.313,22.875,15.5,4199.7,88,
31.8.2026,21:52:35.519,22.875,15.5,4199.7,88,
31.8.2026,21:52:35.726,22.875,15.5,4199.7,88,
31.8.2026,21:52:35.931,22.875,15.5,4199.7,88,
31.8.2026,21:52:36.120,22.875,15.5,4199.7,88,
31.8.2026,21:52:36.326,22.875,15.5,4199.7,88,
31.8.2026,21:52:36.532,22.875,15.5,4199.7,88,
31.8.2026,21:52:36.737,22.875,15.5,4199.7,88,
31.8.2026,21:52:36.943,22.875,15.5,4199.7,88,
31.8.2026,21:52:37.149,22.875,15.5,4099.7,86,
31.8.2026,21:52:37.339,22.881,15.5,4099.7,86,
31.8.2026,21:52:37.548,22.881,15.5,4099.7,86,
31.8.2026,21:52:37.752,22.881,15.5,4099.7,86,
31.8.2026,21:52:37.960,22.881,15.5,4099.7,86,
31.8.2026,21:52:38.164,22.881,15.5,4099.7,86,
31.8.2026,21:52:38.355,22.881,15.5,4099.7,86,
31.8.2026,21:52:38.561,22.881,15.5,4099.7,86,
31.8.2026,21:52:38.768,22.881,15.5,4099.7,86,
31.8.2026,21:52:38.973,22.881,15.5,4099.7,86,
31.8.2026,21:52:39.179,22.881,15.5,4099.7,86,
31.8.2026,21:52:39.384,22.881,15.5,4099.7,86,
31.8.2026,21:52:39.575,22.881,15.5,4099.7,86,
31.8.2026,21:52:39.783,22.881,15.5,4099.7,86,
31.8.2026,21:52:39.987,22.881,15.5,4099.7,86,
31.8.2026,21:52:40.192,22.881,15.5,4099.7,86,
31.8.2026,21:52:40.399,22.881,15.5,4099.7,86,
31.8.2026,21:52:40.591,22.881,15.5,4099.7,86,
31.8.2026,21:52:40.794,22.881,15.5,4099.7,86,
31.8.2026,21:52:41.003,22.881,15.5,4099.7,86,
31.8.2026,21:52:41.206,22.881,15.5,4099.7,86,
31.8.2026,21:52:41.412,22.881,15.5,4099.7,86,
31.8.2026,21:52:41.617,22.881,15.5,4099.7,86,
31.8.2026,21:52:41.809,22.881,15.5,4099.7,86,
31.8.2026,21:52:42.014,22.881,15.6,4299.7,85,
31.8.2026,21:52:42.221,22.895,15.6,4299.7,85,
31.8.2026,21:52:42.427,22.895,15.6,4299.7,85,
31.8.2026,21:52:42.632,22.895,15.6,4299.7,85,
31.8.2026,21:52:42.825,22.895,15.6,4299.7,85,
31.8.2026,21:52:43.030,22.895,15.6,4299.7,85,
31.8.2026,21:52:43.237,22.895,15.6,4299.7,85,
31.8.2026,21:52:43.442,22.895,15.6,4299.7,85,
31.8.2026,21:52:43.649,22.895,15.6,4299.7,85,
31.8.2026,21:52:43.853,22.895,15.6,4299.7,85,
31.8.2026,21:52:44.061,22.895,15.6,4299.7,85,
31.8.2026,21:52:44.266,22.895,15.6,4299.7,85,
31.8.2026,21:52:44.473,22.895,15.6,4299.7,85,
31.8.2026,21:52:44.677,22.895,15.6,4299.7,85,
31.8.2026,21:52:44.885,22.895,15.6,4299.7,85,
31.8.2026,21:52:45.087,22.895,15.6,4299.7,85,
31.8.2026,21:52:45.277,22.895,15.6,4299.7,85,
31.8.2026,21:52:45.483,22.895,15.6,4299.7,85,
31.8.2026,21:52:45.689,22.895,15.6,4299.7,85,
31.8.2026,21:52:45.894,22.895,15.6,4299.7,85,
31.8.2026,21:52:46.100,22.895,15.6,4299.7,85,
31.8.2026,21:52:46.306,22.895,15.6,4299.7,85,
31.8.2026,21:52:46.495,22.895,15.6,4299.7,85,
31.8.2026,21:52:46.701,22.895,15.6,4299.7,85,
31.8.2026,21:52:46.907,22.885,15.5,4299.7,86,
31.8.2026,21:52:47.112,22.885,15.5,4299.7,86,
31.8.2026,21:52:47.319,22.885,15.5,4299.7,86,
31.8.2026,21:52:47.526,22.885,15.5,4299.7,86,
31.8.2026,21:52:47.731,22.885,15.5,4299.7,86,
31.8.2026,21:52:47.938,22.885,15.5,4299.7,86,
31.8.2026,21:52:48.146,22.885,15.5,4299.7,86,
31.8.2026,21:52:48.351,22.885,15.5,4299.7,86,
31.8.2026,21:52:48.541,22.885,15.5,4299.7,86,
31.8.2026,21:52:48.748,22.885,15.5,4299.7,86,
31.8.2026,21:52:48.955,22.885,15.5,4299.7,86,
31.8.2026,21:52:49.163,22.885,15.5,4299.7,86,
31.8.2026,21:52:49.367,22.885,15.5,4299.7,86,
31.8.2026,21:52:49.574,22.252,32.6,4699.7,78,
31.8.2026,21:52:49.778,20.943,24.3,4099.7,62,
31.8.2026,21:52:49.989,19.525,16.6,999.9,54,
31.8.2026,21:52:50.197,8.082,2.0,2799.8,53,
31.8.2026,21:52:50.388,8.492,10.9,4099.7,51,
31.8.2026,21:52:50.595,9.012,3.1,4099.7,52,
31.8.2026,21:52:50.809,8.064,2.7,4099.7,52,
31.8.2026,21:52:51.016,8.383,7.5,4099.7,52,
31.8.2026,21:52:51.229,8.339,3.9,4099.7,52,
31.8.2026,21:52:51.436,8.165,6.4,4099.7,51,
31.8.2026,21:52:51.648,8.143,3.2,4099.7,51,
31.8.2026,21:52:51.840,8.143,9.9,4099.7,50,
31.8.2026,21:52:52.049,8.939,2.6,4699.7,51,
31.8.2026,21:52:52.255,8.939,4.5,4699.7,50,
31.8.2026,21:52:52.451,8.179,5.6,4699.7,50,
31.8.2026,21:52:52.657,8.326,3.6,3799.7,51,
31.8.2026,21:52:52.866,7.957,4.6,4099.7,50,
31.8.2026,21:52:53.066,8.406,4.0,4699.7,51,
31.8.2026,21:52:53.272,8.597,6.5,4699.7,49,
31.8.2026,21:52:53.466,8.872,6.5,4699.7,49,
31.8.2026,21:52:53.678,8.030,8.0,4699.7,49,
31.8.2026,21:52:53.883,9.210,5.9,4099.7,49,
31.8.2026,21:52:54.080,8.890,3.2,4099.7,49,
31.8.2026,21:52:54.292,9.028,5.9,4099.7,85,
31.8.2026,21:52:54.482,7.496,5.2,4099.7,50,
31.8.2026,21:52:54.693,10.378,9.3,2199.9,64,
31.8.2026,21:52:54.889,7.106,2.5,4099.7,84,
31.8.2026,21:52:55.092,7.106,2.5,4099.7,84,
31.8.2026,21:52:55.299,7.106,2.5,4099.7,84,
31.8.2026,21:52:55.507,7.106,2.5,4099.7,84,
31.8.2026,21:52:55.698,7.106,2.5,4099.7,84,
31.8.2026,21:52:55.908,7.106,2.5,4099.7,84,
31.8.2026,21:52:56.112,7.106,2.5,4099.7,84,
31.8.2026,21:52:56.318,7.106,2.5,4099.7,84,
31.8.2026,21:52:56.526,7.106,2.5,4099.7,84,
31.8.2026,21:52:56.733,7.106,2.5,4099.7,84,
31.8.2026,21:52:56.940,7.106,2.5,4099.7,84,
31.8.2026,21:52:57.147,7.106,2.5,4099.7,84,
31.8.2026,21:52:57.354,7.106,2.5,4099.7,84,
31.8.2026,21:52:57.561,7.106,2.5,4099.7,84,
31.8.2026,21:52:57.767,7.106,2.5,4099.7,84,
31.8.2026,21:52:57.974,7.106,2.5,4099.7,84,
31.8.2026,21:52:58.180,7.106,2.5,4099.7,84,
31.8.2026,21:52:58.372,7.106,2.5,4099.7,84,
31.8.2026,21:52:58.577,7.106,2.5,4099.7,84,
31.8.2026,21:52:58.784,7.106,2.5,4099.7,84,
31.8.2026,21:52:58.991,7.106,2.5,4099.7,84,
31.8.2026,21:52:59.182,7.106,2.5,4099.7,84,
31.8.2026,21:52:59.388,7.106,2.5,4099.7,84,
31.8.2026,21:52:59.595,7.106,2.5,4099.7,84,
31.8.2026,21:52:59.801,7.106,2.5,4099.7,84,
31.8.2026,21:53:0.008,7.106,2.5,4099.7,84,
31.8.2026,21:53:0.199,7.106,2.5,4099.7,84,
31.8.2026,21:53:0.406,7.106,2.5,4099.7,84,
31.8.2026,21:53:0.613,7.106,2.5,4099.7,84,
31.8.2026,21:53:0.820,7.106,2.5,4099.7,84,
31.8.2026,21:53:1.027,7.106,2.5,4099.7,84,
31.8.2026,21:53:1.218,7.106,2.5,4099.7,84,
31.8.2026,21:53:1.425,7.106,2.5,4099.7,84,
31.8.2026,21:53:1.630,7.106,2.5,4099.7,84,
31.8.2026,21:53:1.839,7.106,2.5,4099.7,84,
31.8.2026,21:53:2.030,7.106,2.5,4099.7,84,
31.8.2026,21:53:2.237,7.106,2.5,4099.7,84,
31.8.2026,21:53:2.445,7.106,2.5,4099.7,84,
31.8.2026,21:53:2.649,7.106,2.5,4099.7,84,
31.8.2026,21:53:2.842,7.106,2.5,4099.7,84,
31.8.2026,21:53:3.049,7.106,2.5,4099.7,84,
31.8.2026,21:53:3.252,7.106,2.5,4099.7,84,
31.8.2026,21:53:3.458,7.106,2.5,4099.7,84,
31.8.2026,21:53:3.665,7.106,2.5,4099.7,84,
31.8.2026,21:53:3.856,7.106,2.5,4099.7,84,
31.8.2026,21:53:4.063,7.106,2.5,4099.7,84,
31.8.2026,21:53:4.270,7.106,2.5,4099.7,84,
31.8.2026,21:53:4.476,7.106,2.5,4099.7,84,
31.8.2026,21:53:4.682,7.106,2.5,4099.7,84,
31.8.2026,21:53:4.873,7.106,2.5,4099.7,84,
31.8.2026,21:53:5.081,7.106,2.5,4099.7,84,
31.8.2026,21:53:5.287,7.106,2.5,4099.7,84,
31.8.2026,21:53:5.494,7.106,2.5,4099.7,84,
31.8.2026,21:53:5.684,7.106,15.3,4299.7,85,
31.8.2026,21:53:5.892,23.260,15.3,4299.7,85,
31.8.2026,21:53:6.098,23.260,15.3,4299.7,85,
31.8.2026,21:53:6.305,23.260,15.3,4299.7,85,
31.8.2026,21:53:6.496,23.260,15.3,4299.7,85,
31.8.2026,21:53:6.703,23.260,15.3,4299.7,85,
31.8.2026,21:53:6.910,23.260,15.3,4299.7,85,
31.8.2026,21:53:7.117,23.260,15.3,4299.7,85,
31.8.2026,21:53:7.324,23.260,15.3,4299.7,85,
31.8.2026,21:53:7.530,23.260,15.3,4299.7,85,
31.8.2026,21:53:7.738,23.260,15.3,4299.7,85,
31.8.2026,21:53:7.945,23.260,15.3,4299.7,85,
31.8.2026,21:53:8.152,23.260,15.3,4299.7,85,
31.8.2026,21:53:8.359,23.260,15.3,4299.7,85,
31.8.2026,21:53:8.566,23.260,15.3,4299.7,85,
31.8.2026,21:53:8.770,23.260,15.3,4299.7,85,
31.8.2026,21:53:8.976,23.260,15.3,4299.7,85,
31.8.2026,21:53:9.183,23.260,15.3,4299.7,85,
31.8.2026,21:53:9.390,23.260,15.3,4299.7,85,
31.8.2026,21:53:9.597,23.260,15.3,4299.7,85,
31.8.2026,21:53:9.803,23.260,15.3,4299.7,85,
31.8.2026,21:53:10.010,23.260,15.3,4299.7,85,
31.8.2026,21:53:10.217,23.260,15.3,4299.7,85,
31.8.2026,21:53:10.424,23.260,15.8,4299.7,85,
31.8.2026,21:53:10.631,23.271,15.8,4299.7,85,
31.8.2026,21:53:10.838,23.271,15.8,4299.7,85,
31.8.2026,21:53:11.045,23.271,15.8,4299.7,85,
31.8.2026,21:53:11.252,23.271,15.8,4299.7,85,
31.8.2026,21:53:11.459,23.271,15.8,4299.7,85,
31.8.2026,21:53:11.665,23.271,15.8,4299.7,85,
31.8.2026,21:53:11.856,23.271,15.8,4299.7,85,
31.8.2026,21:53:12.062,23.271,15.8,4299.7,85,
31.8.2026,21:53:12.269,23.271,15.8,4299.7,85,
31.8.2026,21:53:12.476,23.271,15.8,4299.7,85,
31.8.2026,21:53:12.683,23.271,15.8,4299.7,85,
31.8.2026,21:53:12.889,23.271,15.8,4299.7,85,
31.8.2026,21:53:13.096,23.271,15.8,4299.7,85,
31.8.2026,21:53:13.302,23.271,15.8,4299.7,85,
31.8.2026,21:53:13.509,23.271,15.8,4299.7,85,
31.8.2026,21:53:13.700,23.271,15.8,4299.7,85,
31.8.2026,21:53:13.907,23.271,15.8,4299.7,85,
31.8.2026,21:53:14.114,23.271,15.8,4299.7,85,
31.8.2026,21:53:14.320,23.271,15.8,4299.7,85,
31.8.2026,21:53:14.512,23.271,15.8,4299.7,85,
31.8.2026,21:53:14.718,23.271,15.8,4299.7,85,
31.8.2026,21:53:14.925,23.271,15.8,4299.7,85,
31.8.2026,21:53:15.131,23.271,15.8,4299.7,85,
31.8.2026,21:53:15.338,23.318,15.2,4399.7,85,
31.8.2026,21:53:15.546,23.318,15.2,4399.7,85,
31.8.2026,21:53:15.753,23.318,15.2,4399.7,85,
31.8.2026,21:53:15.960,23.318,15.2,4399.7,85,
31.8.2026,21:53:16.167,23.318,15.2,4399.7,85,
31.8.2026,21:53:16.373,23.318,15.2,4399.7,85,
31.8.2026,21:53:16.580,23.318,15.2,4399.7,85,
31.8.2026,21:53:16.786,23.318,15.2,4399.7,85,
31.8.2026,21:53:16.992,23.318,15.2,4399.7,85,
31.8.2026,21:53:17.184,23.318,15.2,4399.7,85,
31.8.2026,21:53:17.390,23.318,15.2,4399.7,85,
31.8.2026,21:53:17.597,23.318,15.2,4399.7,85,
31.8.2026,21:53:17.804,23.318,15.2,4399.7,85,
31.8.2026,21:53:17.995,23.318,15.2,4399.7,85,
31.8.2026,21:53:18.201,23.318,15.2,4399.7,85,
31.8.2026,21:53:18.408,23.318,15.2,4399.7,85,
31.8.2026,21:53:18.615,23.318,15.2,4399.7,85,
31.8.2026,21:53:18.821,23.318,15.2,4399.7,85,
31.8.2026,21:53:19.012,23.318,15.2,4399.7,85,
31.8.2026,21:53:19.219,23.318,15.2,4399.7,85,
31.8.2026,21:53:19.425,23.318,15.2,4399.7,85,
31.8.2026,21:53:19.632,23.318,15.2,4399.7,85,
31.8.2026,21:53:19.839,23.318,15.2,4399.7,85,
31.8.2026,21:53:20.046,23.318,15.6,4299.7,86,
31.8.2026,21:53:20.253,23.315,15.6,4299.7,86,
31.8.2026,21:53:20.458,23.315,15.6,4299.7,86,
31.8.2026,21:53:20.664,23.315,15.6,4299.7,86,
31.8.2026,21:53:20.858,23.315,15.6,4299.7,86,
31.8.2026,21:53:21.062,23.315,15.6,4299.7,86,
31.8.2026,21:53:21.268,23.315,15.6,4299.7,86,
31.8.2026,21:53:21.475,23.315,15.6,4299.7,86,
31.8.2026,21:53:21.681,23.315,15.6,4299.7,86,
31.8.2026,21:53:21.871,23.315,15.6,4299.7,86,
31.8.2026,21:53:22.078,23.315,15.6,4299.7,86,
31.8.2026,21:53:22.285,23.315,15.6,4299.7,86,
31.8.2026,21:53:22.492,23.315,15.6,4299.7,86,
31.8.2026,21:53:22.683,23.315,15.6,4299.7,86,
31.8.2026,21:53:22.890,23.315,15.6,4299.7,86,
31.8.2026,21:53:23.097,23.315,15.6,4299.7,86,
31.8.2026,21:53:23.303,23.315,15.6,4299.7,86,
31.8.2026,21:53:23.509,23.315,15.6,4299.7,86,
31.8.2026,21:53:23.716,23.315,15.6,4299.7,86,
31.8.2026,21:53:23.922,23.315,15.6,4299.7,86,
31.8.2026,21:53:24.129,23.315,15.6,4299.7,86,
31.8.2026,21:53:24.336,23.315,15.6,4299.7,86,
31.8.2026,21:53:24.527,23.315,15.6,4299.7,86,
31.8.2026,21:53:24.734,23.315,15.6,4299.7,86,
31.8.2026,21:53:24.941,23.220,15.4,4299.7,85,
31.8.2026,21:53:25.148,23.220,15.4,4299.7,85,
31.8.2026,21:53:25.355,23.220,15.4,4299.7,85,
31.8.2026,21:53:25.560,23.220,15.4,4299.7,85,
31.8.2026,21:53:25.767,23.220,15.4,4299.7,85,
31.8.2026,21:53:25.973,23.220,15.4,4299.7,85,
31.8.2026,21:53:26.181,23.220,15.4,4299.7,85,
31.8.2026,21:53:26.371,23.220,15.4,4299.7,85,
31.8.2026,21:53:26.577,23.220,15.4,4299.7,85,
31.8.2026,21:53:26.784,23.220,15.4,4299.7,85,
31.8.2026,21:53:26.991,23.220,15.4,4299.7,85,
31.8.2026,21:53:27.199,23.220,15.4,4299.7,85,
31.8.2026,21:53:27.405,23.220,15.4,4299.7,85,
31.8.2026,21:53:27.612,23.220,15.4,4299.7,85,
31.8.2026,21:53:27.819,23.220,15.4,4299.7,85,
31.8.2026,21:53:28.026,23.220,15.4,4299.7,85,
31.8.2026,21:53:28.232,23.220,15.4,4299.7,85,
31.8.2026,21:53:28.439,23.220,15.4,4299.7,85,
31.8.2026,21:53:28.645,23.220,15.4,4299.7,85,
31.8.2026,21:53:28.852,23.220,15.4,4299.7,85,
31.8.2026,21:53:29.043,23.220,15.4,4299.7,85,
31.8.2026,21:53:29.250,23.220,15.4,4299.7,85,
31.8.2026,21:53:29.457,23.220,15.4,4299.7,85,
31.8.2026,21:53:29.664,23.250,15.4,4299.7,85,
31.8.2026,21:53:29.871,23.250,15.4,4299.7,85,
31.8.2026,21:53:30.077,23.250,15.4,4299.7,85,
31.8.2026,21:53:30.283,23.250,15.4,4299.7,85,
31.8.2026,21:53:30.489,23.250,15.4,4299.7,85,
31.8.2026,21:53:30.696,23.250,15.4,4299.7,85,
31.8.2026,21:53:30.888,23.250,15.4,4299.7,85,
31.8.2026,21:53:31.094,23.250,15.4,4299.7,85,
31.8.2026,21:53:31.301,23.250,15.4,4299.7,85,
31.8.2026,21:53:31.507,23.250,15.4,4299.7,85,
31.8.2026,21:53:31.714,23.250,15.4,4299.7,85,
31.8.2026,21:53:31.921,23.250,15.4,4299.7,85,
31.8.2026,21:53:32.127,23.250,15.4,4299.7,85,
31.8.2026,21:53:32.334,23.250,15.4,4299.7,85,
31.8.2026,21:53:32.540,23.250,15.4,4299.7,85,
31.8.2026,21:53:32.731,23.250,15.4,4299.7,85,
31.8.2026,21:53:32.937,23.250,15.4,4299.7,85,
31.8.2026,21:53:33.144,23.250,15.4,4299.7,85,
31.8.2026,21:53:33.352,23.250,15.4,4299.7,85,
31.8.2026,21:53:33.543,23.250,15.4,4299.7,85,
31.8.2026,21:53:33.750,23.250,15.4,4299.7,85,
31.8.2026,21:53:33.957,23.250,15.4,4299.7,85,
31.8.2026,21:53:34.163,23.250,15.4,4299.7,85,
31.8.2026,21:53:34.370,23.250,13.6,4099.7,86,
31.8.2026,21:53:34.578,23.250,13.6,4099.7,86,
31.8.2026,21:53:34.785,23.250,13.6,4099.7,86,
31.8.2026,21:53:34.990,23.250,13.6,4099.7,86,
31.8.2026,21:53:35.197,23.250,13.6,4099.7,86,
31.8.2026,21:53:35.388,23.250,13.6,4099.7,86,
31.8.2026,21:53:35.596,23.250,13.6,4099.7,86,
31.8.2026,21:53:35.800,23.250,13.6,4099.7,86,
31.8.2026,21:53:36.007,23.250,13.6,4099.7,86,
31.8.2026,21:53:36.213,23.250,13.6,4099.7,86,
31.8.2026,21:53:36.420,23.250,13.6,4099.7,86,
31.8.2026,21:53:36.627,23.250,13.6,4099.7,86,
31.8.2026,21:53:36.833,23.250,13.6,4099.7,86,
31.8.2026,21:53:37.040,23.250,13.6,4099.7,86,
31.8.2026,21:53:37.230,23.250,13.6,4099.7,86,
31.8.2026,21:53:37.437,23.250,13.6,4099.7,86,
31.8.2026,21:53:37.644,23.250,13.6,4099.7,86,
31.8.2026,21:53:37.850,23.250,13.6,4099.7,86,
31.8.2026,21:53:38.057,23.250,13.6,4099.7,86,
31.8.2026,21:53:38.247,23.250,13.6,4099.7,86,
31.8.2026,21:53:38.454,23.250,13.6,4099.7,86,
31.8.2026,21:53:38.660,23.250,13.6,4099.7,86,
31.8.2026,21:53:38.868,23.250,13.6,4099.7,86,
31.8.2026,21:53:39.074,23.250,13.6,4099.7,86,
31.8.2026,21:53:39.281,23.136,40.3,4099.7,85,
31.8.2026,21:53:39.488,23.136,40.3,4099.7,85,
31.8.2026,21:53:39.695,23.136,40.3,4099.7,85,
31.8.2026,21:53:39.902,23.136,40.3,4099.7,85,
31.8.2026,21:53:40.092,23.136,40.3,4099.7,85,
31.8.2026,21:53:40.299,23.136,40.3,4099.7,85,
31.8.2026,21:53:40.506,23.136,40.3,4099.7,85,
31.8.2026,21:53:40.710,23.136,40.3,4099.7,85,
31.8.2026,21:53:40.917,23.136,40.3,4099.7,85,
31.8.2026,21:53:41.124,23.136,40.3,4099.7,85,
31.8.2026,21:53:41.330,23.136,40.3,4099.7,85,
31.8.2026,21:53:41.537,23.136,40.3,4099.7,85,
31.8.2026,21:53:41.743,23.136,40.3,4099.7,85,
31.8.2026,21:53:41.934,23.136,40.3,4099.7,85,
31.8.2026,21:53:42.141,23.136,40.3,4099.7,85,
31.8.2026,21:53:42.347,23.136,40.3,4099.7,85,
31.8.2026,21:53:42.554,23.136,40.3,4099.7,85,
31.8.2026,21:53:42.761,23.136,40.3,4099.7,85,
31.8.2026,21:53:42.967,23.136,40.3,4099.7,85,
31.8.2026,21:53:43.174,23.136,40.3,4099.7,85,
31.8.2026,21:53:43.381,23.136,40.3,4099.7,85,
31.8.2026,21:53:43.588,23.136,40.3,4099.7,85,
31.8.2026,21:53:43.794,23.136,40.3,4099.7,85,
31.8.2026,21:53:44.002,23.200,15.3,4399.7,86,
31.8.2026,21:53:44.211,23.200,15.3,4399.7,86,
31.8.2026,21:53:44.415,23.200,15.3,4399.7,86,
31.8.2026,21:53:44.606,23.200,15.3,4399.7,86,
31.8.2026,21:53:44.812,23.200,15.3,4399.7,86,
31.8.2026,21:53:45.017,23.200,15.3,4399.7,86,
31.8.2026,21:53:45.224,23.200,15.3,4399.7,86,
31.8.2026,21:53:45.432,23.200,15.3,4399.7,86,
31.8.2026,21:53:45.622,23.200,15.3,4399.7,86,
31.8.2026,21:53:45.829,23.200,15.3,4399.7,86,
31.8.2026,21:53:46.035,23.200,15.3,4399.7,86,
31.8.2026,21:53:46.243,23.200,15.3,4399.7,86,
31.8.2026,21:53:46.433,23.200,15.3,4399.7,86,
31.8.2026,21:53:46.640,23.200,15.3,4399.7,86,
31.8.2026,21:53:46.847,23.200,15.3,4399.7,86,
31.8.2026,21:53:47.054,23.200,15.3,4399.7,86,
31.8.2026,21:53:47.261,23.200,15.3,4399.7,86,
31.8.2026,21:53:47.468,23.200,15.3,4399.7,86,
31.8.2026,21:53:47.674,23.200,15.3,4399.7,86,
31.8.2026,21:53:47.882,23.200,15.3,4399.7,86,
31.8.2026,21:53:48.089,23.200,15.3,4399.7,86,
31.8.2026,21:53:48.279,23.200,15.3,4399.7,86,
31.8.2026,21:53:48.486,23.200,15.3,4399.7,86,
31.8.2026,21:53:48.693,23.237,15.5,4299.7,86,
31.8.2026,21:53:48.900,23.237,15.5,4299.7,86,
31.8.2026,21:53:49.091,23.237,15.5,4299.7,86,
31.8.2026,21:53:49.298,23.237,15.5,4299.7,86,
31.8.2026,21:53:49.505,23.237,15.5,4299.7,86,
31.8.2026,21:53:49.712,23.237,15.5,4299.7,86,
31.8.2026,21:53:49.903,23.237,15.5,4299.7,86,
31.8.2026,21:53:50.110,23.237,15.5,4299.7,86,
31.8.2026,21:53:50.316,23.237,15.5,4299.7,86,
31.8.2026,21:53:50.523,23.237,15.5,4299.7,86,
31.8.2026,21:53:50.728,23.237,15.5,4299.7,86,
31.8.2026,21:53:50.919,23.237,15.5,4299.7,86,
31.8.2026,21:53:51.125,23.237,15.5,4299.7,86,
31.8.2026,21:53:51.333,23.237,15.5,4299.7,86,
31.8.2026,21:53:51.539,23.237,15.5,4299.7,86,
31.8.2026,21:53:51.730,23.237,15.5,4299.7,86,
31.8.2026,21:53:51.936,23.237,15.5,4299.7,86,
31.8.2026,21:53:52.143,23.237,15.5,4299.7,86,
31.8.2026,21:53:52.350,23.237,15.5,4299.7,86,
31.8.2026,21:53:52.556,23.237,15.5,4299.7,86,
31.8.2026,21:53:52.746,23.237,15.5,4299.7,86,
31.8.2026,21:53:52.953,23.237,15.5,4299.7,86,
31.8.2026,21:53:53.160,23.237,15.5,4299.7,86,
31.8.2026,21:53:53.366,23.237,15.8,4399.7,85,
31.8.2026,21:53:53.573,23.126,15.8,4399.7,85,
31.8.2026,21:53:53.780,23.126,15.8,4399.7,85,
31.8.2026,21:53:53.987,23.126,15.8,4399.7,85,
31.8.2026,21:53:54.193,23.126,15.8,4399.7,85,
31.8.2026,21:53:54.400,23.126,15.8,4399.7,85,
31.8.2026,21:53:54.590,23.126,15.8,4399.7,85,
31.8.2026,21:53:54.797,23.126,15.8,4399.7,85,
31.8.2026,21:53:55.004,23.126,16.7,3599.8,63,
31.8.2026,21:53:55.211,21.787,5.0,4099.7,53,
31.8.2026,21:53:55.404,8.590,6.6,4699.7,53,
31.8.2026,21:53:55.612,8.144,7.1,4099.7,53,
31.8.2026,21:53:55.818,8.602,4.7,4099.7,53,
31.8.2026,21:53:56.026,8.296,4.9,4699.7,52,
31.8.2026,21:53:56.222,9.057,5.7,4099.7,52,
31.8.2026,21:53:56.430,8.208,2.2,4099.7,52,
31.8.2026,21:53:56.623,8.353,9.9,4099.7,51,
31.8.2026,21:53:56.831,9.014,5.3,4099.7,51,
31.8.2026,21:53:57.037,8.322,2.6,4699.7,51,
31.8.2026,21:53:57.242,8.374,3.8,4099.7,52,
31.8.2026,21:53:57.436,8.587,10.8,4099.7,52,
31.8.2026,21:53:57.641,7.950,1.9,4699.7,51,
31.8.2026,21:53:57.849,8.314,1.5,4699.7,51,
31.8.2026,21:53:58.046,8.162,1.5,4699.7,51,
31.8.2026,21:53:58.255,8.515,8.3,4099.7,51,
31.8.2026,21:53:58.461,7.874,1.9,4699.7,51,
31.8.2026,21:53:58.669,8.714,10.9,4099.7,50,
31.8.2026,21:53:58.880,8.004,1.6,4699.7,51,
31.8.2026,21:53:59.087,8.119,3.3,4099.7,51,
31.8.2026,21:53:59.279,8.316,3.3,4099.7,51,
31.8.2026,21:53:59.485,8.222,4.5,4699.7,50,
31.8.2026,21:53:59.696,8.540,3.0,4699.7,50,
31.8.2026,21:53:59.888,8.082,3.0,4699.7,50,
31.8.2026,21:54:0.097,8.186,8.3,4699.7,49,
31.8.2026,21:54:0.301,8.678,5.6,4099.7,49,
31.8.2026,21:54:0.509,7.711,5.8,4099.7,50,
31.8.2026,21:54:0.704,7.711,7.7,3999.7,49,
31.8.2026,21:54:0.917,9.083,5.3,4699.7,80,
31.8.2026,21:54:1.106,7.234,4.8,4099.7,49,
31.8.2026,21:54:1.320,9.329,10.8,4099.7,80,
31.8.2026,21:54:1.527,7.726,3.6,4099.7,84,
31.8.2026,21:54:1.733,8.264,10.0,4099.7,79,
31.8.2026,21:54:1.941,8.318,3.1,4099.7,83,
31.8.2026,21:54:2.155,8.271,4.5,1199.9,83,
31.8.2026,21:54:2.363,8.297,9.5,4099.7,83,
31.8.2026,21:54:2.574,7.821,5.3,4099.7,79,
31.8.2026,21:54:2.786,8.719,9.8,4699.7,78,
31.8.2026,21:54:2.991,8.349,2.4,4099.7,84,
31.8.2026,21:54:3.197,7.757,3.4,4099.7,83,
31.8.2026,21:54:3.407,8.259,7.8,1199.9,83,
31.8.2026,21:54:3.623,8.095,4.5,4699.7,79,
31.8.2026,21:54:3.830,6.932,6.7,4099.7,49,
31.8.2026,21:54:4.045,8.056,2.7,4099.7,48,
31.8.2026,21:54:4.255,8.540,5.6,4699.7,48,
31.8.2026,21:54:4.464,8.398,3.7,4099.7,48,
31.8.2026,21:54:4.671,7.669,7.4,4699.7,48,
31.8.2026,21:54:4.879,8.637,5.2,4099.7,48,
31.8.2026,21:54:5.087,8.129,5.0,4099.7,48,
31.8.2026,21:54:5.277,8.129,4.2,4099.7,48,
31.8.2026,21:54:5.487,7.874,8.1,4699.7,78,
31.8.2026,21:54:5.693,9.009,6.0,400.0,48,
31.8.2026,21:54:5.901,7.366,3.2,3999.7,74,
31.8.2026,21:54:6.111,9.019,10.9,4099.7,82,
31.8.2026,21:54:6.316,8.432,3.5,4099.7,75,
31.8.2026,21:54:6.512,8.184,5.5,4099.7,76,
31.8.2026,21:54:6.725,7.983,8.0,4099.7,78,
31.8.2026,21:54:6.931,7.297,1.4,4099.7,82,
31.8.2026,21:54:7.127,8.131,4.1,2399.8,80,
31.8.2026,21:54:7.332,8.199,7.6,4099.7,80,
31.8.2026,21:54:7.527,9.773,3.7,4699.7,82,
31.8.2026,21:54:7.737,9.121,10.9,4699.7,68,
31.8.2026,21:54:7.945,8.110,1.9,4099.7,77,
31.8.2026,21:54:8.137,7.937,2.0,4699.7,63,
31.8.2026,21:54:8.344,8.123,7.8,4099.7,49,
31.8.2026,21:54:8.552,8.250,3.4,4099.7,49,
31.8.2026,21:54:8.766,8.961,5.2,4099.7,50,
31.8.2026,21:54:8.971,7.815,5.6,4699.7,51,
31.8.2026,21:54:9.170,7.929,4.6,4099.7,48,
31.8.2026,21:54:9.378,8.371,3.9,4599.7,53,
31.8.2026,21:54:9.594,8.086,5.9,4099.7,50,
31.8.2026,21:54:9.799,8.129,6.6,4099.7,76,
31.8.2026,21:54:10.009,8.070,2.4,4099.7,68,
31.8.2026,21:54:10.201,8.439,9.6,4099.7,59,
31.8.2026,21:54:10.414,8.296,3.2,4699.7,49,
31.8.2026,21:54:10.619,8.189,4.8,4699.7,50,
31.8.2026,21:54:10.810,9.356,10.1,4099.7,53,
31.8.2026,21:54:11.020,8.074,3.1,4099.7,46,
31.8.2026,21:54:11.225,8.264,5.1,4099.7,47,
31.8.2026,21:54:11.424,8.449,4.6,4699.7,49,
31.8.2026,21:54:11.630,7.950,5.7,4099.7,47,
31.8.2026,21:54:11.840,8.065,4.4,4099.7,47,
31.8.2026,21:54:12.060,8.354,7.2,4699.7,47,
31.8.2026,21:54:12.265,8.158,8.7,4099.7,48,
31.8.2026,21:54:12.479,8.533,2.5,4699.7,47,
31.8.2026,21:54:12.674,8.054,2.9,4099.7,46,
31.8.2026,21:54:12.879,8.909,5.1,4099.7,47,
31.8.2026,21:54:13.074,8.521,6.0,500.0,47,
31.8.2026,21:54:13.280,8.133,7.2,4099.7,47,
31.8.2026,21:54:13.492,8.047,4.9,4099.7,46,
31.8.2026,21:54:13.697,8.340,3.5,4699.7,46,
31.8.2026,21:54:13.893,8.274,10.2,4099.7,46,
31.8.2026,21:54:14.098,8.083,2.4,4099.7,46,
31.8.2026,21:54:14.305,8.154,2.4,4699.7,45,
31.8.2026,21:54:14.498,8.434,10.9,4099.7,45,
31.8.2026,21:54:14.704,8.850,3.6,4099.7,46,
31.8.2026,21:54:14.910,8.346,4.5,4699.7,45,
31.8.2026,21:54:15.117,8.057,3.6,4699.7,45,
31.8.2026,21:54:15.308,7.726,5.2,4699.7,45,
31.8.2026,21:54:15.516,8.240,10.5,4099.7,45,
31.8.2026,21:54:15.724,7.971,2.4,4699.7,45,
31.8.2026,21:54:15.937,8.438,5.8,4099.7,45,
31.8.2026,21:54:16.143,8.101,5.7,4099.7,45,
31.8.2026,21:54:16.349,7.480,4.9,4099.7,45,
31.8.2026,21:54:16.561,8.445,3.9,4099.7,45,
31.8.2026,21:54:16.766,8.640,8.6,4699.7,45,
31.8.2026,21:54:16.975,8.200,2.6,4699.7,45,
31.8.2026,21:54:17.182,7.587,5.3,4099.7,45,
31.8.2026,21:54:17.389,8.081,6.8,4699.7,44,
31.8.2026,21:54:17.596,8.498,4.7,4699.7,44,
31.8.2026,21:54:17.803,7.865,3.0,4699.7,45,
31.8.2026,21:54:17.999,7.865,6.6,4699.7,44,
31.8.2026,21:54:18.213,8.194,3.3,4099.7,44,
31.8.2026,21:54:18.403,7.946,9.7,4099.7,45,
31.8.2026,21:54:18.610,7.702,3.4,4099.7,45,
31.8.2026,21:54:18.827,8.599,4.0,4099.7,45,
31.8.2026,21:54:19.031,8.777,8.5,4099.7,44,
31.8.2026,21:54:19.245,8.326,2.0,4699.7,45,
31.8.2026,21:54:19.436,7.598,10.1,4099.7,44,
31.8.2026,21:54:19.653,8.385,3.0,4099.7,45,
31.8.2026,21:54:19.860,8.118,6.0,4099.7,44,
31.8.2026,21:54:20.067,7.840,4.5,4099.7,44,
31.8.2026,21:54:20.266,9.551,8.5,4099.7,44,
31.8.2026,21:54:20.473,9.899,2.9,4699.7,45,
31.8.2026,21:54:20.681,8.210,5.4,4099.7,44,
31.8.2026,21:54:20.872,7.842,8.0,4699.7,45,
31.8.2026,21:54:21.080,8.976,5.1,4099.7,44,
31.8.2026,21:54:21.286,8.175,3.6,400.0,44,
31.8.2026,21:54:21.481,8.344,8.0,4699.7,44,
31.8.2026,21:54:21.694,8.347,2.0,4699.7,43,
31.8.2026,21:54:21.900,7.783,6.3,4099.7,43,
31.8.2026,21:54:22.095,8.335,5.9,4699.7,44,
31.8.2026,21:54:22.301,8.289,3.7,4699.7,43,
31.8.2026,21:54:22.509,8.266,2.8,4699.7,43,
31.8.2026,21:54:22.702,8.498,2.8,4699.7,43,
31.8.2026,21:54:22.907,9.074,9.2,4699.7,44,
31.8.2026,21:54:23.117,8.132,4.3,4099.7,44,
31.8.2026,21:54:23.322,7.945,1.9,4699.7,44,
31.8.2026,21:54:23.517,8.057,5.8,4099.7,43,
31.8.2026,21:54:23.722,9.357,7.8,4099.7,77,
31.8.2026,21:54:23.929,7.722,3.4,4099.7,76,
31.8.2026,21:54:24.122,7.973,5.2,4099.7,69,
31.8.2026,21:54:24.328,9.345,10.8,4099.7,73,
31.8.2026,21:54:24.536,8.111,2.9,4099.7,65,
31.8.2026,21:54:24.732,8.218,3.5,4699.7,63,
31.8.2026,21:54:24.940,8.475,7.0,4699.7,47,
31.8.2026,21:54:25.150,8.310,5.0,4699.7,47,
31.8.2026,21:54:25.340,7.778,2.7,4099.7,49,
31.8.2026,21:54:25.550,8.282,7.0,4099.7,45,
31.8.2026,21:54:25.758,8.225,4.1,4699.7,45,
31.8.2026,21:54:25.951,8.090,3.6,4699.7,46,
31.8.2026,21:54:26.159,8.315,6.5,4699.7,43,
31.8.2026,21:54:26.368,8.244,3.4,4699.7,43,
31.8.2026,21:54:26.558,8.017,3.4,4699.7,44,
31.8.2026,21:54:26.764,8.280,6.1,4699.7,44,
31.8.2026,21:54:26.977,8.228,5.2,4699.7,44,
31.8.2026,21:54:27.168,8.228,8.5,4099.7,43,
31.8.2026,21:54:27.376,7.959,2.1,4699.7,43,
31.8.2026,21:54:27.583,8.153,4.8,4699.7,43,
31.8.2026,21:54:27.782,7.830,6.2,4099.7,43,
31.8.2026,21:54:27.995,7.943,2.8,4099.7,44,
31.8.2026,21:54:28.184,8.034,6.6,4699.7,43,
31.8.2026,21:54:28.392,8.103,4.7,4699.7,44,
31.8.2026,21:54:28.600,8.308,4.0,4099.7,43,
31.8.2026,21:54:28.807,8.145,5.0,4699.7,43,
31.8.2026,21:54:29.019,8.651,7.5,4099.7,43,
31.8.2026,21:54:29.228,7.488,3.1,4699.7,43,
31.8.2026,21:54:29.420,8.364,7.5,4099.7,44,
31.8.2026,21:54:29.629,7.826,4.7,4099.7,44,
31.8.2026,21:54:29.833,8.567,3.7,4099.7,43,
31.8.2026,21:54:30.029,7.710,6.2,4099.7,44,
31.8.2026,21:54:30.235,8.244,5.7,4099.7,44,
31.8.2026,21:54:30.447,8.092,0.7,4099.7,44,
31.8.2026,21:54:30.636,7.845,10.7,4699.7,44,
31.8.2026,21:54:30.842,8.098,2.9,4699.7,43,
31.8.2026,21:54:31.049,8.935,5.7,4699.7,44,
31.8.2026,21:54:31.257,8.260,6.0,4099.7,44,
31.8.2026,21:54:31.450,8.175,6.0,4099.7,44,
31.8.2026,21:54:31.658,7.841,5.5,4699.7,43,
31.8.2026,21:54:31.868,8.214,4.3,4099.7,43,
31.8.2026,21:54:32.074,7.860,3.4,4099.7,42,
31.8.2026,21:54:32.282,7.812,8.8,4099.7,44,
31.8.2026,21:54:32.493,8.108,2.8,4099.7,43,
31.8.2026,21:54:32.686,8.154,1.7,4099.7,44,
31.8.2026,21:54:32.893,9.092,10.3,4699.7,76,
31.8.2026,21:54:33.103,8.691,4.6,4099.7,72,
31.8.2026,21:54:33.298,8.029,3.9,4099.7,70,
31.8.2026,21:54:33.505,8.183,7.0,4099.7,74,
31.8.2026,21:54:33.713,7.934,3.6,4099.7,75,
31.8.2026,21:54:33.922,7.691,9.0,4099.7,76,
31.8.2026,21:54:34.130,7.661,4.3,4099.7,77,
31.8.2026,21:54:34.337,8.037,2.5,4099.7,75,
31.8.2026,21:54:34.535,7.876,3.0,4699.7,74,
31.8.2026,21:54:34.740,9.038,6.3,500.0,61,
31.8.2026,21:54:34.950,10.173,7.8,4099.7,55,
31.8.2026,21:54:35.161,10.304,9.8,4099.7,74,
31.8.2026,21:54:35.368,9.253,2.6,500.0,64,
31.8.2026,21:54:35.559,9.386,2.9,4699.7,68,
31.8.2026,21:54:35.767,10.230,11.3,4099.7,44,
31.8.2026,21:54:35.974,10.093,2.8,4699.7,51,
31.8.2026,21:54:36.185,9.588,6.6,4099.7,49,
31.8.2026,21:54:36.390,10.217,8.3,4699.7,48,
31.8.2026,21:54:36.602,7.751,3.8,4099.7,45,
31.8.2026,21:54:36.794,7.862,2.6,4699.7,47,
31.8.2026,21:54:37.002,8.515,7.5,4099.7,44,
31.8.2026,21:54:37.209,8.130,4.6,4099.7,44,
31.8.2026,21:54:37.415,7.865,3.1,4699.7,45,
31.8.2026,21:54:37.607,8.046,10.9,4099.7,46,
31.8.2026,21:54:37.814,7.885,2.1,4699.7,43,
31.8.2026,21:54:38.021,7.749,2.6,4699.7,44,
31.8.2026,21:54:38.228,7.844,4.4,4099.7,45,
31.8.2026,21:54:38.420,7.844,6.6,4699.7,43,
31.8.2026,21:54:38.631,7.893,3.2,4099.7,43,
31.8.2026,21:54:38.835,8.292,4.0,4699.7,42,
31.8.2026,21:54:39.027,7.730,4.2,4699.7,43,
31.8.2026,21:54:39.237,8.800,7.4,4699.7,43,
31.8.2026,21:54:39.443,7.879,7.2,4699.7,43,
31.8.2026,21:54:39.650,8.420,3.4,4099.7,43,
31.8.2026,21:54:39.860,7.839,5.9,4699.7,42,
31.8.2026,21:54:40.065,7.987,3.7,4699.7,43,
31.8.2026,21:54:40.272,8.191,5.3,4099.7,43,
31.8.2026,21:54:40.481,8.099,4.5,4699.7,44,
31.8.2026,21:54:40.686,8.258,9.0,4699.7,43,
31.8.2026,21:54:40.894,8.498,5.2,4099.7,42,
31.8.2026,21:54:41.102,8.192,4.0,4699.7,42,
31.8.2026,21:54:41.298,9.046,5.0,4699.7,43,
31.8.2026,21:54:41.504,7.831,9.0,4699.7,42,
31.8.2026,21:54:41.715,8.219,3.0,4099.7,43,
31.8.2026,21:54:41.905,8.049,8.2,4699.7,42,
31.8.2026,21:54:42.115,8.692,3.0,4099.7,44,
31.8.2026,21:54:42.322,8.046,4.6,4699.7,43,
31.8.2026,21:54:42.517,7.948,5.7,4699.7,43,
31.8.2026,21:54:42.715,8.069,7.3,4099.7,43,
31.8.2026,21:54:42.928,7.940,2.5,4699.7,43,
31.8.2026,21:54:43.125,8.630,6.3,4099.7,42,
31.8.2026,21:54:43.335,7.951,2.3,4699.7,42,
31.8.2026,21:54:43.540,8.169,5.5,4699.7,43,
31.8.2026,21:54:43.731,8.397,5.5,4699.7,43,
31.8.2026,21:54:43.939,7.811,5.9,4699.7,42,
31.8.2026,21:54:44.148,8.168,7.5,4099.7,43,
31.8.2026,21:54:44.340,7.891,3.1,4699.7,43,
31.8.2026,21:54:44.550,8.960,11.3,4099.7,75,
31.8.2026,21:54:44.758,8.153,1.8,4099.7,76,
31.8.2026,21:54:44.948,7.964,3.2,4099.7,71,
31.8.2026,21:54:45.157,9.648,12.5,4099.7,72,
31.8.2026,21:54:45.366,8.075,3.3,4099.7,75,
31.8.2026,21:54:45.559,8.008,3.3,500.0,65,
31.8.2026,21:54:45.766,8.720,7.7,4699.7,45,
31.8.2026,21:54:45.975,8.186,6.3,4099.7,50,
31.8.2026,21:54:46.187,8.152,1.2,4699.7,46,
31.8.2026,21:54:46.400,8.074,9.5,3699.8,47,
31.8.2026,21:54:46.597,8.225,2.9,4699.7,50,
31.8.2026,21:54:46.804,8.147,5.6,4699.7,46,
31.8.2026,21:54:46.998,8.726,4.2,4699.7,46,
31.8.2026,21:54:47.205,8.101,8.3,4099.7,42,
31.8.2026,21:54:47.416,8.368,2.9,4099.7,43,
31.8.2026,21:54:47.603,7.778,3.0,4699.7,43,
31.8.2026,21:54:47.817,8.134,10.7,4099.7,43,
31.8.2026,21:54:48.022,8.181,2.8,4699.7,44,
31.8.2026,21:54:48.228,10.900,9.4,4699.7,45,
31.8.2026,21:54:48.421,7.830,4.7,4699.7,42,
31.8.2026,21:54:48.628,7.830,5.1,4699.7,44,
31.8.2026,21:54:48.839,8.266,5.1,4099.7,42,
31.8.2026,21:54:49.038,7.900,5.9,4099.7,43,
31.8.2026,21:54:49.231,8.228,12.7,4099.7,43,
31.8.2026,21:54:49.438,8.070,2.0,4099.7,44,
31.8.2026,21:54:49.644,8.210,5.8,4699.7,43,
31.8.2026,21:54:49.853,8.444,2.0,4099.7,42,
31.8.2026,21:54:50.045,7.982,9.0,4099.7,43,
31.8.2026,21:54:50.254,7.716,2.9,4099.7,43,
31.8.2026,21:54:50.461,8.415,4.2,4699.7,42,
31.8.2026,21:54:50.656,8.204,8.0,4099.7,42,
31.8.2026,21:54:50.867,8.133,1.9,4699.7,42,
31.8.2026,21:54:51.065,7.713,7.3,4699.7,42,
31.8.2026,21:54:51.273,8.433,1.3,4699.7,42,
31.8.2026,21:54:51.482,8.050,8.5,4699.7,43,
31.8.2026,21:54:51.690,8.048,3.9,1799.9,42,
31.8.2026,21:54:51.899,7.651,6.2,4699.7,42,
31.8.2026,21:54:52.105,7.852,5.2,4699.7,42,
31.8.2026,21:54:52.312,8.130,4.5,4699.7,43,
31.8.2026,21:54:52.521,7.815,4.0,4699.7,42,
31.8.2026,21:54:52.717,7.798,8.9,4699.7,42,
31.8.2026,21:54:52.930,7.891,2.0,4099.7,41,
31.8.2026,21:54:53.120,7.768,7.8,4699.7,42,
31.8.2026,21:54:53.326,8.735,2.3,4699.7,42,
31.8.2026,21:54:53.536,8.119,4.8,4099.7,42,
31.8.2026,21:54:53.741,8.062,3.1,4099.7,42,
31.8.2026,21:54:53.937,7.927,3.1,4099.7,42,
31.8.2026,21:54:54.143,7.832,10.7,4099.7,43,
31.8.2026,21:54:54.350,8.316,2.4,4099.7,42,
31.8.2026,21:54:54.558,7.626,8.3,4099.7,42,
31.8.2026,21:54:54.765,8.233,8.1,4099.7,42,
31.8.2026,21:54:54.976,8.079,2.8,4099.7,43,
31.8.2026,21:54:55.178,8.079,2.8,4099.7,43,
31.8.2026,21:54:55.384,8.079,2.8,4099.7,43,
31.8.2026,21:54:55.589,8.079,2.8,4099.7,43,
31.8.2026,21:54:55.780,8.079,2.8,4099.7,43,
31.8.2026,21:54:55.988,8.079,2.8,4099.7,43,
31.8.2026,21:54:56.193,8.079,2.8,4099.7,43,
31.8.2026,21:54:56.402,8.079,2.8,4099.7,43,
31.8.2026,21:54:56.591,8.079,2.8,4099.7,43,
31.8.2026,21:54:56.796,8.079,2.8,4099.7,43,
31.8.2026,21:54:57.001,8.079,2.8,4099.7,43,
31.8.2026,21:54:57.208,8.079,2.8,4099.7,43,
31.8.2026,21:54:57.414,8.079,2.8,4099.7,43,
31.8.2026,21:54:57.620,8.079,2.8,4099.7,43,
31.8.2026,21:54:57.828,8.079,2.8,4099.7,43,
31.8.2026,21:54:58.032,8.079,2.8,4099.7,43,
31.8.2026,21:54:58.237,8.079,2.8,4099.7,43,
31.8.2026,21:54:58.444,8.079,2.8,4099.7,43,
31.8.2026,21:54:58.649,8.079,2.8,4099.7,43,
31.8.2026,21:54:58.840,8.079,2.8,4099.7,43,
31.8.2026,21:54:59.044,8.079,2.8,4099.7,43,
31.8.2026,21:54:59.249,8.079,2.8,4099.7,43,
31.8.2026,21:54:59.456,8.079,2.8,4099.7,43,
31.8.2026,21:54:59.664,8.079,2.8,4099.7,43,
31.8.2026,21:54:59.867,8.079,2.8,4099.7,43,
31.8.2026,21:55:0.072,8.079,2.8,4099.7,43,
31.8.2026,21:55:0.279,8.079,2.8,4099.7,43,
31.8.2026,21:55:0.483,8.079,2.8,4099.7,43,
31.8.2026,21:55:0.689,8.079,2.8,4099.7,43,
31.8.2026,21:55:0.895,8.079,2.8,4099.7,43,
31.8.2026,21:55:1.101,8.079,2.8,4099.7,43,
31.8.2026,21:55:1.308,8.079,2.8,4099.7,43,
31.8.2026,21:55:1.513,8.079,2.8,4099.7,43,
31.8.2026,21:55:1.720,8.079,2.8,4099.7,43,
31.8.2026,21:55:1.925,8.079,2.8,4099.7,43,
31.8.2026,21:55:2.133,8.079,2.8,4099.7,43,
31.8.2026,21:55:2.327,8.079,2.8,4099.7,43,
31.8.2026,21:55:2.529,8.079,2.8,4099.7,43,
31.8.2026,21:55:2.734,8.079,2.8,4099.7,43,
31.8.2026,21:55:2.942,8.079,2.8,4099.7,43,
31.8.2026,21:55:3.146,8.079,2.8,4099.7,43,
31.8.2026,21:55:3.362,8.079,2.8,4099.7,43,
31.8.2026,21:55:3.543,8.079,2.8,4099.7,43,
31.8.2026,21:55:3.749,8.079,2.8,4099.7,43,
31.8.2026,21:55:3.955,8.079,2.8,4099.7,43,
31.8.2026,21:55:4.162,8.079,2.8,4099.7,43,
31.8.2026,21:55:4.367,8.079,2.8,4099.7,43,
31.8.2026,21:55:4.575,8.079,2.8,4099.7,43,
31.8.2026,21:55:4.779,8.079,2.8,4099.7,43,
31.8.2026,21:55:4.987,23.918,15.3,4499.7,85,
31.8.2026,21:55:5.190,23.918,15.3,4499.7,85,
31.8.2026,21:55:5.399,23.918,15.3,4499.7,85,
31.8.2026,21:55:5.602,23.918,15.3,4499.7,85,
31.8.2026,21:55:5.794,23.918,15.3,4499.7,85,
31.8.2026,21:55:5.998,23.918,15.3,4499.7,85,
31.8.2026,21:55:6.206,23.918,15.3,4499.7,85,
31.8.2026,21:55:6.411,23.918,15.3,4499.7,85,
31.8.2026,21:55:6.615,23.918,15.3,4499.7,85,
31.8.2026,21:55:6.821,23.918,15.3,4499.7,85,
31.8.2026,21:55:7.012,23.918,15.3,4499.7,85,
31.8.2026,21:55:7.217,23.918,15.3,4499.7,85,
31.8.2026,21:55:7.423,23.918,15.3,4499.7,85,
31.8.2026,21:55:7.629,23.918,15.3,4499.7,85,
31.8.2026,21:55:7.835,23.918,15.3,4499.7,85,
31.8.2026,21:55:8.042,23.918,15.3,4499.7,85,
31.8.2026,21:55:8.248,23.918,15.3,4499.7,85,
31.8.2026,21:55:8.455,23.918,15.3,4499.7,85,
31.8.2026,21:55:8.660,23.918,15.3,4499.7,85,
31.8.2026,21:55:8.866,23.918,15.3,4499.7,85,
31.8.2026,21:55:9.071,23.918,15.3,4499.7,85,
31.8.2026,21:55:9.261,23.918,15.3,4499.7,85,
31.8.2026,21:55:9.467,23.918,15.3,4499.7,85,
31.8.2026,21:55:9.673,23.918,15.3,4499.7,85,
31.8.2026,21:55:9.878,23.918,15.6,4399.7,83,
31.8.2026,21:55:10.085,23.938,15.6,4399.7,83,
31.8.2026,21:55:10.290,23.938,15.6,4399.7,83,
31.8.2026,21:55:10.480,23.938,15.6,4399.7,83,
31.8.2026,21:55:10.685,23.938,15.6,4399.7,83,
31.8.2026,21:55:10.892,23.938,15.6,4399.7,83,
31.8.2026,21:55:11.097,23.938,15.6,4399.7,83,
31.8.2026,21:55:11.304,23.938,15.6,4399.7,83,
31.8.2026,21:55:11.509,23.938,15.6,4399.7,83,
31.8.2026,21:55:11.700,23.938,15.6,4399.7,83,
31.8.2026,21:55:11.906,23.938,15.6,4399.7,83,
31.8.2026,21:55:12.112,23.938,15.6,4399.7,83,
31.8.2026,21:55:12.318,23.938,15.6,4399.7,83,
31.8.2026,21:55:12.525,23.938,15.6,4399.7,83,
31.8.2026,21:55:12.718,23.938,15.6,4399.7,83,
31.8.2026,21:55:12.923,23.938,15.6,4399.7,83,
31.8.2026,21:55:13.127,23.938,15.6,4399.7,83,
31.8.2026,21:55:13.333,23.938,15.6,4399.7,83,
31.8.2026,21:55:13.539,23.938,15.6,4399.7,83,
31.8.2026,21:55:13.730,23.938,15.6,4399.7,83,
31.8.2026,21:55:13.937,23.938,15.6,4399.7,83,
31.8.2026,21:55:14.142,23.938,15.6,4399.7,83,
31.8.2026,21:55:14.348,23.938,15.6,4399.7,83,
31.8.2026,21:55:14.554,23.938,15.6,4399.7,83,
31.8.2026,21:55:14.744,23.938,15.8,4399.7,83,
31.8.2026,21:55:14.951,23.693,15.8,4399.7,83,
31.8.2026,21:55:15.156,23.693,15.8,4399.7,83,
31.8.2026,21:55:15.362,23.693,15.8,4399.7,83,
31.8.2026,21:55:15.568,23.693,15.8,4399.7,83,
31.8.2026,21:55:15.774,23.693,15.8,4399.7,83,
31.8.2026,21:55:15.965,23.693,15.8,4399.7,83,
31.8.2026,21:55:16.170,23.693,15.8,4399.7,83,
31.8.2026,21:55:16.385,23.693,15.8,4399.7,83,
31.8.2026,21:55:16.583,23.693,15.8,4399.7,83,
31.8.2026,21:55:16.790,23.693,15.8,4399.7,83,
31.8.2026,21:55:16.979,23.693,15.8,4399.7,83,
31.8.2026,21:55:17.187,23.693,15.8,4399.7,83,
31.8.2026,21:55:17.391,23.693,15.8,4399.7,83,
31.8.2026,21:55:17.599,23.693,15.8,4399.7,83,
31.8.2026,21:55:17.802,23.693,15.8,4399.7,83,
31.8.2026,21:55:18.007,23.693,15.8,4399.7,83,
31.8.2026,21:55:18.213,23.693,15.8,4399.7,83,
31.8.2026,21:55:18.419,23.693,15.8,4399.7,83,
31.8.2026,21:55:18.626,23.693,15.8,4399.7,83,
31.8.2026,21:55:18.832,23.693,15.8,4399.7,83,
31.8.2026,21:55:19.039,23.693,15.8,4399.7,83,
31.8.2026,21:55:19.229,23.693,15.8,4399.7,83,
31.8.2026,21:55:19.438,23.693,16.0,4399.7,83,
31.8.2026,21:55:19.641,23.433,16.0,4399.7,83,
31.8.2026,21:55:19.847,23.433,16.0,4399.7,83,
31.8.2026,21:55:20.056,23.433,16.0,4399.7,83,
31.8.2026,21:55:20.260,23.433,16.0,4399.7,83,
31.8.2026,21:55:20.467,23.433,16.0,4399.7,83,
31.8.2026,21:55:20.672,23.433,16.0,4399.7,83,
31.8.2026,21:55:20.879,23.433,16.0,4399.7,83,
31.8.2026,21:55:21.083,23.433,16.0,4399.7,83,
31.8.2026,21:55:21.291,23.433,16.0,4399.7,83,
31.8.2026,21:55:21.495,23.433,16.0,4399.7,83,
31.8.2026,21:55:21.700,23.433,16.0,4399.7,83,
31.8.2026,21:55:21.906,23.433,16.0,4399.7,83,
31.8.2026,21:55:22.115,23.433,16.0,4399.7,83,
31.8.2026,21:55:22.318,23.433,16.0,4399.7,83,
31.8.2026,21:55:22.527,23.433,16.0,4399.7,83,
31.8.2026,21:55:22.715,23.433,16.0,4399.7,83,
31.8.2026,21:55:22.922,23.433,16.0,4399.7,83,
31.8.2026,21:55:23.127,23.433,16.0,4399.7,83,
31.8.2026,21:55:23.334,23.433,16.0,4399.7,83,
31.8.2026,21:55:23.540,23.433,16.0,4399.7,83,
31.8.2026,21:55:23.729,23.433,16.0,4399.7,83,
31.8.2026,21:55:23.935,23.433,16.0,4399.7,83,
31.8.2026,21:55:24.141,23.433,16.0,4399.7,83,
31.8.2026,21:55:24.348,23.419,15.6,4299.7,85,
31.8.2026,21:55:24.554,23.419,15.6,4299.7,85,
31.8.2026,21:55:24.760,23.419,15.6,4299.7,85,
31.8.2026,21:55:24.965,23.419,15.6,4299.7,85,
31.8.2026,21:55:25.171,23.419,15.6,4299.7,85,
31.8.2026,21:55:25.377,23.419,15.6,4299.7,85,
31.8.2026,21:55:25.583,23.419,15.6,4299.7,85,
31.8.2026,21:55:25.789,23.419,15.6,4299.7,85,
31.8.2026,21:55:25.982,23.419,15.6,4299.7,85,
31.8.2026,21:55:26.184,23.419,15.6,4299.7,85,
31.8.2026,21:55:26.392,23.419,15.6,4299.7,85,
31.8.2026,21:55:26.599,23.419,15.6,4299.7,85,
31.8.2026,21:55:26.804,23.419,15.6,4299.7,85,
31.8.2026,21:55:27.009,23.419,15.6,4299.7,85,
31.8.2026,21:55:27.199,23.419,15.6,4299.7,85,
31.8.2026,21:55:27.405,23.419,15.6,4299.7,85,
31.8.2026,21:55:27.612,23.419,15.6,4299.7,85,
31.8.2026,21:55:27.818,23.419,15.6,4299.7,85,
31.8.2026,21:55:28.025,23.419,15.6,4299.7,85,
31.8.2026,21:55:28.217,23.419,15.6,4299.7,85,
31.8.2026,21:55:28.420,23.419,15.6,4299.7,85,
31.8.2026,21:55:28.626,23.419,15.6,4299.7,85,
31.8.2026,21:55:28.832,24.526,15.6,4299.7,85,
31.8.2026,21:55:29.038,24.526,15.6,4299.7,85,
31.8.2026,21:55:29.244,24.526,15.6,4299.7,85,
31.8.2026,21:55:29.433,24.526,15.6,4299.7,85,
31.8.2026,21:55:29.640,24.526,15.6,4299.7,85,
31.8.2026,21:55:29.845,24.526,15.6,4299.7,85,
31.8.2026,21:55:30.052,24.526,15.6,4299.7,85,
31.8.2026,21:55:30.257,24.526,15.6,4299.7,85,
31.8.2026,21:55:30.464,24.526,15.6,4299.7,85,
31.8.2026,21:55:30.670,24.526,15.6,4299.7,85,
31.8.2026,21:55:30.876,24.526,15.6,4299.7,85,
31.8.2026,21:55:31.082,24.526,15.6,4299.7,85,
31.8.2026,21:55:31.288,24.526,15.6,4299.7,85,
31.8.2026,21:55:31.493,24.526,15.6,4299.7,85,
31.8.2026,21:55:31.683,24.526,15.6,4299.7,85,
31.8.2026,21:55:31.889,24.526,15.6,4299.7,85,
31.8.2026,21:55:32.094,24.526,15.6,4299.7,85,
31.8.2026,21:55:32.302,24.526,15.6,4299.7,85,
31.8.2026,21:55:32.510,24.526,15.6,4299.7,85,
31.8.2026,21:55:32.698,24.526,15.6,4299.7,85,
31.8.2026,21:55:32.905,24.526,15.6,4299.7,85,
31.8.2026,21:55:33.110,24.526,15.6,4299.7,85,
31.8.2026,21:55:33.318,24.526,15.6,4299.7,85,
31.8.2026,21:55:33.527,24.526,15.6,4299.7,85,
31.8.2026,21:55:33.715,24.526,15.6,4299.7,85,
31.8.2026,21:55:33.922,24.526,14.1,4099.7,82,
31.8.2026,21:55:34.130,24.526,14.1,4099.7,82,
31.8.2026,21:55:34.333,24.526,14.1,4099.7,82,
31.8.2026,21:55:34.538,24.526,14.1,4099.7,82,
31.8.2026,21:55:34.745,24.526,14.1,4099.7,82,
31.8.2026,21:55:34.934,24.526,14.1,4099.7,82,
31.8.2026,21:55:35.140,24.526,14.1,4099.7,82,
31.8.2026,21:55:35.346,24.526,14.1,4099.7,82,
31.8.2026,21:55:35.551,24.526,14.1,4099.7,82,
31.8.2026,21:55:35.758,24.526,14.1,4099.7,82,
31.8.2026,21:55:35.948,24.526,14.1,4099.7,82,
31.8.2026,21:55:36.154,24.526,14.1,4099.7,82,
31.8.2026,21:55:36.360,24.526,14.1,4099.7,82,
31.8.2026,21:55:36.564,24.526,14.1,4099.7,82,
31.8.2026,21:55:36.772,24.526,14.1,4099.7,82,
31.8.2026,21:55:36.976,24.526,14.1,4099.7,82,
31.8.2026,21:55:37.186,24.526,14.1,4099.7,82,
31.8.2026,21:55:37.388,24.526,14.1,4099.7,82,
31.8.2026,21:55:37.593,24.526,14.1,4099.7,82,
31.8.2026,21:55:37.800,24.526,14.1,4099.7,82,
31.8.2026,21:55:38.005,24.526,14.1,4099.7,82,
31.8.2026,21:55:38.212,24.526,14.1,4099.7,82,
31.8.2026,21:55:38.416,24.526,14.1,4099.7,82,
31.8.2026,21:55:38.624,23.392,40.4,4299.7,86,
31.8.2026,21:55:38.828,23.392,40.4,4299.7,86,
31.8.2026,21:55:39.036,23.392,40.4,4299.7,86,
31.8.2026,21:55:39.239,23.392,40.4,4299.7,86,
31.8.2026,21:55:39.445,23.392,40.4,4299.7,86,
31.8.2026,21:55:39.651,23.392,40.4,4299.7,86,
31.8.2026,21:55:39.840,23.392,40.4,4299.7,86,
31.8.2026,21:55:40.046,23.392,40.4,4299.7,86,
31.8.2026,21:55:40.251,23.392,40.4,4299.7,86,
31.8.2026,21:55:40.458,23.392,40.4,4299.7,86,
31.8.2026,21:55:40.664,23.392,40.4,4299.7,86,
31.8.2026,21:55:40.855,23.392,40.4,4299.7,86,
31.8.2026,21:55:41.063,23.392,40.4,4299.7,86,
31.8.2026,21:55:41.280,23.392,40.4,4299.7,86,
31.8.2026,21:55:41.472,23.392,40.4,4299.7,86,
31.8.2026,21:55:41.681,23.392,40.4,4299.7,86,
31.8.2026,21:55:41.884,23.392,40.4,4299.7,86,
31.8.2026,21:55:42.074,23.392,40.4,4299.7,86,
31.8.2026,21:55:42.282,23.392,40.4,4299.7,86,
31.8.2026,21:55:42.485,23.392,40.4,4299.7,86,
31.8.2026,21:55:42.691,23.392,40.4,4299.7,86,
31.8.2026,21:55:42.898,23.392,40.4,4299.7,86,
31.8.2026,21:55:43.105,23.392,40.4,4299.7,86,
31.8.2026,21:55:43.311,23.392,40.4,4299.7,86,
31.8.2026,21:55:43.517,23.392,40.4,4299.7,86,
31.8.2026,21:55:43.725,23.372,16.1,4299.7,85,
31.8.2026,21:55:43.930,23.372,16.1,4299.7,85,
31.8.2026,21:55:44.121,23.372,16.1,4299.7,85,
31.8.2026,21:55:44.327,23.372,16.1,4299.7,85,
31.8.2026,21:55:44.534,23.372,16.1,4299.7,85,
31.8.2026,21:55:44.740,23.372,16.1,4299.7,85,
31.8.2026,21:55:44.946,23.372,16.1,4299.7,85,
31.8.2026,21:55:45.139,23.372,16.1,4299.7,85,
31.8.2026,21:55:45.343,23.372,16.1,4299.7,85,
31.8.2026,21:55:45.552,23.372,16.1,4299.7,85,
31.8.2026,21:55:45.754,23.372,16.1,4299.7,85,
31.8.2026,21:55:45.960,23.372,16.1,4299.7,85,
31.8.2026,21:55:46.166,23.372,16.1,4299.7,85,
31.8.2026,21:55:46.372,23.372,16.1,4299.7,85,
31.8.2026,21:55:46.578,23.372,16.1,4299.7,85,
31.8.2026,21:55:46.784,23.372,16.1,4299.7,85,
31.8.2026,21:55:46.991,23.372,16.1,4299.7,85,
31.8.2026,21:55:47.195,23.372,16.1,4299.7,85,
31.8.2026,21:55:47.404,23.372,16.1,4299.7,85,
31.8.2026,21:55:47.607,23.372,16.1,4299.7,85,
31.8.2026,21:55:47.813,23.372,16.1,4299.7,85,
31.8.2026,21:55:48.020,23.372,16.1,4299.7,85,
31.8.2026,21:55:48.225,23.372,16.1,4299.7,85,
31.8.2026,21:55:48.432,23.372,16.1,4299.7,85,
31.8.2026,21:55:48.640,23.372,15.7,4399.7,85,
31.8.2026,21:55:48.843,23.239,15.7,4399.7,85,
31.8.2026,21:55:49.052,23.239,15.7,4399.7,85,
31.8.2026,21:55:49.256,23.672,15.7,4399.7,85,
31.8.2026,21:55:49.464,23.672,15.7,4399.7,85,
31.8.2026,21:55:49.651,23.672,15.7,4399.7,85,
31.8.2026,21:55:49.857,23.672,15.7,4399.7,85,
31.8.2026,21:55:50.063,23.672,15.7,4399.7,85,
31.8.2026,21:55:50.267,23.672,15.7,4399.7,85,
31.8.2026,21:55:50.475,23.672,15.7,4399.7,85,
31.8.2026,21:55:50.678,23.672,15.7,4399.7,85,
31.8.2026,21:55:50.886,23.672,15.7,4399.7,85,
31.8.2026,21:55:51.074,23.672,15.7,4399.7,85,
31.8.2026,21:55:51.279,23.672,15.7,4399.7,85,
31.8.2026,21:55:51.484,23.672,15.7,4399.7,85,
31.8.2026,21:55:51.691,23.672,15.7,4399.7,85,
31.8.2026,21:55:51.897,23.672,15.7,4399.7,85,
31.8.2026,21:55:52.102,23.672,15.7,4399.7,85,
31.8.2026,21:55:52.303,23.672,15.7,4399.7,85,
31.8.2026,21:55:52.501,23.672,15.7,4399.7,85,
31.8.2026,21:55:52.705,23.672,15.7,4399.7,85,
31.8.2026,21:55:52.913,23.672,15.7,4399.7,85,
31.8.2026,21:55:53.118,23.672,15.7,4399.7,85,
31.8.2026,21:55:53.309,23.672,15.7,4399.7,85,
31.8.2026,21:55:53.514,23.672,15.7,4399.7,85,
31.8.2026,21:55:53.721,23.672,15.7,4399.7,85,
31.8.2026,21:55:53.926,23.672,15.7,4399.7,85,
31.8.2026,21:55:54.133,23.672,15.7,4399.7,85,
31.8.2026,21:55:54.338,23.672,15.7,4399.7,85,
31.8.2026,21:55:54.544,23.672,15.6,4099.7,86,
31.8.2026,21:55:54.753,23.672,15.6,4099.7,86,
31.8.2026,21:55:54.956,23.672,15.6,4099.7,86,
31.8.2026,21:55:55.163,23.491,56.6,4099.7,67,
31.8.2026,21:55:55.355,7.201,1.4,4099.7,53,
31.8.2026,21:55:55.569,9.712,8.8,4699.7,85,
31.8.2026,21:55:55.773,6.884,4.7,4099.7,52,
31.8.2026,21:55:55.964,7.763,5.4,4099.7,51,
31.8.2026,21:55:56.175,9.758,13.6,4099.7,87,
31.8.2026,21:55:56.382,8.351,3.4,4099.7,85,
31.8.2026,21:55:56.573,7.351,1.3,4099.7,52,
31.8.2026,21:55:56.786,9.265,7.8,4099.7,87,
31.8.2026,21:55:56.994,6.924,2.2,4099.7,52,
31.8.2026,21:55:57.185,8.156,4.3,4099.7,52,
31.8.2026,21:55:57.395,8.953,7.2,4699.7,85,
31.8.2026,21:55:57.608,8.705,3.8,4099.7,85,
31.8.2026,21:55:57.814,6.794,8.2,4099.7,51,
31.8.2026,21:55:58.025,7.993,5.4,4699.7,51,
31.8.2026,21:55:58.238,7.913,7.9,4699.7,50,
31.8.2026,21:55:58.450,7.897,8.0,4699.7,50,
31.8.2026,21:55:58.655,8.093,6.8,4099.7,51,
31.8.2026,21:55:58.865,9.133,3.3,4099.7,50,
31.8.2026,21:55:59.071,9.332,6.6,4099.7,50,
31.8.2026,21:55:59.263,8.982,6.6,4099.7,50,
31.8.2026,21:55:59.476,9.263,11.6,4099.7,50,
31.8.2026,21:55:59.670,8.507,0.9,4099.7,49,
31.8.2026,21:55:59.877,8.086,6.1,4699.7,50,
31.8.2026,21:56:0.086,7.986,4.6,4099.7,50,
31.8.2026,21:56:0.292,13.088,14.4,4099.7,64,
31.8.2026,21:56:0.504,14.956,20.0,4099.7,49,
31.8.2026,21:56:0.711,10.381,2.8,4699.7,49,
31.8.2026,21:56:0.903,8.573,5.2,4099.7,50,
31.8.2026,21:56:1.115,9.292,10.9,4099.7,83,
31.8.2026,21:56:1.323,8.168,6.7,4099.7,84,
31.8.2026,21:56:1.513,8.271,2.8,4099.7,79,
31.8.2026,21:56:1.729,10.154,10.2,500.0,79,
31.8.2026,21:56:1.920,10.154,0.9,4099.7,84,
31.8.2026,21:56:2.127,7.366,11.9,4099.7,70,
31.8.2026,21:56:2.335,9.183,3.7,4099.7,61,
31.8.2026,21:56:2.532,8.243,3.2,4699.7,67,
31.8.2026,21:56:2.737,7.916,7.6,500.0,52,
31.8.2026,21:56:2.944,8.342,1.1,4699.7,51,
31.8.2026,21:56:3.155,8.153,4.4,4099.7,52,
31.8.2026,21:56:3.361,8.293,7.7,4699.7,50,
31.8.2026,21:56:3.573,8.015,3.2,4099.7,51,
31.8.2026,21:56:3.762,7.611,2.5,4699.7,55,
31.8.2026,21:56:3.969,8.885,8.5,4699.7,50,
31.8.2026,21:56:4.179,8.347,5.0,4699.7,49,
31.8.2026,21:56:4.386,8.353,4.1,4699.7,48,
31.8.2026,21:56:4.596,8.279,8.2,4699.7,50,
31.8.2026,21:56:4.802,8.088,3.0,3599.8,48,
31.8.2026,21:56:5.014,8.346,6.4,4099.7,49,
31.8.2026,21:56:5.227,8.456,7.1,4699.7,50,
31.8.2026,21:56:5.418,8.348,3.3,4699.7,51,
31.8.2026,21:56:5.625,8.431,8.1,4099.7,48,
31.8.2026,21:56:5.836,8.715,5.2,4699.7,48,
31.8.2026,21:56:6.029,8.963,3.4,4699.7,51,
31.8.2026,21:56:6.237,8.205,7.4,4099.7,49,
31.8.2026,21:56:6.448,8.162,3.0,4699.7,48,
31.8.2026,21:56:6.657,8.105,8.4,4099.7,47,
31.8.2026,21:56:6.865,8.317,2.6,4699.7,47,
31.8.2026,21:56:7.071,8.312,5.4,4699.7,49,
31.8.2026,21:56:7.265,8.285,7.4,4699.7,47,
31.8.2026,21:56:7.471,7.925,3.2,4699.7,49,
31.8.2026,21:56:7.678,8.404,4.3,4699.7,47,
31.8.2026,21:56:7.873,9.347,5.2,4699.7,47,
31.8.2026,21:56:8.080,8.168,7.4,4699.7,47,
31.8.2026,21:56:8.279,7.901,6.2,4699.7,46,
31.8.2026,21:56:8.487,8.014,2.6,4699.7,48,
31.8.2026,21:56:8.696,8.291,1.9,4099.7,46,
31.8.2026,21:56:8.885,7.851,3.2,4699.7,47,
31.8.2026,21:56:9.096,8.353,8.6,4699.7,46,
31.8.2026,21:56:9.306,8.227,2.8,4099.7,46,
31.8.2026,21:56:9.499,7.974,5.5,4699.7,47,
31.8.2026,21:56:9.707,7.912,6.2,4699.7,47,
31.8.2026,21:56:9.915,9.188,4.8,4099.7,46,
31.8.2026,21:56:10.111,8.072,7.4,4099.7,46,
31.8.2026,21:56:10.319,7.992,2.8,4699.7,46,
31.8.2026,21:56:10.513,7.986,7.8,4099.7,46,
31.8.2026,21:56:10.719,8.005,5.3,4699.7,46,
31.8.2026,21:56:10.929,8.169,3.7,4699.7,45,
31.8.2026,21:56:11.142,8.454,2.6,4699.7,46,
31.8.2026,21:56:11.356,8.485,5.2,4099.7,46,
31.8.2026,21:56:11.569,7.951,8.8,4099.7,47,
31.8.2026,21:56:11.774,8.702,4.4,4099.7,45,
31.8.2026,21:56:11.965,8.352,9.2,4099.7,45,
31.8.2026,21:56:12.175,8.195,0.7,500.0,45,
31.8.2026,21:56:12.389,8.525,4.1,4699.7,45,
31.8.2026,21:56:12.597,7.900,5.1,4699.7,45,
31.8.2026,21:56:12.806,7.709,3.4,4699.7,46,
31.8.2026,21:56:12.996,8.143,8.8,4699.7,46,
31.8.2026,21:56:13.203,8.295,2.7,1299.9,45,
31.8.2026,21:56:13.412,8.039,5.7,4699.7,45,
31.8.2026,21:56:13.618,8.169,4.2,4099.7,46,
31.8.2026,21:56:13.815,8.841,4.2,4099.7,46,
31.8.2026,21:56:14.025,8.872,8.6,4699.7,46,
31.8.2026,21:56:14.215,8.872,3.7,4699.7,45,
31.8.2026,21:56:14.423,7.848,7.2,3899.7,72,
31.8.2026,21:56:14.632,9.122,8.4,4099.7,77,
31.8.2026,21:56:14.839,8.283,1.3,4699.7,74,
31.8.2026,21:56:15.049,7.920,8.2,4699.7,71,
31.8.2026,21:56:15.256,7.948,4.3,4099.7,73,
31.8.2026,21:56:15.453,7.730,3.6,4099.7,74,
31.8.2026,21:56:15.659,8.256,8.5,4699.7,77,
31.8.2026,21:56:15.857,8.638,6.1,4099.7,77,
31.8.2026,21:56:16.070,8.360,4.8,4099.7,77,
31.8.2026,21:56:16.276,7.178,4.8,4099.7,44,
31.8.2026,21:56:16.487,8.279,9.0,4099.7,45,
31.8.2026,21:56:16.694,8.149,5.5,4099.7,44,
31.8.2026,21:56:16.902,8.566,3.1,4099.7,44,
31.8.2026,21:56:17.093,8.159,3.2,4099.7,44,
31.8.2026,21:56:17.302,9.540,10.1,4099.7,78,
31.8.2026,21:56:17.507,7.966,2.6,4699.7,79,
31.8.2026,21:56:17.701,8.150,11.2,4099.7,77,
31.8.2026,21:56:17.906,9.710,9.1,4099.7,65,
31.8.2026,21:56:18.105,8.878,3.9,4099.7,66,
31.8.2026,21:56:18.310,8.096,7.8,4099.7,67,
31.8.2026,21:56:18.521,8.189,3.9,4099.7,76,
31.8.2026,21:56:18.717,8.076,2.1,4699.7,70,
31.8.2026,21:56:18.922,8.389,6.1,4099.7,46,
31.8.2026,21:56:19.128,8.212,4.2,4099.7,46,
31.8.2026,21:56:19.337,8.162,5.7,4099.7,46,
31.8.2026,21:56:19.529,7.811,6.0,4699.7,46,
31.8.2026,21:56:19.737,8.700,2.7,4699.7,47,
31.8.2026,21:56:19.945,8.225,5.4,4699.7,45,
31.8.2026,21:56:20.138,8.206,3.3,4699.7,45,
31.8.2026,21:56:20.346,7.553,6.8,4099.7,44,
31.8.2026,21:56:20.553,8.213,6.9,4099.7,44,
31.8.2026,21:56:20.760,8.257,2.7,4699.7,44,
31.8.2026,21:56:20.969,7.908,7.0,4699.7,44,
31.8.2026,21:56:21.178,8.306,5.6,4099.7,45,
31.8.2026,21:56:21.383,8.069,2.2,4699.7,45,
31.8.2026,21:56:21.575,8.162,5.0,4099.7,45,
31.8.2026,21:56:21.782,8.414,8.7,4699.7,44,
31.8.2026,21:56:21.989,8.626,4.8,4699.7,44,
31.8.2026,21:56:22.201,7.824,3.6,4699.7,44,
31.8.2026,21:56:22.412,7.840,5.6,4699.7,45,
31.8.2026,21:56:22.622,7.943,4.5,4699.7,44,
31.8.2026,21:56:22.831,7.809,2.7,4699.7,44,
31.8.2026,21:56:23.036,7.873,7.2,4699.7,45,
31.8.2026,21:56:23.231,8.283,3.0,4099.7,45,
31.8.2026,21:56:23.437,7.997,13.9,4099.7,45,
31.8.2026,21:56:23.651,8.427,2.1,4099.7,44,
31.8.2026,21:56:23.864,9.697,9.2,4699.7,45,
31.8.2026,21:56:24.069,8.264,4.1,4699.7,46,
31.8.2026,21:56:24.279,11.263,7.1,4099.7,46,
31.8.2026,21:56:24.486,9.392,10.0,4699.7,47,
31.8.2026,21:56:24.695,8.704,2.7,4699.7,46,
31.8.2026,21:56:24.901,8.093,6.3,4699.7,47,
31.8.2026,21:56:25.117,7.769,7.2,4099.7,44,
31.8.2026,21:56:25.318,8.050,4.0,4099.7,44,
31.8.2026,21:56:25.524,8.051,3.0,4699.7,45,
31.8.2026,21:56:25.717,7.880,2.2,4099.7,44,
31.8.2026,21:56:25.922,9.168,11.9,4099.7,45,
31.8.2026,21:56:26.135,7.925,6.6,4699.7,46,
31.8.2026,21:56:26.324,8.249,6.4,4699.7,45,
31.8.2026,21:56:26.531,8.178,4.1,2999.8,44,
31.8.2026,21:56:26.740,8.256,4.0,4699.7,44,
31.8.2026,21:56:26.954,7.766,2.8,4699.7,44,
31.8.2026,21:56:27.159,7.883,10.1,4699.7,44,
31.8.2026,21:56:27.366,8.342,2.9,4099.7,43,
31.8.2026,21:56:27.575,8.048,3.0,4699.7,43,
31.8.2026,21:56:27.781,8.961,7.8,4699.7,45,
31.8.2026,21:56:27.989,8.069,5.4,4699.7,44,
31.8.2026,21:56:28.183,8.069,3.4,4099.7,44,
31.8.2026,21:56:28.393,8.228,3.9,4699.7,44,
31.8.2026,21:56:28.598,8.120,7.7,4099.7,44,
31.8.2026,21:56:28.806,8.159,4.7,4699.7,44,
31.8.2026,21:56:28.998,8.404,8.7,4099.7,43,
31.8.2026,21:56:29.204,7.485,2.2,4699.7,43,
31.8.2026,21:56:29.410,7.973,3.7,4099.7,44,
31.8.2026,21:56:29.625,7.867,4.4,4099.7,43,
31.8.2026,21:56:29.834,8.121,8.2,4699.7,44,
31.8.2026,21:56:30.038,8.622,2.3,4699.7,43,
31.8.2026,21:56:30.235,8.013,8.8,4099.7,43,
31.8.2026,21:56:30.442,8.065,2.8,4699.7,44,
31.8.2026,21:56:30.652,7.619,2.9,4099.7,43,
31.8.2026,21:56:30.848,8.268,7.5,4699.7,43,
31.8.2026,21:56:31.055,7.911,5.4,4099.7,44,
31.8.2026,21:56:31.250,8.175,6.5,4099.7,43,
31.8.2026,21:56:31.457,8.108,3.5,4699.7,43,
31.8.2026,21:56:31.667,8.131,2.6,4099.7,43,
31.8.2026,21:56:31.863,7.836,8.5,4699.7,43,
31.8.2026,21:56:32.071,8.646,1.7,4099.7,43,
31.8.2026,21:56:32.264,7.801,11.6,4699.7,43,
31.8.2026,21:56:32.475,8.269,2.0,4699.7,42,
31.8.2026,21:56:32.683,7.824,2.3,4099.7,43,
31.8.2026,21:56:32.892,8.147,8.7,4099.7,43,
31.8.2026,21:56:33.102,7.882,2.8,4699.7,44,
31.8.2026,21:56:33.297,7.693,5.9,4699.7,42,
31.8.2026,21:56:33.504,8.266,3.2,4699.7,43,
31.8.2026,21:56:33.716,7.634,10.7,4099.7,51,
31.8.2026,21:56:33.928,8.516,1.7,4699.7,43,
31.8.2026,21:56:34.124,8.186,5.4,4699.7,43,
31.8.2026,21:56:34.331,8.560,5.4,4699.7,43,
31.8.2026,21:56:34.537,7.779,3.9,4099.7,43,
31.8.2026,21:56:34.731,8.447,9.1,4099.7,42,
31.8.2026,21:56:34.937,7.914,1.5,4699.7,42,
31.8.2026,21:56:35.146,8.076,5.5,4699.7,44,
31.8.2026,21:56:35.352,8.020,2.4,4699.7,42,
31.8.2026,21:56:35.543,7.943,8.8,4699.7,42,
31.8.2026,21:56:35.758,8.107,4.0,4699.7,43,
31.8.2026,21:56:35.951,8.917,7.2,4099.7,43,
31.8.2026,21:56:36.160,8.047,4.4,4099.7,43,
31.8.2026,21:56:36.367,8.013,2.6,4699.7,42,
31.8.2026,21:56:36.559,8.200,2.6,4699.7,42,
31.8.2026,21:56:36.770,8.268,0.3,4699.7,43,
31.8.2026,21:56:36.977,8.194,4.8,4699.7,43,
31.8.2026,21:56:37.168,8.585,4.8,4699.7,43,
31.8.2026,21:56:37.376,8.068,8.2,4699.7,43,
31.8.2026,21:56:37.581,7.712,3.6,4099.7,43,
31.8.2026,21:56:37.788,8.125,3.1,4699.7,43,
31.8.2026,21:56:37.982,8.905,9.9,4099.7,42,
31.8.2026,21:56:38.195,8.842,5.1,4099.7,75,
31.8.2026,21:56:38.408,7.706,4.8,4099.7,76,
31.8.2026,21:56:38.614,6.762,7.6,4099.7,43,
31.8.2026,21:56:38.822,7.446,2.8,4099.7,43,
31.8.2026,21:56:39.032,8.324,9.2,4099.7,42,
31.8.2026,21:56:39.229,8.126,2.9,4099.7,43,
31.8.2026,21:56:39.441,7.826,6.5,4099.7,42,
31.8.2026,21:56:39.645,7.674,4.2,4099.7,42,
31.8.2026,21:56:39.852,8.172,4.2,4099.7,43,
31.8.2026,21:56:40.044,8.809,2.8,4699.7,45,
31.8.2026,21:56:40.258,9.209,7.9,4099.7,69,
31.8.2026,21:56:40.454,9.209,3.0,4099.7,76,
31.8.2026,21:56:40.661,7.564,10.2,4099.7,52,
31.8.2026,21:56:40.867,8.908,2.7,4099.7,53,
31.8.2026,21:56:41.057,9.867,4.1,4099.7,63,
31.8.2026,21:56:41.266,9.783,9.0,4099.7,44,
31.8.2026,21:56:41.480,10.147,5.4,4099.7,49,
31.8.2026,21:56:41.699,10.072,7.8,4699.7,45,
31.8.2026,21:56:41.906,9.757,4.6,500.0,65,
31.8.2026,21:56:42.117,8.801,3.0,4099.7,65,
31.8.2026,21:56:42.308,8.801,2.7,4099.7,75,
31.8.2026,21:56:42.524,9.171,10.2,500.0,64,
31.8.2026,21:56:42.714,9.171,1.5,4099.7,77,
31.8.2026,21:56:42.930,7.921,9.7,4099.7,70,
31.8.2026,21:56:43.121,8.664,2.2,4699.7,52,
31.8.2026,21:56:43.332,9.613,6.1,3899.7,50,
31.8.2026,21:56:43.528,8.041,3.2,4099.7,47,
31.8.2026,21:56:43.736,8.013,5.8,4099.7,44,
31.8.2026,21:56:43.942,8.116,6.7,4099.7,46,
31.8.2026,21:56:44.152,8.627,3.7,4699.7,46,
31.8.2026,21:56:44.346,8.231,2.7,4099.7,45,
31.8.2026,21:56:44.554,8.014,5.9,4699.7,44,
31.8.2026,21:56:44.747,7.966,6.2,4699.7,44,
31.8.2026,21:56:44.957,9.506,8.8,4699.7,44,
31.8.2026,21:56:45.165,10.021,4.0,4099.7,44,
31.8.2026,21:56:45.375,9.581,3.9,4099.7,44,
31.8.2026,21:56:45.579,10.166,8.4,4099.7,45,
31.8.2026,21:56:45.789,9.840,3.5,4099.7,46,
31.8.2026,21:56:45.998,10.195,11.0,4099.7,51,
31.8.2026,21:56:46.206,8.053,5.9,4099.7,49,
31.8.2026,21:56:46.403,8.144,4.2,4099.7,48,
31.8.2026,21:56:46.616,8.179,5.5,4099.7,44,
31.8.2026,21:56:46.823,7.837,4.1,4699.7,45,
31.8.2026,21:56:47.030,8.105,9.4,4099.7,43,
31.8.2026,21:56:47.247,8.308,2.5,4699.7,47,
31.8.2026,21:56:47.452,7.884,5.7,4099.7,48,
31.8.2026,21:56:47.662,7.610,4.9,4699.7,46,
31.8.2026,21:56:47.871,7.826,2.6,4099.7,46,
31.8.2026,21:56:48.077,8.617,11.0,4099.7,46,
31.8.2026,21:56:48.284,8.104,2.7,4099.7,48,
31.8.2026,21:56:48.495,7.950,4.7,4699.7,47,
31.8.2026,21:56:48.705,8.193,9.1,4099.7,72,
31.8.2026,21:56:48.919,7.643,2.8,4699.7,51,
31.8.2026,21:56:49.125,7.010,3.5,4099.7,75,
31.8.2026,21:56:49.336,8.093,4.3,4699.7,67,
31.8.2026,21:56:49.532,7.786,4.9,4099.7,75,
31.8.2026,21:56:49.738,8.298,7.3,4099.7,75,
31.8.2026,21:56:49.946,8.848,3.6,4699.7,76,
31.8.2026,21:56:50.143,9.681,6.1,4099.7,75,
31.8.2026,21:56:50.354,9.569,14.0,3099.8,55,
31.8.2026,21:56:50.543,8.018,1.9,4099.7,75,
31.8.2026,21:56:50.749,9.048,8.9,4099.7,68,
31.8.2026,21:56:50.966,8.300,4.3,4099.7,75,
31.8.2026,21:56:51.178,7.551,3.4,4699.7,43,
31.8.2026,21:56:51.384,8.426,2.5,4699.7,42,
31.8.2026,21:56:51.578,8.469,2.5,4699.7,42,
31.8.2026,21:56:51.790,8.243,8.7,4099.7,43,
31.8.2026,21:56:51.981,8.379,1.4,4699.7,42,
31.8.2026,21:56:52.191,9.743,10.1,4099.7,71,
31.8.2026,21:56:52.397,7.819,4.4,4099.7,75,
31.8.2026,21:56:52.603,7.899,2.4,4099.7,74,
31.8.2026,21:56:52.812,8.021,9.9,4099.7,75,
31.8.2026,21:56:53.026,7.670,4.2,4099.7,71,
31.8.2026,21:56:53.217,7.258,3.4,4099.7,43,
31.8.2026,21:56:53.428,9.082,8.9,4099.7,75,
31.8.2026,21:56:53.640,7.854,2.6,4099.7,73,
31.8.2026,21:56:53.852,7.744,6.4,4099.7,75,
31.8.2026,21:56:54.044,8.055,2.3,4699.7,69,
31.8.2026,21:56:54.262,8.145,10.1,4099.7,72,
31.8.2026,21:56:54.474,6.565,3.4,4099.7,43,
31.8.2026,21:56:54.687,8.224,5.8,4699.7,42,
31.8.2026,21:56:54.896,7.920,4.8,4099.7,42,
31.8.2026,21:56:55.103,8.535,4.8,4099.7,42,
31.8.2026,21:56:55.294,8.535,4.8,4099.7,42,
31.8.2026,21:56:55.499,8.535,4.8,4099.7,42,
31.8.2026,21:56:55.706,8.535,4.8,4099.7,42,
31.8.2026,21:56:55.914,8.535,4.8,4099.7,42,
31.8.2026,21:56:56.118,8.535,4.8,4099.7,42,
31.8.2026,21:56:56.311,8.535,4.8,4099.7,42,
31.8.2026,21:56:56.514,8.535,4.8,4099.7,42,
31.8.2026,21:56:56.720,8.535,4.8,4099.7,42,
31.8.2026,21:56:56.926,8.535,4.8,4099.7,42,
31.8.2026,21:56:57.132,8.535,4.8,4099.7,42,
31.8.2026,21:56:57.341,8.535,4.8,4099.7,42,
31.8.2026,21:56:57.543,8.535,4.8,4099.7,42,
31.8.2026,21:56:57.749,8.535,4.8,4099.7,42,
31.8.2026,21:56:57.957,8.535,4.8,4099.7,42,
31.8.2026,21:56:58.162,8.535,4.8,4099.7,42,
31.8.2026,21:56:58.370,8.535,4.8,4099.7,42,
31.8.2026,21:56:58.558,8.535,4.8,4099.7,42,
31.8.2026,21:56:58.765,8.535,4.8,4099.7,42,
31.8.2026,21:56:58.972,8.535,4.8,4099.7,42,
31.8.2026,21:56:59.179,8.535,4.8,4099.7,42,
31.8.2026,21:56:59.384,8.535,4.8,4099.7,42,
31.8.2026,21:56:59.574,8.535,4.8,4099.7,42,
31.8.2026,21:56:59.781,8.535,4.8,4099.7,42,
31.8.2026,21:56:59.987,8.535,4.8,4099.7,42,
31.8.2026,21:57:0.196,8.535,4.8,4099.7,42,
31.8.2026,21:57:0.407,8.535,4.8,4099.7,42,
31.8.2026,21:57:0.589,8.535,4.8,4099.7,42,
31.8.2026,21:57:0.812,8.535,4.8,4099.7,42,
31.8.2026,21:57:1.006,8.535,4.8,4099.7,42,
31.8.2026,21:57:1.217,8.535,4.8,4099.7,42,
31.8.2026,21:57:1.415,8.535,4.8,4099.7,42,
31.8.2026,21:57:1.605,8.535,4.8,4099.7,42,
31.8.2026,21:57:1.810,8.535,4.8,4099.7,42,
31.8.2026,21:57:2.016,8.535,4.8,4099.7,42,
31.8.2026,21:57:2.223,8.535,4.8,4099.7,42,
31.8.2026,21:57:2.430,8.535,4.8,4099.7,42,
31.8.2026,21:57:2.621,8.535,4.8,4099.7,42,
31.8.2026,21:57:2.827,8.535,4.8,4099.7,42,
31.8.2026,21:57:3.033,8.535,4.8,4099.7,42,
31.8.2026,21:57:3.238,8.535,4.8,4099.7,42,
31.8.2026,21:57:3.444,8.535,4.8,4099.7,42,
31.8.2026,21:57:3.650,8.535,4.8,4099.7,42,
31.8.2026,21:57:3.840,8.535,4.8,4099.7,42,
31.8.2026,21:57:4.047,8.535,4.8,4099.7,42,
31.8.2026,21:57:4.256,8.535,4.8,4099.7,42,
31.8.2026,21:57:4.459,8.535,4.8,4099.7,42,
31.8.2026,21:57:4.664,8.535,4.8,4099.7,42,
31.8.2026,21:57:4.854,8.535,15.5,4399.7,83,
31.8.2026,21:57:5.063,24.016,15.5,4399.7,83,
31.8.2026,21:57:5.266,24.016,15.5,4399.7,83,
31.8.2026,21:57:5.472,24.016,15.5,4399.7,83,
31.8.2026,21:57:5.679,24.016,15.5,4399.7,83,
31.8.2026,21:57:5.883,24.016,15.5,4399.7,83,
31.8.2026,21:57:6.074,24.016,15.5,4399.7,83,
31.8.2026,21:57:6.278,24.016,15.5,4399.7,83,
31.8.2026,21:57:6.483,24.016,15.5,4399.7,83,
31.8.2026,21:57:6.689,24.016,15.5,4399.7,83,
31.8.2026,21:57:6.895,24.016,15.5,4399.7,83,
31.8.2026,21:57:7.101,24.016,15.5,4399.7,83,
31.8.2026,21:57:7.306,24.016,15.5,4399.7,83,
31.8.2026,21:57:7.497,24.016,15.5,4399.7,83,
31.8.2026,21:57:7.701,24.016,15.5,4399.7,83,
31.8.2026,21:57:7.908,24.016,15.5,4399.7,83,
31.8.2026,21:57:8.114,24.016,15.5,4399.7,83,
31.8.2026,21:57:8.321,24.016,15.5,4399.7,83,
31.8.2026,21:57:8.524,24.016,15.5,4399.7,83,
31.8.2026,21:57:8.716,24.016,15.5,4399.7,83,
31.8.2026,21:57:8.935,24.016,15.5,4399.7,83,
31.8.2026,21:57:9.128,24.016,15.5,4399.7,83,
31.8.2026,21:57:9.333,24.016,15.5,4399.7,83,
31.8.2026,21:57:9.541,24.016,15.5,4399.7,83,
31.8.2026,21:57:9.729,23.612,15.7,4299.7,85,
31.8.2026,21:57:9.936,23.612,15.7,4299.7,85,
31.8.2026,21:57:10.145,23.612,15.7,4299.7,85,
31.8.2026,21:57:10.349,23.612,15.7,4299.7,85,
31.8.2026,21:57:10.557,23.612,15.7,4299.7,85,
31.8.2026,21:57:10.760,23.612,15.7,4299.7,85,
31.8.2026,21:57:10.966,23.612,15.7,4299.7,85,
31.8.2026,21:57:11.172,23.612,15.7,4299.7,85,
31.8.2026,21:57:11.377,23.612,15.7,4299.7,85,
31.8.2026,21:57:11.584,23.612,15.7,4299.7,85,
31.8.2026,21:57:11.790,23.612,15.7,4299.7,85,
31.8.2026,21:57:11.979,23.612,15.7,4299.7,85,
31.8.2026,21:57:12.185,23.612,15.7,4299.7,85,
31.8.2026,21:57:12.392,23.612,15.7,4299.7,85,
31.8.2026,21:57:12.597,23.612,15.7,4299.7,85,
31.8.2026,21:57:12.804,23.612,15.7,4299.7,85,
31.8.2026,21:57:13.009,23.612,15.7,4299.7,85,
31.8.2026,21:57:13.199,23.612,15.7,4299.7,85,
31.8.2026,21:57:13.405,23.612,15.7,4299.7,85,
31.8.2026,21:57:13.612,23.612,15.7,4299.7,85,
31.8.2026,21:57:13.818,23.612,15.7,4299.7,85,
31.8.2026,21:57:14.024,23.612,15.7,4299.7,85,
31.8.2026,21:57:14.214,23.612,15.7,4299.7,85,
31.8.2026,21:57:14.420,23.612,15.7,4299.7,85,
31.8.2026,21:57:14.626,23.612,15.6,4399.7,83,
31.8.2026,21:57:14.832,23.616,15.6,4399.7,83,
31.8.2026,21:57:15.038,23.616,15.6,4399.7,83,
31.8.2026,21:57:15.244,23.616,15.6,4399.7,83,
31.8.2026,21:57:15.451,23.616,15.6,4399.7,83,
31.8.2026,21:57:15.658,23.616,15.6,4399.7,83,
31.8.2026,21:57:15.863,23.616,15.6,4399.7,83,
31.8.2026,21:57:16.071,23.616,15.6,4399.7,83,
31.8.2026,21:57:16.274,23.616,15.6,4399.7,83,
31.8.2026,21:57:16.464,23.616,15.6,4399.7,83,
31.8.2026,21:57:16.670,23.616,15.6,4399.7,83,
31.8.2026,21:57:16.875,23.616,15.6,4399.7,83,
31.8.2026,21:57:17.080,23.616,15.6,4399.7,83,
31.8.2026,21:57:17.286,23.616,15.6,4399.7,83,
31.8.2026,21:57:17.492,23.616,15.6,4399.7,83,
31.8.2026,21:57:17.682,23.616,15.6,4399.7,83,
31.8.2026,21:57:17.888,23.616,15.6,4399.7,83,
31.8.2026,21:57:18.094,23.616,15.6,4399.7,83,
31.8.2026,21:57:18.300,23.616,15.6,4399.7,83,
31.8.2026,21:57:18.507,23.616,15.6,4399.7,83,
31.8.2026,21:57:18.713,23.616,15.6,4399.7,83,
31.8.2026,21:57:18.902,23.616,15.6,4399.7,83,
31.8.2026,21:57:19.108,23.616,15.6,4399.7,83,
31.8.2026,21:57:19.315,23.616,15.6,4399.7,83,
31.8.2026,21:57:19.520,23.616,15.5,4299.7,85,
31.8.2026,21:57:19.727,23.360,15.5,4299.7,85,
31.8.2026,21:57:19.917,23.360,15.5,4299.7,85,
31.8.2026,21:57:20.125,23.360,15.5,4299.7,85,
31.8.2026,21:57:20.331,23.360,15.5,4299.7,85,
31.8.2026,21:57:20.537,23.360,15.5,4299.7,85,
31.8.2026,21:57:20.743,23.360,15.5,4299.7,85,
31.8.2026,21:57:20.934,23.360,15.5,4299.7,85,
31.8.2026,21:57:21.139,23.360,15.5,4299.7,85,
31.8.2026,21:57:21.346,23.360,15.5,4299.7,85,
31.8.2026,21:57:21.554,23.360,15.5,4299.7,85,
31.8.2026,21:57:21.758,23.360,15.5,4299.7,85,
31.8.2026,21:57:21.950,23.360,15.5,4299.7,85,
31.8.2026,21:57:22.155,23.360,15.5,4299.7,85,
31.8.2026,21:57:22.362,23.360,15.5,4299.7,85,
31.8.2026,21:57:22.567,23.360,15.5,4299.7,85,
31.8.2026,21:57:22.775,23.360,15.5,4299.7,85,
31.8.2026,21:57:22.979,23.360,15.5,4299.7,85,
31.8.2026,21:57:23.187,23.360,15.5,4299.7,85,
31.8.2026,21:57:23.391,23.360,15.5,4299.7,85,
31.8.2026,21:57:23.596,23.360,15.5,4299.7,85,
31.8.2026,21:57:23.803,23.360,15.5,4299.7,85,
31.8.2026,21:57:24.007,23.360,15.5,4299.7,85,
31.8.2026,21:57:24.199,23.360,15.5,4299.7,85,
31.8.2026,21:57:24.403,23.360,15.7,4399.7,86,
31.8.2026,21:57:24.611,23.193,15.7,4399.7,86,
31.8.2026,21:57:24.820,23.193,15.7,4399.7,86,
31.8.2026,21:57:25.023,23.193,15.7,4399.7,86,
31.8.2026,21:57:25.228,23.193,15.7,4399.7,86,
31.8.2026,21:57:25.436,23.193,15.7,4399.7,86,
31.8.2026,21:57:25.640,23.193,15.7,4399.7,86,
31.8.2026,21:57:25.845,23.193,15.7,4399.7,86,
31.8.2026,21:57:26.052,23.193,15.7,4399.7,86,
31.8.2026,21:57:26.257,23.193,15.7,4399.7,86,
31.8.2026,21:57:26.462,23.193,15.7,4399.7,86,
31.8.2026,21:57:26.655,23.193,15.7,4399.7,86,
31.8.2026,21:57:26.875,23.193,15.7,4399.7,86,
31.8.2026,21:57:27.064,23.193,15.7,4399.7,86,
31.8.2026,21:57:27.271,23.193,15.7,4399.7,86,
31.8.2026,21:57:27.476,23.193,15.7,4399.7,86,
31.8.2026,21:57:27.683,23.193,15.7,4399.7,86,
31.8.2026,21:57:27.872,23.193,15.7,4399.7,86,
31.8.2026,21:57:28.078,23.193,15.7,4399.7,86,
31.8.2026,21:57:28.284,23.193,15.7,4399.7,86,
31.8.2026,21:57:28.491,23.193,15.7,4399.7,86,
31.8.2026,21:57:28.696,23.193,15.7,4399.7,86,
31.8.2026,21:57:28.887,23.193,15.7,4399.7,86,
31.8.2026,21:57:29.096,23.193,15.7,4399.7,86,
31.8.2026,21:57:29.307,23.207,15.4,4399.7,86,
31.8.2026,21:57:29.505,23.207,15.4,4399.7,86,
31.8.2026,21:57:29.711,23.207,15.4,4399.7,86,
31.8.2026,21:57:29.904,23.207,15.4,4399.7,86,
31.8.2026,21:57:30.109,23.207,15.4,4399.7,86,
31.8.2026,21:57:30.316,23.207,15.4,4399.7,86,
31.8.2026,21:57:30.520,23.207,15.4,4399.7,86,
31.8.2026,21:57:30.727,23.207,15.4,4399.7,86,
31.8.2026,21:57:30.920,23.207,15.4,4399.7,86,
31.8.2026,21:57:31.125,23.207,15.4,4399.7,86,
31.8.2026,21:57:31.330,23.207,15.4,4399.7,86,
31.8.2026,21:57:31.537,23.207,15.4,4399.7,86,
31.8.2026,21:57:31.742,23.207,15.4,4399.7,86,
31.8.2026,21:57:31.933,23.207,15.4,4399.7,86,
31.8.2026,21:57:32.137,23.207,15.4,4399.7,86,
31.8.2026,21:57:32.344,23.207,15.4,4399.7,86,
31.8.2026,21:57:32.550,23.207,15.4,4399.7,86,
31.8.2026,21:57:32.755,23.207,15.4,4399.7,86,
31.8.2026,21:57:32.962,23.207,15.4,4399.7,86,
31.8.2026,21:57:33.153,23.207,15.4,4399.7,86,
31.8.2026,21:57:33.360,23.207,15.4,4399.7,86,
31.8.2026,21:57:33.565,23.207,15.4,4399.7,86,
31.8.2026,21:57:33.772,23.207,15.4,4399.7,86,
31.8.2026,21:57:33.976,23.207,15.4,4399.7,86,
31.8.2026,21:57:34.182,23.207,15.4,4399.7,86,
31.8.2026,21:57:34.387,23.114,16.1,4099.7,86,
31.8.2026,21:57:34.593,23.114,16.1,4099.7,86,
31.8.2026,21:57:34.801,23.114,16.1,4099.7,86,
31.8.2026,21:57:35.008,23.114,16.1,4099.7,86,
31.8.2026,21:57:35.212,23.114,16.1,4099.7,86,
31.8.2026,21:57:35.403,23.114,16.1,4099.7,86,
31.8.2026,21:57:35.607,23.114,16.1,4099.7,86,
31.8.2026,21:57:35.815,23.114,16.1,4099.7,86,
31.8.2026,21:57:36.018,23.114,16.1,4099.7,86,
31.8.2026,21:57:36.224,23.114,16.1,4099.7,86,
31.8.2026,21:57:36.430,23.114,16.1,4099.7,86,
31.8.2026,21:57:36.636,23.114,16.1,4099.7,86,
31.8.2026,21:57:36.841,23.114,16.1,4099.7,86,
31.8.2026,21:57:37.047,23.114,16.1,4099.7,86,
31.8.2026,21:57:37.255,23.114,16.1,4099.7,86,
31.8.2026,21:57:37.460,23.114,16.1,4099.7,86,
31.8.2026,21:57:37.667,23.114,16.1,4099.7,86,
31.8.2026,21:57:37.857,23.114,16.1,4099.7,86,
31.8.2026,21:57:38.063,23.114,16.1,4099.7,86,
31.8.2026,21:57:38.268,23.114,16.1,4099.7,86,
31.8.2026,21:57:38.474,23.114,16.1,4099.7,86,
31.8.2026,21:57:38.680,23.114,16.1,4099.7,86,
31.8.2026,21:57:38.885,23.114,16.1,4099.7,86,
31.8.2026,21:57:39.092,23.114,15.3,4399.7,85,
31.8.2026,21:57:39.297,23.031,15.3,4399.7,85,
31.8.2026,21:57:39.503,23.031,15.3,4399.7,85,
31.8.2026,21:57:39.708,23.031,15.3,4399.7,85,
31.8.2026,21:57:39.915,23.031,15.3,4399.7,85,
31.8.2026,21:57:40.119,23.031,15.3,4399.7,85,
31.8.2026,21:57:40.309,23.031,15.3,4399.7,85,
31.8.2026,21:57:40.515,23.031,15.3,4399.7,85,
31.8.2026,21:57:40.721,23.031,15.3,4399.7,85,
31.8.2026,21:57:40.927,23.031,15.3,4399.7,85,
31.8.2026,21:57:41.133,23.031,15.3,4399.7,85,
31.8.2026,21:57:41.323,23.031,15.3,4399.7,85,
31.8.2026,21:57:41.530,23.031,15.3,4399.7,85,
31.8.2026,21:57:41.735,23.031,15.3,4399.7,85,
31.8.2026,21:57:41.941,23.031,15.3,4399.7,85,
31.8.2026,21:57:42.146,23.031,15.3,4399.7,85,
31.8.2026,21:57:42.352,23.031,15.3,4399.7,85,
31.8.2026,21:57:42.542,23.031,15.3,4399.7,85,
31.8.2026,21:57:42.748,23.031,15.3,4399.7,85,
31.8.2026,21:57:42.953,23.031,15.3,4399.7,85,
31.8.2026,21:57:43.159,23.031,15.3,4399.7,85,
31.8.2026,21:57:43.367,23.031,15.3,4399.7,85,
31.8.2026,21:57:43.571,23.031,15.3,4399.7,85,
31.8.2026,21:57:43.764,23.031,15.3,4399.7,85,
31.8.2026,21:57:43.969,23.031,15.3,4399.7,85,
31.8.2026,21:57:44.174,23.031,15.3,4399.7,85,
31.8.2026,21:57:44.379,23.031,15.3,4399.7,85,
31.8.2026,21:57:44.585,23.031,15.3,4399.7,85,
31.8.2026,21:57:44.791,23.031,15.3,4399.7,85,
31.8.2026,21:57:44.981,23.031,15.3,4399.7,85,
31.8.2026,21:57:45.187,23.031,15.3,4399.7,85,
31.8.2026,21:57:45.393,23.031,15.3,4399.7,85,
31.8.2026,21:57:45.599,23.031,15.3,4399.7,85,
31.8.2026,21:57:45.805,23.031,15.3,4399.7,85,
31.8.2026,21:57:45.995,23.031,15.3,4399.7,85,
31.8.2026,21:57:46.200,23.031,15.3,4399.7,85,
31.8.2026,21:57:46.406,23.031,15.3,4399.7,85,
31.8.2026,21:57:46.611,23.031,15.3,4399.7,85,
31.8.2026,21:57:46.817,23.031,15.3,4399.7,85,
31.8.2026,21:57:47.022,23.031,15.3,4399.7,85,
31.8.2026,21:57:47.229,23.031,15.3,4399.7,85,
31.8.2026,21:57:47.418,23.031,15.3,4399.7,85,
31.8.2026,21:57:47.624,23.031,15.3,4399.7,85,
31.8.2026,21:57:47.829,23.031,15.3,4399.7,85,
31.8.2026,21:57:48.035,23.031,15.3,4399.7,85,
31.8.2026,21:57:48.241,23.031,15.3,4399.7,85,
31.8.2026,21:57:48.446,23.031,15.3,4399.7,85,
31.8.2026,21:57:48.637,23.178,15.4,4099.7,87,
31.8.2026,21:57:48.844,23.178,15.4,4099.7,87,
31.8.2026,21:57:49.049,23.178,15.4,4099.7,87,
31.8.2026,21:57:49.255,23.178,15.4,4099.7,87,
31.8.2026,21:57:49.470,23.178,15.4,4099.7,87,
31.8.2026,21:57:49.654,23.178,15.4,4099.7,87,
31.8.2026,21:57:49.858,23.178,15.4,4099.7,87,
31.8.2026,21:57:50.065,23.178,15.4,4099.7,87,
31.8.2026,21:57:50.271,23.178,15.4,4099.7,87,
31.8.2026,21:57:50.477,23.178,15.4,4099.7,87,
31.8.2026,21:57:50.667,23.178,15.4,4099.7,87,
31.8.2026,21:57:50.873,23.178,15.4,4099.7,87,
31.8.2026,21:57:51.078,23.178,15.4,4099.7,87,
31.8.2026,21:57:51.286,23.178,15.4,4099.7,87,
31.8.2026,21:57:51.488,23.178,15.4,4099.7,87,
31.8.2026,21:57:51.693,23.178,15.4,4099.7,87,
31.8.2026,21:57:51.899,23.178,15.4,4099.7,87,
31.8.2026,21:57:52.089,23.178,15.4,4099.7,87,
31.8.2026,21:57:52.295,23.178,15.4,4099.7,87,
31.8.2026,21:57:52.501,23.178,15.4,4099.7,87,
31.8.2026,21:57:52.708,23.178,15.4,4099.7,87,
31.8.2026,21:57:52.916,23.178,15.4,4099.7,87,
31.8.2026,21:57:53.120,23.178,15.4,4099.7,87,
31.8.2026,21:57:53.327,23.118,15.7,4299.7,85,
31.8.2026,21:57:53.536,23.118,15.7,4299.7,85,
31.8.2026,21:57:53.740,23.118,15.7,4299.7,85,
31.8.2026,21:57:53.945,23.118,15.7,4299.7,85,
31.8.2026,21:57:54.150,23.118,15.7,4299.7,85,
31.8.2026,21:57:54.340,23.118,15.7,4299.7,85,
31.8.2026,21:57:54.545,23.118,15.7,4299.7,85,
31.8.2026,21:57:54.752,23.118,15.7,4299.7,85,
31.8.2026,21:57:54.958,23.118,15.7,4299.7,85,
31.8.2026,21:57:55.156,23.803,29.8,4699.7,78,
31.8.2026,21:57:55.355,21.115,22.3,4099.7,64,
31.8.2026,21:57:55.565,20.531,21.0,4099.7,57,
31.8.2026,21:57:55.771,8.898,3.4,4099.7,53,
31.8.2026,21:57:55.980,9.272,3.2,4699.7,64,
31.8.2026,21:57:56.170,9.330,10.0,4099.7,58,
31.8.2026,21:57:56.380,8.688,2.2,4699.7,53,
31.8.2026,21:57:56.586,9.535,5.4,4099.7,53,
31.8.2026,21:57:56.785,8.677,3.0,4099.7,53,
31.8.2026,21:57:56.998,8.824,7.2,2799.8,53,
31.8.2026,21:57:57.203,8.547,7.1,4099.7,52,
31.8.2026,21:57:57.409,9.008,2.6,4699.7,51,
31.8.2026,21:57:57.617,9.077,6.1,4099.7,52,
31.8.2026,21:57:57.810,9.030,9.1,4099.7,52,
31.8.2026,21:57:58.017,9.015,2.1,4099.7,51,
31.8.2026,21:57:58.223,9.856,6.8,4099.7,51,
31.8.2026,21:57:58.430,9.113,3.1,4099.7,51,
31.8.2026,21:57:58.637,9.702,4.3,4099.7,51,
31.8.2026,21:57:58.848,9.053,8.9,4099.7,51,
31.8.2026,21:57:59.054,9.197,1.9,4099.7,50,
31.8.2026,21:57:59.246,8.595,4.0,4099.7,50,
31.8.2026,21:57:59.456,8.563,8.2,4699.7,51,
31.8.2026,21:57:59.664,8.557,3.6,4699.7,50,
31.8.2026,21:57:59.856,8.557,5.3,4699.7,50,
31.8.2026,21:58:0.065,7.936,4.6,500.0,50,
31.8.2026,21:58:0.271,8.176,6.9,4699.7,49,
31.8.2026,21:58:0.480,8.437,4.6,4699.7,50,
31.8.2026,21:58:0.670,9.137,4.6,4699.7,50,
31.8.2026,21:58:0.877,22.804,4.6,4699.7,50,
31.8.2026,21:58:1.084,22.804,4.6,4699.7,50,
31.8.2026,21:58:1.290,22.804,4.6,4699.7,50,
31.8.2026,21:58:1.494,22.804,4.6,4699.7,50,
31.8.2026,21:58:1.702,22.804,4.6,4699.7,50,
31.8.2026,21:58:1.907,22.804,4.6,4699.7,50,
31.8.2026,21:58:2.114,22.804,4.6,4699.7,50,
31.8.2026,21:58:2.321,22.804,4.6,4699.7,50,
31.8.2026,21:58:2.512,22.804,4.6,4699.7,50,
31.8.2026,21:58:2.719,22.804,4.6,4699.7,50,
31.8.2026,21:58:2.925,22.804,4.6,4699.7,50,
31.8.2026,21:58:3.132,22.804,4.6,4699.7,50,
31.8.2026,21:58:3.339,22.804,4.6,4699.7,50,
31.8.2026,21:58:3.546,22.804,4.6,4699.7,50,
31.8.2026,21:58:3.752,22.804,4.6,4699.7,50,
31.8.2026,21:58:3.959,22.804,4.6,4699.7,50,
31.8.2026,21:58:4.166,22.804,4.6,4699.7,50,
31.8.2026,21:58:4.372,22.804,4.6,4699.7,50,
31.8.2026,21:58:4.579,22.804,4.6,4699.7,50,
31.8.2026,21:58:4.786,22.804,4.6,4699.7,50,
31.8.2026,21:58:4.992,22.804,4.6,4699.7,50,
31.8.2026,21:58:5.199,22.804,4.6,4699.7,50,
31.8.2026,21:58:5.405,22.804,4.6,4699.7,50,
31.8.2026,21:58:5.612,22.804,4.6,4699.7,50,
31.8.2026,21:58:5.818,22.804,4.6,4699.7,50,
31.8.2026,21:58:6.025,22.804,4.6,4699.7,50,
31.8.2026,21:58:6.231,22.804,18.1,4399.7,86,
31.8.2026,21:58:6.438,22.804,18.1,4399.7,86,
31.8.2026,21:58:6.645,22.804,18.1,4399.7,86,
31.8.2026,21:58:6.859,22.804,18.1,4399.7,86,
31.8.2026,21:58:7.043,22.804,18.1,4399.7,86,
31.8.2026,21:58:7.250,22.804,18.1,4399.7,86,
31.8.2026,21:58:7.456,22.804,18.1,4399.7,86,
31.8.2026,21:58:7.663,22.804,18.1,4399.7,86,
31.8.2026,21:58:7.869,22.804,18.1,4399.7,86,
31.8.2026,21:58:8.076,22.804,18.1,4399.7,86,
31.8.2026,21:58:8.284,22.804,18.1,4399.7,86,
31.8.2026,21:58:8.491,22.804,18.1,4399.7,86,
31.8.2026,21:58:8.697,22.804,18.1,4399.7,86,
31.8.2026,21:58:8.889,22.804,18.1,4399.7,86,
31.8.2026,21:58:9.096,22.804,18.1,4399.7,86,
31.8.2026,21:58:9.302,22.804,18.1,4399.7,86,
31.8.2026,21:58:9.506,22.804,18.1,4399.7,86,
31.8.2026,21:58:9.712,22.804,18.1,4399.7,86,
31.8.2026,21:58:9.906,22.804,18.1,4399.7,86,
31.8.2026,21:58:10.113,22.804,18.1,4399.7,86,
31.8.2026,21:58:10.317,22.804,18.1,4399.7,86,
31.8.2026,21:58:10.523,22.804,18.1,4399.7,86,
31.8.2026,21:58:10.729,22.804,18.1,4399.7,86,
31.8.2026,21:58:10.936,22.804,15.5,4299.7,86,
31.8.2026,21:58:11.142,23.492,15.5,4299.7,86,
31.8.2026,21:58:11.349,23.492,15.5,4299.7,86,
31.8.2026,21:58:11.555,23.492,15.5,4299.7,86,
31.8.2026,21:58:11.747,23.492,15.5,4299.7,86,
31.8.2026,21:58:11.953,23.492,15.5,4299.7,86,
31.8.2026,21:58:12.160,23.492,15.5,4299.7,86,
31.8.2026,21:58:12.367,23.492,15.5,4299.7,86,
31.8.2026,21:58:12.573,23.492,15.5,4299.7,86,
31.8.2026,21:58:12.780,23.492,15.5,4299.7,86,
31.8.2026,21:58:12.987,23.492,15.5,4299.7,86,
31.8.2026,21:58:13.194,23.492,15.5,4299.7,86,
31.8.2026,21:58:13.400,23.492,15.5,4299.7,86,
31.8.2026,21:58:13.607,23.492,15.5,4299.7,86,
31.8.2026,21:58:13.814,23.492,15.5,4299.7,86,
31.8.2026,21:58:14.021,23.492,15.5,4299.7,86,
31.8.2026,21:58:14.227,23.492,15.5,4299.7,86,
31.8.2026,21:58:14.418,23.492,15.5,4299.7,86,
31.8.2026,21:58:14.625,23.492,15.5,4299.7,86,
31.8.2026,21:58:14.831,23.492,15.5,4299.7,86,
31.8.2026,21:58:15.038,23.492,15.5,4299.7,86,
31.8.2026,21:58:15.229,23.492,15.5,4299.7,86,
31.8.2026,21:58:15.435,23.492,15.5,4299.7,86,
31.8.2026,21:58:15.642,23.492,15.5,4299.7,86,
31.8.2026,21:58:15.849,23.429,15.3,4299.7,86,
31.8.2026,21:58:16.056,23.429,15.3,4299.7,86,
31.8.2026,21:58:16.247,23.429,15.3,4299.7,86,
31.8.2026,21:58:16.454,23.429,15.3,4299.7,86,
31.8.2026,21:58:16.661,23.429,15.3,4299.7,86,
31.8.2026,21:58:16.867,23.429,15.3,4299.7,86,
31.8.2026,21:58:17.059,23.429,15.3,4299.7,86,
31.8.2026,21:58:17.266,23.429,15.3,4299.7,86,
31.8.2026,21:58:17.473,23.429,15.3,4299.7,86,
31.8.2026,21:58:17.679,23.429,15.3,4299.7,86,
31.8.2026,21:58:17.886,23.429,15.3,4299.7,86,
31.8.2026,21:58:18.092,23.429,15.3,4299.7,86,
31.8.2026,21:58:18.298,23.429,15.3,4299.7,86,
31.8.2026,21:58:18.505,23.429,15.3,4299.7,86,
31.8.2026,21:58:18.712,23.429,15.3,4299.7,86,
31.8.2026,21:58:18.903,23.429,15.3,4299.7,86,
31.8.2026,21:58:19.110,23.429,15.3,4299.7,86,
31.8.2026,21:58:19.316,23.429,15.3,4299.7,86,
31.8.2026,21:58:19.523,23.429,15.3,4299.7,86,
31.8.2026,21:58:19.714,23.429,15.3,4299.7,86,
31.8.2026,21:58:19.921,23.429,15.3,4299.7,86,
31.8.2026,21:58:20.128,23.429,15.3,4299.7,86,
31.8.2026,21:58:20.336,23.429,15.3,4299.7,86,
31.8.2026,21:58:20.542,23.429,15.6,4299.7,86,
31.8.2026,21:58:20.748,23.302,15.6,4299.7,85,
31.8.2026,21:58:20.955,23.302,15.6,4299.7,85,
31.8.2026,21:58:21.162,23.302,15.6,4299.7,85,
31.8.2026,21:58:21.368,23.302,15.6,4299.7,85,
31.8.2026,21:58:21.559,23.302,15.6,4299.7,85,
31.8.2026,21:58:21.766,23.302,15.6,4299.7,85,
31.8.2026,21:58:21.973,23.302,15.6,4299.7,85,
31.8.2026,21:58:22.179,23.302,15.6,4299.7,85,
31.8.2026,21:58:22.370,23.302,15.6,4299.7,85,
31.8.2026,21:58:22.576,23.302,15.6,4299.7,85,
31.8.2026,21:58:22.783,23.302,15.6,4299.7,85,
31.8.2026,21:58:22.991,23.302,15.6,4299.7,85,
31.8.2026,21:58:23.197,23.302,15.6,4299.7,85,
31.8.2026,21:58:23.387,23.302,15.6,4299.7,85,
31.8.2026,21:58:23.594,23.302,15.6,4299.7,85,
31.8.2026,21:58:23.801,23.482,15.6,4299.7,85,
31.8.2026,21:58:24.007,23.482,15.6,4299.7,85,
31.8.2026,21:58:24.214,23.482,15.6,4299.7,85,
31.8.2026,21:58:24.420,23.482,15.6,4299.7,85,
31.8.2026,21:58:24.628,23.482,15.6,4299.7,85,
31.8.2026,21:58:24.835,23.482,15.6,4299.7,85,
31.8.2026,21:58:25.042,23.482,15.6,4299.7,85,
31.8.2026,21:58:25.249,23.482,15.6,4299.7,85,
31.8.2026,21:58:25.456,23.482,15.6,4299.7,85,
31.8.2026,21:58:25.660,23.482,15.6,4299.7,85,
31.8.2026,21:58:25.866,23.482,15.6,4299.7,85,
31.8.2026,21:58:26.073,23.482,15.6,4299.7,85,
31.8.2026,21:58:26.279,23.482,15.6,4299.7,85,
31.8.2026,21:58:26.486,23.482,15.6,4299.7,85,
31.8.2026,21:58:26.692,23.482,15.6,4299.7,85,
31.8.2026,21:58:26.899,23.482,15.6,4299.7,85,
31.8.2026,21:58:27.089,23.482,15.6,4299.7,85,
31.8.2026,21:58:27.296,23.482,15.6,4299.7,85,
31.8.2026,21:58:27.502,23.482,15.6,4299.7,85,
31.8.2026,21:58:27.709,23.482,15.6,4299.7,85,
31.8.2026,21:58:27.916,23.482,15.6,4299.7,85,
31.8.2026,21:58:28.123,23.482,15.6,4299.7,85,
31.8.2026,21:58:28.330,23.482,15.6,4299.7,85,
31.8.2026,21:58:28.537,23.482,15.6,4299.7,85,
31.8.2026,21:58:28.743,23.482,15.6,4299.7,85,
31.8.2026,21:58:28.934,23.482,14.4,4099.7,83,
31.8.2026,21:58:29.141,23.482,14.4,4099.7,83,
31.8.2026,21:58:29.347,23.482,14.4,4099.7,83,
31.8.2026,21:58:29.554,23.482,14.4,4099.7,83,
31.8.2026,21:58:29.760,23.482,14.4,4099.7,83,
31.8.2026,21:58:29.968,23.482,14.4,4099.7,83,
31.8.2026,21:58:30.175,23.482,14.4,4099.7,83,
31.8.2026,21:58:30.382,23.482,14.4,4099.7,83,
31.8.2026,21:58:30.588,23.482,14.4,4099.7,83,
31.8.2026,21:58:30.795,23.482,14.4,4099.7,83,
31.8.2026,21:58:31.001,23.482,14.4,4099.7,83,
31.8.2026,21:58:31.208,23.482,14.4,4099.7,83,
31.8.2026,21:58:31.415,23.482,14.4,4099.7,83,
31.8.2026,21:58:31.605,23.482,14.4,4099.7,83,
31.8.2026,21:58:31.812,23.482,14.4,4099.7,83,
31.8.2026,21:58:32.019,23.482,14.4,4099.7,83,
31.8.2026,21:58:32.225,23.482,14.4,4099.7,83,
31.8.2026,21:58:32.432,23.482,14.4,4099.7,83,
31.8.2026,21:58:32.622,23.482,14.4,4099.7,83,
31.8.2026,21:58:32.829,23.482,14.4,4099.7,83,
31.8.2026,21:58:33.035,23.482,14.4,4099.7,83,
31.8.2026,21:58:33.242,23.482,14.4,4099.7,83,
31.8.2026,21:58:33.448,23.482,14.4,4099.7,83,
31.8.2026,21:58:33.640,23.482,28.1,4299.7,86,
31.8.2026,21:58:33.847,23.273,28.1,4299.7,86,
31.8.2026,21:58:34.054,23.273,28.1,4299.7,86,
31.8.2026,21:58:34.261,23.273,28.1,4299.7,86,
31.8.2026,21:58:34.451,23.273,28.1,4299.7,86,
31.8.2026,21:58:34.659,23.273,28.1,4299.7,86,
31.8.2026,21:58:34.862,23.273,28.1,4299.7,86,
31.8.2026,21:58:35.070,23.273,28.1,4299.7,86,
31.8.2026,21:58:35.277,23.273,28.1,4299.7,86,
31.8.2026,21:58:35.484,23.273,28.1,4299.7,86,
31.8.2026,21:58:35.690,23.273,28.1,4299.7,86,
31.8.2026,21:58:35.897,23.273,28.1,4299.7,86,
31.8.2026,21:58:36.103,23.273,28.1,4299.7,86,
31.8.2026,21:58:36.310,23.273,28.1,4299.7,86,
31.8.2026,21:58:36.517,23.273,28.1,4299.7,86,
31.8.2026,21:58:36.723,23.273,28.1,4299.7,86,
31.8.2026,21:58:36.929,23.273,28.1,4299.7,86,
31.8.2026,21:58:37.136,23.273,28.1,4299.7,86,
31.8.2026,21:58:37.343,23.273,28.1,4299.7,86,
31.8.2026,21:58:37.549,23.273,28.1,4299.7,86,
31.8.2026,21:58:37.756,23.273,28.1,4299.7,86,
31.8.2026,21:58:37.962,23.273,28.1,4299.7,86,
31.8.2026,21:58:38.153,23.273,28.1,4299.7,86,
31.8.2026,21:58:38.360,23.273,16.2,4199.7,86,
31.8.2026,21:58:38.567,23.607,16.2,4199.7,86,
31.8.2026,21:58:38.773,23.607,16.2,4199.7,86,
31.8.2026,21:58:38.979,23.607,16.2,4199.7,86,
31.8.2026,21:58:39.186,23.607,16.2,4199.7,86,
31.8.2026,21:58:39.393,23.607,16.2,4199.7,86,
31.8.2026,21:58:39.599,23.607,16.2,4199.7,86,
31.8.2026,21:58:39.806,23.607,16.2,4199.7,86,
31.8.2026,21:58:39.996,23.607,16.2,4199.7,86,
31.8.2026,21:58:40.202,23.607,16.2,4199.7,86,
31.8.2026,21:58:40.409,23.607,16.2,4199.7,86,
31.8.2026,21:58:40.616,23.607,16.2,4199.7,86,
31.8.2026,21:58:40.822,23.607,16.2,4199.7,86,
31.8.2026,21:58:41.029,23.607,16.2,4199.7,86,
31.8.2026,21:58:41.236,23.607,16.2,4199.7,86,
31.8.2026,21:58:41.443,23.607,16.2,4199.7,86,
31.8.2026,21:58:41.650,23.607,16.2,4199.7,86,
31.8.2026,21:58:41.841,23.607,16.2,4199.7,86,
31.8.2026,21:58:42.048,23.607,16.2,4199.7,86,
31.8.2026,21:58:42.254,23.607,16.2,4199.7,86,
31.8.2026,21:58:42.461,23.607,16.2,4199.7,86,
31.8.2026,21:58:42.653,23.607,16.2,4199.7,86,
31.8.2026,21:58:42.859,23.607,16.2,4199.7,86,
31.8.2026,21:58:43.066,23.607,16.2,4199.7,86,
31.8.2026,21:58:43.275,23.258,15.4,4299.7,87,
31.8.2026,21:58:43.464,23.258,15.4,4299.7,87,
31.8.2026,21:58:43.671,23.258,15.4,4299.7,87,
31.8.2026,21:58:43.878,23.258,15.4,4299.7,87,
31.8.2026,21:58:44.085,23.258,15.4,4299.7,87,
31.8.2026,21:58:44.291,23.258,15.4,4299.7,87,
31.8.2026,21:58:44.482,23.258,15.4,4299.7,87,
31.8.2026,21:58:44.689,23.258,15.4,4299.7,87,
31.8.2026,21:58:44.895,23.258,15.4,4299.7,87,
31.8.2026,21:58:45.102,23.258,15.4,4299.7,87,
31.8.2026,21:58:45.293,23.258,15.4,4299.7,87,
31.8.2026,21:58:45.499,23.258,15.4,4299.7,87,
31.8.2026,21:58:45.706,23.258,15.4,4299.7,87,
31.8.2026,21:58:45.913,23.258,15.4,4299.7,87,
31.8.2026,21:58:46.119,23.258,15.4,4299.7,87,
31.8.2026,21:58:46.326,23.258,15.4,4299.7,87,
31.8.2026,21:58:46.533,23.258,15.4,4299.7,87,
31.8.2026,21:58:46.740,23.258,15.4,4299.7,87,
31.8.2026,21:58:46.947,23.258,15.4,4299.7,87,
31.8.2026,21:58:47.138,23.258,15.4,4299.7,87,
31.8.2026,21:58:47.343,23.258,15.4,4299.7,87,
31.8.2026,21:58:47.551,23.258,15.4,4299.7,87,
31.8.2026,21:58:47.757,23.258,15.4,4299.7,87,
31.8.2026,21:58:47.948,23.258,15.4,4299.7,86,
31.8.2026,21:58:48.155,23.239,15.4,4299.7,86,
31.8.2026,21:58:48.363,23.239,15.4,4299.7,86,
31.8.2026,21:58:48.570,23.239,15.4,4299.7,86,
31.8.2026,21:58:48.761,23.239,15.4,4299.7,86,
31.8.2026,21:58:48.968,23.239,15.4,4299.7,86,
31.8.2026,21:58:49.175,23.239,15.4,4299.7,86,
31.8.2026,21:58:49.382,23.239,15.4,4299.7,86,
31.8.2026,21:58:49.588,23.239,15.4,4299.7,86,
31.8.2026,21:58:49.795,23.239,15.4,4299.7,86,
31.8.2026,21:58:50.002,23.239,15.4,4299.7,86,
31.8.2026,21:58:50.209,23.239,15.4,4299.7,86,
31.8.2026,21:58:50.415,23.239,15.4,4299.7,86,
31.8.2026,21:58:50.606,23.239,15.4,4299.7,86,
31.8.2026,21:58:50.813,23.239,15.4,4299.7,86,
31.8.2026,21:58:51.020,23.239,15.4,4299.7,86,
31.8.2026,21:58:51.227,23.239,15.4,4299.7,86,
31.8.2026,21:58:51.417,23.239,15.4,4299.7,86,
31.8.2026,21:58:51.624,23.239,15.4,4299.7,86,
31.8.2026,21:58:51.831,23.239,15.4,4299.7,86,
31.8.2026,21:58:52.038,23.239,15.4,4299.7,86,
31.8.2026,21:58:52.245,23.239,15.4,4299.7,86,
31.8.2026,21:58:52.451,23.239,15.4,4299.7,86,
31.8.2026,21:58:52.658,23.239,15.4,4299.7,86,
31.8.2026,21:58:52.865,23.239,15.4,4299.7,86,
31.8.2026,21:58:53.072,23.239,15.4,4299.7,86,
31.8.2026,21:58:53.263,23.239,15.4,4299.7,86,
31.8.2026,21:58:53.470,23.239,15.4,4299.7,86,
31.8.2026,21:58:53.676,23.239,15.4,4299.7,86,
31.8.2026,21:58:53.883,23.239,15.4,4299.7,86,
31.8.2026,21:58:54.074,23.239,15.4,4299.7,86,
31.8.2026,21:58:54.284,23.239,15.4,4299.7,86,
31.8.2026,21:58:54.488,23.239,15.4,4299.7,86,
31.8.2026,21:58:54.696,23.239,15.4,4299.7,86,
31.8.2026,21:58:54.901,23.239,15.4,4299.7,86,
31.8.2026,21:58:55.110,23.062,15.5,4299.7,86,
31.8.2026,21:58:55.317,23.062,15.5,4299.7,86,
31.8.2026,21:58:55.521,23.062,15.5,4299.7,86,
31.8.2026,21:58:55.728,23.062,15.5,4299.7,86,
31.8.2026,21:58:55.921,23.062,15.5,4299.7,86,
31.8.2026,21:58:56.127,23.062,15.5,4299.7,86,
31.8.2026,21:58:56.334,23.062,15.5,4299.7,86,
31.8.2026,21:58:56.542,23.062,15.5,4299.7,86,
31.8.2026,21:58:56.732,23.062,15.5,4299.7,86,
31.8.2026,21:58:56.939,23.062,15.5,4299.7,86,
31.8.2026,21:58:57.145,23.062,15.5,4299.7,86,
31.8.2026,21:58:57.352,23.062,15.5,4299.7,86,
31.8.2026,21:58:57.542,23.062,15.5,4299.7,86,
31.8.2026,21:58:57.750,23.062,15.5,4299.7,86,
31.8.2026,21:58:57.957,23.062,15.5,4299.7,86,
31.8.2026,21:58:58.163,23.062,15.5,4299.7,86,
31.8.2026,21:58:58.370,23.062,15.5,4299.7,86,
31.8.2026,21:58:58.560,23.062,15.5,4299.7,86,
31.8.2026,21:58:58.767,23.062,15.5,4299.7,86,
31.8.2026,21:58:58.974,23.062,15.5,4299.7,86,
31.8.2026,21:58:59.181,23.062,15.5,4299.7,86,
31.8.2026,21:58:59.387,23.062,15.5,4299.7,86,
31.8.2026,21:58:59.594,23.062,15.5,4299.7,86,
31.8.2026,21:58:59.801,23.062,15.5,4299.7,86,
31.8.2026,21:59:0.008,23.062,15.5,4299.7,86,
31.8.2026,21:59:0.215,23.062,15.5,4299.7,86,
31.8.2026,21:59:0.419,23.062,15.5,4299.7,86,
31.8.2026,21:59:0.626,23.062,15.5,4299.7,86,
31.8.2026,21:59:0.838,23.188,21.1,4099.7,68,
31.8.2026,21:59:1.029,25.396,10.9,4099.7,86,
31.8.2026,21:59:1.238,8.269,4.3,4699.7,62,
31.8.2026,21:59:1.433,10.033,5.2,4099.7,62,
31.8.2026,21:59:1.640,9.831,8.3,4099.7,57,
31.8.2026,21:59:1.846,10.139,5.7,4699.7,55,
31.8.2026,21:59:2.053,10.574,3.7,4099.7,54,
31.8.2026,21:59:2.259,9.688,5.0,4699.7,52,
31.8.2026,21:59:2.454,10.418,8.5,4699.7,52,
31.8.2026,21:59:2.662,10.461,4.7,4099.7,53,
31.8.2026,21:59:2.856,9.723,3.6,4099.7,53,
31.8.2026,21:59:3.072,9.854,8.5,4099.7,52,
31.8.2026,21:59:3.275,10.964,4.3,4099.7,53,
31.8.2026,21:59:3.469,10.530,8.2,4699.7,52,
31.8.2026,21:59:3.681,9.886,3.0,500.0,52,
31.8.2026,21:59:3.875,10.171,8.3,4699.7,52,
31.8.2026,21:59:4.086,9.965,4.9,4099.7,54,
31.8.2026,21:59:4.290,10.542,5.5,4099.7,65,
31.8.2026,21:59:4.486,9.541,6.6,4099.7,54,
31.8.2026,21:59:4.694,8.846,2.6,4099.7,53,
31.8.2026,21:59:4.902,8.709,2.7,4099.7,50,
31.8.2026,21:59:5.110,8.010,14.3,4099.7,51,
31.8.2026,21:59:5.319,9.082,2.8,4099.7,51,
31.8.2026,21:59:5.524,8.013,7.0,4099.7,50,
31.8.2026,21:59:5.728,7.815,1.4,4099.7,52,
31.8.2026,21:59:5.935,8.494,6.9,4099.7,52,
31.8.2026,21:59:6.143,8.479,6.2,4099.7,51,
31.8.2026,21:59:6.355,8.585,2.4,4099.7,51,
31.8.2026,21:59:6.566,9.014,7.3,4099.7,52,
31.8.2026,21:59:6.779,8.791,3.3,4699.7,51,
31.8.2026,21:59:6.984,8.430,8.0,4099.7,50,
31.8.2026,21:59:7.191,8.079,5.8,3499.8,50,
31.8.2026,21:59:7.403,8.920,1.8,4699.7,50,
31.8.2026,21:59:7.615,8.222,7.0,4699.7,50,
31.8.2026,21:59:7.825,7.936,3.5,4699.7,51,
31.8.2026,21:59:8.040,8.120,9.2,4699.7,50,
31.8.2026,21:59:8.244,8.120,3.2,4099.7,54,
31.8.2026,21:59:8.453,9.442,6.3,4699.7,50,
31.8.2026,21:59:8.657,8.127,4.4,4099.7,53,
31.8.2026,21:59:8.866,8.459,3.4,4099.7,51,
31.8.2026,21:59:9.072,8.640,6.3,4099.7,58,
31.8.2026,21:59:9.271,9.319,7.6,4099.7,51,
31.8.2026,21:59:9.475,9.796,3.0,4099.7,50,
31.8.2026,21:59:9.681,9.102,5.1,4099.7,51,
31.8.2026,21:59:9.874,9.043,4.7,4699.7,49,
31.8.2026,21:59:10.081,8.591,7.7,4099.7,50,
31.8.2026,21:59:10.290,8.365,1.9,4099.7,50,
31.8.2026,21:59:10.495,8.510,5.0,4099.7,48,
31.8.2026,21:59:10.684,8.193,9.8,4099.7,51,
31.8.2026,21:59:10.903,9.326,2.4,4099.7,49,
31.8.2026,21:59:11.110,8.861,9.1,4099.7,49,
31.8.2026,21:59:11.320,9.226,4.6,4099.7,50,
31.8.2026,21:59:11.531,8.533,2.7,4099.7,49,
31.8.2026,21:59:11.737,8.663,7.8,4099.7,49,
31.8.2026,21:59:11.946,8.295,4.7,4099.7,50,
31.8.2026,21:59:12.137,8.695,8.3,4099.7,50,
31.8.2026,21:59:12.343,8.482,7.4,4099.7,52,
31.8.2026,21:59:12.554,8.884,3.0,4099.7,52,
31.8.2026,21:59:12.765,8.889,2.3,4099.7,51,
31.8.2026,21:59:12.978,8.628,5.6,4099.7,51,
31.8.2026,21:59:13.168,8.326,9.2,4099.7,48,
31.8.2026,21:59:13.379,10.159,5.2,4099.7,48,
31.8.2026,21:59:13.586,10.044,5.3,4099.7,48,
31.8.2026,21:59:13.778,10.077,9.3,4099.7,48,
31.8.2026,21:59:13.988,9.696,5.9,4099.7,48,
31.8.2026,21:59:14.185,9.967,8.4,4099.7,48,
31.8.2026,21:59:14.393,9.384,5.1,4099.7,48,
31.8.2026,21:59:14.598,10.366,5.5,4099.7,47,
31.8.2026,21:59:14.807,9.916,4.2,4099.7,48,
31.8.2026,21:59:14.996,9.461,9.3,4099.7,48,
31.8.2026,21:59:15.206,9.461,6.7,4099.7,47,
31.8.2026,21:59:15.412,9.863,5.1,400.0,47,
31.8.2026,21:59:15.622,9.863,5.9,4699.7,49,
31.8.2026,21:59:15.829,10.033,7.9,4099.7,48,
31.8.2026,21:59:16.036,10.507,5.7,4099.7,47,
31.8.2026,21:59:16.247,9.762,4.3,4099.7,47,
31.8.2026,21:59:16.458,9.407,9.1,4699.7,47,
31.8.2026,21:59:16.664,10.098,2.5,4099.7,48,
31.8.2026,21:59:16.855,8.131,8.4,4099.7,49,
31.8.2026,21:59:17.066,7.894,2.5,4699.7,47,
31.8.2026,21:59:17.276,8.553,7.0,4699.7,46,
31.8.2026,21:59:17.464,8.603,6.5,4099.7,47,
31.8.2026,21:59:17.675,7.935,2.0,4699.7,47,
31.8.2026,21:59:17.884,8.132,3.1,4699.7,47,
31.8.2026,21:59:18.077,8.197,7.8,4699.7,47,
31.8.2026,21:59:18.283,7.844,3.4,4699.7,46,
31.8.2026,21:59:18.490,8.464,3.3,4099.7,46,
31.8.2026,21:59:18.700,8.572,2.5,4699.7,47,
31.8.2026,21:59:18.889,7.975,2.5,4699.7,47,
31.8.2026,21:59:19.101,8.241,8.9,4699.7,46,
31.8.2026,21:59:19.292,8.672,4.6,4099.7,47,
31.8.2026,21:59:19.501,9.091,8.3,4699.7,79,
31.8.2026,21:59:19.713,7.989,2.1,4099.7,61,
31.8.2026,21:59:19.904,7.989,6.8,4099.7,75,
31.8.2026,21:59:20.111,7.984,7.9,4699.7,68,
31.8.2026,21:59:20.312,8.991,3.7,4099.7,67,
31.8.2026,21:59:20.516,8.314,8.0,4099.7,59,
31.8.2026,21:59:20.726,8.845,4.9,4099.7,62,
31.8.2026,21:59:20.930,8.335,3.0,4099.7,67,
31.8.2026,21:59:21.125,8.964,3.9,4099.7,65,
31.8.2026,21:59:21.331,8.215,8.3,4099.7,53,
31.8.2026,21:59:21.541,9.110,4.9,4099.7,58,
31.8.2026,21:59:21.737,8.844,2.9,4099.7,49,
31.8.2026,21:59:21.949,8.505,4.3,4099.7,49,
31.8.2026,21:59:22.159,8.854,8.1,4099.7,49,
31.8.2026,21:59:22.366,8.383,1.8,4699.7,46,
31.8.2026,21:59:22.573,7.723,7.1,4099.7,49,
31.8.2026,21:59:22.782,8.118,6.2,4099.7,48,
31.8.2026,21:59:22.986,8.175,3.9,4699.7,48,
31.8.2026,21:59:23.200,7.846,3.8,4699.7,46,
31.8.2026,21:59:23.406,8.031,10.5,4099.7,48,
31.8.2026,21:59:23.617,8.709,2.3,4099.7,46,
31.8.2026,21:59:23.808,8.191,6.1,4699.7,47,
31.8.2026,21:59:24.015,8.009,7.2,4099.7,47,
31.8.2026,21:59:24.232,8.033,4.6,4099.7,46,
31.8.2026,21:59:24.439,8.168,4.0,4699.7,47,
31.8.2026,21:59:24.649,8.177,4.8,4699.7,46,
31.8.2026,21:59:24.847,7.793,5.6,4699.7,46,
31.8.2026,21:59:25.057,7.959,7.4,4099.7,45,
31.8.2026,21:59:25.248,8.768,7.1,4099.7,49,
31.8.2026,21:59:25.456,9.247,3.1,4099.7,47,
31.8.2026,21:59:25.669,8.882,5.4,4099.7,47,
31.8.2026,21:59:25.878,8.814,6.5,4699.7,46,
31.8.2026,21:59:26.086,8.155,4.3,4699.7,47,
31.8.2026,21:59:26.291,8.933,2.5,4099.7,45,
31.8.2026,21:59:26.499,8.420,10.5,4099.7,46,
31.8.2026,21:59:26.705,8.427,2.5,4099.7,45,
31.8.2026,21:59:26.917,8.675,2.8,4099.7,45,
31.8.2026,21:59:27.123,8.259,10.1,4099.7,46,
31.8.2026,21:59:27.335,8.718,5.4,4099.7,45,
31.8.2026,21:59:27.527,9.290,2.5,4699.7,46,
31.8.2026,21:59:27.734,8.734,7.8,4699.7,45,
31.8.2026,21:59:27.951,8.646,5.3,4699.7,45,
31.8.2026,21:59:28.163,9.142,11.5,4099.7,45,
31.8.2026,21:59:28.375,8.348,1.3,4699.7,45,
31.8.2026,21:59:28.580,8.037,6.0,4099.7,46,
31.8.2026,21:59:28.789,8.632,5.0,4099.7,47,
31.8.2026,21:59:29.000,8.690,5.1,4099.7,47,
31.8.2026,21:59:29.205,8.646,9.7,4699.7,46,
31.8.2026,21:59:29.411,7.947,3.2,4699.7,47,
31.8.2026,21:59:29.619,9.058,5.6,4699.7,47,
31.8.2026,21:59:29.830,8.361,6.0,4099.7,46,
31.8.2026,21:59:30.036,8.713,5.6,4699.7,46,
31.8.2026,21:59:30.243,8.161,3.0,4699.7,46,
31.8.2026,21:59:30.436,8.039,11.4,4099.7,46,
31.8.2026,21:59:30.642,8.306,1.7,4699.7,46,
31.8.2026,21:59:30.852,8.087,6.1,4099.7,46,
31.8.2026,21:59:31.047,8.209,3.2,4699.7,47,
31.8.2026,21:59:31.253,9.315,6.2,4099.7,46,
31.8.2026,21:59:31.462,9.236,5.1,4099.7,46,
31.8.2026,21:59:31.652,9.735,6.7,4699.7,46,
31.8.2026,21:59:31.860,8.307,4.3,4699.7,46,
31.8.2026,21:59:32.071,8.618,5.7,4099.7,46,
31.8.2026,21:59:32.261,9.217,3.9,4099.7,45,
31.8.2026,21:59:32.479,9.234,7.1,4699.7,44,
31.8.2026,21:59:32.668,8.206,6.9,4099.7,46,
31.8.2026,21:59:32.877,8.341,6.4,3699.8,45,
31.8.2026,21:59:33.084,8.668,2.1,4099.7,44,
31.8.2026,21:59:33.293,8.222,4.1,4699.7,46,
31.8.2026,21:59:33.498,9.597,7.3,4699.7,45,
31.8.2026,21:59:33.710,9.000,3.4,4099.7,46,
31.8.2026,21:59:33.905,8.579,9.7,4099.7,45,
31.8.2026,21:59:34.116,8.349,2.3,4099.7,45,
31.8.2026,21:59:34.329,8.801,3.7,4099.7,44,
31.8.2026,21:59:34.541,7.828,9.4,4099.7,46,
31.8.2026,21:59:34.732,8.000,5.0,4699.7,45,
31.8.2026,21:59:34.940,8.687,4.7,4699.7,44,
31.8.2026,21:59:35.150,9.100,2.8,4099.7,44,
31.8.2026,21:59:35.361,9.922,5.7,3099.8,45,
31.8.2026,21:59:35.572,8.718,7.0,4099.7,45,
31.8.2026,21:59:35.764,8.810,9.0,4099.7,45,
31.8.2026,21:59:35.971,8.863,2.6,4099.7,45,
31.8.2026,21:59:36.183,9.116,2.5,4099.7,44,
31.8.2026,21:59:36.379,9.116,5.9,4099.7,45,
31.8.2026,21:59:36.591,8.936,6.1,4099.7,45,
31.8.2026,21:59:36.804,8.611,4.9,4099.7,45,
31.8.2026,21:59:37.011,8.226,2.7,4099.7,45,
31.8.2026,21:59:37.219,8.367,6.6,4099.7,45,
31.8.2026,21:59:37.431,8.023,5.4,4099.7,45,
31.8.2026,21:59:37.624,8.392,8.5,4099.7,46,
31.8.2026,21:59:37.829,9.450,3.2,4099.7,44,
31.8.2026,21:59:38.037,9.304,5.5,4099.7,45,
31.8.2026,21:59:38.242,9.402,3.8,4099.7,44,
31.8.2026,21:59:38.436,9.382,8.3,4099.7,44,
31.8.2026,21:59:38.644,9.052,3.8,4099.7,44,
31.8.2026,21:59:38.851,9.844,5.3,4099.7,45,
31.8.2026,21:59:39.042,9.619,7.3,4099.7,45,
31.8.2026,21:59:39.252,9.469,3.5,4099.7,44,
31.8.2026,21:59:39.458,10.182,6.0,500.0,44,
31.8.2026,21:59:39.664,8.853,4.1,4099.7,44,
31.8.2026,21:59:39.870,9.455,8.5,4099.7,44,
31.8.2026,21:59:40.078,9.506,5.7,4099.7,44,
31.8.2026,21:59:40.288,9.393,3.9,4099.7,44,
31.8.2026,21:59:40.481,9.433,9.7,4099.7,44,
31.8.2026,21:59:40.686,9.148,3.0,4099.7,43,
31.8.2026,21:59:40.894,9.761,6.5,4099.7,44,
31.8.2026,21:59:41.099,9.877,3.8,4099.7,44,
31.8.2026,21:59:41.305,9.818,7.7,4099.7,45,
31.8.2026,21:59:41.495,9.387,13.0,4099.7,45,
31.8.2026,21:59:41.707,8.446,2.2,4099.7,43,
31.8.2026,21:59:41.916,8.265,3.6,4099.7,44,
31.8.2026,21:59:42.132,8.222,7.7,4099.7,45,
31.8.2026,21:59:42.328,8.222,5.1,4099.7,45,
31.8.2026,21:59:42.536,8.317,3.2,4099.7,44,
31.8.2026,21:59:42.744,8.759,4.3,4099.7,45,
31.8.2026,21:59:42.935,8.081,6.1,4099.7,44,
31.8.2026,21:59:43.143,8.472,3.9,4099.7,44,
31.8.2026,21:59:43.350,8.311,3.3,4099.7,45,
31.8.2026,21:59:43.545,9.072,3.3,4099.7,45,
31.8.2026,21:59:43.750,8.298,7.8,4099.7,45,
31.8.2026,21:59:43.960,8.430,3.8,4099.7,44,
31.8.2026,21:59:44.168,8.274,4.2,4099.7,44,
31.8.2026,21:59:44.374,9.395,7.8,4099.7,44,
31.8.2026,21:59:44.581,8.119,6.1,4099.7,44,
31.8.2026,21:59:44.789,8.736,5.1,4099.7,44,
31.8.2026,21:59:44.980,8.052,3.9,4099.7,44,
31.8.2026,21:59:45.189,9.273,9.0,4099.7,59,
31.8.2026,21:59:45.396,7.545,2.3,4099.7,58,
31.8.2026,21:59:45.596,8.602,7.8,4099.7,60,
31.8.2026,21:59:45.802,8.527,6.2,4099.7,62,
31.8.2026,21:59:46.012,7.947,2.3,4099.7,61,
31.8.2026,21:59:46.201,8.134,9.5,4099.7,62,
31.8.2026,21:59:46.412,11.257,5.3,4099.7,47,
31.8.2026,21:59:46.617,9.042,5.5,4099.7,49,
31.8.2026,21:59:46.813,8.427,1.7,4099.7,45,
31.8.2026,21:59:47.025,8.140,7.7,4699.7,45,
31.8.2026,21:59:47.215,7.959,4.5,4699.7,44,
31.8.2026,21:59:47.426,8.623,7.4,4099.7,46,
31.8.2026,21:59:47.632,8.420,4.7,4099.7,45,
31.8.2026,21:59:47.828,7.941,6.7,500.0,44,
31.8.2026,21:59:48.036,8.040,6.2,4699.7,44,
31.8.2026,21:59:48.246,7.932,1.9,4699.7,44,
31.8.2026,21:59:48.443,7.880,6.3,4699.7,44,
31.8.2026,21:59:48.647,8.337,2.9,4699.7,44,
31.8.2026,21:59:48.844,8.626,7.0,4699.7,43,
31.8.2026,21:59:49.052,8.654,6.2,4099.7,44,
31.8.2026,21:59:49.260,8.248,3.9,4099.7,44,
31.8.2026,21:59:49.452,8.790,6.3,4099.7,44,
31.8.2026,21:59:49.669,8.490,5.0,4099.7,44,
31.8.2026,21:59:49.874,7.805,6.8,4699.7,44,
31.8.2026,21:59:50.081,9.791,5.8,3799.7,44,
31.8.2026,21:59:50.287,9.623,4.1,4099.7,44,
31.8.2026,21:59:50.494,9.536,6.9,4099.7,44,
31.8.2026,21:59:50.687,9.989,9.3,4099.7,44,
31.8.2026,21:59:50.893,9.832,5.1,4099.7,44,
31.8.2026,21:59:51.101,9.887,6.6,4099.7,44,
31.8.2026,21:59:51.306,8.404,3.1,4099.7,43,
31.8.2026,21:59:51.498,10.876,13.8,4099.7,44,
31.8.2026,21:59:51.710,10.073,4.6,4099.7,44,
31.8.2026,21:59:51.914,9.108,3.8,4099.7,43,
31.8.2026,21:59:52.105,9.108,10.6,4099.7,44,
31.8.2026,21:59:52.312,9.867,7.1,4099.7,44,
31.8.2026,21:59:52.520,9.539,3.7,4099.7,43,
31.8.2026,21:59:52.726,9.542,4.6,4699.7,43,
31.8.2026,21:59:52.917,9.397,9.6,4099.7,44,
31.8.2026,21:59:53.123,9.461,5.3,4099.7,43,
31.8.2026,21:59:53.333,9.206,4.1,4699.7,44,
31.8.2026,21:59:53.541,9.118,9.7,600.0,43,
31.8.2026,21:59:53.751,9.691,7.2,4099.7,43,
31.8.2026,21:59:53.960,9.706,1.8,4099.7,44,
31.8.2026,21:59:54.152,7.782,11.3,4099.7,43,
31.8.2026,21:59:54.360,7.776,4.5,4099.7,43,
31.8.2026,21:59:54.565,8.202,2.1,4699.7,43,
31.8.2026,21:59:54.777,8.103,3.6,4099.7,44,
31.8.2026,21:59:54.966,8.445,7.6,4099.7,43,
31.8.2026,21:59:55.173,7.927,4.2,4099.7,43,
31.8.2026,21:59:55.381,8.205,4.0,4099.7,43,
31.8.2026,21:59:55.579,8.757,9.5,4699.7,43,
31.8.2026,21:59:55.786,8.334,1.7,4099.7,44,
31.8.2026,21:59:55.995,8.347,3.1,4099.7,45,
31.8.2026,21:59:56.191,8.008,8.3,4699.7,44,
31.8.2026,21:59:56.397,8.074,2.3,4699.7,44,
31.8.2026,21:59:56.603,8.185,6.4,4099.7,45,
31.8.2026,21:59:56.794,8.407,6.4,4099.7,45,
31.8.2026,21:59:57.002,8.186,5.9,4699.7,42,
31.8.2026,21:59:57.209,8.003,3.0,4099.7,42,
31.8.2026,21:59:57.421,8.017,3.5,1299.9,44,
31.8.2026,21:59:57.626,8.408,9.2,4099.7,44,
31.8.2026,21:59:57.836,8.360,4.4,4699.7,43,
31.8.2026,21:59:58.040,7.899,3.3,4699.7,44,
31.8.2026,21:59:58.232,8.179,4.5,4699.7,43,
31.8.2026,21:59:58.442,8.937,8.2,4699.7,70,
31.8.2026,21:59:58.652,8.073,3.8,4099.7,73,
31.8.2026,21:59:58.854,9.822,3.7,4499.7,73,
31.8.2026,21:59:59.051,9.281,6.5,4699.7,69,
31.8.2026,21:59:59.261,7.719,5.9,4099.7,69,
31.8.2026,21:59:59.450,11.370,8.2,4099.7,76,
31.8.2026,21:59:59.660,9.950,12.2,4099.7,61,
31.8.2026,21:59:59.857,7.210,1.9,4099.7,75,
31.8.2026,22:0:0.068,9.473,8.7,3099.8,74,
31.8.2026,22:0:0.272,8.838,1.9,4399.7,61,
31.8.2026,22:0:0.479,8.881,6.3,4099.7,68,
31.8.2026,22:0:0.686,9.703,10.3,4299.7,60,
31.8.2026,22:0:0.892,9.703,10.3,4299.7,60,
31.8.2026,22:0:1.099,19.224,10.3,4299.7,60,
31.8.2026,22:0:1.306,19.224,10.3,4299.7,60,
31.8.2026,22:0:1.497,19.224,10.3,4299.7,60,
31.8.2026,22:0:1.704,19.224,10.3,4299.7,60,
31.8.2026,22:0:1.911,19.224,10.3,4299.7,60,
31.8.2026,22:0:2.118,19.224,10.3,4299.7,60,
31.8.2026,22:0:2.322,19.224,10.3,4299.7,60,
31.8.2026,22:0:2.529,19.224,10.3,4299.7,60,
31.8.2026,22:0:2.736,19.224,10.3,4299.7,60,
31.8.2026,22:0:2.942,19.224,10.3,4299.7,60,
31.8.2026,22:0:3.149,19.224,10.3,4299.7,60,
31.8.2026,22:0:3.340,19.224,10.3,4299.7,60,
31.8.2026,22:0:3.547,19.224,10.3,4299.7,60,
31.8.2026,22:0:3.754,19.224,10.3,4299.7,60,
31.8.2026,22:0:3.961,19.224,10.3,4299.7,60,
31.8.2026,22:0:4.152,19.224,10.3,4299.7,60,
31.8.2026,22:0:4.359,19.224,10.3,4299.7,60,
31.8.2026,22:0:4.565,19.224,10.3,4299.7,60,
31.8.2026,22:0:4.772,19.224,10.3,4299.7,60,
31.8.2026,22:0:4.978,19.224,10.3,4299.7,60,
31.8.2026,22:0:5.169,19.224,10.3,4299.7,60,
31.8.2026,22:0:5.376,19.224,10.3,4299.7,60,
31.8.2026,22:0:5.583,19.224,10.3,4299.7,60,
31.8.2026,22:0:5.790,19.224,10.3,4299.7,60,
31.8.2026,22:0:5.981,19.224,10.3,4299.7,60,
31.8.2026,22:0:6.188,19.224,10.3,4299.7,60,
31.8.2026,22:0:6.393,19.224,10.3,4299.7,60,
31.8.2026,22:0:6.600,19.224,10.5,4499.7,80,
31.8.2026,22:0:6.807,19.224,10.5,4499.7,80,
31.8.2026,22:0:7.014,19.224,10.5,4499.7,80,
31.8.2026,22:0:7.222,19.224,10.5,4499.7,80,
31.8.2026,22:0:7.429,19.224,10.5,4499.7,80,
31.8.2026,22:0:7.636,19.224,10.5,4499.7,80,
31.8.2026,22:0:7.843,19.224,10.5,4499.7,80,
31.8.2026,22:0:8.050,19.224,10.5,4499.7,80,
31.8.2026,22:0:8.257,19.224,10.5,4499.7,80,
31.8.2026,22:0:8.466,19.224,10.5,4499.7,80,
31.8.2026,22:0:8.671,19.224,10.5,4499.7,80,
31.8.2026,22:0:8.878,19.224,10.5,4499.7,80,
31.8.2026,22:0:9.092,19.224,10.5,4499.7,80,
31.8.2026,22:0:9.292,19.224,10.5,4499.7,80,
31.8.2026,22:0:9.500,19.224,10.5,4499.7,80,
31.8.2026,22:0:9.706,19.224,10.5,4499.7,80,
31.8.2026,22:0:9.913,19.224,10.5,4499.7,80,
31.8.2026,22:0:10.118,19.224,10.5,4499.7,80,
31.8.2026,22:0:10.311,19.224,10.5,4499.7,80,
31.8.2026,22:0:10.516,19.224,10.5,4499.7,80,
31.8.2026,22:0:10.723,19.224,10.5,4499.7,80,
31.8.2026,22:0:10.930,19.224,10.5,4499.7,80,
31.8.2026,22:0:11.121,19.224,10.5,4499.7,80,
31.8.2026,22:0:11.328,19.224,15.4,4299.7,86,
31.8.2026,22:0:11.535,24.160,15.4,4299.7,86,
31.8.2026,22:0:11.743,24.160,15.4,4299.7,86,
31.8.2026,22:0:11.933,24.160,15.4,4299.7,86,
31.8.2026,22:0:12.140,24.160,15.4,4299.7,86,
31.8.2026,22:0:12.348,24.160,15.4,4299.7,86,
31.8.2026,22:0:12.554,24.160,15.4,4299.7,86,
31.8.2026,22:0:12.761,24.160,15.4,4299.7,86,
31.8.2026,22:0:12.968,24.160,15.4,4299.7,86,
31.8.2026,22:0:13.183,24.160,15.4,4299.7,86,
31.8.2026,22:0:13.381,24.160,15.4,4299.7,86,
31.8.2026,22:0:13.575,24.160,15.4,4299.7,86,
31.8.2026,22:0:13.778,24.160,15.4,4299.7,86,
31.8.2026,22:0:13.986,24.160,15.4,4299.7,86,
31.8.2026,22:0:14.192,24.160,15.4,4299.7,86,
31.8.2026,22:0:14.399,24.160,15.4,4299.7,86,
31.8.2026,22:0:14.590,24.160,15.4,4299.7,86,
31.8.2026,22:0:14.797,24.160,15.4,4299.7,86,
31.8.2026,22:0:15.004,24.160,15.4,4299.7,86,
31.8.2026,22:0:15.210,24.160,15.4,4299.7,86,
31.8.2026,22:0:15.417,24.160,15.4,4299.7,86,
31.8.2026,22:0:15.624,24.160,15.4,4299.7,86,
31.8.2026,22:0:15.831,24.160,15.4,4299.7,86,
31.8.2026,22:0:16.038,24.160,15.7,4099.7,86,
31.8.2026,22:0:16.245,23.727,15.7,4099.7,86,
31.8.2026,22:0:16.435,23.727,15.7,4099.7,86,
31.8.2026,22:0:16.641,23.727,15.7,4099.7,86,
31.8.2026,22:0:16.849,23.727,15.7,4099.7,86,
31.8.2026,22:0:17.056,23.932,15.7,4099.7,86,
31.8.2026,22:0:17.247,23.932,15.7,4099.7,86,
31.8.2026,22:0:17.454,23.932,15.7,4099.7,86,
31.8.2026,22:0:17.661,23.932,15.7,4099.7,86,
31.8.2026,22:0:17.865,23.932,15.7,4099.7,86,
31.8.2026,22:0:18.072,23.932,15.7,4099.7,86,
31.8.2026,22:0:18.262,23.932,15.7,4099.7,86,
31.8.2026,22:0:18.469,23.932,15.7,4099.7,86,
31.8.2026,22:0:18.675,23.932,15.7,4099.7,86,
31.8.2026,22:0:18.884,23.932,15.7,4099.7,86,
31.8.2026,22:0:19.089,23.932,15.7,4099.7,86,
31.8.2026,22:0:19.296,23.932,15.7,4099.7,86,
31.8.2026,22:0:19.503,23.932,15.7,4099.7,86,
31.8.2026,22:0:19.710,23.932,15.7,4099.7,86,
31.8.2026,22:0:19.915,23.932,15.7,4099.7,86,
31.8.2026,22:0:20.107,23.932,15.7,4099.7,86,
31.8.2026,22:0:20.313,23.932,15.7,4099.7,86,
31.8.2026,22:0:20.519,23.932,15.7,4099.7,86,
31.8.2026,22:0:20.726,23.932,15.7,4099.7,86,
31.8.2026,22:0:20.933,23.932,15.7,4099.7,86,
31.8.2026,22:0:21.140,23.932,15.7,4099.7,86,
31.8.2026,22:0:21.346,23.932,15.7,4099.7,86,
31.8.2026,22:0:21.554,23.932,15.7,4099.7,86,
31.8.2026,22:0:21.760,23.932,15.7,4099.7,86,
31.8.2026,22:0:21.951,23.932,15.7,4099.7,86,
31.8.2026,22:0:22.158,23.932,15.4,4099.7,85,
31.8.2026,22:0:22.365,23.932,15.4,4099.7,85,
31.8.2026,22:0:22.572,23.932,15.4,4099.7,85,
31.8.2026,22:0:22.779,23.932,15.4,4099.7,85,
31.8.2026,22:0:22.982,23.932,15.4,4099.7,85,
31.8.2026,22:0:23.189,23.932,15.4,4099.7,85,
31.8.2026,22:0:23.396,23.932,15.4,4099.7,85,
31.8.2026,22:0:23.603,23.932,15.4,4099.7,85,
31.8.2026,22:0:23.796,23.932,15.4,4099.7,85,
31.8.2026,22:0:24.003,23.932,15.4,4099.7,85,
31.8.2026,22:0:24.210,23.932,15.4,4099.7,85,
31.8.2026,22:0:24.414,23.932,15.4,4099.7,85,
31.8.2026,22:0:24.607,23.932,15.4,4099.7,85,
31.8.2026,22:0:24.811,23.932,15.4,4099.7,85,
31.8.2026,22:0:25.017,23.932,15.4,4099.7,85,
31.8.2026,22:0:25.224,23.932,15.4,4099.7,85,
31.8.2026,22:0:25.431,23.932,15.4,4099.7,85,
31.8.2026,22:0:25.621,23.932,15.4,4099.7,85,
31.8.2026,22:0:25.828,23.932,15.4,4099.7,85,
31.8.2026,22:0:26.034,23.932,15.4,4099.7,85,
31.8.2026,22:0:26.240,23.932,15.4,4099.7,85,
31.8.2026,22:0:26.446,23.932,15.4,4099.7,85,
31.8.2026,22:0:26.636,23.932,15.4,4099.7,85,
31.8.2026,22:0:26.843,23.932,15.4,4099.7,85,
31.8.2026,22:0:27.049,23.464,22.8,4199.7,82,
31.8.2026,22:0:27.256,23.464,22.8,4199.7,82,
31.8.2026,22:0:27.462,23.464,22.8,4199.7,82,
31.8.2026,22:0:27.653,23.464,22.8,4199.7,82,
31.8.2026,22:0:27.859,23.464,22.8,4199.7,82,
31.8.2026,22:0:28.067,23.464,22.8,4199.7,82,
31.8.2026,22:0:28.273,23.464,22.8,4199.7,82,
31.8.2026,22:0:28.480,23.464,22.8,4199.7,82,
31.8.2026,22:0:28.686,23.464,22.8,4199.7,82,
31.8.2026,22:0:28.893,23.464,22.8,4199.7,82,
31.8.2026,22:0:29.099,23.464,22.8,4199.7,82,
31.8.2026,22:0:29.306,23.464,22.8,4199.7,82,
31.8.2026,22:0:29.499,23.464,22.8,4199.7,82,
31.8.2026,22:0:29.703,23.464,22.8,4199.7,82,
31.8.2026,22:0:29.910,23.464,22.8,4199.7,82,
31.8.2026,22:0:30.117,23.464,22.8,4199.7,82,
31.8.2026,22:0:30.324,23.464,22.8,4199.7,82,
31.8.2026,22:0:30.530,23.464,22.8,4199.7,82,
31.8.2026,22:0:30.737,23.464,22.8,4199.7,82,
31.8.2026,22:0:30.944,23.464,22.8,4199.7,82,
31.8.2026,22:0:31.150,23.464,22.8,4199.7,82,
31.8.2026,22:0:31.340,23.464,22.8,4199.7,82,
31.8.2026,22:0:31.548,23.464,22.8,4199.7,82,
31.8.2026,22:0:31.755,23.464,15.4,4299.7,86,
31.8.2026,22:0:31.962,23.222,15.4,4299.7,86,
31.8.2026,22:0:32.153,23.222,15.4,4299.7,86,
31.8.2026,22:0:32.359,23.222,15.4,4299.7,86,
31.8.2026,22:0:32.566,23.222,15.4,4299.7,86,
31.8.2026,22:0:32.773,23.222,15.4,4299.7,86,
31.8.2026,22:0:32.979,23.222,15.4,4299.7,86,
31.8.2026,22:0:33.170,23.222,15.4,4299.7,86,
31.8.2026,22:0:33.377,23.222,15.4,4299.7,86,
31.8.2026,22:0:33.584,23.222,15.4,4299.7,86,
31.8.2026,22:0:33.790,23.222,15.4,4299.7,86,
31.8.2026,22:0:33.997,23.222,15.4,4299.7,86,
31.8.2026,22:0:34.204,23.222,15.4,4299.7,86,
31.8.2026,22:0:34.408,23.222,15.4,4299.7,86,
31.8.2026,22:0:34.615,23.222,15.4,4299.7,86,
31.8.2026,22:0:34.822,23.222,15.4,4299.7,86,
31.8.2026,22:0:35.015,23.222,15.4,4299.7,86,
31.8.2026,22:0:35.222,23.222,15.4,4299.7,86,
31.8.2026,22:0:35.426,23.222,15.4,4299.7,86,
31.8.2026,22:0:35.632,23.222,15.4,4299.7,86,
31.8.2026,22:0:35.839,23.222,15.4,4299.7,86,
31.8.2026,22:0:36.045,23.222,15.4,4299.7,86,
31.8.2026,22:0:36.251,23.222,15.4,4299.7,86,
31.8.2026,22:0:36.458,23.222,15.4,4299.7,86,
31.8.2026,22:0:36.664,23.190,15.4,4299.7,86,
31.8.2026,22:0:36.855,23.190,15.4,4299.7,86,
31.8.2026,22:0:37.062,23.190,15.4,4299.7,86,
31.8.2026,22:0:37.269,23.190,15.4,4299.7,86,
31.8.2026,22:0:37.476,23.190,15.4,4299.7,86,
31.8.2026,22:0:37.668,23.190,15.4,4299.7,86,
31.8.2026,22:0:37.874,23.190,15.4,4299.7,86,
31.8.2026,22:0:38.080,23.190,15.4,4299.7,86,
31.8.2026,22:0:38.288,23.190,15.4,4299.7,86,
31.8.2026,22:0:38.494,23.190,15.4,4299.7,86,
31.8.2026,22:0:38.701,23.190,15.4,4299.7,86,
31.8.2026,22:0:38.908,23.190,15.4,4299.7,86,
31.8.2026,22:0:39.114,23.190,15.4,4299.7,86,
31.8.2026,22:0:39.320,23.190,15.4,4299.7,86,
31.8.2026,22:0:39.511,23.190,15.4,4299.7,86,
31.8.2026,22:0:39.718,23.190,15.4,4299.7,86,
31.8.2026,22:0:39.924,23.190,15.4,4299.7,86,
31.8.2026,22:0:40.132,23.190,15.4,4299.7,86,
31.8.2026,22:0:40.338,23.190,15.4,4299.7,86,
31.8.2026,22:0:40.545,23.190,15.4,4299.7,86,
31.8.2026,22:0:40.751,23.190,15.4,4299.7,86,
31.8.2026,22:0:40.957,23.190,15.4,4299.7,86,
31.8.2026,22:0:41.165,23.190,15.4,4299.7,86,
31.8.2026,22:0:41.356,23.148,15.5,4199.7,86,
31.8.2026,22:0:41.563,23.148,15.5,4199.7,86,
31.8.2026,22:0:41.769,23.148,15.5,4199.7,86,
31.8.2026,22:0:41.975,23.148,15.5,4199.7,86,
31.8.2026,22:0:42.182,23.148,15.5,4199.7,86,
31.8.2026,22:0:42.389,23.148,15.5,4199.7,86,
31.8.2026,22:0:42.595,23.148,15.5,4199.7,86,
31.8.2026,22:0:42.802,23.148,15.5,4199.7,86,
31.8.2026,22:0:43.009,23.148,15.5,4199.7,86,
31.8.2026,22:0:43.199,23.148,15.5,4199.7,86,
31.8.2026,22:0:43.406,23.148,15.5,4199.7,86,
31.8.2026,22:0:43.613,23.148,15.5,4199.7,86,
31.8.2026,22:0:43.821,23.148,15.5,4199.7,86,
31.8.2026,22:0:44.027,23.148,15.5,4199.7,86,
31.8.2026,22:0:44.217,23.148,15.5,4199.7,86,
31.8.2026,22:0:44.424,23.148,15.5,4199.7,86,
31.8.2026,22:0:44.628,23.148,15.5,4199.7,86,
31.8.2026,22:0:44.838,23.148,15.5,4199.7,86,
31.8.2026,22:0:45.028,23.148,15.5,4199.7,86,
31.8.2026,22:0:45.234,23.148,15.5,4199.7,86,
31.8.2026,22:0:45.438,23.148,15.5,4199.7,86,
31.8.2026,22:0:45.645,23.148,15.5,4199.7,86,
31.8.2026,22:0:45.851,23.148,15.5,4199.7,86,
31.8.2026,22:0:46.042,23.148,15.7,4299.7,86,
31.8.2026,22:0:46.248,23.252,15.7,4299.7,86,
31.8.2026,22:0:46.455,23.252,15.7,4299.7,86,
31.8.2026,22:0:46.661,23.252,15.7,4299.7,86,
31.8.2026,22:0:46.868,23.252,15.7,4299.7,86,
31.8.2026,22:0:47.059,23.252,15.7,4299.7,86,
31.8.2026,22:0:47.265,23.252,15.7,4299.7,86,
31.8.2026,22:0:47.472,23.252,15.7,4299.7,86,
31.8.2026,22:0:47.678,23.252,15.7,4299.7,86,
31.8.2026,22:0:47.885,23.252,15.7,4299.7,86,
31.8.2026,22:0:48.091,23.252,15.7,4299.7,86,
31.8.2026,22:0:48.298,23.252,15.7,4299.7,86,
31.8.2026,22:0:48.504,23.252,15.7,4299.7,86,
31.8.2026,22:0:48.711,23.252,15.7,4299.7,86,
31.8.2026,22:0:48.902,23.252,15.7,4299.7,86,
31.8.2026,22:0:49.108,23.252,15.7,4299.7,86,
31.8.2026,22:0:49.315,23.252,15.7,4299.7,86,
31.8.2026,22:0:49.522,23.252,15.7,4299.7,86,
31.8.2026,22:0:49.730,23.252,15.7,4299.7,86,
31.8.2026,22:0:49.936,23.252,15.7,4299.7,86,
31.8.2026,22:0:50.143,23.252,15.7,4299.7,86,
31.8.2026,22:0:50.349,23.252,15.7,4299.7,86,
31.8.2026,22:0:50.556,23.252,15.7,4299.7,86,
31.8.2026,22:0:50.747,23.252,15.5,4299.7,86,
31.8.2026,22:0:50.954,23.243,15.5,4299.7,86,
31.8.2026,22:0:51.161,23.243,15.5,4299.7,86,
31.8.2026,22:0:51.367,23.243,15.5,4299.7,86,
31.8.2026,22:0:51.574,23.243,15.5,4299.7,86,
31.8.2026,22:0:51.781,23.243,15.5,4299.7,86,
31.8.2026,22:0:51.988,23.243,15.5,4299.7,86,
31.8.2026,22:0:52.194,23.243,15.5,4299.7,86,
31.8.2026,22:0:52.401,23.243,15.5,4299.7,86,
31.8.2026,22:0:52.592,23.243,15.5,4299.7,86,
31.8.2026,22:0:52.798,23.243,15.5,4299.7,86,
31.8.2026,22:0:53.005,23.243,15.5,4299.7,86,
31.8.2026,22:0:53.212,23.243,15.5,4299.7,86,
31.8.2026,22:0:53.418,23.243,15.5,4299.7,86,
31.8.2026,22:0:53.623,23.243,15.5,4299.7,86,
31.8.2026,22:0:53.833,23.243,15.5,4299.7,86,
31.8.2026,22:0:54.037,23.243,15.5,4299.7,86,
31.8.2026,22:0:54.244,23.243,15.5,4299.7,86,
31.8.2026,22:0:54.437,23.261,15.5,4299.7,86,
31.8.2026,22:0:54.644,23.261,15.5,4299.7,86,
31.8.2026,22:0:54.848,23.261,15.5,4299.7,86,
31.8.2026,22:0:55.058,23.261,15.5,4299.7,86,
31.8.2026,22:0:55.248,23.261,15.5,4299.7,86,
31.8.2026,22:0:55.451,23.261,15.5,4299.7,86,
31.8.2026,22:0:55.658,23.261,15.5,4299.7,86,
31.8.2026,22:0:55.864,23.261,15.5,4299.7,86,
31.8.2026,22:0:56.071,23.261,15.5,4299.7,86,
31.8.2026,22:0:56.262,23.261,15.5,4299.7,86,
31.8.2026,22:0:56.468,23.261,15.5,4299.7,86,
31.8.2026,22:0:56.675,23.261,15.5,4299.7,86,
31.8.2026,22:0:56.882,23.261,15.5,4299.7,86,
31.8.2026,22:0:57.089,23.261,15.5,4299.7,86,
31.8.2026,22:0:57.295,23.261,15.5,4299.7,86,
31.8.2026,22:0:57.502,23.261,15.5,4299.7,86,
31.8.2026,22:0:57.708,23.261,15.5,4299.7,86,
31.8.2026,22:0:57.914,23.261,15.5,4299.7,86,
31.8.2026,22:0:58.105,23.261,15.5,4299.7,86,
31.8.2026,22:0:58.312,23.261,15.5,4299.7,86,
31.8.2026,22:0:58.519,23.261,15.5,4299.7,86,
31.8.2026,22:0:58.725,23.261,15.5,4299.7,86,
31.8.2026,22:0:58.932,23.261,15.5,4299.7,86,
31.8.2026,22:0:59.137,23.261,13.5,4099.7,85,
31.8.2026,22:0:59.346,23.261,13.5,4099.7,85,
31.8.2026,22:0:59.552,23.261,13.5,4099.7,85,
31.8.2026,22:0:59.759,23.261,13.5,4099.7,85,
31.8.2026,22:0:59.949,23.261,13.5,4099.7,85,
31.8.2026,22:1:0.156,23.261,13.5,4099.7,85,
31.8.2026,22:1:0.363,23.261,13.5,4099.7,85,
31.8.2026,22:1:0.570,23.261,13.5,4099.7,85,
31.8.2026,22:1:0.777,23.261,13.5,4099.7,85,
31.8.2026,22:1:0.970,23.261,65.9,4299.7,81,
31.8.2026,22:1:1.174,17.772,2.5,4699.7,54,
31.8.2026,22:1:1.380,9.423,4.2,4699.7,53,
31.8.2026,22:1:1.590,8.941,2.8,4699.7,53,
31.8.2026,22:1:1.777,8.386,10.2,4099.7,53,
31.8.2026,22:1:1.985,8.300,4.1,4699.7,53,
31.8.2026,22:1:2.196,9.272,5.0,500.0,53,
31.8.2026,22:1:2.386,8.772,3.9,500.0,52,
31.8.2026,22:1:2.593,8.397,7.7,500.0,52,
31.8.2026,22:1:2.799,8.177,2.8,4099.7,52,
31.8.2026,22:1:3.008,8.206,3.9,4099.7,52,
31.8.2026,22:1:3.222,8.383,4.3,4099.7,51,
31.8.2026,22:1:3.427,8.085,5.9,4699.7,51,
31.8.2026,22:1:3.638,8.426,4.8,4699.7,51,
31.8.2026,22:1:3.843,8.429,8.9,4099.7,51,
31.8.2026,22:1:4.057,7.840,4.0,4099.7,51,
31.8.2026,22:1:4.248,8.491,5.0,4699.7,50,
31.8.2026,22:1:4.457,8.881,4.4,4699.7,52,
31.8.2026,22:1:4.664,8.683,3.5,4699.7,51,
31.8.2026,22:1:4.859,8.524,6.2,4699.7,50,
31.8.2026,22:1:5.062,8.147,7.7,4699.7,50,
31.8.2026,22:1:5.270,8.448,4.3,4099.7,50,
31.8.2026,22:1:5.476,8.761,6.5,4099.7,63,
31.8.2026,22:1:5.683,11.651,4.6,4099.7,51,
31.8.2026,22:1:5.898,10.155,7.8,4099.7,51,
31.8.2026,22:1:6.096,8.559,4.6,4099.7,52,
31.8.2026,22:1:6.304,9.355,5.3,4099.7,50,
31.8.2026,22:1:6.510,8.617,3.9,4099.7,50,
31.8.2026,22:1:6.716,8.791,7.1,4099.7,50,
31.8.2026,22:1:6.924,8.464,6.3,4099.7,50,
31.8.2026,22:1:7.137,8.588,2.6,4699.7,49,
31.8.2026,22:1:7.344,8.839,7.4,4699.7,49,
31.8.2026,22:1:7.556,8.087,2.5,4699.7,49,
31.8.2026,22:1:7.748,8.215,7.8,4099.7,50,
31.8.2026,22:1:7.957,7.635,3.6,4699.7,49,
31.8.2026,22:1:8.169,8.145,3.2,4099.7,49,
31.8.2026,22:1:8.374,8.541,8.4,4099.7,49,
31.8.2026,22:1:8.580,7.881,3.9,4699.7,49,
31.8.2026,22:1:8.786,7.951,6.2,4099.7,49,
31.8.2026,22:1:8.981,7.766,4.8,4699.7,49,
31.8.2026,22:1:9.188,8.500,5.0,4699.7,49,
31.8.2026,22:1:9.398,8.738,5.9,4099.7,48,
31.8.2026,22:1:9.592,8.385,9.2,4099.7,49,
31.8.2026,22:1:9.798,8.240,2.4,4099.7,49,
31.8.2026,22:1:10.009,8.258,2.5,4099.7,49,
31.8.2026,22:1:10.200,8.189,9.1,4699.7,48,
31.8.2026,22:1:10.410,8.637,5.9,4099.7,48,
31.8.2026,22:1:10.617,8.526,3.4,4699.7,49,
31.8.2026,22:1:10.807,8.120,9.5,4099.7,48,
31.8.2026,22:1:11.017,8.023,3.3,4099.7,48,
31.8.2026,22:1:11.230,8.619,7.1,4099.7,48,
31.8.2026,22:1:11.437,8.252,4.9,4699.7,48,
31.8.2026,22:1:11.644,8.057,3.1,4099.7,48,
31.8.2026,22:1:11.855,8.293,3.8,4699.7,48,
31.8.2026,22:1:12.073,8.194,6.4,4099.7,48,
31.8.2026,22:1:12.264,8.259,8.8,4099.7,48,
31.8.2026,22:1:12.470,8.557,2.3,4099.7,48,
31.8.2026,22:1:12.678,7.933,2.7,500.0,48,
31.8.2026,22:1:12.885,8.367,5.4,4699.7,47,
31.8.2026,22:1:13.093,7.977,6.2,4699.7,48,
31.8.2026,22:1:13.300,8.248,2.8,4699.7,47,
31.8.2026,22:1:13.508,8.380,2.8,4699.7,48,
31.8.2026,22:1:13.703,8.423,6.2,4699.7,47,
31.8.2026,22:1:13.910,8.153,3.4,4699.7,47,
31.8.2026,22:1:14.118,8.279,4.2,4699.7,48,
31.8.2026,22:1:14.309,8.990,4.2,4699.7,48,
31.8.2026,22:1:14.518,8.031,10.0,4099.7,47,
31.8.2026,22:1:14.727,8.185,2.0,4099.7,46,
31.8.2026,22:1:14.920,8.185,2.0,4099.7,46,
31.8.2026,22:1:15.127,8.811,8.9,4099.7,48,
31.8.2026,22:1:15.335,8.480,5.6,4099.7,47,
31.8.2026,22:1:15.548,7.927,3.4,4099.7,46,
31.8.2026,22:1:15.755,7.902,7.9,4099.7,46,
31.8.2026,22:1:15.949,7.986,2.3,4099.7,46,
31.8.2026,22:1:16.156,9.110,8.4,4099.7,77,
31.8.2026,22:1:16.365,9.084,7.5,4099.7,73,
31.8.2026,22:1:16.573,8.190,2.6,4099.7,79,
31.8.2026,22:1:16.781,8.304,11.3,4699.7,80,
31.8.2026,22:1:16.987,8.156,3.3,4099.7,80,
31.8.2026,22:1:17.204,7.903,4.6,4699.7,73,
31.8.2026,22:1:17.409,7.750,6.6,4099.7,80,
31.8.2026,22:1:17.616,8.189,4.5,4099.7,79,
31.8.2026,22:1:17.827,8.539,3.4,4099.7,78,
31.8.2026,22:1:18.031,7.946,8.3,4099.7,79,
31.8.2026,22:1:18.244,8.091,3.3,4099.7,79,
31.8.2026,22:1:18.437,7.734,3.7,4099.7,46,
31.8.2026,22:1:18.646,9.114,8.0,4299.7,77,
31.8.2026,22:1:18.851,7.869,1.5,4699.7,72,
31.8.2026,22:1:19.057,8.082,4.1,4699.7,72,
31.8.2026,22:1:19.247,8.110,5.4,4099.7,79,
31.8.2026,22:1:19.456,8.985,11.0,4099.7,66,
31.8.2026,22:1:19.662,8.200,3.2,4099.7,76,
31.8.2026,22:1:19.869,8.237,3.4,4699.7,75,
31.8.2026,22:1:20.065,8.092,9.1,4099.7,75,
31.8.2026,22:1:20.273,8.146,2.9,4099.7,48,
31.8.2026,22:1:20.479,8.986,4.6,600.0,49,
31.8.2026,22:1:20.689,8.039,6.2,4699.7,51,
31.8.2026,22:1:20.897,8.290,4.2,4699.7,47,
31.8.2026,22:1:21.091,7.823,3.3,4699.7,48,
31.8.2026,22:1:21.298,8.144,5.0,4699.7,46,
31.8.2026,22:1:21.505,8.492,5.6,4699.7,46,
31.8.2026,22:1:21.714,8.060,4.9,4099.7,46,
31.8.2026,22:1:21.905,8.324,4.6,4699.7,47,
31.8.2026,22:1:22.111,8.097,8.7,4099.7,46,
31.8.2026,22:1:22.320,8.390,4.3,4699.7,46,
31.8.2026,22:1:22.516,8.067,6.1,4699.7,46,
31.8.2026,22:1:22.724,7.957,3.1,4099.7,45,
31.8.2026,22:1:22.933,8.107,3.8,4099.7,46,
31.8.2026,22:1:23.123,8.160,9.7,4099.7,45,
31.8.2026,22:1:23.330,8.565,3.7,4099.7,46,
31.8.2026,22:1:23.539,8.243,2.8,4699.7,46,
31.8.2026,22:1:23.729,8.085,3.7,4699.7,45,
31.8.2026,22:1:23.946,7.965,4.7,4699.7,44,
31.8.2026,22:1:24.136,8.415,9.1,4099.7,46,
31.8.2026,22:1:24.350,8.633,5.9,4699.7,44,
31.8.2026,22:1:24.560,8.286,4.6,4699.7,45,
31.8.2026,22:1:24.774,8.093,7.1,4099.7,46,
31.8.2026,22:1:24.970,8.105,6.7,4099.7,45,
31.8.2026,22:1:25.177,8.128,2.2,4699.7,44,
31.8.2026,22:1:25.384,7.989,4.1,4699.7,44,
31.8.2026,22:1:25.584,8.149,8.9,4699.7,45,
31.8.2026,22:1:25.790,8.369,3.5,4699.7,44,
31.8.2026,22:1:25.986,8.160,6.7,4699.7,45,
31.8.2026,22:1:26.192,8.012,3.0,2699.8,44,
31.8.2026,22:1:26.401,9.221,5.8,4699.7,44,
31.8.2026,22:1:26.590,9.221,7.9,4699.7,44,
31.8.2026,22:1:26.797,8.544,4.9,4099.7,44,
31.8.2026,22:1:27.006,8.191,5.2,4699.7,44,
31.8.2026,22:1:27.213,8.434,3.3,4099.7,44,
31.8.2026,22:1:27.424,7.746,7.2,4099.7,44,
31.8.2026,22:1:27.634,8.226,5.6,4099.7,44,
31.8.2026,22:1:27.826,8.600,5.5,4699.7,44,
31.8.2026,22:1:28.038,8.321,3.2,4699.7,44,
31.8.2026,22:1:28.243,7.837,3.4,4099.7,43,
31.8.2026,22:1:28.433,7.731,7.6,4699.7,44,
31.8.2026,22:1:28.644,8.442,5.6,4099.7,44,
31.8.2026,22:1:28.849,8.287,3.0,4099.7,44,
31.8.2026,22:1:29.056,8.121,5.2,4099.7,44,
31.8.2026,22:1:29.264,7.954,10.4,4099.7,44,
31.8.2026,22:1:29.473,7.846,3.7,4099.7,45,
31.8.2026,22:1:29.683,7.788,3.8,4099.7,45,
31.8.2026,22:1:29.892,7.675,5.4,4099.7,45,
31.8.2026,22:1:30.090,7.675,8.0,4099.7,44,
31.8.2026,22:1:30.302,7.932,2.4,4099.7,44,
31.8.2026,22:1:30.510,8.845,4.0,4099.7,44,
31.8.2026,22:1:30.717,8.004,8.6,4099.7,45,
31.8.2026,22:1:30.926,7.996,2.5,4099.7,44,
31.8.2026,22:1:31.139,7.819,2.5,2399.8,44,
31.8.2026,22:1:31.345,7.674,7.8,4099.7,44,
31.8.2026,22:1:31.552,7.873,4.0,4099.7,45,
31.8.2026,22:1:31.759,7.760,3.8,4099.7,44,
31.8.2026,22:1:31.958,7.687,10.3,4699.7,44,
31.8.2026,22:1:32.165,8.163,3.3,4699.7,44,
31.8.2026,22:1:32.355,7.682,7.7,4099.7,43,
31.8.2026,22:1:32.565,8.635,3.4,4099.7,43,
31.8.2026,22:1:32.770,8.009,3.6,4099.7,43,
31.8.2026,22:1:32.978,7.919,4.2,4699.7,43,
31.8.2026,22:1:33.179,8.050,6.9,4099.7,43,
31.8.2026,22:1:33.387,8.014,4.5,4699.7,44,
31.8.2026,22:1:33.597,7.946,2.5,4699.7,44,
31.8.2026,22:1:33.803,8.119,3.5,4699.7,44,
31.8.2026,22:1:34.011,7.852,10.8,4099.7,43,
31.8.2026,22:1:34.220,7.685,2.4,4099.7,44,
31.8.2026,22:1:34.428,8.143,3.0,4699.7,43,
31.8.2026,22:1:34.622,8.880,6.8,4699.7,44,
31.8.2026,22:1:34.829,8.257,5.5,4099.7,44,
31.8.2026,22:1:35.037,8.127,2.4,4699.7,44,
31.8.2026,22:1:35.234,7.897,7.5,4099.7,43,
31.8.2026,22:1:35.443,7.841,3.8,4699.7,42,
31.8.2026,22:1:35.651,7.802,3.1,4699.7,44,
31.8.2026,22:1:35.844,7.760,3.1,4699.7,44,
31.8.2026,22:1:36.053,7.720,4.9,4099.7,44,
31.8.2026,22:1:36.248,7.634,7.6,4099.7,43,
31.8.2026,22:1:36.455,9.636,6.9,4099.7,78,
31.8.2026,22:1:36.665,8.021,5.6,4099.7,77,
31.8.2026,22:1:36.870,7.999,4.4,4099.7,72,
31.8.2026,22:1:37.081,8.179,6.4,4699.7,69,
31.8.2026,22:1:37.277,7.990,2.5,4699.7,75,
31.8.2026,22:1:37.487,7.459,7.0,4099.7,70,
31.8.2026,22:1:37.697,7.910,3.4,4099.7,75,
31.8.2026,22:1:37.909,6.952,8.7,400.0,44,
31.8.2026,22:1:38.121,7.433,1.9,4099.7,43,
31.8.2026,22:1:38.327,8.865,7.8,4699.7,72,
31.8.2026,22:1:38.534,7.275,9.2,4699.7,44,
31.8.2026,22:1:38.743,8.100,4.0,4099.7,43,
31.8.2026,22:1:38.933,8.136,4.6,4699.7,43,
31.8.2026,22:1:39.145,9.254,10.6,4099.7,75,
31.8.2026,22:1:39.358,7.839,4.7,4099.7,75,
31.8.2026,22:1:39.564,6.762,0.9,4699.7,44,
31.8.2026,22:1:39.760,8.574,0.9,4699.7,44,
31.8.2026,22:1:39.969,7.887,6.5,4699.7,43,
31.8.2026,22:1:40.176,7.575,3.1,4099.7,43,
31.8.2026,22:1:40.383,7.968,2.7,4699.7,43,
31.8.2026,22:1:40.576,8.377,5.6,4099.7,43,
31.8.2026,22:1:40.784,8.867,8.8,4699.7,72,
31.8.2026,22:1:40.997,8.192,3.3,4699.7,76,
31.8.2026,22:1:41.210,7.800,3.6,4099.7,43,
31.8.2026,22:1:41.416,8.620,2.7,4699.7,43,
31.8.2026,22:1:41.607,8.620,2.7,4699.7,44,
31.8.2026,22:1:41.816,9.457,13.9,4099.7,43,
31.8.2026,22:1:42.022,8.064,1.8,4099.7,44,
31.8.2026,22:1:42.216,8.169,5.3,4099.7,43,
31.8.2026,22:1:42.426,9.107,10.3,4099.7,76,
31.8.2026,22:1:42.634,7.447,3.6,4099.7,43,
31.8.2026,22:1:42.826,8.186,2.8,4099.7,43,
31.8.2026,22:1:43.032,8.980,7.2,4099.7,76,
31.8.2026,22:1:43.244,7.962,2.9,4699.7,69,
31.8.2026,22:1:43.451,7.306,8.8,4099.7,43,
31.8.2026,22:1:43.658,9.938,3.9,4099.7,43,
31.8.2026,22:1:43.868,8.176,2.9,4699.7,44,
31.8.2026,22:1:44.071,8.124,4.4,4099.7,43,
31.8.2026,22:1:44.266,8.184,3.1,4699.7,44,
31.8.2026,22:1:44.479,8.452,9.0,4099.7,42,
31.8.2026,22:1:44.674,8.381,3.6,4099.7,42,
31.8.2026,22:1:44.881,8.412,6.4,4099.7,44,
31.8.2026,22:1:45.082,8.205,2.5,4099.7,42,
31.8.2026,22:1:45.289,8.298,6.1,4699.7,43,
31.8.2026,22:1:45.480,8.015,4.2,4099.7,43,
31.8.2026,22:1:45.695,8.786,8.6,4099.7,74,
31.8.2026,22:1:45.901,7.882,3.1,4699.7,75,
31.8.2026,22:1:46.106,8.151,10.2,4099.7,76,
31.8.2026,22:1:46.314,9.965,4.8,4099.7,76,
31.8.2026,22:1:46.521,9.269,6.5,4099.7,76,
31.8.2026,22:1:46.729,9.170,6.3,4099.7,67,
31.8.2026,22:1:46.939,7.250,5.1,4099.7,74,
31.8.2026,22:1:47.150,7.937,3.9,4699.7,76,
31.8.2026,22:1:47.340,7.818,3.7,4099.7,75,
31.8.2026,22:1:47.549,8.360,11.3,4099.7,59,
31.8.2026,22:1:47.745,7.886,4.5,4099.7,75,
31.8.2026,22:1:47.953,8.166,8.2,4099.7,76,
31.8.2026,22:1:48.163,8.148,2.5,4699.7,71,
31.8.2026,22:1:48.369,7.883,2.5,4099.7,72,
31.8.2026,22:1:48.579,8.723,8.4,4099.7,77,
31.8.2026,22:1:48.784,7.813,5.9,4099.7,72,
31.8.2026,22:1:48.992,7.908,2.2,4099.7,72,
31.8.2026,22:1:49.182,8.244,4.9,4699.7,72,
31.8.2026,22:1:49.390,9.218,8.2,3499.8,72,
31.8.2026,22:1:49.596,7.721,3.4,4099.7,49,
31.8.2026,22:1:49.809,8.248,3.3,500.0,61,
31.8.2026,22:1:50.016,7.013,5.6,4699.7,75,
31.8.2026,22:1:50.227,7.912,6.0,4699.7,74,
31.8.2026,22:1:50.432,7.931,3.0,4699.7,75,
31.8.2026,22:1:50.644,8.708,6.3,4699.7,71,
31.8.2026,22:1:50.849,8.050,5.0,4099.7,69,
31.8.2026,22:1:51.056,7.821,2.6,4099.7,75,
31.8.2026,22:1:51.261,7.982,5.5,4099.7,76,
31.8.2026,22:1:51.468,8.592,9.9,4099.7,75,
31.8.2026,22:1:51.676,7.934,2.3,4699.7,75,
31.8.2026,22:1:51.883,8.165,4.9,4699.7,69,
31.8.2026,22:1:52.074,7.921,8.8,4699.7,70,
31.8.2026,22:1:52.283,8.689,5.6,4699.7,73,
31.8.2026,22:1:52.491,8.657,4.9,2699.8,67,
31.8.2026,22:1:52.685,8.447,3.3,4699.7,74,
31.8.2026,22:1:52.892,8.405,8.2,3799.7,43,
31.8.2026,22:1:53.103,7.619,4.1,4699.7,48,
31.8.2026,22:1:53.294,8.168,6.2,4699.7,43,
31.8.2026,22:1:53.501,8.520,2.9,4699.7,45,
31.8.2026,22:1:53.709,7.866,4.5,4699.7,45,
31.8.2026,22:1:53.916,8.112,1.7,4699.7,43,
31.8.2026,22:1:54.126,7.953,9.7,4699.7,43,
31.8.2026,22:1:54.333,7.941,3.8,4099.7,42,
31.8.2026,22:1:54.541,8.016,3.4,4099.7,46,
31.8.2026,22:1:54.732,8.626,7.2,4699.7,42,
31.8.2026,22:1:54.939,8.497,9.0,4099.7,43,
31.8.2026,22:1:55.149,8.216,2.5,4699.7,44,
31.8.2026,22:1:55.353,8.427,4.9,4699.7,43,
31.8.2026,22:1:55.567,7.879,9.1,4099.7,43,
31.8.2026,22:1:55.763,7.879,1.3,4699.7,43,
31.8.2026,22:1:55.971,7.897,8.9,4699.7,42,
31.8.2026,22:1:56.179,7.826,2.6,4699.7,42,
31.8.2026,22:1:56.394,8.079,2.9,4099.7,43,
31.8.2026,22:1:56.592,8.325,6.0,4699.7,43,
31.8.2026,22:1:56.799,8.646,6.5,4699.7,44,
31.8.2026,22:1:57.008,8.213,3.6,4099.7,42,
31.8.2026,22:1:57.199,8.054,4.9,4699.7,42,
31.8.2026,22:1:57.409,8.107,6.5,4099.7,42,
31.8.2026,22:1:57.614,7.942,5.0,4099.7,43,
31.8.2026,22:1:57.822,7.710,2.1,4699.7,43,
31.8.2026,22:1:58.011,8.107,7.7,4699.7,43,
31.8.2026,22:1:58.221,7.726,5.0,4099.7,42,
31.8.2026,22:1:58.428,7.630,3.0,4099.7,43,
31.8.2026,22:1:58.622,8.393,8.0,4099.7,43,
31.8.2026,22:1:58.833,8.343,5.5,4099.7,42,
31.8.2026,22:1:59.041,8.464,1.9,4099.7,43,
31.8.2026,22:1:59.250,8.245,7.7,1899.9,44,
31.8.2026,22:1:59.457,8.136,2.4,4099.7,43,
31.8.2026,22:1:59.668,8.195,4.3,4099.7,43,
31.8.2026,22:1:59.858,8.293,6.5,4099.7,43,
31.8.2026,22:2:0.066,8.152,4.4,4099.7,43,
31.8.2026,22:2:0.274,8.145,3.5,500.0,42,
31.8.2026,22:2:0.469,8.400,4.0,4099.7,42,
31.8.2026,22:2:0.676,8.222,4.9,500.0,42,
31.8.2026,22:2:0.886,8.592,5.9,4699.7,42,
31.8.2026,22:2:1.073,8.499,5.9,4699.7,42,
31.8.2026,22:2:1.282,25.045,5.9,4699.7,42,
31.8.2026,22:2:1.485,25.045,5.9,4699.7,42,
31.8.2026,22:2:1.691,25.045,5.9,4699.7,42,
31.8.2026,22:2:1.898,25.045,5.9,4699.7,42,
31.8.2026,22:2:2.117,25.045,5.9,4699.7,42,
31.8.2026,22:2:2.294,25.045,5.9,4699.7,42,
31.8.2026,22:2:2.499,25.045,5.9,4699.7,42,
31.8.2026,22:2:2.708,25.045,5.9,4699.7,42,
31.8.2026,22:2:2.913,25.045,5.9,4699.7,42,
31.8.2026,22:2:3.118,25.045,5.9,4699.7,42,
31.8.2026,22:2:3.308,25.045,5.9,4699.7,42,
31.8.2026,22:2:3.514,25.045,5.9,4699.7,42,
31.8.2026,22:2:3.720,25.045,5.9,4699.7,42,
31.8.2026,22:2:3.927,25.045,5.9,4699.7,42,
31.8.2026,22:2:4.134,25.045,5.9,4699.7,42,
31.8.2026,22:2:4.324,25.045,5.9,4699.7,42,
31.8.2026,22:2:4.530,25.045,5.9,4699.7,42,
31.8.2026,22:2:4.736,25.045,5.9,4699.7,42,
31.8.2026,22:2:4.942,25.045,5.9,4699.7,42,
31.8.2026,22:2:5.147,25.045,5.9,4699.7,42,
31.8.2026,22:2:5.355,25.045,5.9,4699.7,42,
31.8.2026,22:2:5.544,25.045,5.9,4699.7,42,
31.8.2026,22:2:5.752,25.045,5.9,4699.7,42,
31.8.2026,22:2:5.957,25.045,5.9,4699.7,42,
31.8.2026,22:2:6.164,25.045,5.9,4699.7,42,
31.8.2026,22:2:6.356,25.045,5.9,4699.7,42,
31.8.2026,22:2:6.577,25.045,5.9,4699.7,42,
31.8.2026,22:2:6.770,25.045,5.9,4699.7,42,
31.8.2026,22:2:6.975,25.045,5.9,4699.7,42,
31.8.2026,22:2:7.183,25.045,5.9,4699.7,42,
31.8.2026,22:2:7.371,25.045,5.9,4699.7,42,
31.8.2026,22:2:7.578,25.045,5.9,4699.7,42,
31.8.2026,22:2:7.782,25.045,5.9,4699.7,42,
31.8.2026,22:2:7.989,25.045,5.9,4699.7,42,
31.8.2026,22:2:8.195,25.045,5.9,4699.7,42,
31.8.2026,22:2:8.400,25.045,5.9,4699.7,42,
31.8.2026,22:2:8.606,25.045,5.9,4699.7,42,
31.8.2026,22:2:8.813,25.045,5.9,4699.7,42,
31.8.2026,22:2:9.020,25.045,5.9,4699.7,42,
31.8.2026,22:2:9.225,25.045,5.9,4699.7,42,
31.8.2026,22:2:9.432,25.045,5.9,4699.7,42,
31.8.2026,22:2:9.621,25.045,5.9,4699.7,42,
31.8.2026,22:2:9.828,25.045,5.9,4699.7,42,
31.8.2026,22:2:10.035,25.045,5.9,4699.7,42,
31.8.2026,22:2:10.240,25.045,5.9,4699.7,42,
31.8.2026,22:2:10.446,25.045,5.9,4699.7,42,
31.8.2026,22:2:10.652,25.045,5.9,4699.7,42,
31.8.2026,22:2:10.843,25.045,5.9,4699.7,42,
31.8.2026,22:2:11.065,25.045,5.9,4699.7,42,
31.8.2026,22:2:11.255,25.045,5.9,4699.7,42,
31.8.2026,22:2:11.461,25.045,5.9,4699.7,42,
31.8.2026,22:2:11.651,25.045,5.9,4699.7,42,
31.8.2026,22:2:11.857,25.045,5.9,4699.7,42,
31.8.2026,22:2:12.065,25.045,5.9,4699.7,42,
31.8.2026,22:2:12.270,25.045,5.9,4699.7,42,
31.8.2026,22:2:12.475,25.045,5.9,4699.7,42,
31.8.2026,22:2:12.680,25.045,5.9,4699.7,42,
31.8.2026,22:2:12.870,25.045,5.9,4699.7,42,
31.8.2026,22:2:13.077,25.045,5.9,4699.7,42,
31.8.2026,22:2:13.282,25.045,5.9,4699.7,42,
31.8.2026,22:2:13.488,25.045,5.9,4699.7,42,
31.8.2026,22:2:13.693,25.045,5.9,4699.7,42,
31.8.2026,22:2:13.898,25.045,5.9,4699.7,42,
31.8.2026,22:2:14.089,25.045,5.9,4699.7,42,
31.8.2026,22:2:14.296,25.045,5.9,4699.7,42,
31.8.2026,22:2:14.499,25.045,12.5,4499.7,83,
31.8.2026,22:2:14.705,25.045,12.5,4499.7,83,
31.8.2026,22:2:14.911,25.045,12.5,4499.7,83,
31.8.2026,22:2:15.116,25.045,12.5,4499.7,83,
31.8.2026,22:2:15.322,25.045,12.5,4499.7,83,
31.8.2026,22:2:15.511,25.045,12.5,4499.7,83,
31.8.2026,22:2:15.717,25.045,12.5,4499.7,83,
31.8.2026,22:2:15.923,25.045,12.5,4499.7,83,
31.8.2026,22:2:16.129,25.045,12.5,4499.7,83,
31.8.2026,22:2:16.335,25.045,12.5,4499.7,83,
31.8.2026,22:2:16.542,25.045,12.5,4499.7,83,
31.8.2026,22:2:16.730,25.045,12.5,4499.7,83,
31.8.2026,22:2:16.937,25.045,12.5,4499.7,83,
31.8.2026,22:2:17.141,25.045,12.5,4499.7,83,
31.8.2026,22:2:17.349,25.045,12.5,4499.7,83,
31.8.2026,22:2:17.553,25.045,12.5,4499.7,83,
31.8.2026,22:2:17.758,25.045,12.5,4499.7,83,
31.8.2026,22:2:17.949,25.045,12.5,4499.7,83,
31.8.2026,22:2:18.157,25.045,12.5,4499.7,83,
31.8.2026,22:2:18.361,25.045,12.5,4499.7,83,
31.8.2026,22:2:18.566,25.045,12.5,4499.7,83,
31.8.2026,22:2:18.773,25.045,12.5,4499.7,83,
31.8.2026,22:2:18.981,25.045,12.5,4499.7,83,
31.8.2026,22:2:19.185,25.045,12.5,4499.7,83,
31.8.2026,22:2:19.393,24.084,50.9,4299.7,86,
31.8.2026,22:2:19.597,24.084,50.9,4299.7,86,
31.8.2026,22:2:19.801,24.084,50.9,4299.7,86,
31.8.2026,22:2:20.007,24.084,50.9,4299.7,86,
31.8.2026,22:2:20.213,24.084,50.9,4299.7,86,
31.8.2026,22:2:20.419,24.084,50.9,4299.7,86,
31.8.2026,22:2:20.625,24.084,50.9,4299.7,86,
31.8.2026,22:2:20.832,24.084,50.9,4299.7,86,
31.8.2026,22:2:21.036,24.084,50.9,4299.7,86,
31.8.2026,22:2:21.244,24.084,50.9,4299.7,86,
31.8.2026,22:2:21.434,24.084,50.9,4299.7,86,
31.8.2026,22:2:21.640,24.084,50.9,4299.7,86,
31.8.2026,22:2:21.846,24.084,50.9,4299.7,86,
31.8.2026,22:2:22.052,24.084,50.9,4299.7,86,
31.8.2026,22:2:22.259,24.084,50.9,4299.7,86,
31.8.2026,22:2:22.466,24.084,50.9,4299.7,86,
31.8.2026,22:2:22.671,24.084,50.9,4299.7,86,
31.8.2026,22:2:22.878,24.084,50.9,4299.7,86,
31.8.2026,22:2:23.083,24.084,50.9,4299.7,86,
31.8.2026,22:2:23.290,24.084,50.9,4299.7,86,
31.8.2026,22:2:23.495,24.084,50.9,4299.7,86,
31.8.2026,22:2:23.702,24.084,50.9,4299.7,86,
31.8.2026,22:2:23.908,24.084,50.9,4299.7,86,
31.8.2026,22:2:24.115,23.439,15.6,4299.7,86,
31.8.2026,22:2:24.320,23.439,15.6,4299.7,86,
31.8.2026,22:2:24.526,23.439,15.6,4299.7,86,
31.8.2026,22:2:24.732,23.439,15.6,4299.7,86,
31.8.2026,22:2:24.939,23.439,15.6,4299.7,86,
31.8.2026,22:2:25.144,23.439,15.6,4299.7,86,
31.8.2026,22:2:25.350,23.439,15.6,4299.7,86,
31.8.2026,22:2:25.555,23.439,15.6,4299.7,86,
31.8.2026,22:2:25.745,23.439,15.6,4299.7,86,
31.8.2026,22:2:25.951,23.439,15.6,4299.7,86,
31.8.2026,22:2:26.158,23.439,15.6,4299.7,86,
31.8.2026,22:2:26.367,23.439,15.6,4299.7,86,
31.8.2026,22:2:26.572,23.439,15.6,4299.7,86,
31.8.2026,22:2:26.779,23.439,15.6,4299.7,86,
31.8.2026,22:2:26.984,23.439,15.6,4299.7,86,
31.8.2026,22:2:27.192,23.439,15.6,4299.7,86,
31.8.2026,22:2:27.396,23.439,15.6,4299.7,86,
31.8.2026,22:2:27.604,23.439,15.6,4299.7,86,
31.8.2026,22:2:27.792,23.439,15.6,4299.7,86,
31.8.2026,22:2:27.999,23.439,15.6,4299.7,86,
31.8.2026,22:2:28.205,23.596,15.6,4299.7,86,
31.8.2026,22:2:28.411,23.596,15.6,4299.7,86,
31.8.2026,22:2:28.617,23.596,15.6,4299.7,86,
31.8.2026,22:2:28.824,23.596,15.6,4299.7,86,
31.8.2026,22:2:29.029,23.596,15.6,4299.7,86,
31.8.2026,22:2:29.236,23.596,15.6,4299.7,86,
31.8.2026,22:2:29.440,23.596,15.6,4299.7,86,
31.8.2026,22:2:29.648,23.596,15.6,4299.7,86,
31.8.2026,22:2:29.853,23.596,15.6,4299.7,86,
31.8.2026,22:2:30.061,23.596,15.6,4299.7,86,
31.8.2026,22:2:30.266,23.596,15.6,4299.7,86,
31.8.2026,22:2:30.472,23.596,15.6,4299.7,86,
31.8.2026,22:2:30.679,23.596,15.6,4299.7,86,
31.8.2026,22:2:30.884,23.596,15.6,4299.7,86,
31.8.2026,22:2:31.074,23.596,15.6,4299.7,86,
31.8.2026,22:2:31.280,23.596,15.6,4299.7,86,
31.8.2026,22:2:31.485,23.596,15.6,4299.7,86,
31.8.2026,22:2:31.692,23.596,15.6,4299.7,86,
31.8.2026,22:2:31.898,23.596,15.6,4299.7,86,
31.8.2026,22:2:32.105,23.596,15.6,4299.7,86,
31.8.2026,22:2:32.294,23.596,15.6,4299.7,86,
31.8.2026,22:2:32.501,23.596,15.6,4299.7,86,
31.8.2026,22:2:32.705,23.596,15.6,4299.7,86,
31.8.2026,22:2:32.913,23.596,15.6,4299.7,86,
31.8.2026,22:2:33.118,23.596,15.6,4299.7,86,
31.8.2026,22:2:33.308,23.596,15.6,4299.7,86,
31.8.2026,22:2:33.514,23.596,15.6,4299.7,86,
31.8.2026,22:2:33.720,23.596,15.6,4299.7,86,
31.8.2026,22:2:33.927,23.596,15.6,4299.7,86,
31.8.2026,22:2:34.133,23.596,15.6,4299.7,86,
31.8.2026,22:2:34.339,23.596,15.6,4299.7,86,
31.8.2026,22:2:34.545,23.596,15.6,4299.7,86,
31.8.2026,22:2:34.751,23.596,15.6,4299.7,86,
31.8.2026,22:2:34.957,23.596,15.6,4299.7,86,
31.8.2026,22:2:35.162,23.596,15.6,4299.7,86,
31.8.2026,22:2:35.370,23.596,15.6,4299.7,86,
31.8.2026,22:2:35.558,23.596,15.6,4299.7,86,
31.8.2026,22:2:35.765,23.596,15.6,4299.7,86,
31.8.2026,22:2:35.970,23.596,15.6,4299.7,86,
31.8.2026,22:2:36.175,23.596,15.6,4299.7,86,
31.8.2026,22:2:36.380,23.596,15.6,4299.7,86,
31.8.2026,22:2:36.585,23.596,15.6,4299.7,86,
31.8.2026,22:2:36.792,23.596,15.6,4299.7,86,
31.8.2026,22:2:36.998,23.596,15.6,4299.7,86,
31.8.2026,22:2:37.203,23.596,14.2,4099.7,86,
31.8.2026,22:2:37.409,23.596,14.2,4099.7,86,
31.8.2026,22:2:37.615,23.596,14.2,4099.7,86,
31.8.2026,22:2:37.820,23.596,14.2,4099.7,86,
31.8.2026,22:2:38.011,23.596,14.2,4099.7,86,
31.8.2026,22:2:38.216,23.596,14.2,4099.7,86,
31.8.2026,22:2:38.422,23.596,14.2,4099.7,86,
31.8.2026,22:2:38.628,23.596,14.2,4099.7,86,
31.8.2026,22:2:38.834,23.596,14.2,4099.7,86,
31.8.2026,22:2:39.053,23.596,14.2,4099.7,86,
31.8.2026,22:2:39.230,23.596,14.2,4099.7,86,
31.8.2026,22:2:39.436,23.596,14.2,4099.7,86,
31.8.2026,22:2:39.643,23.596,14.2,4099.7,86,
31.8.2026,22:2:39.848,23.596,14.2,4099.7,86,
31.8.2026,22:2:40.055,23.596,14.2,4099.7,86,
31.8.2026,22:2:40.261,23.596,14.2,4099.7,86,
31.8.2026,22:2:40.467,23.596,14.2,4099.7,86,
31.8.2026,22:2:40.673,23.596,14.2,4099.7,86,
31.8.2026,22:2:40.880,23.596,14.2,4099.7,86,
31.8.2026,22:2:41.086,23.596,14.2,4099.7,86,
31.8.2026,22:2:41.276,23.596,14.2,4099.7,86,
31.8.2026,22:2:41.481,23.596,14.2,4099.7,86,
31.8.2026,22:2:41.688,23.596,14.2,4099.7,86,
31.8.2026,22:2:41.897,23.596,37.4,4299.7,86,
31.8.2026,22:2:42.100,23.318,37.4,4299.7,86,
31.8.2026,22:2:42.309,23.318,37.4,4299.7,86,
31.8.2026,22:2:42.513,23.318,37.4,4299.7,86,
31.8.2026,22:2:42.718,23.318,37.4,4299.7,86,
31.8.2026,22:2:42.924,23.318,37.4,4299.7,86,
31.8.2026,22:2:43.130,23.318,37.4,4299.7,86,
31.8.2026,22:2:43.336,23.318,37.4,4299.7,86,
31.8.2026,22:2:43.527,23.318,37.4,4299.7,86,
31.8.2026,22:2:43.734,23.318,37.4,4299.7,86,
31.8.2026,22:2:43.940,23.318,37.4,4299.7,86,
31.8.2026,22:2:44.145,23.318,37.4,4299.7,86,
31.8.2026,22:2:44.352,23.318,37.4,4299.7,86,
31.8.2026,22:2:44.542,23.318,37.4,4299.7,86,
31.8.2026,22:2:44.748,23.318,37.4,4299.7,86,
31.8.2026,22:2:44.955,23.318,37.4,4299.7,86,
31.8.2026,22:2:45.161,23.318,37.4,4299.7,86,
31.8.2026,22:2:45.366,23.318,37.4,4299.7,86,
31.8.2026,22:2:45.572,23.318,37.4,4299.7,86,
31.8.2026,22:2:45.762,23.318,37.4,4299.7,86,
31.8.2026,22:2:45.971,23.318,37.4,4299.7,86,
31.8.2026,22:2:46.174,23.318,37.4,4299.7,86,
31.8.2026,22:2:46.383,23.318,37.4,4299.7,86,
31.8.2026,22:2:46.586,23.318,15.5,4299.7,87,
31.8.2026,22:2:46.778,23.305,15.5,4299.7,87,
31.8.2026,22:2:46.982,23.305,15.5,4299.7,87,
31.8.2026,22:2:47.189,23.305,15.5,4299.7,87,
31.8.2026,22:2:47.393,23.305,15.5,4299.7,87,
31.8.2026,22:2:47.601,23.305,15.5,4299.7,87,
31.8.2026,22:2:47.805,23.305,15.5,4299.7,87,
31.8.2026,22:2:48.010,23.305,15.5,4299.7,87,
31.8.2026,22:2:48.216,23.305,15.5,4299.7,87,
31.8.2026,22:2:48.423,23.305,15.5,4299.7,87,
31.8.2026,22:2:48.629,23.305,15.5,4299.7,87,
31.8.2026,22:2:48.835,23.305,15.5,4299.7,87,
31.8.2026,22:2:49.027,23.305,15.5,4299.7,87,
31.8.2026,22:2:49.233,23.305,15.5,4299.7,87,
31.8.2026,22:2:49.438,23.305,15.5,4299.7,87,
31.8.2026,22:2:49.645,23.305,15.5,4299.7,87,
31.8.2026,22:2:49.850,23.305,15.5,4299.7,87,
31.8.2026,22:2:50.058,23.305,15.5,4299.7,87,
31.8.2026,22:2:50.246,23.305,15.5,4299.7,87,
31.8.2026,22:2:50.453,23.305,15.5,4299.7,87,
31.8.2026,22:2:50.658,23.305,15.5,4299.7,87,
31.8.2026,22:2:50.866,23.305,15.5,4299.7,87,
31.8.2026,22:2:51.070,23.305,15.5,4299.7,87,
31.8.2026,22:2:51.277,23.305,15.5,4299.7,87,
31.8.2026,22:2:51.465,23.320,15.5,4299.7,86,
31.8.2026,22:2:51.672,23.320,15.5,4299.7,86,
31.8.2026,22:2:51.877,23.320,15.5,4299.7,86,
31.8.2026,22:2:52.085,23.320,15.5,4299.7,86,
31.8.2026,22:2:52.288,23.320,15.5,4299.7,86,
31.8.2026,22:2:52.492,23.320,15.5,4299.7,86,
31.8.2026,22:2:52.699,23.320,15.5,4299.7,86,
31.8.2026,22:2:52.905,23.320,15.5,4299.7,86,
31.8.2026,22:2:53.111,23.320,15.5,4299.7,86,
31.8.2026,22:2:53.316,23.320,15.5,4299.7,86,
31.8.2026,22:2:53.522,23.320,15.5,4299.7,86,
31.8.2026,22:2:53.728,23.320,15.5,4299.7,86,
31.8.2026,22:2:53.918,23.320,15.5,4299.7,86,
31.8.2026,22:2:54.122,23.320,15.5,4299.7,86,
31.8.2026,22:2:54.329,23.320,15.5,4299.7,86,
31.8.2026,22:2:54.534,23.320,15.5,4299.7,86,
31.8.2026,22:2:54.740,23.320,15.5,4299.7,86,
31.8.2026,22:2:54.947,23.320,15.5,4299.7,86,
31.8.2026,22:2:55.136,23.320,15.5,4299.7,86,
31.8.2026,22:2:55.342,23.320,15.5,4299.7,86,
31.8.2026,22:2:55.548,23.320,15.5,4299.7,86,
31.8.2026,22:2:55.754,23.320,15.5,4299.7,86,
31.8.2026,22:2:55.961,23.320,15.5,4299.7,86,
31.8.2026,22:2:56.152,23.320,15.8,4299.7,87,
31.8.2026,22:2:56.357,23.227,15.8,4299.7,87,
31.8.2026,22:2:56.563,23.227,15.8,4299.7,87,
31.8.2026,22:2:56.769,23.227,15.8,4299.7,87,
31.8.2026,22:2:56.975,23.227,15.8,4299.7,87,
31.8.2026,22:2:57.181,23.227,15.8,4299.7,87,
31.8.2026,22:2:57.371,23.227,15.8,4299.7,87,
31.8.2026,22:2:57.579,23.227,15.8,4299.7,87,
31.8.2026,22:2:57.783,23.227,15.8,4299.7,87,
31.8.2026,22:2:57.991,23.227,15.8,4299.7,87,
31.8.2026,22:2:58.194,23.227,15.8,4299.7,87,
31.8.2026,22:2:58.400,23.227,15.8,4299.7,87,
31.8.2026,22:2:58.590,23.227,15.8,4299.7,87,
31.8.2026,22:2:58.798,23.227,15.8,4299.7,87,
31.8.2026,22:2:59.002,23.227,15.8,4299.7,87,
31.8.2026,22:2:59.209,23.227,15.8,4299.7,87,
31.8.2026,22:2:59.415,23.227,15.8,4299.7,87,
31.8.2026,22:2:59.606,23.227,15.8,4299.7,87,
31.8.2026,22:2:59.813,23.227,15.8,4299.7,87,
31.8.2026,22:3:0.018,23.227,15.8,4299.7,87,
31.8.2026,22:3:0.226,23.227,15.8,4299.7,87,
31.8.2026,22:3:0.430,23.227,15.8,4299.7,87,
31.8.2026,22:3:0.621,23.227,15.8,4299.7,87,
31.8.2026,22:3:0.826,23.227,15.5,4299.7,86,
31.8.2026,22:3:1.033,23.295,15.5,4299.7,86,
31.8.2026,22:3:1.239,24.623,39.7,4699.7,80,
31.8.2026,22:3:1.445,21.867,23.2,4099.7,71,
31.8.2026,22:3:1.651,13.962,9.2,4699.7,57,
31.8.2026,22:3:1.864,8.170,7.3,4099.7,62,
31.8.2026,22:3:2.080,8.428,3.5,4099.7,62,
31.8.2026,22:3:2.287,8.657,6.6,4099.7,58,
31.8.2026,22:3:2.498,8.406,2.0,4099.7,56,
31.8.2026,22:3:2.705,8.327,10.3,4099.7,55,
31.8.2026,22:3:2.917,8.350,2.6,4099.7,59,
31.8.2026,22:3:3.107,8.664,9.2,4099.7,53,
31.8.2026,22:3:3.315,8.325,1.4,4699.7,51,
31.8.2026,22:3:3.526,8.202,6.2,4699.7,51,
31.8.2026,22:3:3.736,7.889,4.7,4699.7,53,
31.8.2026,22:3:3.941,8.113,4.0,4699.7,52,
31.8.2026,22:3:4.150,8.420,5.0,4699.7,52,
31.8.2026,22:3:4.357,8.159,4.2,4099.7,53,
31.8.2026,22:3:4.565,8.585,10.7,4099.7,52,
31.8.2026,22:3:4.775,8.295,2.9,4699.7,50,
31.8.2026,22:3:4.964,7.986,4.9,4699.7,52,
31.8.2026,22:3:5.173,8.972,5.9,4699.7,51,
31.8.2026,22:3:5.382,8.029,5.8,4099.7,50,
31.8.2026,22:3:5.578,8.291,5.9,4699.7,50,
31.8.2026,22:3:5.792,8.364,5.7,4099.7,50,
31.8.2026,22:3:5.981,8.338,7.5,4099.7,50,
31.8.2026,22:3:6.193,9.944,8.6,4699.7,51,
31.8.2026,22:3:6.398,8.442,3.2,4099.7,49,
31.8.2026,22:3:6.589,8.740,10.1,4099.7,51,
31.8.2026,22:3:6.798,8.477,3.5,4699.7,50,
31.8.2026,22:3:7.005,8.507,4.4,4099.7,50,
31.8.2026,22:3:7.211,11.775,9.3,4099.7,49,
31.8.2026,22:3:7.403,8.433,9.5,4699.7,49,
31.8.2026,22:3:7.609,8.731,4.5,4699.7,49,
31.8.2026,22:3:7.819,8.065,3.3,4099.7,49,
31.8.2026,22:3:8.027,8.046,4.4,4699.7,49,
31.8.2026,22:3:8.248,8.402,6.1,4699.7,49,
31.8.2026,22:3:8.454,8.641,7.1,4699.7,49,
31.8.2026,22:3:8.663,9.192,3.6,4099.7,49,
31.8.2026,22:3:8.869,9.168,2.6,4699.7,49,
31.8.2026,22:3:9.085,8.866,9.1,4099.7,49,
31.8.2026,22:3:9.297,8.852,3.9,4699.7,49,
31.8.2026,22:3:9.503,9.178,6.4,4699.7,49,
31.8.2026,22:3:9.714,8.515,3.9,4699.7,49,
31.8.2026,22:3:9.925,8.417,6.1,4699.7,49,
31.8.2026,22:3:10.133,8.642,3.2,4099.7,48,
31.8.2026,22:3:10.325,8.296,5.2,4699.7,48,
31.8.2026,22:3:10.531,8.180,7.8,4699.7,47,
31.8.2026,22:3:10.742,8.381,7.1,4699.7,49,
31.8.2026,22:3:10.948,8.131,2.7,4699.7,48,
31.8.2026,22:3:11.158,9.004,10.1,4099.7,48,
31.8.2026,22:3:11.362,8.640,2.6,4699.7,48,
31.8.2026,22:3:11.570,8.629,6.2,4699.7,48,
31.8.2026,22:3:11.763,8.252,5.7,4699.7,48,
31.8.2026,22:3:11.971,8.568,5.6,4099.7,48,
31.8.2026,22:3:12.178,7.632,6.7,4099.7,48,
31.8.2026,22:3:12.385,8.561,3.9,4699.7,48,
31.8.2026,22:3:12.592,8.478,9.7,4099.7,48,
31.8.2026,22:3:12.802,8.232,2.6,4699.7,48,
31.8.2026,22:3:12.997,8.330,7.8,4099.7,48,
31.8.2026,22:3:13.204,8.664,5.1,4199.7,48,
31.8.2026,22:3:13.416,8.273,4.9,4099.7,48,
31.8.2026,22:3:13.605,8.255,6.1,4099.7,47,
31.8.2026,22:3:13.815,9.018,5.9,4099.7,47,
31.8.2026,22:3:14.013,8.210,4.7,4699.7,47,
31.8.2026,22:3:14.220,8.167,5.6,4099.7,48,
31.8.2026,22:3:14.428,8.396,4.1,4099.7,48,
31.8.2026,22:3:14.634,8.292,2.7,4099.7,48,
31.8.2026,22:3:14.826,8.478,12.5,4099.7,48,
31.8.2026,22:3:15.035,8.454,0.8,4699.7,47,
31.8.2026,22:3:15.243,8.699,4.1,4699.7,47,
31.8.2026,22:3:15.439,8.699,9.2,4099.7,48,
31.8.2026,22:3:15.646,8.366,4.4,4699.7,47,
31.8.2026,22:3:15.858,7.937,3.4,4699.7,47,
31.8.2026,22:3:16.063,8.360,7.9,4099.7,46,
31.8.2026,22:3:16.272,8.403,2.2,4699.7,48,
31.8.2026,22:3:16.477,7.974,4.9,4699.7,47,
31.8.2026,22:3:16.673,8.389,7.9,4099.7,46,
31.8.2026,22:3:16.883,8.105,1.9,1699.9,46,
31.8.2026,22:3:17.078,7.796,1.9,1699.9,46,
31.8.2026,22:3:17.292,8.582,2.0,4699.7,47,
31.8.2026,22:3:17.489,7.904,2.0,4699.7,47,
31.8.2026,22:3:17.696,8.389,7.4,4699.7,46,
31.8.2026,22:3:17.889,9.034,4.6,4099.7,48,
31.8.2026,22:3:18.095,9.837,9.1,4699.7,78,
31.8.2026,22:3:18.305,8.525,4.8,4699.7,78,
31.8.2026,22:3:18.511,7.811,2.0,4099.7,79,
31.8.2026,22:3:18.721,11.236,11.9,4099.7,74,
31.8.2026,22:3:18.935,8.158,2.0,4699.7,78,
31.8.2026,22:3:19.145,6.895,6.4,4099.7,46,
31.8.2026,22:3:19.353,8.682,4.0,4699.7,46,
31.8.2026,22:3:19.562,7.576,7.8,4099.7,46,
31.8.2026,22:3:19.769,9.994,8.9,4099.7,46,
31.8.2026,22:3:19.985,8.213,4.6,4099.7,47,
31.8.2026,22:3:20.192,7.888,4.9,4099.7,46,
31.8.2026,22:3:20.402,8.156,4.4,4099.7,46,
31.8.2026,22:3:20.594,7.475,1.6,4099.7,45,
31.8.2026,22:3:20.803,9.097,10.3,4099.7,79,
31.8.2026,22:3:21.010,7.901,1.8,4099.7,78,
31.8.2026,22:3:21.221,7.957,9.1,4699.7,77,
31.8.2026,22:3:21.427,8.679,5.0,4099.7,70,
31.8.2026,22:3:21.630,8.232,3.7,3099.8,78,
31.8.2026,22:3:21.835,8.288,6.8,4099.7,71,
31.8.2026,22:3:22.032,8.066,3.1,4699.7,78,
31.8.2026,22:3:22.245,7.987,7.4,4099.7,79,
31.8.2026,22:3:22.434,6.853,2.2,4099.7,45,
31.8.2026,22:3:22.642,11.277,8.0,4699.7,77,
31.8.2026,22:3:22.849,7.985,6.0,4099.7,73,
31.8.2026,22:3:23.045,7.704,1.2,4099.7,78,
31.8.2026,22:3:23.257,8.991,12.8,700.0,76,
31.8.2026,22:3:23.471,7.796,0.3,4699.7,77,
31.8.2026,22:3:23.685,6.657,7.5,4099.7,46,
31.8.2026,22:3:23.893,7.814,2.7,4699.7,45,
31.8.2026,22:3:24.104,8.500,3.9,4099.7,45,
31.8.2026,22:3:24.293,7.759,3.9,4099.7,45,
31.8.2026,22:3:24.505,8.366,8.3,4099.7,45,
31.8.2026,22:3:24.710,7.782,3.6,4699.7,45,
31.8.2026,22:3:24.918,8.071,5.6,4699.7,45,
31.8.2026,22:3:25.129,8.216,8.0,4099.7,44,
31.8.2026,22:3:25.335,8.488,3.3,4099.7,46,
31.8.2026,22:3:25.542,8.001,3.7,4699.7,45,
31.8.2026,22:3:25.749,8.002,9.5,4099.7,44,
31.8.2026,22:3:25.963,8.271,6.7,4699.7,45,
31.8.2026,22:3:26.177,7.906,3.5,4699.7,45,
31.8.2026,22:3:26.386,8.464,6.0,4699.7,44,
31.8.2026,22:3:26.602,8.018,4.8,4699.7,45,
31.8.2026,22:3:26.792,8.069,7.1,4099.7,45,
31.8.2026,22:3:27.002,8.182,4.1,4699.7,44,
31.8.2026,22:3:27.211,7.913,6.0,4099.7,45,
31.8.2026,22:3:27.416,8.744,2.4,4699.7,45,
31.8.2026,22:3:27.622,7.966,10.5,4699.7,45,
31.8.2026,22:3:27.829,7.827,2.7,4699.7,45,
31.8.2026,22:3:28.038,7.965,5.3,4699.7,44,
31.8.2026,22:3:28.250,7.778,4.0,4699.7,44,
31.8.2026,22:3:28.455,8.075,4.8,4099.7,45,
31.8.2026,22:3:28.663,7.385,5.1,4699.7,44,
31.8.2026,22:3:28.856,8.146,10.5,4099.7,45,
31.8.2026,22:3:29.065,8.127,1.9,4699.7,45,
31.8.2026,22:3:29.274,8.203,3.9,4699.7,45,
31.8.2026,22:3:29.465,8.943,7.2,4699.7,44,
31.8.2026,22:3:29.673,7.774,4.5,4699.7,44,
31.8.2026,22:3:29.881,8.088,5.3,4699.7,44,
31.8.2026,22:3:30.088,8.363,4.4,4699.7,44,
31.8.2026,22:3:30.283,8.107,4.4,4699.7,44,
31.8.2026,22:3:30.488,7.682,6.5,4099.7,45,
31.8.2026,22:3:30.695,7.566,4.8,4099.7,45,
31.8.2026,22:3:30.889,7.566,2.2,4099.7,44,
31.8.2026,22:3:31.098,7.840,8.9,4099.7,74,
31.8.2026,22:3:31.307,8.904,1.3,4699.7,73,
31.8.2026,22:3:31.497,7.657,7.4,4099.7,72,
31.8.2026,22:3:31.709,8.391,6.9,4099.7,76,
31.8.2026,22:3:31.902,6.940,1.9,4099.7,70,
31.8.2026,22:3:32.110,8.507,6.6,4699.7,73,
31.8.2026,22:3:32.317,7.704,5.8,4099.7,76,
31.8.2026,22:3:32.511,8.089,5.0,4099.7,76,
31.8.2026,22:3:32.733,9.022,7.5,4099.7,62,
31.8.2026,22:3:32.942,6.580,3.5,4099.7,76,
31.8.2026,22:3:33.137,7.137,2.7,4099.7,44,
31.8.2026,22:3:33.348,8.578,7.0,4099.7,75,
31.8.2026,22:3:33.556,8.635,4.6,4099.7,73,
31.8.2026,22:3:33.749,7.663,3.5,4699.7,76,
31.8.2026,22:3:33.954,8.973,8.2,3499.8,75,
31.8.2026,22:3:34.162,8.201,4.3,4099.7,55,
31.8.2026,22:3:34.373,8.029,3.3,1799.9,66,
31.8.2026,22:3:34.578,8.266,8.1,4099.7,65,
31.8.2026,22:3:34.792,8.240,3.0,4099.7,63,
31.8.2026,22:3:35.000,6.870,7.8,4099.7,76,
31.8.2026,22:3:35.209,7.843,2.1,4099.7,77,
31.8.2026,22:3:35.415,8.273,2.7,4699.7,68,
31.8.2026,22:3:35.605,7.974,5.2,4099.7,73,
31.8.2026,22:3:35.814,9.376,10.3,3899.7,74,
31.8.2026,22:3:36.026,8.149,4.7,4099.7,74,
31.8.2026,22:3:36.214,7.725,0.3,4099.7,77,
31.8.2026,22:3:36.422,9.170,13.1,4099.7,58,
31.8.2026,22:3:36.631,8.281,2.6,4699.7,66,
31.8.2026,22:3:36.828,8.027,4.2,4699.7,68,
31.8.2026,22:3:37.037,7.962,7.3,4099.7,47,
31.8.2026,22:3:37.243,7.636,2.4,4699.7,46,
31.8.2026,22:3:37.443,8.988,5.1,500.0,60,
31.8.2026,22:3:37.650,8.211,5.0,4699.7,46,
31.8.2026,22:3:37.843,7.719,7.5,4099.7,45,
31.8.2026,22:3:38.053,8.398,4.0,4699.7,47,
31.8.2026,22:3:38.244,7.961,3.9,4699.7,45,
31.8.2026,22:3:38.452,8.055,5.7,4699.7,44,
31.8.2026,22:3:38.661,8.420,5.8,4099.7,43,
31.8.2026,22:3:38.869,7.855,4.7,4099.7,45,
31.8.2026,22:3:39.076,8.234,7.8,4699.7,44,
31.8.2026,22:3:39.285,8.016,3.6,4099.7,45,
31.8.2026,22:3:39.493,8.759,3.3,4699.7,44,
31.8.2026,22:3:39.687,7.938,7.3,4099.7,45,
31.8.2026,22:3:39.894,8.084,4.2,4699.7,44,
31.8.2026,22:3:40.101,8.495,2.9,4699.7,44,
31.8.2026,22:3:40.310,7.922,3.1,4699.7,45,
31.8.2026,22:3:40.523,7.930,6.8,4699.7,44,
31.8.2026,22:3:40.731,8.228,4.1,2899.8,46,
31.8.2026,22:3:40.941,8.088,7.6,4699.7,44,
31.8.2026,22:3:41.146,8.071,6.2,4099.7,45,
31.8.2026,22:3:41.360,8.239,3.5,4099.7,45,
31.8.2026,22:3:41.564,8.689,7.7,4099.7,45,
31.8.2026,22:3:41.772,9.629,4.1,4099.7,46,
31.8.2026,22:3:41.970,9.626,5.3,4699.7,45,
31.8.2026,22:3:42.179,10.348,8.6,4699.7,45,
31.8.2026,22:3:42.374,9.651,3.1,4699.7,46,
31.8.2026,22:3:42.581,10.229,8.0,4099.7,44,
31.8.2026,22:3:42.790,8.531,4.5,4099.7,46,
31.8.2026,22:3:42.980,8.531,2.0,4099.7,46,
31.8.2026,22:3:43.191,8.271,6.8,4099.7,44,
31.8.2026,22:3:43.401,8.233,3.6,4099.7,44,
31.8.2026,22:3:43.591,8.278,11.6,4099.7,43,
31.8.2026,22:3:43.798,8.658,2.7,4099.7,44,
31.8.2026,22:3:44.014,8.398,4.2,4699.7,44,
31.8.2026,22:3:44.221,7.984,5.7,4699.7,43,
31.8.2026,22:3:44.432,8.118,4.9,4099.7,45,
31.8.2026,22:3:44.622,7.950,3.7,4699.7,44,
31.8.2026,22:3:44.828,7.991,8.0,4699.7,43,
31.8.2026,22:3:45.037,8.108,5.2,4699.7,44,
31.8.2026,22:3:45.244,8.325,3.7,4099.7,44,
31.8.2026,22:3:45.437,8.006,7.5,4699.7,43,
31.8.2026,22:3:45.642,8.594,7.0,4099.7,44,
31.8.2026,22:3:45.849,8.250,2.9,4099.7,44,
31.8.2026,22:3:46.056,8.355,2.1,4699.7,44,
31.8.2026,22:3:46.254,7.599,13.8,4099.7,46,
31.8.2026,22:3:46.468,9.574,4.7,4099.7,43,
31.8.2026,22:3:46.678,8.551,3.9,4699.7,43,
31.8.2026,22:3:46.871,7.837,2.9,4099.7,42,
31.8.2026,22:3:47.081,7.647,6.4,4699.7,43,
31.8.2026,22:3:47.287,8.520,5.2,4699.7,43,
31.8.2026,22:3:47.493,7.925,3.8,4699.7,44,
31.8.2026,22:3:47.687,8.791,9.5,4099.7,45,
31.8.2026,22:3:47.893,8.460,2.3,4699.7,43,
31.8.2026,22:3:48.106,7.889,2.7,4699.7,43,
31.8.2026,22:3:48.310,7.925,7.5,4699.7,44,
31.8.2026,22:3:48.518,8.259,5.6,4099.7,43,
31.8.2026,22:3:48.727,7.787,1.3,4699.7,43,
31.8.2026,22:3:48.939,8.048,2.7,4699.7,43,
31.8.2026,22:3:49.151,7.906,7.3,4099.7,42,
31.8.2026,22:3:49.341,7.906,8.0,4099.7,44,
31.8.2026,22:3:49.553,8.924,3.4,4699.7,44,
31.8.2026,22:3:49.761,8.403,2.3,4699.7,42,
31.8.2026,22:3:49.968,7.805,8.3,4699.7,42,
31.8.2026,22:3:50.177,8.308,3.1,4099.7,44,
31.8.2026,22:3:50.374,7.817,7.3,4699.7,43,
31.8.2026,22:3:50.587,7.457,2.0,4099.7,44,
31.8.2026,22:3:50.781,7.745,7.6,4699.7,44,
31.8.2026,22:3:50.990,8.166,5.5,4099.7,44,
31.8.2026,22:3:51.198,8.440,3.0,4699.7,43,
31.8.2026,22:3:51.405,8.021,8.4,4099.7,42,
31.8.2026,22:3:51.618,8.559,2.0,4099.7,43,
31.8.2026,22:3:51.810,8.890,8.8,4099.7,42,
31.8.2026,22:3:52.023,9.126,3.2,4099.7,43,
31.8.2026,22:3:52.221,8.978,8.1,4099.7,43,
31.8.2026,22:3:52.430,8.264,3.4,4099.7,42,
31.8.2026,22:3:52.636,8.311,4.5,4099.7,44,
31.8.2026,22:3:52.843,7.970,8.1,4099.7,43,
31.8.2026,22:3:53.044,8.030,4.5,4099.7,43,
31.8.2026,22:3:53.252,8.068,3.6,4699.7,42,
31.8.2026,22:3:53.462,8.430,4.2,4099.7,44,
31.8.2026,22:3:53.652,7.691,6.0,4699.7,43,
31.8.2026,22:3:53.859,8.311,4.5,4099.7,43,
31.8.2026,22:3:54.061,8.099,5.2,4099.7,43,
31.8.2026,22:3:54.274,7.853,3.4,4699.7,43,
31.8.2026,22:3:54.469,7.632,10.8,4099.7,42,
31.8.2026,22:3:54.675,8.247,1.9,4099.7,43,
31.8.2026,22:3:54.871,8.247,5.8,4699.7,43,
31.8.2026,22:3:55.081,8.380,7.2,4699.7,42,
31.8.2026,22:3:55.288,7.882,3.6,4099.7,44,
31.8.2026,22:3:55.494,8.046,7.1,4699.7,43,
31.8.2026,22:3:55.703,8.428,7.8,4099.7,44,
31.8.2026,22:3:55.909,7.757,3.0,4699.7,43,
31.8.2026,22:3:56.118,7.963,5.6,4699.7,43,
31.8.2026,22:3:56.314,7.509,9.4,4699.7,43,
31.8.2026,22:3:56.527,7.947,2.0,4699.7,43,
31.8.2026,22:3:56.733,8.048,9.6,4699.7,44,
31.8.2026,22:3:56.947,7.921,3.4,4099.7,43,
31.8.2026,22:3:57.137,8.314,5.2,4699.7,42,
31.8.2026,22:3:57.347,8.113,6.3,4699.7,43,
31.8.2026,22:3:57.544,7.911,5.6,4699.7,42,
31.8.2026,22:3:57.760,8.830,2.0,4699.7,44,
31.8.2026,22:3:57.977,7.750,8.0,4699.7,43,
31.8.2026,22:3:58.179,8.134,2.8,4699.7,43,
31.8.2026,22:3:58.371,7.831,8.8,4099.7,43,
31.8.2026,22:3:58.585,8.227,2.2,4699.7,43,
31.8.2026,22:3:58.799,8.158,6.8,4099.7,43,
31.8.2026,22:3:59.005,7.974,2.5,4699.7,43,
31.8.2026,22:3:59.207,7.952,6.3,4699.7,43,
31.8.2026,22:3:59.413,7.920,4.5,4699.7,42,
31.8.2026,22:3:59.608,8.112,10.3,4699.7,43,
31.8.2026,22:3:59.812,8.863,3.3,4099.7,43,
31.8.2026,22:4:0.022,8.417,5.1,4699.7,42,
31.8.2026,22:4:0.227,8.671,3.8,4099.7,43,
31.8.2026,22:4:0.418,8.626,3.8,4099.7,43,
31.8.2026,22:4:0.626,7.822,11.0,4099.7,43,
31.8.2026,22:4:0.836,9.034,1.8,4099.7,42,
31.8.2026,22:4:1.032,8.871,6.9,4099.7,43,
31.8.2026,22:4:1.238,8.352,4.7,2599.8,43,
31.8.2026,22:4:1.444,8.540,3.8,4099.7,43,
31.8.2026,22:4:1.652,9.310,7.2,4099.7,46,
31.8.2026,22:4:1.859,8.273,4.7,4699.7,43,
31.8.2026,22:4:2.067,8.256,6.9,4699.7,43,
31.8.2026,22:4:2.271,8.771,6.9,4099.7,43,
31.8.2026,22:4:2.478,8.373,6.2,4099.7,43,
31.8.2026,22:4:2.689,8.121,7.6,4099.7,43,
31.8.2026,22:4:2.900,8.098,3.1,4099.7,43,
31.8.2026,22:4:3.097,8.258,4.8,4099.7,43,
31.8.2026,22:4:3.303,8.638,9.2,1999.9,42,
31.8.2026,22:4:3.515,8.357,2.4,4099.7,43,
31.8.2026,22:4:3.723,8.829,7.1,4099.7,43,
31.8.2026,22:4:3.934,7.930,3.2,4099.7,43,
31.8.2026,22:4:4.142,8.225,6.4,4099.7,43,
31.8.2026,22:4:4.355,8.515,1.1,4699.7,43,
31.8.2026,22:4:4.544,8.798,1.1,4699.7,43,
31.8.2026,22:4:4.750,8.573,9.3,4099.7,42,
31.8.2026,22:4:4.961,8.501,5.0,4699.7,43,
31.8.2026,22:4:5.153,8.143,2.5,4099.7,42,
31.8.2026,22:4:5.366,9.177,11.1,4099.7,75,
31.8.2026,22:4:5.561,8.126,1.5,4099.7,73,
31.8.2026,22:4:5.766,8.849,6.5,3499.8,74,
31.8.2026,22:4:5.985,8.007,4.5,4099.7,74,
31.8.2026,22:4:6.191,6.963,4.6,4099.7,42,
31.8.2026,22:4:6.400,8.210,4.4,4099.7,42,
31.8.2026,22:4:6.589,9.338,3.3,4099.7,43,
31.8.2026,22:4:6.795,9.490,6.3,4699.7,75,
31.8.2026,22:4:7.003,8.153,7.2,4699.7,74,
31.8.2026,22:4:7.214,8.491,1.6,4699.7,75,
31.8.2026,22:4:7.421,8.191,10.3,4099.7,75,
31.8.2026,22:4:7.631,8.823,2.8,4699.7,76,
31.8.2026,22:4:7.839,9.123,4.8,4099.7,76,
31.8.2026,22:4:8.048,8.442,6.4,4099.7,75,
31.8.2026,22:4:8.256,8.015,2.9,4699.7,75,
31.8.2026,22:4:8.472,8.028,5.8,4699.7,68,
31.8.2026,22:4:8.679,8.278,7.0,4099.7,75,
31.8.2026,22:4:8.887,8.347,3.0,4099.7,74,
31.8.2026,22:4:9.094,8.218,7.7,4099.7,71,
31.8.2026,22:4:9.303,8.841,4.1,1599.9,74,
31.8.2026,22:4:9.496,8.050,4.0,4099.7,74,
31.8.2026,22:4:9.703,9.999,10.2,2699.8,58,
31.8.2026,22:4:9.915,8.388,4.4,4699.7,62,
31.8.2026,22:4:10.105,8.249,3.0,500.0,62,
31.8.2026,22:4:10.315,8.358,6.3,4699.7,43,
31.8.2026,22:4:10.522,8.636,6.1,4099.7,44,
31.8.2026,22:4:10.731,8.271,2.4,4099.7,45,
31.8.2026,22:4:10.938,8.245,5.4,4699.7,42,
31.8.2026,22:4:11.140,8.474,4.9,4099.7,53,
31.8.2026,22:4:11.346,8.155,10.1,4099.7,47,
31.8.2026,22:4:11.558,8.457,2.2,4699.7,47,
31.8.2026,22:4:11.747,9.010,6.8,4699.7,46,
31.8.2026,22:4:11.954,8.120,2.7,4699.7,46,
31.8.2026,22:4:12.160,7.860,4.3,4099.7,45,
31.8.2026,22:4:12.376,8.048,6.0,4699.7,44,
31.8.2026,22:4:12.582,7.935,8.3,4099.7,44,
31.8.2026,22:4:12.788,7.944,2.8,4099.7,45,
31.8.2026,22:4:12.990,8.552,2.8,4699.7,46,
31.8.2026,22:4:13.195,7.814,5.9,4699.7,45,
31.8.2026,22:4:13.407,8.060,1.2,4099.7,46,
31.8.2026,22:4:13.619,7.961,8.3,4099.7,45,
31.8.2026,22:4:13.810,7.961,6.7,4099.7,50,
31.8.2026,22:4:14.019,8.720,4.0,4099.7,42,
31.8.2026,22:4:14.227,7.977,3.9,4699.7,43,
31.8.2026,22:4:14.438,8.342,3.9,4699.7,43,
31.8.2026,22:4:14.643,7.816,6.9,4699.7,43,
31.8.2026,22:4:14.849,8.130,2.0,4699.7,45,
31.8.2026,22:4:15.061,7.664,4.2,4699.7,44,
31.8.2026,22:4:15.268,7.921,10.6,4099.7,42,
31.8.2026,22:4:15.480,8.014,3.0,4699.7,44,
31.8.2026,22:4:15.676,7.722,6.5,4099.7,45,
31.8.2026,22:4:15.885,7.738,4.6,4099.7,42,
31.8.2026,22:4:16.095,8.400,6.2,4099.7,46,
31.8.2026,22:4:16.302,7.991,2.8,4099.7,42,
31.8.2026,22:4:16.511,8.254,5.7,4099.7,45,
31.8.2026,22:4:16.719,7.751,7.7,4099.7,42,
31.8.2026,22:4:16.928,8.518,2.2,4699.7,44,
31.8.2026,22:4:17.136,7.679,4.8,4099.7,44,
31.8.2026,22:4:17.345,7.802,4.5,4699.7,42,
31.8.2026,22:4:17.553,8.050,5.4,4099.7,44,
31.8.2026,22:4:17.757,7.989,7.5,4099.7,47,
31.8.2026,22:4:17.963,8.545,3.8,4699.7,45,
31.8.2026,22:4:18.176,8.291,9.6,4099.7,45,
31.8.2026,22:4:18.382,8.518,1.4,4699.7,44,
31.8.2026,22:4:18.575,7.960,4.3,4699.7,43,
31.8.2026,22:4:18.782,8.152,7.5,4699.7,43,
31.8.2026,22:4:18.989,8.166,4.6,4099.7,43,
31.8.2026,22:4:19.198,7.968,3.8,4099.7,42,
31.8.2026,22:4:19.387,8.521,5.2,4699.7,43,
31.8.2026,22:4:19.593,8.307,7.4,4699.7,42,
31.8.2026,22:4:19.802,8.091,7.6,4699.7,42,
31.8.2026,22:4:20.009,8.940,2.3,4699.7,43,
31.8.2026,22:4:20.203,8.065,9.1,4699.7,42,
31.8.2026,22:4:20.413,8.263,2.8,4699.7,43,
31.8.2026,22:4:20.620,7.794,4.5,4699.7,42,
31.8.2026,22:4:20.827,8.146,6.9,4099.7,42,
31.8.2026,22:4:21.036,8.276,5.0,4699.7,42,
31.8.2026,22:4:21.244,8.439,3.9,4099.7,43,
31.8.2026,22:4:21.453,8.008,6.7,4099.7,42,
31.8.2026,22:4:21.661,7.549,2.2,4699.7,41,
31.8.2026,22:4:21.871,8.317,6.0,4699.7,42,
31.8.2026,22:4:22.059,9.059,8.9,4099.7,43,
31.8.2026,22:4:22.271,8.024,4.6,4099.7,42,
31.8.2026,22:4:22.483,8.150,3.3,4099.7,42,
31.8.2026,22:4:22.689,7.839,6.6,4099.7,42,
31.8.2026,22:4:22.901,7.743,2.7,4099.7,42,
31.8.2026,22:4:23.089,7.962,5.9,4699.7,42,
31.8.2026,22:4:23.296,8.277,6.8,4099.7,43,
31.8.2026,22:4:23.506,8.180,4.3,4099.7,43,
31.8.2026,22:4:23.719,8.109,5.4,4099.7,48,
31.8.2026,22:4:23.924,8.774,7.1,4099.7,42,
31.8.2026,22:4:24.132,8.288,2.7,4099.7,42,
31.8.2026,22:4:24.341,7.909,5.2,4099.7,42,
31.8.2026,22:4:24.547,8.257,7.0,4099.7,41,
31.8.2026,22:4:24.755,7.781,4.3,4099.7,42,
31.8.2026,22:4:24.963,8.069,3.6,4699.7,43,
31.8.2026,22:4:25.153,8.050,7.1,4699.7,42,
31.8.2026,22:4:25.367,8.013,6.3,4099.7,42,
31.8.2026,22:4:25.578,8.077,8.3,4099.7,42,
31.8.2026,22:4:25.783,8.286,2.7,4099.7,42,
31.8.2026,22:4:25.996,8.632,4.0,4699.7,43,
31.8.2026,22:4:26.201,8.109,6.2,4099.7,42,
31.8.2026,22:4:26.415,7.783,2.2,4099.7,42,
31.8.2026,22:4:26.605,7.835,5.7,4099.7,43,
31.8.2026,22:4:26.816,7.608,6.1,4699.7,42,
31.8.2026,22:4:27.023,8.357,6.0,4699.7,42,
31.8.2026,22:4:27.218,8.208,4.9,4699.7,42,
31.8.2026,22:4:27.430,7.960,4.0,4699.7,41,
31.8.2026,22:4:27.636,8.086,5.5,4699.7,41,
31.8.2026,22:4:27.843,8.204,6.7,4699.7,42,
31.8.2026,22:4:28.053,8.615,3.2,4099.7,43,
31.8.2026,22:4:28.260,7.763,5.1,4099.7,41,
31.8.2026,22:4:28.466,8.195,7.7,4099.7,42,
31.8.2026,22:4:28.676,7.813,2.4,4699.7,42,
31.8.2026,22:4:28.881,8.098,3.9,4699.7,43,
31.8.2026,22:4:29.087,7.951,5.4,4699.7,42,
31.8.2026,22:4:29.277,8.184,8.7,4699.7,43,
31.8.2026,22:4:29.486,8.418,4.8,4099.7,42,
31.8.2026,22:4:29.699,8.495,4.5,4099.7,43,
31.8.2026,22:4:29.888,8.327,7.4,4699.7,43,
31.8.2026,22:4:30.096,8.956,4.0,4099.7,42,
31.8.2026,22:4:30.303,7.724,4.0,4699.7,43,
31.8.2026,22:4:30.510,8.374,4.4,4699.7,41,
31.8.2026,22:4:30.721,7.412,4.3,4699.7,43,
31.8.2026,22:4:30.926,7.967,5.0,4099.7,41,
31.8.2026,22:4:31.134,7.855,2.7,4699.7,42,
31.8.2026,22:4:31.326,7.753,2.7,4699.7,42,
31.8.2026,22:4:31.533,8.583,10.4,4099.7,43,
31.8.2026,22:4:31.745,8.115,4.0,4099.7,42,
31.8.2026,22:4:31.952,8.546,8.7,4099.7,43,
31.8.2026,22:4:32.161,8.177,5.4,4699.7,42,
31.8.2026,22:4:32.370,7.948,5.5,4099.7,42,
31.8.2026,22:4:32.588,8.102,2.9,4699.7,41,
31.8.2026,22:4:32.777,8.006,2.9,4699.7,41,
31.8.2026,22:4:32.989,8.174,7.1,4099.7,42,
31.8.2026,22:4:33.197,7.799,4.8,4099.7,42,
31.8.2026,22:4:33.390,7.799,2.6,4099.7,41,
31.8.2026,22:4:33.602,8.021,10.1,4099.7,69,
31.8.2026,22:4:33.808,6.840,2.5,4099.7,42,
31.8.2026,22:4:34.020,8.403,8.2,4099.7,42,
31.8.2026,22:4:34.215,8.403,4.6,4099.7,43,
31.8.2026,22:4:34.422,8.685,7.6,4099.7,68,
31.8.2026,22:4:34.628,8.790,2.4,4699.7,69,
31.8.2026,22:4:34.837,7.913,4.5,4699.7,67,
31.8.2026,22:4:35.027,7.689,2.0,4699.7,67,
31.8.2026,22:4:35.238,7.552,13.2,4699.7,64,
31.8.2026,22:4:35.434,7.093,0.5,4099.7,71,
31.8.2026,22:4:35.644,9.018,7.4,4099.7,72,
31.8.2026,22:4:35.851,6.820,4.7,4099.7,65,
31.8.2026,22:4:36.044,9.668,3.4,3099.8,71,
31.8.2026,22:4:36.256,8.172,7.7,4099.7,45,
31.8.2026,22:4:36.464,9.396,3.2,4699.7,50,
31.8.2026,22:4:36.679,9.237,8.1,4099.7,47,
31.8.2026,22:4:36.892,9.237,3.1,2199.9,48,
31.8.2026,22:4:37.097,8.414,9.9,4699.7,71,
31.8.2026,22:4:37.309,8.179,4.0,4099.7,74,
31.8.2026,22:4:37.497,8.115,8.7,4099.7,61,
31.8.2026,22:4:37.711,8.610,3.7,4099.7,45,
31.8.2026,22:4:37.910,9.338,3.0,3799.7,58,
31.8.2026,22:4:38.116,8.161,5.2,4699.7,48,
31.8.2026,22:4:38.327,7.757,3.4,4099.7,46,
31.8.2026,22:4:38.540,8.270,11.0,4099.7,44,
31.8.2026,22:4:38.731,7.749,1.1,3699.8,45,
31.8.2026,22:4:38.948,8.078,8.6,4099.7,45,
31.8.2026,22:4:39.137,8.301,2.0,4099.7,46,
31.8.2026,22:4:39.349,8.176,6.1,4699.7,44,
31.8.2026,22:4:39.555,7.875,4.5,4099.7,44,
31.8.2026,22:4:39.746,7.925,4.2,4699.7,42,
31.8.2026,22:4:39.961,8.385,6.2,4699.7,42,
31.8.2026,22:4:40.166,8.307,4.4,4099.7,43,
31.8.2026,22:4:40.361,7.985,6.0,4699.7,43,
31.8.2026,22:4:40.569,7.866,3.6,4099.7,42,
31.8.2026,22:4:40.776,7.979,4.8,4099.7,43,
31.8.2026,22:4:40.992,8.267,7.7,4699.7,42,
31.8.2026,22:4:41.197,8.138,3.3,4699.7,44,
31.8.2026,22:4:41.405,7.912,8.2,4099.7,41,
31.8.2026,22:4:41.615,8.262,6.0,4099.7,42,
31.8.2026,22:4:41.821,7.989,2.7,4699.7,42,
31.8.2026,22:4:42.019,8.282,8.8,4699.7,42,
31.8.2026,22:4:42.225,8.040,4.2,4699.7,42,
31.8.2026,22:4:42.435,8.196,3.1,4699.7,43,
31.8.2026,22:4:42.640,8.100,9.3,4099.7,42,
31.8.2026,22:4:42.848,7.838,3.2,4699.7,42,
31.8.2026,22:4:43.057,7.991,3.7,4099.7,41,
31.8.2026,22:4:43.247,8.257,9.4,4299.7,43,
31.8.2026,22:4:43.457,7.879,4.5,4099.7,42,
31.8.2026,22:4:43.663,8.424,4.6,4699.7,42,
31.8.2026,22:4:43.858,8.063,6.4,4099.7,42,
31.8.2026,22:4:44.064,8.797,4.6,4699.7,41,
31.8.2026,22:4:44.273,8.301,3.3,4699.7,41,
31.8.2026,22:4:44.477,8.127,3.5,4699.7,42,
31.8.2026,22:4:44.669,8.067,9.9,1699.9,42,
31.8.2026,22:4:44.878,8.015,4.9,4099.7,42,
31.8.2026,22:4:45.091,7.728,3.9,4699.7,42,
31.8.2026,22:4:45.295,8.104,7.9,4099.7,42,
31.8.2026,22:4:45.504,7.959,4.1,4099.7,42,
31.8.2026,22:4:45.713,7.832,2.5,4099.7,43,
31.8.2026,22:4:45.917,8.523,5.2,4099.7,42,
31.8.2026,22:4:46.130,7.800,8.6,4099.7,42,
31.8.2026,22:4:46.327,7.800,6.9,4099.7,41,
31.8.2026,22:4:46.534,8.165,6.3,500.0,41,
31.8.2026,22:4:46.744,8.329,4.1,4099.7,41,
31.8.2026,22:4:46.940,8.208,7.2,4699.7,42,
31.8.2026,22:4:47.145,7.660,3.7,4099.7,42,
31.8.2026,22:4:47.352,7.851,3.3,4099.7,42,
31.8.2026,22:4:47.545,8.065,6.9,4099.7,42,
31.8.2026,22:4:47.752,8.001,2.9,4699.7,42,
31.8.2026,22:4:47.963,8.383,4.4,4699.7,43,
31.8.2026,22:4:48.159,8.554,8.2,4699.7,41,
31.8.2026,22:4:48.371,7.952,2.9,4099.7,41,
31.8.2026,22:4:48.580,7.929,11.9,4099.7,42,
31.8.2026,22:4:48.778,7.908,7.1,4099.7,41,
31.8.2026,22:4:48.985,9.770,4.3,500.0,43,
31.8.2026,22:4:49.193,8.616,5.8,4699.7,43,
31.8.2026,22:4:49.388,9.184,7.4,4099.7,41,
31.8.2026,22:4:49.594,9.691,6.3,4699.7,41,
31.8.2026,22:4:49.802,8.859,3.0,4099.7,41,
31.8.2026,22:4:50.010,8.465,3.5,4699.7,41,
31.8.2026,22:4:50.219,8.907,7.1,4699.7,41,
31.8.2026,22:4:50.430,8.124,2.3,4699.7,41,
31.8.2026,22:4:50.625,8.404,10.2,4099.7,42,
31.8.2026,22:4:50.829,7.998,3.2,4699.7,41,
31.8.2026,22:4:51.038,8.308,2.4,4699.7,41,
31.8.2026,22:4:51.230,8.412,5.7,4699.7,42,
31.8.2026,22:4:51.439,8.421,5.5,4099.7,41,
31.8.2026,22:4:51.649,7.981,6.7,4099.7,41,
31.8.2026,22:4:51.842,7.799,6.7,4099.7,41,
31.8.2026,22:4:52.045,9.346,9.1,4099.7,43,
31.8.2026,22:4:52.252,7.973,5.2,4099.7,42,
31.8.2026,22:4:52.457,7.874,3.7,4099.7,42,
31.8.2026,22:4:52.667,8.187,4.4,4099.7,42,
31.8.2026,22:4:52.877,7.826,10.3,4099.7,41,
31.8.2026,22:4:53.090,7.611,4.1,4699.7,42,
31.8.2026,22:4:53.298,7.881,6.8,3799.7,43,
31.8.2026,22:4:53.506,7.867,2.0,4099.7,42,
31.8.2026,22:4:53.699,7.924,2.0,4099.7,42,
31.8.2026,22:4:53.907,7.711,7.7,4699.7,42,
31.8.2026,22:4:54.113,8.492,6.2,4099.7,43,
31.8.2026,22:4:54.322,7.867,4.6,4699.7,43,
31.8.2026,22:4:54.511,8.322,4.1,4699.7,41,
31.8.2026,22:4:54.722,9.239,11.3,4099.7,69,
31.8.2026,22:4:54.928,7.786,3.0,4099.7,74,
31.8.2026,22:4:55.140,7.971,5.0,4099.7,74,
31.8.2026,22:4:55.344,7.653,5.4,4099.7,75,
31.8.2026,22:4:55.551,8.214,6.8,4699.7,69,
31.8.2026,22:4:55.763,7.856,4.8,4099.7,75,
31.8.2026,22:4:55.968,7.702,9.2,4099.7,74,
31.8.2026,22:4:56.180,8.578,3.0,4699.7,74,
31.8.2026,22:4:56.386,8.325,7.3,4699.7,74,
31.8.2026,22:4:56.593,8.140,9.8,4099.7,74,
31.8.2026,22:4:56.806,7.993,3.0,4099.7,75,
31.8.2026,22:4:56.998,7.759,2.0,4099.7,73,
31.8.2026,22:4:57.205,9.007,10.4,4099.7,72,
31.8.2026,22:4:57.411,8.219,4.3,4699.7,63,
31.8.2026,22:4:57.619,8.264,3.3,4699.7,66,
31.8.2026,22:4:57.809,7.867,6.4,2499.8,72,
31.8.2026,22:4:58.017,8.265,3.7,4699.7,45,
31.8.2026,22:4:58.227,8.626,5.7,4699.7,47,
31.8.2026,22:4:58.434,7.795,2.9,4099.7,44,
31.8.2026,22:4:58.642,8.011,5.1,4699.7,43,
31.8.2026,22:4:58.854,7.618,6.7,4099.7,43,
31.8.2026,22:4:59.063,7.928,5.4,1199.9,48,
31.8.2026,22:4:59.270,7.944,4.3,4099.7,45,
31.8.2026,22:4:59.477,8.064,3.8,4699.7,42,
31.8.2026,22:4:59.668,8.064,4.8,4099.7,48,
31.8.2026,22:4:59.882,8.087,5.0,4699.7,41,
31.8.2026,22:5:0.086,7.949,4.5,4699.7,43,
31.8.2026,22:5:0.281,8.708,6.0,4099.7,42,
31.8.2026,22:5:0.486,8.243,7.4,4099.7,43,
31.8.2026,22:5:0.692,8.214,4.8,4099.7,41,
31.8.2026,22:5:0.900,8.169,3.5,4699.7,42,
31.8.2026,22:5:1.091,8.172,6.8,4699.7,42,
31.8.2026,22:5:1.305,8.194,5.4,4699.7,41,
31.8.2026,22:5:1.496,7.847,7.4,4099.7,42,
31.8.2026,22:5:1.705,7.857,5.0,4699.7,42,
31.8.2026,22:5:1.918,8.627,2.8,4699.7,43,
31.8.2026,22:5:2.106,8.430,6.5,4699.7,41,
31.8.2026,22:5:2.314,8.522,5.7,4699.7,43,
31.8.2026,22:5:2.521,8.124,4.0,4099.7,42,
31.8.2026,22:5:2.729,7.773,2.7,4699.7,42,
31.8.2026,22:5:2.919,7.983,8.2,4699.7,42,
31.8.2026,22:5:3.126,7.744,6.9,4099.7,42,
31.8.2026,22:5:3.335,8.357,2.3,4699.7,41,
31.8.2026,22:5:3.540,7.766,6.8,4099.7,41,
31.8.2026,22:5:3.733,8.264,6.4,4699.7,42,
31.8.2026,22:5:3.943,8.066,5.5,4099.7,42,
31.8.2026,22:5:4.153,7.904,2.4,4099.7,42,
31.8.2026,22:5:4.349,8.334,8.5,4099.7,42,
31.8.2026,22:5:4.556,7.432,3.0,4699.7,42,
31.8.2026,22:5:4.750,8.149,8.4,4099.7,42,
31.8.2026,22:5:4.956,8.276,3.8,4099.7,41,
31.8.2026,22:5:5.164,7.763,2.5,4699.7,42,
31.8.2026,22:5:5.359,7.750,5.1,4699.7,42,
31.8.2026,22:5:5.567,7.916,3.4,500.0,43,
31.8.2026,22:5:5.774,8.209,4.5,4699.7,42,
31.8.2026,22:5:5.971,8.311,8.9,4699.7,42,
31.8.2026,22:5:6.176,8.621,4.5,4099.7,43,
31.8.2026,22:5:6.383,8.323,4.6,4099.7,44,
31.8.2026,22:5:6.574,8.181,10.2,4699.7,43,
31.8.2026,22:5:6.781,9.060,2.9,4699.7,42,
31.8.2026,22:5:6.989,8.130,3.0,4699.7,43,
31.8.2026,22:5:7.197,7.922,3.8,4699.7,41,
31.8.2026,22:5:7.388,8.262,3.8,4699.7,41,
31.8.2026,22:5:7.594,8.055,7.1,4699.7,42,
31.8.2026,22:5:7.802,7.992,6.7,4099.7,42,
31.8.2026,22:5:8.000,7.992,2.6,4099.7,42,
31.8.2026,22:5:8.209,8.344,8.4,4099.7,42,
31.8.2026,22:5:8.414,8.520,4.0,4699.7,43,
31.8.2026,22:5:8.604,8.149,4.0,4699.7,43,
31.8.2026,22:5:8.814,8.381,5.8,4699.7,42,
31.8.2026,22:5:9.023,7.680,7.5,4099.7,42,
31.8.2026,22:5:9.216,7.808,2.9,4699.7,42,
31.8.2026,22:5:9.423,8.928,9.5,4699.7,67,
31.8.2026,22:5:9.638,7.759,2.3,4699.7,68,
31.8.2026,22:5:9.850,7.203,3.5,4099.7,42,
31.8.2026,22:5:10.056,8.430,4.0,4699.7,42,
31.8.2026,22:5:10.250,8.809,4.0,4699.7,42,
31.8.2026,22:5:10.461,8.211,7.5,4099.7,42,
31.8.2026,22:5:10.657,8.211,5.2,4699.7,42,
31.8.2026,22:5:10.869,8.438,6.9,4099.7,42,
31.8.2026,22:5:11.076,8.240,3.1,4099.7,42,
31.8.2026,22:5:11.285,7.875,9.6,4099.7,42,
31.8.2026,22:5:11.491,8.095,3.8,4099.7,42,
31.8.2026,22:5:11.698,8.035,5.7,4099.7,42,
31.8.2026,22:5:11.910,8.366,6.1,4099.7,41,
31.8.2026,22:5:12.121,7.910,6.5,4099.7,42,
31.8.2026,22:5:12.328,8.830,5.0,4699.7,42,
31.8.2026,22:5:12.539,7.838,2.5,4099.7,42,
31.8.2026,22:5:12.730,8.046,8.7,4699.7,42,
31.8.2026,22:5:12.938,8.553,4.5,4699.7,42,
31.8.2026,22:5:13.148,7.866,2.7,4099.7,42,
31.8.2026,22:5:13.340,7.953,2.7,4099.7,42,
31.8.2026,22:5:13.550,7.549,10.0,4099.7,41,
31.8.2026,22:5:13.757,7.697,3.5,4099.7,42,
31.8.2026,22:5:13.950,8.009,2.9,4099.7,41,
31.8.2026,22:5:14.163,8.739,7.3,4099.7,74,
31.8.2026,22:5:14.358,7.649,4.0,4099.7,43,
31.8.2026,22:5:14.565,8.801,6.9,4099.7,75,
31.8.2026,22:5:14.777,7.997,6.3,4099.7,74,
31.8.2026,22:5:14.990,8.299,5.3,4099.7,69,
31.8.2026,22:5:15.186,7.655,4.5,4099.7,69,
31.8.2026,22:5:15.404,9.275,6.4,1899.9,72,
31.8.2026,22:5:15.612,6.833,6.4,4099.7,73,
31.8.2026,22:5:15.825,8.041,2.2,4099.7,74,
31.8.2026,22:5:16.038,8.308,9.7,4099.7,74,
31.8.2026,22:5:16.243,7.196,3.1,3699.8,41,
31.8.2026,22:5:16.434,7.974,5.3,4099.7,42,
31.8.2026,22:5:16.652,9.109,10.4,4099.7,74,
31.8.2026,22:5:16.841,7.161,0.2,4099.7,41,
31.8.2026,22:5:17.050,8.893,8.6,4099.7,74,
31.8.2026,22:5:17.259,7.813,4.2,4099.7,75,
31.8.2026,22:5:17.449,7.976,2.5,4099.7,71,
31.8.2026,22:5:17.656,9.142,12.3,4099.7,70,
31.8.2026,22:5:17.865,8.202,4.6,4699.7,67,
31.8.2026,22:5:18.072,8.125,2.7,3899.7,70,
31.8.2026,22:5:18.283,8.493,6.8,500.0,67,
31.8.2026,22:5:18.491,8.089,5.6,4099.7,73,
31.8.2026,22:5:18.683,8.101,3.1,4099.7,63,
31.8.2026,22:5:18.890,8.073,4.9,3899.7,47,
31.8.2026,22:5:19.099,8.329,4.4,4699.7,44,
31.8.2026,22:5:19.306,7.895,5.1,4699.7,42,
31.8.2026,22:5:19.498,8.255,2.8,4699.7,44,
31.8.2026,22:5:19.706,8.067,7.9,4699.7,43,
31.8.2026,22:5:19.912,7.958,3.5,4099.7,42,
31.8.2026,22:5:20.106,7.958,3.8,4099.7,43,
31.8.2026,22:5:20.322,8.924,6.3,4699.7,42,
31.8.2026,22:5:20.514,8.924,8.6,4699.7,48,
31.8.2026,22:5:20.722,8.369,1.9,4699.7,43,
31.8.2026,22:5:20.939,8.162,3.5,4699.7,41,
31.8.2026,22:5:21.147,8.009,6.9,3899.7,71,
31.8.2026,22:5:21.356,7.781,3.5,1999.9,73,
31.8.2026,22:5:21.568,8.209,7.5,4699.7,59,
31.8.2026,22:5:21.776,6.996,3.2,4099.7,67,
31.8.2026,22:5:21.985,7.721,9.3,4099.7,66,
31.8.2026,22:5:22.200,7.934,2.1,4099.7,73,
31.8.2026,22:5:22.410,8.381,4.2,4099.7,73,
31.8.2026,22:5:22.617,8.321,4.5,4099.7,68,
31.8.2026,22:5:22.808,8.070,5.4,4699.7,73,
31.8.2026,22:5:23.019,9.106,9.0,4699.7,66,
31.8.2026,22:5:23.225,7.683,3.2,4099.7,68,
31.8.2026,22:5:23.419,7.683,3.5,4699.7,73,
31.8.2026,22:5:23.626,7.977,8.0,4699.7,63,
31.8.2026,22:5:23.835,8.779,5.7,4699.7,62,
31.8.2026,22:5:24.032,9.565,3.9,4099.7,65,
31.8.2026,22:5:24.240,8.335,5.7,4099.7,42,
31.8.2026,22:5:24.445,8.258,5.5,4099.7,44,
31.8.2026,22:5:24.644,9.972,6.1,4099.7,47,
31.8.2026,22:5:24.855,10.082,7.9,4099.7,48,
31.8.2026,22:5:25.067,8.329,8.1,4699.7,63,
31.8.2026,22:5:25.273,8.299,1.6,4099.7,69,
31.8.2026,22:5:25.463,7.821,3.0,4099.7,71,
31.8.2026,22:5:25.672,9.321,12.2,4099.7,64,
31.8.2026,22:5:25.878,8.254,1.6,4099.7,73,
31.8.2026,22:5:26.089,8.165,3.1,4099.7,63,
31.8.2026,22:5:26.279,8.331,7.3,4099.7,65,
31.8.2026,22:5:26.488,8.616,2.8,4099.7,49,
31.8.2026,22:5:26.695,8.471,5.6,4099.7,49,
31.8.2026,22:5:26.888,8.163,2.9,4099.7,46,
31.8.2026,22:5:27.092,8.615,7.7,4699.7,42,
31.8.2026,22:5:27.298,8.279,4.7,4099.7,41,
31.8.2026,22:5:27.506,8.166,2.7,4099.7,44,
31.8.2026,22:5:27.714,8.734,6.5,4099.7,43,
31.8.2026,22:5:27.920,8.129,6.4,4699.7,45,
31.8.2026,22:5:28.127,8.069,3.7,4099.7,44,
31.8.2026,22:5:28.336,8.570,6.0,4099.7,42,
31.8.2026,22:5:28.541,7.951,2.1,4099.7,45,
31.8.2026,22:5:28.747,8.274,6.3,4699.7,43,
31.8.2026,22:5:28.956,8.151,2.8,4699.7,42,
31.8.2026,22:5:29.164,8.016,6.7,4699.7,44,
31.8.2026,22:5:29.357,7.962,2.2,4699.7,44,
31.8.2026,22:5:29.562,8.296,9.2,4699.7,44,
31.8.2026,22:5:29.770,8.154,3.3,4099.7,42,
31.8.2026,22:5:29.978,7.742,3.7,4099.7,42,
31.8.2026,22:5:30.168,8.093,11.8,4699.7,42,
31.8.2026,22:5:30.377,9.249,5.1,4099.7,42,
31.8.2026,22:5:30.582,7.949,4.1,4099.7,44,
31.8.2026,22:5:30.790,8.265,2.8,4099.7,41,
31.8.2026,22:5:30.990,8.109,5.6,4699.7,42,
31.8.2026,22:5:31.198,8.671,5.3,4099.7,42,
31.8.2026,22:5:31.407,8.042,6.2,4699.7,42,
31.8.2026,22:5:31.612,8.109,4.0,4699.7,42,
31.8.2026,22:5:31.819,8.365,3.7,4099.7,41,
31.8.2026,22:5:32.028,8.121,3.5,4699.7,41,
31.8.2026,22:5:32.240,8.230,7.8,4099.7,40,
31.8.2026,22:5:32.445,8.703,4.3,4099.7,42,
31.8.2026,22:5:32.652,8.177,5.1,4699.7,41,
31.8.2026,22:5:32.861,8.143,7.9,4699.7,42,
31.8.2026,22:5:33.061,8.047,3.1,500.0,42,
31.8.2026,22:5:33.271,8.393,6.0,4699.7,42,
31.8.2026,22:5:33.478,8.020,6.3,4699.7,42,
31.8.2026,22:5:33.670,8.212,6.4,4699.7,42,
31.8.2026,22:5:33.875,7.907,4.7,4099.7,42,
31.8.2026,22:5:34.082,8.462,5.7,4699.7,42,
31.8.2026,22:5:34.293,8.472,2.3,4099.7,42,
31.8.2026,22:5:34.506,8.535,9.4,4699.7,41,
31.8.2026,22:5:34.713,7.687,1.4,4699.7,40,
31.8.2026,22:5:34.923,8.013,9.4,4099.7,42,
31.8.2026,22:5:35.136,7.891,2.5,4699.7,42,
31.8.2026,22:5:35.326,7.924,7.8,4699.7,41,
31.8.2026,22:5:35.535,7.977,3.7,4099.7,41,
31.8.2026,22:5:35.731,8.462,3.0,4699.7,41,
31.8.2026,22:5:35.937,7.878,8.2,4699.7,42,
31.8.2026,22:5:36.148,8.273,3.9,4699.7,41,
31.8.2026,22:5:36.354,8.593,4.5,4699.7,41,
31.8.2026,22:5:36.561,7.980,10.8,4099.7,41,
31.8.2026,22:5:36.771,8.278,2.6,4699.7,41,
31.8.2026,22:5:36.977,7.616,4.7,4699.7,42,
31.8.2026,22:5:37.167,7.928,7.4,4699.7,41,
31.8.2026,22:5:37.378,7.763,8.1,4699.7,42,
31.8.2026,22:5:37.582,8.171,5.1,4699.7,41,
31.8.2026,22:5:37.779,8.171,2.7,4099.7,41,
31.8.2026,22:5:37.984,7.872,9.1,4099.7,42,
31.8.2026,22:5:38.194,8.425,6.7,4099.7,42,
31.8.2026,22:5:38.397,8.018,4.1,4099.7,42,
31.8.2026,22:5:38.604,8.403,5.7,4099.7,42,
31.8.2026,22:5:38.813,8.072,7.7,4099.7,41,
31.8.2026,22:5:39.025,7.278,1.9,4699.7,41,
31.8.2026,22:5:39.216,7.278,12.0,4099.7,42,
31.8.2026,22:5:39.426,8.606,1.9,4099.7,42,
31.8.2026,22:5:39.633,8.148,3.6,4299.7,42,
31.8.2026,22:5:39.832,7.640,10.0,4099.7,41,
31.8.2026,22:5:40.029,7.747,3.3,4699.7,41,
31.8.2026,22:5:40.235,8.012,6.7,4699.7,40,
31.8.2026,22:5:40.447,8.163,2.1,4099.7,42,
31.8.2026,22:5:40.639,8.657,7.9,4099.7,42,
31.8.2026,22:5:40.847,8.071,2.7,4099.7,41,
31.8.2026,22:5:41.054,8.652,6.3,4699.7,42,
31.8.2026,22:5:41.245,8.171,9.5,4099.7,42,
31.8.2026,22:5:41.453,8.703,2.9,4699.7,43,
31.8.2026,22:5:41.661,8.057,5.7,4699.7,42,
31.8.2026,22:5:41.857,8.589,8.9,4099.7,41,
31.8.2026,22:5:42.065,8.696,2.0,4699.7,42,
31.8.2026,22:5:42.273,7.850,6.4,4699.7,42,
31.8.2026,22:5:42.480,9.180,5.0,4699.7,42,
31.8.2026,22:5:42.691,8.413,5.2,4699.7,43,
31.8.2026,22:5:42.904,8.152,8.4,4099.7,42,
31.8.2026,22:5:43.110,8.171,3.5,4099.7,42,
31.8.2026,22:5:43.318,8.366,5.1,4699.7,42,
31.8.2026,22:5:43.525,8.170,2.5,4699.7,42,
31.8.2026,22:5:43.720,8.204,7.3,4099.7,43,
31.8.2026,22:5:43.927,7.845,2.3,4699.7,42,
31.8.2026,22:5:44.134,8.231,5.8,4699.7,41,
31.8.2026,22:5:44.326,8.086,5.8,4699.7,41,
31.8.2026,22:5:44.536,9.054,7.2,4699.7,42,
31.8.2026,22:5:44.742,7.896,3.4,4699.7,41,
31.8.2026,22:5:44.955,7.609,4.5,4699.7,43,
31.8.2026,22:5:45.160,8.447,4.3,4699.7,41,
31.8.2026,22:5:45.368,8.174,4.5,4699.7,43,
31.8.2026,22:5:45.567,7.949,4.5,4699.7,43,
31.8.2026,22:5:45.772,8.099,4.4,4699.7,42,
31.8.2026,22:5:45.967,8.167,7.0,4099.7,42,
31.8.2026,22:5:46.174,8.181,6.5,4099.7,42,
31.8.2026,22:5:46.385,7.895,2.9,4699.7,41,
31.8.2026,22:5:46.575,11.636,7.0,4099.7,42,
31.8.2026,22:5:46.785,9.074,6.8,4099.7,74,
31.8.2026,22:5:46.992,7.829,5.4,4099.7,67,
31.8.2026,22:5:47.199,8.230,5.0,4099.7,73,
31.8.2026,22:5:47.407,7.972,6.8,4699.7,75,
31.8.2026,22:5:47.612,7.947,3.3,4099.7,74,
31.8.2026,22:5:47.820,7.891,2.7,4099.7,74,
31.8.2026,22:5:48.011,8.366,3.6,4099.7,73,
31.8.2026,22:5:48.218,9.262,10.2,2199.9,62,
31.8.2026,22:5:48.429,7.822,3.3,4699.7,58,
31.8.2026,22:5:48.623,8.934,3.3,4099.7,67,
31.8.2026,22:5:48.829,8.203,7.2,4099.7,44,
31.8.2026,22:5:49.041,8.096,3.4,4099.7,47,
31.8.2026,22:5:49.247,8.422,8.7,2999.8,63,
31.8.2026,22:5:49.454,8.545,6.6,3499.8,58,
31.8.2026,22:5:49.667,8.514,3.7,4099.7,50,
31.8.2026,22:5:49.873,8.953,6.8,4099.7,59,
31.8.2026,22:5:50.080,8.728,5.5,4099.7,60,
31.8.2026,22:5:50.287,8.671,4.2,4099.7,64,
31.8.2026,22:5:50.496,8.593,3.5,4099.7,64,
31.8.2026,22:5:50.702,9.448,7.3,4699.7,67,
31.8.2026,22:5:50.910,9.055,5.1,4699.7,74,
31.8.2026,22:5:51.121,9.386,5.4,4099.7,74,
31.8.2026,22:5:51.311,9.315,7.9,1899.9,74,
31.8.2026,22:5:51.520,9.216,4.1,4699.7,48,
31.8.2026,22:5:51.727,8.752,4.2,3099.8,42,
31.8.2026,22:5:51.926,8.517,3.7,4099.7,41,
31.8.2026,22:5:52.136,8.132,5.0,4099.7,42,
31.8.2026,22:5:52.326,8.132,10.3,4099.7,41,
31.8.2026,22:5:52.536,9.028,7.2,4099.7,42,
31.8.2026,22:5:52.747,7.796,2.0,4699.7,42,
31.8.2026,22:5:52.953,7.905,12.0,4099.7,42,
31.8.2026,22:5:53.163,8.534,2.1,4099.7,42,
31.8.2026,22:5:53.369,8.386,3.1,4699.7,42,
31.8.2026,22:5:53.575,8.798,9.6,4699.7,43,
31.8.2026,22:5:53.783,8.932,4.1,4099.7,42,
31.8.2026,22:5:53.990,8.431,3.7,4099.7,42,
31.8.2026,22:5:54.191,8.477,5.0,4699.7,42,
31.8.2026,22:5:54.397,8.470,4.9,2299.8,41,
31.8.2026,22:5:54.604,9.077,6.7,4699.7,41,
31.8.2026,22:5:54.813,8.616,6.8,4699.7,41,
31.8.2026,22:5:55.019,7.951,5.2,4699.7,41,
31.8.2026,22:5:55.230,8.273,2.9,4699.7,42,
31.8.2026,22:5:55.438,7.799,7.8,4699.7,41,
31.8.2026,22:5:55.645,7.932,2.4,4699.7,42,
31.8.2026,22:5:55.852,8.000,4.2,4699.7,41,
31.8.2026,22:5:56.044,8.000,6.7,4699.7,42,
31.8.2026,22:5:56.258,8.001,5.9,3599.8,41,
31.8.2026,22:5:56.450,8.278,5.9,4699.7,40,
31.8.2026,22:5:56.659,7.960,8.4,4099.7,42,
31.8.2026,22:5:56.868,8.745,2.1,4699.7,42,
31.8.2026,22:5:57.060,8.302,5.1,4699.7,41,
31.8.2026,22:5:57.273,7.758,3.5,4099.7,42,
31.8.2026,22:5:57.469,8.331,8.1,4099.7,42,
31.8.2026,22:5:57.676,7.906,5.5,4099.7,41,
31.8.2026,22:5:57.886,8.025,2.5,4699.7,41,
31.8.2026,22:5:58.094,7.844,8.5,4699.7,42,
31.8.2026,22:5:58.302,7.702,4.8,4099.7,43,
31.8.2026,22:5:58.510,8.005,4.4,4099.7,42,
31.8.2026,22:5:58.719,8.649,8.4,4099.7,42,
31.8.2026,22:5:58.925,8.099,2.3,4099.7,40,
31.8.2026,22:5:59.132,8.165,4.8,4099.7,41,
31.8.2026,22:5:59.341,8.128,6.2,4099.7,42,
31.8.2026,22:5:59.548,7.821,7.3,4099.7,42,
31.8.2026,22:5:59.756,8.043,1.2,4099.7,42,
31.8.2026,22:5:59.966,8.183,3.8,4699.7,41,
31.8.2026,22:6:0.179,7.889,8.9,4699.7,42,
31.8.2026,22:6:0.384,8.505,4.5,4099.7,40,
31.8.2026,22:6:0.574,8.170,7.5,4699.7,41,
31.8.2026,22:6:0.782,8.402,4.8,4099.7,42,
31.8.2026,22:6:0.990,8.244,4.2,4099.7,42,
31.8.2026,22:6:1.197,8.622,2.0,4099.7,41,
31.8.2026,22:6:1.409,7.803,11.4,4099.7,41,
31.8.2026,22:6:1.618,8.216,3.0,4099.7,41,
31.8.2026,22:6:1.809,7.980,9.5,4099.7,41,
31.8.2026,22:6:2.019,8.181,5.7,4099.7,41,
31.8.2026,22:6:2.226,8.161,4.6,4099.7,42,
31.8.2026,22:6:2.418,8.278,8.4,4099.7,42,
31.8.2026,22:6:2.627,7.745,3.6,4699.7,41,
31.8.2026,22:6:2.837,8.552,4.2,4099.7,42,
31.8.2026,22:6:3.042,8.261,2.7,4099.7,42,
31.8.2026,22:6:3.254,7.954,7.0,4099.7,41,
31.8.2026,22:6:3.460,7.742,1.7,4099.7,43,
31.8.2026,22:6:3.651,7.442,9.3,4099.7,42,
31.8.2026,22:6:3.859,7.876,4.2,4099.7,41,
31.8.2026,22:6:4.065,8.112,3.3,4099.7,41,
31.8.2026,22:6:4.272,8.320,2.0,4099.7,42,
31.8.2026,22:6:4.479,7.725,7.0,500.0,44,
31.8.2026,22:6:4.696,8.465,5.1,4699.7,41,
31.8.2026,22:6:4.900,7.861,5.3,4699.7,41,
31.8.2026,22:6:5.089,8.105,6.5,4099.7,41,
31.8.2026,22:6:5.299,8.276,4.0,4099.7,40,
31.8.2026,22:6:5.512,8.135,2.8,4099.7,40,
31.8.2026,22:6:5.719,7.724,8.5,3699.8,41,
31.8.2026,22:6:5.928,7.860,2.3,4099.7,41,
31.8.2026,22:6:6.134,8.508,4.2,4099.7,41,
31.8.2026,22:6:6.326,8.528,7.3,4099.7,43,
31.8.2026,22:6:6.535,9.059,3.9,4099.7,42,
31.8.2026,22:6:6.744,9.220,3.6,4099.7,42,
31.8.2026,22:6:6.936,8.467,8.3,4099.7,41,
31.8.2026,22:6:7.142,8.442,4.3,4099.7,41,
31.8.2026,22:6:7.354,8.614,4.2,4099.7,41,
31.8.2026,22:6:7.563,8.928,7.0,4099.7,41,
31.8.2026,22:6:7.768,8.789,5.0,4099.7,41,
31.8.2026,22:6:7.965,8.546,7.9,4099.7,42,
31.8.2026,22:6:8.173,8.983,3.0,4699.7,41,
31.8.2026,22:6:8.381,8.983,5.6,4699.7,41,
31.8.2026,22:6:8.589,9.339,4.5,4699.7,41,
31.8.2026,22:6:8.801,7.875,6.4,4099.7,42,
31.8.2026,22:6:8.999,9.254,6.1,4099.7,41,
31.8.2026,22:6:9.208,10.393,5.3,4099.7,42,
31.8.2026,22:6:9.416,10.350,7.2,4699.7,43,
31.8.2026,22:6:9.624,10.225,8.8,4099.7,42,
31.8.2026,22:6:9.837,10.380,5.7,4099.7,40,
31.8.2026,22:6:10.032,10.292,8.8,4099.7,40,
31.8.2026,22:6:10.238,10.250,3.3,4099.7,42,
31.8.2026,22:6:10.443,10.612,11.1,4099.7,42,
31.8.2026,22:6:10.650,10.837,6.2,4099.7,42,
31.8.2026,22:6:10.864,10.653,9.2,4099.7,41,
31.8.2026,22:6:11.059,10.437,4.8,4699.7,43,
31.8.2026,22:6:11.267,7.963,5.5,4699.7,42,
31.8.2026,22:6:11.474,8.097,4.7,4099.7,41,
31.8.2026,22:6:11.683,7.591,3.9,4699.7,42,
31.8.2026,22:6:11.887,8.072,7.5,4099.7,43,
31.8.2026,22:6:12.100,8.227,3.6,4699.7,41,
31.8.2026,22:6:12.299,7.964,6.1,4099.7,42,
31.8.2026,22:6:12.507,8.137,3.5,4099.7,42,
31.8.2026,22:6:12.705,8.137,6.8,4099.7,41,
31.8.2026,22:6:12.917,8.799,4.9,4699.7,41,
31.8.2026,22:6:13.124,8.252,5.1,4699.7,41,
31.8.2026,22:6:13.333,8.130,2.3,4699.7,42,
31.8.2026,22:6:13.526,8.004,10.0,4099.7,42,
31.8.2026,22:6:13.743,8.128,1.8,4699.7,42,
31.8.2026,22:6:13.942,7.883,5.6,4699.7,41,
31.8.2026,22:6:14.150,8.333,4.5,4699.7,42,
31.8.2026,22:6:14.343,8.412,4.5,4699.7,42,
31.8.2026,22:6:14.552,7.990,8.2,4099.7,42,
31.8.2026,22:6:14.765,8.828,4.0,4699.7,42,
31.8.2026,22:6:14.971,7.748,4.9,4699.7,42,
31.8.2026,22:6:15.179,8.177,2.2,4699.7,42,
31.8.2026,22:6:15.386,7.962,9.3,4699.7,43,
31.8.2026,22:6:15.593,7.977,7.9,4099.7,42,
31.8.2026,22:6:15.802,8.219,1.8,4699.7,42,
31.8.2026,22:6:16.008,8.112,5.5,4699.7,42,
31.8.2026,22:6:16.200,8.114,5.5,4699.7,42,
31.8.2026,22:6:16.415,8.207,10.9,4099.7,42,
31.8.2026,22:6:16.605,7.800,2.4,4099.7,41,
31.8.2026,22:6:16.813,10.017,8.3,4099.7,69,
31.8.2026,22:6:17.025,8.254,4.8,4099.7,74,
31.8.2026,22:6:17.214,7.375,3.5,4099.7,42,
31.8.2026,22:6:17.422,9.246,8.2,4099.7,66,
31.8.2026,22:6:17.630,8.029,4.8,4699.7,73,
31.8.2026,22:6:17.837,8.018,4.6,4699.7,73,
31.8.2026,22:6:18.031,7.894,3.9,4099.7,73,
31.8.2026,22:6:18.239,8.986,12.1,4099.7,71,
31.8.2026,22:6:18.448,7.741,2.2,2999.8,53,
31.8.2026,22:6:18.639,8.125,6.4,4699.7,71,
31.8.2026,22:6:18.849,8.848,4.8,4699.7,46,
31.8.2026,22:6:19.063,8.016,5.2,4699.7,47,
31.8.2026,22:6:19.276,8.015,6.1,500.0,48,
31.8.2026,22:6:19.488,8.170,3.1,4099.7,44,
31.8.2026,22:6:19.698,7.812,6.1,3599.8,48,
31.8.2026,22:6:19.915,7.879,5.2,4699.7,47,
31.8.2026,22:6:20.105,7.596,2.7,4699.7,47,
31.8.2026,22:6:20.316,8.225,9.1,4699.7,44,
31.8.2026,22:6:20.523,8.015,2.7,4699.7,42,
31.8.2026,22:6:20.733,9.046,5.4,4699.7,42,
31.8.2026,22:6:20.938,7.835,6.0,4099.7,44,
31.8.2026,22:6:21.152,8.130,3.6,4699.7,42,
31.8.2026,22:6:21.362,7.631,4.6,4099.7,42,
31.8.2026,22:6:21.568,9.210,4.8,4099.7,45,
31.8.2026,22:6:21.773,9.664,7.4,4099.7,45,
31.8.2026,22:6:21.968,9.669,8.1,4099.7,45,
31.8.2026,22:6:22.180,9.617,5.1,4099.7,42,
31.8.2026,22:6:22.373,9.369,7.3,4099.7,41,
31.8.2026,22:6:22.591,7.983,4.7,4699.7,41,
31.8.2026,22:6:22.797,9.862,5.4,4699.7,42,
31.8.2026,22:6:23.004,8.052,4.6,4699.7,42,
31.8.2026,22:6:23.211,8.089,7.1,4099.7,42,
31.8.2026,22:6:23.404,7.823,2.4,4099.7,41,
31.8.2026,22:6:23.614,7.956,6.3,4099.7,41,
31.8.2026,22:6:23.825,10.270,4.8,4099.7,41,
31.8.2026,22:6:24.030,9.342,7.9,4699.7,41,
31.8.2026,22:6:24.238,9.888,5.5,500.0,42,
31.8.2026,22:6:24.443,10.182,6.3,4099.7,42,
31.8.2026,22:6:24.652,9.245,5.4,4699.7,41,
31.8.2026,22:6:24.857,10.591,9.8,4099.7,42,
31.8.2026,22:6:25.065,9.336,3.0,4699.7,41,
31.8.2026,22:6:25.271,9.344,9.4,4099.7,42,
31.8.2026,22:6:25.479,9.431,2.9,4099.7,41,
31.8.2026,22:6:25.669,9.673,8.5,4099.7,42,
31.8.2026,22:6:25.875,9.798,5.3,4099.7,41,
31.8.2026,22:6:26.086,9.470,4.5,4699.7,42,
31.8.2026,22:6:26.278,9.470,5.6,4099.7,40,
31.8.2026,22:6:26.483,9.610,8.0,4699.7,42,
31.8.2026,22:6:26.690,9.925,6.3,4099.7,42,
31.8.2026,22:6:26.897,9.392,6.5,4099.7,42,
31.8.2026,22:6:27.089,10.471,4.4,4699.7,42,
31.8.2026,22:6:27.296,9.813,13.1,4099.7,41,
31.8.2026,22:6:27.508,9.882,2.7,4099.7,42,
31.8.2026,22:6:27.713,9.951,6.3,4099.7,41,
31.8.2026,22:6:27.908,8.239,9.3,4099.7,41,
31.8.2026,22:6:28.116,8.259,3.6,4099.7,41,
31.8.2026,22:6:28.322,7.749,4.0,4099.7,41,
31.8.2026,22:6:28.516,8.233,6.4,4099.7,42,
31.8.2026,22:6:28.725,7.708,3.4,4699.7,41,
31.8.2026,22:6:28.922,8.823,8.9,4099.7,41,
31.8.2026,22:6:29.134,8.110,2.5,4699.7,41,
31.8.2026,22:6:29.323,7.948,6.9,4699.7,41,
31.8.2026,22:6:29.530,7.901,2.4,4699.7,41,
31.8.2026,22:6:29.738,7.800,6.0,4699.7,41,
31.8.2026,22:6:29.945,8.121,5.3,4099.7,42,
31.8.2026,22:6:30.138,7.948,5.3,4099.7,42,
31.8.2026,22:6:30.345,7.708,5.6,4099.7,42,
31.8.2026,22:6:30.555,7.898,5.0,4099.7,41,
31.8.2026,22:6:30.746,7.762,2.7,4699.7,41,
31.8.2026,22:6:30.955,9.786,8.0,4699.7,75,
31.8.2026,22:6:31.162,7.761,7.8,4099.7,74,
31.8.2026,22:6:31.355,7.982,2.5,4099.7,75,
31.8.2026,22:6:31.569,8.800,7.7,4699.7,55,
31.8.2026,22:6:31.765,6.803,3.6,4099.7,70,
31.8.2026,22:6:31.973,9.139,8.4,4099.7,72,
31.8.2026,22:6:32.180,9.373,3.9,4099.7,71,
31.8.2026,22:6:32.372,9.718,4.3,2199.9,70,
31.8.2026,22:6:32.578,9.809,10.7,4099.7,47,
31.8.2026,22:6:32.785,9.951,3.7,4099.7,44,
31.8.2026,22:6:32.995,11.012,6.7,4099.7,46,
31.8.2026,22:6:33.185,9.890,7.7,4099.7,48,
31.8.2026,22:6:33.393,9.656,5.5,4099.7,42,
31.8.2026,22:6:33.599,10.012,4.5,4099.7,42,
31.8.2026,22:6:33.806,9.186,6.7,4099.7,44,
31.8.2026,22:6:33.995,9.566,6.6,4099.7,42,
31.8.2026,22:6:34.203,9.479,6.9,4099.7,42,
31.8.2026,22:6:34.412,9.404,5.6,4099.7,42,
31.8.2026,22:6:34.615,9.933,6.4,4099.7,42,
31.8.2026,22:6:34.821,11.056,5.2,4099.7,43,
31.8.2026,22:6:35.015,11.056,8.6,4099.7,42,
31.8.2026,22:6:35.223,9.555,3.7,4099.7,43,
31.8.2026,22:6:35.429,9.339,6.1,4699.7,42,
31.8.2026,22:6:35.621,10.112,10.3,4099.7,42,
31.8.2026,22:6:35.830,9.403,3.9,4099.7,42,
31.8.2026,22:6:36.035,10.386,4.4,4099.7,41,
31.8.2026,22:6:36.244,9.784,3.7,4699.7,43,
31.8.2026,22:6:36.433,9.175,6.0,4699.7,41,
31.8.2026,22:6:36.644,9.182,10.5,4099.7,42,
31.8.2026,22:6:36.844,9.492,7.4,4099.7,42,
31.8.2026,22:6:37.050,10.526,5.4,4099.7,42,
31.8.2026,22:6:37.249,8.323,6.7,4699.7,42,
31.8.2026,22:6:37.458,7.992,3.2,4699.7,42,
31.8.2026,22:6:37.664,7.938,2.9,4099.7,42,
31.8.2026,22:6:37.855,7.793,6.0,4099.7,42,
31.8.2026,22:6:38.072,8.102,4.8,4099.7,41,
31.8.2026,22:6:38.262,8.064,6.7,4099.7,42,
31.8.2026,22:6:38.473,7.864,2.3,4099.7,42,
31.8.2026,22:6:38.668,8.233,6.8,4699.7,41,
31.8.2026,22:6:38.881,7.996,5.5,4099.7,42,
31.8.2026,22:6:39.087,8.971,3.1,4699.7,42,
31.8.2026,22:6:39.278,8.023,6.6,4699.7,42,
31.8.2026,22:6:39.485,8.043,7.8,4099.7,43,
31.8.2026,22:6:39.695,8.061,1.9,4099.7,41,
31.8.2026,22:6:39.889,7.997,5.9,4699.7,41,
31.8.2026,22:6:40.096,7.977,4.2,4699.7,41,
31.8.2026,22:6:40.305,7.850,2.3,4699.7,42,
31.8.2026,22:6:40.496,8.038,2.3,4699.7,42,
31.8.2026,22:6:40.703,7.905,13.1,4099.7,41,
31.8.2026,22:6:40.911,7.825,3.7,4699.7,41,
31.8.2026,22:6:41.118,8.729,3.9,4099.7,42,
31.8.2026,22:6:41.317,7.965,4.4,4699.7,41,
31.8.2026,22:6:41.524,8.104,9.9,4099.7,42,
31.8.2026,22:6:41.719,8.157,4.2,4099.7,42,
31.8.2026,22:6:41.931,8.883,7.7,4099.7,66,
31.8.2026,22:6:42.121,7.378,2.3,4099.7,73,
31.8.2026,22:6:42.334,8.974,9.5,4699.7,61,
31.8.2026,22:6:42.539,8.063,3.2,4699.7,59,
31.8.2026,22:6:42.736,8.063,2.9,4099.7,74,
31.8.2026,22:6:42.951,8.011,10.3,4099.7,48,
31.8.2026,22:6:43.164,8.596,5.5,4099.7,41,
31.8.2026,22:6:43.369,7.863,3.3,4699.7,44,
31.8.2026,22:6:43.565,7.919,8.7,4699.7,42,
31.8.2026,22:6:43.778,7.780,2.0,4699.7,44,
31.8.2026,22:6:43.985,8.238,6.7,4699.7,45,
31.8.2026,22:6:44.192,7.912,3.0,4699.7,48,
31.8.2026,22:6:44.401,8.100,3.5,3099.8,47,
31.8.2026,22:6:44.611,8.046,8.0,4099.7,48,
31.8.2026,22:6:44.819,8.118,2.4,4099.7,47,
31.8.2026,22:6:45.015,7.689,3.6,4099.7,48,
31.8.2026,22:6:45.222,8.390,7.9,4699.7,41,
31.8.2026,22:6:45.432,7.969,3.0,4699.7,42,
31.8.2026,22:6:45.621,8.065,6.0,4699.7,44,
31.8.2026,22:6:45.833,8.040,3.1,4699.7,41,
31.8.2026,22:6:46.042,8.050,5.8,4699.7,42,
31.8.2026,22:6:46.250,8.174,8.7,4099.7,41,
31.8.2026,22:6:46.456,8.135,3.4,4699.7,42,
31.8.2026,22:6:46.663,8.063,2.8,4699.7,44,
31.8.2026,22:6:46.857,8.086,5.1,4099.7,44,
31.8.2026,22:6:47.065,8.201,5.3,4099.7,42,
31.8.2026,22:6:47.274,8.597,7.9,4099.7,42,
31.8.2026,22:6:47.471,8.239,4.8,4699.7,42,
31.8.2026,22:6:47.677,7.904,3.2,4699.7,43,
31.8.2026,22:6:47.890,8.005,4.2,4699.7,42,
31.8.2026,22:6:48.103,8.015,8.2,4099.7,42,
31.8.2026,22:6:48.292,8.165,3.1,4099.7,41,
31.8.2026,22:6:48.501,8.391,7.8,4099.7,41,
31.8.2026,22:6:48.706,9.386,6.5,4099.7,42,
31.8.2026,22:6:48.917,9.197,3.1,4699.7,41,
31.8.2026,22:6:49.125,9.687,8.7,4699.7,42,
31.8.2026,22:6:49.336,8.958,5.0,4099.7,42,
31.8.2026,22:6:49.541,8.675,5.7,4099.7,42,
31.8.2026,22:6:49.739,9.327,8.5,4699.7,42,
31.8.2026,22:6:49.943,8.601,4.9,4699.7,42,
31.8.2026,22:6:50.141,8.391,5.8,4699.7,41,
31.8.2026,22:6:50.352,9.170,3.0,4699.7,42,
31.8.2026,22:6:50.554,9.532,6.6,4099.7,42,
31.8.2026,22:6:50.748,9.284,7.0,4699.7,43,
31.8.2026,22:6:50.953,9.730,5.0,4099.7,42,
31.8.2026,22:6:51.163,9.189,5.5,4099.7,41,
31.8.2026,22:6:51.368,9.008,4.6,4099.7,43,
31.8.2026,22:6:51.563,8.810,9.5,4099.7,42,
31.8.2026,22:6:51.770,8.810,5.6,4099.7,41,
31.8.2026,22:6:51.969,8.364,6.9,4099.7,42,
31.8.2026,22:6:52.173,9.292,4.7,4099.7,42,
31.8.2026,22:6:52.384,9.061,3.6,4099.7,42,
31.8.2026,22:6:52.574,9.016,7.6,4099.7,42,
31.8.2026,22:6:52.782,9.234,3.8,4099.7,42,
31.8.2026,22:6:52.993,9.925,5.8,4099.7,41,
31.8.2026,22:6:53.198,9.245,7.4,4699.7,41,
31.8.2026,22:6:53.405,9.138,5.1,4099.7,41,
31.8.2026,22:6:53.614,9.028,3.4,4099.7,42,
31.8.2026,22:6:53.823,8.731,7.3,4099.7,42,
31.8.2026,22:6:54.012,8.928,6.1,4699.7,42,
31.8.2026,22:6:54.222,8.301,5.4,4099.7,42,
31.8.2026,22:6:54.426,9.208,3.2,4699.7,42,
31.8.2026,22:6:54.638,8.931,6.8,4099.7,42,
31.8.2026,22:6:54.848,7.986,8.5,4099.7,42,
31.8.2026,22:6:55.048,7.986,4.9,4699.7,41,
31.8.2026,22:6:55.256,8.470,3.2,4099.7,42,
31.8.2026,22:6:55.463,7.808,4.0,4699.7,41,
31.8.2026,22:6:55.658,8.149,7.0,4099.7,42,
31.8.2026,22:6:55.865,7.708,1.5,4699.7,42,
31.8.2026,22:6:56.074,7.693,5.3,4699.7,42,
31.8.2026,22:6:56.270,7.871,5.7,4699.7,41,
31.8.2026,22:6:56.465,8.104,9.2,4099.7,42,
31.8.2026,22:6:56.671,8.290,2.6,4699.7,43,
31.8.2026,22:6:56.877,7.954,4.0,4699.7,41,
31.8.2026,22:6:57.084,7.833,4.7,4699.7,42,
31.8.2026,22:6:57.278,8.619,8.1,4699.7,41,
31.8.2026,22:6:57.484,8.296,4.2,4699.7,42,
31.8.2026,22:6:57.695,8.280,0.5,4699.7,42,
31.8.2026,22:6:57.887,7.982,0.5,4699.7,42,
31.8.2026,22:6:58.095,7.536,11.2,4099.7,41,
31.8.2026,22:6:58.301,7.812,2.8,4099.7,42,
31.8.2026,22:6:58.508,8.387,4.5,4099.7,42,
31.8.2026,22:6:58.702,8.084,2.9,4099.7,41,
31.8.2026,22:6:58.909,8.963,7.2,4099.7,69,
31.8.2026,22:6:59.118,8.704,5.2,4699.7,66,
31.8.2026,22:6:59.309,7.908,2.8,4099.7,73,
31.8.2026,22:6:59.519,9.294,10.0,4099.7,71,
31.8.2026,22:6:59.725,8.163,3.6,4099.7,62,
31.8.2026,22:6:59.931,8.004,3.1,4099.7,61,
31.8.2026,22:7:0.124,8.282,10.7,4099.7,52,
31.8.2026,22:7:0.329,8.790,3.7,4099.7,46,
31.8.2026,22:7:0.538,8.016,4.1,3499.8,42,
31.8.2026,22:7:0.746,8.187,4.1,4099.7,41,
31.8.2026,22:7:0.958,8.415,8.4,4099.7,45,
31.8.2026,22:7:1.153,9.083,3.1,4699.7,48,
31.8.2026,22:7:1.361,7.998,6.5,4699.7,41,
31.8.2026,22:7:1.562,8.065,5.9,4699.7,44,
31.8.2026,22:7:1.769,8.019,4.8,4699.7,42,
31.8.2026,22:7:1.980,8.340,6.2,4099.7,42,
31.8.2026,22:7:2.175,7.891,3.1,4699.7,44,
31.8.2026,22:7:2.380,7.785,5.6,4099.7,41,
31.8.2026,22:7:2.576,8.281,5.9,4699.7,41,
31.8.2026,22:7:2.782,8.311,8.6,4699.7,43,
31.8.2026,22:7:2.989,8.139,3.4,4699.7,41,
31.8.2026,22:7:3.201,8.541,3.5,4099.7,42,
31.8.2026,22:7:3.409,7.665,5.9,4699.7,42,
31.8.2026,22:7:3.618,7.952,3.3,4099.7,42,
31.8.2026,22:7:3.808,7.997,2.7,500.0,42,
31.8.2026,22:7:4.019,8.200,7.1,4699.7,42,
31.8.2026,22:7:4.224,7.652,2.5,4699.7,41,
31.8.2026,22:7:4.431,7.668,2.1,4699.7,42,
31.8.2026,22:7:4.624,7.820,8.7,4699.7,41,
31.8.2026,22:7:4.833,7.493,2.2,4699.7,41,
31.8.2026,22:7:5.042,8.091,3.8,4099.7,41,
31.8.2026,22:7:5.235,8.091,7.5,4699.7,42,
31.8.2026,22:7:5.442,8.089,3.8,4099.7,41,
31.8.2026,22:7:5.652,7.560,3.5,4699.7,41,
31.8.2026,22:7:5.861,8.192,7.5,4099.7,42,
31.8.2026,22:7:6.067,7.563,4.5,4699.7,41,
31.8.2026,22:7:6.277,8.210,3.3,4099.7,41,
31.8.2026,22:7:6.465,7.919,7.3,4099.7,42,
31.8.2026,22:7:6.678,8.379,4.3,4099.7,42,
31.8.2026,22:7:6.882,8.097,6.2,4099.7,42,
31.8.2026,22:7:7.074,8.032,8.6,4099.7,42,
31.8.2026,22:7:7.281,8.507,4.0,4699.7,41,
31.8.2026,22:7:7.489,8.538,1.8,4099.7,41,
31.8.2026,22:7:7.707,8.207,3.9,4699.7,41,
31.8.2026,22:7:7.913,8.812,5.6,4099.7,41,
31.8.2026,22:7:8.106,8.019,6.9,4699.7,41,
31.8.2026,22:7:8.316,8.219,5.6,4099.7,41,
31.8.2026,22:7:8.522,8.668,3.1,4099.7,41,
31.8.2026,22:7:8.724,8.223,4.9,4699.7,41,
31.8.2026,22:7:8.922,8.359,3.7,4699.7,41,
31.8.2026,22:7:9.135,7.795,3.2,4099.7,41,
31.8.2026,22:7:9.326,8.418,7.8,4699.7,41,
31.8.2026,22:7:9.536,7.787,2.9,4099.7,40,
31.8.2026,22:7:9.742,7.583,4.3,4699.7,41,
31.8.2026,22:7:9.938,8.179,6.6,4699.7,42,
31.8.2026,22:7:10.146,7.886,2.1,4699.7,41,
31.8.2026,22:7:10.355,8.051,8.7,4699.7,41,
31.8.2026,22:7:10.566,8.041,3.2,4699.7,41,
31.8.2026,22:7:10.777,8.262,3.4,4099.7,41,
31.8.2026,22:7:10.989,8.522,5.7,4699.7,40,
31.8.2026,22:7:11.201,8.245,4.6,4099.7,41,
31.8.2026,22:7:11.409,8.803,6.0,4099.7,42,
31.8.2026,22:7:11.618,8.340,4.2,4099.7,42,
31.8.2026,22:7:11.811,8.381,8.3,4099.7,42,
31.8.2026,22:7:12.018,8.563,3.7,4099.7,40,
31.8.2026,22:7:12.227,8.599,3.9,4099.7,42,
31.8.2026,22:7:12.418,8.399,7.2,4099.7,42,
31.8.2026,22:7:12.627,8.629,6.3,4099.7,41,
31.8.2026,22:7:12.831,8.380,2.2,4099.7,41,
31.8.2026,22:7:13.027,8.180,2.2,4099.7,41,
31.8.2026,22:7:13.232,8.796,9.3,4099.7,40,
31.8.2026,22:7:13.442,8.219,4.4,4099.7,40,
31.8.2026,22:7:13.640,7.525,2.0,4099.7,41,
31.8.2026,22:7:13.853,8.998,6.7,4099.7,67,
31.8.2026,22:7:14.063,7.791,4.8,4099.7,59,
31.8.2026,22:7:14.271,7.987,4.9,4099.7,60,
31.8.2026,22:7:14.464,8.110,3.0,4699.7,73,
31.8.2026,22:7:14.674,9.249,10.4,4099.7,55,
31.8.2026,22:7:14.888,8.259,4.9,4099.7,58,
31.8.2026,22:7:15.094,7.827,5.3,4099.7,61,
31.8.2026,22:7:15.303,8.978,5.5,4099.7,59,
31.8.2026,22:7:15.515,8.083,2.2,4699.7,73,
31.8.2026,22:7:15.720,8.322,11.6,500.0,61,
31.8.2026,22:7:15.931,8.358,3.5,4099.7,55,
31.8.2026,22:7:16.126,8.087,1.5,4699.7,61,
31.8.2026,22:7:16.332,8.222,8.8,4699.7,46,
31.8.2026,22:7:16.543,8.061,2.4,2699.8,48,
31.8.2026,22:7:16.732,8.451,7.6,4099.7,46,
31.8.2026,22:7:16.942,7.931,4.4,4699.7,42,
31.8.2026,22:7:17.149,7.835,4.7,4699.7,41,
31.8.2026,22:7:17.346,8.654,4.8,4099.7,42,
31.8.2026,22:7:17.557,7.800,8.8,4099.7,44,
31.8.2026,22:7:17.764,7.824,6.1,4099.7,41,
31.8.2026,22:7:17.974,7.760,2.5,4699.7,44,
31.8.2026,22:7:18.180,7.730,6.4,4099.7,42,
31.8.2026,22:7:18.386,8.317,3.7,1499.9,42,
31.8.2026,22:7:18.594,7.646,8.8,4099.7,42,
31.8.2026,22:7:18.803,7.786,3.9,4099.7,41,
31.8.2026,22:7:19.008,7.848,2.6,4699.7,42,
31.8.2026,22:7:19.202,7.848,5.9,4099.7,46,
31.8.2026,22:7:19.409,8.394,5.4,4099.7,42,
31.8.2026,22:7:19.620,7.937,5.7,4099.7,42,
31.8.2026,22:7:19.827,7.711,7.9,4099.7,41,
31.8.2026,22:7:20.037,7.935,4.1,4699.7,41,
31.8.2026,22:7:20.246,8.184,2.5,4699.7,42,
31.8.2026,22:7:20.454,8.043,8.0,4699.7,41,
31.8.2026,22:7:20.666,7.856,2.7,4699.7,41,
31.8.2026,22:7:20.856,7.846,7.8,4699.7,41,
31.8.2026,22:7:21.066,7.920,2.8,4699.7,40,
31.8.2026,22:7:21.272,7.948,5.0,4699.7,41,
31.8.2026,22:7:21.475,8.366,6.5,4099.7,41,
31.8.2026,22:7:21.682,8.231,5.1,4099.7,40,
31.8.2026,22:7:21.889,7.712,4.9,4699.7,41,
31.8.2026,22:7:22.098,8.266,8.0,4099.7,41,
31.8.2026,22:7:22.311,8.023,3.3,4699.7,44,
31.8.2026,22:7:22.524,8.382,8.0,4699.7,42,
31.8.2026,22:7:22.715,8.116,3.5,4699.7,42,
31.8.2026,22:7:22.921,7.906,8.4,4099.7,40,
31.8.2026,22:7:23.129,8.057,3.1,4099.7,41,
31.8.2026,22:7:23.336,8.158,2.2,4699.7,41,
31.8.2026,22:7:23.530,8.360,4.4,4699.7,41,
31.8.2026,22:7:23.739,8.102,7.3,4699.7,41,
31.8.2026,22:7:23.948,7.898,1.7,4699.7,41,
31.8.2026,22:7:24.155,7.778,8.9,4699.7,40,
31.8.2026,22:7:24.363,7.946,3.6,4699.7,41,
31.8.2026,22:7:24.573,8.061,3.2,4699.7,41,
31.8.2026,22:7:24.783,8.166,4.9,4699.7,41,
31.8.2026,22:7:24.989,7.729,5.6,500.0,41,
31.8.2026,22:7:25.195,7.950,2.8,4699.7,41,
31.8.2026,22:7:25.387,7.719,5.0,4699.7,41,
31.8.2026,22:7:25.594,8.567,8.8,4699.7,41,
31.8.2026,22:7:25.801,8.115,2.1,4699.7,41,
31.8.2026,22:7:26.017,8.096,2.2,4699.7,41,
31.8.2026,22:7:26.224,7.608,8.4,4099.7,40,
31.8.2026,22:7:26.431,8.073,2.6,4099.7,41,
31.8.2026,22:7:26.624,8.239,7.9,4699.7,41,
31.8.2026,22:7:26.831,8.210,3.7,4699.7,41,
31.8.2026,22:7:27.040,8.253,3.3,4699.7,41,
31.8.2026,22:7:27.231,8.049,9.1,4099.7,41,
31.8.2026,22:7:27.439,8.141,3.1,4099.7,41,
31.8.2026,22:7:27.646,8.612,3.3,4099.7,40,
31.8.2026,22:7:27.854,7.848,2.2,600.0,41,
31.8.2026,22:7:28.063,7.627,10.0,4099.7,41,
31.8.2026,22:7:28.270,7.864,3.3,4099.7,41,
31.8.2026,22:7:28.477,7.665,2.3,4699.7,41,
31.8.2026,22:7:28.669,7.769,11.8,4099.7,41,
31.8.2026,22:7:28.874,8.083,1.3,4699.7,41,
31.8.2026,22:7:29.082,8.223,6.0,500.0,40,
31.8.2026,22:7:29.290,8.007,3.6,4699.7,41,
31.8.2026,22:7:29.482,8.727,5.8,4099.7,40,
31.8.2026,22:7:29.693,8.016,4.1,4099.7,40,
31.8.2026,22:7:29.902,7.620,3.9,4699.7,40,
31.8.2026,22:7:30.120,7.878,5.8,4099.7,41,
31.8.2026,22:7:30.309,7.403,4.3,4699.7,40,
31.8.2026,22:7:30.515,7.693,5.6,4699.7,41,
31.8.2026,22:7:30.722,7.855,2.6,4699.7,41,
31.8.2026,22:7:30.932,8.011,6.1,4699.7,41,
31.8.2026,22:7:31.144,7.539,3.4,4699.7,40,
31.8.2026,22:7:31.354,7.677,4.2,4099.7,41,
31.8.2026,22:7:31.560,8.863,12.5,4099.7,41,
31.8.2026,22:7:31.768,8.555,2.3,4099.7,41,
31.8.2026,22:7:31.979,8.602,2.8,4099.7,40,
31.8.2026,22:7:32.191,8.269,4.7,4099.7,41,
31.8.2026,22:7:32.398,8.482,4.5,4099.7,40,
31.8.2026,22:7:32.590,8.029,6.4,4099.7,41,
31.8.2026,22:7:32.799,8.841,6.1,4099.7,40,
31.8.2026,22:7:33.004,8.262,3.4,4099.7,40,
31.8.2026,22:7:33.213,8.434,4.8,4699.7,46,
31.8.2026,22:7:33.404,8.573,9.1,4099.7,41,
31.8.2026,22:7:33.614,8.301,2.8,4099.7,41,
31.8.2026,22:7:33.821,8.440,2.5,4099.7,40,
31.8.2026,22:7:34.013,8.442,2.5,4099.7,40,
31.8.2026,22:7:34.222,8.649,10.1,4099.7,40,
31.8.2026,22:7:34.429,8.232,5.7,4099.7,41,
31.8.2026,22:7:34.621,8.117,3.7,4099.7,41,
31.8.2026,22:7:34.831,9.147,8.6,4099.7,60,
31.8.2026,22:7:35.036,8.208,6.5,4099.7,59,
31.8.2026,22:7:35.242,7.980,5.3,4099.7,60,
31.8.2026,22:7:35.434,7.980,4.4,4099.7,60,
31.8.2026,22:7:35.642,8.668,10.1,4099.7,55,
31.8.2026,22:7:35.847,9.069,6.2,4099.7,51,
31.8.2026,22:7:36.055,9.029,5.3,400.0,47,
31.8.2026,22:7:36.259,8.900,7.9,4099.7,57,
31.8.2026,22:7:36.451,9.028,8.9,4099.7,52,
31.8.2026,22:7:36.660,8.785,7.5,4099.7,54,
31.8.2026,22:7:36.870,8.464,3.6,4099.7,45,
31.8.2026,22:7:37.082,9.528,8.2,4099.7,44,
31.8.2026,22:7:37.287,8.508,3.4,4099.7,46,
31.8.2026,22:7:37.496,8.351,7.1,4099.7,45,
31.8.2026,22:7:37.690,9.227,7.7,4099.7,46,
31.8.2026,22:7:37.902,8.464,3.8,4099.7,45,
31.8.2026,22:7:38.110,8.632,7.4,4099.7,41,
31.8.2026,22:7:38.317,8.438,4.3,4699.7,42,
31.8.2026,22:7:38.513,8.433,3.9,4099.7,41,
31.8.2026,22:7:38.723,7.999,7.5,4699.7,40,
31.8.2026,22:7:38.929,8.287,4.8,4699.7,42,
31.8.2026,22:7:39.123,8.675,1.8,4699.7,41,
31.8.2026,22:7:39.329,8.037,10.5,4099.7,45,
31.8.2026,22:7:39.538,9.115,2.8,4699.7,41,
31.8.2026,22:7:39.746,8.374,4.6,4099.7,41,
31.8.2026,22:7:39.953,8.376,6.0,4699.7,41,
31.8.2026,22:7:40.161,8.736,6.8,4699.7,42,
31.8.2026,22:7:40.369,7.642,3.1,4699.7,42,
31.8.2026,22:7:40.560,8.322,7.8,4699.7,40,
31.8.2026,22:7:40.778,7.839,5.2,4699.7,41,
31.8.2026,22:7:40.968,8.187,5.9,4699.7,41,
31.8.2026,22:7:41.172,8.790,4.7,4099.7,41,
31.8.2026,22:7:41.381,8.690,6.5,4699.7,41,
31.8.2026,22:7:41.588,9.142,1.9,4099.7,41,
31.8.2026,22:7:41.785,8.335,11.3,4099.7,41,
31.8.2026,22:7:41.994,8.599,3.2,4099.7,41,
31.8.2026,22:7:42.202,9.404,7.9,4099.7,42,
31.8.2026,22:7:42.422,9.167,1.9,4699.7,41,
31.8.2026,22:7:42.633,8.276,8.7,4099.7,41,
31.8.2026,22:7:42.846,8.740,5.4,4099.7,40,
31.8.2026,22:7:43.060,8.378,5.5,4699.7,42,
31.8.2026,22:7:43.265,8.180,9.0,4099.7,41,
31.8.2026,22:7:43.473,8.052,3.1,4699.7,41,
31.8.2026,22:7:43.669,8.349,6.0,4699.7,41,
31.8.2026,22:7:43.878,7.585,4.2,4699.7,40,
31.8.2026,22:7:44.084,8.299,3.4,4699.7,42,
31.8.2026,22:7:44.291,8.134,4.6,4699.7,41,
31.8.2026,22:7:44.500,8.289,7.5,4699.7,42,
31.8.2026,22:7:44.706,7.859,3.4,4699.7,40,
31.8.2026,22:7:44.912,8.013,3.7,4699.7,41,
31.8.2026,22:7:45.122,8.573,3.8,4699.7,41,
31.8.2026,22:7:45.327,8.348,8.3,4099.7,41,
31.8.2026,22:7:45.534,7.595,3.3,4699.7,41,
31.8.2026,22:7:45.743,8.577,4.0,4699.7,41,
31.8.2026,22:7:45.949,8.213,4.5,4699.7,42,
31.8.2026,22:7:46.155,8.098,8.4,4699.7,41,
31.8.2026,22:7:46.364,8.004,4.9,4699.7,40,
31.8.2026,22:7:46.571,8.123,4.8,4699.7,41,
31.8.2026,22:7:46.776,10.705,5.8,4699.7,41,
31.8.2026,22:7:46.983,7.862,3.8,4699.7,42,
31.8.2026,22:7:47.192,8.645,6.5,4699.7,41,
31.8.2026,22:7:47.398,8.051,3.8,4699.7,42,
31.8.2026,22:7:47.589,8.954,4.9,4699.7,40,
31.8.2026,22:7:47.796,8.076,3.7,4699.7,41,
31.8.2026,22:7:48.008,8.084,4.8,4699.7,41,
31.8.2026,22:7:48.204,8.992,5.3,500.0,41,
31.8.2026,22:7:48.408,8.012,3.2,4099.7,42,
31.8.2026,22:7:48.616,8.139,4.5,4699.7,41,
31.8.2026,22:7:48.825,8.290,4.5,4699.7,42,
31.8.2026,22:7:49.031,8.276,7.5,4099.7,41,
31.8.2026,22:7:49.241,8.389,1.9,500.0,41,
31.8.2026,22:7:49.448,7.525,6.6,4099.7,48,
31.8.2026,22:7:49.662,8.762,5.2,500.0,41,
31.8.2026,22:7:49.868,8.205,4.7,4099.7,41,
31.8.2026,22:7:50.059,7.918,6.8,4099.7,40,
31.8.2026,22:7:50.267,8.293,2.7,4099.7,41,
31.8.2026,22:7:50.472,7.700,2.8,4099.7,41,
31.8.2026,22:7:50.681,7.885,5.0,4699.7,42,
31.8.2026,22:7:50.872,8.035,6.9,4099.7,41,
31.8.2026,22:7:51.081,7.866,3.1,4099.7,41,
31.8.2026,22:7:51.290,8.098,3.7,4099.7,41,
31.8.2026,22:7:51.480,7.843,6.0,4099.7,40,
31.8.2026,22:7:51.690,7.960,3.4,4099.7,42,
31.8.2026,22:7:51.895,8.068,2.3,4099.7,40,
31.8.2026,22:7:52.100,8.351,5.2,4099.7,40,
31.8.2026,22:7:52.307,8.032,3.7,4099.7,42,
31.8.2026,22:7:52.518,8.213,6.0,4699.7,41,
31.8.2026,22:7:52.723,7.695,4.9,4099.7,41,
31.8.2026,22:7:52.929,7.764,2.7,4099.7,42,
31.8.2026,22:7:53.123,8.080,10.3,2999.8,41,
31.8.2026,22:7:53.328,8.420,2.4,4699.7,41,
31.8.2026,22:7:53.535,8.084,6.3,4699.7,41,
31.8.2026,22:7:53.742,8.564,2.5,500.0,41,
31.8.2026,22:7:53.935,8.003,9.2,4699.7,41,
31.8.2026,22:7:54.147,7.968,1.8,4699.7,41,
31.8.2026,22:7:54.351,7.668,3.3,4699.7,42,
31.8.2026,22:7:54.542,7.846,3.3,4699.7,42,
31.8.2026,22:7:54.753,8.413,7.5,4699.7,41,
31.8.2026,22:7:54.963,7.979,2.9,4099.7,42,
31.8.2026,22:7:55.153,8.022,5.4,4699.7,41,
31.8.2026,22:7:55.360,9.314,10.6,4699.7,66,
31.8.2026,22:7:55.569,8.351,3.9,4099.7,74,
31.8.2026,22:7:55.776,8.178,3.2,4699.7,68,
31.8.2026,22:7:55.986,7.889,9.7,4699.7,64,
31.8.2026,22:7:56.194,8.197,1.8,4099.7,69,
31.8.2026,22:7:56.403,7.394,4.1,4099.7,72,
31.8.2026,22:7:56.607,7.491,8.9,4099.7,74,
31.8.2026,22:7:56.815,7.956,4.5,4699.7,74,
31.8.2026,22:7:57.022,8.098,6.8,4099.7,73,
31.8.2026,22:7:57.216,8.061,2.8,4099.7,73,
31.8.2026,22:7:57.428,8.891,10.1,4699.7,56,
31.8.2026,22:7:57.636,8.583,3.7,4699.7,65,
31.8.2026,22:7:57.844,7.050,4.5,4699.7,73,
31.8.2026,22:7:58.053,7.828,3.4,4699.7,67,
31.8.2026,22:7:58.247,7.828,5.2,4099.7,40,
31.8.2026,22:7:58.453,7.224,8.8,4099.7,66,
31.8.2026,22:7:58.670,8.924,5.4,4099.7,68,
31.8.2026,22:7:58.875,6.781,7.9,4099.7,40,
31.8.2026,22:7:59.092,7.905,5.2,4099.7,40,
31.8.2026,22:7:59.296,8.087,4.9,4099.7,40,
31.8.2026,22:7:59.508,8.943,4.9,4099.7,42,
31.8.2026,22:7:59.712,8.635,3.2,4099.7,41,
31.8.2026,22:7:59.907,8.635,3.2,4099.7,41,
31.8.2026,22:8:0.117,8.433,9.6,4099.7,41,
31.8.2026,22:8:0.310,8.615,4.4,4099.7,41,
31.8.2026,22:8:0.524,9.437,9.8,4099.7,66,
31.8.2026,22:8:0.714,7.849,2.6,4099.7,73,
31.8.2026,22:8:0.923,8.968,11.0,4099.7,71,
31.8.2026,22:8:1.127,9.402,3.3,4699.7,56,
31.8.2026,22:8:1.330,8.303,4.2,4099.7,70,
31.8.2026,22:8:1.535,8.140,4.1,4099.7,65,
31.8.2026,22:8:1.743,8.566,4.9,4099.7,58,
31.8.2026,22:8:1.937,8.451,3.7,4099.7,72,
31.8.2026,22:8:2.145,8.518,8.1,4099.7,48,
31.8.2026,22:8:2.356,9.239,3.4,4099.7,45,
31.8.2026,22:8:2.559,8.788,8.0,4699.7,47,
31.8.2026,22:8:2.767,8.289,3.1,4099.7,44,
31.8.2026,22:8:2.974,9.464,6.1,4099.7,45,
31.8.2026,22:8:3.180,8.960,5.4,4099.7,47,
31.8.2026,22:8:3.375,9.112,3.3,4099.7,41,
31.8.2026,22:8:3.581,9.288,6.8,4099.7,42,
31.8.2026,22:8:3.789,9.414,5.4,4099.7,41,
31.8.2026,22:8:3.980,9.578,3.3,4099.7,41,
31.8.2026,22:8:4.197,8.919,9.1,4099.7,41,
31.8.2026,22:8:4.387,8.837,2.8,4099.7,42,
31.8.2026,22:8:4.597,7.818,7.5,4099.7,41,
31.8.2026,22:8:4.802,7.967,3.5,3299.8,41,
31.8.2026,22:8:5.010,7.922,2.8,4099.7,40,
31.8.2026,22:8:5.219,8.091,8.1,4699.7,40,
31.8.2026,22:8:5.431,7.774,3.1,4099.7,41,
31.8.2026,22:8:5.622,8.638,7.5,4099.7,42,
31.8.2026,22:8:5.833,8.220,3.6,3499.8,41,
31.8.2026,22:8:6.039,8.266,3.6,4699.7,41,
31.8.2026,22:8:6.233,8.075,9.3,4699.7,40,
31.8.2026,22:8:6.436,8.156,4.3,4699.7,40,
31.8.2026,22:8:6.647,12.644,10.7,4099.7,41,
31.8.2026,22:8:6.851,8.358,3.6,4699.7,42,
31.8.2026,22:8:7.063,8.943,5.3,4699.7,40,
31.8.2026,22:8:7.270,8.393,7.4,4699.7,41,
31.8.2026,22:8:7.477,7.855,2.4,4099.7,42,
31.8.2026,22:8:7.670,9.644,7.2,4699.7,41,
31.8.2026,22:8:7.876,8.141,7.3,4099.7,41,
31.8.2026,22:8:8.087,8.176,3.4,4099.7,40,
31.8.2026,22:8:8.278,8.169,6.0,4699.7,41,
31.8.2026,22:8:8.487,7.978,6.7,4099.7,41,
31.8.2026,22:8:8.700,7.643,1.3,4099.7,41,
31.8.2026,22:8:8.905,7.747,9.6,4099.7,41,
31.8.2026,22:8:9.118,8.043,4.2,4099.7,41,
31.8.2026,22:8:9.308,8.037,1.4,4099.7,40,
31.8.2026,22:8:9.519,8.911,8.3,4099.7,42,
31.8.2026,22:8:9.726,8.369,3.6,4099.7,40,
31.8.2026,22:8:9.918,8.457,7.2,4099.7,41,
31.8.2026,22:8:10.128,8.580,3.6,4099.7,41,
31.8.2026,22:8:10.335,8.145,3.8,4099.7,41,
31.8.2026,22:8:10.529,8.145,5.7,4099.7,40,
31.8.2026,22:8:10.738,8.142,5.1,4099.7,41,
31.8.2026,22:8:10.948,8.486,3.2,4099.7,41,
31.8.2026,22:8:11.158,8.363,9.0,4099.7,40,
31.8.2026,22:8:11.370,8.315,2.0,4099.7,41,
31.8.2026,22:8:11.560,8.535,9.7,4099.7,40,
31.8.2026,22:8:11.768,8.814,5.2,4099.7,41,
31.8.2026,22:8:11.973,8.134,1.6,4099.7,40,
31.8.2026,22:8:12.184,8.536,5.0,4699.7,40,
31.8.2026,22:8:12.389,8.281,6.8,4099.7,41,
31.8.2026,22:8:12.600,8.201,5.0,4099.7,40,
31.8.2026,22:8:12.806,8.261,2.7,4699.7,41,
31.8.2026,22:8:12.998,8.423,6.9,4099.7,41,
31.8.2026,22:8:13.212,8.407,2.2,4699.7,42,
31.8.2026,22:8:13.402,8.257,10.6,4699.7,42,
31.8.2026,22:8:13.610,8.434,3.8,4699.7,42,
31.8.2026,22:8:13.818,8.826,5.4,4699.7,40,
31.8.2026,22:8:14.011,8.262,5.4,4699.7,40,
31.8.2026,22:8:14.218,8.131,7.7,4699.7,41,
31.8.2026,22:8:14.427,7.675,2.5,4099.7,40,
31.8.2026,22:8:14.634,8.161,5.1,4099.7,41,
31.8.2026,22:8:14.828,8.184,4.6,4099.7,42,
31.8.2026,22:8:15.039,9.139,8.3,4099.7,73,
31.8.2026,22:8:15.235,7.871,3.6,4099.7,74,
31.8.2026,22:8:15.441,8.133,6.1,4099.7,73,
31.8.2026,22:8:15.646,8.112,2.1,4099.7,73,
31.8.2026,22:8:15.855,8.519,6.3,4099.7,73,
31.8.2026,22:8:16.062,8.035,8.6,4099.7,74,
31.8.2026,22:8:16.271,8.075,5.6,4099.7,73,
31.8.2026,22:8:16.465,7.996,3.1,4699.7,69,
31.8.2026,22:8:16.671,9.243,10.8,1599.9,70,
31.8.2026,22:8:16.887,7.972,3.2,4099.7,65,
31.8.2026,22:8:17.075,7.877,6.6,1699.9,68,
31.8.2026,22:8:17.282,14.650,15.4,4099.7,53,
31.8.2026,22:8:17.490,13.756,9.5,4099.7,46,
31.8.2026,22:8:17.682,8.574,7.0,4099.7,42,
31.8.2026,22:8:17.890,8.309,7.0,4699.7,41,
31.8.2026,22:8:18.097,7.924,3.0,4699.7,41,
31.8.2026,22:8:18.306,8.050,4.5,4699.7,41,
31.8.2026,22:8:18.496,8.397,4.3,4699.7,41,
31.8.2026,22:8:18.704,8.625,9.0,4099.7,41,
31.8.2026,22:8:18.909,8.432,2.5,4099.7,41,
31.8.2026,22:8:19.116,8.379,5.4,4099.7,41,
31.8.2026,22:8:19.323,8.274,3.2,4099.7,42,
31.8.2026,22:8:19.527,8.696,11.5,4099.7,41,
31.8.2026,22:8:19.736,9.359,5.1,4099.7,41,
31.8.2026,22:8:19.944,9.120,4.6,4699.7,41,
31.8.2026,22:8:20.152,7.675,2.6,4699.7,41,
31.8.2026,22:8:20.365,7.758,5.6,4699.7,42,
31.8.2026,22:8:20.576,7.809,3.3,4699.7,41,
31.8.2026,22:8:20.783,7.456,7.5,4699.7,41,
31.8.2026,22:8:20.993,7.990,6.2,4699.7,41,
31.8.2026,22:8:21.198,8.028,3.6,4699.7,41,
31.8.2026,22:8:21.411,7.734,6.9,4699.7,41,
31.8.2026,22:8:21.619,7.654,4.7,4699.7,40,
31.8.2026,22:8:21.817,8.293,6.1,4699.7,40,
31.8.2026,22:8:22.020,8.102,6.3,4699.7,41,
31.8.2026,22:8:22.227,8.064,3.8,4699.7,41,
31.8.2026,22:8:22.420,7.776,10.5,4099.7,41,
31.8.2026,22:8:22.626,8.203,1.9,4699.7,41,
31.8.2026,22:8:22.837,7.973,4.4,4699.7,40,
31.8.2026,22:8:23.027,8.188,5.8,4699.7,40,
31.8.2026,22:8:23.236,7.616,7.1,4099.7,41,
31.8.2026,22:8:23.442,7.685,4.5,4099.7,42,
31.8.2026,22:8:23.636,7.685,3.2,4099.7,41,
31.8.2026,22:8:23.848,7.935,7.5,4099.7,41,
31.8.2026,22:8:24.063,8.038,5.8,4699.7,41,
31.8.2026,22:8:24.268,7.532,6.6,4099.7,41,
31.8.2026,22:8:24.475,8.108,3.9,4699.7,41,
31.8.2026,22:8:24.684,7.755,4.3,4099.7,41,
31.8.2026,22:8:24.894,7.995,5.4,4699.7,40,
31.8.2026,22:8:25.103,8.012,4.8,4699.7,41,
31.8.2026,22:8:25.292,8.012,3.6,4699.7,42,
31.8.2026,22:8:25.504,8.093,6.7,4699.7,41,
31.8.2026,22:8:25.710,7.930,3.9,4699.7,42,
31.8.2026,22:8:25.904,8.975,4.1,4699.7,41,
31.8.2026,22:8:26.109,7.987,8.8,3999.7,41,
31.8.2026,22:8:26.321,8.068,2.3,4699.7,41,
31.8.2026,22:8:26.512,8.367,5.5,4099.7,40,
31.8.2026,22:8:26.721,7.606,5.3,4699.7,40,
31.8.2026,22:8:26.934,8.313,7.6,4099.7,40,
31.8.2026,22:8:27.138,8.102,6.8,4099.7,41,
31.8.2026,22:8:27.351,7.844,4.5,4099.7,42,
31.8.2026,22:8:27.562,9.393,1.9,4699.7,41,
31.8.2026,22:8:27.775,8.135,8.2,4099.7,40,
31.8.2026,22:8:27.971,8.857,6.8,4099.7,42,
31.8.2026,22:8:28.177,9.670,3.6,4099.7,41,
31.8.2026,22:8:28.394,8.136,3.6,4099.7,41,
31.8.2026,22:8:28.600,8.412,6.8,4099.7,42,
31.8.2026,22:8:28.794,8.691,5.4,4099.7,41,
31.8.2026,22:8:29.001,8.468,7.8,4099.7,44,
31.8.2026,22:8:29.210,8.318,3.6,4099.7,42,
31.8.2026,22:8:29.414,8.467,3.9,4099.7,41,
31.8.2026,22:8:29.604,8.213,2.3,4099.7,41,
31.8.2026,22:8:29.811,8.034,11.0,4099.7,41,
31.8.2026,22:8:30.023,9.281,2.6,4099.7,41,
31.8.2026,22:8:30.229,8.440,3.9,4099.7,40,
31.8.2026,22:8:30.440,7.916,9.9,4099.7,41,
31.8.2026,22:8:30.646,9.698,6.8,4099.7,40,
31.8.2026,22:8:30.853,9.814,2.5,4099.7,41,
31.8.2026,22:8:31.043,8.603,11.1,4099.7,40,
31.8.2026,22:8:31.257,10.301,3.8,4099.7,41,
31.8.2026,22:8:31.465,9.180,4.9,2299.8,41,
31.8.2026,22:8:31.673,9.615,8.3,4099.7,41,
31.8.2026,22:8:31.882,9.656,6.0,4099.7,41,
31.8.2026,22:8:32.089,10.230,4.0,4699.7,41,
31.8.2026,22:8:32.295,9.466,9.8,4099.7,41,
31.8.2026,22:8:32.503,9.689,3.7,1199.9,41,
31.8.2026,22:8:32.711,9.448,5.9,4099.7,41,
31.8.2026,22:8:32.903,9.047,7.8,4099.7,40,
31.8.2026,22:8:33.110,9.232,6.9,4099.7,41,
31.8.2026,22:8:33.317,9.532,5.0,4099.7,41,
31.8.2026,22:8:33.527,9.268,3.9,4099.7,41,
31.8.2026,22:8:33.717,9.155,9.2,4099.7,42,
31.8.2026,22:8:33.926,8.416,4.7,4099.7,41,
31.8.2026,22:8:34.132,9.831,3.8,4099.7,40,
31.8.2026,22:8:34.327,9.044,7.7,4099.7,42,
31.8.2026,22:8:34.539,9.528,5.7,4099.7,44,
31.8.2026,22:8:34.731,9.884,6.9,4099.7,44,
31.8.2026,22:8:34.942,9.064,4.6,4099.7,40,
31.8.2026,22:8:35.136,8.795,9.7,4099.7,41,
31.8.2026,22:8:35.345,9.498,3.1,4099.7,41,
31.8.2026,22:8:35.551,8.518,1.8,4099.7,41,
31.8.2026,22:8:35.746,8.333,8.3,4099.7,41,
31.8.2026,22:8:35.954,9.113,3.8,4699.7,41,
31.8.2026,22:8:36.158,8.048,6.8,4099.7,40,
31.8.2026,22:8:36.365,8.313,2.7,4099.7,41,
31.8.2026,22:8:36.558,8.226,2.7,4099.7,41,
31.8.2026,22:8:36.769,8.136,7.7,4099.7,40,
31.8.2026,22:8:36.967,7.678,2.4,4099.7,41,
31.8.2026,22:8:37.174,8.692,10.1,4099.7,48,
31.8.2026,22:8:37.381,8.260,4.7,4099.7,46,
31.8.2026,22:8:37.576,8.260,2.9,4099.7,41,
31.8.2026,22:8:37.786,8.006,9.0,4099.7,55,
31.8.2026,22:8:37.992,8.745,4.7,4099.7,55,
31.8.2026,22:8:38.185,9.494,5.5,4099.7,55,
31.8.2026,22:8:38.402,9.494,12.5,4099.7,50,
31.8.2026,22:8:38.590,6.663,1.1,4099.7,73,
31.8.2026,22:8:38.805,10.319,12.4,2299.8,66,
31.8.2026,22:8:39.011,10.319,2.1,500.0,60,
31.8.2026,22:8:39.219,10.106,10.3,4099.7,58,
31.8.2026,22:8:39.431,8.872,3.6,500.0,73,
31.8.2026,22:8:39.621,6.769,1.1,4099.7,74,
31.8.2026,22:8:39.828,9.236,10.7,4099.7,68,
31.8.2026,22:8:40.039,10.903,6.9,4099.7,54,
31.8.2026,22:8:40.233,9.759,1.3,4099.7,73,
31.8.2026,22:8:40.439,8.426,9.7,4099.7,44,
31.8.2026,22:8:40.646,10.112,4.2,4099.7,46,
31.8.2026,22:8:40.843,10.112,4.0,4099.7,44,
31.8.2026,22:8:41.053,8.603,7.4,4099.7,45,
31.8.2026,22:8:41.261,8.035,3.8,4099.7,48,
31.8.2026,22:8:41.471,8.214,6.4,4699.7,42,
31.8.2026,22:8:41.675,8.154,5.8,4099.7,45,
31.8.2026,22:8:41.888,8.623,3.3,4699.7,44,
31.8.2026,22:8:42.094,7.870,9.2,4099.7,46,
31.8.2026,22:8:42.302,7.549,2.1,4099.7,41,
31.8.2026,22:8:42.497,7.756,2.6,4699.7,47,
31.8.2026,22:8:42.704,8.070,8.2,4099.7,44,
31.8.2026,22:8:42.914,7.852,5.6,4099.7,46,
31.8.2026,22:8:43.106,7.795,2.3,4699.7,41,
31.8.2026,22:8:43.313,8.121,8.3,4699.7,41,
31.8.2026,22:8:43.521,8.113,3.4,4699.7,42,
31.8.2026,22:8:43.730,7.723,4.3,4099.7,42,
31.8.2026,22:8:43.926,8.663,11.7,4099.7,41,
31.8.2026,22:8:44.132,7.846,1.3,4699.7,41,
31.8.2026,22:8:44.339,8.064,5.2,4099.7,41,
31.8.2026,22:8:44.552,7.850,4.9,4699.7,42,
31.8.2026,22:8:44.759,8.225,3.4,4699.7,42,
31.8.2026,22:8:44.954,8.123,8.7,4099.7,41,
31.8.2026,22:8:45.166,8.327,2.9,4099.7,41,
31.8.2026,22:8:45.355,8.433,8.9,4699.7,42,
31.8.2026,22:8:45.571,8.886,2.7,4699.7,41,
31.8.2026,22:8:45.768,8.773,5.4,4099.7,41,
31.8.2026,22:8:45.978,8.487,7.4,4699.7,41,
31.8.2026,22:8:46.167,8.443,2.5,4699.7,40,
31.8.2026,22:8:46.374,8.874,7.3,4699.7,41,
31.8.2026,22:8:46.586,8.612,5.5,4699.7,41,
31.8.2026,22:8:46.791,8.280,4.5,4699.7,41,
31.8.2026,22:8:47.001,9.254,6.9,4699.7,40,
31.8.2026,22:8:47.208,8.319,6.3,4699.7,41,
31.8.2026,22:8:47.416,8.756,3.9,4699.7,42,
31.8.2026,22:8:47.623,9.092,9.9,4099.7,42,
31.8.2026,22:8:47.832,9.128,5.1,4699.7,41,
31.8.2026,22:8:48.043,8.621,6.1,4699.7,41,
31.8.2026,22:8:48.248,7.930,5.6,3199.8,41,
31.8.2026,22:8:48.458,8.680,7.8,4099.7,42,
31.8.2026,22:8:48.663,8.168,2.9,4699.7,40,
31.8.2026,22:8:48.854,8.784,4.2,4699.7,41,
31.8.2026,22:8:49.063,8.659,10.8,4099.7,40,
31.8.2026,22:8:49.273,8.217,2.1,4699.7,42,
31.8.2026,22:8:49.465,8.646,6.4,4699.7,41,
31.8.2026,22:8:49.673,8.799,8.9,4099.7,41,
31.8.2026,22:8:49.880,9.881,3.8,4099.7,41,
31.8.2026,22:8:50.089,8.550,3.2,4099.7,42,
31.8.2026,22:8:50.301,8.793,7.2,4699.7,41,
31.8.2026,22:8:50.507,8.739,4.9,4099.7,41,
31.8.2026,22:8:50.714,8.743,3.8,4099.7,41,
31.8.2026,22:8:50.923,9.124,9.1,4099.7,41,
31.8.2026,22:8:51.136,9.409,2.1,4699.7,41,
31.8.2026,22:8:51.343,7.901,7.2,4099.7,41,
31.8.2026,22:8:51.552,8.508,4.9,4099.7,40,
31.8.2026,22:8:51.756,7.511,2.6,4099.7,42,
31.8.2026,22:8:51.953,9.171,10.0,4099.7,41,
31.8.2026,22:8:52.161,8.535,4.1,4099.7,41,
31.8.2026,22:8:52.368,8.300,3.7,4699.7,42,
31.8.2026,22:8:52.559,8.218,8.3,4699.7,41,
31.8.2026,22:8:52.770,9.208,3.0,4699.7,41,
31.8.2026,22:8:52.979,8.518,3.6,4099.7,41,
31.8.2026,22:8:53.169,8.518,7.2,4099.7,41,
31.8.2026,22:8:53.378,8.207,4.1,4699.7,41,
31.8.2026,22:8:53.574,8.872,9.1,4699.7,40,
31.8.2026,22:8:53.786,8.559,5.1,4099.7,41,
31.8.2026,22:8:53.995,7.910,6.2,4699.7,41,
31.8.2026,22:8:54.184,9.598,6.2,4699.7,41,
31.8.2026,22:8:54.392,8.914,9.7,4099.7,41,
31.8.2026,22:8:54.599,9.401,6.1,4099.7,41,
31.8.2026,22:8:54.795,9.393,7.5,4099.7,42,
31.8.2026,22:8:55.005,8.284,9.1,4099.7,41,
31.8.2026,22:8:55.216,8.364,1.8,4699.7,41,
31.8.2026,22:8:55.422,9.276,14.3,4699.7,41,
31.8.2026,22:8:55.629,8.731,5.7,4099.7,40,
31.8.2026,22:8:55.826,9.291,10.0,4099.7,41,
31.8.2026,22:8:56.036,10.350,7.9,4699.7,41,
31.8.2026,22:8:56.246,8.964,4.5,4699.7,41,
31.8.2026,22:8:56.453,8.172,7.4,4099.7,41,
31.8.2026,22:8:56.659,10.399,6.1,4099.7,40,
31.8.2026,22:8:56.875,8.985,8.1,4699.7,41,
31.8.2026,22:8:57.082,9.091,5.4,4699.7,41,
31.8.2026,22:8:57.278,8.117,6.2,4699.7,40,
31.8.2026,22:8:57.490,8.361,2.3,4099.7,42,
31.8.2026,22:8:57.697,7.905,8.5,4699.7,41,
31.8.2026,22:8:57.907,8.105,4.8,3599.8,42,
31.8.2026,22:8:58.111,8.951,4.6,4699.7,41,
31.8.2026,22:8:58.318,8.023,2.8,4699.7,40,
31.8.2026,22:8:58.525,7.858,4.5,4699.7,42,
31.8.2026,22:8:58.734,8.142,7.5,4699.7,42,
31.8.2026,22:8:58.940,7.726,4.5,4699.7,42,
31.8.2026,22:8:59.151,7.826,2.8,4699.7,42,
31.8.2026,22:8:59.340,7.532,2.8,4699.7,42,
31.8.2026,22:8:59.550,7.546,11.4,4099.7,41,
31.8.2026,22:8:59.757,7.949,8.0,4099.7,41,
31.8.2026,22:8:59.965,7.975,3.7,4699.7,41,
31.8.2026,22:9:0.172,8.735,4.3,4699.7,42,
31.8.2026,22:9:0.388,8.477,3.8,4699.7,41,
31.8.2026,22:9:0.593,8.192,9.3,4699.7,41,
31.8.2026,22:9:0.801,8.121,2.7,4099.7,41,
31.8.2026,22:9:1.010,7.829,4.0,4699.7,40,
31.8.2026,22:9:1.200,8.373,4.8,4699.7,40,
31.8.2026,22:9:1.407,7.485,4.1,4699.7,41,
31.8.2026,22:9:1.615,7.840,4.0,4699.7,41,
31.8.2026,22:9:1.811,8.247,7.8,4699.7,41,
31.8.2026,22:9:2.017,8.078,5.2,4699.7,41,
31.8.2026,22:9:2.224,8.939,4.1,4699.7,41,
31.8.2026,22:9:2.433,7.730,2.8,4099.7,41,
31.8.2026,22:9:2.629,7.485,2.8,4099.7,41,
31.8.2026,22:9:2.834,7.970,6.3,4699.7,40,
31.8.2026,22:9:3.039,7.993,4.0,4099.7,41,
31.8.2026,22:9:3.244,8.158,6.1,4099.7,41,
31.8.2026,22:9:3.441,7.752,4.6,4099.7,42,
31.8.2026,22:9:3.645,8.440,6.4,4699.7,41,
31.8.2026,22:9:3.838,7.808,6.6,4099.7,42,
31.8.2026,22:9:4.046,8.861,9.4,4099.7,73,
31.8.2026,22:9:4.251,8.115,3.5,4699.7,73,
31.8.2026,22:9:4.459,8.007,5.7,4099.7,68,
31.8.2026,22:9:4.667,7.997,6.7,4099.7,73,
31.8.2026,22:9:4.873,7.977,10.5,4099.7,73,
31.8.2026,22:9:5.083,8.274,3.1,4099.7,74,
31.8.2026,22:9:5.289,7.950,2.6,4699.7,68,
31.8.2026,22:9:5.483,8.395,4.1,4099.7,66,
31.8.2026,22:9:5.687,8.888,9.6,4099.7,58,
31.8.2026,22:9:5.895,8.241,5.6,4699.7,66,
31.8.2026,22:9:6.104,8.799,3.1,4699.7,58,
31.8.2026,22:9:6.311,7.770,8.2,4699.7,52,
31.8.2026,22:9:6.522,8.036,3.6,4699.7,57,
31.8.2026,22:9:6.729,7.744,2.8,3099.8,59,
31.8.2026,22:9:6.940,7.951,9.0,4099.7,71,
31.8.2026,22:9:7.151,8.211,1.1,3899.7,71,
31.8.2026,22:9:7.341,8.276,5.1,4099.7,60,
31.8.2026,22:9:7.551,8.692,6.6,4699.7,49,
31.8.2026,22:9:7.756,7.865,2.8,4099.7,46,
31.8.2026,22:9:7.963,8.175,3.7,4699.7,43,
31.8.2026,22:9:8.172,8.597,8.2,4699.7,47,
31.8.2026,22:9:8.378,7.516,4.4,4099.7,46,
31.8.2026,22:9:8.590,8.284,4.0,4699.7,46,
31.8.2026,22:9:8.797,7.877,4.5,3599.8,45,
31.8.2026,22:9:9.006,8.173,5.9,4099.7,47,
31.8.2026,22:9:9.212,7.984,2.5,4699.7,42,
31.8.2026,22:9:9.409,8.027,5.7,4699.7,48,
31.8.2026,22:9:9.619,8.265,8.4,4699.7,45,
31.8.2026,22:9:9.823,8.039,2.5,4699.7,47,
31.8.2026,22:9:10.031,8.243,6.2,4699.7,44,
31.8.2026,22:9:10.240,8.896,6.3,4699.7,46,
31.8.2026,22:9:10.445,8.135,2.3,4699.7,42,
31.8.2026,22:9:10.637,8.189,7.2,4699.7,42,
31.8.2026,22:9:10.846,8.036,7.5,4099.7,41,
31.8.2026,22:9:11.053,8.125,2.4,4099.7,42,
31.8.2026,22:9:11.247,7.825,2.8,4699.7,42,
31.8.2026,22:9:11.454,8.052,7.5,4099.7,40,
31.8.2026,22:9:11.664,7.907,5.6,4099.7,41,
31.8.2026,22:9:11.882,8.019,3.1,4699.7,41,
31.8.2026,22:9:12.058,19.940,41.7,400.0,47,
31.8.2026,22:9:12.262,16.897,19.3,4099.7,44,
31.8.2026,22:9:12.471,20.806,22.4,4099.7,53,
31.8.2026,22:9:12.676,13.134,8.5,4099.7,43,
31.8.2026,22:9:12.886,9.092,5.8,4699.7,41,
31.8.2026,22:9:13.076,9.092,9.9,4699.7,41,
31.8.2026,22:9:13.285,9.601,4.1,4699.7,43,
31.8.2026,22:9:13.495,8.762,4.2,4099.7,42,
31.8.2026,22:9:13.701,8.685,8.0,4099.7,42,
31.8.2026,22:9:13.907,8.651,6.0,4099.7,41,
31.8.2026,22:9:14.116,9.258,6.3,4099.7,42,
31.8.2026,22:9:14.321,9.859,6.1,4099.7,41,
31.8.2026,22:9:14.512,10.017,12.9,4099.7,41,
31.8.2026,22:9:14.719,12.100,12.6,4099.7,42,
31.8.2026,22:9:14.924,11.956,9.8,4699.7,45,
31.8.2026,22:9:15.124,11.153,6.2,4099.7,42,
31.8.2026,22:9:15.338,10.969,8.0,4099.7,42,
31.8.2026,22:9:15.529,11.195,9.9,4699.7,42,
31.8.2026,22:9:15.735,10.181,5.4,4099.7,41,
31.8.2026,22:9:15.941,9.083,7.3,4099.7,42,
31.8.2026,22:9:16.149,9.156,6.7,4099.7,41,
Date,Time,"CPU Package Power [W]","Total CPU Usage [%]","Core 0 Clock [MHz]","CPU Package [¡ÆC]",
,,CPU [#0]: Intel Core i7-1165G7: Enhanced,CPU [#0]: Intel Core i7-1165G7,CPU [#0]: Intel Core i7-1165G7,CPU [#0]: Intel Core i7-1165G7: DTS,
