Date,Time,"Core 0 T0 Usage [%]","Total CPU Usage [%]","CPU Package Power [W]","Core 0 T0 Effective Clock [MHz]","CPU Package [¡ÆC]","Package C9 Residency [%]","Package C10 Residency [%]",
7.9.2026,22:58:19.163,24.9,19.1,7.265,1077.6,40,0.0,0.0,
7.9.2026,22:58:19.364,14.4,7.0,14.136,609.4,41,0.0,0.0,
7.9.2026,22:58:19.573,11.8,5.7,10.657,519.3,41,0.0,0.0,
7.9.2026,22:58:19.775,21.0,14.4,9.766,906.9,41,0.0,0.0,
7.9.2026,22:58:19.966,19.0,10.8,14.073,555.8,40,0.0,0.0,
7.9.2026,22:58:20.174,7.8,6.6,10.957,354.1,41,0.0,0.0,
7.9.2026,22:58:20.379,12.8,4.1,8.901,604.9,41,0.0,0.0,
7.9.2026,22:58:20.587,1.2,5.0,8.486,105.6,41,0.0,0.0,
7.9.2026,22:58:20.797,7.9,5.2,8.124,146.8,41,0.0,0.0,
7.9.2026,22:58:21.004,3.2,5.4,7.869,173.1,40,0.0,0.0,
7.9.2026,22:58:21.210,5.9,5.3,8.079,272.6,40,0.0,0.0,
7.9.2026,22:58:21.404,5.9,5.3,8.691,272.6,40,0.0,0.0,
7.9.2026,22:58:21.614,7.0,8.9,7.803,84.5,39,0.0,0.0,
7.9.2026,22:58:21.810,7.5,3.1,8.320,392.6,41,0.0,0.0,
7.9.2026,22:58:22.023,15.5,9.1,8.991,515.3,68,0.0,0.0,
7.9.2026,22:58:22.234,0.0,3.4,8.273,110.8,70,0.0,0.0,
7.9.2026,22:58:22.445,7.7,6.7,7.281,169.7,40,0.0,0.0,
7.9.2026,22:58:22.643,0.6,4.6,8.113,134.2,40,0.0,0.0,
7.9.2026,22:58:22.849,4.6,6.1,9.159,75.6,71,0.0,0.0,
7.9.2026,22:58:23.056,17.3,22.1,20.474,769.8,60,0.0,0.0,
7.9.2026,22:58:23.264,18.3,19.3,16.859,539.3,68,0.0,0.0,
7.9.2026,22:58:23.477,5.3,4.9,8.218,258.3,69,0.0,0.0,
7.9.2026,22:58:23.673,7.4,2.0,7.114,457.3,41,0.0,0.0,
7.9.2026,22:58:23.887,5.7,9.3,8.562,117.8,39,0.0,0.0,
7.9.2026,22:58:24.093,7.2,7.9,7.844,167.8,40,0.0,0.0,
7.9.2026,22:58:24.301,2.1,2.5,7.984,140.9,40,0.0,0.0,
7.9.2026,22:58:24.497,3.1,4.2,7.993,189.7,40,0.0,0.0,
7.9.2026,22:58:24.707,6.6,8.9,8.534,110.4,72,0.0,0.0,
7.9.2026,22:58:24.912,0.5,3.8,8.019,94.2,72,0.0,0.0,
7.9.2026,22:58:25.119,12.8,6.2,10.802,650.3,59,0.0,0.0,
7.9.2026,22:58:25.331,15.4,9.1,8.883,316.8,69,0.0,0.0,
7.9.2026,22:58:25.541,0.0,4.7,8.141,102.5,70,0.0,0.0,
7.9.2026,22:58:25.737,2.7,3.1,8.459,182.4,71,0.0,0.0,
7.9.2026,22:58:25.944,16.3,13.1,9.662,588.9,71,0.0,0.0,
7.9.2026,22:58:26.151,9.5,12.2,12.969,407.9,62,0.0,0.0,
7.9.2026,22:58:26.349,15.4,14.3,13.766,355.8,71,0.0,0.0,
7.9.2026,22:58:26.554,1.1,4.7,8.634,225.0,69,0.0,0.0,
7.9.2026,22:58:26.745,3.6,4.7,8.354,208.7,69,0.0,0.0,
7.9.2026,22:58:26.956,10.5,11.1,9.153,182.6,61,0.0,0.0,
7.9.2026,22:58:27.162,0.0,1.8,7.181,77.1,72,0.0,0.0,
7.9.2026,22:58:27.370,3.4,4.1,9.236,202.7,70,0.0,0.0,
7.9.2026,22:58:27.580,22.3,7.6,8.744,830.0,68,0.0,0.0,
7.9.2026,22:58:27.787,8.9,4.4,7.979,499.2,66,0.0,0.0,
7.9.2026,22:58:27.992,4.9,5.3,8.802,153.5,68,0.0,0.0,
7.9.2026,22:58:28.187,2.4,1.2,7.947,129.9,70,0.0,0.0,
7.9.2026,22:58:28.392,13.1,13.7,9.023,153.6,66,0.0,0.0,
7.9.2026,22:58:28.603,3.4,4.2,8.267,190.0,68,0.0,0.0,
7.9.2026,22:58:28.792,2.3,5.1,9.243,172.6,64,0.0,0.0,
7.9.2026,22:58:29.002,10.1,10.1,9.988,175.5,47,0.0,0.0,
7.9.2026,22:58:29.208,0.3,3.7,10.075,122.8,46,0.0,0.0,
7.9.2026,22:58:29.417,0.5,4.5,9.785,68.9,47,0.0,0.0,
7.9.2026,22:58:29.624,8.6,7.8,9.810,130.3,47,0.0,0.0,
7.9.2026,22:58:29.839,3.4,8.0,10.327,211.1,42,0.0,0.0,
7.9.2026,22:58:30.045,7.3,6.6,9.939,177.2,70,0.0,0.0,
7.9.2026,22:58:30.258,11.5,3.5,8.011,558.7,59,0.0,0.0,
7.9.2026,22:58:30.457,0.0,1.6,7.377,134.5,68,0.0,0.0,
7.9.2026,22:58:30.656,12.8,5.0,8.066,558.6,67,0.0,0.0,
7.9.2026,22:58:30.865,8.2,8.8,7.866,102.9,71,0.0,0.0,
7.9.2026,22:58:31.070,3.5,1.6,7.786,177.4,68,0.0,0.0,
7.9.2026,22:58:31.261,5.8,6.3,7.786,279.0,66,0.0,0.0,
7.9.2026,22:58:31.475,4.4,7.1,8.609,94.7,65,0.0,0.0,
7.9.2026,22:58:31.671,2.0,1.2,8.609,135.8,71,0.0,0.0,
7.9.2026,22:58:31.878,3.3,9.0,7.354,107.4,68,0.0,0.0,
7.9.2026,22:58:32.089,5.0,3.3,8.950,112.7,71,0.0,0.0,
7.9.2026,22:58:32.277,2.4,2.9,7.505,171.0,72,0.0,0.0,
7.9.2026,22:58:32.490,8.4,14.5,8.405,97.3,64,0.0,0.0,
7.9.2026,22:58:32.692,1.2,0.7,6.992,207.1,65,0.0,0.0,
7.9.2026,22:58:32.886,3.9,3.4,7.918,133.1,71,0.0,0.0,
7.9.2026,22:58:33.098,16.1,14.1,10.313,494.7,63,0.0,0.0,
7.9.2026,22:58:33.311,0.4,1.6,10.313,164.2,62,0.0,0.0,
7.9.2026,22:58:33.525,6.5,4.2,7.182,80.1,65,0.0,0.0,
7.9.2026,22:58:33.723,0.0,2.0,6.634,125.5,40,0.0,0.0,
7.9.2026,22:58:33.920,8.2,7.5,8.632,294.8,40,0.0,0.0,
7.9.2026,22:58:34.126,13.8,7.7,8.684,484.4,66,0.0,0.0,
7.9.2026,22:58:34.323,2.9,3.3,8.016,112.0,68,0.0,0.0,
7.9.2026,22:58:34.531,19.4,5.7,8.669,769.5,63,0.0,0.0,
7.9.2026,22:58:34.741,3.7,6.4,8.390,221.0,66,0.0,0.0,
7.9.2026,22:58:34.948,0.0,3.9,7.844,68.0,59,0.0,0.0,
7.9.2026,22:58:35.157,7.8,6.0,7.724,124.9,63,0.0,0.0,
7.9.2026,22:58:35.367,0.1,1.9,7.764,86.1,68,0.0,0.0,
7.9.2026,22:58:35.567,0.0,5.8,7.720,73.1,58,0.0,0.0,
7.9.2026,22:58:35.764,5.6,5.8,8.159,136.5,58,0.0,0.0,
7.9.2026,22:58:35.973,10.2,8.1,8.322,282.7,67,0.0,0.0,
7.9.2026,22:58:36.169,0.0,1.9,7.731,70.9,59,0.0,0.0,
7.9.2026,22:58:36.383,6.9,7.3,8.308,153.4,45,0.0,0.0,
7.9.2026,22:58:36.575,0.0,3.3,7.803,123.9,59,0.0,0.0,
7.9.2026,22:58:36.792,9.1,8.1,7.799,150.5,42,0.0,0.0,
7.9.2026,22:58:37.002,3.7,4.0,7.774,87.3,57,0.0,0.0,
7.9.2026,22:58:37.209,2.6,5.1,7.949,162.1,67,0.0,0.0,
7.9.2026,22:58:37.406,2.1,1.7,7.790,169.8,62,0.0,0.0,
7.9.2026,22:58:37.627,6.0,7.8,7.637,94.7,58,0.0,0.0,
7.9.2026,22:58:37.840,3.3,5.2,6.579,123.5,68,0.0,0.0,
7.9.2026,22:58:38.054,6.1,5.1,7.108,103.8,39,0.0,0.0,
7.9.2026,22:58:38.260,5.4,4.8,7.778,92.6,39,0.0,0.0,
7.9.2026,22:58:38.473,3.5,5.7,7.856,156.4,38,0.0,0.0,
7.9.2026,22:58:38.680,3.0,5.0,7.981,170.5,39,0.0,0.0,
7.9.2026,22:58:38.874,3.0,5.0,7.872,170.5,39,0.0,0.0,
7.9.2026,22:58:39.088,0.0,3.5,7.833,139.5,39,0.0,0.0,
7.9.2026,22:58:39.288,4.3,6.5,8.031,83.0,39,0.0,0.0,
7.9.2026,22:58:39.494,9.7,9.3,7.837,143.9,39,0.0,0.0,
7.9.2026,22:58:39.706,0.0,3.6,8.072,124.8,39,0.0,0.0,
7.9.2026,22:58:39.900,0.0,3.6,7.464,124.8,39,0.0,0.0,
7.9.2026,22:58:40.113,6.2,3.8,7.931,432.7,40,0.0,0.0,
7.9.2026,22:58:40.309,6.2,3.8,8.079,432.7,39,0.0,0.0,
7.9.2026,22:58:40.515,12.4,7.6,9.158,364.9,39,0.0,0.0,
7.9.2026,22:58:40.722,1.5,3.0,7.819,136.4,39,0.0,0.0,
7.9.2026,22:58:40.916,2.7,4.2,7.671,136.5,39,0.0,0.0,
7.9.2026,22:58:41.122,7.1,5.5,8.349,90.5,68,0.0,0.0,
7.9.2026,22:58:41.333,9.6,4.6,7.924,446.6,68,0.0,0.0,
7.9.2026,22:58:41.537,6.9,3.5,7.581,399.0,68,0.0,0.0,
7.9.2026,22:58:41.746,3.9,5.6,7.070,93.7,40,0.0,0.0,
7.9.2026,22:58:41.964,6.4,8.1,8.425,92.5,70,0.0,0.0,
7.9.2026,22:58:42.154,0.0,2.1,6.751,107.1,39,0.0,0.0,
7.9.2026,22:58:42.362,8.1,9.7,8.960,141.8,68,0.0,0.0,
7.9.2026,22:58:42.570,1.9,7.0,7.289,94.7,70,0.0,0.0,
7.9.2026,22:58:42.770,1.4,2.3,7.884,135.4,68,0.0,0.0,
7.9.2026,22:58:42.984,6.1,7.8,7.597,100.2,67,0.0,0.0,
7.9.2026,22:58:43.197,1.1,3.2,8.074,211.1,39,0.0,0.0,
7.9.2026,22:58:43.394,6.5,6.5,8.074,133.8,39,0.0,0.0,
7.9.2026,22:58:43.604,8.6,6.3,8.633,168.7,39,0.0,0.0,
7.9.2026,22:58:43.816,0.0,3.1,7.848,173.9,39,0.0,0.0,
7.9.2026,22:58:44.027,1.2,3.2,7.895,107.0,39,0.0,0.0,
7.9.2026,22:58:44.249,5.4,5.1,7.664,129.7,39,0.0,0.0,
7.9.2026,22:58:44.467,12.6,6.9,7.906,567.3,39,0.0,0.0,
7.9.2026,22:58:44.675,19.7,5.2,7.344,791.3,39,0.0,0.0,
7.9.2026,22:58:44.889,9.9,2.2,7.678,518.4,39,0.0,0.0,
7.9.2026,22:58:45.095,6.6,4.8,7.582,91.1,39,0.0,0.0,
7.9.2026,22:58:45.302,2.7,4.9,7.636,149.3,38,0.0,0.0,
7.9.2026,22:58:45.499,5.5,5.5,7.583,100.7,38,0.0,0.0,
7.9.2026,22:58:45.711,1.1,2.9,8.013,187.5,39,0.0,0.0,
7.9.2026,22:58:45.907,5.8,8.1,8.013,96.9,39,0.0,0.0,
7.9.2026,22:58:46.115,1.1,3.1,8.087,112.4,39,0.0,0.0,
7.9.2026,22:58:46.322,4.1,6.6,8.369,213.7,39,0.0,0.0,
7.9.2026,22:58:46.534,9.4,7.8,8.567,267.5,39,0.0,0.0,
7.9.2026,22:58:46.744,11.5,5.2,8.181,543.2,38,0.0,0.0,
7.9.2026,22:58:46.939,5.9,6.9,8.254,139.6,39,0.0,0.0,
7.9.2026,22:58:47.145,1.8,3.0,8.182,115.0,39,0.0,0.0,
7.9.2026,22:58:47.351,2.4,4.8,7.655,127.0,38,0.0,0.0,
7.9.2026,22:58:47.551,6.6,5.5,7.889,148.3,39,0.0,0.0,
7.9.2026,22:58:47.763,1.3,2.6,8.081,98.6,39,0.0,0.0,
7.9.2026,22:58:47.972,7.4,10.2,8.289,153.0,39,0.0,0.0,
7.9.2026,22:58:48.179,0.0,1.6,7.928,86.1,39,0.0,0.0,
7.9.2026,22:58:48.371,3.6,5.5,7.699,182.9,39,0.0,0.0,
7.9.2026,22:58:48.584,5.5,5.1,8.211,90.4,39,0.0,0.0,
7.9.2026,22:58:48.780,8.7,5.9,7.499,168.3,39,0.0,0.0,
7.9.2026,22:58:49.001,0.6,3.6,8.146,190.1,39,0.0,0.0,
7.9.2026,22:58:49.206,4.9,6.4,8.284,97.2,39,0.0,0.0,
7.9.2026,22:58:49.403,7.6,6.5,7.132,176.2,39,0.0,0.0,
7.9.2026,22:58:49.616,1.6,2.3,7.677,134.7,39,0.0,0.0,
7.9.2026,22:58:49.822,0.0,2.5,7.969,52.6,39,0.0,0.0,
7.9.2026,22:58:50.032,8.1,7.3,7.524,92.4,40,0.0,0.0,
7.9.2026,22:58:50.239,1.0,5.2,7.794,97.2,39,0.0,0.0,
7.9.2026,22:58:50.441,7.0,3.3,8.059,108.0,39,0.0,0.0,
7.9.2026,22:58:50.654,0.0,4.4,8.104,104.5,38,0.0,0.0,
7.9.2026,22:58:50.867,8.2,5.6,8.000,212.0,40,0.0,0.0,
7.9.2026,22:58:51.064,4.6,4.1,8.187,92.0,38,0.0,0.0,
7.9.2026,22:58:51.272,0.0,3.9,7.495,109.6,39,0.0,0.0,
7.9.2026,22:58:51.474,1.1,4.5,7.939,135.2,39,0.0,0.0,
7.9.2026,22:58:51.685,4.8,8.6,7.969,108.1,39,0.0,0.0,
7.9.2026,22:58:51.902,7.9,5.0,7.512,159.2,38,0.0,0.0,
7.9.2026,22:58:52.111,6.1,5.5,8.355,173.7,38,0.0,0.0,
7.9.2026,22:58:52.320,0.7,8.0,7.846,124.7,38,0.0,0.0,
7.9.2026,22:58:52.516,1.7,3.5,7.712,150.6,39,0.0,0.0,
7.9.2026,22:58:52.714,5.5,5.5,7.563,130.8,38,0.0,0.0,
7.9.2026,22:58:52.922,6.7,6.9,8.109,136.4,39,0.0,0.0,
7.9.2026,22:58:53.136,1.5,2.6,8.148,99.8,39,0.0,0.0,
7.9.2026,22:58:53.349,5.2,10.7,8.081,85.9,39,0.0,0.0,
7.9.2026,22:58:53.555,0.1,3.3,8.078,160.4,42,0.0,0.0,
7.9.2026,22:58:53.745,1.9,4.0,9.579,80.5,39,0.0,0.0,
7.9.2026,22:58:53.960,9.3,6.6,7.664,150.3,40,0.0,0.0,
7.9.2026,22:58:54.154,0.0,3.5,7.916,121.8,45,0.0,0.0,
7.9.2026,22:58:54.362,6.4,9.4,8.606,82.4,39,0.0,0.0,
7.9.2026,22:58:54.574,2.0,3.2,9.101,95.6,39,0.0,0.0,
7.9.2026,22:58:54.788,6.6,10.9,8.743,130.9,40,0.0,0.0,
7.9.2026,22:58:54.992,0.0,1.7,7.849,183.2,39,0.0,0.0,
7.9.2026,22:58:55.187,4.4,4.9,9.272,121.0,41,0.0,0.0,
7.9.2026,22:58:55.393,6.5,6.7,8.631,140.5,40,0.0,0.0,
7.9.2026,22:58:55.600,1.8,4.8,8.842,117.1,41,0.0,0.0,
7.9.2026,22:58:55.809,1.2,2.5,8.575,89.1,39,0.0,0.0,
7.9.2026,22:58:56.016,9.1,8.5,8.046,161.5,39,0.0,0.0,
7.9.2026,22:58:56.225,0.5,5.1,8.307,95.3,39,0.0,0.0,
7.9.2026,22:58:56.416,1.4,4.1,8.096,125.4,39,0.0,0.0,
7.9.2026,22:58:56.628,6.5,12.0,8.887,63.7,39,0.0,0.0,
7.9.2026,22:58:56.836,0.0,2.0,8.504,69.5,39,0.0,0.0,
7.9.2026,22:58:57.041,1.2,4.0,8.605,136.9,38,0.0,0.0,
7.9.2026,22:58:57.249,12.4,11.6,10.765,249.5,40,0.0,0.0,
7.9.2026,22:58:57.459,0.7,5.6,8.524,122.2,40,0.0,0.0,
7.9.2026,22:58:57.665,0.0,4.7,10.316,64.4,39,0.0,0.0,
7.9.2026,22:58:57.854,9.3,11.9,10.261,127.0,38,0.0,0.0,
7.9.2026,22:58:58.063,1.6,6.0,11.045,109.1,39,0.0,0.0,
7.9.2026,22:58:58.269,12.4,5.7,11.043,611.2,39,0.0,0.0,
7.9.2026,22:58:58.484,11.4,5.1,10.612,571.1,39,0.0,0.0,
7.9.2026,22:58:58.696,18.2,8.8,10.429,780.3,40,0.0,0.0,
7.9.2026,22:58:58.892,5.1,5.5,10.429,70.1,40,0.0,0.0,
7.9.2026,22:58:59.096,0.0,4.7,8.980,156.2,40,0.0,0.0,
7.9.2026,22:58:59.296,3.3,4.4,8.502,76.2,40,0.0,0.0,
7.9.2026,22:58:59.514,5.9,4.7,8.231,132.9,39,0.0,0.0,
7.9.2026,22:58:59.727,5.6,8.1,8.686,97.1,40,0.0,0.0,
7.9.2026,22:58:59.932,0.0,2.4,7.766,77.0,41,0.0,0.0,
7.9.2026,22:59:0.143,10.7,6.9,8.608,198.2,38,0.0,0.0,
7.9.2026,22:59:0.340,15.9,6.0,8.608,856.4,44,0.0,0.0,
7.9.2026,22:59:0.552,9.1,5.6,9.991,227.9,40,0.0,0.0,
7.9.2026,22:59:0.748,0.0,5.0,8.393,78.3,40,0.0,0.0,
7.9.2026,22:59:0.955,8.3,6.5,8.384,198.6,39,0.0,0.0,
7.9.2026,22:59:1.168,1.0,2.6,8.878,104.3,39,0.0,0.0,
7.9.2026,22:59:1.379,6.7,7.2,8.325,199.0,39,0.0,0.0,
7.9.2026,22:59:1.591,1.8,4.0,8.823,146.4,39,0.0,0.0,
7.9.2026,22:59:1.803,7.0,8.2,8.615,131.2,39,0.0,0.0,
7.9.2026,22:59:2.002,3.8,3.5,8.569,346.4,40,0.0,0.0,
7.9.2026,22:59:2.199,4.3,5.3,7.664,84.5,45,0.0,0.0,
7.9.2026,22:59:2.410,6.5,9.8,8.092,113.3,44,0.0,0.0,
7.9.2026,22:59:2.618,0.0,2.9,8.751,137.7,45,0.0,0.0,
7.9.2026,22:59:2.810,8.5,7.5,10.078,152.7,45,0.0,0.0,
7.9.2026,22:59:3.018,0.6,3.9,9.793,102.4,39,0.0,0.0,
7.9.2026,22:59:3.229,1.0,5.3,9.487,117.0,40,0.0,0.0,
7.9.2026,22:59:3.418,7.5,8.0,10.110,115.8,41,0.0,0.0,
7.9.2026,22:59:3.635,1.9,4.3,10.071,129.0,45,0.0,0.0,
7.9.2026,22:59:3.846,15.3,8.9,8.531,571.0,43,0.0,0.0,
7.9.2026,22:59:4.052,5.1,5.3,9.798,218.1,41,0.0,0.0,
7.9.2026,22:59:4.245,3.2,3.5,9.784,142.7,41,0.0,0.0,
7.9.2026,22:59:4.458,8.9,10.4,8.581,140.1,40,0.0,0.0,
7.9.2026,22:59:4.654,0.0,3.1,8.723,142.8,40,0.0,0.0,
7.9.2026,22:59:4.860,7.7,9.0,7.830,173.2,40,0.0,0.0,
7.9.2026,22:59:5.071,2.9,2.8,8.698,159.3,40,0.0,0.0,
7.9.2026,22:59:5.267,0.0,2.6,8.292,80.1,45,0.0,0.0,
7.9.2026,22:59:5.478,6.8,7.9,9.019,123.8,45,0.0,0.0,
7.9.2026,22:59:5.689,2.0,2.9,8.048,143.2,44,0.0,0.0,
7.9.2026,22:59:5.906,5.6,4.7,7.629,120.7,44,0.0,0.0,
7.9.2026,22:59:6.117,5.2,7.0,7.354,129.1,42,0.0,0.0,
7.9.2026,22:59:6.311,0.2,2.8,9.948,118.6,41,0.0,0.0,
7.9.2026,22:59:6.516,7.0,9.2,8.846,93.2,39,0.0,0.0,
7.9.2026,22:59:6.725,3.0,3.6,8.861,162.2,39,0.0,0.0,
7.9.2026,22:59:6.919,0.2,3.4,8.667,67.0,39,0.0,0.0,
7.9.2026,22:59:7.124,7.4,10.4,8.555,129.5,39,0.0,0.0,
7.9.2026,22:59:7.333,2.0,3.8,8.916,112.2,39,0.0,0.0,
7.9.2026,22:59:7.538,2.5,4.7,8.867,143.4,39,0.0,0.0,
7.9.2026,22:59:7.732,2.6,4.4,9.405,165.3,39,0.0,0.0,
7.9.2026,22:59:7.942,9.2,8.4,8.314,113.4,39,0.0,0.0,
7.9.2026,22:59:8.148,2.4,6.0,8.314,208.0,39,0.0,0.0,
7.9.2026,22:59:8.343,12.3,10.5,9.101,276.1,39,0.0,0.0,
7.9.2026,22:59:8.557,0.0,1.9,8.480,93.8,39,0.0,0.0,
7.9.2026,22:59:8.747,8.3,6.2,7.505,117.9,39,0.0,0.0,
7.9.2026,22:59:8.957,9.4,4.3,7.700,508.1,39,0.0,0.0,
7.9.2026,22:59:9.157,12.3,9.1,7.751,429.2,39,0.0,0.0,
7.9.2026,22:59:9.372,0.0,2.2,8.003,94.3,39,0.0,0.0,
7.9.2026,22:59:9.586,5.5,5.9,7.650,130.1,39,0.0,0.0,
7.9.2026,22:59:9.776,8.1,4.5,7.663,138.7,39,0.0,0.0,
7.9.2026,22:59:9.994,1.7,7.8,7.696,135.3,39,0.0,0.0,
7.9.2026,22:59:10.184,7.3,5.7,7.542,183.6,39,0.0,0.0,
7.9.2026,22:59:10.396,4.2,4.6,7.791,281.1,39,0.0,0.0,
7.9.2026,22:59:10.590,7.7,4.9,8.528,183.7,39,0.0,0.0,
7.9.2026,22:59:10.808,1.8,5.3,7.736,156.3,41,0.0,0.0,
7.9.2026,22:59:11.014,5.1,5.9,7.547,93.5,39,0.0,0.0,
7.9.2026,22:59:11.222,2.1,5.4,9.825,150.1,39,0.0,0.0,
7.9.2026,22:59:11.416,5.2,8.4,9.986,81.9,39,0.0,0.0,
7.9.2026,22:59:11.627,4.2,5.8,9.107,166.8,39,0.0,0.0,
7.9.2026,22:59:11.831,1.0,3.3,8.580,132.6,38,0.0,0.0,
7.9.2026,22:59:12.039,1.5,5.2,8.789,125.2,39,0.0,0.0,
7.9.2026,22:59:12.231,7.1,7.0,8.780,101.6,39,0.0,0.0,
7.9.2026,22:59:12.438,3.7,7.7,9.247,151.3,39,0.0,0.0,
7.9.2026,22:59:12.650,0.7,2.8,8.567,137.0,39,0.0,0.0,
7.9.2026,22:59:12.842,6.7,7.6,7.499,88.7,40,0.0,0.0,
7.9.2026,22:59:13.049,1.2,3.7,8.202,67.9,40,0.0,0.0,
7.9.2026,22:59:13.255,2.7,4.6,9.118,167.8,39,0.0,0.0,
7.9.2026,22:59:13.449,0.5,5.4,8.380,85.8,39,0.0,0.0,
7.9.2026,22:59:13.658,5.6,6.4,8.636,87.3,39,0.0,0.0,
7.9.2026,22:59:13.866,2.0,5.9,8.686,130.5,39,0.0,0.0,
7.9.2026,22:59:14.065,3.9,7.1,8.686,70.9,39,0.0,0.0,
7.9.2026,22:59:14.272,2.4,8.4,9.211,149.8,39,0.0,0.0,
7.9.2026,22:59:14.479,10.0,7.0,9.694,156.9,39,0.0,0.0,
7.9.2026,22:59:14.688,4.5,7.7,8.831,351.1,39,0.0,0.0,
7.9.2026,22:59:14.898,0.0,4.1,9.030,86.6,38,0.0,0.0,
7.9.2026,22:59:15.093,0.0,4.1,8.637,86.6,39,0.0,0.0,
7.9.2026,22:59:15.298,7.9,9.7,8.729,76.6,38,0.0,0.0,
7.9.2026,22:59:15.512,2.3,4.1,7.653,152.7,39,0.0,0.0,
7.9.2026,22:59:15.722,5.9,4.7,7.539,91.6,39,0.0,0.0,
7.9.2026,22:59:15.938,5.9,7.0,7.731,116.1,39,0.0,0.0,
7.9.2026,22:59:16.150,1.4,3.9,9.187,263.5,38,0.0,0.0,
7.9.2026,22:59:16.339,1.4,3.9,9.187,263.5,38,0.0,0.0,
7.9.2026,22:59:16.557,0.0,0.1,7.776,127.3,39,0.0,0.0,
7.9.2026,22:59:16.752,0.0,0.1,7.776,127.3,39,0.0,0.0,
7.9.2026,22:59:16.966,13.8,8.5,9.332,430.1,39,0.0,0.0,
7.9.2026,22:59:17.171,6.0,5.9,7.643,141.7,39,0.0,0.0,
7.9.2026,22:59:17.385,5.0,8.4,8.000,87.0,39,0.0,0.0,
7.9.2026,22:59:17.598,1.0,4.5,8.056,190.0,38,0.0,0.0,
7.9.2026,22:59:17.805,2.0,3.4,7.789,132.9,39,0.0,0.0,
7.9.2026,22:59:17.997,7.3,5.6,7.789,72.2,39,0.0,0.0,
7.9.2026,22:59:18.210,0.0,2.5,7.929,89.1,38,0.0,0.0,
7.9.2026,22:59:18.404,9.1,11.4,8.074,186.4,39,0.0,0.0,
7.9.2026,22:59:18.613,0.5,3.0,9.452,63.0,40,0.0,0.0,
7.9.2026,22:59:18.821,1.2,5.8,7.909,160.4,39,0.0,0.0,
7.9.2026,22:59:19.016,1.2,5.8,8.438,160.4,39,0.0,0.0,
7.9.2026,22:59:19.225,6.5,8.8,8.345,110.9,39,0.0,0.0,
7.9.2026,22:59:19.431,2.4,3.1,8.384,149.8,39,0.0,0.0,
7.9.2026,22:59:19.647,0.0,2.9,7.743,102.8,39,0.0,0.0,
7.9.2026,22:59:19.842,0.0,2.9,8.656,102.8,39,0.0,0.0,
7.9.2026,22:59:20.051,7.3,7.1,8.318,132.4,40,0.0,0.0,
7.9.2026,22:59:20.246,0.8,4.1,9.562,138.8,39,0.0,0.0,
7.9.2026,22:59:20.458,9.2,11.5,10.178,229.9,68,0.0,0.0,
7.9.2026,22:59:20.664,6.5,4.1,8.407,352.6,70,0.0,0.0,
7.9.2026,22:59:20.856,5.0,8.0,11.021,297.0,67,0.0,0.0,
7.9.2026,22:59:21.068,17.0,12.0,9.098,810.6,62,0.0,0.0,
7.9.2026,22:59:21.275,8.5,2.7,9.104,197.1,59,0.0,0.0,
7.9.2026,22:59:21.485,8.7,7.6,8.411,141.0,65,0.0,0.0,
7.9.2026,22:59:21.694,1.7,5.5,9.075,120.7,48,0.0,0.0,
7.9.2026,22:59:21.884,3.5,3.9,9.051,260.1,50,0.0,0.0,
7.9.2026,22:59:22.106,17.7,5.7,8.397,532.2,40,0.0,0.0,
7.9.2026,22:59:22.312,1.8,4.5,8.458,462.3,59,0.0,0.0,
7.9.2026,22:59:22.522,13.6,5.6,8.527,620.7,60,0.0,0.0,
7.9.2026,22:59:22.722,12.1,5.1,8.371,331.4,46,0.0,0.0,
7.9.2026,22:59:22.938,20.5,7.7,11.067,898.2,62,0.0,0.0,
7.9.2026,22:59:23.146,6.7,5.6,7.152,100.0,67,0.0,0.0,
7.9.2026,22:59:23.352,1.3,1.2,7.722,155.8,67,0.0,0.0,
7.9.2026,22:59:23.545,2.7,4.9,7.944,134.5,66,0.0,0.0,
7.9.2026,22:59:23.756,7.5,11.6,9.013,76.1,65,0.0,0.0,
7.9.2026,22:59:23.964,1.8,1.3,9.802,179.7,68,0.0,0.0,
7.9.2026,22:59:24.173,6.7,8.3,9.218,76.0,65,0.0,0.0,
7.9.2026,22:59:24.393,0.0,4.9,8.948,71.1,68,0.0,0.0,
7.9.2026,22:59:24.607,7.5,5.8,7.733,177.5,40,0.0,0.0,
7.9.2026,22:59:24.824,13.5,8.6,8.246,571.2,40,0.0,0.0,
7.9.2026,22:59:25.034,0.0,2.1,8.119,66.1,39,0.0,0.0,
7.9.2026,22:59:25.241,0.1,3.6,7.346,67.7,38,0.0,0.0,
7.9.2026,22:59:25.436,15.6,6.4,7.435,515.6,39,0.0,0.0,
7.9.2026,22:59:25.649,0.0,3.7,7.601,98.7,38,0.0,0.0,
7.9.2026,22:59:25.840,0.0,3.7,7.663,98.7,38,0.0,0.0,
7.9.2026,22:59:26.049,6.1,5.3,8.055,167.0,39,0.0,0.0,
7.9.2026,22:59:26.257,0.0,1.4,7.252,112.7,39,0.0,0.0,
7.9.2026,22:59:26.450,9.8,9.9,8.252,202.7,39,0.0,0.0,
7.9.2026,22:59:26.659,2.5,5.8,9.222,179.0,39,0.0,0.0,
7.9.2026,22:59:26.872,8.7,7.4,7.877,209.5,39,0.0,0.0,
7.9.2026,22:59:27.078,2.7,3.7,7.490,143.5,41,0.0,0.0,
7.9.2026,22:59:27.278,4.7,8.7,8.026,77.9,39,0.0,0.0,
7.9.2026,22:59:27.492,1.1,3.2,7.842,199.6,39,0.0,0.0,
7.9.2026,22:59:27.689,7.2,8.6,8.100,106.7,38,0.0,0.0,
7.9.2026,22:59:27.896,0.0,2.2,7.821,128.4,38,0.0,0.0,
7.9.2026,22:59:28.104,10.7,9.3,7.808,226.5,39,0.0,0.0,
7.9.2026,22:59:28.315,0.4,3.3,8.579,136.9,40,0.0,0.0,
7.9.2026,22:59:28.513,8.0,4.4,7.855,196.3,39,0.0,0.0,
7.9.2026,22:59:28.723,0.8,7.5,8.353,179.5,39,0.0,0.0,
7.9.2026,22:59:28.924,5.3,7.7,9.210,127.9,39,0.0,0.0,
7.9.2026,22:59:29.132,7.0,3.1,7.970,352.3,39,0.0,0.0,
7.9.2026,22:59:29.323,7.0,3.1,8.504,352.3,39,0.0,0.0,
7.9.2026,22:59:29.534,10.2,10.7,8.194,200.8,39,0.0,0.0,
7.9.2026,22:59:29.738,2.7,1.7,8.025,136.2,39,0.0,0.0,
7.9.2026,22:59:29.946,6.0,7.6,9.714,286.3,39,0.0,0.0,
7.9.2026,22:59:30.143,1.6,4.0,7.613,160.0,39,0.0,0.0,
7.9.2026,22:59:30.349,5.8,6.4,7.865,78.0,39,0.0,0.0,
7.9.2026,22:59:30.544,4.4,7.5,8.663,214.9,40,0.0,0.0,
7.9.2026,22:59:30.757,7.3,5.8,8.546,116.1,68,0.0,0.0,
7.9.2026,22:59:30.964,1.1,3.9,7.858,142.3,70,0.0,0.0,
7.9.2026,22:59:31.176,10.6,8.0,7.896,230.7,68,0.0,0.0,
7.9.2026,22:59:31.373,0.1,1.9,7.258,126.6,66,0.0,0.0,
7.9.2026,22:59:31.585,6.9,8.2,9.291,162.0,60,0.0,0.0,
7.9.2026,22:59:31.799,0.0,2.2,7.009,85.9,68,0.0,0.0,
7.9.2026,22:59:32.005,5.9,5.4,6.548,86.6,39,0.0,0.0,
7.9.2026,22:59:32.213,1.8,3.3,7.794,135.8,39,0.0,0.0,
7.9.2026,22:59:32.424,10.3,8.2,7.949,197.3,39,0.0,0.0,
7.9.2026,22:59:32.631,0.8,4.6,8.114,128.8,39,0.0,0.0,
7.9.2026,22:59:32.836,1.8,7.9,8.156,128.8,39,0.0,0.0,
7.9.2026,22:59:33.027,3.8,4.0,7.677,158.1,38,0.0,0.0,
7.9.2026,22:59:33.235,8.9,9.4,9.131,139.1,67,0.0,0.0,
7.9.2026,22:59:33.452,0.0,3.0,7.546,62.3,70,0.0,0.0,
7.9.2026,22:59:33.666,1.2,3.2,7.304,205.3,39,0.0,0.0,
7.9.2026,22:59:33.856,1.2,3.2,8.030,205.3,39,0.0,0.0,
7.9.2026,22:59:34.067,8.3,7.9,7.813,136.7,39,0.0,0.0,
7.9.2026,22:59:34.280,7.1,3.7,9.486,164.9,38,0.0,0.0,
7.9.2026,22:59:34.495,1.6,5.0,8.143,208.6,38,0.0,0.0,
7.9.2026,22:59:34.692,5.0,6.1,8.624,73.5,39,0.0,0.0,
7.9.2026,22:59:34.899,0.8,4.0,7.368,124.9,38,0.0,0.0,
7.9.2026,22:59:35.102,5.9,4.1,7.704,145.8,38,0.0,0.0,
7.9.2026,22:59:35.292,9.1,8.3,7.947,175.7,39,0.0,0.0,
7.9.2026,22:59:35.503,0.0,1.2,7.972,106.4,38,0.0,0.0,
7.9.2026,22:59:35.701,5.9,6.9,8.002,106.3,39,0.0,0.0,
7.9.2026,22:59:35.912,1.3,6.6,8.307,144.4,39,0.0,0.0,
7.9.2026,22:59:36.118,1.4,3.9,8.072,134.1,39,0.0,0.0,
7.9.2026,22:59:36.309,1.4,3.9,8.072,134.1,39,0.0,0.0,
7.9.2026,22:59:36.519,7.6,10.1,7.989,79.0,38,0.0,0.0,
7.9.2026,22:59:36.726,6.1,4.3,8.270,342.7,39,0.0,0.0,
7.9.2026,22:59:36.920,1.9,7.9,8.110,97.3,38,0.0,0.0,
7.9.2026,22:59:37.134,7.4,9.1,8.989,121.3,68,0.0,0.0,
7.9.2026,22:59:37.325,0.0,1.8,7.719,149.8,67,0.0,0.0,
7.9.2026,22:59:37.532,14.7,10.1,8.884,418.8,64,0.0,0.0,
7.9.2026,22:59:37.744,6.2,4.8,8.658,337.8,46,0.0,0.0,
7.9.2026,22:59:37.957,6.4,5.8,8.448,125.9,67,0.0,0.0,
7.9.2026,22:59:38.164,0.0,3.5,8.448,387.3,55,0.0,0.0,
7.9.2026,22:59:38.359,10.3,4.7,9.154,174.5,67,0.0,0.0,
7.9.2026,22:59:38.578,8.0,10.2,9.068,160.7,62,0.0,0.0,
7.9.2026,22:59:38.786,9.3,4.1,7.359,291.4,66,0.0,0.0,
7.9.2026,22:59:38.995,0.1,2.1,6.666,135.6,39,0.0,0.0,
7.9.2026,22:59:39.207,9.4,5.2,7.760,142.5,38,0.0,0.0,
7.9.2026,22:59:39.406,0.0,7.2,9.917,179.4,39,0.0,0.0,
7.9.2026,22:59:39.618,7.0,9.6,8.293,148.8,40,0.0,0.0,
7.9.2026,22:59:39.812,0.0,1.5,7.751,133.5,39,0.0,0.0,
7.9.2026,22:59:40.025,7.5,7.9,8.525,106.4,68,0.0,0.0,
7.9.2026,22:59:40.215,6.0,3.0,6.436,448.0,39,0.0,0.0,
7.9.2026,22:59:40.428,8.4,9.1,8.942,83.2,69,0.0,0.0,
7.9.2026,22:59:40.625,1.1,3.2,8.399,224.1,67,0.0,0.0,
7.9.2026,22:59:40.835,6.5,9.4,8.886,122.3,67,0.0,0.0,
7.9.2026,22:59:41.028,0.6,2.7,7.859,118.4,53,0.0,0.0,
7.9.2026,22:59:41.243,8.8,7.8,7.747,145.1,41,0.0,0.0,
7.9.2026,22:59:41.440,0.0,3.5,7.787,104.9,40,0.0,0.0,
7.9.2026,22:59:41.644,5.3,5.5,7.923,99.1,39,0.0,0.0,
7.9.2026,22:59:41.852,2.5,6.7,7.800,91.3,39,0.0,0.0,
7.9.2026,22:59:42.046,15.2,1.9,7.618,773.1,38,0.0,0.0,
7.9.2026,22:59:42.260,8.5,7.1,7.618,170.8,39,0.0,0.0,
7.9.2026,22:59:42.453,6.2,6.3,7.834,114.2,39,0.0,0.0,
7.9.2026,22:59:42.662,2.7,5.6,8.486,162.3,39,0.0,0.0,
7.9.2026,22:59:42.872,1.4,4.4,7.602,141.7,39,0.0,0.0,
7.9.2026,22:59:43.081,15.5,5.8,7.635,531.1,39,0.0,0.0,
7.9.2026,22:59:43.286,2.8,3.8,7.468,163.8,38,0.0,0.0,
7.9.2026,22:59:43.500,1.2,6.5,7.940,94.6,40,0.0,0.0,
7.9.2026,22:59:43.713,8.6,9.0,7.789,169.7,39,0.0,0.0,
7.9.2026,22:59:43.904,14.4,4.7,7.767,545.9,39,0.0,0.0,
7.9.2026,22:59:44.118,1.6,2.9,7.838,110.8,38,0.0,0.0,
7.9.2026,22:59:44.314,8.0,6.6,7.927,200.6,39,0.0,0.0,
7.9.2026,22:59:44.530,8.2,5.8,9.762,534.4,38,0.0,0.0,
7.9.2026,22:59:44.736,10.9,8.8,8.402,319.2,38,0.0,0.0,
7.9.2026,22:59:44.949,0.5,3.3,7.944,109.8,39,0.0,0.0,
7.9.2026,22:59:45.160,7.4,9.3,7.464,105.7,38,0.0,0.0,
7.9.2026,22:59:45.368,0.0,2.9,7.572,131.2,39,0.0,0.0,
7.9.2026,22:59:45.579,12.6,7.2,9.690,373.2,39,0.0,0.0,
7.9.2026,22:59:45.784,0.4,3.2,9.377,119.8,39,0.0,0.0,
7.9.2026,22:59:45.985,10.6,7.6,9.588,538.3,39,0.0,0.0,
7.9.2026,22:59:46.191,4.8,5.5,9.307,121.8,38,0.0,0.0,
7.9.2026,22:59:46.387,0.1,4.6,7.712,72.8,39,0.0,0.0,
7.9.2026,22:59:46.598,5.8,5.7,7.819,85.0,39,0.0,0.0,
7.9.2026,22:59:46.813,0.0,2.0,8.538,135.3,39,0.0,0.0,
7.9.2026,22:59:47.027,5.7,6.7,7.440,66.8,40,0.0,0.0,
7.9.2026,22:59:47.234,6.1,6.2,7.754,128.9,40,0.0,0.0,
7.9.2026,22:59:47.451,0.8,1.7,7.528,98.0,39,0.0,0.0,
7.9.2026,22:59:47.669,4.5,7.6,8.007,116.6,42,0.0,0.0,
7.9.2026,22:59:47.883,5.3,6.6,7.565,132.5,58,0.0,0.0,
7.9.2026,22:59:48.084,0.0,2.0,6.803,76.2,70,0.0,0.0,
7.9.2026,22:59:48.285,4.1,3.9,7.843,158.6,70,0.0,0.0,
7.9.2026,22:59:48.484,4.9,8.8,7.573,88.4,53,0.0,0.0,
7.9.2026,22:59:48.699,3.7,6.9,9.825,90.1,65,0.0,0.0,
7.9.2026,22:59:48.913,6.9,1.6,8.509,518.5,39,0.0,0.0,
7.9.2026,22:59:49.115,5.8,5.1,7.718,140.7,40,0.0,0.0,
7.9.2026,22:59:49.323,9.1,6.8,8.068,202.0,39,0.0,0.0,
7.9.2026,22:59:49.532,1.9,4.1,7.978,144.6,39,0.0,0.0,
7.9.2026,22:59:49.738,8.7,4.4,7.375,401.8,39,0.0,0.0,
7.9.2026,22:59:49.950,9.3,6.8,9.403,183.1,38,0.0,0.0,
7.9.2026,22:59:50.164,0.0,3.2,7.558,151.6,39,0.0,0.0,
7.9.2026,22:59:50.361,6.4,5.3,7.947,94.8,39,0.0,0.0,
7.9.2026,22:59:50.567,13.0,5.4,7.676,593.7,39,0.0,0.0,
7.9.2026,22:59:50.765,13.0,5.4,8.129,593.7,39,0.0,0.0,
7.9.2026,22:59:50.975,7.3,7.8,8.215,177.7,39,0.0,0.0,
7.9.2026,22:59:51.171,6.8,1.9,7.609,411.4,39,0.0,0.0,
7.9.2026,22:59:51.385,13.1,8.9,7.719,396.5,39,0.0,0.0,
7.9.2026,22:59:51.591,5.2,7.5,7.601,120.8,39,0.0,0.0,
7.9.2026,22:59:51.801,12.1,3.6,9.870,536.0,38,0.0,0.0,
7.9.2026,22:59:52.000,0.6,2.6,9.870,139.4,39,0.0,0.0,
7.9.2026,22:59:52.211,4.6,8.7,7.852,77.6,38,0.0,0.0,
7.9.2026,22:59:52.403,1.0,3.7,9.004,163.8,38,0.0,0.0,
7.9.2026,22:59:52.611,17.6,10.3,10.201,540.2,67,0.0,0.0,
7.9.2026,22:59:52.823,1.5,7.2,9.767,149.7,67,0.0,0.0,
7.9.2026,22:59:53.018,5.9,5.2,8.927,145.2,65,0.0,0.0,
7.9.2026,22:59:53.224,12.1,9.2,8.927,692.1,53,0.0,0.0,
7.9.2026,22:59:53.416,10.1,4.3,9.367,121.8,58,0.0,0.0,
7.9.2026,22:59:53.624,14.5,10.8,9.829,399.0,41,0.0,0.0,
7.9.2026,22:59:53.835,5.4,8.6,9.360,119.7,50,0.0,0.0,
7.9.2026,22:59:54.045,0.0,3.6,9.784,88.7,44,0.0,0.0,
7.9.2026,22:59:54.256,7.8,9.2,9.882,142.7,45,0.0,0.0,
7.9.2026,22:59:54.453,0.7,2.6,9.520,185.8,58,0.0,0.0,
7.9.2026,22:59:54.674,5.8,8.4,7.958,103.4,58,0.0,0.0,
7.9.2026,22:59:54.871,6.3,4.1,8.133,261.6,70,0.0,0.0,
7.9.2026,22:59:55.089,6.7,6.2,8.800,131.4,67,0.0,0.0,
7.9.2026,22:59:55.298,3.8,5.2,7.177,96.5,39,0.0,0.0,
7.9.2026,22:59:55.509,3.9,6.7,8.464,206.6,39,0.0,0.0,
7.9.2026,22:59:55.717,6.0,9.2,7.885,86.2,39,0.0,0.0,
7.9.2026,22:59:55.938,3.6,3.9,7.736,172.3,39,0.0,0.0,
7.9.2026,22:59:56.150,0.0,6.3,9.499,104.3,39,0.0,0.0,
7.9.2026,22:59:56.356,11.0,6.3,8.179,211.3,39,0.0,0.0,
7.9.2026,22:59:56.569,0.3,3.4,7.949,101.1,39,0.0,0.0,
7.9.2026,22:59:56.775,5.8,6.0,8.439,327.9,40,0.0,0.0,
7.9.2026,22:59:56.983,7.8,5.5,7.963,95.4,39,0.0,0.0,
7.9.2026,22:59:57.190,2.0,1.4,7.858,107.4,39,0.0,0.0,
7.9.2026,22:59:57.400,1.3,7.9,7.862,150.9,39,0.0,0.0,
7.9.2026,22:59:57.606,8.1,8.3,7.846,87.8,39,0.0,0.0,
7.9.2026,22:59:57.813,9.6,4.2,7.799,487.1,39,0.0,0.0,
7.9.2026,22:59:58.021,11.3,3.2,7.842,558.4,38,0.0,0.0,
7.9.2026,22:59:58.227,5.3,4.9,7.590,94.6,39,0.0,0.0,
7.9.2026,22:59:58.421,5.0,7.5,7.590,146.4,39,0.0,0.0,
7.9.2026,22:59:58.632,1.8,4.9,7.867,147.9,39,0.0,0.0,
7.9.2026,22:59:58.839,2.0,3.6,7.697,151.4,39,0.0,0.0,
7.9.2026,22:59:59.046,15.0,7.5,7.723,480.7,38,0.0,0.0,
7.9.2026,22:59:59.257,4.5,5.3,8.927,258.0,39,0.0,0.0,
7.9.2026,22:59:59.455,15.5,6.1,7.925,621.1,39,0.0,0.0,
7.9.2026,22:59:59.652,5.9,6.0,7.925,107.7,39,0.0,0.0,
7.9.2026,22:59:59.863,3.4,7.4,7.359,218.1,39,0.0,0.0,
7.9.2026,23:0:0.073,8.3,5.6,7.784,148.2,39,0.0,0.0,
7.9.2026,23:0:0.281,4.2,10.3,8.182,260.1,39,0.0,0.0,
7.9.2026,23:0:0.498,6.8,6.0,7.708,148.5,38,0.0,0.0,
7.9.2026,23:0:0.700,2.6,4.8,8.009,120.9,38,0.0,0.0,
7.9.2026,23:0:0.910,3.1,7.3,8.704,189.8,38,0.0,0.0,
7.9.2026,23:0:1.115,0.0,2.2,7.943,84.0,38,0.0,0.0,
7.9.2026,23:0:1.322,2.1,4.1,8.550,110.1,39,0.0,0.0,
7.9.2026,23:0:1.532,8.1,6.1,8.059,135.9,38,0.0,0.0,
7.9.2026,23:0:1.744,5.8,9.1,8.228,72.0,39,0.0,0.0,
7.9.2026,23:0:1.958,2.5,2.1,8.049,209.5,39,0.0,0.0,
7.9.2026,23:0:2.157,4.1,8.0,7.073,99.1,38,0.0,0.0,
7.9.2026,23:0:2.363,7.5,3.3,7.994,356.0,39,0.0,0.0,
7.9.2026,23:0:2.574,13.9,7.6,7.866,405.6,40,0.0,0.0,
7.9.2026,23:0:2.788,0.0,2.5,7.415,127.6,39,0.0,0.0,
7.9.2026,23:0:2.982,10.8,7.0,7.415,221.0,39,0.0,0.0,
7.9.2026,23:0:3.194,1.4,5.7,8.774,131.3,39,0.0,0.0,
7.9.2026,23:0:3.407,7.1,8.5,8.041,166.9,40,0.0,0.0,
7.9.2026,23:0:3.615,0.0,3.0,8.166,118.0,38,0.0,0.0,
7.9.2026,23:0:3.824,6.7,5.7,8.814,74.1,39,0.0,0.0,
7.9.2026,23:0:4.039,0.0,2.6,7.691,136.7,39,0.0,0.0,
7.9.2026,23:0:4.233,6.7,7.0,7.691,120.8,38,0.0,0.0,
7.9.2026,23:0:4.433,4.7,3.3,8.162,397.9,39,0.0,0.0,
7.9.2026,23:0:4.658,3.3,3.7,8.121,126.8,38,0.0,0.0,
7.9.2026,23:0:4.863,7.1,7.3,8.074,152.7,39,0.0,0.0,
7.9.2026,23:0:5.072,2.5,3.9,8.069,171.5,38,0.0,0.0,
7.9.2026,23:0:5.282,8.1,7.8,7.782,91.0,39,0.0,0.0,
7.9.2026,23:0:5.495,2.6,3.8,7.633,162.8,39,0.0,0.0,
7.9.2026,23:0:5.689,3.7,4.7,7.633,91.3,38,0.0,0.0,
7.9.2026,23:0:5.906,3.4,2.4,7.285,193.8,38,0.0,0.0,
7.9.2026,23:0:6.103,12.1,2.7,7.718,568.7,39,0.0,0.0,
7.9.2026,23:0:6.318,6.2,7.1,7.923,123.4,39,0.0,0.0,
7.9.2026,23:0:6.514,7.5,4.9,7.923,131.8,39,0.0,0.0,
7.9.2026,23:0:6.722,0.4,3.5,7.783,93.6,39,0.0,0.0,
7.9.2026,23:0:6.916,0.0,2.6,7.753,97.6,38,0.0,0.0,
7.9.2026,23:0:7.122,9.5,7.7,7.988,153.2,39,0.0,0.0,
7.9.2026,23:0:7.339,0.0,4.1,7.609,111.7,39,0.0,0.0,
7.9.2026,23:0:7.549,8.0,7.3,7.871,185.3,38,0.0,0.0,
7.9.2026,23:0:7.762,0.4,1.7,7.842,105.0,39,0.0,0.0,
7.9.2026,23:0:7.977,5.1,6.2,7.516,147.9,39,0.0,0.0,
7.9.2026,23:0:8.182,1.3,2.7,7.542,137.9,39,0.0,0.0,
7.9.2026,23:0:8.389,7.2,7.4,7.701,55.0,38,0.0,0.0,
7.9.2026,23:0:8.596,7.3,4.9,9.629,363.8,39,0.0,0.0,
7.9.2026,23:0:8.807,0.0,3.5,7.671,76.9,39,0.0,0.0,
7.9.2026,23:0:9.004,5.8,4.6,7.671,120.8,39,0.0,0.0,
7.9.2026,23:0:9.200,8.1,6.3,7.434,185.3,39,0.0,0.0,
7.9.2026,23:0:9.419,0.0,4.5,8.273,138.3,39,0.0,0.0,
7.9.2026,23:0:9.626,11.5,5.5,7.928,354.7,39,0.0,0.0,
7.9.2026,23:0:9.835,7.0,4.5,9.346,349.3,39,0.0,0.0,
7.9.2026,23:0:10.035,3.7,4.3,7.436,91.7,39,0.0,0.0,
7.9.2026,23:0:10.243,3.5,3.6,8.138,183.2,38,0.0,0.0,
7.9.2026,23:0:10.441,9.0,7.3,8.138,153.2,39,0.0,0.0,
7.9.2026,23:0:10.658,0.0,1.8,7.748,140.9,39,0.0,0.0,
7.9.2026,23:0:10.872,6.3,5.5,7.860,133.6,38,0.0,0.0,
7.9.2026,23:0:11.086,8.2,4.7,7.836,199.0,39,0.0,0.0,
7.9.2026,23:0:11.291,2.0,6.3,7.717,93.0,39,0.0,0.0,
7.9.2026,23:0:11.480,4.4,5.2,7.931,67.5,39,0.0,0.0,
7.9.2026,23:0:11.692,0.0,3.1,7.422,80.7,39,0.0,0.0,
7.9.2026,23:0:11.906,2.1,3.7,7.607,111.0,39,0.0,0.0,
7.9.2026,23:0:12.119,3.8,4.5,8.009,174.0,39,0.0,0.0,
7.9.2026,23:0:12.336,5.3,6.8,7.615,86.1,38,0.0,0.0,
7.9.2026,23:0:12.531,4.2,3.5,7.158,69.1,38,0.0,0.0,
7.9.2026,23:0:12.739,3.1,3.9,7.468,198.8,39,0.0,0.0,
7.9.2026,23:0:12.950,2.2,4.1,7.635,147.6,39,0.0,0.0,
7.9.2026,23:0:13.155,7.8,9.3,8.021,88.2,39,0.0,0.0,
7.9.2026,23:0:13.369,0.0,2.4,7.553,122.1,39,0.0,0.0,
7.9.2026,23:0:13.567,4.2,7.2,7.700,77.5,39,0.0,0.0,
7.9.2026,23:0:13.763,6.3,4.1,7.817,122.4,38,0.0,0.0,
7.9.2026,23:0:13.972,0.6,3.9,7.815,102.2,39,0.0,0.0,
7.9.2026,23:0:14.173,7.1,5.5,7.788,173.1,39,0.0,0.0,
7.9.2026,23:0:14.386,0.2,4.2,7.789,145.3,39,0.0,0.0,
7.9.2026,23:0:14.593,9.0,6.7,7.954,170.7,38,0.0,0.0,
7.9.2026,23:0:14.805,2.1,3.8,8.084,119.9,39,0.0,0.0,
7.9.2026,23:0:14.995,6.1,7.8,7.522,92.5,39,0.0,0.0,
7.9.2026,23:0:15.207,0.0,3.2,7.728,94.3,38,0.0,0.0,
7.9.2026,23:0:15.414,0.8,3.1,7.845,79.3,38,0.0,0.0,
7.9.2026,23:0:15.605,0.8,3.1,7.568,79.3,38,0.0,0.0,
7.9.2026,23:0:15.813,9.7,8.2,7.636,152.0,39,0.0,0.0,
7.9.2026,23:0:16.026,0.0,2.1,7.754,76.5,38,0.0,0.0,
7.9.2026,23:0:16.217,0.0,2.1,7.836,76.5,38,0.0,0.0,
7.9.2026,23:0:16.428,8.9,9.2,8.488,156.0,39,0.0,0.0,
7.9.2026,23:0:16.636,6.2,4.4,7.814,396.9,38,0.0,0.0,
7.9.2026,23:0:16.848,8.4,8.1,7.954,134.5,38,0.0,0.0,
7.9.2026,23:0:17.059,0.0,3.8,7.812,114.7,38,0.0,0.0,
7.9.2026,23:0:17.266,0.3,3.7,7.263,217.6,38,0.0,0.0,
7.9.2026,23:0:17.481,9.2,6.9,7.967,94.2,39,0.0,0.0,
7.9.2026,23:0:17.688,0.8,5.0,7.971,125.4,39,0.0,0.0,
7.9.2026,23:0:17.898,0.1,3.9,7.918,107.4,38,0.0,0.0,
7.9.2026,23:0:18.098,5.7,6.2,7.508,104.4,39,0.0,0.0,
7.9.2026,23:0:18.311,10.6,6.0,8.055,284.6,39,0.0,0.0,
7.9.2026,23:0:18.518,16.5,5.6,8.258,825.1,39,0.0,0.0,
7.9.2026,23:0:18.714,7.3,5.1,8.012,146.8,38,0.0,0.0,
7.9.2026,23:0:18.925,9.0,3.5,7.731,540.8,39,0.0,0.0,
7.9.2026,23:0:19.134,6.5,5.5,7.717,368.9,39,0.0,0.0,
7.9.2026,23:0:19.328,6.5,5.5,8.776,368.9,39,0.0,0.0,
7.9.2026,23:0:19.540,7.4,6.9,7.762,130.8,39,0.0,0.0,
7.9.2026,23:0:19.730,0.0,3.1,7.595,70.0,38,0.0,0.0,
7.9.2026,23:0:19.948,8.1,13.2,9.414,133.8,68,0.0,0.0,
7.9.2026,23:0:20.138,0.0,0.9,7.212,132.0,38,0.0,0.0,
7.9.2026,23:0:20.348,11.3,7.7,10.260,253.9,68,0.0,0.0,
7.9.2026,23:0:20.554,0.0,5.2,7.704,88.6,68,0.0,0.0,
7.9.2026,23:0:20.751,3.6,3.6,7.406,136.1,66,0.0,0.0,
7.9.2026,23:0:20.961,8.3,8.1,7.871,205.3,68,0.0,0.0,
7.9.2026,23:0:21.157,0.0,1.3,6.558,86.1,39,0.0,0.0,
7.9.2026,23:0:21.363,8.0,6.2,8.925,182.6,68,0.0,0.0,
7.9.2026,23:0:21.558,1.6,2.8,7.778,89.2,66,0.0,0.0,
7.9.2026,23:0:21.773,7.4,10.2,8.753,118.3,57,0.0,0.0,
7.9.2026,23:0:21.964,6.0,1.1,7.000,552.3,67,0.0,0.0,
7.9.2026,23:0:22.174,10.2,11.0,8.512,131.2,58,0.0,0.0,
7.9.2026,23:0:22.386,1.2,3.4,7.724,149.6,57,0.0,0.0,
7.9.2026,23:0:22.583,7.4,5.9,7.724,97.5,54,0.0,0.0,
7.9.2026,23:0:22.796,0.0,4.7,7.908,97.5,67,0.0,0.0,
7.9.2026,23:0:23.011,8.3,5.8,7.564,183.8,47,0.0,0.0,
7.9.2026,23:0:23.201,0.0,2.5,7.564,98.1,66,0.0,0.0,
7.9.2026,23:0:23.414,10.0,8.9,6.766,190.1,65,0.0,0.0,
7.9.2026,23:0:23.611,0.0,0.9,8.721,126.7,68,0.0,0.0,
7.9.2026,23:0:23.825,6.8,10.3,6.843,115.6,47,0.0,0.0,
7.9.2026,23:0:24.035,5.3,3.5,6.803,88.6,67,0.0,0.0,
7.9.2026,23:0:24.229,0.0,2.9,6.533,82.0,39,0.0,0.0,
7.9.2026,23:0:24.440,8.0,7.3,8.934,137.6,66,0.0,0.0,
7.9.2026,23:0:24.654,1.3,3.9,7.536,132.7,68,0.0,0.0,
7.9.2026,23:0:24.868,5.2,4.1,7.548,88.6,68,0.0,0.0,
7.9.2026,23:0:25.058,4.2,4.0,6.554,414.0,38,0.0,0.0,
7.9.2026,23:0:25.270,9.3,7.0,8.829,124.0,66,0.0,0.0,
7.9.2026,23:0:25.466,0.2,3.2,7.460,151.4,68,0.0,0.0,
7.9.2026,23:0:25.680,6.7,8.3,7.722,73.3,67,0.0,0.0,
7.9.2026,23:0:25.892,0.0,2.5,6.783,92.3,38,0.0,0.0,
7.9.2026,23:0:26.098,7.4,6.5,7.924,168.1,39,0.0,0.0,
7.9.2026,23:0:26.312,6.1,5.3,7.410,322.9,38,0.0,0.0,
7.9.2026,23:0:26.518,8.2,5.1,7.972,178.1,39,0.0,0.0,
7.9.2026,23:0:26.730,13.1,7.8,7.750,402.9,39,0.0,0.0,
7.9.2026,23:0:26.942,0.3,2.6,8.055,138.3,38,0.0,0.0,
7.9.2026,23:0:27.146,3.4,5.0,8.540,217.4,38,0.0,0.0,
7.9.2026,23:0:27.350,5.5,9.5,8.746,173.2,39,0.0,0.0,
7.9.2026,23:0:27.556,1.8,4.5,9.120,146.5,39,0.0,0.0,
7.9.2026,23:0:27.750,1.8,4.5,8.886,146.5,38,0.0,0.0,
7.9.2026,23:0:27.955,8.3,13.3,8.489,127.5,38,0.0,0.0,
7.9.2026,23:0:28.163,3.5,2.9,7.731,166.6,38,0.0,0.0,
7.9.2026,23:0:28.354,1.9,4.9,7.903,131.7,38,0.0,0.0,
7.9.2026,23:0:28.567,9.0,6.9,8.679,134.5,66,0.0,0.0,
7.9.2026,23:0:28.777,0.0,2.7,6.544,152.1,39,0.0,0.0,
7.9.2026,23:0:28.984,8.2,6.0,7.784,135.0,39,0.0,0.0,
7.9.2026,23:0:29.195,1.6,5.0,7.759,150.7,38,0.0,0.0,
7.9.2026,23:0:29.385,5.0,3.5,7.337,294.2,38,0.0,0.0,
7.9.2026,23:0:29.596,9.6,9.0,8.687,152.4,68,0.0,0.0,
7.9.2026,23:0:29.807,2.3,4.8,9.222,215.0,68,0.0,0.0,
7.9.2026,23:0:30.018,9.4,5.2,6.484,234.2,38,0.0,0.0,
7.9.2026,23:0:30.227,0.6,5.6,7.744,132.2,39,0.0,0.0,
7.9.2026,23:0:30.426,2.2,4.6,7.799,113.4,38,0.0,0.0,
7.9.2026,23:0:30.635,5.6,6.4,7.984,150.8,38,0.0,0.0,
7.9.2026,23:0:30.849,0.0,4.3,9.013,139.0,38,0.0,0.0,
7.9.2026,23:0:31.045,0.0,4.3,7.519,139.0,38,0.0,0.0,
7.9.2026,23:0:31.253,7.6,10.3,8.602,232.9,40,0.0,0.0,
7.9.2026,23:0:31.464,2.4,1.2,7.469,145.3,39,0.0,0.0,
7.9.2026,23:0:31.658,2.3,3.4,7.554,166.1,38,0.0,0.0,
7.9.2026,23:0:31.866,9.1,6.7,8.123,205.1,38,0.0,0.0,
7.9.2026,23:0:32.063,0.7,6.2,7.518,88.2,38,0.0,0.0,
7.9.2026,23:0:32.270,7.1,5.3,7.514,87.8,39,0.0,0.0,
7.9.2026,23:0:32.478,1.2,5.0,7.407,136.8,39,0.0,0.0,
7.9.2026,23:0:32.687,11.8,6.7,7.557,294.7,38,0.0,0.0,
7.9.2026,23:0:32.893,1.6,3.2,8.077,99.9,38,0.0,0.0,
7.9.2026,23:0:33.089,2.7,5.1,7.793,162.8,39,0.0,0.0,
7.9.2026,23:0:33.296,9.0,7.7,8.809,224.7,68,0.0,0.0,
7.9.2026,23:0:33.509,8.1,3.5,7.868,400.1,68,0.0,0.0,
7.9.2026,23:0:33.720,6.6,8.1,7.551,143.5,68,0.0,0.0,
7.9.2026,23:0:33.933,0.0,3.5,7.984,66.9,67,0.0,0.0,
7.9.2026,23:0:34.147,6.4,4.5,6.627,150.7,38,0.0,0.0,
7.9.2026,23:0:34.343,0.0,3.8,7.744,135.8,38,0.0,0.0,
7.9.2026,23:0:34.551,8.0,5.1,7.779,154.7,38,0.0,0.0,
7.9.2026,23:0:34.754,1.8,3.8,7.571,148.0,39,0.0,0.0,
7.9.2026,23:0:34.963,10.0,6.4,7.713,220.1,39,0.0,0.0,
7.9.2026,23:0:35.169,2.7,2.0,8.206,142.2,39,0.0,0.0,
7.9.2026,23:0:35.381,0.0,5.9,7.936,114.6,38,0.0,0.0,
7.9.2026,23:0:35.576,0.0,5.9,7.332,114.6,38,0.0,0.0,
7.9.2026,23:0:35.785,6.1,6.4,7.646,83.3,38,0.0,0.0,
7.9.2026,23:0:35.992,1.8,3.0,7.757,117.4,39,0.0,0.0,
7.9.2026,23:0:36.184,5.3,4.1,8.185,212.3,39,0.0,0.0,
7.9.2026,23:0:36.395,7.8,10.8,8.930,125.5,67,0.0,0.0,
7.9.2026,23:0:36.606,7.2,4.3,7.761,423.9,68,0.0,0.0,
7.9.2026,23:0:36.811,9.1,6.9,7.982,186.1,70,0.0,0.0,
7.9.2026,23:0:37.018,0.4,5.2,7.628,61.1,67,0.0,0.0,
7.9.2026,23:0:37.229,1.7,3.3,7.813,137.1,67,0.0,0.0,
7.9.2026,23:0:37.422,0.7,3.1,7.813,89.2,68,0.0,0.0,
7.9.2026,23:0:37.633,13.4,9.6,7.622,416.8,54,0.0,0.0,
7.9.2026,23:0:37.828,6.9,3.5,7.622,394.6,66,0.0,0.0,
7.9.2026,23:0:38.041,8.4,8.8,7.961,141.0,52,0.0,0.0,
7.9.2026,23:0:38.232,0.0,2.6,8.453,136.6,66,0.0,0.0,
7.9.2026,23:0:38.438,9.5,6.1,7.922,189.7,40,0.0,0.0,
7.9.2026,23:0:38.649,16.7,4.5,8.377,818.8,39,0.0,0.0,
7.9.2026,23:0:38.840,0.0,3.9,7.750,77.0,41,0.0,0.0,
7.9.2026,23:0:39.050,10.9,10.6,7.768,226.2,39,0.0,0.0,
7.9.2026,23:0:39.259,2.0,3.2,8.901,184.8,40,0.0,0.0,
7.9.2026,23:0:39.454,7.9,7.0,7.750,115.9,38,0.0,0.0,
7.9.2026,23:0:39.672,0.0,3.9,7.855,127.4,39,0.0,0.0,
7.9.2026,23:0:39.884,4.6,5.4,7.899,87.6,41,0.0,0.0,
7.9.2026,23:0:40.082,2.0,3.3,8.779,232.1,54,0.0,0.0,
7.9.2026,23:0:40.289,7.5,6.5,8.436,225.6,65,0.0,0.0,
7.9.2026,23:0:40.483,1.6,2.7,7.837,105.4,65,0.0,0.0,
7.9.2026,23:0:40.689,9.5,8.9,8.068,183.2,40,0.0,0.0,
7.9.2026,23:0:40.900,2.4,3.0,8.999,189.6,39,0.0,0.0,
7.9.2026,23:0:41.112,8.0,7.1,8.716,158.1,40,0.0,0.0,
7.9.2026,23:0:41.319,0.0,2.7,8.336,110.7,62,0.0,0.0,
7.9.2026,23:0:41.513,1.4,3.2,8.194,117.8,68,0.0,0.0,
7.9.2026,23:0:41.724,8.4,9.5,8.150,170.3,40,0.0,0.0,
7.9.2026,23:0:41.931,0.5,2.8,7.826,89.6,42,0.0,0.0,
7.9.2026,23:0:42.138,7.3,9.0,7.592,90.5,40,0.0,0.0,
7.9.2026,23:0:42.350,2.2,1.8,7.877,131.3,42,0.0,0.0,
7.9.2026,23:0:42.548,0.0,3.0,7.944,119.3,58,0.0,0.0,
7.9.2026,23:0:42.761,7.5,7.3,8.172,193.8,67,0.0,0.0,
7.9.2026,23:0:42.975,5.9,6.0,6.647,67.1,67,0.0,0.0,
7.9.2026,23:0:43.185,0.0,5.4,7.500,101.0,70,0.0,0.0,
7.9.2026,23:0:43.395,7.2,6.3,8.495,118.9,68,0.0,0.0,
7.9.2026,23:0:43.608,0.5,4.5,7.626,112.2,70,0.0,0.0,
7.9.2026,23:0:43.831,3.1,2.2,6.655,129.4,39,0.0,0.0,
7.9.2026,23:0:44.030,4.4,7.7,7.945,106.8,39,0.0,0.0,
7.9.2026,23:0:44.235,2.9,4.2,7.861,149.2,39,0.0,0.0,
7.9.2026,23:0:44.432,2.9,4.2,8.192,149.2,39,0.0,0.0,
7.9.2026,23:0:44.644,6.2,5.1,7.658,98.0,39,0.0,0.0,
7.9.2026,23:0:44.850,1.0,4.4,7.664,165.2,39,0.0,0.0,
7.9.2026,23:0:45.056,3.2,3.1,7.726,175.2,39,0.0,0.0,
7.9.2026,23:0:45.247,3.6,5.4,7.642,162.5,38,0.0,0.0,
7.9.2026,23:0:45.459,9.0,9.2,8.957,142.6,67,0.0,0.0,
7.9.2026,23:0:45.666,0.1,2.1,7.631,140.7,67,0.0,0.0,
7.9.2026,23:0:45.879,8.4,6.7,7.873,126.4,67,0.0,0.0,
7.9.2026,23:0:46.077,4.7,3.0,7.625,375.5,67,0.0,0.0,
7.9.2026,23:0:46.287,11.1,11.8,10.904,358.4,58,0.0,0.0,
7.9.2026,23:0:46.479,1.0,1.1,7.805,139.7,62,0.0,0.0,
7.9.2026,23:0:46.690,9.1,9.2,8.419,148.4,44,0.0,0.0,
7.9.2026,23:0:46.901,2.2,4.2,7.592,150.5,41,0.0,0.0,
7.9.2026,23:0:47.117,5.5,4.2,7.502,80.5,42,0.0,0.0,
7.9.2026,23:0:47.323,0.0,2.9,8.048,214.0,65,0.0,0.0,
7.9.2026,23:0:47.537,7.9,7.4,7.654,68.4,55,0.0,0.0,
7.9.2026,23:0:47.743,0.0,2.1,7.474,95.9,67,0.0,0.0,
7.9.2026,23:0:47.935,2.6,3.4,7.789,138.8,68,0.0,0.0,
7.9.2026,23:0:48.145,8.6,8.5,7.760,122.2,42,0.0,0.0,
7.9.2026,23:0:48.349,1.2,3.1,8.316,133.3,45,0.0,0.0,
7.9.2026,23:0:48.563,10.3,2.6,7.919,505.6,40,0.0,0.0,
7.9.2026,23:0:48.778,6.1,6.0,7.672,107.9,45,0.0,0.0,
7.9.2026,23:0:48.991,6.6,6.3,7.790,159.4,40,0.0,0.0,
7.9.2026,23:0:49.189,0.0,3.2,7.687,74.2,64,0.0,0.0,
7.9.2026,23:0:49.398,6.6,7.3,7.921,155.1,39,0.0,0.0,
7.9.2026,23:0:49.590,4.6,3.7,9.461,284.5,40,0.0,0.0,
7.9.2026,23:0:49.796,9.3,6.7,7.965,119.6,41,0.0,0.0,
7.9.2026,23:0:50.009,1.9,4.9,7.717,138.2,39,0.0,0.0,
7.9.2026,23:0:50.199,0.8,4.6,7.808,134.3,38,0.0,0.0,
7.9.2026,23:0:50.412,9.6,7.3,7.853,172.9,39,0.0,0.0,
7.9.2026,23:0:50.623,2.8,3.3,9.345,258.2,39,0.0,0.0,
7.9.2026,23:0:50.833,10.1,9.1,7.978,197.0,39,0.0,0.0,
7.9.2026,23:0:51.041,9.0,1.7,7.941,534.4,39,0.0,0.0,
7.9.2026,23:0:51.249,9.8,7.2,8.015,151.5,39,0.0,0.0,
7.9.2026,23:0:51.459,1.3,5.7,7.888,129.4,41,0.0,0.0,
7.9.2026,23:0:51.657,0.6,1.8,7.688,99.6,41,0.0,0.0,
7.9.2026,23:0:51.872,5.3,7.7,7.974,124.2,40,0.0,0.0,
7.9.2026,23:0:52.082,5.8,4.2,7.870,122.2,40,0.0,0.0,
7.9.2026,23:0:52.275,6.4,3.4,7.907,357.0,39,0.0,0.0,
7.9.2026,23:0:52.490,8.4,6.5,7.751,134.0,39,0.0,0.0,
7.9.2026,23:0:52.698,0.0,4.8,7.872,109.0,44,0.0,0.0,
7.9.2026,23:0:52.888,9.1,7.8,8.003,130.6,39,0.0,0.0,
7.9.2026,23:0:53.101,0.5,2.9,7.855,75.6,40,0.0,0.0,
7.9.2026,23:0:53.291,1.0,4.2,7.949,141.3,39,0.0,0.0,
7.9.2026,23:0:53.503,10.0,6.4,8.002,198.5,39,0.0,0.0,
7.9.2026,23:0:53.709,0.4,3.9,7.852,120.6,38,0.0,0.0,
7.9.2026,23:0:53.919,2.3,2.4,7.863,151.4,39,0.0,0.0,
7.9.2026,23:0:54.134,4.6,5.6,7.386,96.4,39,0.0,0.0,
7.9.2026,23:0:54.327,8.9,6.8,7.386,105.8,39,0.0,0.0,
7.9.2026,23:0:54.534,0.9,6.5,7.979,129.9,39,0.0,0.0,
7.9.2026,23:0:54.743,6.2,3.6,7.736,328.6,39,0.0,0.0,
7.9.2026,23:0:54.935,6.9,9.7,7.590,132.5,39,0.0,0.0,
7.9.2026,23:0:55.146,2.2,4.2,8.358,67.9,39,0.0,0.0,
7.9.2026,23:0:55.348,0.0,3.7,7.639,101.2,38,0.0,0.0,
7.9.2026,23:0:55.545,5.7,8.1,7.951,158.7,38,0.0,0.0,
7.9.2026,23:0:55.750,5.5,6.1,7.869,65.7,39,0.0,0.0,
7.9.2026,23:0:55.964,1.3,2.3,7.292,120.1,38,0.0,0.0,
7.9.2026,23:0:56.153,6.5,4.8,8.030,115.0,39,0.0,0.0,
7.9.2026,23:0:56.365,2.4,3.9,7.643,118.9,38,0.0,0.0,
7.9.2026,23:0:56.568,0.6,3.4,7.617,148.3,38,0.0,0.0,
7.9.2026,23:0:56.778,10.0,6.6,8.028,357.2,39,0.0,0.0,
7.9.2026,23:0:56.986,10.1,4.4,7.680,247.6,39,0.0,0.0,
7.9.2026,23:0:57.194,3.7,5.4,8.290,164.8,38,0.0,0.0,
7.9.2026,23:0:57.402,5.4,2.9,7.978,205.5,38,0.0,0.0,
7.9.2026,23:0:57.593,13.2,8.4,8.019,228.0,39,0.0,0.0,
7.9.2026,23:0:57.802,0.7,4.1,8.199,154.0,38,0.0,0.0,
7.9.2026,23:0:58.015,6.0,4.5,8.007,222.5,39,0.0,0.0,
7.9.2026,23:0:58.221,6.8,6.6,8.449,128.7,39,0.0,0.0,
7.9.2026,23:0:58.428,2.5,3.5,7.874,146.8,39,0.0,0.0,
7.9.2026,23:0:58.621,1.7,4.1,7.649,117.5,39,0.0,0.0,
7.9.2026,23:0:58.828,15.3,6.6,7.921,421.3,38,0.0,0.0,
7.9.2026,23:0:59.039,5.2,4.5,8.077,229.6,38,0.0,0.0,
7.9.2026,23:0:59.230,8.8,4.0,8.374,168.4,40,0.0,0.0,
7.9.2026,23:0:59.437,4.6,5.9,7.662,260.6,39,0.0,0.0,
7.9.2026,23:0:59.646,2.9,4.4,7.855,130.2,38,0.0,0.0,
7.9.2026,23:0:59.851,1.1,4.1,7.816,93.1,39,0.0,0.0,
7.9.2026,23:1:0.047,17.0,8.3,7.920,593.7,39,0.0,0.0,
7.9.2026,23:1:0.257,1.1,5.3,9.163,113.0,38,0.0,0.0,
7.9.2026,23:1:0.466,3.0,3.4,8.230,174.0,39,0.0,0.0,
7.9.2026,23:1:0.680,4.0,6.3,8.319,56.2,39,0.0,0.0,
7.9.2026,23:1:0.871,11.2,10.9,7.316,301.3,38,0.0,0.0,
7.9.2026,23:1:1.082,5.4,4.9,7.818,272.5,38,0.0,0.0,
7.9.2026,23:1:1.292,0.0,1.9,9.600,141.7,39,0.0,0.0,
7.9.2026,23:1:1.504,8.7,8.5,7.522,104.3,40,0.0,0.0,
7.9.2026,23:1:1.710,0.0,5.1,9.760,101.6,39,0.0,0.0,
7.9.2026,23:1:1.902,11.8,9.5,9.875,304.6,39,0.0,0.0,
7.9.2026,23:1:2.112,1.7,5.4,9.269,178.7,38,0.0,0.0,
7.9.2026,23:1:2.317,1.4,3.1,9.724,83.0,39,0.0,0.0,
7.9.2026,23:1:2.510,10.1,11.4,9.663,253.9,39,0.0,0.0,
7.9.2026,23:1:2.715,5.2,5.1,9.758,177.2,39,0.0,0.0,
7.9.2026,23:1:2.927,8.9,4.2,10.353,521.6,39,0.0,0.0,
7.9.2026,23:1:3.121,9.0,8.2,9.953,186.4,39,0.0,0.0,
7.9.2026,23:1:3.333,1.6,4.1,8.393,114.9,39,0.0,0.0,
7.9.2026,23:1:3.540,0.7,3.2,8.419,134.7,39,0.0,0.0,
7.9.2026,23:1:3.758,6.1,6.6,8.783,89.0,39,0.0,0.0,
7.9.2026,23:1:3.971,4.7,4.4,8.105,93.1,39,0.0,0.0,
7.9.2026,23:1:4.177,1.2,8.1,7.463,153.2,43,0.0,0.0,
7.9.2026,23:1:4.383,1.3,3.6,8.630,127.3,43,0.0,0.0,
7.9.2026,23:1:4.581,5.6,6.4,9.184,95.7,40,0.0,0.0,
7.9.2026,23:1:4.776,6.3,5.8,8.746,86.9,39,0.0,0.0,
7.9.2026,23:1:4.985,2.2,4.5,8.249,161.6,38,0.0,0.0,
7.9.2026,23:1:5.183,15.3,7.4,8.160,558.0,38,0.0,0.0,
7.9.2026,23:1:5.391,2.7,3.6,8.738,162.9,39,0.0,0.0,
7.9.2026,23:1:5.603,1.2,4.2,8.483,170.8,40,0.0,0.0,
7.9.2026,23:1:5.807,2.4,4.0,8.144,120.4,38,0.0,0.0,
7.9.2026,23:1:6.021,8.4,7.5,8.097,168.2,38,0.0,0.0,
7.9.2026,23:1:6.227,0.9,2.9,8.456,110.4,39,0.0,0.0,
7.9.2026,23:1:6.417,10.5,6.1,8.189,174.1,39,0.0,0.0,
7.9.2026,23:1:6.627,1.7,7.6,8.198,174.6,38,0.0,0.0,
7.9.2026,23:1:6.838,1.0,2.0,8.400,116.7,39,0.0,0.0,
7.9.2026,23:1:7.033,7.1,6.5,8.039,115.4,39,0.0,0.0,
7.9.2026,23:1:7.233,6.6,6.7,8.302,182.8,38,0.0,0.0,
7.9.2026,23:1:7.445,0.0,2.9,8.242,67.2,38,0.0,0.0,
7.9.2026,23:1:7.637,0.0,2.9,7.789,67.2,38,0.0,0.0,
7.9.2026,23:1:7.854,0.0,3.2,8.040,86.1,41,0.0,0.0,
7.9.2026,23:1:8.052,4.0,6.0,8.091,82.2,41,0.0,0.0,
7.9.2026,23:1:8.251,7.2,5.6,8.130,178.8,39,0.0,0.0,
7.9.2026,23:1:8.462,0.0,4.1,8.000,97.8,40,0.0,0.0,
7.9.2026,23:1:8.655,0.0,4.1,8.231,97.8,40,0.0,0.0,
7.9.2026,23:1:8.861,8.8,8.7,8.291,131.4,38,0.0,0.0,
7.9.2026,23:1:9.068,0.0,3.1,7.946,59.3,40,0.0,0.0,
7.9.2026,23:1:9.261,7.5,3.6,7.946,375.4,40,0.0,0.0,
7.9.2026,23:1:9.470,9.6,12.1,7.904,191.9,57,0.0,0.0,
7.9.2026,23:1:9.674,3.4,6.6,9.661,117.0,55,0.0,0.0,
7.9.2026,23:1:9.885,3.8,8.4,8.571,160.5,54,0.0,0.0,
7.9.2026,23:1:10.089,1.0,3.6,8.803,134.8,55,0.0,0.0,
7.9.2026,23:1:10.276,11.9,5.8,8.861,446.8,55,0.0,0.0,
7.9.2026,23:1:10.489,21.3,15.5,8.880,664.4,45,0.0,0.0,
7.9.2026,23:1:10.696,0.7,0.9,7.183,144.1,70,0.0,0.0,
7.9.2026,23:1:10.891,5.8,6.4,8.471,241.8,70,0.0,0.0,
7.9.2026,23:1:11.105,16.0,8.0,8.922,547.4,48,0.0,0.0,
7.9.2026,23:1:11.313,6.5,5.6,7.765,153.4,66,0.0,0.0,
7.9.2026,23:1:11.519,9.6,7.3,9.502,414.2,66,0.0,0.0,
7.9.2026,23:1:11.733,4.0,3.8,8.262,228.1,70,0.0,0.0,
7.9.2026,23:1:11.940,20.7,12.2,8.498,503.8,38,0.0,0.0,
7.9.2026,23:1:12.135,2.5,5.2,9.073,145.1,40,0.0,0.0,
7.9.2026,23:1:12.343,13.9,7.9,9.522,429.3,38,0.0,0.0,
7.9.2026,23:1:12.552,7.1,5.0,8.217,374.2,39,0.0,0.0,
7.9.2026,23:1:12.762,7.7,7.4,8.220,128.6,39,0.0,0.0,
7.9.2026,23:1:12.978,0.0,3.4,8.276,69.5,39,0.0,0.0,
7.9.2026,23:1:13.169,9.1,9.5,8.698,137.0,39,0.0,0.0,
7.9.2026,23:1:13.377,2.6,1.1,8.136,151.8,39,0.0,0.0,
7.9.2026,23:1:13.590,0.0,4.5,8.334,79.9,39,0.0,0.0,
7.9.2026,23:1:13.781,7.9,7.9,9.243,152.2,39,0.0,0.0,
7.9.2026,23:1:13.991,6.6,4.6,8.710,341.9,41,0.0,0.0,
7.9.2026,23:1:14.197,2.1,4.3,8.198,146.1,39,0.0,0.0,
7.9.2026,23:1:14.408,7.1,6.8,8.638,129.5,39,0.0,0.0,
7.9.2026,23:1:14.622,0.0,3.1,8.336,98.9,39,0.0,0.0,
7.9.2026,23:1:14.833,7.8,5.8,8.162,209.3,39,0.0,0.0,
7.9.2026,23:1:15.033,5.2,4.8,7.514,113.0,38,0.0,0.0,
7.9.2026,23:1:15.239,2.1,5.2,7.536,122.0,39,0.0,0.0,
7.9.2026,23:1:15.456,12.0,8.1,8.670,383.6,39,0.0,0.0,
7.9.2026,23:1:15.664,0.0,3.5,8.725,99.0,39,0.0,0.0,
7.9.2026,23:1:15.864,8.7,8.5,8.051,130.8,39,0.0,0.0,
7.9.2026,23:1:16.078,0.0,0.5,8.721,86.8,39,0.0,0.0,
7.9.2026,23:1:16.292,5.8,6.7,7.432,126.9,39,0.0,0.0,
7.9.2026,23:1:16.501,3.9,6.4,7.821,70.9,39,0.0,0.0,
7.9.2026,23:1:16.712,2.4,4.4,7.365,166.4,38,0.0,0.0,
7.9.2026,23:1:16.902,16.4,6.1,7.839,548.6,38,0.0,0.0,
7.9.2026,23:1:17.113,0.0,1.6,8.259,91.2,39,0.0,0.0,
7.9.2026,23:1:17.309,12.7,6.3,7.453,349.4,39,0.0,0.0,
7.9.2026,23:1:17.515,2.8,5.6,7.315,145.6,38,0.0,0.0,
7.9.2026,23:1:17.729,0.0,1.6,7.988,95.8,39,0.0,0.0,
7.9.2026,23:1:17.917,7.6,9.4,8.172,87.7,38,0.0,0.0,
7.9.2026,23:1:18.132,0.0,2.2,7.688,105.7,39,0.0,0.0,
7.9.2026,23:1:18.322,8.7,9.4,8.132,145.2,39,0.0,0.0,
7.9.2026,23:1:18.529,0.9,2.3,7.769,73.1,38,0.0,0.0,
7.9.2026,23:1:18.740,0.7,3.8,7.598,152.3,38,0.0,0.0,
7.9.2026,23:1:18.946,2.8,3.4,8.203,153.6,39,0.0,0.0,
7.9.2026,23:1:19.137,2.8,3.4,7.745,153.6,39,0.0,0.0,
7.9.2026,23:1:19.347,8.1,7.4,7.837,84.4,38,0.0,0.0,
7.9.2026,23:1:19.553,5.6,4.5,7.327,334.9,39,0.0,0.0,
7.9.2026,23:1:19.762,12.3,9.1,7.636,337.2,39,0.0,0.0,
7.9.2026,23:1:19.972,1.5,1.9,9.686,97.4,39,0.0,0.0,
7.9.2026,23:1:20.178,2.0,7.0,7.272,113.0,38,0.0,0.0,
7.9.2026,23:1:20.374,8.6,7.6,7.511,175.8,39,0.0,0.0,
7.9.2026,23:1:20.583,1.0,2.5,7.637,149.2,39,0.0,0.0,
7.9.2026,23:1:20.782,18.3,8.9,7.508,678.0,38,0.0,0.0,
7.9.2026,23:1:20.989,0.6,2.6,9.203,123.4,39,0.0,0.0,
7.9.2026,23:1:21.183,0.6,2.6,7.727,123.4,39,0.0,0.0,
7.9.2026,23:1:21.397,0.4,3.3,7.531,221.3,39,0.0,0.0,
7.9.2026,23:1:21.590,0.4,3.3,8.095,221.3,39,0.0,0.0,
7.9.2026,23:1:21.805,0.0,2.8,7.550,178.5,39,0.0,0.0,
7.9.2026,23:1:21.998,0.0,2.8,7.695,178.5,39,0.0,0.0,
7.9.2026,23:1:22.206,8.6,7.5,7.813,139.9,38,0.0,0.0,
7.9.2026,23:1:22.417,0.7,4.4,7.445,90.2,38,0.0,0.0,
7.9.2026,23:1:22.627,9.4,10.2,7.649,183.7,39,0.0,0.0,
7.9.2026,23:1:22.827,0.0,2.6,7.247,95.0,38,0.0,0.0,
7.9.2026,23:1:23.042,7.8,6.8,7.644,237.2,38,0.0,0.0,
7.9.2026,23:1:23.250,0.7,4.2,7.837,71.0,39,0.0,0.0,
7.9.2026,23:1:23.460,2.6,3.3,8.173,164.5,39,0.0,0.0,
7.9.2026,23:1:23.650,2.6,3.3,7.923,164.5,39,0.0,0.0,
7.9.2026,23:1:23.862,7.8,6.7,7.644,104.6,39,0.0,0.0,
7.9.2026,23:1:24.060,1.6,7.7,7.941,161.4,39,0.0,0.0,
7.9.2026,23:1:24.275,4.5,3.3,7.694,110.4,39,0.0,0.0,
7.9.2026,23:1:24.465,0.0,3.2,7.694,115.0,39,0.0,0.0,
7.9.2026,23:1:24.678,11.9,10.6,7.597,192.4,68,0.0,0.0,
7.9.2026,23:1:24.875,5.4,2.5,8.655,387.3,68,0.0,0.0,
7.9.2026,23:1:25.081,6.4,6.9,8.009,147.9,70,0.0,0.0,
7.9.2026,23:1:25.296,1.2,3.9,7.650,94.9,70,0.0,0.0,
7.9.2026,23:1:25.510,7.9,5.9,7.689,180.5,68,0.0,0.0,
7.9.2026,23:1:25.725,0.0,5.4,6.255,175.5,38,0.0,0.0,
7.9.2026,23:1:25.921,0.0,5.4,7.928,175.5,38,0.0,0.0,
7.9.2026,23:1:26.135,5.6,2.3,8.099,137.5,38,0.0,0.0,
7.9.2026,23:1:26.342,3.1,7.7,7.428,173.4,38,0.0,0.0,
7.9.2026,23:1:26.543,4.2,4.3,8.293,99.3,39,0.0,0.0,
7.9.2026,23:1:26.751,2.5,3.7,7.648,155.5,38,0.0,0.0,
7.9.2026,23:1:26.959,3.4,6.5,7.785,193.9,39,0.0,0.0,
7.9.2026,23:1:27.159,6.2,3.8,7.638,108.6,39,0.0,0.0,
7.9.2026,23:1:27.355,7.8,10.4,8.501,225.8,39,0.0,0.0,
7.9.2026,23:1:27.567,0.0,1.9,8.501,110.5,39,0.0,0.0,
7.9.2026,23:1:27.775,1.8,4.4,8.066,114.4,39,0.0,0.0,
7.9.2026,23:1:27.966,1.8,4.4,7.469,114.4,39,0.0,0.0,
7.9.2026,23:1:28.175,9.9,5.8,7.924,177.1,39,0.0,0.0,
7.9.2026,23:1:28.384,9.6,4.2,8.072,509.4,38,0.0,0.0,
7.9.2026,23:1:28.575,9.6,4.2,8.072,509.4,38,0.0,0.0,
7.9.2026,23:1:28.782,8.4,10.5,7.796,114.1,38,0.0,0.0,
7.9.2026,23:1:28.995,0.2,1.1,7.715,66.2,39,0.0,0.0,
7.9.2026,23:1:29.195,2.2,3.2,7.458,201.2,39,0.0,0.0,
7.9.2026,23:1:29.389,3.3,5.0,8.044,88.4,39,0.0,0.0,
7.9.2026,23:1:29.601,8.6,9.6,8.044,159.3,57,0.0,0.0,
7.9.2026,23:1:29.795,0.0,5.7,9.599,86.0,57,0.0,0.0,
7.9.2026,23:1:29.999,19.3,12.8,8.827,325.6,43,0.0,0.0,
7.9.2026,23:1:30.211,8.0,5.1,9.168,186.8,46,0.0,0.0,
7.9.2026,23:1:30.408,2.7,6.4,9.155,235.2,53,0.0,0.0,
7.9.2026,23:1:30.617,7.0,7.7,9.326,200.9,60,0.0,0.0,
7.9.2026,23:1:30.824,2.0,3.7,7.990,162.7,59,0.0,0.0,
7.9.2026,23:1:31.040,8.7,10.1,9.500,172.8,60,0.0,0.0,
7.9.2026,23:1:31.236,0.4,0.9,6.594,139.6,67,0.0,0.0,
7.9.2026,23:1:31.443,8.7,9.8,10.173,211.8,59,0.0,0.0,
7.9.2026,23:1:31.654,2.9,2.9,7.859,198.7,60,0.0,0.0,
7.9.2026,23:1:31.864,8.7,9.2,7.980,122.4,60,0.0,0.0,
7.9.2026,23:1:32.080,0.0,0.6,6.793,98.1,68,0.0,0.0,
7.9.2026,23:1:32.286,6.9,6.7,6.566,177.0,39,0.0,0.0,
7.9.2026,23:1:32.492,2.5,3.6,7.798,143.0,39,0.0,0.0,
7.9.2026,23:1:32.691,6.5,3.2,7.424,292.6,38,0.0,0.0,
7.9.2026,23:1:32.888,6.0,8.3,7.808,127.9,40,0.0,0.0,
7.9.2026,23:1:33.100,6.7,5.4,8.765,162.9,66,0.0,0.0,
7.9.2026,23:1:33.308,0.0,3.7,7.776,104.8,70,0.0,0.0,
7.9.2026,23:1:33.520,9.1,9.6,7.685,107.2,68,0.0,0.0,
7.9.2026,23:1:33.727,1.2,2.3,7.256,208.8,39,0.0,0.0,
7.9.2026,23:1:33.923,7.6,2.6,8.073,389.4,39,0.0,0.0,
7.9.2026,23:1:34.137,13.3,6.7,8.525,484.8,54,0.0,0.0,
7.9.2026,23:1:34.345,11.1,7.2,7.119,225.8,40,0.0,0.0,
7.9.2026,23:1:34.550,0.9,3.8,7.862,72.0,39,0.0,0.0,
7.9.2026,23:1:34.762,3.6,3.5,8.358,213.1,38,0.0,0.0,
7.9.2026,23:1:34.970,7.4,7.4,7.750,91.4,38,0.0,0.0,
7.9.2026,23:1:35.181,0.0,3.1,7.433,87.8,39,0.0,0.0,
7.9.2026,23:1:35.377,3.9,2.3,7.631,290.4,38,0.0,0.0,
7.9.2026,23:1:35.591,9.0,7.1,8.363,195.7,39,0.0,0.0,
7.9.2026,23:1:35.802,0.0,3.0,7.481,133.0,39,0.0,0.0,
7.9.2026,23:1:36.008,1.9,2.0,9.106,85.8,39,0.0,0.0,
7.9.2026,23:1:36.199,1.9,2.0,7.856,85.8,39,0.0,0.0,
7.9.2026,23:1:36.408,10.2,11.3,7.823,132.1,39,0.0,0.0,
7.9.2026,23:1:36.619,5.8,2.5,7.637,324.4,39,0.0,0.0,
7.9.2026,23:1:36.836,0.0,3.7,7.724,111.4,39,0.0,0.0,
7.9.2026,23:1:37.028,0.0,3.7,7.655,111.4,39,0.0,0.0,
7.9.2026,23:1:37.237,8.0,2.2,7.865,412.9,39,0.0,0.0,
7.9.2026,23:1:37.445,0.9,6.3,7.957,87.4,39,0.0,0.0,
7.9.2026,23:1:37.637,0.9,6.3,8.675,87.4,38,0.0,0.0,
7.9.2026,23:1:37.847,7.8,7.4,8.800,135.4,39,0.0,0.0,
7.9.2026,23:1:38.045,0.0,1.9,7.706,83.8,39,0.0,0.0,
7.9.2026,23:1:38.256,5.8,8.0,8.818,115.5,67,0.0,0.0,
7.9.2026,23:1:38.463,14.3,2.9,7.628,454.6,65,0.0,0.0,
7.9.2026,23:1:38.674,16.7,10.8,7.732,584.5,63,0.0,0.0,
7.9.2026,23:1:38.884,1.8,3.8,7.739,152.5,68,0.0,0.0,
7.9.2026,23:1:39.100,7.2,4.7,7.652,107.7,68,0.0,0.0,
7.9.2026,23:1:39.293,0.0,4.6,6.946,137.5,39,0.0,0.0,
7.9.2026,23:1:39.505,7.1,9.6,8.408,100.6,70,0.0,0.0,
7.9.2026,23:1:39.702,0.3,2.8,7.658,97.5,66,0.0,0.0,
7.9.2026,23:1:39.902,7.6,4.5,8.006,199.4,67,0.0,0.0,
7.9.2026,23:1:40.113,6.3,6.1,7.675,155.2,68,0.0,0.0,
7.9.2026,23:1:40.311,1.0,1.5,8.081,171.6,68,0.0,0.0,
7.9.2026,23:1:40.518,19.4,7.4,7.876,793.2,55,0.0,0.0,
7.9.2026,23:1:40.728,3.3,4.3,7.221,76.8,55,0.0,0.0,
7.9.2026,23:1:40.916,4.9,7.1,9.311,242.2,53,0.0,0.0,
7.9.2026,23:1:41.130,4.8,10.4,7.819,108.4,44,0.0,0.0,
7.9.2026,23:1:41.338,10.7,3.8,8.117,228.1,57,0.0,0.0,
7.9.2026,23:1:41.556,7.8,8.6,8.020,133.7,52,0.0,0.0,
7.9.2026,23:1:41.747,6.3,1.5,7.143,465.0,55,0.0,0.0,
7.9.2026,23:1:41.959,15.4,11.1,9.374,447.0,41,0.0,0.0,
7.9.2026,23:1:42.154,0.0,2.0,9.374,121.0,49,0.0,0.0,
7.9.2026,23:1:42.364,7.8,7.7,7.736,146.1,55,0.0,0.0,
7.9.2026,23:1:42.559,1.1,1.9,7.565,113.5,59,0.0,0.0,
7.9.2026,23:1:42.771,5.2,9.3,8.644,73.6,39,0.0,0.0,
7.9.2026,23:1:42.975,0.6,1.6,9.235,188.7,41,0.0,0.0,
7.9.2026,23:1:43.183,3.7,7.9,9.672,122.0,43,0.0,0.0,
7.9.2026,23:1:43.389,8.1,9.3,9.851,140.1,41,0.0,0.0,
7.9.2026,23:1:43.604,1.1,5.1,10.132,92.1,42,0.0,0.0,
7.9.2026,23:1:43.797,0.0,2.7,9.635,137.5,59,0.0,0.0,
7.9.2026,23:1:44.012,7.3,8.1,8.595,133.5,64,0.0,0.0,
7.9.2026,23:1:44.232,6.6,4.7,7.961,118.6,68,0.0,0.0,
7.9.2026,23:1:44.445,0.0,4.7,7.231,141.0,39,0.0,0.0,
7.9.2026,23:1:44.642,7.7,5.7,7.911,151.9,39,0.0,0.0,
7.9.2026,23:1:44.848,1.0,4.9,7.944,131.2,39,0.0,0.0,
7.9.2026,23:1:45.046,5.5,5.5,8.148,82.9,38,0.0,0.0,
7.9.2026,23:1:45.257,3.6,4.1,7.680,209.2,38,0.0,0.0,
7.9.2026,23:1:45.470,7.1,9.1,8.109,124.8,39,0.0,0.0,
7.9.2026,23:1:45.677,0.8,1.6,7.634,96.4,39,0.0,0.0,
7.9.2026,23:1:45.884,9.1,6.3,7.683,501.1,39,0.0,0.0,
7.9.2026,23:1:46.103,6.0,6.1,7.463,92.1,39,0.0,0.0,
7.9.2026,23:1:46.294,7.5,5.5,7.659,186.4,41,0.0,0.0,
7.9.2026,23:1:46.504,1.5,3.7,7.920,109.7,39,0.0,0.0,
7.9.2026,23:1:46.709,1.3,6.1,7.812,144.6,39,0.0,0.0,
7.9.2026,23:1:46.923,6.4,5.0,8.150,82.3,38,0.0,0.0,
7.9.2026,23:1:47.137,0.0,3.0,7.923,95.9,39,0.0,0.0,
7.9.2026,23:1:47.343,8.5,6.6,7.858,172.6,39,0.0,0.0,
7.9.2026,23:1:47.552,0.3,4.4,7.835,84.3,39,0.0,0.0,
7.9.2026,23:1:47.745,7.1,9.9,7.721,76.0,39,0.0,0.0,
7.9.2026,23:1:47.952,0.7,2.1,7.763,90.2,38,0.0,0.0,
7.9.2026,23:1:48.163,0.0,2.2,7.949,72.7,39,0.0,0.0,
7.9.2026,23:1:48.367,4.9,6.8,7.703,146.4,39,0.0,0.0,
7.9.2026,23:1:48.558,7.2,8.8,8.050,109.7,38,0.0,0.0,
7.9.2026,23:1:48.770,0.9,1.6,7.931,136.4,38,0.0,0.0,
7.9.2026,23:1:48.977,1.8,3.0,7.572,145.8,39,0.0,0.0,
7.9.2026,23:1:49.169,1.8,3.0,7.765,145.8,39,0.0,0.0,
7.9.2026,23:1:49.378,7.4,5.6,7.637,64.7,39,0.0,0.0,
7.9.2026,23:1:49.588,7.1,6.9,7.707,98.7,39,0.0,0.0,
7.9.2026,23:1:49.801,0.0,3.1,8.708,137.4,39,0.0,0.0,
7.9.2026,23:1:50.011,1.1,5.5,7.855,95.3,39,0.0,0.0,
7.9.2026,23:1:50.217,10.7,8.4,7.602,243.0,38,0.0,0.0,
7.9.2026,23:1:50.430,0.0,4.4,8.841,89.7,39,0.0,0.0,
7.9.2026,23:1:50.639,14.7,6.5,7.491,411.0,39,0.0,0.0,
7.9.2026,23:1:50.849,0.0,3.3,8.108,72.5,38,0.0,0.0,
7.9.2026,23:1:51.055,1.5,5.3,7.720,125.8,39,0.0,0.0,
7.9.2026,23:1:51.251,9.9,9.7,7.721,261.7,39,0.0,0.0,
7.9.2026,23:1:51.460,2.4,1.3,8.787,163.8,39,0.0,0.0,
7.9.2026,23:1:51.652,2.4,1.3,7.842,163.8,39,0.0,0.0,
7.9.2026,23:1:51.865,8.7,10.3,7.763,141.4,39,0.0,0.0,
7.9.2026,23:1:52.060,0.9,3.3,7.962,177.6,39,0.0,0.0,
7.9.2026,23:1:52.268,5.9,8.1,8.522,79.1,70,0.0,0.0,
7.9.2026,23:1:52.481,3.4,2.5,8.340,227.4,67,0.0,0.0,
7.9.2026,23:1:52.688,0.0,3.8,6.928,135.8,38,0.0,0.0,
7.9.2026,23:1:52.886,0.0,3.8,9.108,135.8,38,0.0,0.0,
7.9.2026,23:1:53.099,18.6,7.8,8.312,595.4,39,0.0,0.0,
7.9.2026,23:1:53.307,0.0,4.0,7.793,79.0,38,0.0,0.0,
7.9.2026,23:1:53.516,9.0,8.6,8.638,158.6,38,0.0,0.0,
7.9.2026,23:1:53.723,0.0,3.0,8.409,89.1,39,0.0,0.0,
7.9.2026,23:1:53.917,1.9,5.6,8.339,98.4,39,0.0,0.0,
7.9.2026,23:1:54.129,7.6,5.8,8.958,147.1,67,0.0,0.0,
7.9.2026,23:1:54.335,0.0,2.7,7.407,102.0,70,0.0,0.0,
7.9.2026,23:1:54.527,3.0,5.2,7.873,184.8,67,0.0,0.0,
7.9.2026,23:1:54.739,10.2,10.5,8.283,278.5,66,0.0,0.0,
7.9.2026,23:1:54.933,1.4,2.1,7.271,81.9,67,0.0,0.0,
7.9.2026,23:1:55.141,8.2,11.2,8.715,155.8,58,0.0,0.0,
7.9.2026,23:1:55.354,1.4,3.7,7.816,131.2,59,0.0,0.0,
7.9.2026,23:1:55.561,6.0,6.3,7.005,109.0,68,0.0,0.0,
7.9.2026,23:1:55.773,0.5,2.9,7.583,71.2,68,0.0,0.0,
7.9.2026,23:1:55.964,0.0,0.6,6.594,144.6,39,0.0,0.0,
7.9.2026,23:1:56.175,10.3,7.5,8.801,179.4,66,0.0,0.0,
7.9.2026,23:1:56.371,1.1,3.8,8.801,108.1,71,0.0,0.0,
7.9.2026,23:1:56.586,7.9,5.4,7.458,196.1,70,0.0,0.0,
7.9.2026,23:1:56.776,0.0,4.2,6.648,86.5,39,0.0,0.0,
7.9.2026,23:1:56.993,22.9,15.3,10.397,492.5,68,0.0,0.0,
7.9.2026,23:1:57.183,0.0,3.1,6.839,201.7,39,0.0,0.0,
7.9.2026,23:1:57.402,24.2,8.9,9.230,798.6,66,0.0,0.0,
7.9.2026,23:1:57.612,7.7,7.7,6.850,245.3,40,0.0,0.0,
7.9.2026,23:1:57.825,0.0,3.7,9.285,66.1,39,0.0,0.0,
7.9.2026,23:1:58.042,4.1,5.9,7.673,143.6,39,0.0,0.0,
7.9.2026,23:1:58.252,0.6,6.3,9.762,159.3,39,0.0,0.0,
7.9.2026,23:1:58.460,4.7,5.0,9.443,283.4,40,0.0,0.0,
7.9.2026,23:1:58.659,5.6,6.9,9.429,185.3,39,0.0,0.0,
7.9.2026,23:1:58.855,5.6,6.9,9.429,185.3,41,0.0,0.0,
7.9.2026,23:1:59.069,7.6,3.0,9.366,493.1,39,0.0,0.0,
7.9.2026,23:1:59.276,6.2,6.3,8.110,77.1,41,0.0,0.0,
7.9.2026,23:1:59.487,2.0,3.7,8.014,157.0,39,0.0,0.0,
7.9.2026,23:1:59.692,5.9,5.0,7.884,79.0,40,0.0,0.0,
7.9.2026,23:1:59.898,0.0,5.5,7.757,85.4,40,0.0,0.0,
7.9.2026,23:2:0.111,19.6,7.6,7.708,639.4,39,0.0,0.0,
7.9.2026,23:2:0.326,0.0,1.8,7.590,134.5,39,0.0,0.0,
7.9.2026,23:2:0.533,9.3,10.4,8.796,283.0,39,0.0,0.0,
7.9.2026,23:2:0.728,7.7,7.6,8.796,165.2,39,0.0,0.0,
7.9.2026,23:2:0.936,3.2,1.5,8.124,175.6,40,0.0,0.0,
7.9.2026,23:2:1.148,0.0,5.8,8.187,122.0,39,0.0,0.0,
7.9.2026,23:2:1.340,0.0,5.8,7.953,122.0,39,0.0,0.0,
7.9.2026,23:2:1.547,8.5,6.3,7.637,113.6,39,0.0,0.0,
7.9.2026,23:2:1.756,4.7,3.8,9.503,298.3,39,0.0,0.0,
7.9.2026,23:2:1.951,4.7,3.8,8.145,298.3,39,0.0,0.0,
7.9.2026,23:2:2.164,6.9,6.8,7.729,120.0,39,0.0,0.0,
7.9.2026,23:2:2.356,0.0,2.7,7.636,104.8,38,0.0,0.0,
7.9.2026,23:2:2.566,13.7,10.6,8.833,384.2,68,0.0,0.0,
7.9.2026,23:2:2.773,2.7,3.2,8.104,194.7,70,0.0,0.0,
7.9.2026,23:2:2.972,1.8,3.5,7.785,152.2,70,0.0,0.0,
7.9.2026,23:2:3.178,6.2,5.9,7.661,147.6,66,0.0,0.0,
7.9.2026,23:2:3.387,3.1,3.5,7.857,153.9,68,0.0,0.0,
7.9.2026,23:2:3.592,9.9,6.8,8.001,192.0,66,0.0,0.0,
7.9.2026,23:2:3.807,2.2,3.2,7.757,126.9,70,0.0,0.0,
7.9.2026,23:2:4.009,0.0,4.1,6.642,112.2,38,0.0,0.0,
7.9.2026,23:2:4.223,0.0,3.0,7.990,92.6,39,0.0,0.0,
7.9.2026,23:2:4.431,1.9,4.4,7.766,109.0,38,0.0,0.0,
7.9.2026,23:2:4.626,7.9,6.5,8.155,161.7,39,0.0,0.0,
7.9.2026,23:2:4.833,1.9,3.3,7.964,99.1,39,0.0,0.0,
7.9.2026,23:2:5.042,11.8,6.7,7.639,269.2,39,0.0,0.0,
7.9.2026,23:2:5.250,1.0,4.1,8.072,116.2,38,0.0,0.0,
7.9.2026,23:2:5.461,0.0,2.2,7.502,108.5,39,0.0,0.0,
7.9.2026,23:2:5.658,0.0,2.2,7.543,108.5,39,0.0,0.0,
7.9.2026,23:2:5.863,8.9,6.6,7.971,151.7,39,0.0,0.0,
7.9.2026,23:2:6.076,7.8,4.1,7.862,154.8,39,0.0,0.0,
7.9.2026,23:2:6.290,0.0,2.2,7.749,116.9,39,0.0,0.0,
7.9.2026,23:2:6.489,4.7,9.1,8.178,111.0,39,0.0,0.0,
7.9.2026,23:2:6.684,8.2,6.4,7.700,150.8,39,0.0,0.0,
7.9.2026,23:2:6.898,0.0,2.1,7.775,94.1,39,0.0,0.0,
7.9.2026,23:2:7.096,7.9,6.4,7.836,141.5,39,0.0,0.0,
7.9.2026,23:2:7.301,10.3,4.5,7.907,519.0,39,0.0,0.0,
7.9.2026,23:2:7.498,10.3,4.5,7.806,519.0,39,0.0,0.0,
7.9.2026,23:2:7.704,5.3,8.2,7.418,76.0,38,0.0,0.0,
7.9.2026,23:2:7.905,1.2,3.4,7.472,91.5,39,0.0,0.0,
7.9.2026,23:2:8.105,4.9,5.1,7.640,118.4,39,0.0,0.0,
7.9.2026,23:2:8.320,0.0,1.7,7.626,85.7,39,0.0,0.0,
7.9.2026,23:2:8.525,9.0,4.2,7.874,379.0,39,0.0,0.0,
7.9.2026,23:2:8.723,4.9,5.0,7.691,137.1,39,0.0,0.0,
7.9.2026,23:2:8.920,6.0,9.6,8.098,102.2,39,0.0,0.0,
7.9.2026,23:2:9.134,0.0,3.2,7.904,60.9,39,0.0,0.0,
7.9.2026,23:2:9.325,9.3,10.4,7.269,146.9,39,0.0,0.0,
7.9.2026,23:2:9.531,4.0,3.1,9.231,261.3,39,0.0,0.0,
7.9.2026,23:2:9.743,0.4,5.0,9.023,171.2,39,0.0,0.0,
7.9.2026,23:2:9.939,0.4,5.0,8.694,171.2,39,0.0,0.0,
7.9.2026,23:2:10.153,7.7,4.4,7.700,167.2,38,0.0,0.0,
7.9.2026,23:2:10.365,0.3,6.9,9.449,133.9,39,0.0,0.0,
7.9.2026,23:2:10.574,10.4,9.2,8.014,140.6,39,0.0,0.0,
7.9.2026,23:2:10.783,1.6,5.1,7.631,159.2,39,0.0,0.0,
7.9.2026,23:2:10.979,21.9,10.0,7.631,838.3,40,0.0,0.0,
7.9.2026,23:2:11.192,2.5,2.7,8.983,261.0,39,0.0,0.0,
7.9.2026,23:2:11.401,0.0,2.8,8.528,83.7,39,0.0,0.0,
7.9.2026,23:2:11.591,7.7,11.8,7.757,73.1,39,0.0,0.0,
7.9.2026,23:2:11.803,1.2,1.3,7.946,131.6,39,0.0,0.0,
7.9.2026,23:2:12.008,7.2,5.9,8.099,112.4,39,0.0,0.0,
7.9.2026,23:2:12.203,9.3,4.9,8.209,380.0,39,0.0,0.0,
7.9.2026,23:2:12.409,2.0,5.1,9.117,143.9,39,0.0,0.0,
7.9.2026,23:2:12.615,1.7,3.8,7.821,149.4,39,0.0,0.0,
7.9.2026,23:2:12.822,15.6,7.1,7.588,437.8,39,0.0,0.0,
7.9.2026,23:2:13.030,3.4,4.6,8.061,215.8,39,0.0,0.0,
7.9.2026,23:2:13.230,6.0,9.3,8.339,133.2,39,0.0,0.0,
7.9.2026,23:2:13.444,0.0,3.4,8.092,96.3,38,0.0,0.0,
7.9.2026,23:2:13.642,6.4,7.9,7.973,98.9,39,0.0,0.0,
7.9.2026,23:2:13.856,1.7,4.4,7.853,152.6,39,0.0,0.0,
7.9.2026,23:2:14.063,10.2,4.5,7.918,332.0,39,0.0,0.0,
7.9.2026,23:2:14.262,5.9,6.7,7.804,130.5,39,0.0,0.0,
7.9.2026,23:2:14.472,5.6,3.8,7.739,455.6,39,0.0,0.0,
7.9.2026,23:2:14.685,3.2,2.8,8.929,124.2,39,0.0,0.0,
7.9.2026,23:2:14.899,7.5,8.3,8.007,105.7,38,0.0,0.0,
7.9.2026,23:2:15.112,7.5,5.6,7.528,158.9,39,0.0,0.0,
7.9.2026,23:2:15.314,3.0,5.1,7.810,121.7,39,0.0,0.0,
7.9.2026,23:2:15.532,0.0,1.1,7.613,117.8,39,0.0,0.0,
7.9.2026,23:2:15.742,5.1,5.8,7.458,136.4,39,0.0,0.0,
7.9.2026,23:2:15.943,5.9,7.9,7.961,68.0,38,0.0,0.0,
7.9.2026,23:2:16.157,0.0,3.1,7.732,162.5,39,0.0,0.0,
7.9.2026,23:2:16.364,7.4,7.5,8.295,164.4,39,0.0,0.0,
7.9.2026,23:2:16.565,6.2,6.7,7.886,102.7,38,0.0,0.0,
7.9.2026,23:2:16.773,0.3,1.2,8.073,160.4,38,0.0,0.0,
7.9.2026,23:2:16.979,1.2,3.2,7.821,82.9,39,0.0,0.0,
7.9.2026,23:2:17.197,13.3,8.6,7.589,496.7,39,0.0,0.0,
7.9.2026,23:2:17.404,8.1,3.6,7.664,167.2,38,0.0,0.0,
7.9.2026,23:2:17.613,1.1,3.7,7.712,86.7,39,0.0,0.0,
7.9.2026,23:2:17.813,0.0,7.0,7.583,122.4,39,0.0,0.0,
7.9.2026,23:2:18.024,5.8,3.7,7.936,110.7,39,0.0,0.0,
7.9.2026,23:2:18.220,1.7,3.4,7.799,165.4,39,0.0,0.0,
7.9.2026,23:2:18.426,8.6,9.8,7.839,206.1,40,0.0,0.0,
7.9.2026,23:2:18.633,7.5,13.5,7.992,345.8,62,0.0,0.0,
7.9.2026,23:2:18.827,10.9,14.8,17.385,213.6,41,0.0,0.0,
7.9.2026,23:2:19.040,0.1,8.0,15.255,205.6,39,0.0,0.0,
7.9.2026,23:2:19.232,2.0,4.1,12.722,114.5,39,0.0,0.0,
7.9.2026,23:2:19.447,9.1,7.9,8.106,178.0,39,0.0,0.0,
7.9.2026,23:2:19.654,6.4,9.8,7.934,122.8,39,0.0,0.0,
7.9.2026,23:2:19.867,0.0,2.7,9.529,128.3,39,0.0,0.0,
7.9.2026,23:2:20.080,14.3,2.8,7.435,708.8,39,0.0,0.0,
7.9.2026,23:2:20.289,14.3,7.5,7.923,515.1,39,0.0,0.0,
7.9.2026,23:2:20.487,1.7,11.1,9.461,219.3,43,0.0,0.0,
7.9.2026,23:2:20.700,6.5,2.4,8.679,94.2,39,0.0,0.0,
7.9.2026,23:2:20.906,6.9,3.6,7.707,164.1,40,0.0,0.0,
7.9.2026,23:2:21.116,1.4,4.1,8.421,129.1,40,0.0,0.0,
7.9.2026,23:2:21.312,2.2,5.0,8.905,153.4,40,0.0,0.0,
7.9.2026,23:2:21.526,5.4,6.7,8.275,65.8,39,0.0,0.0,
7.9.2026,23:2:21.716,6.2,4.3,7.969,98.7,41,0.0,0.0,
7.9.2026,23:2:21.923,2.0,4.4,8.080,140.4,39,0.0,0.0,
7.9.2026,23:2:22.133,2.1,7.7,8.340,134.1,47,0.0,0.0,
7.9.2026,23:2:22.338,4.4,3.4,8.659,217.4,39,0.0,0.0,
7.9.2026,23:2:22.532,8.9,7.3,7.750,179.2,40,0.0,0.0,
7.9.2026,23:2:22.740,15.1,3.7,7.666,747.8,39,0.0,0.0,
7.9.2026,23:2:22.953,6.2,10.3,8.515,94.9,39,0.0,0.0,
7.9.2026,23:2:23.164,1.7,3.1,7.938,133.1,41,0.0,0.0,
7.9.2026,23:2:23.355,0.0,2.9,7.661,109.4,39,0.0,0.0,
7.9.2026,23:2:23.569,8.6,7.6,8.113,133.2,39,0.0,0.0,
7.9.2026,23:2:23.760,4.9,1.8,7.680,367.9,39,0.0,0.0,
7.9.2026,23:2:23.965,23.8,19.0,13.162,839.9,50,0.0,0.0,
7.9.2026,23:2:24.176,10.9,20.6,22.657,476.6,52,0.0,0.0,
7.9.2026,23:2:24.384,5.7,4.3,9.889,337.6,40,0.0,0.0,
7.9.2026,23:2:24.590,6.7,7.5,11.015,310.0,44,0.0,0.0,
7.9.2026,23:2:24.796,11.8,9.5,10.150,236.1,39,0.0,0.0,
7.9.2026,23:2:25.003,9.1,6.7,10.242,408.4,49,0.0,0.0,
7.9.2026,23:2:25.215,2.8,5.0,7.950,167.6,39,0.0,0.0,
7.9.2026,23:2:25.429,13.8,9.5,7.938,430.1,39,0.0,0.0,
7.9.2026,23:2:25.620,0.0,2.3,8.178,123.0,40,0.0,0.0,
7.9.2026,23:2:25.831,9.2,5.7,7.748,132.4,39,0.0,0.0,
7.9.2026,23:2:26.045,1.5,4.0,8.053,169.8,38,0.0,0.0,
7.9.2026,23:2:26.251,7.2,10.3,8.569,123.0,40,0.0,0.0,
7.9.2026,23:2:26.469,0.0,4.9,9.702,109.0,39,0.0,0.0,
7.9.2026,23:2:26.678,11.0,5.3,9.854,384.8,39,0.0,0.0,
7.9.2026,23:2:26.872,1.6,2.3,7.977,168.2,39,0.0,0.0,
7.9.2026,23:2:27.085,7.2,8.2,7.839,94.8,39,0.0,0.0,
7.9.2026,23:2:27.283,0.0,1.9,7.977,144.3,39,0.0,0.0,
7.9.2026,23:2:27.490,7.7,6.0,7.796,162.7,38,0.0,0.0,
7.9.2026,23:2:27.683,7.8,6.5,7.549,138.8,39,0.0,0.0,
7.9.2026,23:2:27.891,3.2,4.2,7.928,159.5,39,0.0,0.0,
7.9.2026,23:2:28.097,3.5,4.2,7.820,179.6,39,0.0,0.0,
7.9.2026,23:2:28.298,7.7,9.5,7.820,150.5,39,0.0,0.0,
7.9.2026,23:2:28.504,0.0,3.6,8.575,83.3,39,0.0,0.0,
7.9.2026,23:2:28.700,0.0,2.3,8.209,86.1,39,0.0,0.0,
7.9.2026,23:2:28.905,9.0,10.2,7.424,125.6,39,0.0,0.0,
7.9.2026,23:2:29.118,0.0,2.8,8.293,124.7,39,0.0,0.0,
7.9.2026,23:2:29.316,7.7,7.3,8.028,166.3,38,0.0,0.0,
7.9.2026,23:2:29.522,3.8,4.1,8.320,242.5,39,0.0,0.0,
7.9.2026,23:2:29.731,2.0,4.3,8.271,79.9,39,0.0,0.0,
7.9.2026,23:2:29.944,5.9,5.0,8.125,149.7,39,0.0,0.0,
7.9.2026,23:2:30.142,4.9,6.7,7.477,82.1,38,0.0,0.0,
7.9.2026,23:2:30.353,0.0,3.4,8.008,112.6,39,0.0,0.0,
7.9.2026,23:2:30.542,8.1,8.9,8.317,321.4,39,0.0,0.0,
7.9.2026,23:2:30.752,9.3,6.6,10.559,182.7,39,0.0,0.0,
7.9.2026,23:2:30.959,1.2,4.7,8.269,118.7,39,0.0,0.0,
7.9.2026,23:2:31.153,8.3,6.1,7.991,153.0,40,0.0,0.0,
7.9.2026,23:2:31.367,9.8,2.7,8.107,576.0,39,0.0,0.0,
7.9.2026,23:2:31.559,11.4,9.0,8.139,285.3,40,0.0,0.0,
7.9.2026,23:2:31.766,3.6,4.7,9.817,185.2,39,0.0,0.0,
7.9.2026,23:2:31.978,0.8,5.5,8.175,108.8,39,0.0,0.0,
7.9.2026,23:2:32.176,3.4,4.9,8.337,73.6,39,0.0,0.0,
7.9.2026,23:2:32.386,8.5,5.5,7.908,424.9,41,0.0,0.0,
7.9.2026,23:2:32.578,9.2,6.6,9.856,136.0,39,0.0,0.0,
7.9.2026,23:2:32.785,1.2,4.0,8.215,148.2,39,0.0,0.0,
7.9.2026,23:2:32.990,6.6,5.8,8.351,203.2,38,0.0,0.0,
7.9.2026,23:2:33.184,6.3,9.5,8.244,133.0,39,0.0,0.0,
7.9.2026,23:2:33.396,0.0,3.0,7.915,139.8,39,0.0,0.0,
7.9.2026,23:2:33.606,7.7,9.6,8.557,105.9,41,0.0,0.0,
7.9.2026,23:2:33.817,0.0,1.0,7.816,56.5,39,0.0,0.0,
7.9.2026,23:2:34.012,8.4,8.7,8.744,141.3,39,0.0,0.0,
7.9.2026,23:2:34.233,0.0,3.5,8.744,160.5,41,0.0,0.0,
7.9.2026,23:2:34.438,5.7,6.9,8.944,90.3,41,0.0,0.0,
7.9.2026,23:2:34.651,1.0,3.0,8.146,116.3,39,0.0,0.0,
7.9.2026,23:2:34.860,6.0,8.6,8.101,83.3,39,0.0,0.0,
7.9.2026,23:2:35.070,0.5,1.9,8.035,160.8,39,0.0,0.0,
7.9.2026,23:2:35.266,5.4,7.1,9.261,87.4,39,0.0,0.0,
7.9.2026,23:2:35.477,6.2,4.7,8.788,411.9,39,0.0,0.0,
7.9.2026,23:2:35.669,7.8,8.7,9.078,86.8,39,0.0,0.0,
7.9.2026,23:2:35.882,0.0,3.1,9.821,64.2,40,0.0,0.0,
7.9.2026,23:2:36.078,12.9,7.5,9.031,433.9,40,0.0,0.0,
7.9.2026,23:2:36.282,1.0,4.2,9.497,69.2,39,0.0,0.0,
7.9.2026,23:2:36.480,1.0,4.2,9.315,195.4,40,0.0,0.0,
7.9.2026,23:2:36.689,7.6,7.6,8.860,166.0,40,0.0,0.0,
7.9.2026,23:2:36.894,3.0,5.6,8.962,130.9,40,0.0,0.0,
7.9.2026,23:2:37.103,1.5,5.8,8.868,141.2,39,0.0,0.0,
7.9.2026,23:2:37.316,0.0,2.6,8.818,68.3,39,0.0,0.0,
7.9.2026,23:2:37.514,7.5,5.8,8.818,125.7,39,0.0,0.0,
7.9.2026,23:2:37.718,6.7,5.2,8.108,325.7,39,0.0,0.0,
7.9.2026,23:2:37.929,1.0,4.3,8.465,194.9,39,0.0,0.0,
7.9.2026,23:2:38.131,7.2,10.4,8.446,189.4,39,0.0,0.0,
7.9.2026,23:2:38.328,7.5,7.1,8.264,258.5,39,0.0,0.0,
7.9.2026,23:2:38.538,4.9,4.4,8.688,342.1,39,0.0,0.0,
7.9.2026,23:2:38.743,0.9,4.3,8.529,100.4,39,0.0,0.0,
7.9.2026,23:2:38.935,13.0,8.7,8.183,312.1,38,0.0,0.0,
7.9.2026,23:2:39.147,0.0,2.1,8.078,101.0,40,0.0,0.0,
7.9.2026,23:2:39.346,0.0,2.1,8.229,101.0,40,0.0,0.0,
7.9.2026,23:2:39.542,6.0,8.5,7.865,138.4,39,0.0,0.0,
7.9.2026,23:2:39.755,12.4,12.4,9.840,266.2,70,0.0,0.0,
7.9.2026,23:2:39.950,0.0,1.8,7.938,89.2,39,0.0,0.0,
7.9.2026,23:2:40.164,13.5,8.1,10.326,388.6,71,0.0,0.0,
7.9.2026,23:2:40.357,0.0,2.9,6.939,157.5,39,0.0,0.0,
7.9.2026,23:2:40.568,11.7,16.7,10.137,179.3,72,0.0,0.0,
7.9.2026,23:2:40.770,0.5,1.3,9.260,170.1,67,0.0,0.0,
7.9.2026,23:2:40.980,10.6,5.6,8.080,366.8,70,0.0,0.0,
7.9.2026,23:2:41.202,10.0,13.0,11.433,275.8,68,0.0,0.0,
7.9.2026,23:2:41.414,8.1,3.5,6.715,377.8,40,0.0,0.0,
7.9.2026,23:2:41.614,0.0,5.9,7.596,69.1,39,0.0,0.0,
7.9.2026,23:2:41.815,6.2,5.6,7.978,141.8,39,0.0,0.0,
7.9.2026,23:2:42.025,4.3,7.1,9.714,144.0,39,0.0,0.0,
7.9.2026,23:2:42.235,9.4,5.2,10.704,215.9,41,0.0,0.0,
7.9.2026,23:2:42.449,15.4,7.9,9.902,575.9,39,0.0,0.0,
7.9.2026,23:2:42.655,9.1,7.6,7.673,424.5,40,0.0,0.0,
7.9.2026,23:2:42.866,3.8,1.8,8.668,292.2,39,0.0,0.0,
7.9.2026,23:2:43.063,7.7,9.5,7.938,134.1,39,0.0,0.0,
7.9.2026,23:2:43.270,3.9,4.0,8.243,216.0,39,0.0,0.0,
7.9.2026,23:2:43.464,3.9,4.0,8.952,216.0,39,0.0,0.0,
7.9.2026,23:2:43.675,10.2,9.5,8.071,242.3,39,0.0,0.0,
7.9.2026,23:2:43.882,1.4,3.1,7.990,130.6,38,0.0,0.0,
7.9.2026,23:2:44.078,3.0,1.9,7.893,210.9,39,0.0,0.0,
7.9.2026,23:2:44.286,6.9,7.6,10.626,158.3,68,0.0,0.0,
7.9.2026,23:2:44.481,3.4,5.6,8.084,190.8,67,0.0,0.0,
7.9.2026,23:2:44.693,4.5,9.1,8.242,109.2,54,0.0,0.0,
7.9.2026,23:2:44.889,3.0,2.8,7.552,139.5,68,0.0,0.0,
7.9.2026,23:2:45.103,7.2,9.6,7.789,112.3,70,0.0,0.0,
7.9.2026,23:2:45.299,0.0,2.1,7.678,123.5,71,0.0,0.0,
7.9.2026,23:2:45.505,11.8,6.8,7.921,361.4,71,0.0,0.0,
7.9.2026,23:2:45.701,1.9,6.0,8.103,116.9,71,0.0,0.0,
7.9.2026,23:2:45.915,8.7,5.7,8.210,191.5,69,0.0,0.0,
7.9.2026,23:2:46.107,0.0,4.1,6.263,123.2,40,0.0,0.0,
7.9.2026,23:2:46.318,9.4,7.0,8.934,174.3,70,0.0,0.0,
7.9.2026,23:2:46.531,0.0,3.4,7.820,92.5,70,0.0,0.0,
7.9.2026,23:2:46.740,5.4,9.6,7.585,92.6,70,0.0,0.0,
7.9.2026,23:2:46.946,1.6,3.4,7.812,131.0,70,0.0,0.0,
7.9.2026,23:2:47.141,0.7,1.1,7.608,78.8,71,0.0,0.0,
7.9.2026,23:2:47.354,9.1,10.8,8.955,163.3,60,0.0,0.0,
7.9.2026,23:2:47.551,0.0,2.1,6.854,61.4,70,0.0,0.0,
7.9.2026,23:2:47.748,7.7,8.0,7.756,160.2,67,0.0,0.0,
7.9.2026,23:2:47.963,8.0,5.3,8.031,204.6,68,0.0,0.0,
7.9.2026,23:2:48.172,1.2,6.7,6.230,151.5,39,0.0,0.0,
7.9.2026,23:2:48.383,0.0,1.8,8.173,82.9,39,0.0,0.0,
7.9.2026,23:2:48.579,5.3,9.8,7.678,47.1,39,0.0,0.0,
7.9.2026,23:2:48.792,0.0,4.2,7.683,142.9,39,0.0,0.0,
7.9.2026,23:2:49.006,11.0,8.5,8.297,203.5,38,0.0,0.0,
7.9.2026,23:2:49.203,12.1,7.4,8.387,437.1,39,0.0,0.0,
7.9.2026,23:2:49.401,5.0,6.9,7.786,149.5,41,0.0,0.0,
7.9.2026,23:2:49.615,0.0,2.1,8.227,59.8,40,0.0,0.0,
7.9.2026,23:2:49.810,19.0,8.2,7.650,682.6,39,0.0,0.0,
7.9.2026,23:2:50.018,0.0,3.7,7.563,89.6,39,0.0,0.0,
7.9.2026,23:2:50.228,7.2,3.6,7.907,133.8,39,0.0,0.0,
7.9.2026,23:2:50.443,0.0,5.5,7.925,114.0,39,0.0,0.0,
7.9.2026,23:2:50.634,6.9,11.7,7.918,82.6,39,0.0,0.0,
7.9.2026,23:2:50.851,0.0,1.5,9.247,72.9,39,0.0,0.0,
7.9.2026,23:2:51.048,0.0,1.5,9.141,72.9,39,0.0,0.0,
7.9.2026,23:2:51.259,6.5,6.5,7.844,126.4,39,0.0,0.0,
7.9.2026,23:2:51.449,3.1,5.0,7.968,195.1,38,0.0,0.0,
7.9.2026,23:2:51.659,10.9,8.5,10.601,243.5,68,0.0,0.0,
7.9.2026,23:2:51.866,3.8,5.5,8.023,260.3,71,0.0,0.0,
7.9.2026,23:2:52.059,2.5,2.0,8.302,130.3,71,0.0,0.0,
7.9.2026,23:2:52.267,8.6,10.4,8.770,127.1,64,0.0,0.0,
7.9.2026,23:2:52.475,4.0,2.3,8.459,199.9,64,0.0,0.0,
7.9.2026,23:2:52.670,3.3,4.5,8.459,207.8,71,0.0,0.0,
7.9.2026,23:2:52.874,7.8,10.1,9.022,112.3,44,0.0,0.0,
7.9.2026,23:2:53.085,1.4,3.2,7.460,80.7,42,0.0,0.0,
7.9.2026,23:2:53.276,0.0,2.2,7.460,96.5,40,0.0,0.0,
7.9.2026,23:2:53.489,9.7,8.3,7.646,169.3,40,0.0,0.0,
7.9.2026,23:2:53.696,5.4,2.4,7.832,355.8,39,0.0,0.0,
7.9.2026,23:2:53.898,1.4,6.9,7.575,126.3,39,0.0,0.0,
7.9.2026,23:2:54.093,3.9,5.7,7.701,93.5,39,0.0,0.0,
7.9.2026,23:2:54.299,7.1,6.5,7.889,121.6,39,0.0,0.0,
7.9.2026,23:2:54.514,4.0,5.7,8.030,187.5,40,0.0,0.0,
7.9.2026,23:2:54.727,4.2,3.3,7.372,79.6,39,0.0,0.0,
7.9.2026,23:2:54.919,5.0,8.5,7.372,77.7,45,0.0,0.0,
7.9.2026,23:2:55.136,2.4,3.5,7.891,158.2,39,0.0,0.0,
7.9.2026,23:2:55.353,3.9,8.8,7.806,82.5,41,0.0,0.0,
7.9.2026,23:2:55.552,5.9,4.7,7.852,177.7,59,0.0,0.0,
7.9.2026,23:2:55.749,0.0,3.3,7.080,150.7,40,0.0,0.0,
7.9.2026,23:2:55.958,7.2,8.9,10.569,111.2,45,0.0,0.0,
7.9.2026,23:2:56.153,0.0,4.7,10.569,93.2,44,0.0,0.0,
7.9.2026,23:2:56.358,6.9,8.3,9.224,87.2,41,0.0,0.0,
7.9.2026,23:2:56.566,9.5,5.3,9.544,493.7,39,0.0,0.0,
7.9.2026,23:2:56.775,1.3,2.8,9.559,105.6,39,0.0,0.0,
7.9.2026,23:2:56.987,9.0,11.0,9.030,137.1,40,0.0,0.0,
7.9.2026,23:2:57.195,0.0,2.4,9.839,96.8,40,0.0,0.0,
7.9.2026,23:2:57.400,2.2,6.8,10.282,133.5,40,0.0,0.0,
7.9.2026,23:2:57.612,11.5,7.8,10.059,246.8,40,0.0,0.0,
7.9.2026,23:2:57.817,0.0,6.4,9.662,81.6,39,0.0,0.0,
7.9.2026,23:2:58.015,2.2,3.5,9.662,133.9,39,0.0,0.0,
7.9.2026,23:2:58.223,4.6,7.4,7.865,70.8,39,0.0,0.0,
7.9.2026,23:2:58.419,1.6,4.1,7.405,122.8,38,0.0,0.0,
7.9.2026,23:2:58.627,6.5,6.7,8.202,103.3,39,0.0,0.0,
7.9.2026,23:2:58.838,1.0,2.3,7.885,90.9,39,0.0,0.0,
7.9.2026,23:2:59.034,1.3,3.8,8.031,138.0,39,0.0,0.0,
7.9.2026,23:2:59.249,5.4,4.5,7.702,141.3,40,0.0,0.0,
7.9.2026,23:2:59.455,6.2,8.7,7.818,92.0,39,0.0,0.0,
7.9.2026,23:2:59.662,15.1,4.3,8.081,747.3,39,0.0,0.0,
7.9.2026,23:2:59.875,0.0,3.3,9.196,57.9,39,0.0,0.0,
7.9.2026,23:3:0.087,6.9,9.1,8.845,112.9,39,0.0,0.0,
7.9.2026,23:3:0.292,0.3,3.9,9.317,115.5,39,0.0,0.0,
7.9.2026,23:3:0.499,21.0,9.7,9.694,764.8,39,0.0,0.0,
7.9.2026,23:3:0.709,1.6,3.1,9.471,111.1,39,0.0,0.0,
7.9.2026,23:3:0.905,0.0,4.2,9.654,118.0,40,0.0,0.0,
7.9.2026,23:3:1.121,7.0,8.4,9.684,128.1,39,0.0,0.0,
7.9.2026,23:3:1.328,6.5,6.9,9.725,218.3,39,0.0,0.0,
7.9.2026,23:3:1.537,1.4,3.8,9.383,121.7,39,0.0,0.0,
7.9.2026,23:3:1.742,1.9,4.7,9.336,169.9,39,0.0,0.0,
7.9.2026,23:3:1.935,3.7,7.0,9.254,199.4,39,0.0,0.0,
7.9.2026,23:3:2.145,8.2,7.6,11.208,129.4,40,0.0,0.0,
7.9.2026,23:3:2.352,0.8,4.4,9.844,100.4,40,0.0,0.0,
7.9.2026,23:3:2.545,7.7,7.8,9.366,122.4,39,0.0,0.0,
7.9.2026,23:3:2.748,7.8,6.3,9.683,421.6,41,0.0,0.0,
7.9.2026,23:3:2.962,1.9,5.8,9.932,211.8,39,0.0,0.0,
7.9.2026,23:3:3.154,7.7,9.9,10.805,77.7,39,0.0,0.0,
7.9.2026,23:3:3.359,2.4,4.7,9.184,146.3,39,0.0,0.0,
7.9.2026,23:3:3.560,0.0,4.8,9.482,142.2,39,0.0,0.0,
7.9.2026,23:3:3.771,3.3,7.2,9.155,70.9,39,0.0,0.0,
7.9.2026,23:3:3.984,2.5,4.7,9.150,145.7,39,0.0,0.0,
7.9.2026,23:3:4.193,5.5,7.9,9.843,74.9,39,0.0,0.0,
7.9.2026,23:3:4.387,5.8,6.0,9.605,83.4,39,0.0,0.0,
7.9.2026,23:3:4.597,2.1,7.9,7.855,175.9,39,0.0,0.0,
7.9.2026,23:3:4.805,2.4,2.7,9.548,185.8,40,0.0,0.0,
7.9.2026,23:3:5.001,8.1,7.5,7.498,122.8,39,0.0,0.0,
7.9.2026,23:3:5.207,0.9,3.0,8.032,101.3,39,0.0,0.0,
7.9.2026,23:3:5.415,57.1,17.4,7.727,2410.4,49,0.0,0.0,
7.9.2026,23:3:5.621,9.9,19.5,15.944,158.5,46,0.0,0.0,
7.9.2026,23:3:5.831,1.5,2.9,18.684,111.4,39,0.0,0.0,
7.9.2026,23:3:6.045,2.6,4.3,8.557,146.6,41,0.0,0.0,
7.9.2026,23:3:6.258,4.5,6.7,7.884,68.8,39,0.0,0.0,
7.9.2026,23:3:6.455,2.3,2.1,7.621,64.6,39,0.0,0.0,
7.9.2026,23:3:6.659,2.2,3.4,7.223,263.9,41,0.0,0.0,
7.9.2026,23:3:6.874,3.8,5.3,8.227,54.2,39,0.0,0.0,
7.9.2026,23:3:7.081,4.7,7.1,7.761,87.9,39,0.0,0.0,
7.9.2026,23:3:7.281,12.1,5.1,7.928,398.2,40,0.0,0.0,
7.9.2026,23:3:7.491,5.1,4.1,7.484,379.4,39,0.0,0.0,
7.9.2026,23:3:7.686,7.9,5.1,7.821,162.1,39,0.0,0.0,
7.9.2026,23:3:7.892,0.5,7.3,7.732,80.0,41,0.0,0.0,
7.9.2026,23:3:8.102,1.8,2.6,9.503,180.3,41,0.0,0.0,
7.9.2026,23:3:8.294,7.6,6.7,9.503,89.8,39,0.0,0.0,
7.9.2026,23:3:8.510,4.5,9.3,9.406,110.6,41,0.0,0.0,
7.9.2026,23:3:8.722,0.6,2.2,9.515,140.6,41,0.0,0.0,
7.9.2026,23:3:8.919,5.3,9.1,9.465,106.1,41,0.0,0.0,
7.9.2026,23:3:9.127,1.9,5.5,10.015,156.3,39,0.0,0.0,
7.9.2026,23:3:9.333,7.0,4.3,9.996,363.8,40,0.0,0.0,
7.9.2026,23:3:9.529,7.0,8.6,8.752,163.2,40,0.0,0.0,
7.9.2026,23:3:9.736,2.6,6.6,9.716,147.8,39,0.0,0.0,
7.9.2026,23:3:9.946,0.0,3.9,9.341,83.8,39,0.0,0.0,
7.9.2026,23:3:10.143,6.4,8.5,9.102,155.2,40,0.0,0.0,
7.9.2026,23:3:10.353,9.1,4.7,8.020,151.6,39,0.0,0.0,
7.9.2026,23:3:10.543,4.4,4.0,8.020,196.6,39,0.0,0.0,
7.9.2026,23:3:10.756,0.2,5.1,7.637,146.9,39,0.0,0.0,
7.9.2026,23:3:10.950,0.2,5.1,7.637,146.9,41,0.0,0.0,
7.9.2026,23:3:11.156,13.4,7.1,8.036,343.7,39,0.0,0.0,
7.9.2026,23:3:11.367,5.1,10.0,10.038,269.1,40,0.0,0.0,
7.9.2026,23:3:11.563,0.0,1.9,10.038,89.1,39,0.0,0.0,
7.9.2026,23:3:11.777,5.9,6.3,7.634,102.5,39,0.0,0.0,
7.9.2026,23:3:11.983,1.1,4.3,8.295,107.7,41,0.0,0.0,
7.9.2026,23:3:12.193,3.1,5.9,8.581,220.2,47,0.0,0.0,
7.9.2026,23:3:12.398,3.6,2.6,8.137,110.8,39,0.0,0.0,
7.9.2026,23:3:12.595,3.6,2.6,8.137,110.8,39,0.0,0.0,
7.9.2026,23:3:12.809,5.5,6.6,7.634,95.8,41,0.0,0.0,
7.9.2026,23:3:13.016,0.0,4.6,8.262,65.7,41,0.0,0.0,
7.9.2026,23:3:13.225,3.3,4.3,8.057,187.5,41,0.0,0.0,
7.9.2026,23:3:13.430,0.7,5.8,8.245,96.3,41,0.0,0.0,
7.9.2026,23:3:13.626,0.7,5.8,8.245,96.3,39,0.0,0.0,
7.9.2026,23:3:13.840,0.0,3.6,8.327,104.1,39,0.0,0.0,
7.9.2026,23:3:14.030,0.0,3.6,7.827,104.1,39,0.0,0.0,
7.9.2026,23:3:14.240,11.2,8.7,7.692,286.3,39,0.0,0.0,
7.9.2026,23:3:14.447,1.1,6.3,7.825,100.6,38,0.0,0.0,
7.9.2026,23:3:14.658,8.7,7.3,7.492,115.7,39,0.0,0.0,
7.9.2026,23:3:14.873,6.3,4.2,7.720,394.5,39,0.0,0.0,
7.9.2026,23:3:15.080,5.4,5.9,7.449,98.9,40,0.0,0.0,
7.9.2026,23:3:15.291,0.3,3.2,8.067,81.3,39,0.0,0.0,
7.9.2026,23:3:15.498,2.4,3.8,7.860,172.9,38,0.0,0.0,
7.9.2026,23:3:15.710,0.0,4.7,7.628,122.9,39,0.0,0.0,
7.9.2026,23:3:15.907,21.8,6.4,8.413,834.5,39,0.0,0.0,
7.9.2026,23:3:16.117,0.0,3.6,8.349,81.0,40,0.0,0.0,
7.9.2026,23:3:16.312,8.4,6.1,8.144,140.3,39,0.0,0.0,
7.9.2026,23:3:16.517,2.5,3.7,8.183,138.8,39,0.0,0.0,
7.9.2026,23:3:16.724,2.1,4.7,8.302,118.4,39,0.0,0.0,
7.9.2026,23:3:16.931,2.0,4.0,7.823,89.5,39,0.0,0.0,
7.9.2026,23:3:17.127,2.0,4.0,7.665,89.5,39,0.0,0.0,
7.9.2026,23:3:17.333,6.0,5.2,8.270,94.7,39,0.0,0.0,
7.9.2026,23:3:17.539,17.9,19.9,13.700,564.0,39,0.0,0.0,
7.9.2026,23:3:17.733,1.0,3.9,8.235,110.6,40,0.0,0.0,
7.9.2026,23:3:17.945,9.1,10.1,9.677,129.0,71,0.0,0.0,
7.9.2026,23:3:18.135,0.0,4.8,8.016,81.9,70,0.0,0.0,
7.9.2026,23:3:18.345,9.9,8.0,9.240,160.2,62,0.0,0.0,
7.9.2026,23:3:18.551,2.2,2.6,8.813,183.5,60,0.0,0.0,
7.9.2026,23:3:18.763,1.2,4.2,8.169,97.7,70,0.0,0.0,
7.9.2026,23:3:18.976,6.3,8.1,8.460,84.7,66,0.0,0.0,
7.9.2026,23:3:19.168,0.0,1.2,6.667,97.7,71,0.0,0.0,
7.9.2026,23:3:19.385,8.7,8.8,8.853,156.5,57,0.0,0.0,
7.9.2026,23:3:19.589,0.0,2.1,7.023,141.7,71,0.0,0.0,
7.9.2026,23:3:19.781,7.8,5.4,7.736,313.0,68,0.0,0.0,
7.9.2026,23:3:19.991,8.7,7.9,8.120,152.8,67,0.0,0.0,
7.9.2026,23:3:20.205,0.3,2.0,7.519,94.5,70,0.0,0.0,
7.9.2026,23:3:20.419,6.1,4.3,6.501,106.8,40,0.0,0.0,
7.9.2026,23:3:20.627,0.0,4.0,7.811,95.5,39,0.0,0.0,
7.9.2026,23:3:20.835,2.0,4.1,7.939,152.6,39,0.0,0.0,
7.9.2026,23:3:21.030,2.0,4.1,7.822,152.6,39,0.0,0.0,
7.9.2026,23:3:21.241,6.4,8.2,7.502,76.3,41,0.0,0.0,
7.9.2026,23:3:21.437,3.1,3.3,7.987,202.9,39,0.0,0.0,
7.9.2026,23:3:21.642,5.8,5.9,7.880,100.6,39,0.0,0.0,
7.9.2026,23:3:21.850,3.9,5.6,9.277,197.1,41,0.0,0.0,
7.9.2026,23:3:22.044,1.1,4.3,7.565,121.6,39,0.0,0.0,
7.9.2026,23:3:22.253,7.5,3.9,8.720,81.6,70,0.0,0.0,
7.9.2026,23:3:22.455,1.3,6.8,7.103,163.5,39,0.0,0.0,
7.9.2026,23:3:22.653,5.6,4.4,7.622,140.2,39,0.0,0.0,
7.9.2026,23:3:22.864,8.2,10.7,9.404,233.9,39,0.0,0.0,
7.9.2026,23:3:23.074,7.8,5.8,7.662,120.6,40,0.0,0.0,
7.9.2026,23:3:23.284,2.6,5.4,8.042,193.3,41,0.0,0.0,
7.9.2026,23:3:23.479,2.6,5.4,9.156,193.3,41,0.0,0.0,
7.9.2026,23:3:23.691,1.5,2.1,8.881,154.9,40,0.0,0.0,
7.9.2026,23:3:23.896,7.6,6.5,9.174,412.8,40,0.0,0.0,
7.9.2026,23:3:24.091,7.6,6.5,8.256,412.8,40,0.0,0.0,
7.9.2026,23:3:24.298,2.7,3.9,8.469,218.6,40,0.0,0.0,
7.9.2026,23:3:24.507,2.3,4.3,9.419,108.8,39,0.0,0.0,
7.9.2026,23:3:24.703,6.0,6.7,8.673,145.5,43,0.0,0.0,
7.9.2026,23:3:24.915,1.6,5.9,8.895,147.2,43,0.0,0.0,
7.9.2026,23:3:25.105,1.6,5.9,8.403,147.2,43,0.0,0.0,
7.9.2026,23:3:25.313,7.1,7.3,8.043,86.1,44,0.0,0.0,
7.9.2026,23:3:25.526,2.6,3.2,8.124,174.6,41,0.0,0.0,
7.9.2026,23:3:25.722,4.5,4.1,8.124,305.7,41,0.0,0.0,
7.9.2026,23:3:25.928,6.0,6.9,7.218,90.2,40,0.0,0.0,
7.9.2026,23:3:26.144,16.2,7.5,9.058,86.1,39,0.0,0.0,
7.9.2026,23:3:26.350,4.8,8.6,9.249,237.4,39,0.0,0.0,
7.9.2026,23:3:26.543,3.1,4.3,9.249,237.4,40,0.0,0.0,
7.9.2026,23:3:26.753,11.1,9.4,8.113,284.5,39,0.0,0.0,
7.9.2026,23:3:26.963,0.3,3.0,8.834,106.4,39,0.0,0.0,
7.9.2026,23:3:27.151,13.6,5.7,9.026,594.9,40,0.0,0.0,
7.9.2026,23:3:27.364,7.4,12.0,9.182,66.7,67,0.0,0.0,
7.9.2026,23:3:27.570,0.5,2.6,6.638,148.4,39,0.0,0.0,
7.9.2026,23:3:27.776,2.7,2.5,8.850,161.4,70,0.0,0.0,
7.9.2026,23:3:27.989,8.1,11.4,7.779,99.4,66,0.0,0.0,
7.9.2026,23:3:28.195,0.1,0.7,6.829,144.1,39,0.0,0.0,
7.9.2026,23:3:28.403,23.8,16.6,18.879,1057.2,52,0.0,0.0,
7.9.2026,23:3:28.609,25.6,17.2,16.474,845.3,41,0.0,0.0,
7.9.2026,23:3:28.816,0.0,3.9,8.025,78.6,40,0.0,0.0,
7.9.2026,23:3:29.026,3.7,3.6,7.838,192.6,41,0.0,0.0,
7.9.2026,23:3:29.234,7.7,7.8,8.187,143.3,41,0.0,0.0,
7.9.2026,23:3:29.445,2.3,3.4,7.795,141.2,40,0.0,0.0,
7.9.2026,23:3:29.635,1.0,2.8,7.635,120.0,40,0.0,0.0,
7.9.2026,23:3:29.849,8.5,12.1,8.768,112.7,70,0.0,0.0,
7.9.2026,23:3:30.049,0.0,2.0,7.579,135.2,68,0.0,0.0,
7.9.2026,23:3:30.260,4.9,6.3,7.861,124.4,65,0.0,0.0,
7.9.2026,23:3:30.473,12.6,7.7,7.810,370.1,68,0.0,0.0,
7.9.2026,23:3:30.684,0.0,3.9,7.315,97.8,70,0.0,0.0,
7.9.2026,23:3:30.889,7.7,6.3,8.908,87.2,69,0.0,0.0,
7.9.2026,23:3:31.097,1.7,7.4,8.078,109.5,70,0.0,0.0,
7.9.2026,23:3:31.309,0.8,2.5,7.666,95.5,68,0.0,0.0,
7.9.2026,23:3:31.514,13.4,6.8,7.665,394.8,68,0.0,0.0,
7.9.2026,23:3:31.728,8.8,1.7,7.643,435.1,67,0.0,0.0,
7.9.2026,23:3:31.927,0.0,4.1,6.564,115.7,39,0.0,0.0,
7.9.2026,23:3:32.134,14.0,7.5,9.071,594.5,68,0.0,0.0,
7.9.2026,23:3:32.327,7.3,5.4,8.527,300.0,41,0.0,0.0,
7.9.2026,23:3:32.534,7.9,9.0,8.867,80.3,71,0.0,0.0,
7.9.2026,23:3:32.730,1.6,4.1,7.974,152.5,67,0.0,0.0,
7.9.2026,23:3:32.944,5.1,6.7,8.745,70.0,58,0.0,0.0,
7.9.2026,23:3:33.150,0.0,1.9,6.739,123.7,70,0.0,0.0,
7.9.2026,23:3:33.360,12.5,8.1,9.598,301.8,71,0.0,0.0,
7.9.2026,23:3:33.579,12.5,8.1,13.667,301.8,71,0.0,0.0,
7.9.2026,23:3:33.771,12.5,8.1,13.667,301.8,71,0.0,0.0,
7.9.2026,23:3:33.978,12.5,8.1,13.667,301.8,71,0.0,0.0,
7.9.2026,23:3:34.169,12.5,8.1,13.667,301.8,71,0.0,0.0,
7.9.2026,23:3:34.375,12.5,8.1,13.667,301.8,71,0.0,0.0,
7.9.2026,23:3:34.583,12.5,8.1,13.667,301.8,71,0.0,0.0,
7.9.2026,23:3:34.787,12.5,8.1,13.667,301.8,71,0.0,0.0,
7.9.2026,23:3:34.995,12.5,8.1,13.667,301.8,71,0.0,0.0,
7.9.2026,23:3:35.184,12.5,8.1,13.667,301.8,71,0.0,0.0,
7.9.2026,23:3:35.391,12.5,8.1,13.667,301.8,71,0.0,0.0,
7.9.2026,23:3:35.597,12.5,8.1,13.667,301.8,71,0.0,0.0,
7.9.2026,23:3:35.804,12.5,8.1,13.667,301.8,71,0.0,0.0,
7.9.2026,23:3:36.010,12.5,8.1,13.667,301.8,71,0.0,0.0,
7.9.2026,23:3:36.217,12.5,8.1,13.667,301.8,71,0.0,0.0,
7.9.2026,23:3:36.438,12.5,8.1,13.667,301.8,71,0.0,0.0,
7.9.2026,23:3:36.628,12.5,8.1,13.667,301.8,71,0.0,0.0,
7.9.2026,23:3:36.834,12.5,8.1,13.667,301.8,71,0.0,0.0,
7.9.2026,23:3:37.040,12.5,8.1,13.667,301.8,71,0.0,0.0,
7.9.2026,23:3:37.248,12.5,8.1,13.667,301.8,71,0.0,0.0,
7.9.2026,23:3:37.454,12.5,8.1,13.667,301.8,71,0.0,0.0,
7.9.2026,23:3:37.660,12.5,8.1,13.667,301.8,71,0.0,0.0,
7.9.2026,23:3:37.881,12.5,8.1,13.667,301.8,71,0.0,0.0,
7.9.2026,23:3:38.072,12.5,8.1,13.667,301.8,71,0.0,0.0,
7.9.2026,23:3:38.278,12.5,8.1,13.667,301.8,71,0.0,0.0,
7.9.2026,23:3:38.484,12.5,8.1,13.667,301.8,71,0.0,0.0,
7.9.2026,23:3:38.692,12.5,8.1,13.667,301.8,71,0.0,0.0,
7.9.2026,23:3:38.896,29.8,6.0,13.667,1546.8,70,0.0,0.0,
7.9.2026,23:3:39.104,29.8,6.0,13.667,1546.8,70,0.0,0.0,
7.9.2026,23:3:39.293,29.8,6.0,13.667,1546.8,70,0.0,0.0,
7.9.2026,23:3:39.501,29.8,6.0,13.667,1546.8,70,0.0,0.0,
7.9.2026,23:3:39.707,29.8,6.0,13.667,1546.8,70,0.0,0.0,
7.9.2026,23:3:39.913,29.8,6.0,13.667,1546.8,70,0.0,0.0,
7.9.2026,23:3:40.104,29.8,6.0,13.667,1546.8,70,0.0,0.0,
7.9.2026,23:3:40.311,29.8,6.0,13.667,1546.8,70,0.0,0.0,
7.9.2026,23:3:40.517,29.8,6.0,13.667,1546.8,70,0.0,0.0,
7.9.2026,23:3:40.726,29.8,6.0,13.667,1546.8,70,0.0,0.0,
7.9.2026,23:3:40.930,29.8,6.0,13.667,1546.8,70,0.0,0.0,
7.9.2026,23:3:41.120,29.8,6.0,24.294,1546.8,70,0.0,0.0,
7.9.2026,23:3:41.326,29.8,6.0,24.294,1546.8,70,0.0,0.0,
7.9.2026,23:3:41.532,29.8,6.0,24.294,1546.8,70,0.0,0.0,
7.9.2026,23:3:41.740,29.8,6.0,24.294,1546.8,70,0.0,0.0,
7.9.2026,23:3:41.959,29.8,6.0,24.294,1546.8,70,0.0,0.0,
7.9.2026,23:3:42.150,29.8,6.0,24.294,1546.8,70,0.0,0.0,
7.9.2026,23:3:42.356,29.8,6.0,24.294,1546.8,70,0.0,0.0,
7.9.2026,23:3:42.561,29.8,6.0,24.294,1546.8,70,0.0,0.0,
7.9.2026,23:3:42.768,29.8,6.0,24.294,1546.8,70,0.0,0.0,
7.9.2026,23:3:42.973,29.8,6.0,24.294,1546.8,70,0.0,0.0,
7.9.2026,23:3:43.190,29.8,6.0,24.294,1546.8,70,0.0,0.0,
7.9.2026,23:3:43.385,29.8,6.0,24.294,1546.8,70,0.0,0.0,
7.9.2026,23:3:43.591,29.8,6.0,24.294,1546.8,70,0.0,0.0,
7.9.2026,23:3:43.796,29.8,6.0,24.294,1546.8,70,0.0,0.0,
7.9.2026,23:3:44.003,29.8,6.0,24.294,1546.8,70,0.0,0.0,
7.9.2026,23:3:44.211,29.8,6.0,24.294,1546.8,70,0.0,0.0,
7.9.2026,23:3:44.416,29.8,6.0,24.294,1546.8,70,0.0,0.0,
7.9.2026,23:3:44.625,29.8,6.0,24.294,1546.8,70,0.0,0.0,
7.9.2026,23:3:44.844,29.8,6.0,24.294,1546.8,70,0.0,0.0,
7.9.2026,23:3:45.035,29.8,6.0,24.294,1546.8,70,0.0,0.0,
7.9.2026,23:3:45.240,29.8,6.0,24.294,1546.8,70,0.0,0.0,
7.9.2026,23:3:45.447,29.8,6.0,24.294,1546.8,70,0.0,0.0,
7.9.2026,23:3:45.654,29.8,6.0,24.294,1546.8,70,0.0,0.0,
7.9.2026,23:3:45.858,29.8,6.0,24.294,1546.8,70,0.0,0.0,
7.9.2026,23:3:46.064,100.0,40.3,24.294,4364.6,76,0.0,0.0,
7.9.2026,23:3:46.286,100.0,40.3,24.294,4364.6,76,0.0,0.0,
7.9.2026,23:3:46.478,100.0,40.3,24.294,4364.6,76,0.0,0.0,
7.9.2026,23:3:46.683,100.0,40.3,24.294,4364.6,76,0.0,0.0,
7.9.2026,23:3:46.890,100.0,40.3,24.294,4364.6,76,0.0,0.0,
7.9.2026,23:3:47.097,100.0,40.3,24.294,4364.6,76,0.0,0.0,
7.9.2026,23:3:47.302,100.0,40.3,24.294,4364.6,76,0.0,0.0,
7.9.2026,23:3:47.508,100.0,40.3,24.294,4364.6,76,0.0,0.0,
7.9.2026,23:3:47.699,100.0,40.3,24.294,4364.6,76,0.0,0.0,
7.9.2026,23:3:47.904,100.0,40.3,24.294,4364.6,76,0.0,0.0,
7.9.2026,23:3:48.111,100.0,40.3,24.294,4364.6,76,0.0,0.0,
7.9.2026,23:3:48.317,100.0,40.3,24.294,4364.6,76,0.0,0.0,
7.9.2026,23:3:48.524,100.0,40.3,24.294,4364.6,76,0.0,0.0,
7.9.2026,23:3:48.713,100.0,40.3,24.294,4364.6,76,0.0,0.0,
7.9.2026,23:3:48.920,100.0,40.3,24.294,4364.6,76,0.0,0.0,
7.9.2026,23:3:49.126,100.0,40.3,24.294,4364.6,76,0.0,0.0,
7.9.2026,23:3:49.333,100.0,40.3,24.294,4364.6,76,0.0,0.0,
7.9.2026,23:3:49.539,100.0,40.3,24.294,4364.6,76,0.0,0.0,
7.9.2026,23:3:49.730,100.0,40.3,24.294,4364.6,76,0.0,0.0,
7.9.2026,23:3:49.950,100.0,40.3,24.294,4364.6,76,0.0,0.0,
7.9.2026,23:3:50.154,100.0,40.3,24.294,4364.6,76,0.0,0.0,
7.9.2026,23:3:50.348,100.0,40.3,24.294,4364.6,76,0.0,0.0,
7.9.2026,23:3:50.553,100.0,40.3,24.294,4364.6,76,0.0,0.0,
7.9.2026,23:3:50.760,100.0,40.3,24.294,4364.6,76,0.0,0.0,
7.9.2026,23:3:50.950,100.0,27.6,24.294,4347.4,82,0.0,0.0,
7.9.2026,23:3:51.157,100.0,27.6,24.581,4347.4,82,0.0,0.0,
7.9.2026,23:3:51.362,100.0,27.6,24.581,4347.4,82,0.0,0.0,
7.9.2026,23:3:51.570,100.0,27.6,24.581,4347.4,82,0.0,0.0,
7.9.2026,23:3:51.775,100.0,27.6,24.581,4347.4,82,0.0,0.0,
7.9.2026,23:3:51.966,100.0,27.6,24.581,4347.4,82,0.0,0.0,
7.9.2026,23:3:52.170,100.0,27.6,24.581,4347.4,82,0.0,0.0,
7.9.2026,23:3:52.375,100.0,27.6,24.581,4347.4,82,0.0,0.0,
7.9.2026,23:3:52.583,100.0,27.6,24.581,4347.4,82,0.0,0.0,
7.9.2026,23:3:52.788,100.0,27.6,24.581,4347.4,82,0.0,0.0,
7.9.2026,23:3:52.994,100.0,27.6,24.581,4347.4,82,0.0,0.0,
7.9.2026,23:3:53.202,100.0,27.6,24.581,4347.4,82,0.0,0.0,
7.9.2026,23:3:53.407,100.0,27.6,24.581,4347.4,82,0.0,0.0,
7.9.2026,23:3:53.613,100.0,27.6,24.581,4347.4,82,0.0,0.0,
7.9.2026,23:3:53.820,100.0,27.6,24.581,4347.4,82,0.0,0.0,
7.9.2026,23:3:54.026,100.0,27.6,24.581,4347.4,82,0.0,0.0,
7.9.2026,23:3:54.233,100.0,27.6,24.581,4347.4,82,0.0,0.0,
7.9.2026,23:3:54.445,100.0,27.6,24.581,4347.4,82,0.0,0.0,
7.9.2026,23:3:54.644,100.0,27.6,24.581,4347.4,82,0.0,0.0,
7.9.2026,23:3:54.850,100.0,27.6,24.581,4347.4,82,0.0,0.0,
7.9.2026,23:3:55.057,100.0,27.6,24.581,4347.4,82,0.0,0.0,
7.9.2026,23:3:55.263,100.0,27.6,24.581,4347.4,82,0.0,0.0,
7.9.2026,23:3:55.470,100.0,27.6,24.581,4347.4,82,0.0,0.0,
7.9.2026,23:3:55.677,100.0,27.6,24.581,4347.4,82,0.0,0.0,
7.9.2026,23:3:55.882,100.0,15.9,24.359,4310.4,82,0.0,0.0,
7.9.2026,23:3:56.087,100.0,15.9,24.359,4310.4,82,0.0,0.0,
7.9.2026,23:3:56.293,100.0,15.9,24.359,4310.4,82,0.0,0.0,
7.9.2026,23:3:56.500,100.0,15.9,24.359,4310.4,82,0.0,0.0,
7.9.2026,23:3:56.711,100.0,15.9,24.359,4310.4,82,0.0,0.0,
7.9.2026,23:3:56.910,100.0,15.9,24.359,4310.4,82,0.0,0.0,
7.9.2026,23:3:57.116,100.0,15.9,24.359,4310.4,82,0.0,0.0,
7.9.2026,23:3:57.322,100.0,15.9,24.359,4310.4,82,0.0,0.0,
7.9.2026,23:3:57.529,100.0,15.9,24.359,4310.4,82,0.0,0.0,
7.9.2026,23:3:57.735,100.0,15.9,24.359,4310.4,82,0.0,0.0,
7.9.2026,23:3:57.943,100.0,15.9,24.359,4310.4,82,0.0,0.0,
7.9.2026,23:3:58.146,100.0,15.9,24.359,4310.4,82,0.0,0.0,
7.9.2026,23:3:58.352,100.0,15.9,24.359,4310.4,82,0.0,0.0,
7.9.2026,23:3:58.542,100.0,15.9,24.359,4310.4,82,0.0,0.0,
7.9.2026,23:3:58.748,100.0,15.9,24.359,4310.4,82,0.0,0.0,
7.9.2026,23:3:58.955,100.0,15.9,24.359,4310.4,82,0.0,0.0,
7.9.2026,23:3:59.160,100.0,15.9,24.359,4310.4,82,0.0,0.0,
7.9.2026,23:3:59.367,100.0,15.9,24.359,4310.4,82,0.0,0.0,
7.9.2026,23:3:59.572,100.0,15.9,24.359,4310.4,82,0.0,0.0,
7.9.2026,23:3:59.780,100.0,15.9,24.359,4310.4,82,0.0,0.0,
7.9.2026,23:3:59.984,100.0,15.9,24.359,4310.4,82,0.0,0.0,
7.9.2026,23:4:0.190,100.0,15.9,24.359,4310.4,82,0.0,0.0,
7.9.2026,23:4:0.396,100.0,15.9,24.359,4310.4,82,0.0,0.0,
7.9.2026,23:4:0.602,100.0,15.6,24.359,4338.9,83,0.0,0.0,
7.9.2026,23:4:0.792,100.0,15.6,24.294,4338.9,83,0.0,0.0,
7.9.2026,23:4:0.999,100.0,15.6,24.294,4338.9,83,0.0,0.0,
7.9.2026,23:4:1.205,100.0,15.6,24.294,4338.9,83,0.0,0.0,
7.9.2026,23:4:1.410,100.0,15.6,24.294,4338.9,83,0.0,0.0,
7.9.2026,23:4:1.617,100.0,15.6,24.294,4338.9,83,0.0,0.0,
7.9.2026,23:4:1.807,100.0,15.6,24.294,4338.9,83,0.0,0.0,
7.9.2026,23:4:2.014,100.0,15.6,24.294,4338.9,83,0.0,0.0,
7.9.2026,23:4:2.221,100.0,15.6,24.294,4338.9,83,0.0,0.0,
7.9.2026,23:4:2.428,100.0,15.6,24.294,4338.9,83,0.0,0.0,
7.9.2026,23:4:2.635,100.0,15.6,24.294,4338.9,83,0.0,0.0,
7.9.2026,23:4:2.824,100.0,15.6,24.294,4338.9,83,0.0,0.0,
7.9.2026,23:4:3.031,100.0,15.6,24.294,4338.9,83,0.0,0.0,
7.9.2026,23:4:3.237,100.0,15.6,24.294,4338.9,83,0.0,0.0,
7.9.2026,23:4:3.444,100.0,15.6,24.294,4338.9,83,0.0,0.0,
7.9.2026,23:4:3.638,100.0,15.6,24.294,4338.9,83,0.0,0.0,
7.9.2026,23:4:3.841,100.0,15.6,24.294,4338.9,83,0.0,0.0,
7.9.2026,23:4:4.047,100.0,15.6,24.294,4338.9,83,0.0,0.0,
7.9.2026,23:4:4.253,100.0,15.6,24.294,4338.9,83,0.0,0.0,
7.9.2026,23:4:4.473,100.0,15.6,24.294,4338.9,83,0.0,0.0,
7.9.2026,23:4:4.664,100.0,15.6,24.294,4338.9,83,0.0,0.0,
7.9.2026,23:4:4.854,100.0,15.6,24.294,4338.9,83,0.0,0.0,
7.9.2026,23:4:5.060,100.0,15.6,24.294,4338.9,83,0.0,0.0,
7.9.2026,23:4:5.267,100.0,15.6,24.294,4338.9,83,0.0,0.0,
7.9.2026,23:4:5.472,100.0,16.3,24.294,4280.9,73,0.0,0.0,
7.9.2026,23:4:5.680,100.0,16.3,24.111,4280.9,73,0.0,0.0,
7.9.2026,23:4:5.885,100.0,16.3,24.111,4280.9,73,0.0,0.0,
7.9.2026,23:4:6.093,100.0,16.3,24.111,4280.9,73,0.0,0.0,
7.9.2026,23:4:6.296,100.0,16.3,24.111,4280.9,73,0.0,0.0,
7.9.2026,23:4:6.502,100.0,16.3,24.111,4280.9,73,0.0,0.0,
7.9.2026,23:4:6.708,100.0,16.3,24.111,4280.9,73,0.0,0.0,
7.9.2026,23:4:6.914,100.0,16.3,24.111,4280.9,73,0.0,0.0,
7.9.2026,23:4:7.104,100.0,16.3,24.111,4280.9,73,0.0,0.0,
7.9.2026,23:4:7.310,100.0,16.3,24.111,4280.9,73,0.0,0.0,
7.9.2026,23:4:7.517,100.0,16.3,24.111,4280.9,73,0.0,0.0,
7.9.2026,23:4:7.723,100.0,16.3,24.111,4280.9,73,0.0,0.0,
7.9.2026,23:4:7.929,100.0,16.3,24.111,4280.9,73,0.0,0.0,
7.9.2026,23:4:8.135,100.0,16.3,24.111,4280.9,73,0.0,0.0,
7.9.2026,23:4:8.341,100.0,16.3,24.111,4280.9,73,0.0,0.0,
7.9.2026,23:4:8.547,100.0,16.3,24.111,4280.9,73,0.0,0.0,
7.9.2026,23:4:8.753,100.0,16.3,24.111,4280.9,73,0.0,0.0,
7.9.2026,23:4:8.947,100.0,16.3,24.111,4280.9,73,0.0,0.0,
7.9.2026,23:4:9.151,100.0,16.3,24.111,4280.9,73,0.0,0.0,
7.9.2026,23:4:9.356,100.0,16.3,24.111,4280.9,73,0.0,0.0,
7.9.2026,23:4:9.563,100.0,16.3,24.111,4280.9,73,0.0,0.0,
7.9.2026,23:4:9.772,100.0,16.3,24.111,4280.9,73,0.0,0.0,
7.9.2026,23:4:9.977,100.0,16.3,24.111,4280.9,73,0.0,0.0,
7.9.2026,23:4:10.181,100.0,16.3,24.111,4280.9,73,0.0,0.0,
7.9.2026,23:4:10.388,100.0,15.6,24.133,4346.4,85,0.0,0.0,
7.9.2026,23:4:10.597,100.0,15.6,24.133,4346.4,85,0.0,0.0,
7.9.2026,23:4:10.801,100.0,15.6,24.133,4346.4,85,0.0,0.0,
7.9.2026,23:4:11.009,100.0,15.6,24.133,4346.4,85,0.0,0.0,
7.9.2026,23:4:11.213,100.0,15.6,24.133,4346.4,85,0.0,0.0,
7.9.2026,23:4:11.419,100.0,15.6,24.133,4346.4,85,0.0,0.0,
7.9.2026,23:4:11.625,100.0,15.6,24.133,4346.4,85,0.0,0.0,
7.9.2026,23:4:11.831,100.0,15.6,24.133,4346.4,85,0.0,0.0,
7.9.2026,23:4:12.038,100.0,15.6,24.133,4346.4,85,0.0,0.0,
7.9.2026,23:4:12.256,100.0,15.6,24.133,4346.4,85,0.0,0.0,
7.9.2026,23:4:12.450,100.0,15.6,24.133,4346.4,85,0.0,0.0,
7.9.2026,23:4:12.655,100.0,15.6,24.133,4346.4,85,0.0,0.0,
7.9.2026,23:4:12.862,100.0,15.6,24.133,4346.4,85,0.0,0.0,
7.9.2026,23:4:13.067,100.0,15.6,24.133,4346.4,85,0.0,0.0,
7.9.2026,23:4:13.267,100.0,15.6,24.133,4346.4,85,0.0,0.0,
7.9.2026,23:4:13.464,100.0,15.6,24.133,4346.4,85,0.0,0.0,
7.9.2026,23:4:13.671,100.0,15.6,24.133,4346.4,85,0.0,0.0,
7.9.2026,23:4:13.875,100.0,15.6,24.133,4346.4,85,0.0,0.0,
7.9.2026,23:4:14.080,100.0,15.6,24.133,4346.4,85,0.0,0.0,
7.9.2026,23:4:14.287,100.0,15.6,24.133,4346.4,85,0.0,0.0,
7.9.2026,23:4:14.493,100.0,15.6,24.133,4346.4,85,0.0,0.0,
7.9.2026,23:4:14.683,100.0,15.6,24.133,4346.4,85,0.0,0.0,
7.9.2026,23:4:14.889,100.0,15.6,24.133,4346.4,85,0.0,0.0,
7.9.2026,23:4:15.095,100.0,15.6,24.133,4346.4,85,0.0,0.0,
7.9.2026,23:4:15.300,100.0,15.6,24.133,4346.4,85,0.0,0.0,
7.9.2026,23:4:15.506,100.0,15.6,24.133,4346.4,85,0.0,0.0,
7.9.2026,23:4:15.712,100.0,15.6,24.133,4346.4,85,0.0,0.0,
7.9.2026,23:4:15.901,100.0,15.6,24.133,4346.4,85,0.0,0.0,
7.9.2026,23:4:16.107,100.0,15.6,24.133,4346.4,85,0.0,0.0,
7.9.2026,23:4:16.312,100.0,15.6,24.133,4346.4,85,0.0,0.0,
7.9.2026,23:4:16.520,100.0,15.4,23.995,4340.9,83,0.0,0.0,
7.9.2026,23:4:16.724,100.0,15.4,23.995,4340.9,83,0.0,0.0,
7.9.2026,23:4:16.932,100.0,15.4,23.995,4340.9,83,0.0,0.0,
7.9.2026,23:4:17.121,100.0,15.4,23.995,4340.9,83,0.0,0.0,
7.9.2026,23:4:17.328,100.0,15.4,23.995,4340.9,83,0.0,0.0,
7.9.2026,23:4:17.533,100.0,15.4,23.995,4340.9,83,0.0,0.0,
7.9.2026,23:4:17.740,100.0,15.4,23.995,4340.9,83,0.0,0.0,
7.9.2026,23:4:17.944,100.0,15.4,23.995,4340.9,83,0.0,0.0,
7.9.2026,23:4:18.149,100.0,15.4,23.995,4340.9,83,0.0,0.0,
7.9.2026,23:4:18.339,100.0,15.4,23.995,4340.9,83,0.0,0.0,
7.9.2026,23:4:18.545,100.0,15.4,23.995,4340.9,83,0.0,0.0,
7.9.2026,23:4:18.750,100.0,15.4,23.995,4340.9,83,0.0,0.0,
7.9.2026,23:4:18.956,100.0,15.4,23.995,4340.9,83,0.0,0.0,
7.9.2026,23:4:19.163,100.0,15.4,23.995,4340.9,83,0.0,0.0,
7.9.2026,23:4:19.368,100.0,15.4,23.995,4340.9,83,0.0,0.0,
7.9.2026,23:4:19.561,100.0,15.4,23.995,4340.9,83,0.0,0.0,
7.9.2026,23:4:19.764,100.0,15.4,23.995,4340.9,83,0.0,0.0,
7.9.2026,23:4:19.971,100.0,15.4,23.995,4340.9,83,0.0,0.0,
7.9.2026,23:4:20.177,100.0,15.4,23.995,4340.9,83,0.0,0.0,
7.9.2026,23:4:20.385,100.0,15.4,23.995,4340.9,83,0.0,0.0,
7.9.2026,23:4:20.574,100.0,15.4,23.995,4340.9,83,0.0,0.0,
7.9.2026,23:4:20.781,100.0,15.4,23.995,4340.9,83,0.0,0.0,
7.9.2026,23:4:20.985,100.0,15.4,23.995,4340.9,83,0.0,0.0,
7.9.2026,23:4:21.192,100.0,15.4,23.995,4340.9,83,0.0,0.0,
7.9.2026,23:4:21.399,100.0,15.4,23.995,4340.9,83,0.0,0.0,
7.9.2026,23:4:21.592,100.0,15.4,23.995,4340.9,83,0.0,0.0,
7.9.2026,23:4:21.794,100.0,15.4,23.995,4340.9,83,0.0,0.0,
7.9.2026,23:4:22.000,100.0,15.4,23.995,4340.9,83,0.0,0.0,
7.9.2026,23:4:22.206,100.0,15.4,23.995,4340.9,83,0.0,0.0,
7.9.2026,23:4:22.413,100.0,15.4,23.995,4340.9,83,0.0,0.0,
7.9.2026,23:4:22.619,100.0,15.4,23.995,4340.9,83,0.0,0.0,
7.9.2026,23:4:22.825,100.0,15.4,23.995,4340.9,83,0.0,0.0,
7.9.2026,23:4:23.031,100.0,15.4,23.995,4340.9,83,0.0,0.0,
7.9.2026,23:4:23.237,100.0,15.4,23.995,4340.9,83,0.0,0.0,
7.9.2026,23:4:23.444,100.0,15.4,23.995,4340.9,83,0.0,0.0,
7.9.2026,23:4:23.650,100.0,15.8,24.059,4320.7,78,0.0,0.0,
7.9.2026,23:4:23.856,100.0,15.8,24.059,4320.7,78,0.0,0.0,
7.9.2026,23:4:24.063,100.0,15.8,24.059,4320.7,78,0.0,0.0,
7.9.2026,23:4:24.270,100.0,15.8,24.059,4320.7,78,0.0,0.0,
7.9.2026,23:4:24.474,100.0,15.8,24.059,4320.7,78,0.0,0.0,
7.9.2026,23:4:24.680,100.0,15.8,24.059,4320.7,78,0.0,0.0,
7.9.2026,23:4:24.873,100.0,15.8,24.059,4320.7,78,0.0,0.0,
7.9.2026,23:4:25.078,100.0,15.8,24.059,4320.7,78,0.0,0.0,
7.9.2026,23:4:25.286,100.0,15.8,24.059,4320.7,78,0.0,0.0,
7.9.2026,23:4:25.490,100.0,15.8,24.059,4320.7,78,0.0,0.0,
7.9.2026,23:4:25.696,100.0,15.8,24.059,4320.7,78,0.0,0.0,
7.9.2026,23:4:25.901,100.0,15.8,24.059,4320.7,78,0.0,0.0,
7.9.2026,23:4:26.106,100.0,15.8,24.059,4320.7,78,0.0,0.0,
7.9.2026,23:4:26.314,100.0,15.8,24.059,4320.7,78,0.0,0.0,
7.9.2026,23:4:26.518,100.0,15.8,24.059,4320.7,78,0.0,0.0,
7.9.2026,23:4:26.724,100.0,15.8,24.059,4320.7,78,0.0,0.0,
7.9.2026,23:4:26.931,100.0,15.8,24.059,4320.7,78,0.0,0.0,
7.9.2026,23:4:27.124,100.0,15.8,24.059,4320.7,78,0.0,0.0,
7.9.2026,23:4:27.344,100.0,15.8,24.059,4320.7,78,0.0,0.0,
7.9.2026,23:4:27.537,100.0,15.8,24.059,4320.7,78,0.0,0.0,
7.9.2026,23:4:27.742,100.0,15.8,24.059,4320.7,78,0.0,0.0,
7.9.2026,23:4:27.933,100.0,15.8,24.059,4320.7,78,0.0,0.0,
7.9.2026,23:4:28.139,100.0,15.8,24.059,4320.7,78,0.0,0.0,
7.9.2026,23:4:28.346,100.0,15.6,24.059,4263.2,78,0.0,0.0,
7.9.2026,23:4:28.551,100.0,15.6,23.781,4263.2,83,0.0,0.0,
7.9.2026,23:4:28.757,100.0,15.6,23.781,4263.2,83,0.0,0.0,
7.9.2026,23:4:28.963,100.0,15.6,23.781,4263.2,83,0.0,0.0,
7.9.2026,23:4:29.170,100.0,15.6,23.781,4263.2,83,0.0,0.0,
7.9.2026,23:4:29.373,100.0,15.6,23.781,4263.2,83,0.0,0.0,
7.9.2026,23:4:29.578,100.0,15.6,23.781,4263.2,83,0.0,0.0,
7.9.2026,23:4:29.784,100.0,15.6,23.781,4263.2,83,0.0,0.0,
7.9.2026,23:4:29.990,100.0,15.6,23.781,4263.2,83,0.0,0.0,
7.9.2026,23:4:30.198,100.0,15.6,23.781,4263.2,83,0.0,0.0,
7.9.2026,23:4:30.386,100.0,15.6,23.781,4263.2,83,0.0,0.0,
7.9.2026,23:4:30.594,100.0,15.6,23.781,4263.2,83,0.0,0.0,
7.9.2026,23:4:30.806,100.0,15.6,23.781,4263.2,83,0.0,0.0,
7.9.2026,23:4:31.008,100.0,15.6,23.781,4263.2,83,0.0,0.0,
7.9.2026,23:4:31.219,100.0,15.6,23.781,4263.2,83,0.0,0.0,
7.9.2026,23:4:31.402,100.0,15.6,23.781,4263.2,83,0.0,0.0,
7.9.2026,23:4:31.623,100.0,15.6,23.781,4263.2,83,0.0,0.0,
7.9.2026,23:4:31.817,100.0,15.6,23.781,4263.2,83,0.0,0.0,
7.9.2026,23:4:32.023,100.0,15.6,23.781,4263.2,83,0.0,0.0,
7.9.2026,23:4:32.214,100.0,15.6,23.781,4263.2,83,0.0,0.0,
7.9.2026,23:4:32.419,100.0,15.6,23.781,4263.2,83,0.0,0.0,
7.9.2026,23:4:32.627,100.0,15.6,23.781,4263.2,83,0.0,0.0,
7.9.2026,23:4:32.831,100.0,15.6,23.781,4263.2,83,0.0,0.0,
7.9.2026,23:4:33.036,100.0,15.6,23.781,4263.2,83,0.0,0.0,
7.9.2026,23:4:33.243,100.0,15.6,23.781,4263.2,83,0.0,0.0,
7.9.2026,23:4:33.435,100.0,16.1,23.781,4232.8,83,0.0,0.0,
7.9.2026,23:4:33.641,83.8,56.0,22.370,2424.2,64,0.0,0.0,
7.9.2026,23:4:33.853,0.0,5.0,8.098,109.1,52,0.0,0.0,
7.9.2026,23:4:34.043,0.0,5.0,8.086,109.1,52,0.0,0.0,
7.9.2026,23:4:34.257,0.0,0.9,10.087,105.4,51,0.0,0.0,
7.9.2026,23:4:34.451,0.0,0.9,8.182,105.4,51,0.0,0.0,
7.9.2026,23:4:34.657,10.7,8.7,8.861,231.0,50,0.0,0.0,
7.9.2026,23:4:34.864,0.5,1.3,7.724,74.5,50,0.0,0.0,
7.9.2026,23:4:35.071,2.9,9.2,8.308,155.8,50,0.0,0.0,
7.9.2026,23:4:35.266,1.7,1.8,8.182,112.0,51,0.0,0.0,
7.9.2026,23:4:35.473,6.3,8.5,8.852,90.7,83,0.0,0.0,
7.9.2026,23:4:35.683,0.7,0.8,8.298,94.6,83,0.0,0.0,
7.9.2026,23:4:35.871,7.2,8.1,8.013,69.8,81,0.0,0.0,
7.9.2026,23:4:36.079,2.3,7.2,8.874,101.9,68,0.0,0.0,
7.9.2026,23:4:36.296,1.9,3.4,8.119,123.8,70,0.0,0.0,
7.9.2026,23:4:36.501,4.5,5.8,7.890,76.5,78,0.0,0.0,
7.9.2026,23:4:36.719,0.0,3.2,7.393,71.3,75,0.0,0.0,
7.9.2026,23:4:36.925,6.7,5.9,7.367,103.1,82,0.0,0.0,
7.9.2026,23:4:37.132,1.7,3.8,7.912,128.1,80,0.0,0.0,
7.9.2026,23:4:37.325,1.9,3.5,8.317,132.7,80,0.0,0.0,
7.9.2026,23:4:37.532,8.0,7.9,8.628,118.8,76,0.0,0.0,
7.9.2026,23:4:37.744,3.5,4.5,8.109,192.6,67,0.0,0.0,
7.9.2026,23:4:37.941,7.5,7.0,7.850,133.8,78,0.0,0.0,
7.9.2026,23:4:38.154,1.3,2.3,8.009,185.3,54,0.0,0.0,
7.9.2026,23:4:38.367,6.5,6.2,8.483,132.9,53,0.0,0.0,
7.9.2026,23:4:38.564,3.9,5.7,7.887,76.5,71,0.0,0.0,
7.9.2026,23:4:38.761,0.3,6.8,8.255,113.9,51,0.0,0.0,
7.9.2026,23:4:38.968,13.2,3.0,7.940,499.4,48,0.0,0.0,
7.9.2026,23:4:39.180,3.2,2.5,8.084,164.5,48,0.0,0.0,
7.9.2026,23:4:39.372,3.6,6.2,7.797,292.2,48,0.0,0.0,
7.9.2026,23:4:39.582,8.7,6.6,8.101,138.9,47,0.0,0.0,
7.9.2026,23:4:39.789,1.4,5.7,7.942,132.4,47,0.0,0.0,
7.9.2026,23:4:39.980,0.4,4.5,7.882,79.5,48,0.0,0.0,
7.9.2026,23:4:40.192,8.2,8.8,7.722,94.8,46,0.0,0.0,
7.9.2026,23:4:40.390,0.0,2.2,8.152,91.4,48,0.0,0.0,
7.9.2026,23:4:40.602,6.6,5.7,8.410,151.6,47,0.0,0.0,
7.9.2026,23:4:40.795,7.4,6.5,7.947,90.7,47,0.0,0.0,
7.9.2026,23:4:41.005,0.5,4.5,7.896,76.8,46,0.0,0.0,
7.9.2026,23:4:41.215,2.7,3.1,7.995,176.3,47,0.0,0.0,
7.9.2026,23:4:41.424,5.9,5.6,7.910,78.7,47,0.0,0.0,
7.9.2026,23:4:41.629,2.9,8.7,8.199,148.3,46,0.0,0.0,
7.9.2026,23:4:41.836,7.1,2.4,7.893,367.4,46,0.0,0.0,
7.9.2026,23:4:42.030,6.8,6.8,7.944,60.0,46,0.0,0.0,
7.9.2026,23:4:42.240,3.3,4.8,8.347,181.3,46,0.0,0.0,
7.9.2026,23:4:42.434,9.0,5.6,8.347,523.6,46,0.0,0.0,
7.9.2026,23:4:42.645,6.7,9.2,9.551,69.0,45,0.0,0.0,
7.9.2026,23:4:42.855,1.2,2.6,7.955,144.2,46,0.0,0.0,
7.9.2026,23:4:43.065,6.9,7.6,8.168,100.7,46,0.0,0.0,
7.9.2026,23:4:43.269,1.2,0.9,8.091,170.9,47,0.0,0.0,
7.9.2026,23:4:43.467,7.2,11.4,8.433,240.0,46,0.0,0.0,
7.9.2026,23:4:43.676,4.7,4.4,9.945,117.7,46,0.0,0.0,
7.9.2026,23:4:43.872,5.9,5.9,8.275,92.1,46,0.0,0.0,
7.9.2026,23:4:44.080,0.3,4.4,8.394,78.1,46,0.0,0.0,
7.9.2026,23:4:44.288,1.0,3.1,7.925,110.9,45,0.0,0.0,
7.9.2026,23:4:44.482,8.5,6.3,7.687,120.1,45,0.0,0.0,
7.9.2026,23:4:44.695,3.3,4.2,7.990,181.2,45,0.0,0.0,
7.9.2026,23:4:44.892,3.6,5.6,8.008,127.4,47,0.0,0.0,
7.9.2026,23:4:45.101,2.9,4.6,7.962,158.9,45,0.0,0.0,
7.9.2026,23:4:45.294,0.9,1.0,7.896,142.7,45,0.0,0.0,
7.9.2026,23:4:45.501,8.1,10.9,7.745,92.5,44,0.0,0.0,
7.9.2026,23:4:45.721,4.8,4.1,8.130,104.6,45,0.0,0.0,
7.9.2026,23:4:45.936,0.0,2.9,7.824,71.8,45,0.0,0.0,
7.9.2026,23:4:46.145,5.9,5.1,7.539,224.5,44,0.0,0.0,
7.9.2026,23:4:46.354,2.0,5.4,8.549,123.8,44,0.0,0.0,
7.9.2026,23:4:46.544,13.0,8.8,8.571,342.0,44,0.0,0.0,
7.9.2026,23:4:46.755,1.6,2.7,9.042,203.8,45,0.0,0.0,
7.9.2026,23:4:46.969,1.3,1.9,8.853,121.4,45,0.0,0.0,
7.9.2026,23:4:47.175,9.5,7.1,7.815,193.5,44,0.0,0.0,
7.9.2026,23:4:47.385,1.9,5.4,8.198,145.0,45,0.0,0.0,
7.9.2026,23:4:47.575,6.1,7.4,8.449,108.5,45,0.0,0.0,
7.9.2026,23:4:47.782,5.7,2.8,8.642,175.5,44,0.0,0.0,
7.9.2026,23:4:48.001,0.3,2.8,7.870,128.7,45,0.0,0.0,
7.9.2026,23:4:48.215,4.2,5.0,7.712,123.3,44,0.0,0.0,
7.9.2026,23:4:48.422,7.6,9.5,7.908,125.2,43,0.0,0.0,
7.9.2026,23:4:48.634,0.0,2.4,7.816,70.5,44,0.0,0.0,
7.9.2026,23:4:48.839,3.5,4.9,7.843,193.5,44,0.0,0.0,
7.9.2026,23:4:49.048,8.4,2.5,7.934,148.6,44,0.0,0.0,
7.9.2026,23:4:49.266,1.1,5.5,7.762,90.9,44,0.0,0.0,
7.9.2026,23:4:49.471,7.0,6.5,7.690,183.6,44,0.0,0.0,
7.9.2026,23:4:49.680,0.2,3.2,7.945,88.0,43,0.0,0.0,
7.9.2026,23:4:49.875,1.8,4.0,7.550,135.6,45,0.0,0.0,
7.9.2026,23:4:50.088,5.7,6.5,7.968,82.8,44,0.0,0.0,
7.9.2026,23:4:50.278,1.4,2.5,8.008,164.3,43,0.0,0.0,
7.9.2026,23:4:50.490,7.6,10.1,7.980,97.7,44,0.0,0.0,
7.9.2026,23:4:50.704,0.0,1.2,8.081,89.0,43,0.0,0.0,
7.9.2026,23:4:50.916,5.4,6.7,7.492,117.5,45,0.0,0.0,
7.9.2026,23:4:51.105,5.2,7.1,7.940,71.7,46,0.0,0.0,
7.9.2026,23:4:51.313,2.0,5.6,10.160,110.4,44,0.0,0.0,
7.9.2026,23:4:51.524,3.2,6.2,10.140,155.7,44,0.0,0.0,
7.9.2026,23:4:51.714,0.0,3.1,9.802,112.5,44,0.0,0.0,
7.9.2026,23:4:51.920,10.0,10.6,9.857,237.9,44,0.0,0.0,
7.9.2026,23:4:52.127,3.4,5.9,9.732,168.4,44,0.0,0.0,
7.9.2026,23:4:52.336,2.6,4.2,10.309,155.0,43,0.0,0.0,
7.9.2026,23:4:52.527,10.3,9.8,9.818,147.4,44,0.0,0.0,
7.9.2026,23:4:52.733,2.5,7.5,10.003,144.1,43,0.0,0.0,
7.9.2026,23:4:52.942,5.3,5.9,11.309,228.9,43,0.0,0.0,
7.9.2026,23:4:53.150,8.1,5.7,9.978,405.9,43,0.0,0.0,
7.9.2026,23:4:53.365,6.8,7.9,9.978,83.8,42,0.0,0.0,
7.9.2026,23:4:53.559,3.3,7.2,10.031,70.4,43,0.0,0.0,
7.9.2026,23:4:53.763,1.8,4.4,9.004,112.5,42,0.0,0.0,
7.9.2026,23:4:53.971,6.0,8.9,9.267,327.3,43,0.0,0.0,
7.9.2026,23:4:54.177,0.5,4.7,11.072,71.7,44,0.0,0.0,
7.9.2026,23:4:54.391,2.6,4.5,9.167,171.8,44,0.0,0.0,
7.9.2026,23:4:54.603,5.9,5.9,9.909,78.1,42,0.0,0.0,
7.9.2026,23:4:54.793,6.3,10.8,8.691,143.1,44,0.0,0.0,
7.9.2026,23:4:54.998,1.5,5.1,9.558,119.6,42,0.0,0.0,
7.9.2026,23:4:55.215,10.0,3.8,10.135,654.8,43,0.0,0.0,
7.9.2026,23:4:55.426,5.4,5.9,9.521,143.1,42,0.0,0.0,
7.9.2026,23:4:55.621,8.8,6.4,10.047,260.6,43,0.0,0.0,
7.9.2026,23:4:55.834,2.7,10.6,9.260,151.9,43,0.0,0.0,
7.9.2026,23:4:56.046,0.0,2.3,9.619,138.4,44,0.0,0.0,
7.9.2026,23:4:56.255,7.3,4.8,7.774,155.5,43,0.0,0.0,
7.9.2026,23:4:56.455,7.7,10.0,9.045,218.7,43,0.0,0.0,
7.9.2026,23:4:56.665,0.0,1.2,7.661,121.7,43,0.0,0.0,
7.9.2026,23:4:56.866,13.6,9.2,7.766,382.6,42,0.0,0.0,
7.9.2026,23:4:57.073,0.0,1.7,7.551,70.6,42,0.0,0.0,
7.9.2026,23:4:57.286,8.1,8.3,7.903,96.4,42,0.0,0.0,
7.9.2026,23:4:57.491,5.3,2.2,7.683,368.0,42,0.0,0.0,
7.9.2026,23:4:57.699,1.7,5.2,10.046,121.0,42,0.0,0.0,
7.9.2026,23:4:57.913,7.7,8.9,9.756,174.6,43,0.0,0.0,
7.9.2026,23:4:58.120,0.0,1.6,7.531,66.8,43,0.0,0.0,
7.9.2026,23:4:58.334,7.1,7.8,7.716,109.2,41,0.0,0.0,
7.9.2026,23:4:58.549,12.5,4.7,7.972,405.6,43,0.0,0.0,
7.9.2026,23:4:58.763,4.7,5.7,8.090,77.9,42,0.0,0.0,
7.9.2026,23:4:58.978,6.7,8.7,8.330,164.1,43,0.0,0.0,
7.9.2026,23:4:59.174,0.0,2.7,7.654,87.5,43,0.0,0.0,
7.9.2026,23:4:59.380,12.0,7.9,7.981,394.1,42,0.0,0.0,
7.9.2026,23:4:59.587,1.9,3.1,8.191,123.2,42,0.0,0.0,
7.9.2026,23:4:59.808,21.6,6.1,7.488,773.9,43,0.0,0.0,
7.9.2026,23:5:0.006,13.4,5.5,8.228,540.8,45,0.0,0.0,
7.9.2026,23:5:0.218,0.0,3.1,8.166,99.6,42,0.0,0.0,
7.9.2026,23:5:0.424,6.1,9.5,7.914,150.1,42,0.0,0.0,
7.9.2026,23:5:0.638,1.0,4.9,7.984,99.8,44,0.0,0.0,
7.9.2026,23:5:0.851,15.5,4.8,7.719,553.7,41,0.0,0.0,
7.9.2026,23:5:1.064,0.8,4.1,7.864,198.5,42,0.0,0.0,
7.9.2026,23:5:1.278,5.0,6.0,7.948,95.3,47,0.0,0.0,
7.9.2026,23:5:1.484,13.8,5.0,8.307,447.3,42,0.0,0.0,
7.9.2026,23:5:1.697,2.6,4.4,8.080,161.1,46,0.0,0.0,
7.9.2026,23:5:1.894,6.2,5.1,7.495,131.3,46,0.0,0.0,
7.9.2026,23:5:2.107,0.0,2.7,8.010,141.2,43,0.0,0.0,
7.9.2026,23:5:2.313,6.5,7.2,8.120,131.5,42,0.0,0.0,
7.9.2026,23:5:2.522,2.7,5.1,7.931,139.5,42,0.0,0.0,
7.9.2026,23:5:2.717,0.0,1.6,7.735,79.2,42,0.0,0.0,
7.9.2026,23:5:2.937,6.8,6.7,7.633,112.1,42,0.0,0.0,
7.9.2026,23:5:3.150,3.1,5.3,8.165,110.9,42,0.0,0.0,
7.9.2026,23:5:3.363,6.3,9.3,8.662,150.2,41,0.0,0.0,
7.9.2026,23:5:3.560,0.0,2.1,7.961,137.6,42,0.0,0.0,
7.9.2026,23:5:3.773,5.5,6.7,7.829,81.2,42,0.0,0.0,
7.9.2026,23:5:3.979,0.2,3.0,8.258,184.8,42,0.0,0.0,
7.9.2026,23:5:4.188,9.2,6.4,9.911,141.0,42,0.0,0.0,
7.9.2026,23:5:4.400,4.0,9.7,10.747,252.4,43,0.0,0.0,
7.9.2026,23:5:4.596,6.1,4.2,9.743,83.5,43,0.0,0.0,
7.9.2026,23:5:4.803,0.0,6.7,10.165,129.5,43,0.0,0.0,
7.9.2026,23:5:5.019,2.8,5.2,9.911,145.2,42,0.0,0.0,
7.9.2026,23:5:5.215,4.9,6.1,9.317,99.7,48,0.0,0.0,
7.9.2026,23:5:5.438,5.9,6.0,7.973,103.6,43,0.0,0.0,
7.9.2026,23:5:5.653,5.4,5.7,7.953,156.6,59,0.0,0.0,
7.9.2026,23:5:5.865,4.8,6.3,7.741,87.5,47,0.0,0.0,
7.9.2026,23:5:6.073,1.3,2.1,10.053,235.6,64,0.0,0.0,
7.9.2026,23:5:6.284,8.3,6.0,7.605,131.7,60,0.0,0.0,
7.9.2026,23:5:6.491,1.2,3.1,7.905,164.3,65,0.0,0.0,
7.9.2026,23:5:6.686,1.6,4.5,8.187,107.7,55,0.0,0.0,
7.9.2026,23:5:6.901,6.8,7.7,7.625,93.9,45,0.0,0.0,
7.9.2026,23:5:7.092,0.0,1.0,7.650,134.1,45,0.0,0.0,
7.9.2026,23:5:7.303,7.9,4.2,7.759,118.6,42,0.0,0.0,
7.9.2026,23:5:7.510,5.6,3.9,7.704,360.7,41,0.0,0.0,
7.9.2026,23:5:7.723,9.4,9.5,8.193,153.6,42,0.0,0.0,
7.9.2026,23:5:7.921,0.0,1.7,7.743,71.7,41,0.0,0.0,
7.9.2026,23:5:8.129,5.5,6.0,7.853,92.3,41,0.0,0.0,
7.9.2026,23:5:8.324,1.2,3.7,7.983,104.2,42,0.0,0.0,
7.9.2026,23:5:8.536,4.9,6.5,7.943,115.7,42,0.0,0.0,
7.9.2026,23:5:8.740,2.3,3.4,9.458,114.1,42,0.0,0.0,
7.9.2026,23:5:8.948,0.6,4.9,9.772,99.3,41,0.0,0.0,
7.9.2026,23:5:9.157,8.9,8.1,9.958,125.1,41,0.0,0.0,
7.9.2026,23:5:9.369,0.4,3.8,10.059,135.0,41,0.0,0.0,
7.9.2026,23:5:9.560,1.2,6.8,10.059,111.8,42,0.0,0.0,
7.9.2026,23:5:9.767,7.0,5.9,9.622,122.5,41,0.0,0.0,
7.9.2026,23:5:9.980,0.0,5.1,9.166,92.6,42,0.0,0.0,
7.9.2026,23:5:10.186,9.3,4.9,9.927,98.5,41,0.0,0.0,
7.9.2026,23:5:10.397,3.3,4.7,8.342,190.9,41,0.0,0.0,
7.9.2026,23:5:10.601,2.2,2.6,7.941,188.4,42,0.0,0.0,
7.9.2026,23:5:10.793,8.7,9.7,7.965,98.9,42,0.0,0.0,
7.9.2026,23:5:11.002,6.2,3.3,8.086,350.3,41,0.0,0.0,
7.9.2026,23:5:11.214,0.0,2.8,8.157,139.8,42,0.0,0.0,
7.9.2026,23:5:11.427,9.7,7.3,7.978,145.7,41,0.0,0.0,
7.9.2026,23:5:11.632,0.0,3.2,8.352,121.0,41,0.0,0.0,
7.9.2026,23:5:11.837,15.5,7.9,8.195,534.6,41,0.0,0.0,
7.9.2026,23:5:12.026,6.0,5.4,8.376,145.1,44,0.0,0.0,
7.9.2026,23:5:12.237,3.2,5.8,8.099,143.3,42,0.0,0.0,
7.9.2026,23:5:12.442,0.5,2.6,8.307,92.8,41,0.0,0.0,
7.9.2026,23:5:12.653,1.7,5.7,8.074,100.9,41,0.0,0.0,
7.9.2026,23:5:12.861,5.9,4.2,8.341,59.3,42,0.0,0.0,
7.9.2026,23:5:13.068,10.2,6.4,7.672,508.4,42,0.0,0.0,
7.9.2026,23:5:13.276,2.4,4.2,7.865,169.1,41,0.0,0.0,
7.9.2026,23:5:13.485,6.4,8.0,9.893,92.1,41,0.0,0.0,
7.9.2026,23:5:13.693,4.3,5.9,8.994,221.7,47,0.0,0.0,
7.9.2026,23:5:13.907,3.4,5.4,10.335,186.0,41,0.0,0.0,
7.9.2026,23:5:14.113,4.8,10.0,10.236,82.3,42,0.0,0.0,
7.9.2026,23:5:14.323,1.2,3.7,9.181,130.4,41,0.0,0.0,
7.9.2026,23:5:14.511,7.5,8.4,10.331,56.7,41,0.0,0.0,
7.9.2026,23:5:14.719,2.5,8.7,8.972,141.1,47,0.0,0.0,
7.9.2026,23:5:14.924,2.8,4.3,9.818,158.1,42,0.0,0.0,
7.9.2026,23:5:15.132,2.6,5.6,9.943,207.3,41,0.0,0.0,
7.9.2026,23:5:15.329,5.4,7.0,9.258,62.5,42,0.0,0.0,
7.9.2026,23:5:15.542,1.3,2.5,8.878,92.9,42,0.0,0.0,
7.9.2026,23:5:15.731,5.8,7.8,7.998,95.5,41,0.0,0.0,
7.9.2026,23:5:15.940,0.6,5.5,8.083,81.4,42,0.0,0.0,
7.9.2026,23:5:16.137,6.3,6.2,9.531,146.7,42,0.0,0.0,
7.9.2026,23:5:16.350,3.8,5.1,9.990,196.3,41,0.0,0.0,
7.9.2026,23:5:16.543,4.8,6.6,8.041,107.8,42,0.0,0.0,
7.9.2026,23:5:16.752,3.6,4.2,7.940,220.9,42,0.0,0.0,
7.9.2026,23:5:16.958,1.5,2.7,7.980,100.6,41,0.0,0.0,
7.9.2026,23:5:17.165,1.8,6.4,7.881,121.6,41,0.0,0.0,
7.9.2026,23:5:17.361,9.7,7.7,8.228,193.0,41,0.0,0.0,
7.9.2026,23:5:17.573,0.0,2.1,8.121,127.0,41,0.0,0.0,
7.9.2026,23:5:17.769,7.6,7.7,8.102,187.1,41,0.0,0.0,
7.9.2026,23:5:17.981,0.3,5.3,8.316,70.3,41,0.0,0.0,
7.9.2026,23:5:18.192,7.6,6.5,9.123,164.7,43,0.0,0.0,
7.9.2026,23:5:18.387,5.6,8.1,7.796,124.0,41,0.0,0.0,
7.9.2026,23:5:18.592,2.6,4.6,8.803,131.4,41,0.0,0.0,
7.9.2026,23:5:18.799,3.0,4.9,9.339,173.3,41,0.0,0.0,
7.9.2026,23:5:19.009,1.4,3.0,8.176,117.0,41,0.0,0.0,
7.9.2026,23:5:19.200,8.1,9.4,8.988,135.0,41,0.0,0.0,
7.9.2026,23:5:19.416,1.3,5.0,9.104,126.7,41,0.0,0.0,
7.9.2026,23:5:19.608,4.9,4.4,8.393,117.8,42,0.0,0.0,
7.9.2026,23:5:19.817,16.9,7.8,9.603,819.4,41,0.0,0.0,
7.9.2026,23:5:20.011,6.8,8.6,8.526,105.1,42,0.0,0.0,
7.9.2026,23:5:20.222,0.4,2.4,8.858,157.8,41,0.0,0.0,
7.9.2026,23:5:20.420,4.4,7.0,8.591,78.5,41,0.0,0.0,
7.9.2026,23:5:20.632,0.0,3.3,8.591,78.8,41,0.0,0.0,
7.9.2026,23:5:20.828,0.0,3.3,8.757,78.8,41,0.0,0.0,
7.9.2026,23:5:21.038,6.4,6.7,7.790,103.9,42,0.0,0.0,
7.9.2026,23:5:21.245,2.2,3.6,7.590,138.7,42,0.0,0.0,
7.9.2026,23:5:21.459,0.0,2.7,8.855,116.5,40,0.0,0.0,
7.9.2026,23:5:21.656,6.4,9.7,9.594,122.8,42,0.0,0.0,
7.9.2026,23:5:21.862,6.4,9.7,7.996,67.0,42,0.0,0.0,
7.9.2026,23:5:22.071,0.4,6.2,9.554,80.5,42,0.0,0.0,
7.9.2026,23:5:22.268,7.0,7.6,9.554,154.2,41,0.0,0.0,
7.9.2026,23:5:22.476,0.2,3.4,8.579,103.7,42,0.0,0.0,
7.9.2026,23:5:22.670,0.2,3.4,8.475,103.7,42,0.0,0.0,
7.9.2026,23:5:22.882,18.1,11.1,8.685,560.5,41,0.0,0.0,
7.9.2026,23:5:23.083,1.5,5.8,8.603,162.4,42,0.0,0.0,
7.9.2026,23:5:23.295,6.1,8.9,10.583,200.6,41,0.0,0.0,
7.9.2026,23:5:23.507,17.1,12.8,9.480,510.8,42,0.0,0.0,
7.9.2026,23:5:23.712,8.7,2.2,8.267,491.7,42,0.0,0.0,
7.9.2026,23:5:23.913,2.8,4.5,9.117,179.8,42,0.0,0.0,
7.9.2026,23:5:24.121,3.9,5.9,7.652,91.5,42,0.0,0.0,
7.9.2026,23:5:24.330,1.5,1.8,9.185,185.5,41,0.0,0.0,
7.9.2026,23:5:24.541,5.6,10.4,8.104,73.2,41,0.0,0.0,
7.9.2026,23:5:24.751,2.5,5.2,9.577,243.1,43,0.0,0.0,
7.9.2026,23:5:24.959,2.4,5.7,9.862,176.7,42,0.0,0.0,
7.9.2026,23:5:25.154,2.4,5.7,9.407,176.7,41,0.0,0.0,
7.9.2026,23:5:25.361,13.0,11.1,9.590,356.2,42,0.0,0.0,
7.9.2026,23:5:25.562,2.2,3.9,7.665,120.1,41,0.0,0.0,
7.9.2026,23:5:25.776,6.2,9.8,7.613,166.2,41,0.0,0.0,
7.9.2026,23:5:25.987,0.0,2.4,8.439,73.0,42,0.0,0.0,
7.9.2026,23:5:26.187,4.1,4.4,8.973,72.5,41,0.0,0.0,
7.9.2026,23:5:26.396,2.6,6.4,7.819,136.8,42,0.0,0.0,
7.9.2026,23:5:26.603,0.1,2.6,7.976,91.0,41,0.0,0.0,
7.9.2026,23:5:26.798,8.9,6.9,7.569,164.3,42,0.0,0.0,
7.9.2026,23:5:27.011,5.5,7.6,7.932,99.3,41,0.0,0.0,
7.9.2026,23:5:27.219,0.0,3.4,8.184,70.6,41,0.0,0.0,
7.9.2026,23:5:27.427,1.8,2.1,7.777,130.6,41,0.0,0.0,
7.9.2026,23:5:27.622,6.6,7.5,7.947,85.0,41,0.0,0.0,
7.9.2026,23:5:27.837,0.0,5.1,7.860,164.3,41,0.0,0.0,
7.9.2026,23:5:28.030,9.3,6.7,7.879,136.0,41,0.0,0.0,
7.9.2026,23:5:28.239,0.0,3.5,7.807,100.9,42,0.0,0.0,
7.9.2026,23:5:28.441,5.9,5.2,7.531,127.6,41,0.0,0.0,
7.9.2026,23:5:28.647,0.6,6.3,7.847,102.3,41,0.0,0.0,
7.9.2026,23:5:28.849,0.6,6.3,8.177,102.3,41,0.0,0.0,
7.9.2026,23:5:29.046,5.3,4.0,7.662,144.8,41,0.0,0.0,
7.9.2026,23:5:29.260,0.0,3.9,7.651,127.6,41,0.0,0.0,
7.9.2026,23:5:29.451,0.0,3.9,8.051,127.6,41,0.0,0.0,
7.9.2026,23:5:29.664,9.4,5.8,8.134,205.2,43,0.0,0.0,
7.9.2026,23:5:29.873,8.2,9.8,7.585,134.1,41,0.0,0.0,
7.9.2026,23:5:30.075,4.7,3.4,8.031,148.4,41,0.0,0.0,
7.9.2026,23:5:30.292,3.7,10.1,7.759,82.4,41,0.0,0.0,
7.9.2026,23:5:30.509,2.5,1.9,8.160,203.6,42,0.0,0.0,
7.9.2026,23:5:30.699,21.3,6.9,7.849,760.6,41,0.0,0.0,
7.9.2026,23:5:30.914,7.7,2.7,7.442,552.7,41,0.0,0.0,
7.9.2026,23:5:31.108,6.4,6.6,8.161,78.0,41,0.0,0.0,
7.9.2026,23:5:31.319,0.0,3.4,7.231,88.5,41,0.0,0.0,
7.9.2026,23:5:31.526,11.8,6.7,7.736,292.2,41,0.0,0.0,
7.9.2026,23:5:31.738,0.0,5.1,7.960,78.3,41,0.0,0.0,
7.9.2026,23:5:31.946,0.2,4.7,7.678,89.0,42,0.0,0.0,
7.9.2026,23:5:32.143,0.2,4.7,8.091,89.0,42,0.0,0.0,
7.9.2026,23:5:32.353,5.1,8.3,7.593,74.7,42,0.0,0.0,
7.9.2026,23:5:32.564,0.0,2.1,7.854,110.7,40,0.0,0.0,
7.9.2026,23:5:32.781,6.0,4.0,8.289,96.9,41,0.0,0.0,
7.9.2026,23:5:32.987,0.0,8.5,7.748,95.1,41,0.0,0.0,
7.9.2026,23:5:33.186,5.0,5.1,7.997,85.0,41,0.0,0.0,
7.9.2026,23:5:33.394,5.7,5.5,7.625,319.8,42,0.0,0.0,
7.9.2026,23:5:33.604,5.7,5.5,9.709,319.8,42,0.0,0.0,
7.9.2026,23:5:33.793,5.7,5.5,9.709,319.8,42,0.0,0.0,
7.9.2026,23:5:33.998,5.7,5.5,9.709,319.8,42,0.0,0.0,
7.9.2026,23:5:34.206,5.7,5.5,9.709,319.8,42,0.0,0.0,
7.9.2026,23:5:34.412,5.7,5.5,9.709,319.8,42,0.0,0.0,
7.9.2026,23:5:34.618,5.7,5.5,9.709,319.8,42,0.0,0.0,
7.9.2026,23:5:34.809,5.7,5.5,9.709,319.8,42,0.0,0.0,
7.9.2026,23:5:35.015,5.7,5.5,9.709,319.8,42,0.0,0.0,
7.9.2026,23:5:35.221,5.7,5.5,9.709,319.8,42,0.0,0.0,
7.9.2026,23:5:35.429,5.7,5.5,9.709,319.8,42,0.0,0.0,
7.9.2026,23:5:35.634,5.7,5.5,9.709,319.8,42,0.0,0.0,
7.9.2026,23:5:35.824,5.7,5.5,9.709,319.8,42,0.0,0.0,
7.9.2026,23:5:36.031,5.7,5.5,9.709,319.8,42,0.0,0.0,
7.9.2026,23:5:36.238,5.7,5.5,9.709,319.8,42,0.0,0.0,
7.9.2026,23:5:36.445,5.7,5.5,9.709,319.8,42,0.0,0.0,
7.9.2026,23:5:36.639,5.7,5.5,9.709,319.8,42,0.0,0.0,
7.9.2026,23:5:36.845,5.7,5.5,9.709,319.8,42,0.0,0.0,
7.9.2026,23:5:37.051,5.7,5.5,9.709,319.8,42,0.0,0.0,
7.9.2026,23:5:37.259,5.7,5.5,9.709,319.8,42,0.0,0.0,
7.9.2026,23:5:37.454,5.7,5.5,9.709,319.8,42,0.0,0.0,
7.9.2026,23:5:37.653,5.7,5.5,9.709,319.8,42,0.0,0.0,
7.9.2026,23:5:37.860,5.7,5.5,9.709,319.8,42,0.0,0.0,
7.9.2026,23:5:38.065,5.7,5.5,9.709,319.8,42,0.0,0.0,
7.9.2026,23:5:38.272,5.7,5.5,9.709,319.8,42,0.0,0.0,
7.9.2026,23:5:38.478,5.7,5.5,9.709,319.8,42,0.0,0.0,
7.9.2026,23:5:38.669,5.7,5.5,9.709,319.8,42,0.0,0.0,
7.9.2026,23:5:38.875,5.7,5.5,9.709,319.8,42,0.0,0.0,
7.9.2026,23:5:39.081,5.7,5.5,9.709,319.8,42,0.0,0.0,
7.9.2026,23:5:39.289,5.7,5.5,9.709,319.8,42,0.0,0.0,
7.9.2026,23:5:39.501,5.7,5.5,9.709,319.8,42,0.0,0.0,
7.9.2026,23:5:39.687,5.7,5.5,9.709,319.8,42,0.0,0.0,
7.9.2026,23:5:39.891,5.7,5.5,9.709,319.8,42,0.0,0.0,
7.9.2026,23:5:40.097,5.7,5.5,9.709,319.8,42,0.0,0.0,
7.9.2026,23:5:40.304,5.7,5.5,9.709,319.8,42,0.0,0.0,
7.9.2026,23:5:40.525,5.7,5.5,9.709,319.8,42,0.0,0.0,
7.9.2026,23:5:40.717,5.7,5.5,9.709,319.8,42,0.0,0.0,
7.9.2026,23:5:40.923,5.7,5.5,9.709,319.8,42,0.0,0.0,
7.9.2026,23:5:41.130,5.7,5.5,9.709,319.8,42,0.0,0.0,
7.9.2026,23:5:41.338,5.7,5.5,9.709,319.8,42,0.0,0.0,
7.9.2026,23:5:41.529,5.7,5.5,9.709,319.8,42,0.0,0.0,
7.9.2026,23:5:41.736,5.7,5.5,9.709,319.8,42,0.0,0.0,
7.9.2026,23:5:41.940,5.7,5.5,9.709,319.8,42,0.0,0.0,
7.9.2026,23:5:42.147,5.7,5.5,9.709,319.8,42,0.0,0.0,
7.9.2026,23:5:42.354,5.7,5.5,9.709,319.8,42,0.0,0.0,
7.9.2026,23:5:42.575,5.7,5.5,9.709,319.8,42,0.0,0.0,
7.9.2026,23:5:42.767,5.7,5.5,9.709,319.8,42,0.0,0.0,
7.9.2026,23:5:42.975,5.7,5.5,9.709,319.8,42,0.0,0.0,
7.9.2026,23:5:43.180,5.7,5.5,9.709,319.8,42,0.0,0.0,
7.9.2026,23:5:43.372,5.7,5.5,9.709,319.8,42,0.0,0.0,
7.9.2026,23:5:43.578,5.7,5.5,9.709,319.8,42,0.0,0.0,
7.9.2026,23:5:43.785,5.7,5.5,9.709,319.8,42,0.0,0.0,
7.9.2026,23:5:43.990,99.6,15.7,9.709,4349.6,76,0.0,0.0,
7.9.2026,23:5:44.198,99.6,15.7,24.458,4349.6,76,0.0,0.0,
7.9.2026,23:5:44.388,99.6,15.7,24.458,4349.6,76,0.0,0.0,
7.9.2026,23:5:44.596,99.6,15.7,24.458,4349.6,76,0.0,0.0,
7.9.2026,23:5:44.800,99.6,15.7,24.458,4349.6,76,0.0,0.0,
7.9.2026,23:5:45.006,99.6,15.7,24.458,4349.6,76,0.0,0.0,
7.9.2026,23:5:45.212,99.6,15.7,24.458,4349.6,76,0.0,0.0,
7.9.2026,23:5:45.419,99.6,15.7,24.458,4349.6,76,0.0,0.0,
7.9.2026,23:5:45.627,99.6,15.7,24.458,4349.6,76,0.0,0.0,
7.9.2026,23:5:45.848,99.6,15.7,24.458,4349.6,76,0.0,0.0,
7.9.2026,23:5:46.057,99.6,15.7,24.458,4349.6,76,0.0,0.0,
7.9.2026,23:5:46.245,99.6,15.7,24.458,4349.6,76,0.0,0.0,
7.9.2026,23:5:46.450,99.6,15.7,24.458,4349.6,76,0.0,0.0,
7.9.2026,23:5:46.656,99.6,15.7,24.458,4349.6,76,0.0,0.0,
7.9.2026,23:5:46.863,99.6,15.7,24.458,4349.6,76,0.0,0.0,
7.9.2026,23:5:47.070,99.6,15.7,24.458,4349.6,76,0.0,0.0,
7.9.2026,23:5:47.290,99.6,15.7,24.458,4349.6,76,0.0,0.0,
7.9.2026,23:5:47.485,99.6,15.7,24.458,4349.6,76,0.0,0.0,
7.9.2026,23:5:47.689,99.6,15.7,24.458,4349.6,76,0.0,0.0,
7.9.2026,23:5:47.907,99.6,15.7,24.458,4349.6,76,0.0,0.0,
7.9.2026,23:5:48.101,99.6,15.7,24.458,4349.6,76,0.0,0.0,
7.9.2026,23:5:48.295,99.6,15.7,24.458,4349.6,76,0.0,0.0,
7.9.2026,23:5:48.499,99.6,15.7,24.458,4349.6,76,0.0,0.0,
7.9.2026,23:5:48.705,99.6,15.7,24.458,4349.6,76,0.0,0.0,
7.9.2026,23:5:48.911,100.0,15.6,24.650,4360.1,81,0.0,0.0,
7.9.2026,23:5:49.117,100.0,15.6,24.650,4360.1,81,0.0,0.0,
7.9.2026,23:5:49.308,100.0,15.6,24.650,4360.1,81,0.0,0.0,
7.9.2026,23:5:49.528,100.0,15.6,24.650,4360.1,81,0.0,0.0,
7.9.2026,23:5:49.723,100.0,15.6,24.650,4360.1,81,0.0,0.0,
7.9.2026,23:5:49.926,100.0,15.6,24.650,4360.1,81,0.0,0.0,
7.9.2026,23:5:50.133,100.0,15.6,24.650,4360.1,81,0.0,0.0,
7.9.2026,23:5:50.340,100.0,15.6,24.650,4360.1,81,0.0,0.0,
7.9.2026,23:5:50.544,100.0,15.6,24.650,4360.1,81,0.0,0.0,
7.9.2026,23:5:50.749,100.0,15.6,24.650,4360.1,81,0.0,0.0,
7.9.2026,23:5:50.964,100.0,15.6,24.650,4360.1,81,0.0,0.0,
7.9.2026,23:5:51.162,100.0,15.6,24.650,4360.1,81,0.0,0.0,
7.9.2026,23:5:51.368,100.0,15.6,24.650,4360.1,81,0.0,0.0,
7.9.2026,23:5:51.559,100.0,15.6,24.650,4360.1,81,0.0,0.0,
7.9.2026,23:5:51.767,100.0,15.6,24.650,4360.1,81,0.0,0.0,
7.9.2026,23:5:51.971,100.0,15.6,24.650,4360.1,81,0.0,0.0,
7.9.2026,23:5:52.179,100.0,15.6,24.650,4360.1,81,0.0,0.0,
7.9.2026,23:5:52.386,100.0,15.6,24.650,4360.1,81,0.0,0.0,
7.9.2026,23:5:52.591,100.0,15.6,24.650,4360.1,81,0.0,0.0,
7.9.2026,23:5:52.799,100.0,15.6,24.650,4360.1,81,0.0,0.0,
7.9.2026,23:5:53.002,100.0,15.6,24.650,4360.1,81,0.0,0.0,
7.9.2026,23:5:53.208,100.0,15.6,24.650,4360.1,81,0.0,0.0,
7.9.2026,23:5:53.415,100.0,15.6,24.650,4360.1,81,0.0,0.0,
7.9.2026,23:5:53.606,100.0,15.7,24.103,4281.1,83,0.0,0.0,
7.9.2026,23:5:53.812,100.0,15.7,24.103,4281.1,83,0.0,0.0,
7.9.2026,23:5:54.019,100.0,15.7,24.103,4281.1,83,0.0,0.0,
7.9.2026,23:5:54.225,100.0,15.7,24.103,4281.1,83,0.0,0.0,
7.9.2026,23:5:54.431,100.0,15.7,24.103,4281.1,83,0.0,0.0,
7.9.2026,23:5:54.638,100.0,15.7,24.103,4281.1,83,0.0,0.0,
7.9.2026,23:5:54.843,100.0,15.7,24.103,4281.1,83,0.0,0.0,
7.9.2026,23:5:55.051,100.0,15.7,24.103,4281.1,83,0.0,0.0,
7.9.2026,23:5:55.255,100.0,15.7,24.103,4281.1,83,0.0,0.0,
7.9.2026,23:5:55.460,100.0,15.7,24.103,4281.1,83,0.0,0.0,
7.9.2026,23:5:55.667,100.0,15.7,24.103,4281.1,83,0.0,0.0,
7.9.2026,23:5:55.870,100.0,15.7,24.103,4281.1,83,0.0,0.0,
7.9.2026,23:5:56.077,100.0,15.7,24.103,4281.1,83,0.0,0.0,
7.9.2026,23:5:56.275,100.0,15.7,24.103,4281.1,83,0.0,0.0,
7.9.2026,23:5:56.472,100.0,15.7,24.103,4281.1,83,0.0,0.0,
7.9.2026,23:5:56.679,100.0,15.7,24.103,4281.1,83,0.0,0.0,
7.9.2026,23:5:56.900,100.0,15.7,24.103,4281.1,83,0.0,0.0,
7.9.2026,23:5:57.093,100.0,15.7,24.103,4281.1,83,0.0,0.0,
7.9.2026,23:5:57.297,100.0,15.7,24.103,4281.1,83,0.0,0.0,
7.9.2026,23:5:57.507,100.0,15.7,24.103,4281.1,83,0.0,0.0,
7.9.2026,23:5:57.711,100.0,15.7,24.103,4281.1,83,0.0,0.0,
7.9.2026,23:5:57.916,100.0,15.7,24.103,4281.1,83,0.0,0.0,
7.9.2026,23:5:58.123,100.0,15.7,24.103,4281.1,83,0.0,0.0,
7.9.2026,23:5:58.329,100.0,15.7,24.103,4281.1,83,0.0,0.0,
7.9.2026,23:5:58.535,100.0,16.0,24.103,4316.3,83,0.0,0.0,
7.9.2026,23:5:58.756,100.0,16.0,24.198,4316.3,83,0.0,0.0,
7.9.2026,23:5:58.963,100.0,16.0,24.198,4316.3,83,0.0,0.0,
7.9.2026,23:5:59.169,100.0,16.0,24.198,4316.3,83,0.0,0.0,
7.9.2026,23:5:59.375,100.0,16.0,24.198,4316.3,83,0.0,0.0,
7.9.2026,23:5:59.582,100.0,16.0,24.198,4316.3,83,0.0,0.0,
7.9.2026,23:5:59.788,100.0,16.0,24.198,4316.3,83,0.0,0.0,
7.9.2026,23:5:59.993,100.0,16.0,24.198,4316.3,83,0.0,0.0,
7.9.2026,23:6:0.188,100.0,16.0,24.198,4316.3,83,0.0,0.0,
7.9.2026,23:6:0.392,100.0,16.0,24.198,4316.3,83,0.0,0.0,
7.9.2026,23:6:0.599,100.0,16.0,24.198,4316.3,83,0.0,0.0,
7.9.2026,23:6:0.806,100.0,16.0,24.198,4316.3,83,0.0,0.0,
7.9.2026,23:6:1.012,100.0,16.0,24.198,4316.3,83,0.0,0.0,
7.9.2026,23:6:1.219,100.0,16.0,24.198,4316.3,83,0.0,0.0,
7.9.2026,23:6:1.424,100.0,16.0,24.198,4316.3,83,0.0,0.0,
7.9.2026,23:6:1.632,100.0,16.0,24.198,4316.3,83,0.0,0.0,
7.9.2026,23:6:1.836,100.0,16.0,24.198,4316.3,83,0.0,0.0,
7.9.2026,23:6:2.028,100.0,16.0,24.198,4316.3,83,0.0,0.0,
7.9.2026,23:6:2.232,100.0,16.0,24.198,4316.3,83,0.0,0.0,
7.9.2026,23:6:2.438,100.0,16.0,24.198,4316.3,83,0.0,0.0,
7.9.2026,23:6:2.645,100.0,16.0,24.198,4316.3,83,0.0,0.0,
7.9.2026,23:6:2.851,100.0,16.0,24.198,4316.3,83,0.0,0.0,
7.9.2026,23:6:3.058,100.0,16.0,24.198,4316.3,83,0.0,0.0,
7.9.2026,23:6:3.263,100.0,16.0,24.198,4316.3,83,0.0,0.0,
7.9.2026,23:6:3.470,100.0,15.9,24.198,4335.0,79,0.0,0.0,
7.9.2026,23:6:3.675,100.0,15.9,24.309,4335.0,79,0.0,0.0,
7.9.2026,23:6:3.884,100.0,15.9,24.309,4335.0,79,0.0,0.0,
7.9.2026,23:6:4.087,100.0,15.9,24.309,4335.0,79,0.0,0.0,
7.9.2026,23:6:4.277,100.0,15.9,24.309,4335.0,79,0.0,0.0,
7.9.2026,23:6:4.483,100.0,15.9,24.309,4335.0,79,0.0,0.0,
7.9.2026,23:6:4.690,100.0,15.9,24.309,4335.0,79,0.0,0.0,
7.9.2026,23:6:4.905,100.0,15.9,24.309,4335.0,79,0.0,0.0,
7.9.2026,23:6:5.105,100.0,15.9,24.284,4335.0,79,0.0,0.0,
7.9.2026,23:6:5.292,100.0,15.9,24.284,4335.0,79,0.0,0.0,
7.9.2026,23:6:5.498,100.0,15.9,24.284,4335.0,79,0.0,0.0,
7.9.2026,23:6:5.706,100.0,15.9,24.284,4335.0,79,0.0,0.0,
7.9.2026,23:6:5.912,100.0,15.9,24.284,4335.0,79,0.0,0.0,
7.9.2026,23:6:6.120,100.0,15.9,24.284,4335.0,79,0.0,0.0,
7.9.2026,23:6:6.308,100.0,15.9,24.284,4335.0,79,0.0,0.0,
7.9.2026,23:6:6.515,100.0,15.9,24.284,4335.0,79,0.0,0.0,
7.9.2026,23:6:6.720,100.0,15.9,24.284,4335.0,79,0.0,0.0,
7.9.2026,23:6:6.928,100.0,15.9,24.284,4335.0,79,0.0,0.0,
7.9.2026,23:6:7.132,100.0,15.9,24.284,4335.0,79,0.0,0.0,
7.9.2026,23:6:7.338,100.0,15.9,24.284,4335.0,79,0.0,0.0,
7.9.2026,23:6:7.544,100.0,15.9,24.284,4335.0,79,0.0,0.0,
7.9.2026,23:6:7.751,100.0,15.9,24.284,4335.0,79,0.0,0.0,
7.9.2026,23:6:7.957,100.0,15.9,24.284,4335.0,79,0.0,0.0,
7.9.2026,23:6:8.150,100.0,15.9,24.284,4335.0,79,0.0,0.0,
7.9.2026,23:6:8.369,100.0,15.9,24.284,4335.0,79,0.0,0.0,
7.9.2026,23:6:8.575,100.0,15.9,24.284,4335.0,79,0.0,0.0,
7.9.2026,23:6:8.782,100.0,15.9,24.284,4335.0,79,0.0,0.0,
7.9.2026,23:6:8.988,100.0,15.9,24.284,4335.0,79,0.0,0.0,
7.9.2026,23:6:9.194,100.0,15.9,24.284,4335.0,79,0.0,0.0,
7.9.2026,23:6:9.400,100.0,15.9,24.284,4335.0,79,0.0,0.0,
7.9.2026,23:6:9.606,100.0,15.9,24.284,4335.0,79,0.0,0.0,
7.9.2026,23:6:9.814,100.0,15.9,24.284,4335.0,79,0.0,0.0,
7.9.2026,23:6:10.019,100.0,15.9,24.284,4335.0,79,0.0,0.0,
7.9.2026,23:6:10.224,100.0,15.9,24.284,4335.0,79,0.0,0.0,
7.9.2026,23:6:10.432,100.0,15.9,24.284,4335.0,79,0.0,0.0,
7.9.2026,23:6:10.627,100.0,15.9,24.284,4335.0,79,0.0,0.0,
7.9.2026,23:6:10.825,100.0,15.9,24.284,4335.0,79,0.0,0.0,
7.9.2026,23:6:11.031,100.0,15.9,24.284,4335.0,79,0.0,0.0,
7.9.2026,23:6:11.237,100.0,15.9,24.284,4335.0,79,0.0,0.0,
7.9.2026,23:6:11.446,100.0,15.9,24.284,4335.0,79,0.0,0.0,
7.9.2026,23:6:11.649,100.0,15.9,24.284,4335.0,79,0.0,0.0,
7.9.2026,23:6:11.842,100.0,15.9,24.284,4335.0,79,0.0,0.0,
7.9.2026,23:6:12.047,100.0,15.9,24.284,4335.0,79,0.0,0.0,
7.9.2026,23:6:12.251,100.0,15.9,24.284,4335.0,79,0.0,0.0,
7.9.2026,23:6:12.458,100.0,15.9,24.284,4335.0,79,0.0,0.0,
7.9.2026,23:6:12.663,100.0,15.9,24.284,4335.0,79,0.0,0.0,
7.9.2026,23:6:12.871,100.0,14.5,24.284,4316.2,85,0.0,0.0,
7.9.2026,23:6:13.076,100.0,14.5,24.284,4316.2,85,0.0,0.0,
7.9.2026,23:6:13.284,100.0,14.5,24.284,4316.2,85,0.0,0.0,
7.9.2026,23:6:13.504,100.0,14.5,24.284,4316.2,85,0.0,0.0,
7.9.2026,23:6:13.694,100.0,14.5,24.284,4316.2,85,0.0,0.0,
7.9.2026,23:6:13.885,100.0,14.5,24.284,4316.2,85,0.0,0.0,
7.9.2026,23:6:14.093,100.0,14.5,24.284,4316.2,85,0.0,0.0,
7.9.2026,23:6:14.297,100.0,14.5,24.284,4316.2,85,0.0,0.0,
7.9.2026,23:6:14.504,100.0,14.5,24.284,4316.2,85,0.0,0.0,
7.9.2026,23:6:14.710,100.0,14.5,24.284,4316.2,85,0.0,0.0,
7.9.2026,23:6:14.916,100.0,14.5,24.284,4316.2,85,0.0,0.0,
7.9.2026,23:6:15.123,100.0,14.5,24.284,4316.2,85,0.0,0.0,
7.9.2026,23:6:15.329,100.0,14.5,24.284,4316.2,85,0.0,0.0,
7.9.2026,23:6:15.537,100.0,14.5,24.284,4316.2,85,0.0,0.0,
7.9.2026,23:6:15.742,100.0,14.5,24.284,4316.2,85,0.0,0.0,
7.9.2026,23:6:15.934,100.0,14.5,24.284,4316.2,85,0.0,0.0,
7.9.2026,23:6:16.139,100.0,14.5,24.284,4316.2,85,0.0,0.0,
7.9.2026,23:6:16.347,100.0,14.5,24.284,4316.2,85,0.0,0.0,
7.9.2026,23:6:16.551,100.0,14.5,23.883,4316.2,85,0.0,0.0,
7.9.2026,23:6:16.757,100.0,14.5,23.883,4316.2,85,0.0,0.0,
7.9.2026,23:6:16.963,100.0,14.5,23.883,4316.2,85,0.0,0.0,
7.9.2026,23:6:17.169,100.0,14.5,23.883,4316.2,85,0.0,0.0,
7.9.2026,23:6:17.376,100.0,14.5,23.883,4316.2,85,0.0,0.0,
7.9.2026,23:6:17.581,100.0,14.5,23.883,4316.2,85,0.0,0.0,
7.9.2026,23:6:17.788,100.0,14.5,23.883,4316.2,85,0.0,0.0,
7.9.2026,23:6:17.978,100.0,14.5,23.883,4316.2,85,0.0,0.0,
7.9.2026,23:6:18.184,100.0,14.5,23.883,4316.2,85,0.0,0.0,
7.9.2026,23:6:18.391,100.0,14.5,23.883,4316.2,85,0.0,0.0,
7.9.2026,23:6:18.598,100.0,14.5,23.883,4316.2,85,0.0,0.0,
7.9.2026,23:6:18.803,100.0,14.5,23.883,4316.2,85,0.0,0.0,
7.9.2026,23:6:19.011,100.0,14.5,23.883,4316.2,85,0.0,0.0,
7.9.2026,23:6:19.230,100.0,14.5,23.883,4316.2,85,0.0,0.0,
7.9.2026,23:6:19.424,100.0,14.5,23.883,4316.2,85,0.0,0.0,
7.9.2026,23:6:19.628,100.0,14.5,23.883,4316.2,85,0.0,0.0,
7.9.2026,23:6:19.837,100.0,14.5,23.883,4316.2,85,0.0,0.0,
7.9.2026,23:6:20.025,100.0,14.5,23.883,4316.2,85,0.0,0.0,
7.9.2026,23:6:20.231,100.0,14.5,23.883,4316.2,85,0.0,0.0,
7.9.2026,23:6:20.438,100.0,14.5,23.883,4316.2,85,0.0,0.0,
7.9.2026,23:6:20.643,100.0,14.5,23.883,4316.2,85,0.0,0.0,
7.9.2026,23:6:20.849,100.0,14.5,23.883,4316.2,85,0.0,0.0,
7.9.2026,23:6:21.056,100.0,14.5,23.883,4316.2,85,0.0,0.0,
7.9.2026,23:6:21.264,100.0,21.8,23.883,4307.0,82,0.0,0.0,
7.9.2026,23:6:21.472,100.0,21.8,23.883,4307.0,82,0.0,0.0,
7.9.2026,23:6:21.677,100.0,21.8,23.883,4307.0,82,0.0,0.0,
7.9.2026,23:6:21.885,100.0,21.8,23.883,4307.0,82,0.0,0.0,
7.9.2026,23:6:22.073,100.0,21.8,23.883,4307.0,82,0.0,0.0,
7.9.2026,23:6:22.279,100.0,21.8,23.883,4307.0,82,0.0,0.0,
7.9.2026,23:6:22.485,100.0,21.8,23.883,4307.0,82,0.0,0.0,
7.9.2026,23:6:22.692,100.0,21.8,23.883,4307.0,82,0.0,0.0,
7.9.2026,23:6:22.899,100.0,21.8,23.883,4307.0,82,0.0,0.0,
7.9.2026,23:6:23.089,100.0,21.8,23.883,4307.0,82,0.0,0.0,
7.9.2026,23:6:23.297,100.0,21.8,23.883,4307.0,82,0.0,0.0,
7.9.2026,23:6:23.502,100.0,21.8,23.883,4307.0,82,0.0,0.0,
7.9.2026,23:6:23.709,100.0,21.8,23.883,4307.0,82,0.0,0.0,
7.9.2026,23:6:23.914,100.0,21.8,23.883,4307.0,82,0.0,0.0,
7.9.2026,23:6:24.119,100.0,21.8,23.883,4307.0,82,0.0,0.0,
7.9.2026,23:6:24.325,100.0,21.8,23.883,4307.0,82,0.0,0.0,
7.9.2026,23:6:24.529,100.0,21.8,23.883,4307.0,82,0.0,0.0,
7.9.2026,23:6:24.736,100.0,21.8,23.883,4307.0,82,0.0,0.0,
7.9.2026,23:6:24.942,100.0,21.8,23.883,4307.0,82,0.0,0.0,
7.9.2026,23:6:25.147,100.0,21.8,23.883,4307.0,82,0.0,0.0,
7.9.2026,23:6:25.354,100.0,21.8,23.883,4307.0,82,0.0,0.0,
7.9.2026,23:6:25.559,100.0,21.8,23.883,4307.0,82,0.0,0.0,
7.9.2026,23:6:25.764,100.0,21.8,23.883,4307.0,82,0.0,0.0,
7.9.2026,23:6:25.971,100.0,39.8,23.801,4286.0,83,0.0,0.0,
7.9.2026,23:6:26.176,100.0,39.8,23.801,4286.0,83,0.0,0.0,
7.9.2026,23:6:26.384,100.0,39.8,23.801,4286.0,83,0.0,0.0,
7.9.2026,23:6:26.588,100.0,39.8,23.801,4286.0,83,0.0,0.0,
7.9.2026,23:6:26.778,100.0,39.8,23.801,4286.0,83,0.0,0.0,
7.9.2026,23:6:26.985,100.0,39.8,23.801,4286.0,83,0.0,0.0,
7.9.2026,23:6:27.191,100.0,39.8,23.801,4286.0,83,0.0,0.0,
7.9.2026,23:6:27.397,100.0,39.8,23.801,4286.0,83,0.0,0.0,
7.9.2026,23:6:27.603,100.0,39.8,23.801,4286.0,83,0.0,0.0,
7.9.2026,23:6:27.810,100.0,39.8,23.801,4286.0,83,0.0,0.0,
7.9.2026,23:6:28.016,100.0,39.8,23.801,4286.0,83,0.0,0.0,
7.9.2026,23:6:28.225,100.0,39.8,23.801,4286.0,83,0.0,0.0,
7.9.2026,23:6:28.428,100.0,39.8,23.801,4286.0,83,0.0,0.0,
7.9.2026,23:6:28.637,100.0,39.8,23.801,4286.0,83,0.0,0.0,
7.9.2026,23:6:28.841,100.0,39.8,24.851,4286.0,83,0.0,0.0,
7.9.2026,23:6:29.050,100.0,39.8,24.851,4286.0,83,0.0,0.0,
7.9.2026,23:6:29.256,100.0,39.8,24.851,4286.0,83,0.0,0.0,
7.9.2026,23:6:29.464,100.0,39.8,24.851,4286.0,83,0.0,0.0,
7.9.2026,23:6:29.651,100.0,39.8,24.851,4286.0,83,0.0,0.0,
7.9.2026,23:6:29.858,100.0,39.8,24.851,4286.0,83,0.0,0.0,
7.9.2026,23:6:30.063,100.0,39.8,24.851,4286.0,83,0.0,0.0,
7.9.2026,23:6:30.270,100.0,39.8,24.851,4286.0,83,0.0,0.0,
7.9.2026,23:6:30.477,100.0,39.8,24.851,4286.0,83,0.0,0.0,
7.9.2026,23:6:30.666,100.0,39.8,24.851,4286.0,83,0.0,0.0,
7.9.2026,23:6:30.873,100.0,39.8,24.851,4286.0,83,0.0,0.0,
7.9.2026,23:6:31.077,100.0,39.8,24.851,4286.0,83,0.0,0.0,
7.9.2026,23:6:31.284,100.0,39.8,24.851,4286.0,83,0.0,0.0,
7.9.2026,23:6:31.491,100.0,39.8,24.851,4286.0,83,0.0,0.0,
7.9.2026,23:6:31.696,100.0,39.8,24.851,4286.0,83,0.0,0.0,
7.9.2026,23:6:31.887,100.0,39.8,24.851,4286.0,83,0.0,0.0,
7.9.2026,23:6:32.092,100.0,39.8,24.851,4286.0,83,0.0,0.0,
7.9.2026,23:6:32.297,100.0,39.8,24.851,4286.0,83,0.0,0.0,
7.9.2026,23:6:32.503,100.0,39.8,24.851,4286.0,83,0.0,0.0,
7.9.2026,23:6:32.709,100.0,39.8,24.851,4286.0,83,0.0,0.0,
7.9.2026,23:6:32.918,100.0,39.8,24.851,4286.0,83,0.0,0.0,
7.9.2026,23:6:33.123,100.0,39.8,24.851,4286.0,83,0.0,0.0,
7.9.2026,23:6:33.332,100.0,39.8,24.851,4286.0,83,0.0,0.0,
7.9.2026,23:6:33.536,99.9,85.7,24.851,4289.6,65,0.0,0.0,
7.9.2026,23:6:33.742,3.7,4.0,23.657,132.5,52,0.0,0.0,
7.9.2026,23:6:33.935,3.7,4.0,8.968,132.5,52,0.0,0.0,
7.9.2026,23:6:34.148,9.0,10.2,8.285,133.2,51,0.0,0.0,
7.9.2026,23:6:34.352,0.0,1.9,8.457,75.8,52,0.0,0.0,
7.9.2026,23:6:34.549,6.0,9.5,9.817,251.1,52,0.0,0.0,
7.9.2026,23:6:34.763,6.6,9.4,9.337,98.9,82,0.0,0.0,
7.9.2026,23:6:34.978,5.9,5.3,6.611,100.3,50,0.0,0.0,
7.9.2026,23:6:35.191,0.8,0.4,7.900,196.0,51,0.0,0.0,
7.9.2026,23:6:35.403,8.9,8.7,7.778,216.0,50,0.0,0.0,
7.9.2026,23:6:35.608,0.4,2.3,9.713,85.9,50,0.0,0.0,
7.9.2026,23:6:35.815,2.5,5.3,8.659,124.2,51,0.0,0.0,
7.9.2026,23:6:36.025,1.1,3.1,8.625,100.2,51,0.0,0.0,
7.9.2026,23:6:36.217,1.1,3.1,8.277,100.2,51,0.0,0.0,
7.9.2026,23:6:36.426,7.3,7.4,8.713,108.4,50,0.0,0.0,
7.9.2026,23:6:36.623,3.1,5.8,9.062,193.0,50,0.0,0.0,
7.9.2026,23:6:36.829,6.4,6.5,9.215,150.7,49,0.0,0.0,
7.9.2026,23:6:37.042,3.8,4.6,8.289,188.4,49,0.0,0.0,
7.9.2026,23:6:37.232,0.2,1.1,7.719,122.4,49,0.0,0.0,
7.9.2026,23:6:37.444,9.5,7.9,9.251,144.3,81,0.0,0.0,
7.9.2026,23:6:37.650,1.3,4.7,7.213,187.4,50,0.0,0.0,
7.9.2026,23:6:37.858,11.3,8.6,7.930,149.0,49,0.0,0.0,
7.9.2026,23:6:38.066,3.5,5.6,8.418,210.7,48,0.0,0.0,
7.9.2026,23:6:38.275,5.4,7.7,7.824,119.9,48,0.0,0.0,
7.9.2026,23:6:38.466,5.4,7.7,8.268,119.9,48,0.0,0.0,
7.9.2026,23:6:38.677,5.0,5.6,8.066,120.5,49,0.0,0.0,
7.9.2026,23:6:38.888,0.0,2.5,7.811,86.6,48,0.0,0.0,
7.9.2026,23:6:39.097,8.4,5.6,8.047,165.5,49,0.0,0.0,
7.9.2026,23:6:39.310,6.0,4.5,7.656,87.3,48,0.0,0.0,
7.9.2026,23:6:39.518,13.8,3.2,7.886,738.8,48,0.0,0.0,
7.9.2026,23:6:39.725,0.7,3.7,7.876,79.4,47,0.0,0.0,
7.9.2026,23:6:39.922,7.3,7.5,7.674,149.9,48,0.0,0.0,
7.9.2026,23:6:40.132,0.7,2.2,8.091,139.4,48,0.0,0.0,
7.9.2026,23:6:40.328,0.7,2.2,8.100,139.4,48,0.0,0.0,
7.9.2026,23:6:40.543,5.2,4.7,7.829,401.9,48,0.0,0.0,
7.9.2026,23:6:40.734,5.2,4.7,8.289,401.9,48,0.0,0.0,
7.9.2026,23:6:40.945,7.3,7.2,7.815,98.1,47,0.0,0.0,
7.9.2026,23:6:41.143,1.1,1.6,7.457,144.8,47,0.0,0.0,
7.9.2026,23:6:41.349,12.2,8.4,7.964,360.5,47,0.0,0.0,
7.9.2026,23:6:41.546,1.2,4.9,7.484,72.8,47,0.0,0.0,
7.9.2026,23:6:41.757,8.3,6.7,8.760,120.4,78,0.0,0.0,
7.9.2026,23:6:41.957,0.0,3.0,8.760,68.8,48,0.0,0.0,
7.9.2026,23:6:42.164,5.7,7.3,7.847,103.9,47,0.0,0.0,
7.9.2026,23:6:42.366,0.9,2.8,7.847,150.1,47,0.0,0.0,
7.9.2026,23:6:42.572,10.0,5.1,8.733,206.9,47,0.0,0.0,
7.9.2026,23:6:42.787,3.8,3.0,7.835,352.3,47,0.0,0.0,
7.9.2026,23:6:42.989,3.1,7.3,10.120,122.7,48,0.0,0.0,
7.9.2026,23:6:43.183,8.1,10.1,10.120,145.8,46,0.0,0.0,
7.9.2026,23:6:43.395,6.4,4.7,10.100,382.9,46,0.0,0.0,
7.9.2026,23:6:43.609,5.9,7.6,9.548,128.5,47,0.0,0.0,
7.9.2026,23:6:43.814,3.2,6.4,9.950,204.3,46,0.0,0.0,
7.9.2026,23:6:44.025,3.2,6.4,9.738,437.3,46,0.0,0.0,
7.9.2026,23:6:44.237,4.6,6.3,9.347,321.9,46,0.0,0.0,
7.9.2026,23:6:44.447,0.9,2.5,8.454,124.1,47,0.0,0.0,
7.9.2026,23:6:44.659,6.7,7.1,8.017,102.4,45,0.0,0.0,
7.9.2026,23:6:44.864,5.3,7.3,9.663,257.2,45,0.0,0.0,
7.9.2026,23:6:45.061,7.1,10.3,9.663,140.6,46,0.0,0.0,
7.9.2026,23:6:45.272,0.0,1.2,7.956,105.3,46,0.0,0.0,
7.9.2026,23:6:45.468,7.1,9.6,7.930,120.4,47,0.0,0.0,
7.9.2026,23:6:45.682,15.3,2.8,8.059,829.0,46,0.0,0.0,
7.9.2026,23:6:45.877,9.0,9.4,7.908,181.6,45,0.0,0.0,
7.9.2026,23:6:46.075,7.3,3.9,9.649,192.4,45,0.0,0.0,
7.9.2026,23:6:46.286,0.8,4.4,7.927,154.2,44,0.0,0.0,
7.9.2026,23:6:46.494,2.0,6.8,7.774,103.8,44,0.0,0.0,
7.9.2026,23:6:46.703,8.4,5.5,7.731,147.2,45,0.0,0.0,
7.9.2026,23:6:46.913,1.3,2.3,8.552,96.6,46,0.0,0.0,
7.9.2026,23:6:47.105,7.7,7.8,7.816,136.5,44,0.0,0.0,
7.9.2026,23:6:47.322,0.0,4.5,7.894,108.8,44,0.0,0.0,
7.9.2026,23:6:47.511,22.2,7.5,8.561,838.0,45,0.0,0.0,
7.9.2026,23:6:47.725,0.0,2.9,8.032,105.5,45,0.0,0.0,
7.9.2026,23:6:47.921,7.2,5.3,7.980,98.9,44,0.0,0.0,
7.9.2026,23:6:48.128,1.1,5.0,7.894,138.4,44,0.0,0.0,
7.9.2026,23:6:48.331,5.3,4.9,7.941,156.2,45,0.0,0.0,
7.9.2026,23:6:48.527,8.3,10.4,8.150,196.5,45,0.0,0.0,
7.9.2026,23:6:48.739,0.0,1.5,8.486,136.9,44,0.0,0.0,
7.9.2026,23:6:48.936,5.8,7.5,8.744,128.6,44,0.0,0.0,
7.9.2026,23:6:49.143,8.5,4.1,8.181,429.6,45,0.0,0.0,
7.9.2026,23:6:49.356,2.6,4.2,8.048,140.5,44,0.0,0.0,
7.9.2026,23:6:49.570,3.5,4.5,8.081,127.6,45,0.0,0.0,
7.9.2026,23:6:49.766,9.1,4.4,7.987,112.8,44,0.0,0.0,
7.9.2026,23:6:49.980,0.0,4.1,8.296,116.7,45,0.0,0.0,
7.9.2026,23:6:50.188,7.2,5.7,7.607,198.2,44,0.0,0.0,
7.9.2026,23:6:50.395,2.3,3.4,7.531,146.6,44,0.0,0.0,
7.9.2026,23:6:50.590,6.2,4.6,7.912,113.8,44,0.0,0.0,
7.9.2026,23:6:50.798,0.7,6.5,7.643,89.1,43,0.0,0.0,
7.9.2026,23:6:51.006,1.9,2.5,7.917,141.7,44,0.0,0.0,
7.9.2026,23:6:51.201,6.7,9.4,8.068,136.3,43,0.0,0.0,
7.9.2026,23:6:51.417,5.1,5.0,7.804,71.1,43,0.0,0.0,
7.9.2026,23:6:51.626,3.2,5.6,7.982,200.6,44,0.0,0.0,
7.9.2026,23:6:51.834,1.2,3.4,8.285,113.1,43,0.0,0.0,
7.9.2026,23:6:52.032,4.6,6.5,7.800,69.1,44,0.0,0.0,
7.9.2026,23:6:52.242,0.8,3.4,7.361,121.3,43,0.0,0.0,
7.9.2026,23:6:52.438,5.9,5.7,7.836,76.1,42,0.0,0.0,
7.9.2026,23:6:52.644,0.7,6.4,8.175,97.1,43,0.0,0.0,
7.9.2026,23:6:52.843,4.8,5.3,8.099,75.5,43,0.0,0.0,
7.9.2026,23:6:53.055,0.0,1.8,8.021,111.4,44,0.0,0.0,
7.9.2026,23:6:53.248,0.0,1.8,7.445,111.4,44,0.0,0.0,
7.9.2026,23:6:53.459,7.2,7.9,7.885,114.9,43,0.0,0.0,
7.9.2026,23:6:53.665,0.0,1.8,7.511,79.0,43,0.0,0.0,
7.9.2026,23:6:53.860,2.9,3.7,7.511,164.7,44,0.0,0.0,
7.9.2026,23:6:54.073,6.7,9.0,7.838,68.0,44,0.0,0.0,
7.9.2026,23:6:54.280,5.2,6.8,7.896,77.9,43,0.0,0.0,
7.9.2026,23:6:54.492,5.6,5.0,9.874,281.8,43,0.0,0.0,
7.9.2026,23:6:54.692,5.9,1.8,7.502,384.8,43,0.0,0.0,
7.9.2026,23:6:54.887,12.7,5.3,7.502,468.5,42,0.0,0.0,
7.9.2026,23:6:55.098,6.8,8.0,8.039,103.4,60,0.0,0.0,
7.9.2026,23:6:55.305,7.1,3.8,8.950,516.7,60,0.0,0.0,
7.9.2026,23:6:55.498,4.8,6.4,7.687,149.3,58,0.0,0.0,
7.9.2026,23:6:55.712,24.6,8.8,8.846,923.2,65,0.0,0.0,
7.9.2026,23:6:55.912,6.5,6.5,6.815,130.2,75,0.0,0.0,
7.9.2026,23:6:56.107,0.0,3.5,7.685,88.2,73,0.0,0.0,
7.9.2026,23:6:56.314,10.6,8.5,9.105,225.6,62,0.0,0.0,
7.9.2026,23:6:56.528,0.0,2.8,8.083,79.8,73,0.0,0.0,
7.9.2026,23:6:56.749,6.2,5.6,7.444,122.8,73,0.0,0.0,
7.9.2026,23:6:56.962,0.0,2.7,6.974,198.6,43,0.0,0.0,
7.9.2026,23:6:57.155,0.0,2.7,7.646,198.6,43,0.0,0.0,
7.9.2026,23:6:57.365,9.4,9.1,8.043,170.8,42,0.0,0.0,
7.9.2026,23:6:57.562,1.1,3.5,7.806,119.6,42,0.0,0.0,
7.9.2026,23:6:57.770,6.9,9.3,9.962,165.8,72,0.0,0.0,
7.9.2026,23:6:57.980,2.6,3.3,8.276,161.9,72,0.0,0.0,
7.9.2026,23:6:58.190,7.5,6.6,7.734,92.3,70,0.0,0.0,
7.9.2026,23:6:58.398,8.1,6.7,7.261,472.1,43,0.0,0.0,
7.9.2026,23:6:58.596,3.8,3.3,7.727,152.5,43,0.0,0.0,
7.9.2026,23:6:58.802,3.9,6.2,7.645,82.4,43,0.0,0.0,
7.9.2026,23:6:59.000,2.7,3.8,8.600,126.6,43,0.0,0.0,
7.9.2026,23:6:59.211,5.2,6.3,8.732,114.4,72,0.0,0.0,
7.9.2026,23:6:59.415,2.0,1.9,8.161,198.7,73,0.0,0.0,
7.9.2026,23:6:59.606,4.6,8.9,7.758,96.3,71,0.0,0.0,
7.9.2026,23:6:59.817,18.0,11.8,8.388,410.2,70,0.0,0.0,
7.9.2026,23:7:0.030,4.8,3.6,7.711,168.4,73,0.0,0.0,
7.9.2026,23:7:0.234,6.6,7.1,6.822,104.1,43,0.0,0.0,
7.9.2026,23:7:0.448,20.6,8.5,9.528,917.6,66,0.0,0.0,
7.9.2026,23:7:0.638,0.0,0.9,5.901,119.0,43,0.0,0.0,
7.9.2026,23:7:0.854,7.7,10.3,8.785,65.8,73,0.0,0.0,
7.9.2026,23:7:1.064,5.8,5.6,7.458,154.4,43,0.0,0.0,
7.9.2026,23:7:1.272,0.0,6.2,7.796,138.5,42,0.0,0.0,
7.9.2026,23:7:1.468,0.0,6.2,8.158,138.5,42,0.0,0.0,
7.9.2026,23:7:1.680,5.9,5.1,7.966,103.8,41,0.0,0.0,
7.9.2026,23:7:1.878,5.9,5.1,8.292,103.8,41,0.0,0.0,
7.9.2026,23:7:2.087,0.0,4.8,8.020,148.1,42,0.0,0.0,
7.9.2026,23:7:2.277,0.5,3.9,7.986,88.7,41,0.0,0.0,
7.9.2026,23:7:2.484,8.6,9.7,9.025,118.3,73,0.0,0.0,
7.9.2026,23:7:2.693,0.2,2.4,7.846,72.5,74,0.0,0.0,
7.9.2026,23:7:2.900,2.4,4.1,7.923,173.2,73,0.0,0.0,
7.9.2026,23:7:3.098,21.6,15.9,17.670,993.7,72,0.0,0.0,
7.9.2026,23:7:3.294,7.8,10.0,8.495,135.4,72,0.0,0.0,
7.9.2026,23:7:3.507,5.8,4.9,8.245,124.4,66,0.0,0.0,
7.9.2026,23:7:3.709,0.0,3.3,7.856,76.3,63,0.0,0.0,
7.9.2026,23:7:3.918,4.3,5.2,8.038,162.1,72,0.0,0.0,
7.9.2026,23:7:4.140,7.9,8.2,8.086,115.9,58,0.0,0.0,
7.9.2026,23:7:4.354,1.8,2.9,6.709,82.8,73,0.0,0.0,
7.9.2026,23:7:4.556,0.0,2.4,6.936,151.9,41,0.0,0.0,
7.9.2026,23:7:4.749,3.0,4.6,7.896,102.3,42,0.0,0.0,
7.9.2026,23:7:4.959,10.2,10.8,10.619,241.2,72,0.0,0.0,
7.9.2026,23:7:5.155,7.6,3.6,7.732,371.7,69,0.0,0.0,
7.9.2026,23:7:5.367,4.5,6.9,7.816,65.5,70,0.0,0.0,
7.9.2026,23:7:5.563,2.3,4.2,8.145,249.3,74,0.0,0.0,
7.9.2026,23:7:5.769,6.3,7.2,8.959,104.6,60,0.0,0.0,
7.9.2026,23:7:5.978,3.7,5.5,11.292,225.0,69,0.0,0.0,
7.9.2026,23:7:6.174,1.3,4.6,9.872,110.1,62,0.0,0.0,
7.9.2026,23:7:6.385,7.0,7.0,9.209,136.6,64,0.0,0.0,
7.9.2026,23:7:6.608,7.1,6.3,8.089,127.4,63,0.0,0.0,
7.9.2026,23:7:6.813,1.5,2.5,6.718,78.7,73,0.0,0.0,
7.9.2026,23:7:7.027,6.0,3.9,7.915,262.4,71,0.0,0.0,
7.9.2026,23:7:7.237,1.6,3.5,7.239,174.4,42,0.0,0.0,
7.9.2026,23:7:7.450,7.3,4.8,7.943,161.9,41,0.0,0.0,
7.9.2026,23:7:7.659,3.2,4.9,8.274,191.1,41,0.0,0.0,
7.9.2026,23:7:7.872,2.6,3.4,8.089,185.9,42,0.0,0.0,
7.9.2026,23:7:8.082,5.3,11.4,8.017,139.3,42,0.0,0.0,
7.9.2026,23:7:8.277,9.0,4.9,8.174,188.0,42,0.0,0.0,
7.9.2026,23:7:8.496,0.0,2.4,7.745,133.3,43,0.0,0.0,
7.9.2026,23:7:8.685,5.7,7.0,7.706,83.8,42,0.0,0.0,
7.9.2026,23:7:8.898,5.5,3.2,7.648,341.7,41,0.0,0.0,
7.9.2026,23:7:9.104,9.6,7.9,7.866,177.9,41,0.0,0.0,
7.9.2026,23:7:9.311,0.5,6.1,7.730,68.2,41,0.0,0.0,
7.9.2026,23:7:9.524,0.0,0.4,7.964,134.0,42,0.0,0.0,
7.9.2026,23:7:9.723,4.1,5.6,7.325,82.1,42,0.0,0.0,
7.9.2026,23:7:9.930,3.7,6.2,7.716,189.2,41,0.0,0.0,
7.9.2026,23:7:10.125,3.7,6.2,8.081,189.2,41,0.0,0.0,
7.9.2026,23:7:10.330,7.4,5.5,7.496,86.8,42,0.0,0.0,
7.9.2026,23:7:10.544,13.0,5.4,7.792,424.1,41,0.0,0.0,
7.9.2026,23:7:10.750,1.8,5.2,8.215,148.8,41,0.0,0.0,
7.9.2026,23:7:10.961,1.5,3.7,8.414,157.2,43,0.0,0.0,
7.9.2026,23:7:11.152,1.5,3.7,8.414,157.2,42,0.0,0.0,
7.9.2026,23:7:11.359,20.4,8.2,8.734,735.5,42,0.0,0.0,
7.9.2026,23:7:11.573,0.7,4.3,8.309,61.6,41,0.0,0.0,
7.9.2026,23:7:11.771,3.0,3.3,8.309,301.5,41,0.0,0.0,
7.9.2026,23:7:11.984,9.9,5.8,7.542,342.4,41,0.0,0.0,
7.9.2026,23:7:12.190,12.4,6.9,7.863,383.7,41,0.0,0.0,
7.9.2026,23:7:12.386,0.7,2.9,7.778,92.8,41,0.0,0.0,
7.9.2026,23:7:12.602,8.3,5.7,9.051,193.5,73,0.0,0.0,
7.9.2026,23:7:12.795,0.0,2.5,6.695,125.6,41,0.0,0.0,
7.9.2026,23:7:13.007,8.3,8.7,8.795,126.0,70,0.0,0.0,
7.9.2026,23:7:13.209,1.2,2.6,7.962,162.7,42,0.0,0.0,
7.9.2026,23:7:13.418,2.5,4.5,7.908,94.6,40,0.0,0.0,
7.9.2026,23:7:13.625,9.8,8.5,7.851,164.4,43,0.0,0.0,
7.9.2026,23:7:13.832,0.4,2.9,8.174,90.7,41,0.0,0.0,
7.9.2026,23:7:14.049,12.1,5.7,7.855,417.8,41,0.0,0.0,
7.9.2026,23:7:14.258,0.0,4.9,7.878,86.8,40,0.0,0.0,
7.9.2026,23:7:14.450,8.2,7.5,8.417,130.7,41,0.0,0.0,
7.9.2026,23:7:14.665,0.0,1.6,7.837,122.6,41,0.0,0.0,
7.9.2026,23:7:14.856,21.0,7.2,7.932,768.9,41,0.0,0.0,
7.9.2026,23:7:15.063,1.6,1.8,7.945,119.1,41,0.0,0.0,
7.9.2026,23:7:15.274,1.4,6.2,7.852,178.6,42,0.0,0.0,
7.9.2026,23:7:15.467,1.4,6.2,9.598,178.6,42,0.0,0.0,
7.9.2026,23:7:15.679,7.3,8.6,8.018,84.8,41,0.0,0.0,
7.9.2026,23:7:15.875,0.3,1.4,7.391,120.1,41,0.0,0.0,
7.9.2026,23:7:16.088,1.8,1.4,8.283,218.6,40,0.0,0.0,
7.9.2026,23:7:16.276,1.8,1.4,7.874,218.6,40,0.0,0.0,
7.9.2026,23:7:16.489,0.0,2.3,9.368,139.1,41,0.0,0.0,
7.9.2026,23:7:16.685,5.6,4.5,8.008,66.3,40,0.0,0.0,
7.9.2026,23:7:16.899,0.0,3.9,8.006,106.0,41,0.0,0.0,
7.9.2026,23:7:17.090,0.0,3.9,8.154,106.0,41,0.0,0.0,
7.9.2026,23:7:17.299,10.9,9.6,9.046,207.7,41,0.0,0.0,
7.9.2026,23:7:17.509,0.0,1.5,7.530,130.6,41,0.0,0.0,
7.9.2026,23:7:17.719,7.1,7.8,8.301,72.8,41,0.0,0.0,
7.9.2026,23:7:17.932,0.0,2.5,7.908,139.3,41,0.0,0.0,
7.9.2026,23:7:18.123,7.2,11.9,7.711,109.4,41,0.0,0.0,
7.9.2026,23:7:18.331,3.2,2.7,9.763,234.6,41,0.0,0.0,
7.9.2026,23:7:18.533,14.2,7.0,8.940,527.5,41,0.0,0.0,
7.9.2026,23:7:18.738,1.7,6.7,9.487,120.7,42,0.0,0.0,
7.9.2026,23:7:18.947,2.2,3.3,9.050,144.0,41,0.0,0.0,
7.9.2026,23:7:19.145,2.2,3.3,9.191,144.0,41,0.0,0.0,
7.9.2026,23:7:19.341,6.0,9.6,9.144,161.8,41,0.0,0.0,
7.9.2026,23:7:19.560,11.7,6.6,8.766,365.9,72,0.0,0.0,
7.9.2026,23:7:19.766,4.9,5.3,6.892,131.4,41,0.0,0.0,
7.9.2026,23:7:19.981,0.6,3.8,7.834,92.4,42,0.0,0.0,
7.9.2026,23:7:20.201,3.7,4.0,7.472,94.9,40,0.0,0.0,
7.9.2026,23:7:20.413,5.9,2.1,7.872,424.2,41,0.0,0.0,
7.9.2026,23:7:20.612,4.5,6.8,8.246,119.5,41,0.0,0.0,
7.9.2026,23:7:20.808,4.5,6.8,8.091,119.5,41,0.0,0.0,
7.9.2026,23:7:21.023,0.0,0.7,7.803,204.4,41,0.0,0.0,
7.9.2026,23:7:21.220,7.5,8.8,7.988,160.4,41,0.0,0.0,
7.9.2026,23:7:21.427,1.1,2.1,8.276,84.7,41,0.0,0.0,
7.9.2026,23:7:21.623,1.1,2.1,8.054,84.7,41,0.0,0.0,
7.9.2026,23:7:21.834,7.0,7.6,8.076,151.2,42,0.0,0.0,
7.9.2026,23:7:22.041,5.2,2.0,7.606,295.4,40,0.0,0.0,
7.9.2026,23:7:22.248,7.5,6.9,7.892,116.5,41,0.0,0.0,
7.9.2026,23:7:22.458,0.6,4.4,7.869,69.0,41,0.0,0.0,
7.9.2026,23:7:22.665,0.8,2.3,7.928,93.9,41,0.0,0.0,
7.9.2026,23:7:22.877,7.8,5.8,7.601,136.2,40,0.0,0.0,
7.9.2026,23:7:23.075,0.0,4.7,7.245,99.4,41,0.0,0.0,
7.9.2026,23:7:23.281,6.5,7.1,8.250,145.9,41,0.0,0.0,
7.9.2026,23:7:23.488,2.8,3.0,7.836,133.4,41,0.0,0.0,
7.9.2026,23:7:23.695,1.1,2.9,7.862,82.4,41,0.0,0.0,
7.9.2026,23:7:23.896,2.2,3.3,8.002,149.2,40,0.0,0.0,
7.9.2026,23:7:24.101,4.8,6.7,8.195,81.3,41,0.0,0.0,
7.9.2026,23:7:24.297,8.1,5.0,8.195,392.7,43,0.0,0.0,
7.9.2026,23:7:24.502,6.7,7.2,7.513,98.2,40,0.0,0.0,
7.9.2026,23:7:24.707,5.2,5.9,8.171,203.8,41,0.0,0.0,
7.9.2026,23:7:24.915,6.1,4.3,9.369,283.4,41,0.0,0.0,
7.9.2026,23:7:25.119,1.6,2.5,7.788,156.3,42,0.0,0.0,
7.9.2026,23:7:25.315,3.5,5.0,7.872,71.5,40,0.0,0.0,
7.9.2026,23:7:25.514,4.9,8.0,8.627,96.3,41,0.0,0.0,
7.9.2026,23:7:25.722,5.0,7.8,8.753,68.6,73,0.0,0.0,
7.9.2026,23:7:25.933,5.3,7.4,8.353,253.1,42,0.0,0.0,
7.9.2026,23:7:26.147,6.6,5.3,8.967,89.8,70,0.0,0.0,
7.9.2026,23:7:26.346,0.0,2.2,6.684,123.8,41,0.0,0.0,
7.9.2026,23:7:26.546,5.2,5.8,7.971,108.5,43,0.0,0.0,
7.9.2026,23:7:26.756,4.5,7.6,7.738,79.9,41,0.0,0.0,
7.9.2026,23:7:26.964,6.6,2.5,7.643,400.7,41,0.0,0.0,
7.9.2026,23:7:27.175,9.6,6.8,7.917,155.4,41,0.0,0.0,
7.9.2026,23:7:27.371,0.0,2.5,7.701,117.3,42,0.0,0.0,
7.9.2026,23:7:27.586,12.9,6.1,8.010,399.4,41,0.0,0.0,
7.9.2026,23:7:27.799,0.0,5.0,7.628,105.0,42,0.0,0.0,
7.9.2026,23:7:28.006,6.7,5.0,7.710,136.8,41,0.0,0.0,
7.9.2026,23:7:28.200,0.0,2.8,7.990,94.0,41,0.0,0.0,
7.9.2026,23:7:28.413,9.2,7.4,8.487,162.0,61,0.0,0.0,
7.9.2026,23:7:28.621,0.0,3.5,6.948,120.1,42,0.0,0.0,
7.9.2026,23:7:28.832,9.1,7.4,7.577,179.5,41,0.0,0.0,
7.9.2026,23:7:29.030,0.0,2.7,7.812,93.6,42,0.0,0.0,
7.9.2026,23:7:29.239,6.0,4.3,8.019,130.2,41,0.0,0.0,
7.9.2026,23:7:29.450,6.0,6.4,7.908,72.9,41,0.0,0.0,
7.9.2026,23:7:29.659,1.9,7.5,8.126,171.7,42,0.0,0.0,
7.9.2026,23:7:29.855,1.9,7.5,8.874,171.7,41,0.0,0.0,
7.9.2026,23:7:30.063,11.9,10.9,8.815,371.8,41,0.0,0.0,
7.9.2026,23:7:30.273,6.9,1.8,7.476,357.8,41,0.0,0.0,
7.9.2026,23:7:30.480,3.9,3.2,7.688,224.5,42,0.0,0.0,
7.9.2026,23:7:30.699,4.8,3.1,7.509,137.5,41,0.0,0.0,
7.9.2026,23:7:30.905,9.6,7.0,7.863,526.3,41,0.0,0.0,
7.9.2026,23:7:31.115,3.5,5.1,9.201,236.2,41,0.0,0.0,
7.9.2026,23:7:31.318,2.8,5.8,8.599,63.6,42,0.0,0.0,
7.9.2026,23:7:31.525,7.6,7.5,8.995,97.2,40,0.0,0.0,
7.9.2026,23:7:31.735,8.6,6.2,9.009,506.7,41,0.0,0.0,
7.9.2026,23:7:31.946,0.3,4.5,8.682,79.9,41,0.0,0.0,
7.9.2026,23:7:32.151,7.3,7.8,8.791,73.3,42,0.0,0.0,
7.9.2026,23:7:32.361,6.9,10.4,8.863,311.5,41,0.0,0.0,
7.9.2026,23:7:32.572,3.1,4.0,9.942,344.0,46,0.0,0.0,
7.9.2026,23:7:32.767,3.1,4.0,9.163,344.0,40,0.0,0.0,
7.9.2026,23:7:32.972,6.6,10.0,8.980,149.4,41,0.0,0.0,
7.9.2026,23:7:33.168,3.2,4.0,8.166,110.9,42,0.0,0.0,
7.9.2026,23:7:33.382,5.4,5.8,8.591,64.0,73,0.0,0.0,
7.9.2026,23:7:33.595,0.0,3.9,6.806,75.6,43,0.0,0.0,
7.9.2026,23:7:33.795,0.0,3.9,14.613,75.6,43,0.0,0.0,
7.9.2026,23:7:34.004,0.0,3.9,14.613,75.6,43,0.0,0.0,
7.9.2026,23:7:34.208,0.0,3.9,14.613,75.6,43,0.0,0.0,
7.9.2026,23:7:34.414,0.0,3.9,14.613,75.6,43,0.0,0.0,
7.9.2026,23:7:34.605,0.0,3.9,14.613,75.6,43,0.0,0.0,
7.9.2026,23:7:34.819,0.0,3.9,14.613,75.6,43,0.0,0.0,
7.9.2026,23:7:35.018,0.0,3.9,14.613,75.6,43,0.0,0.0,
7.9.2026,23:7:35.226,0.0,3.9,14.613,75.6,43,0.0,0.0,
7.9.2026,23:7:35.430,0.0,3.9,14.613,75.6,43,0.0,0.0,
7.9.2026,23:7:35.621,0.0,3.9,14.613,75.6,43,0.0,0.0,
7.9.2026,23:7:35.829,0.0,3.9,14.613,75.6,43,0.0,0.0,
7.9.2026,23:7:36.036,0.0,3.9,14.613,75.6,43,0.0,0.0,
7.9.2026,23:7:36.243,0.0,3.9,14.613,75.6,43,0.0,0.0,
7.9.2026,23:7:36.433,0.0,3.9,14.613,75.6,43,0.0,0.0,
7.9.2026,23:7:36.640,0.0,3.9,14.613,75.6,43,0.0,0.0,
7.9.2026,23:7:36.845,0.0,3.9,14.613,75.6,43,0.0,0.0,
7.9.2026,23:7:37.053,0.0,3.9,14.613,75.6,43,0.0,0.0,
7.9.2026,23:7:37.261,0.0,3.9,14.613,75.6,43,0.0,0.0,
7.9.2026,23:7:37.467,0.0,3.9,14.613,75.6,43,0.0,0.0,
7.9.2026,23:7:37.673,0.0,3.9,14.613,75.6,43,0.0,0.0,
7.9.2026,23:7:37.880,0.0,3.9,14.613,75.6,43,0.0,0.0,
7.9.2026,23:7:38.088,0.0,3.9,14.613,75.6,43,0.0,0.0,
7.9.2026,23:7:38.279,0.0,3.9,14.613,75.6,43,0.0,0.0,
7.9.2026,23:7:38.483,0.0,3.9,14.613,75.6,43,0.0,0.0,
7.9.2026,23:7:38.703,0.0,3.9,14.613,75.6,43,0.0,0.0,
7.9.2026,23:7:38.896,0.0,3.9,14.613,75.6,43,0.0,0.0,
7.9.2026,23:7:39.103,0.0,3.9,14.613,75.6,43,0.0,0.0,
7.9.2026,23:7:39.295,0.0,3.9,14.613,75.6,43,0.0,0.0,
7.9.2026,23:7:39.499,0.0,3.9,14.613,75.6,43,0.0,0.0,
7.9.2026,23:7:39.720,0.0,3.9,14.613,75.6,43,0.0,0.0,
7.9.2026,23:7:39.920,0.0,3.9,14.613,75.6,43,0.0,0.0,
7.9.2026,23:7:40.120,0.0,3.9,14.613,75.6,43,0.0,0.0,
7.9.2026,23:7:40.328,0.0,3.9,14.613,75.6,43,0.0,0.0,
7.9.2026,23:7:40.546,0.0,3.9,14.613,75.6,43,0.0,0.0,
7.9.2026,23:7:40.754,0.0,3.9,14.613,75.6,43,0.0,0.0,
7.9.2026,23:7:40.954,0.0,3.9,14.613,75.6,43,0.0,0.0,
7.9.2026,23:7:41.137,0.0,3.9,14.613,75.6,43,0.0,0.0,
7.9.2026,23:7:41.345,0.0,3.9,14.613,75.6,43,0.0,0.0,
7.9.2026,23:7:41.550,0.0,3.9,14.613,75.6,43,0.0,0.0,
7.9.2026,23:7:41.757,0.0,3.9,14.613,75.6,43,0.0,0.0,
7.9.2026,23:7:41.963,0.0,3.9,14.613,75.6,43,0.0,0.0,
7.9.2026,23:7:42.170,45.9,9.5,14.613,1743.6,67,0.0,0.0,
7.9.2026,23:7:42.376,45.9,9.5,14.613,1743.6,67,0.0,0.0,
7.9.2026,23:7:42.584,45.9,9.5,14.613,1743.6,67,0.0,0.0,
7.9.2026,23:7:42.789,45.9,9.5,14.613,1743.6,67,0.0,0.0,
7.9.2026,23:7:42.980,45.9,9.5,14.613,1743.6,67,0.0,0.0,
7.9.2026,23:7:43.186,45.9,9.5,24.380,1743.6,67,0.0,0.0,
7.9.2026,23:7:43.393,45.9,9.5,24.380,1743.6,67,0.0,0.0,
7.9.2026,23:7:43.599,45.9,9.5,24.380,1743.6,67,0.0,0.0,
7.9.2026,23:7:43.807,45.9,9.5,24.380,1743.6,67,0.0,0.0,
7.9.2026,23:7:43.998,45.9,9.5,24.380,1743.6,67,0.0,0.0,
7.9.2026,23:7:44.202,45.9,9.5,24.380,1743.6,67,0.0,0.0,
7.9.2026,23:7:44.423,45.9,9.5,24.380,1743.6,67,0.0,0.0,
7.9.2026,23:7:44.614,45.9,9.5,24.380,1743.6,67,0.0,0.0,
7.9.2026,23:7:44.822,45.9,9.5,24.380,1743.6,67,0.0,0.0,
7.9.2026,23:7:45.013,45.9,9.5,24.380,1743.6,67,0.0,0.0,
7.9.2026,23:7:45.221,45.9,9.5,24.380,1743.6,67,0.0,0.0,
7.9.2026,23:7:45.424,45.9,9.5,24.380,1743.6,67,0.0,0.0,
7.9.2026,23:7:45.629,45.9,9.5,24.380,1743.6,67,0.0,0.0,
7.9.2026,23:7:45.834,45.9,9.5,24.380,1743.6,67,0.0,0.0,
7.9.2026,23:7:46.041,45.9,9.5,24.380,1743.6,67,0.0,0.0,
7.9.2026,23:7:46.262,45.9,9.5,24.380,1743.6,67,0.0,0.0,
7.9.2026,23:7:46.453,45.9,9.5,24.380,1743.6,67,0.0,0.0,
7.9.2026,23:7:46.661,45.9,9.5,24.380,1743.6,67,0.0,0.0,
7.9.2026,23:7:46.868,45.9,9.5,24.380,1743.6,67,0.0,0.0,
7.9.2026,23:7:47.072,45.9,9.5,24.380,1743.6,67,0.0,0.0,
7.9.2026,23:7:47.283,45.9,9.5,24.380,1743.6,67,0.0,0.0,
7.9.2026,23:7:47.500,45.9,9.5,24.380,1743.6,67,0.0,0.0,
7.9.2026,23:7:47.693,45.9,9.5,24.380,1743.6,67,0.0,0.0,
7.9.2026,23:7:47.899,45.9,9.5,24.380,1743.6,67,0.0,0.0,
7.9.2026,23:7:48.090,45.9,9.5,24.380,1743.6,67,0.0,0.0,
7.9.2026,23:7:48.298,100.0,30.9,24.380,4332.3,81,0.0,0.0,
7.9.2026,23:7:48.506,100.0,30.9,24.380,4332.3,81,0.0,0.0,
7.9.2026,23:7:48.710,100.0,30.9,24.380,4332.3,81,0.0,0.0,
7.9.2026,23:7:48.901,100.0,30.9,24.380,4332.3,81,0.0,0.0,
7.9.2026,23:7:49.108,100.0,30.9,24.380,4332.3,81,0.0,0.0,
7.9.2026,23:7:49.315,100.0,30.9,24.380,4332.3,81,0.0,0.0,
7.9.2026,23:7:49.520,100.0,30.9,24.380,4332.3,81,0.0,0.0,
7.9.2026,23:7:49.728,100.0,30.9,24.380,4332.3,81,0.0,0.0,
7.9.2026,23:7:49.926,100.0,30.9,24.380,4332.3,81,0.0,0.0,
7.9.2026,23:7:50.126,100.0,30.9,24.380,4332.3,81,0.0,0.0,
7.9.2026,23:7:50.334,100.0,30.9,24.380,4332.3,81,0.0,0.0,
7.9.2026,23:7:50.541,100.0,30.9,24.380,4332.3,81,0.0,0.0,
7.9.2026,23:7:50.747,100.0,30.9,24.380,4332.3,81,0.0,0.0,
7.9.2026,23:7:50.954,100.0,30.9,24.380,4332.3,81,0.0,0.0,
7.9.2026,23:7:51.161,100.0,30.9,24.380,4332.3,81,0.0,0.0,
7.9.2026,23:7:51.369,100.0,30.9,24.380,4332.3,81,0.0,0.0,
7.9.2026,23:7:51.559,100.0,30.9,24.380,4332.3,81,0.0,0.0,
7.9.2026,23:7:51.767,100.0,30.9,24.380,4332.3,81,0.0,0.0,
7.9.2026,23:7:51.975,100.0,30.9,24.380,4332.3,81,0.0,0.0,
7.9.2026,23:7:52.179,100.0,30.9,24.380,4332.3,81,0.0,0.0,
7.9.2026,23:7:52.370,100.0,30.9,24.380,4332.3,81,0.0,0.0,
7.9.2026,23:7:52.576,100.0,30.9,24.380,4332.3,81,0.0,0.0,
7.9.2026,23:7:52.797,100.0,30.9,24.380,4332.3,81,0.0,0.0,
7.9.2026,23:7:52.989,100.0,28.0,24.380,4330.6,81,0.0,0.0,
7.9.2026,23:7:53.196,100.0,28.0,24.371,4330.6,83,0.0,0.0,
7.9.2026,23:7:53.393,100.0,28.0,24.371,4330.6,83,0.0,0.0,
7.9.2026,23:7:53.593,100.0,28.0,24.371,4330.6,83,0.0,0.0,
7.9.2026,23:7:53.798,100.0,28.0,24.371,4330.6,83,0.0,0.0,
7.9.2026,23:7:54.004,100.0,28.0,24.371,4330.6,83,0.0,0.0,
7.9.2026,23:7:54.226,100.0,28.0,24.371,4330.6,83,0.0,0.0,
7.9.2026,23:7:54.403,100.0,28.0,24.371,4330.6,83,0.0,0.0,
7.9.2026,23:7:54.609,100.0,28.0,24.371,4330.6,83,0.0,0.0,
7.9.2026,23:7:54.816,100.0,28.0,24.371,4330.6,83,0.0,0.0,
7.9.2026,23:7:55.023,100.0,28.0,24.371,4330.6,83,0.0,0.0,
7.9.2026,23:7:55.214,100.0,28.0,24.371,4330.6,83,0.0,0.0,
7.9.2026,23:7:55.421,100.0,28.0,24.371,4330.6,83,0.0,0.0,
7.9.2026,23:7:55.628,100.0,28.0,24.371,4330.6,83,0.0,0.0,
7.9.2026,23:7:55.834,100.0,28.0,24.371,4330.6,83,0.0,0.0,
7.9.2026,23:7:56.041,100.0,28.0,24.371,4330.6,83,0.0,0.0,
7.9.2026,23:7:56.248,100.0,28.0,24.371,4330.6,83,0.0,0.0,
7.9.2026,23:7:56.455,100.0,28.0,24.371,4330.6,83,0.0,0.0,
7.9.2026,23:7:56.663,100.0,28.0,24.371,4330.6,83,0.0,0.0,
7.9.2026,23:7:56.853,100.0,28.0,24.371,4330.6,83,0.0,0.0,
7.9.2026,23:7:57.060,100.0,28.0,24.371,4330.6,83,0.0,0.0,
7.9.2026,23:7:57.266,100.0,28.0,24.371,4330.6,83,0.0,0.0,
7.9.2026,23:7:57.473,100.0,28.0,24.371,4330.6,83,0.0,0.0,
7.9.2026,23:7:57.680,100.0,28.0,24.371,4330.6,83,0.0,0.0,
7.9.2026,23:7:57.872,100.0,15.7,24.274,4334.8,82,0.0,0.0,
7.9.2026,23:7:58.077,100.0,15.7,24.274,4334.8,82,0.0,0.0,
7.9.2026,23:7:58.283,100.0,15.7,24.274,4334.8,82,0.0,0.0,
7.9.2026,23:7:58.490,100.0,15.7,24.274,4334.8,82,0.0,0.0,
7.9.2026,23:7:58.682,100.0,15.7,24.274,4334.8,82,0.0,0.0,
7.9.2026,23:7:58.888,100.0,15.7,24.274,4334.8,82,0.0,0.0,
7.9.2026,23:7:59.096,100.0,15.7,24.274,4334.8,82,0.0,0.0,
7.9.2026,23:7:59.303,100.0,15.7,24.274,4334.8,82,0.0,0.0,
7.9.2026,23:7:59.510,100.0,15.7,24.274,4334.8,82,0.0,0.0,
7.9.2026,23:7:59.718,100.0,15.7,24.274,4334.8,82,0.0,0.0,
7.9.2026,23:7:59.925,100.0,15.7,24.274,4334.8,82,0.0,0.0,
7.9.2026,23:8:0.133,100.0,15.7,24.274,4334.8,82,0.0,0.0,
7.9.2026,23:8:0.341,100.0,15.7,24.274,4334.8,82,0.0,0.0,
7.9.2026,23:8:0.548,100.0,15.7,24.274,4334.8,82,0.0,0.0,
7.9.2026,23:8:0.755,100.0,15.7,24.274,4334.8,82,0.0,0.0,
7.9.2026,23:8:0.962,100.0,15.7,24.274,4334.8,82,0.0,0.0,
7.9.2026,23:8:1.153,100.0,15.7,24.274,4334.8,82,0.0,0.0,
7.9.2026,23:8:1.358,100.0,15.7,24.274,4334.8,82,0.0,0.0,
7.9.2026,23:8:1.565,100.0,15.7,24.274,4334.8,82,0.0,0.0,
7.9.2026,23:8:1.772,100.0,15.7,24.274,4334.8,82,0.0,0.0,
7.9.2026,23:8:1.978,100.0,15.7,24.274,4334.8,82,0.0,0.0,
7.9.2026,23:8:2.185,100.0,15.7,24.274,4334.8,82,0.0,0.0,
7.9.2026,23:8:2.392,100.0,15.7,24.274,4334.8,82,0.0,0.0,
7.9.2026,23:8:2.599,100.0,15.5,24.274,4314.5,83,0.0,0.0,
7.9.2026,23:8:2.805,100.0,15.5,23.921,4314.5,83,0.0,0.0,
7.9.2026,23:8:2.995,100.0,15.5,23.921,4314.5,83,0.0,0.0,
7.9.2026,23:8:3.203,100.0,15.5,23.921,4314.5,83,0.0,0.0,
7.9.2026,23:8:3.410,100.0,15.5,23.921,4314.5,83,0.0,0.0,
7.9.2026,23:8:3.617,100.0,15.5,23.921,4314.5,83,0.0,0.0,
7.9.2026,23:8:3.821,100.0,15.5,23.921,4314.5,83,0.0,0.0,
7.9.2026,23:8:4.012,100.0,15.5,23.921,4314.5,83,0.0,0.0,
7.9.2026,23:8:4.219,100.0,15.5,23.921,4314.5,83,0.0,0.0,
7.9.2026,23:8:4.425,100.0,15.5,23.921,4314.5,83,0.0,0.0,
7.9.2026,23:8:4.647,100.0,15.5,23.921,4314.5,83,0.0,0.0,
7.9.2026,23:8:4.838,100.0,15.5,23.921,4314.5,83,0.0,0.0,
7.9.2026,23:8:5.046,100.0,15.5,23.921,4314.5,83,0.0,0.0,
7.9.2026,23:8:5.253,100.0,15.5,23.921,4314.5,83,0.0,0.0,
7.9.2026,23:8:5.460,100.0,15.5,23.921,4314.5,83,0.0,0.0,
7.9.2026,23:8:5.667,100.0,15.5,23.921,4314.5,83,0.0,0.0,
7.9.2026,23:8:5.858,100.0,15.5,23.921,4314.5,83,0.0,0.0,
7.9.2026,23:8:6.062,100.0,15.5,23.921,4314.5,83,0.0,0.0,
7.9.2026,23:8:6.273,100.0,15.5,23.921,4314.5,83,0.0,0.0,
7.9.2026,23:8:6.476,100.0,15.5,23.921,4314.5,83,0.0,0.0,
7.9.2026,23:8:6.682,100.0,15.5,23.921,4314.5,83,0.0,0.0,
7.9.2026,23:8:6.889,100.0,15.5,23.921,4314.5,83,0.0,0.0,
7.9.2026,23:8:7.095,100.0,15.5,23.921,4314.5,83,0.0,0.0,
7.9.2026,23:8:7.303,100.0,15.5,23.921,4314.5,83,0.0,0.0,
7.9.2026,23:8:7.511,100.0,15.9,23.921,4252.4,85,0.0,0.0,
7.9.2026,23:8:7.718,100.0,15.9,23.784,4252.4,85,0.0,0.0,
7.9.2026,23:8:7.926,100.0,15.9,23.784,4252.4,85,0.0,0.0,
7.9.2026,23:8:8.133,100.0,15.9,23.784,4252.4,85,0.0,0.0,
7.9.2026,23:8:8.324,100.0,15.9,23.784,4252.4,85,0.0,0.0,
7.9.2026,23:8:8.531,100.0,15.9,23.784,4252.4,85,0.0,0.0,
7.9.2026,23:8:8.738,100.0,15.9,23.784,4252.4,85,0.0,0.0,
7.9.2026,23:8:8.945,100.0,15.9,23.784,4252.4,85,0.0,0.0,
7.9.2026,23:8:9.153,100.0,15.9,23.784,4252.4,85,0.0,0.0,
7.9.2026,23:8:9.360,100.0,15.9,23.784,4252.4,85,0.0,0.0,
7.9.2026,23:8:9.567,100.0,15.9,23.784,4252.4,85,0.0,0.0,
7.9.2026,23:8:9.775,100.0,15.9,23.784,4252.4,85,0.0,0.0,
7.9.2026,23:8:9.963,100.0,15.9,23.784,4252.4,85,0.0,0.0,
7.9.2026,23:8:10.170,100.0,15.9,23.784,4252.4,85,0.0,0.0,
7.9.2026,23:8:10.377,100.0,15.9,23.784,4252.4,85,0.0,0.0,
7.9.2026,23:8:10.583,100.0,15.9,23.784,4252.4,85,0.0,0.0,
7.9.2026,23:8:10.789,100.0,15.9,23.784,4252.4,85,0.0,0.0,
7.9.2026,23:8:10.980,100.0,15.9,23.784,4252.4,85,0.0,0.0,
7.9.2026,23:8:11.187,100.0,15.9,23.784,4252.4,85,0.0,0.0,
7.9.2026,23:8:11.394,100.0,15.9,23.784,4252.4,85,0.0,0.0,
7.9.2026,23:8:11.601,100.0,15.9,23.784,4252.4,85,0.0,0.0,
7.9.2026,23:8:11.792,100.0,15.9,23.784,4252.4,85,0.0,0.0,
7.9.2026,23:8:11.998,100.0,15.9,23.784,4252.4,85,0.0,0.0,
7.9.2026,23:8:12.204,100.0,15.9,23.784,4311.5,85,0.0,0.0,
7.9.2026,23:8:12.411,100.0,15.9,24.001,4311.5,85,0.0,0.0,
7.9.2026,23:8:12.618,100.0,15.9,24.001,4311.5,85,0.0,0.0,
7.9.2026,23:8:12.809,100.0,15.9,24.001,4311.5,85,0.0,0.0,
7.9.2026,23:8:13.016,100.0,15.9,24.001,4311.5,85,0.0,0.0,
7.9.2026,23:8:13.220,100.0,15.9,24.001,4311.5,85,0.0,0.0,
7.9.2026,23:8:13.428,100.0,15.9,24.001,4311.5,85,0.0,0.0,
7.9.2026,23:8:13.634,100.0,15.9,24.001,4311.5,85,0.0,0.0,
7.9.2026,23:8:13.826,100.0,15.9,24.001,4311.5,85,0.0,0.0,
7.9.2026,23:8:14.033,100.0,15.9,24.001,4311.5,85,0.0,0.0,
7.9.2026,23:8:14.239,100.0,15.9,24.001,4311.5,85,0.0,0.0,
7.9.2026,23:8:14.446,100.0,15.9,24.001,4311.5,85,0.0,0.0,
7.9.2026,23:8:14.637,100.0,15.9,24.001,4311.5,85,0.0,0.0,
7.9.2026,23:8:14.843,100.0,15.9,24.001,4311.5,85,0.0,0.0,
7.9.2026,23:8:15.064,100.0,15.9,24.001,4311.5,85,0.0,0.0,
7.9.2026,23:8:15.257,100.0,15.9,24.001,4311.5,85,0.0,0.0,
7.9.2026,23:8:15.448,100.0,15.9,24.001,4311.5,85,0.0,0.0,
7.9.2026,23:8:15.655,100.0,15.9,24.001,4311.5,85,0.0,0.0,
7.9.2026,23:8:15.862,100.0,15.9,24.001,4311.5,85,0.0,0.0,
7.9.2026,23:8:16.068,100.0,15.9,24.001,4311.5,85,0.0,0.0,
7.9.2026,23:8:16.275,100.0,15.9,24.001,4311.5,85,0.0,0.0,
7.9.2026,23:8:16.481,100.0,15.9,24.001,4311.5,85,0.0,0.0,
7.9.2026,23:8:16.690,100.0,15.9,24.001,4311.5,85,0.0,0.0,
7.9.2026,23:8:16.897,100.0,15.9,24.001,4311.5,85,0.0,0.0,
7.9.2026,23:8:17.105,100.0,15.9,23.921,4292.9,83,0.0,0.0,
7.9.2026,23:8:17.295,100.0,15.9,23.921,4292.9,83,0.0,0.0,
7.9.2026,23:8:17.500,100.0,15.9,23.921,4292.9,83,0.0,0.0,
7.9.2026,23:8:17.705,100.0,15.9,23.921,4292.9,83,0.0,0.0,
7.9.2026,23:8:17.912,100.0,15.9,23.921,4292.9,83,0.0,0.0,
7.9.2026,23:8:18.118,100.0,15.9,23.921,4292.9,83,0.0,0.0,
7.9.2026,23:8:18.325,100.0,15.9,23.921,4292.9,83,0.0,0.0,
7.9.2026,23:8:18.533,100.0,15.9,23.921,4292.9,83,0.0,0.0,
7.9.2026,23:8:18.740,100.0,15.9,23.921,4292.9,83,0.0,0.0,
7.9.2026,23:8:18.947,100.0,15.9,23.921,4292.9,83,0.0,0.0,
7.9.2026,23:8:19.138,100.0,15.9,23.921,4292.9,83,0.0,0.0,
7.9.2026,23:8:19.343,100.0,15.9,23.921,4292.9,83,0.0,0.0,
7.9.2026,23:8:19.553,100.0,15.9,23.920,4292.9,83,0.0,0.0,
7.9.2026,23:8:19.757,100.0,15.9,23.920,4292.9,83,0.0,0.0,
7.9.2026,23:8:19.963,100.0,15.9,23.920,4292.9,83,0.0,0.0,
7.9.2026,23:8:20.170,100.0,15.9,23.920,4292.9,83,0.0,0.0,
7.9.2026,23:8:20.377,100.0,15.9,23.920,4292.9,83,0.0,0.0,
7.9.2026,23:8:20.599,100.0,15.9,23.920,4292.9,83,0.0,0.0,
7.9.2026,23:8:20.790,100.0,15.9,23.920,4292.9,83,0.0,0.0,
7.9.2026,23:8:20.982,100.0,15.9,23.920,4292.9,83,0.0,0.0,
7.9.2026,23:8:21.190,100.0,15.9,23.920,4292.9,83,0.0,0.0,
7.9.2026,23:8:21.404,100.0,15.9,23.920,4292.9,83,0.0,0.0,
7.9.2026,23:8:21.604,100.0,15.9,23.920,4292.9,83,0.0,0.0,
7.9.2026,23:8:21.811,100.0,15.9,23.920,4292.9,83,0.0,0.0,
7.9.2026,23:8:22.018,100.0,15.9,23.920,4292.9,83,0.0,0.0,
7.9.2026,23:8:22.224,100.0,15.9,23.920,4292.9,83,0.0,0.0,
7.9.2026,23:8:22.431,100.0,15.9,23.920,4292.9,83,0.0,0.0,
7.9.2026,23:8:22.621,100.0,15.9,23.920,4292.9,83,0.0,0.0,
7.9.2026,23:8:22.828,100.0,15.9,23.920,4292.9,83,0.0,0.0,
7.9.2026,23:8:23.035,100.0,15.9,23.920,4292.9,83,0.0,0.0,
7.9.2026,23:8:23.242,100.0,15.9,23.920,4292.9,83,0.0,0.0,
7.9.2026,23:8:23.433,100.0,15.9,23.920,4292.9,83,0.0,0.0,
7.9.2026,23:8:23.655,100.0,15.9,23.920,4292.9,83,0.0,0.0,
7.9.2026,23:8:23.845,100.0,15.9,23.920,4292.9,83,0.0,0.0,
7.9.2026,23:8:24.052,100.0,13.6,23.920,4295.5,83,0.0,0.0,
7.9.2026,23:8:24.259,100.0,13.6,23.920,4295.5,83,0.0,0.0,
7.9.2026,23:8:24.450,100.0,13.6,23.920,4295.5,83,0.0,0.0,
7.9.2026,23:8:24.657,100.0,13.6,23.920,4295.5,83,0.0,0.0,
7.9.2026,23:8:24.864,100.0,13.6,23.920,4295.5,83,0.0,0.0,
7.9.2026,23:8:25.071,100.0,13.6,23.920,4295.5,83,0.0,0.0,
7.9.2026,23:8:25.262,100.0,13.6,23.920,4295.5,83,0.0,0.0,
7.9.2026,23:8:25.469,100.0,13.6,23.920,4295.5,83,0.0,0.0,
7.9.2026,23:8:25.676,100.0,13.6,23.920,4295.5,83,0.0,0.0,
7.9.2026,23:8:25.881,100.0,13.6,23.920,4295.5,83,0.0,0.0,
7.9.2026,23:8:26.088,100.0,13.6,23.920,4295.5,83,0.0,0.0,
7.9.2026,23:8:26.295,100.0,13.6,23.920,4295.5,83,0.0,0.0,
7.9.2026,23:8:26.501,100.0,13.6,23.920,4295.5,83,0.0,0.0,
7.9.2026,23:8:26.707,100.0,13.6,23.920,4295.5,83,0.0,0.0,
7.9.2026,23:8:26.914,100.0,13.6,23.920,4295.5,83,0.0,0.0,
7.9.2026,23:8:27.105,100.0,13.6,23.920,4295.5,83,0.0,0.0,
7.9.2026,23:8:27.312,100.0,13.6,23.920,4295.5,83,0.0,0.0,
7.9.2026,23:8:27.521,100.0,13.6,23.920,4295.5,83,0.0,0.0,
7.9.2026,23:8:27.725,100.0,13.6,23.920,4295.5,83,0.0,0.0,
7.9.2026,23:8:27.936,100.0,13.6,23.920,4295.5,83,0.0,0.0,
7.9.2026,23:8:28.138,100.0,13.6,23.920,4295.5,83,0.0,0.0,
7.9.2026,23:8:28.345,100.0,13.6,23.920,4295.5,83,0.0,0.0,
7.9.2026,23:8:28.552,100.0,13.6,23.920,4295.5,83,0.0,0.0,
7.9.2026,23:8:28.758,100.0,13.6,23.920,4295.5,83,0.0,0.0,
7.9.2026,23:8:28.949,100.0,40.3,23.654,4266.7,83,0.0,0.0,
7.9.2026,23:8:29.156,100.0,40.3,23.654,4266.7,83,0.0,0.0,
7.9.2026,23:8:29.363,100.0,40.3,23.654,4266.7,83,0.0,0.0,
7.9.2026,23:8:29.570,100.0,40.3,23.654,4266.7,83,0.0,0.0,
7.9.2026,23:8:29.761,100.0,40.3,23.654,4266.7,83,0.0,0.0,
7.9.2026,23:8:29.968,100.0,40.3,23.654,4266.7,83,0.0,0.0,
7.9.2026,23:8:30.175,100.0,40.3,23.654,4266.7,83,0.0,0.0,
7.9.2026,23:8:30.382,100.0,40.3,23.654,4266.7,83,0.0,0.0,
7.9.2026,23:8:30.589,100.0,40.3,23.654,4266.7,83,0.0,0.0,
7.9.2026,23:8:30.794,100.0,40.3,23.654,4266.7,83,0.0,0.0,
7.9.2026,23:8:31.004,100.0,40.3,23.654,4266.7,83,0.0,0.0,
7.9.2026,23:8:31.211,100.0,40.3,23.654,4266.7,83,0.0,0.0,
7.9.2026,23:8:31.416,100.0,40.3,23.654,4266.7,83,0.0,0.0,
7.9.2026,23:8:31.606,100.0,40.3,23.654,4266.7,83,0.0,0.0,
7.9.2026,23:8:31.812,100.0,40.3,23.654,4266.7,83,0.0,0.0,
7.9.2026,23:8:32.020,100.0,40.3,23.654,4266.7,83,0.0,0.0,
7.9.2026,23:8:32.227,100.0,40.3,23.654,4266.7,83,0.0,0.0,
7.9.2026,23:8:32.418,100.0,40.3,23.654,4266.7,83,0.0,0.0,
7.9.2026,23:8:32.625,100.0,40.3,23.654,4266.7,83,0.0,0.0,
7.9.2026,23:8:32.832,100.0,40.3,23.654,4266.7,83,0.0,0.0,
7.9.2026,23:8:33.038,100.0,40.3,23.654,4266.7,83,0.0,0.0,
7.9.2026,23:8:33.245,100.0,40.3,23.654,4266.7,83,0.0,0.0,
7.9.2026,23:8:33.452,100.0,40.3,23.654,4266.7,83,0.0,0.0,
7.9.2026,23:8:33.650,100.0,14.9,23.115,4322.7,83,0.0,0.0,
7.9.2026,23:8:33.862,46.2,28.8,22.558,1943.1,70,0.0,0.0,
7.9.2026,23:8:34.069,21.7,17.6,21.039,906.3,60,0.0,0.0,
7.9.2026,23:8:34.264,3.2,3.2,9.919,191.7,53,0.0,0.0,
7.9.2026,23:8:34.472,8.1,7.6,8.396,141.4,51,0.0,0.0,
7.9.2026,23:8:34.680,0.0,4.7,8.232,77.9,52,0.0,0.0,
7.9.2026,23:8:34.871,10.3,6.9,8.232,177.8,52,0.0,0.0,
7.9.2026,23:8:35.081,2.6,4.1,9.051,146.2,51,0.0,0.0,
7.9.2026,23:8:35.294,4.4,4.4,8.419,250.1,51,0.0,0.0,
7.9.2026,23:8:35.507,6.0,5.5,8.988,108.7,51,0.0,0.0,
7.9.2026,23:8:35.712,0.0,5.5,7.957,146.2,51,0.0,0.0,
7.9.2026,23:8:35.903,8.6,6.0,8.612,106.0,50,0.0,0.0,
7.9.2026,23:8:36.109,5.6,10.5,8.075,261.2,51,0.0,0.0,
7.9.2026,23:8:36.318,2.1,1.7,9.558,107.1,50,0.0,0.0,
7.9.2026,23:8:36.524,3.4,4.2,7.958,183.6,50,0.0,0.0,
7.9.2026,23:8:36.718,6.6,7.7,8.395,82.9,49,0.0,0.0,
7.9.2026,23:8:36.927,0.5,2.9,7.720,86.8,50,0.0,0.0,
7.9.2026,23:8:37.132,3.5,6.8,7.888,205.3,50,0.0,0.0,
7.9.2026,23:8:37.325,8.7,6.6,9.624,121.7,49,0.0,0.0,
7.9.2026,23:8:37.535,0.0,3.0,7.987,87.2,50,0.0,0.0,
7.9.2026,23:8:37.749,0.9,2.0,8.245,100.2,49,0.0,0.0,
7.9.2026,23:8:37.954,6.5,8.5,7.735,125.3,50,0.0,0.0,
7.9.2026,23:8:38.162,1.0,2.8,8.161,84.5,49,0.0,0.0,
7.9.2026,23:8:38.357,5.4,9.2,8.496,65.5,49,0.0,0.0,
7.9.2026,23:8:38.577,1.6,0.8,8.299,185.0,50,0.0,0.0,
7.9.2026,23:8:38.790,4.5,6.7,8.720,82.0,49,0.0,0.0,
7.9.2026,23:8:38.980,5.8,6.7,8.316,122.1,50,0.0,0.0,
7.9.2026,23:8:39.186,5.8,6.7,8.718,122.1,50,0.0,0.0,
7.9.2026,23:8:39.394,5.8,6.7,8.718,122.1,50,0.0,0.0,
7.9.2026,23:8:39.598,5.8,6.7,8.718,122.1,50,0.0,0.0,
7.9.2026,23:8:39.805,5.8,6.7,8.718,122.1,50,0.0,0.0,
7.9.2026,23:8:39.997,5.8,6.7,8.718,122.1,50,0.0,0.0,
7.9.2026,23:8:40.200,5.8,6.7,8.718,122.1,50,0.0,0.0,
7.9.2026,23:8:40.409,5.8,6.7,8.718,122.1,50,0.0,0.0,
7.9.2026,23:8:40.612,5.8,6.7,8.718,122.1,50,0.0,0.0,
7.9.2026,23:8:40.817,5.8,6.7,8.718,122.1,50,0.0,0.0,
7.9.2026,23:8:41.023,5.8,6.7,8.718,122.1,50,0.0,0.0,
7.9.2026,23:8:41.214,5.8,6.7,8.718,122.1,50,0.0,0.0,
7.9.2026,23:8:41.421,5.8,6.7,8.718,122.1,50,0.0,0.0,
7.9.2026,23:8:41.629,5.8,6.7,8.718,122.1,50,0.0,0.0,
7.9.2026,23:8:41.833,5.8,6.7,8.718,122.1,50,0.0,0.0,
7.9.2026,23:8:42.038,5.8,6.7,8.718,122.1,50,0.0,0.0,
7.9.2026,23:8:42.244,5.8,6.7,8.718,122.1,50,0.0,0.0,
7.9.2026,23:8:42.451,5.8,6.7,8.718,122.1,50,0.0,0.0,
7.9.2026,23:8:42.656,5.8,6.7,8.718,122.1,50,0.0,0.0,
7.9.2026,23:8:42.862,5.8,6.7,8.718,122.1,50,0.0,0.0,
7.9.2026,23:8:43.070,5.8,6.7,8.718,122.1,50,0.0,0.0,
7.9.2026,23:8:43.276,5.8,6.7,8.718,122.1,50,0.0,0.0,
7.9.2026,23:8:43.482,5.8,6.7,8.718,122.1,50,0.0,0.0,
7.9.2026,23:8:43.687,5.8,6.7,8.718,122.1,50,0.0,0.0,
7.9.2026,23:8:43.910,5.8,6.7,8.718,122.1,50,0.0,0.0,
7.9.2026,23:8:44.115,5.8,6.7,8.718,122.1,50,0.0,0.0,
7.9.2026,23:8:44.322,5.8,6.7,8.718,122.1,50,0.0,0.0,
7.9.2026,23:8:44.510,5.8,6.7,8.718,122.1,50,0.0,0.0,
7.9.2026,23:8:44.718,5.8,6.7,8.718,122.1,50,0.0,0.0,
7.9.2026,23:8:44.922,5.8,6.7,8.718,122.1,50,0.0,0.0,
7.9.2026,23:8:45.130,5.8,6.7,8.718,122.1,50,0.0,0.0,
7.9.2026,23:8:45.335,5.8,6.7,8.718,122.1,50,0.0,0.0,
7.9.2026,23:8:45.543,5.8,6.7,8.718,122.1,50,0.0,0.0,
7.9.2026,23:8:45.746,5.8,6.7,8.718,122.1,50,0.0,0.0,
7.9.2026,23:8:45.952,5.8,6.7,8.718,122.1,50,0.0,0.0,
7.9.2026,23:8:46.158,5.8,6.7,8.718,122.1,50,0.0,0.0,
7.9.2026,23:8:46.364,5.8,6.7,8.718,122.1,50,0.0,0.0,
7.9.2026,23:8:46.572,5.8,6.7,8.718,122.1,50,0.0,0.0,
7.9.2026,23:8:46.780,5.8,6.7,8.718,122.1,50,0.0,0.0,
7.9.2026,23:8:46.984,5.8,6.7,8.718,122.1,50,0.0,0.0,
7.9.2026,23:8:47.189,5.8,6.7,8.718,122.1,50,0.0,0.0,
7.9.2026,23:8:47.395,5.8,6.7,8.718,122.1,50,0.0,0.0,
7.9.2026,23:8:47.600,5.8,6.7,8.718,122.1,50,0.0,0.0,
7.9.2026,23:8:47.792,5.8,6.7,8.718,122.1,50,0.0,0.0,
7.9.2026,23:8:48.000,5.8,6.7,8.718,122.1,50,0.0,0.0,
7.9.2026,23:8:48.204,5.8,6.7,8.718,122.1,50,0.0,0.0,
7.9.2026,23:8:48.412,5.8,6.7,8.718,122.1,50,0.0,0.0,
7.9.2026,23:8:48.617,5.8,6.7,8.718,122.1,50,0.0,0.0,
7.9.2026,23:8:48.825,5.8,6.7,8.718,122.1,50,0.0,0.0,
7.9.2026,23:8:49.027,5.8,6.7,8.718,122.1,50,0.0,0.0,
7.9.2026,23:8:49.233,5.8,6.7,8.718,122.1,50,0.0,0.0,
7.9.2026,23:8:49.440,5.8,6.7,8.718,122.1,50,0.0,0.0,
7.9.2026,23:8:49.645,5.8,6.7,8.718,122.1,50,0.0,0.0,
7.9.2026,23:8:49.851,5.8,6.7,8.718,122.1,50,0.0,0.0,
7.9.2026,23:8:50.042,5.8,6.7,8.718,122.1,50,0.0,0.0,
7.9.2026,23:8:50.248,5.8,6.7,8.718,122.1,50,0.0,0.0,
7.9.2026,23:8:50.454,5.8,6.7,8.718,122.1,50,0.0,0.0,
7.9.2026,23:8:50.659,99.7,15.5,8.718,4317.8,81,0.0,0.0,
7.9.2026,23:8:50.865,99.7,15.5,23.787,4317.8,81,0.0,0.0,
7.9.2026,23:8:51.072,99.7,15.5,23.787,4317.8,81,0.0,0.0,
7.9.2026,23:8:51.277,99.7,15.5,23.787,4317.8,81,0.0,0.0,
7.9.2026,23:8:51.482,99.7,15.5,23.787,4317.8,81,0.0,0.0,
7.9.2026,23:8:51.689,99.7,15.5,23.787,4317.8,81,0.0,0.0,
7.9.2026,23:8:51.894,99.7,15.5,23.787,4317.8,81,0.0,0.0,
7.9.2026,23:8:52.101,99.7,15.5,23.787,4317.8,81,0.0,0.0,
7.9.2026,23:8:52.292,99.7,15.5,23.787,4317.8,81,0.0,0.0,
7.9.2026,23:8:52.497,99.7,15.5,23.787,4317.8,81,0.0,0.0,
7.9.2026,23:8:52.703,99.7,15.5,23.787,4317.8,81,0.0,0.0,
7.9.2026,23:8:52.909,99.7,15.5,23.787,4317.8,81,0.0,0.0,
7.9.2026,23:8:53.115,99.7,15.5,23.787,4317.8,81,0.0,0.0,
7.9.2026,23:8:53.320,99.7,15.5,23.787,4317.8,81,0.0,0.0,
7.9.2026,23:8:53.511,99.7,15.5,23.787,4317.8,81,0.0,0.0,
7.9.2026,23:8:53.716,99.7,15.5,23.787,4317.8,81,0.0,0.0,
7.9.2026,23:8:53.924,99.7,15.5,23.787,4317.8,81,0.0,0.0,
7.9.2026,23:8:54.126,99.7,15.5,23.787,4317.8,81,0.0,0.0,
7.9.2026,23:8:54.336,99.7,15.5,23.787,4317.8,81,0.0,0.0,
7.9.2026,23:8:54.540,99.7,15.5,23.787,4317.8,81,0.0,0.0,
7.9.2026,23:8:54.729,99.7,15.5,23.787,4317.8,81,0.0,0.0,
7.9.2026,23:8:54.936,99.7,15.5,23.787,4317.8,81,0.0,0.0,
7.9.2026,23:8:55.144,99.7,15.5,23.787,4317.8,81,0.0,0.0,
7.9.2026,23:8:55.347,99.7,15.5,23.787,4317.8,81,0.0,0.0,
7.9.2026,23:8:55.553,100.0,15.6,23.800,4326.0,85,0.0,0.0,
7.9.2026,23:8:55.759,100.0,15.6,23.800,4326.0,85,0.0,0.0,
7.9.2026,23:8:55.949,100.0,15.6,23.800,4326.0,85,0.0,0.0,
7.9.2026,23:8:56.155,100.0,15.6,23.800,4326.0,85,0.0,0.0,
7.9.2026,23:8:56.361,100.0,15.6,23.800,4326.0,85,0.0,0.0,
7.9.2026,23:8:56.567,100.0,15.6,23.800,4326.0,85,0.0,0.0,
7.9.2026,23:8:56.773,100.0,15.6,23.800,4326.0,85,0.0,0.0,
7.9.2026,23:8:56.963,100.0,15.6,23.800,4326.0,85,0.0,0.0,
7.9.2026,23:8:57.168,100.0,15.6,23.800,4326.0,85,0.0,0.0,
7.9.2026,23:8:57.375,100.0,15.6,23.800,4326.0,85,0.0,0.0,
7.9.2026,23:8:57.581,100.0,15.6,23.800,4326.0,85,0.0,0.0,
7.9.2026,23:8:57.788,100.0,15.6,23.800,4326.0,85,0.0,0.0,
7.9.2026,23:8:57.991,100.0,15.6,23.800,4326.0,85,0.0,0.0,
7.9.2026,23:8:58.197,100.0,15.6,23.800,4326.0,85,0.0,0.0,
7.9.2026,23:8:58.403,100.0,15.6,23.800,4326.0,85,0.0,0.0,
7.9.2026,23:8:58.609,100.0,15.6,23.800,4326.0,85,0.0,0.0,
7.9.2026,23:8:58.816,100.0,15.6,23.800,4326.0,85,0.0,0.0,
7.9.2026,23:8:59.022,100.0,15.6,23.800,4326.0,85,0.0,0.0,
7.9.2026,23:8:59.229,100.0,15.6,23.800,4326.0,85,0.0,0.0,
7.9.2026,23:8:59.438,100.0,15.6,23.800,4326.0,85,0.0,0.0,
7.9.2026,23:8:59.641,100.0,15.6,23.800,4326.0,85,0.0,0.0,
7.9.2026,23:8:59.847,100.0,15.6,23.800,4326.0,85,0.0,0.0,
7.9.2026,23:9:0.053,100.0,15.6,23.800,4326.0,85,0.0,0.0,
7.9.2026,23:9:0.263,100.0,15.6,23.800,4319.5,85,0.0,0.0,
7.9.2026,23:9:0.466,100.0,15.6,23.762,4319.5,85,0.0,0.0,
7.9.2026,23:9:0.674,100.0,15.6,23.762,4319.5,85,0.0,0.0,
7.9.2026,23:9:0.879,100.0,15.6,23.762,4319.5,85,0.0,0.0,
7.9.2026,23:9:1.087,100.0,15.6,23.762,4319.5,85,0.0,0.0,
7.9.2026,23:9:1.291,100.0,15.6,23.762,4319.5,85,0.0,0.0,
7.9.2026,23:9:1.499,100.0,15.6,23.762,4319.5,85,0.0,0.0,
7.9.2026,23:9:1.703,100.0,15.6,23.762,4319.5,85,0.0,0.0,
7.9.2026,23:9:1.912,100.0,15.6,23.762,4319.5,85,0.0,0.0,
7.9.2026,23:9:2.114,100.0,15.6,23.762,4319.5,85,0.0,0.0,
7.9.2026,23:9:2.320,100.0,15.6,23.762,4319.5,85,0.0,0.0,
7.9.2026,23:9:2.511,100.0,15.6,23.762,4319.5,85,0.0,0.0,
7.9.2026,23:9:2.719,100.0,15.6,23.762,4319.5,85,0.0,0.0,
7.9.2026,23:9:2.923,100.0,15.6,23.762,4319.5,85,0.0,0.0,
7.9.2026,23:9:3.131,100.0,15.6,23.762,4319.5,85,0.0,0.0,
7.9.2026,23:9:3.336,100.0,15.6,23.762,4319.5,85,0.0,0.0,
7.9.2026,23:9:3.527,100.0,15.6,23.762,4319.5,85,0.0,0.0,
7.9.2026,23:9:3.734,100.0,15.6,23.762,4319.5,85,0.0,0.0,
7.9.2026,23:9:3.940,100.0,15.6,23.762,4319.5,85,0.0,0.0,
7.9.2026,23:9:4.145,100.0,15.6,23.762,4319.5,85,0.0,0.0,
7.9.2026,23:9:4.352,100.0,15.6,23.762,4319.5,85,0.0,0.0,
7.9.2026,23:9:4.542,100.0,15.6,23.762,4319.5,85,0.0,0.0,
7.9.2026,23:9:4.747,100.0,15.6,23.762,4319.5,85,0.0,0.0,
7.9.2026,23:9:4.954,100.0,15.6,23.762,4319.5,85,0.0,0.0,
7.9.2026,23:9:5.160,100.0,15.6,23.762,4319.5,85,0.0,0.0,
7.9.2026,23:9:5.365,100.0,15.6,23.762,4319.5,85,0.0,0.0,
7.9.2026,23:9:5.572,100.0,15.6,23.762,4319.5,85,0.0,0.0,
7.9.2026,23:9:5.761,100.0,15.6,23.762,4319.5,85,0.0,0.0,
7.9.2026,23:9:5.968,100.0,15.6,23.762,4319.5,85,0.0,0.0,
7.9.2026,23:9:6.173,100.0,15.6,23.762,4319.5,85,0.0,0.0,
7.9.2026,23:9:6.380,100.0,15.6,23.649,4319.5,85,0.0,0.0,
7.9.2026,23:9:6.585,100.0,15.6,23.649,4319.5,85,0.0,0.0,
7.9.2026,23:9:6.793,100.0,15.6,23.649,4319.5,85,0.0,0.0,
7.9.2026,23:9:6.996,100.0,15.6,23.649,4319.5,85,0.0,0.0,
7.9.2026,23:9:7.205,100.0,15.6,23.649,4319.5,85,0.0,0.0,
7.9.2026,23:9:7.408,100.0,15.6,23.649,4319.5,85,0.0,0.0,
7.9.2026,23:9:7.614,100.0,15.6,23.649,4319.5,85,0.0,0.0,
7.9.2026,23:9:7.820,100.0,15.6,23.649,4319.5,85,0.0,0.0,
7.9.2026,23:9:8.026,100.0,15.6,23.649,4319.5,85,0.0,0.0,
7.9.2026,23:9:8.232,100.0,15.6,23.649,4319.5,85,0.0,0.0,
7.9.2026,23:9:8.438,100.0,15.6,23.649,4319.5,85,0.0,0.0,
7.9.2026,23:9:8.645,100.0,15.6,23.649,4319.5,85,0.0,0.0,
7.9.2026,23:9:8.852,100.0,15.6,23.649,4319.5,85,0.0,0.0,
7.9.2026,23:9:9.043,100.0,15.6,23.649,4319.5,85,0.0,0.0,
7.9.2026,23:9:9.251,100.0,15.6,23.649,4319.5,85,0.0,0.0,
7.9.2026,23:9:9.455,100.0,15.6,23.649,4319.5,85,0.0,0.0,
7.9.2026,23:9:9.660,100.0,15.6,23.649,4319.5,85,0.0,0.0,
7.9.2026,23:9:9.866,100.0,15.6,23.649,4319.5,85,0.0,0.0,
7.9.2026,23:9:10.072,100.0,15.6,23.649,4319.5,85,0.0,0.0,
7.9.2026,23:9:10.278,100.0,15.6,23.649,4319.5,85,0.0,0.0,
7.9.2026,23:9:10.484,100.0,15.6,23.649,4319.5,85,0.0,0.0,
7.9.2026,23:9:10.690,100.0,15.6,23.649,4319.5,85,0.0,0.0,
7.9.2026,23:9:10.896,100.0,15.6,23.649,4319.5,85,0.0,0.0,
7.9.2026,23:9:11.103,100.0,15.6,23.649,4319.5,85,0.0,0.0,
7.9.2026,23:9:11.312,100.0,14.3,23.649,4310.6,83,0.0,0.0,
7.9.2026,23:9:11.515,100.0,14.3,23.649,4310.6,83,0.0,0.0,
7.9.2026,23:9:11.724,100.0,14.3,23.649,4310.6,83,0.0,0.0,
7.9.2026,23:9:11.928,100.0,14.3,23.649,4310.6,83,0.0,0.0,
7.9.2026,23:9:12.136,100.0,14.3,23.649,4310.6,83,0.0,0.0,
7.9.2026,23:9:12.325,100.0,14.3,23.649,4310.6,83,0.0,0.0,
7.9.2026,23:9:12.531,100.0,14.3,23.649,4310.6,83,0.0,0.0,
7.9.2026,23:9:12.736,100.0,14.3,23.649,4310.6,83,0.0,0.0,
7.9.2026,23:9:12.944,100.0,14.3,23.649,4310.6,83,0.0,0.0,
7.9.2026,23:9:13.149,100.0,14.3,23.649,4310.6,83,0.0,0.0,
7.9.2026,23:9:13.340,100.0,14.3,23.649,4310.6,83,0.0,0.0,
7.9.2026,23:9:13.545,100.0,14.3,23.649,4310.6,83,0.0,0.0,
7.9.2026,23:9:13.752,100.0,14.3,23.649,4310.6,83,0.0,0.0,
7.9.2026,23:9:13.957,100.0,14.3,23.649,4310.6,83,0.0,0.0,
7.9.2026,23:9:14.165,100.0,14.3,23.649,4310.6,83,0.0,0.0,
7.9.2026,23:9:14.368,100.0,14.3,23.649,4310.6,83,0.0,0.0,
7.9.2026,23:9:14.560,100.0,14.3,23.649,4310.6,83,0.0,0.0,
7.9.2026,23:9:14.765,100.0,14.3,23.649,4310.6,83,0.0,0.0,
7.9.2026,23:9:14.969,100.0,14.3,23.649,4310.6,83,0.0,0.0,
7.9.2026,23:9:15.176,100.0,14.3,23.649,4310.6,83,0.0,0.0,
7.9.2026,23:9:15.385,100.0,14.3,23.649,4310.6,83,0.0,0.0,
7.9.2026,23:9:15.588,100.0,14.3,23.649,4310.6,83,0.0,0.0,
7.9.2026,23:9:15.796,100.0,14.3,23.649,4310.6,83,0.0,0.0,
7.9.2026,23:9:16.001,100.0,27.2,23.649,4312.4,85,0.0,0.0,
7.9.2026,23:9:16.208,100.0,27.2,23.654,4312.4,85,0.0,0.0,
7.9.2026,23:9:16.414,100.0,27.2,23.654,4312.4,85,0.0,0.0,
7.9.2026,23:9:16.604,100.0,27.2,23.654,4312.4,85,0.0,0.0,
7.9.2026,23:9:16.810,100.0,27.2,23.654,4312.4,85,0.0,0.0,
7.9.2026,23:9:17.017,100.0,27.2,23.654,4312.4,85,0.0,0.0,
7.9.2026,23:9:17.218,100.0,27.2,23.654,4312.4,85,0.0,0.0,
7.9.2026,23:9:17.428,100.0,27.2,23.654,4312.4,85,0.0,0.0,
7.9.2026,23:9:17.634,100.0,27.2,23.654,4312.4,85,0.0,0.0,
7.9.2026,23:9:17.824,100.0,27.2,23.654,4312.4,85,0.0,0.0,
7.9.2026,23:9:18.030,100.0,27.2,23.654,4312.4,85,0.0,0.0,
7.9.2026,23:9:18.236,100.0,27.2,23.654,4312.4,85,0.0,0.0,
7.9.2026,23:9:18.442,100.0,27.2,23.654,4312.4,85,0.0,0.0,
7.9.2026,23:9:18.648,100.0,27.2,23.654,4312.4,85,0.0,0.0,
7.9.2026,23:9:18.854,100.0,27.2,23.654,4312.4,85,0.0,0.0,
7.9.2026,23:9:19.061,100.0,27.2,23.654,4312.4,85,0.0,0.0,
7.9.2026,23:9:19.266,100.0,27.2,23.654,4312.4,85,0.0,0.0,
7.9.2026,23:9:19.473,100.0,27.2,23.654,4312.4,85,0.0,0.0,
7.9.2026,23:9:19.683,100.0,27.2,23.654,4312.4,85,0.0,0.0,
7.9.2026,23:9:19.870,100.0,27.2,23.654,4312.4,85,0.0,0.0,
7.9.2026,23:9:20.078,100.0,27.2,23.654,4312.4,85,0.0,0.0,
7.9.2026,23:9:20.283,100.0,27.2,23.654,4312.4,85,0.0,0.0,
7.9.2026,23:9:20.490,100.0,27.2,23.654,4312.4,85,0.0,0.0,
7.9.2026,23:9:20.694,100.0,27.2,23.654,4312.4,85,0.0,0.0,
7.9.2026,23:9:20.902,100.0,15.6,23.775,4322.5,83,0.0,0.0,
7.9.2026,23:9:21.107,100.0,15.6,23.775,4322.5,83,0.0,0.0,
7.9.2026,23:9:21.314,100.0,15.6,23.775,4322.5,83,0.0,0.0,
7.9.2026,23:9:21.519,100.0,15.6,23.775,4322.5,83,0.0,0.0,
7.9.2026,23:9:21.725,100.0,15.6,23.775,4322.5,83,0.0,0.0,
7.9.2026,23:9:21.932,100.0,15.6,23.775,4322.5,83,0.0,0.0,
7.9.2026,23:9:22.140,100.0,15.6,23.775,4322.5,83,0.0,0.0,
7.9.2026,23:9:22.345,100.0,15.6,23.775,4322.5,83,0.0,0.0,
7.9.2026,23:9:22.553,100.0,15.6,23.775,4322.5,83,0.0,0.0,
7.9.2026,23:9:22.757,100.0,15.6,23.775,4322.5,83,0.0,0.0,
7.9.2026,23:9:22.965,100.0,15.6,23.775,4322.5,83,0.0,0.0,
7.9.2026,23:9:23.170,100.0,15.6,23.775,4322.5,83,0.0,0.0,
7.9.2026,23:9:23.377,100.0,15.6,23.775,4322.5,83,0.0,0.0,
7.9.2026,23:9:23.582,100.0,15.6,23.775,4322.5,83,0.0,0.0,
7.9.2026,23:9:23.787,100.0,15.6,23.775,4322.5,83,0.0,0.0,
7.9.2026,23:9:23.992,100.0,15.6,23.775,4322.5,83,0.0,0.0,
7.9.2026,23:9:24.185,100.0,15.6,23.775,4322.5,83,0.0,0.0,
7.9.2026,23:9:24.389,100.0,15.6,23.775,4322.5,83,0.0,0.0,
7.9.2026,23:9:24.594,100.0,15.6,23.775,4322.5,83,0.0,0.0,
7.9.2026,23:9:24.801,100.0,15.6,23.775,4322.5,83,0.0,0.0,
7.9.2026,23:9:25.006,100.0,15.6,23.775,4322.5,83,0.0,0.0,
7.9.2026,23:9:25.214,100.0,15.6,23.775,4322.5,83,0.0,0.0,
7.9.2026,23:9:25.402,100.0,15.6,23.775,4322.5,83,0.0,0.0,
7.9.2026,23:9:25.609,100.0,15.6,23.775,4322.5,83,0.0,0.0,
7.9.2026,23:9:25.815,100.0,15.6,23.775,4321.6,85,0.0,0.0,
7.9.2026,23:9:26.021,100.0,15.6,23.718,4321.6,85,0.0,0.0,
7.9.2026,23:9:26.226,100.0,15.6,23.718,4321.6,85,0.0,0.0,
7.9.2026,23:9:26.417,100.0,15.6,23.718,4321.6,85,0.0,0.0,
7.9.2026,23:9:26.622,100.0,15.6,23.718,4321.6,85,0.0,0.0,
7.9.2026,23:9:26.828,100.0,15.6,23.718,4321.6,85,0.0,0.0,
7.9.2026,23:9:27.032,100.0,15.6,23.718,4321.6,85,0.0,0.0,
7.9.2026,23:9:27.239,100.0,15.6,23.718,4321.6,85,0.0,0.0,
7.9.2026,23:9:27.445,100.0,15.6,23.718,4321.6,85,0.0,0.0,
7.9.2026,23:9:27.637,100.0,15.6,23.718,4321.6,85,0.0,0.0,
7.9.2026,23:9:27.841,100.0,15.6,23.718,4321.6,85,0.0,0.0,
7.9.2026,23:9:28.049,100.0,15.6,23.718,4321.6,85,0.0,0.0,
7.9.2026,23:9:28.254,100.0,15.6,23.718,4321.6,85,0.0,0.0,
7.9.2026,23:9:28.459,100.0,15.6,23.718,4321.6,85,0.0,0.0,
7.9.2026,23:9:28.665,100.0,15.6,23.718,4321.6,85,0.0,0.0,
7.9.2026,23:9:28.858,100.0,15.6,23.718,4321.6,85,0.0,0.0,
7.9.2026,23:9:29.061,100.0,15.6,23.718,4321.6,85,0.0,0.0,
7.9.2026,23:9:29.267,100.0,15.6,23.718,4321.6,85,0.0,0.0,
7.9.2026,23:9:29.473,100.0,15.6,23.718,4321.6,85,0.0,0.0,
7.9.2026,23:9:29.679,100.0,15.6,23.718,4321.6,85,0.0,0.0,
7.9.2026,23:9:29.885,100.0,15.6,23.718,4321.6,85,0.0,0.0,
7.9.2026,23:9:30.090,100.0,15.6,23.718,4321.6,85,0.0,0.0,
7.9.2026,23:9:30.297,100.0,15.6,23.718,4321.6,85,0.0,0.0,
7.9.2026,23:9:30.502,100.0,15.6,23.718,4321.6,85,0.0,0.0,
7.9.2026,23:9:30.709,100.0,15.7,23.790,4322.0,85,0.0,0.0,
7.9.2026,23:9:30.915,100.0,15.7,23.790,4322.0,85,0.0,0.0,
7.9.2026,23:9:31.105,100.0,15.7,23.790,4322.0,85,0.0,0.0,
7.9.2026,23:9:31.311,100.0,15.7,23.790,4322.0,85,0.0,0.0,
7.9.2026,23:9:31.518,100.0,15.7,23.790,4322.0,85,0.0,0.0,
7.9.2026,23:9:31.723,100.0,15.7,23.790,4322.0,85,0.0,0.0,
7.9.2026,23:9:31.930,100.0,15.7,23.790,4322.0,85,0.0,0.0,
7.9.2026,23:9:32.123,100.0,15.7,23.790,4322.0,85,0.0,0.0,
7.9.2026,23:9:32.326,100.0,15.7,23.790,4322.0,85,0.0,0.0,
7.9.2026,23:9:32.535,100.0,15.7,23.790,4322.0,85,0.0,0.0,
7.9.2026,23:9:32.737,100.0,15.7,23.790,4322.0,85,0.0,0.0,
7.9.2026,23:9:32.943,100.0,15.7,23.790,4322.0,85,0.0,0.0,
7.9.2026,23:9:33.150,100.0,15.7,23.790,4322.0,85,0.0,0.0,
7.9.2026,23:9:33.338,100.0,15.7,23.790,4322.0,85,0.0,0.0,
7.9.2026,23:9:33.546,100.0,15.7,23.790,4322.0,85,0.0,0.0,
7.9.2026,23:9:33.750,100.0,15.7,23.790,4322.0,85,0.0,0.0,
7.9.2026,23:9:33.959,100.0,15.7,23.790,4322.0,85,0.0,0.0,
7.9.2026,23:9:34.163,100.0,15.7,23.790,4322.0,85,0.0,0.0,
7.9.2026,23:9:34.370,100.0,15.7,23.790,4322.0,85,0.0,0.0,
7.9.2026,23:9:34.575,100.0,15.7,23.790,4322.0,85,0.0,0.0,
7.9.2026,23:9:34.783,100.0,15.7,23.790,4322.0,85,0.0,0.0,
7.9.2026,23:9:34.988,100.0,15.7,23.790,4322.0,85,0.0,0.0,
7.9.2026,23:9:35.195,100.0,15.7,23.790,4322.0,85,0.0,0.0,
7.9.2026,23:9:35.399,100.0,15.6,23.790,4324.4,83,0.0,0.0,
7.9.2026,23:9:35.590,100.0,15.6,23.749,4324.4,83,0.0,0.0,
7.9.2026,23:9:35.794,100.0,15.6,23.749,4324.4,83,0.0,0.0,
7.9.2026,23:9:36.000,100.0,15.6,23.749,4324.4,83,0.0,0.0,
7.9.2026,23:9:36.205,100.0,15.6,23.749,4324.4,83,0.0,0.0,
7.9.2026,23:9:36.411,100.0,15.6,23.749,4324.4,83,0.0,0.0,
7.9.2026,23:9:36.618,100.0,15.6,23.749,4324.4,83,0.0,0.0,
7.9.2026,23:9:36.808,100.0,15.6,23.749,4324.4,83,0.0,0.0,
7.9.2026,23:9:37.016,100.0,15.6,23.749,4324.4,83,0.0,0.0,
7.9.2026,23:9:37.219,100.0,15.6,23.749,4324.4,83,0.0,0.0,
7.9.2026,23:9:37.425,100.0,15.6,23.749,4324.4,83,0.0,0.0,
7.9.2026,23:9:37.631,100.0,15.6,23.749,4324.4,83,0.0,0.0,
7.9.2026,23:9:37.824,100.0,15.6,23.749,4324.4,83,0.0,0.0,
7.9.2026,23:9:38.026,100.0,15.6,23.749,4324.4,83,0.0,0.0,
7.9.2026,23:9:38.231,100.0,15.6,23.749,4324.4,83,0.0,0.0,
7.9.2026,23:9:38.439,100.0,15.6,23.749,4324.4,83,0.0,0.0,
7.9.2026,23:9:38.643,100.0,15.6,23.749,4324.4,83,0.0,0.0,
7.9.2026,23:9:38.851,100.0,15.6,23.749,4324.4,83,0.0,0.0,
7.9.2026,23:9:39.055,100.0,15.6,23.749,4324.4,83,0.0,0.0,
7.9.2026,23:9:39.249,74.1,64.4,24.536,911.9,70,0.0,0.0,
7.9.2026,23:9:39.455,5.0,6.8,8.641,106.3,85,0.0,0.0,
7.9.2026,23:9:39.667,1.7,3.8,8.678,117.2,86,0.0,0.0,
7.9.2026,23:9:39.881,8.0,6.0,7.339,143.2,50,0.0,0.0,
7.9.2026,23:9:40.079,1.2,5.0,7.997,207.3,50,0.0,0.0,
7.9.2026,23:9:40.279,10.4,7.4,8.261,344.5,50,0.0,0.0,
7.9.2026,23:9:40.488,5.7,4.3,8.568,86.3,49,0.0,0.0,
7.9.2026,23:9:40.683,4.7,6.2,7.982,86.3,50,0.0,0.0,
7.9.2026,23:9:40.896,4.5,9.4,8.266,172.0,49,0.0,0.0,
7.9.2026,23:9:41.103,0.1,2.1,9.261,83.0,49,0.0,0.0,
7.9.2026,23:9:41.311,7.5,10.5,9.311,133.8,49,0.0,0.0,
7.9.2026,23:9:41.521,1.4,6.9,9.546,244.2,49,0.0,0.0,
7.9.2026,23:9:41.725,4.0,4.9,9.340,346.3,49,0.0,0.0,
7.9.2026,23:9:41.921,7.1,5.3,9.340,346.3,49,0.0,0.0,
7.9.2026,23:9:42.126,13.2,12.3,8.842,152.4,48,0.0,0.0,
7.9.2026,23:9:42.336,1.4,4.8,8.830,81.8,48,0.0,0.0,
7.9.2026,23:9:42.530,9.4,3.9,9.956,488.9,48,0.0,0.0,
7.9.2026,23:9:42.736,7.9,12.4,9.785,119.1,79,0.0,0.0,
7.9.2026,23:9:42.948,2.4,7.6,9.237,74.2,79,0.0,0.0,
7.9.2026,23:9:43.158,7.7,7.0,9.237,181.9,66,0.0,0.0,
7.9.2026,23:9:43.356,1.5,3.7,9.491,107.8,64,0.0,0.0,
7.9.2026,23:9:43.566,13.8,7.9,7.882,533.3,63,0.0,0.0,
7.9.2026,23:9:43.778,3.6,4.4,9.466,234.8,75,0.0,0.0,
7.9.2026,23:9:43.982,7.2,9.8,8.823,98.4,66,0.0,0.0,
7.9.2026,23:9:44.193,0.4,2.8,7.963,71.7,78,0.0,0.0,
7.9.2026,23:9:44.400,0.6,3.9,9.242,110.2,73,0.0,0.0,
7.9.2026,23:9:44.614,12.1,9.0,9.342,325.2,73,0.0,0.0,
7.9.2026,23:9:44.824,0.0,3.5,8.947,95.9,74,0.0,0.0,
7.9.2026,23:9:45.019,7.9,9.0,9.242,125.4,62,0.0,0.0,
7.9.2026,23:9:45.230,5.6,6.2,9.242,400.7,66,0.0,0.0,
7.9.2026,23:9:45.450,7.1,6.9,10.142,109.9,59,0.0,0.0,
7.9.2026,23:9:45.662,4.5,4.8,9.929,175.0,64,0.0,0.0,
7.9.2026,23:9:45.860,7.2,2.3,8.524,519.0,63,0.0,0.0,
7.9.2026,23:9:46.072,7.3,8.9,7.373,67.7,82,0.0,0.0,
7.9.2026,23:9:46.281,10.6,8.8,9.106,132.1,77,0.0,0.0,
7.9.2026,23:9:46.488,8.8,7.8,9.527,169.9,74,0.0,0.0,
7.9.2026,23:9:46.700,8.3,4.4,9.294,467.4,73,0.0,0.0,
7.9.2026,23:9:46.901,6.2,7.7,9.354,69.8,62,0.0,0.0,
7.9.2026,23:9:47.115,8.6,6.9,8.086,312.5,62,0.0,0.0,
7.9.2026,23:9:47.321,0.0,2.1,6.537,73.0,46,0.0,0.0,
7.9.2026,23:9:47.514,7.3,8.3,9.556,335.5,47,0.0,0.0,
7.9.2026,23:9:47.725,23.8,9.4,9.389,868.6,62,0.0,0.0,
7.9.2026,23:9:47.938,0.2,2.5,7.678,87.7,64,0.0,0.0,
7.9.2026,23:9:48.150,7.7,6.8,7.405,164.2,46,0.0,0.0,
7.9.2026,23:9:48.364,5.4,2.1,8.956,429.3,46,0.0,0.0,
7.9.2026,23:9:48.559,5.4,2.1,9.327,429.3,46,0.0,0.0,
7.9.2026,23:9:48.773,0.0,2.2,8.315,131.2,45,0.0,0.0,
7.9.2026,23:9:48.975,6.9,6.7,7.558,239.8,46,0.0,0.0,
7.9.2026,23:9:49.171,8.6,7.9,8.943,176.0,45,0.0,0.0,
7.9.2026,23:9:49.377,2.0,6.2,10.223,126.9,44,0.0,0.0,
7.9.2026,23:9:49.585,2.8,2.3,7.953,178.2,45,0.0,0.0,
7.9.2026,23:9:49.780,2.8,2.3,9.103,178.2,45,0.0,0.0,
7.9.2026,23:9:49.992,7.4,7.0,7.841,116.8,44,0.0,0.0,
7.9.2026,23:9:50.205,0.8,4.9,8.017,132.5,45,0.0,0.0,
7.9.2026,23:9:50.410,6.7,4.8,7.805,122.3,45,0.0,0.0,
7.9.2026,23:9:50.608,1.7,5.0,7.629,92.5,45,0.0,0.0,
7.9.2026,23:9:50.819,11.5,6.4,7.720,356.2,44,0.0,0.0,
7.9.2026,23:9:51.009,0.0,4.8,9.094,165.6,46,0.0,0.0,
7.9.2026,23:9:51.216,8.9,8.6,9.328,135.6,76,0.0,0.0,
7.9.2026,23:9:51.426,16.5,8.5,8.491,458.2,75,0.0,0.0,
7.9.2026,23:9:51.640,2.2,3.5,7.804,164.4,77,0.0,0.0,
7.9.2026,23:9:51.855,3.7,3.1,7.507,337.1,44,0.0,0.0,
7.9.2026,23:9:52.045,3.7,3.1,7.951,337.1,44,0.0,0.0,
7.9.2026,23:9:52.258,8.0,10.9,7.963,128.3,45,0.0,0.0,
7.9.2026,23:9:52.448,0.0,2.6,7.982,94.7,44,0.0,0.0,
7.9.2026,23:9:52.661,9.7,8.9,8.965,144.0,75,0.0,0.0,
7.9.2026,23:9:52.868,0.3,2.9,7.912,127.0,76,0.0,0.0,
7.9.2026,23:9:53.058,2.1,3.2,7.772,127.5,76,0.0,0.0,
7.9.2026,23:9:53.265,5.5,11.0,8.481,107.8,70,0.0,0.0,
7.9.2026,23:9:53.473,4.4,4.3,7.444,76.1,75,0.0,0.0,
7.9.2026,23:9:53.681,0.4,3.1,7.934,92.6,75,0.0,0.0,
7.9.2026,23:9:53.895,8.7,7.6,8.937,119.3,77,0.0,0.0,
7.9.2026,23:9:54.101,0.0,4.5,7.586,91.7,76,0.0,0.0,
7.9.2026,23:9:54.305,11.0,3.8,8.427,562.3,70,0.0,0.0,
7.9.2026,23:9:54.496,4.8,5.4,7.400,99.6,76,0.0,0.0,
7.9.2026,23:9:54.708,9.0,12.5,9.129,160.2,73,0.0,0.0,
7.9.2026,23:9:54.921,0.9,1.6,7.475,127.4,46,0.0,0.0,
7.9.2026,23:9:55.135,7.7,5.5,7.787,124.4,75,0.0,0.0,
7.9.2026,23:9:55.331,0.0,4.5,6.961,185.1,44,0.0,0.0,
7.9.2026,23:9:55.537,7.8,7.2,8.219,155.8,44,0.0,0.0,
7.9.2026,23:9:55.733,1.6,4.6,7.966,130.3,43,0.0,0.0,
7.9.2026,23:9:55.938,5.5,5.7,9.347,245.7,71,0.0,0.0,
7.9.2026,23:9:56.148,6.9,6.8,7.329,96.8,43,0.0,0.0,
7.9.2026,23:9:56.343,0.7,2.3,8.147,161.6,44,0.0,0.0,
7.9.2026,23:9:56.555,11.8,9.8,8.948,334.4,75,0.0,0.0,
7.9.2026,23:9:56.752,0.0,2.4,7.537,129.1,76,0.0,0.0,
7.9.2026,23:9:56.964,7.0,8.8,8.752,152.7,60,0.0,0.0,
7.9.2026,23:9:57.171,6.9,3.0,7.020,112.9,72,0.0,0.0,
7.9.2026,23:9:57.379,3.7,5.0,7.826,198.5,75,0.0,0.0,
7.9.2026,23:9:57.573,5.1,7.3,8.337,196.8,72,0.0,0.0,
7.9.2026,23:9:57.784,8.8,9.1,9.070,325.6,73,0.0,0.0,
7.9.2026,23:9:57.997,6.8,5.3,8.990,237.7,75,0.0,0.0,
7.9.2026,23:9:58.204,7.1,4.4,7.382,144.2,43,0.0,0.0,
7.9.2026,23:9:58.417,0.9,4.3,8.045,134.2,43,0.0,0.0,
7.9.2026,23:9:58.615,0.9,5.8,7.611,79.3,43,0.0,0.0,
7.9.2026,23:9:58.822,3.8,3.7,7.803,76.4,43,0.0,0.0,
7.9.2026,23:9:59.038,0.0,3.2,8.618,92.4,42,0.0,0.0,
7.9.2026,23:9:59.229,0.0,3.2,8.193,92.4,42,0.0,0.0,
7.9.2026,23:9:59.442,8.6,8.7,7.771,127.5,42,0.0,0.0,
7.9.2026,23:9:59.640,0.0,4.1,7.771,89.8,42,0.0,0.0,
7.9.2026,23:9:59.859,3.7,5.7,8.501,106.7,44,0.0,0.0,
7.9.2026,23:10:0.067,2.7,9.4,9.940,216.1,42,0.0,0.0,
7.9.2026,23:10:0.276,4.4,4.4,9.457,230.5,44,0.0,0.0,
7.9.2026,23:10:0.465,17.3,14.5,9.457,491.4,43,0.0,0.0,
7.9.2026,23:10:0.673,11.4,9.0,11.832,494.0,43,0.0,0.0,
7.9.2026,23:10:0.877,12.1,18.2,12.851,538.1,58,0.0,0.0,
7.9.2026,23:10:1.083,10.5,13.0,16.356,466.1,44,0.0,0.0,
7.9.2026,23:10:1.277,10.5,13.0,15.430,466.1,44,0.0,0.0,
7.9.2026,23:10:1.490,0.0,1.8,7.994,117.9,43,0.0,0.0,
7.9.2026,23:10:1.700,8.1,9.9,8.332,155.1,42,0.0,0.0,
7.9.2026,23:10:1.910,1.4,4.0,8.758,95.5,43,0.0,0.0,
7.9.2026,23:10:2.115,4.2,5.9,8.153,80.7,42,0.0,0.0,
7.9.2026,23:10:2.312,3.9,4.7,8.013,172.4,42,0.0,0.0,
7.9.2026,23:10:2.526,1.1,3.3,8.035,101.9,43,0.0,0.0,
7.9.2026,23:10:2.733,6.2,4.3,7.771,127.2,42,0.0,0.0,
7.9.2026,23:10:2.944,0.0,3.7,7.861,87.8,43,0.0,0.0,
7.9.2026,23:10:3.140,6.2,7.4,7.970,86.1,43,0.0,0.0,
7.9.2026,23:10:3.345,17.1,7.8,7.642,655.7,43,0.0,0.0,
7.9.2026,23:10:3.551,1.0,2.5,8.135,173.3,42,0.0,0.0,
7.9.2026,23:10:3.762,2.4,3.4,8.122,143.4,43,0.0,0.0,
7.9.2026,23:10:3.984,3.6,6.2,8.581,120.6,44,0.0,0.0,
7.9.2026,23:10:4.201,9.8,3.7,8.418,426.6,43,0.0,0.0,
7.9.2026,23:10:4.419,6.6,6.7,8.016,106.5,42,0.0,0.0,
7.9.2026,23:10:4.632,4.4,5.0,8.025,85.3,43,0.0,0.0,
7.9.2026,23:10:4.838,0.0,3.0,7.844,130.4,43,0.0,0.0,
7.9.2026,23:10:5.044,8.3,7.2,7.924,101.0,42,0.0,0.0,
7.9.2026,23:10:5.258,1.2,1.9,8.075,83.5,42,0.0,0.0,
7.9.2026,23:10:5.466,5.2,6.8,7.601,70.0,42,0.0,0.0,
7.9.2026,23:10:5.676,0.0,4.1,7.654,72.0,43,0.0,0.0,
7.9.2026,23:10:5.873,9.2,5.9,7.654,303.3,42,0.0,0.0,
7.9.2026,23:10:6.079,1.5,4.7,8.228,93.4,42,0.0,0.0,
7.9.2026,23:10:6.292,1.5,2.1,7.844,160.1,42,0.0,0.0,
7.9.2026,23:10:6.506,6.5,6.8,8.465,83.0,42,0.0,0.0,
7.9.2026,23:10:6.712,0.0,2.0,7.813,59.9,43,0.0,0.0,
7.9.2026,23:10:6.908,10.2,9.6,7.589,179.9,42,0.0,0.0,
7.9.2026,23:10:7.113,1.2,2.7,8.042,140.5,42,0.0,0.0,
7.9.2026,23:10:7.321,4.1,4.0,7.973,229.9,42,0.0,0.0,
7.9.2026,23:10:7.514,7.5,8.4,9.614,85.1,42,0.0,0.0,
7.9.2026,23:10:7.720,1.6,2.9,7.687,116.9,41,0.0,0.0,
7.9.2026,23:10:7.918,6.2,6.6,8.491,156.0,41,0.0,0.0,
7.9.2026,23:10:8.126,0.9,6.3,7.928,93.0,42,0.0,0.0,
7.9.2026,23:10:8.337,3.0,3.3,7.801,237.0,42,0.0,0.0,
7.9.2026,23:10:8.550,7.4,6.6,9.112,101.8,42,0.0,0.0,
7.9.2026,23:10:8.758,1.1,2.2,8.016,184.5,42,0.0,0.0,
7.9.2026,23:10:8.949,9.5,8.2,7.904,141.2,42,0.0,0.0,
7.9.2026,23:10:9.157,3.0,5.5,7.820,138.8,41,0.0,0.0,
7.9.2026,23:10:9.364,2.5,3.7,8.096,174.7,41,0.0,0.0,
7.9.2026,23:10:9.561,7.0,8.8,8.508,127.2,42,0.0,0.0,
7.9.2026,23:10:9.773,1.0,1.7,8.005,187.5,42,0.0,0.0,
7.9.2026,23:10:9.970,6.7,6.8,8.851,135.5,42,0.0,0.0,
7.9.2026,23:10:10.181,2.0,2.0,8.028,141.6,42,0.0,0.0,
7.9.2026,23:10:10.378,2.0,2.0,8.165,141.6,42,0.0,0.0,
7.9.2026,23:10:10.591,6.8,8.3,8.717,190.8,42,0.0,0.0,
7.9.2026,23:10:10.814,2.8,2.3,7.968,123.9,41,0.0,0.0,
7.9.2026,23:10:11.030,5.0,7.9,7.841,92.4,42,0.0,0.0,
7.9.2026,23:10:11.240,1.3,4.2,7.888,145.5,41,0.0,0.0,
7.9.2026,23:10:11.443,2.4,3.4,7.943,133.9,42,0.0,0.0,
7.9.2026,23:10:11.636,8.0,6.6,7.907,118.4,41,0.0,0.0,
7.9.2026,23:10:11.846,2.8,5.2,7.897,209.7,42,0.0,0.0,
7.9.2026,23:10:12.053,9.6,5.6,11.524,524.2,41,0.0,0.0,
7.9.2026,23:10:12.249,9.6,5.6,8.043,524.2,41,0.0,0.0,
7.9.2026,23:10:12.461,0.0,3.7,8.037,106.9,42,0.0,0.0,
7.9.2026,23:10:12.657,0.0,3.7,8.428,106.9,42,0.0,0.0,
7.9.2026,23:10:12.868,14.4,5.5,8.195,484.7,41,0.0,0.0,
7.9.2026,23:10:13.062,14.4,5.5,8.617,484.7,41,0.0,0.0,
7.9.2026,23:10:13.276,0.0,4.9,7.949,78.6,41,0.0,0.0,
7.9.2026,23:10:13.472,7.5,7.4,8.340,150.7,41,0.0,0.0,
7.9.2026,23:10:13.678,0.4,3.2,8.624,62.8,41,0.0,0.0,
7.9.2026,23:10:13.871,0.4,3.2,8.266,62.8,41,0.0,0.0,
7.9.2026,23:10:14.084,10.5,7.0,8.974,202.4,42,0.0,0.0,
7.9.2026,23:10:14.290,0.0,5.5,7.820,85.4,41,0.0,0.0,
7.9.2026,23:10:14.481,3.3,2.7,7.977,164.6,42,0.0,0.0,
7.9.2026,23:10:14.687,9.7,7.7,9.308,152.1,73,0.0,0.0,
7.9.2026,23:10:14.895,8.5,6.3,7.803,488.6,66,0.0,0.0,
7.9.2026,23:10:15.089,3.8,4.5,7.830,147.6,73,0.0,0.0,
7.9.2026,23:10:15.296,7.9,9.4,8.732,126.8,64,0.0,0.0,
7.9.2026,23:10:15.505,2.4,3.2,8.213,133.2,59,0.0,0.0,
7.9.2026,23:10:15.712,2.4,3.4,7.756,138.5,73,0.0,0.0,
7.9.2026,23:10:15.921,1.1,3.4,8.464,121.6,74,0.0,0.0,
7.9.2026,23:10:16.131,8.7,6.1,7.884,142.9,69,0.0,0.0,
7.9.2026,23:10:16.327,4.1,5.1,7.156,110.0,55,0.0,0.0,
7.9.2026,23:10:16.534,12.3,8.3,8.384,512.1,60,0.0,0.0,
7.9.2026,23:10:16.739,0.7,2.0,7.731,96.4,64,0.0,0.0,
7.9.2026,23:10:16.944,2.4,5.2,8.132,411.6,58,0.0,0.0,
7.9.2026,23:10:17.138,9.9,4.0,8.132,126.2,73,0.0,0.0,
7.9.2026,23:10:17.347,6.6,7.4,6.668,113.9,48,0.0,0.0,
7.9.2026,23:10:17.544,0.8,2.9,8.963,93.5,45,0.0,0.0,
7.9.2026,23:10:17.751,6.4,5.3,7.985,330.7,45,0.0,0.0,
7.9.2026,23:10:17.961,12.9,8.4,9.163,416.6,45,0.0,0.0,
7.9.2026,23:10:18.167,1.0,1.7,8.733,145.4,46,0.0,0.0,
7.9.2026,23:10:18.381,10.2,6.8,7.496,159.5,46,0.0,0.0,
7.9.2026,23:10:18.577,5.0,4.7,7.907,361.6,42,0.0,0.0,
7.9.2026,23:10:18.791,8.4,7.4,7.738,212.2,44,0.0,0.0,
7.9.2026,23:10:18.981,16.7,3.5,8.839,622.6,42,0.0,0.0,
7.9.2026,23:10:19.189,2.9,6.0,8.068,174.5,42,0.0,0.0,
7.9.2026,23:10:19.385,0.3,3.2,8.343,110.9,41,0.0,0.0,
7.9.2026,23:10:19.605,8.7,4.8,8.108,196.2,43,0.0,0.0,
7.9.2026,23:10:19.825,1.2,5.0,8.616,81.7,42,0.0,0.0,
7.9.2026,23:10:20.038,5.2,6.0,8.646,135.2,42,0.0,0.0,
7.9.2026,23:10:20.243,1.9,3.1,8.919,199.2,42,0.0,0.0,
7.9.2026,23:10:20.436,8.2,9.6,8.064,92.6,41,0.0,0.0,
7.9.2026,23:10:20.641,2.0,4.4,8.038,152.6,42,0.0,0.0,
7.9.2026,23:10:20.855,0.8,2.9,8.181,100.0,41,0.0,0.0,
7.9.2026,23:10:21.069,7.2,6.9,7.481,144.4,42,0.0,0.0,
7.9.2026,23:10:21.275,0.2,2.0,7.534,118.6,42,0.0,0.0,
7.9.2026,23:10:21.466,7.5,7.8,7.848,100.0,42,0.0,0.0,
7.9.2026,23:10:21.685,1.1,5.4,7.754,122.2,41,0.0,0.0,
7.9.2026,23:10:21.891,4.7,6.4,8.000,94.4,41,0.0,0.0,
7.9.2026,23:10:22.104,1.7,2.9,8.117,124.8,42,0.0,0.0,
7.9.2026,23:10:22.296,7.0,6.3,8.318,143.4,42,0.0,0.0,
7.9.2026,23:10:22.506,1.7,2.3,7.528,174.4,41,0.0,0.0,
7.9.2026,23:10:22.714,2.0,5.3,7.649,147.5,42,0.0,0.0,
7.9.2026,23:10:22.920,7.5,7.3,8.146,68.8,41,0.0,0.0,
7.9.2026,23:10:23.129,2.2,5.1,7.793,140.1,41,0.0,0.0,
7.9.2026,23:10:23.337,1.3,4.0,7.913,106.9,42,0.0,0.0,
7.9.2026,23:10:23.533,8.0,7.3,7.987,111.2,41,0.0,0.0,
7.9.2026,23:10:23.738,2.5,4.9,7.716,184.7,41,0.0,0.0,
7.9.2026,23:10:23.946,7.8,4.8,8.197,332.6,42,0.0,0.0,
7.9.2026,23:10:24.139,10.1,10.9,8.609,166.4,42,0.0,0.0,
7.9.2026,23:10:24.348,0.9,2.9,8.016,131.8,41,0.0,0.0,
7.9.2026,23:10:24.554,1.7,4.4,7.919,121.0,41,0.0,0.0,
7.9.2026,23:10:24.760,3.2,3.9,7.872,146.4,41,0.0,0.0,
7.9.2026,23:10:24.970,6.0,5.5,7.961,54.4,40,0.0,0.0,
7.9.2026,23:10:25.176,1.7,3.4,7.695,119.3,41,0.0,0.0,
7.9.2026,23:10:25.382,0.2,3.2,8.128,61.4,41,0.0,0.0,
7.9.2026,23:10:25.582,7.8,10.5,7.924,85.6,41,0.0,0.0,
7.9.2026,23:10:25.788,0.0,1.4,7.295,159.1,41,0.0,0.0,
7.9.2026,23:10:25.980,0.9,4.4,7.943,94.9,42,0.0,0.0,
7.9.2026,23:10:26.190,7.2,7.8,8.567,76.5,41,0.0,0.0,
7.9.2026,23:10:26.401,6.9,2.8,8.083,468.7,41,0.0,0.0,
7.9.2026,23:10:26.610,8.2,7.9,7.643,124.6,41,0.0,0.0,
7.9.2026,23:10:26.822,1.2,3.2,7.801,106.9,41,0.0,0.0,
7.9.2026,23:10:27.013,6.3,7.7,7.927,103.4,41,0.0,0.0,
7.9.2026,23:10:27.230,1.9,3.7,7.800,146.1,41,0.0,0.0,
7.9.2026,23:10:27.439,3.6,3.4,8.261,87.6,42,0.0,0.0,
7.9.2026,23:10:27.648,2.2,2.4,8.188,151.1,41,0.0,0.0,
7.9.2026,23:10:27.860,1.1,3.3,8.082,91.0,41,0.0,0.0,
7.9.2026,23:10:28.067,5.9,9.0,8.098,140.3,43,0.0,0.0,
7.9.2026,23:10:28.276,4.5,4.5,9.130,235.6,42,0.0,0.0,
7.9.2026,23:10:28.483,7.1,7.1,9.482,78.9,41,0.0,0.0,
7.9.2026,23:10:28.693,1.8,3.3,8.305,125.9,41,0.0,0.0,
7.9.2026,23:10:28.898,1.1,4.7,8.154,102.4,42,0.0,0.0,
7.9.2026,23:10:29.091,7.7,3.6,8.046,96.6,42,0.0,0.0,
7.9.2026,23:10:29.304,4.8,6.1,8.109,246.4,41,0.0,0.0,
7.9.2026,23:10:29.508,6.4,7.5,9.307,91.4,45,0.0,0.0,
7.9.2026,23:10:29.701,3.5,6.6,8.646,159.0,46,0.0,0.0,
7.9.2026,23:10:29.910,0.0,3.7,9.696,77.1,41,0.0,0.0,
7.9.2026,23:10:30.119,6.1,3.9,7.739,270.4,42,0.0,0.0,
7.9.2026,23:10:30.313,9.5,11.6,9.105,160.9,43,0.0,0.0,
7.9.2026,23:10:30.518,0.0,2.1,9.582,60.4,42,0.0,0.0,
7.9.2026,23:10:30.729,2.0,3.2,8.310,163.8,41,0.0,0.0,
7.9.2026,23:10:30.920,7.9,10.9,9.241,104.7,41,0.0,0.0,
7.9.2026,23:10:31.127,1.2,3.1,8.466,129.2,41,0.0,0.0,
7.9.2026,23:10:31.324,6.0,7.6,9.729,111.2,42,0.0,0.0,
7.9.2026,23:10:31.529,0.7,6.0,9.479,72.3,41,0.0,0.0,
7.9.2026,23:10:31.732,3.8,5.6,9.568,114.0,41,0.0,0.0,
7.9.2026,23:10:31.948,1.2,3.5,10.010,252.7,42,0.0,0.0,
7.9.2026,23:10:32.155,8.5,8.6,10.010,145.1,41,0.0,0.0,
7.9.2026,23:10:32.364,1.2,5.0,9.507,146.0,41,0.0,0.0,
7.9.2026,23:10:32.571,1.7,4.3,9.694,123.4,41,0.0,0.0,
7.9.2026,23:10:32.762,9.8,9.3,9.128,165.0,42,0.0,0.0,
7.9.2026,23:10:32.973,0.0,4.1,9.970,80.3,42,0.0,0.0,
7.9.2026,23:10:33.170,5.0,8.3,9.333,67.3,41,0.0,0.0,
7.9.2026,23:10:33.381,0.6,3.2,9.470,163.8,41,0.0,0.0,
7.9.2026,23:10:33.588,7.7,10.0,8.991,80.2,42,0.0,0.0,
7.9.2026,23:10:33.795,9.1,6.7,9.735,412.4,42,0.0,0.0,
7.9.2026,23:10:34.000,2.2,7.0,9.224,134.7,42,0.0,0.0,
7.9.2026,23:10:34.207,1.4,5.5,10.185,95.4,41,0.0,0.0,
7.9.2026,23:10:34.414,1.5,2.7,9.739,118.0,41,0.0,0.0,
7.9.2026,23:10:34.605,13.9,9.6,9.443,360.5,41,0.0,0.0,
7.9.2026,23:10:34.814,0.8,3.7,9.520,155.0,41,0.0,0.0,
7.9.2026,23:10:35.025,0.0,5.9,8.897,81.9,42,0.0,0.0,
7.9.2026,23:10:35.216,0.0,5.9,8.839,81.9,42,0.0,0.0,
7.9.2026,23:10:35.433,0.0,1.3,9.403,80.4,41,0.0,0.0,
7.9.2026,23:10:35.627,0.0,1.3,7.585,80.4,41,0.0,0.0,
7.9.2026,23:10:35.832,15.9,9.7,8.229,493.8,42,0.0,0.0,
7.9.2026,23:10:36.029,1.9,3.7,8.229,128.8,41,0.0,0.0,
7.9.2026,23:10:36.244,9.7,7.3,9.195,246.8,73,0.0,0.0,
7.9.2026,23:10:36.456,0.5,3.7,7.816,110.5,43,0.0,0.0,
7.9.2026,23:10:36.661,2.8,8.0,9.732,223.3,41,0.0,0.0,
7.9.2026,23:10:36.855,2.8,8.0,9.732,223.3,41,0.0,0.0,
7.9.2026,23:10:37.067,9.1,9.8,9.448,232.9,42,0.0,0.0,
7.9.2026,23:10:37.262,0.0,1.7,7.331,90.2,41,0.0,0.0,
7.9.2026,23:10:37.471,9.8,9.5,8.959,223.6,41,0.0,0.0,
7.9.2026,23:10:37.677,3.3,6.1,9.144,193.7,42,0.0,0.0,
7.9.2026,23:10:37.883,3.1,3.7,8.515,195.4,41,0.0,0.0,
7.9.2026,23:10:38.075,2.6,7.5,8.827,112.9,44,0.0,0.0,
7.9.2026,23:10:38.285,14.8,9.6,8.827,496.7,68,0.0,0.0,
7.9.2026,23:10:38.492,5.9,3.4,7.973,292.1,73,0.0,0.0,
7.9.2026,23:10:38.683,3.4,6.9,10.858,196.4,71,0.0,0.0,
7.9.2026,23:10:38.896,7.8,12.7,10.469,63.9,60,0.0,0.0,
7.9.2026,23:10:39.090,0.7,1.4,8.547,167.4,71,0.0,0.0,
7.9.2026,23:10:39.297,0.7,1.4,8.547,167.4,71,0.0,0.0,
7.9.2026,23:10:39.503,0.7,1.4,16.749,167.4,71,0.0,0.0,
7.9.2026,23:10:39.710,0.7,1.4,16.749,167.4,71,0.0,0.0,
7.9.2026,23:10:39.901,0.7,1.4,16.749,167.4,71,0.0,0.0,
7.9.2026,23:10:40.107,0.7,1.4,16.749,167.4,71,0.0,0.0,
7.9.2026,23:10:40.316,0.7,1.4,16.749,167.4,71,0.0,0.0,
7.9.2026,23:10:40.520,0.7,1.4,16.749,167.4,71,0.0,0.0,
7.9.2026,23:10:40.727,0.7,1.4,16.749,167.4,71,0.0,0.0,
7.9.2026,23:10:40.917,0.7,1.4,16.749,167.4,71,0.0,0.0,
7.9.2026,23:10:41.124,0.7,1.4,16.749,167.4,71,0.0,0.0,
7.9.2026,23:10:41.328,0.7,1.4,16.749,167.4,71,0.0,0.0,
7.9.2026,23:10:41.535,0.7,1.4,16.749,167.4,71,0.0,0.0,
7.9.2026,23:10:41.740,0.7,1.4,16.749,167.4,71,0.0,0.0,
7.9.2026,23:10:41.948,0.7,1.4,16.749,167.4,71,0.0,0.0,
7.9.2026,23:10:42.136,0.7,1.4,16.749,167.4,71,0.0,0.0,
7.9.2026,23:10:42.344,0.7,1.4,16.749,167.4,71,0.0,0.0,
7.9.2026,23:10:42.549,0.7,1.4,16.749,167.4,71,0.0,0.0,
7.9.2026,23:10:42.757,0.7,1.4,16.749,167.4,71,0.0,0.0,
7.9.2026,23:10:42.961,0.7,1.4,16.749,167.4,71,0.0,0.0,
7.9.2026,23:10:43.153,0.7,1.4,16.749,167.4,71,0.0,0.0,
7.9.2026,23:10:43.358,0.7,1.4,16.749,167.4,71,0.0,0.0,
7.9.2026,23:10:43.564,0.7,1.4,16.749,167.4,71,0.0,0.0,
7.9.2026,23:10:43.771,0.7,1.4,16.749,167.4,71,0.0,0.0,
7.9.2026,23:10:43.977,0.7,1.4,16.749,167.4,71,0.0,0.0,
7.9.2026,23:10:44.171,46.8,7.4,16.749,2091.1,72,0.0,0.0,
7.9.2026,23:10:44.374,46.8,7.4,16.749,2091.1,72,0.0,0.0,
7.9.2026,23:10:44.581,46.8,7.4,16.749,2091.1,72,0.0,0.0,
7.9.2026,23:10:44.787,46.8,7.4,16.749,2091.1,72,0.0,0.0,
7.9.2026,23:10:44.996,46.8,7.4,16.749,2091.1,72,0.0,0.0,
7.9.2026,23:10:45.184,46.8,7.4,16.749,2091.1,72,0.0,0.0,
7.9.2026,23:10:45.391,46.8,7.4,16.749,2091.1,72,0.0,0.0,
7.9.2026,23:10:45.597,46.8,7.4,16.749,2091.1,72,0.0,0.0,
7.9.2026,23:10:45.803,46.8,7.4,16.749,2091.1,72,0.0,0.0,
7.9.2026,23:10:46.010,46.8,7.4,16.749,2091.1,72,0.0,0.0,
7.9.2026,23:10:46.231,46.8,7.4,16.749,2091.1,72,0.0,0.0,
7.9.2026,23:10:46.421,46.8,7.4,16.749,2091.1,72,0.0,0.0,
7.9.2026,23:10:46.629,46.8,7.4,16.749,2091.1,72,0.0,0.0,
7.9.2026,23:10:46.834,46.8,7.4,16.749,2091.1,72,0.0,0.0,
7.9.2026,23:10:47.040,46.8,7.4,16.749,2091.1,72,0.0,0.0,
7.9.2026,23:10:47.232,46.8,7.4,16.749,2091.1,72,0.0,0.0,
7.9.2026,23:10:47.436,46.8,7.4,16.749,2091.1,72,0.0,0.0,
7.9.2026,23:10:47.643,46.8,7.4,16.749,2091.1,72,0.0,0.0,
7.9.2026,23:10:47.848,46.8,7.4,16.749,2091.1,72,0.0,0.0,
7.9.2026,23:10:48.054,46.8,7.4,16.749,2091.1,72,0.0,0.0,
7.9.2026,23:10:48.260,46.8,7.4,16.749,2091.1,72,0.0,0.0,
7.9.2026,23:10:48.466,46.8,7.4,16.749,2091.1,72,0.0,0.0,
7.9.2026,23:10:48.672,46.8,7.4,16.749,2091.1,72,0.0,0.0,
7.9.2026,23:10:48.879,46.8,7.4,16.749,2091.1,72,0.0,0.0,
7.9.2026,23:10:49.086,100.0,40.7,24.026,4331.6,85,0.0,0.0,
7.9.2026,23:10:49.291,100.0,40.7,24.026,4331.6,85,0.0,0.0,
7.9.2026,23:10:49.497,100.0,40.7,24.026,4331.6,85,0.0,0.0,
7.9.2026,23:10:49.703,100.0,40.7,24.026,4331.6,85,0.0,0.0,
7.9.2026,23:10:49.909,100.0,40.7,24.026,4331.6,85,0.0,0.0,
7.9.2026,23:10:50.119,100.0,40.7,24.026,4331.6,85,0.0,0.0,
7.9.2026,23:10:50.322,100.0,40.7,24.026,4331.6,85,0.0,0.0,
7.9.2026,23:10:50.530,100.0,40.7,24.026,4331.6,85,0.0,0.0,
7.9.2026,23:10:50.734,100.0,40.7,24.026,4331.6,85,0.0,0.0,
7.9.2026,23:10:50.943,100.0,40.7,24.026,4331.6,85,0.0,0.0,
7.9.2026,23:10:51.147,100.0,40.7,24.026,4331.6,85,0.0,0.0,
7.9.2026,23:10:51.354,100.0,40.7,24.026,4331.6,85,0.0,0.0,
7.9.2026,23:10:51.544,100.0,40.7,24.026,4331.6,85,0.0,0.0,
7.9.2026,23:10:51.751,100.0,40.7,24.026,4331.6,85,0.0,0.0,
7.9.2026,23:10:51.957,100.0,40.7,24.026,4331.6,85,0.0,0.0,
7.9.2026,23:10:52.163,100.0,40.7,24.026,4331.6,85,0.0,0.0,
7.9.2026,23:10:52.355,100.0,40.7,24.026,4331.6,85,0.0,0.0,
7.9.2026,23:10:52.560,100.0,40.7,24.026,4331.6,85,0.0,0.0,
7.9.2026,23:10:52.766,100.0,40.7,24.026,4331.6,85,0.0,0.0,
7.9.2026,23:10:52.975,100.0,40.7,24.026,4331.6,85,0.0,0.0,
7.9.2026,23:10:53.180,100.0,40.7,24.026,4331.6,85,0.0,0.0,
7.9.2026,23:10:53.370,100.0,40.7,24.026,4331.6,85,0.0,0.0,
7.9.2026,23:10:53.576,100.0,40.7,24.026,4331.6,85,0.0,0.0,
7.9.2026,23:10:53.783,100.0,15.9,23.945,4318.8,85,0.0,0.0,
7.9.2026,23:10:53.990,100.0,15.9,23.945,4318.8,85,0.0,0.0,
7.9.2026,23:10:54.195,100.0,15.9,23.945,4318.8,85,0.0,0.0,
7.9.2026,23:10:54.401,100.0,15.9,23.945,4318.8,85,0.0,0.0,
7.9.2026,23:10:54.606,100.0,15.9,23.945,4318.8,85,0.0,0.0,
7.9.2026,23:10:54.812,100.0,15.9,23.945,4318.8,85,0.0,0.0,
7.9.2026,23:10:55.021,100.0,15.9,23.945,4318.8,85,0.0,0.0,
7.9.2026,23:10:55.225,100.0,15.9,23.945,4318.8,85,0.0,0.0,
7.9.2026,23:10:55.431,100.0,15.9,23.945,4318.8,85,0.0,0.0,
7.9.2026,23:10:55.636,100.0,15.9,23.945,4318.8,85,0.0,0.0,
7.9.2026,23:10:55.841,100.0,15.9,23.945,4318.8,85,0.0,0.0,
7.9.2026,23:10:56.051,100.0,15.9,23.945,4318.8,85,0.0,0.0,
7.9.2026,23:10:56.254,100.0,15.9,23.945,4318.8,85,0.0,0.0,
7.9.2026,23:10:56.461,100.0,15.9,23.945,4318.8,85,0.0,0.0,
7.9.2026,23:10:56.653,100.0,15.9,23.945,4318.8,85,0.0,0.0,
7.9.2026,23:10:56.857,100.0,15.9,23.945,4318.8,85,0.0,0.0,
7.9.2026,23:10:57.065,100.0,15.9,23.945,4318.8,85,0.0,0.0,
7.9.2026,23:10:57.268,100.0,15.9,23.945,4318.8,85,0.0,0.0,
7.9.2026,23:10:57.475,100.0,15.9,23.945,4318.8,85,0.0,0.0,
7.9.2026,23:10:57.679,100.0,15.9,23.945,4318.8,85,0.0,0.0,
7.9.2026,23:10:57.870,100.0,15.9,23.945,4318.8,85,0.0,0.0,
7.9.2026,23:10:58.078,100.0,15.9,23.945,4318.8,85,0.0,0.0,
7.9.2026,23:10:58.282,100.0,15.9,23.945,4318.8,85,0.0,0.0,
7.9.2026,23:10:58.490,100.0,16.0,23.945,4301.7,80,0.0,0.0,
7.9.2026,23:10:58.697,100.0,16.0,23.626,4301.7,80,0.0,0.0,
7.9.2026,23:10:58.885,100.0,16.0,23.626,4301.7,80,0.0,0.0,
7.9.2026,23:10:59.092,100.0,16.0,23.626,4301.7,80,0.0,0.0,
7.9.2026,23:10:59.297,100.0,16.0,23.626,4301.7,80,0.0,0.0,
7.9.2026,23:10:59.503,100.0,16.0,23.626,4301.7,80,0.0,0.0,
7.9.2026,23:10:59.710,100.0,16.0,23.626,4301.7,80,0.0,0.0,
7.9.2026,23:10:59.917,100.0,16.0,23.626,4301.7,80,0.0,0.0,
7.9.2026,23:11:0.122,100.0,16.0,23.626,4301.7,80,0.0,0.0,
7.9.2026,23:11:0.327,100.0,16.0,23.626,4301.7,80,0.0,0.0,
7.9.2026,23:11:0.535,100.0,16.0,23.626,4301.7,80,0.0,0.0,
7.9.2026,23:11:0.739,100.0,16.0,23.626,4301.7,80,0.0,0.0,
7.9.2026,23:11:0.946,100.0,16.0,23.626,4301.7,80,0.0,0.0,
7.9.2026,23:11:1.139,100.0,16.0,23.626,4301.7,80,0.0,0.0,
7.9.2026,23:11:1.343,100.0,16.0,23.626,4301.7,80,0.0,0.0,
7.9.2026,23:11:1.550,100.0,16.0,23.626,4301.7,80,0.0,0.0,
7.9.2026,23:11:1.756,100.0,16.0,23.626,4301.7,80,0.0,0.0,
7.9.2026,23:11:1.962,100.0,16.0,23.626,4301.7,80,0.0,0.0,
7.9.2026,23:11:2.152,100.0,16.0,23.626,4301.7,80,0.0,0.0,
7.9.2026,23:11:2.358,100.0,16.0,23.626,4301.7,80,0.0,0.0,
7.9.2026,23:11:2.567,100.0,16.0,23.626,4301.7,80,0.0,0.0,
7.9.2026,23:11:2.772,100.0,16.0,23.626,4301.7,80,0.0,0.0,
7.9.2026,23:11:2.978,100.0,16.0,23.626,4301.7,80,0.0,0.0,
7.9.2026,23:11:3.171,100.0,16.0,23.626,4301.7,80,0.0,0.0,
7.9.2026,23:11:3.374,100.0,17.1,24.118,4277.9,83,0.0,0.0,
7.9.2026,23:11:3.582,100.0,17.1,24.118,4277.9,83,0.0,0.0,
7.9.2026,23:11:3.787,100.0,17.1,24.118,4277.9,83,0.0,0.0,
7.9.2026,23:11:3.994,100.0,17.1,24.118,4277.9,83,0.0,0.0,
7.9.2026,23:11:4.200,100.0,17.1,24.118,4277.9,83,0.0,0.0,
7.9.2026,23:11:4.406,100.0,17.1,24.118,4277.9,83,0.0,0.0,
7.9.2026,23:11:4.614,100.0,17.1,24.118,4277.9,83,0.0,0.0,
7.9.2026,23:11:4.820,100.0,17.1,24.118,4277.9,83,0.0,0.0,
7.9.2026,23:11:5.026,100.0,17.1,24.118,4277.9,83,0.0,0.0,
7.9.2026,23:11:5.231,100.0,17.1,24.118,4277.9,83,0.0,0.0,
7.9.2026,23:11:5.438,100.0,17.1,24.118,4277.9,83,0.0,0.0,
7.9.2026,23:11:5.645,100.0,17.1,24.118,4277.9,83,0.0,0.0,
7.9.2026,23:11:5.851,100.0,17.1,24.118,4277.9,83,0.0,0.0,
7.9.2026,23:11:6.041,100.0,17.1,24.118,4277.9,83,0.0,0.0,
7.9.2026,23:11:6.249,100.0,17.1,24.118,4277.9,83,0.0,0.0,
7.9.2026,23:11:6.454,100.0,17.1,24.118,4277.9,83,0.0,0.0,
7.9.2026,23:11:6.661,100.0,17.1,24.118,4277.9,83,0.0,0.0,
7.9.2026,23:11:6.867,100.0,17.1,24.118,4277.9,83,0.0,0.0,
7.9.2026,23:11:7.058,100.0,17.1,24.118,4277.9,83,0.0,0.0,
7.9.2026,23:11:7.265,100.0,17.1,24.118,4277.9,83,0.0,0.0,
7.9.2026,23:11:7.471,100.0,17.1,24.118,4277.9,83,0.0,0.0,
7.9.2026,23:11:7.677,100.0,17.1,24.118,4277.9,83,0.0,0.0,
7.9.2026,23:11:7.885,100.0,17.1,24.118,4277.9,83,0.0,0.0,
7.9.2026,23:11:8.076,100.0,15.9,24.118,4275.6,86,0.0,0.0,
7.9.2026,23:11:8.280,100.0,15.9,23.377,4275.6,86,0.0,0.0,
7.9.2026,23:11:8.488,100.0,15.9,23.377,4275.6,86,0.0,0.0,
7.9.2026,23:11:8.694,100.0,15.9,23.377,4275.6,86,0.0,0.0,
7.9.2026,23:11:8.899,100.0,15.9,23.377,4275.6,86,0.0,0.0,
7.9.2026,23:11:9.089,100.0,15.9,23.377,4275.6,86,0.0,0.0,
7.9.2026,23:11:9.298,100.0,15.9,23.377,4275.6,86,0.0,0.0,
7.9.2026,23:11:9.502,100.0,15.9,23.377,4275.6,86,0.0,0.0,
7.9.2026,23:11:9.710,100.0,15.9,23.377,4275.6,86,0.0,0.0,
7.9.2026,23:11:9.915,100.0,15.9,23.377,4275.6,86,0.0,0.0,
7.9.2026,23:11:10.106,100.0,15.9,23.377,4275.6,86,0.0,0.0,
7.9.2026,23:11:10.312,100.0,15.9,23.377,4275.6,86,0.0,0.0,
7.9.2026,23:11:10.519,100.0,15.9,23.377,4275.6,86,0.0,0.0,
7.9.2026,23:11:10.726,100.0,15.9,23.377,4275.6,86,0.0,0.0,
7.9.2026,23:11:10.931,100.0,15.9,23.377,4275.6,86,0.0,0.0,
7.9.2026,23:11:11.138,100.0,15.9,23.377,4275.6,86,0.0,0.0,
7.9.2026,23:11:11.346,100.0,15.9,23.377,4275.6,86,0.0,0.0,
7.9.2026,23:11:11.550,100.0,15.9,23.377,4275.6,86,0.0,0.0,
7.9.2026,23:11:11.758,100.0,15.9,23.377,4275.6,86,0.0,0.0,
7.9.2026,23:11:11.963,100.0,15.9,23.377,4275.6,86,0.0,0.0,
7.9.2026,23:11:12.169,100.0,15.9,23.377,4275.6,86,0.0,0.0,
7.9.2026,23:11:12.375,100.0,15.9,23.377,4275.6,86,0.0,0.0,
7.9.2026,23:11:12.581,100.0,15.9,23.377,4275.6,86,0.0,0.0,
7.9.2026,23:11:12.787,100.0,15.9,23.377,4275.6,86,0.0,0.0,
7.9.2026,23:11:12.993,100.0,16.0,23.581,4272.5,83,0.0,0.0,
7.9.2026,23:11:13.185,100.0,16.0,23.581,4272.5,83,0.0,0.0,
7.9.2026,23:11:13.390,100.0,16.0,23.581,4272.5,83,0.0,0.0,
7.9.2026,23:11:13.596,100.0,16.0,23.581,4272.5,83,0.0,0.0,
7.9.2026,23:11:13.802,100.0,16.0,23.581,4272.5,83,0.0,0.0,
7.9.2026,23:11:14.008,100.0,16.0,23.581,4272.5,83,0.0,0.0,
7.9.2026,23:11:14.200,100.0,16.0,23.581,4272.5,83,0.0,0.0,
7.9.2026,23:11:14.403,100.0,16.0,23.581,4272.5,83,0.0,0.0,
7.9.2026,23:11:14.611,100.0,16.0,23.581,4272.5,83,0.0,0.0,
7.9.2026,23:11:14.815,100.0,16.0,23.581,4272.5,83,0.0,0.0,
7.9.2026,23:11:15.022,100.0,16.0,23.581,4272.5,83,0.0,0.0,
7.9.2026,23:11:15.227,100.0,16.0,23.581,4272.5,83,0.0,0.0,
7.9.2026,23:11:15.417,100.0,16.0,23.581,4272.5,83,0.0,0.0,
7.9.2026,23:11:15.623,100.0,16.0,23.581,4272.5,83,0.0,0.0,
7.9.2026,23:11:15.829,100.0,16.0,23.581,4272.5,83,0.0,0.0,
7.9.2026,23:11:16.037,100.0,16.0,23.581,4272.5,83,0.0,0.0,
7.9.2026,23:11:16.240,100.0,16.0,23.581,4272.5,83,0.0,0.0,
7.9.2026,23:11:16.447,100.0,16.0,23.581,4272.5,83,0.0,0.0,
7.9.2026,23:11:16.637,100.0,16.0,23.581,4272.5,83,0.0,0.0,
7.9.2026,23:11:16.843,100.0,16.0,23.581,4272.5,83,0.0,0.0,
7.9.2026,23:11:17.050,100.0,16.0,23.581,4272.5,83,0.0,0.0,
7.9.2026,23:11:17.254,100.0,16.0,23.581,4272.5,83,0.0,0.0,
7.9.2026,23:11:17.460,100.0,16.0,23.581,4272.5,83,0.0,0.0,
7.9.2026,23:11:17.669,100.0,16.0,23.581,4272.5,83,0.0,0.0,
7.9.2026,23:11:17.872,100.0,16.0,23.581,4265.6,85,0.0,0.0,
7.9.2026,23:11:18.079,100.0,16.0,23.295,4265.6,85,0.0,0.0,
7.9.2026,23:11:18.282,100.0,16.0,23.295,4265.6,85,0.0,0.0,
7.9.2026,23:11:18.488,100.0,16.0,23.295,4265.6,85,0.0,0.0,
7.9.2026,23:11:18.694,100.0,16.0,23.295,4265.6,85,0.0,0.0,
7.9.2026,23:11:18.900,100.0,16.0,23.295,4265.6,85,0.0,0.0,
7.9.2026,23:11:19.108,100.0,16.0,23.295,4265.6,85,0.0,0.0,
7.9.2026,23:11:19.311,100.0,16.0,23.295,4265.6,85,0.0,0.0,
7.9.2026,23:11:19.520,100.0,16.0,23.295,4265.6,85,0.0,0.0,
7.9.2026,23:11:19.723,100.0,16.0,23.295,4265.6,85,0.0,0.0,
7.9.2026,23:11:19.930,100.0,16.0,23.295,4265.6,85,0.0,0.0,
7.9.2026,23:11:20.119,100.0,16.0,23.295,4265.6,85,0.0,0.0,
7.9.2026,23:11:20.327,100.0,16.0,23.295,4265.6,85,0.0,0.0,
7.9.2026,23:11:20.534,100.0,16.0,23.295,4265.6,85,0.0,0.0,
7.9.2026,23:11:20.739,100.0,16.0,23.295,4265.6,85,0.0,0.0,
7.9.2026,23:11:20.945,100.0,16.0,23.295,4265.6,85,0.0,0.0,
7.9.2026,23:11:21.138,100.0,16.0,23.295,4265.6,85,0.0,0.0,
7.9.2026,23:11:21.341,100.0,16.0,23.295,4265.6,85,0.0,0.0,
7.9.2026,23:11:21.546,100.0,16.0,23.295,4265.6,85,0.0,0.0,
7.9.2026,23:11:21.752,100.0,16.0,23.295,4265.6,85,0.0,0.0,
7.9.2026,23:11:21.961,100.0,16.0,23.295,4265.6,85,0.0,0.0,
7.9.2026,23:11:22.165,100.0,16.0,23.295,4265.6,85,0.0,0.0,
7.9.2026,23:11:22.356,100.0,16.0,23.295,4265.6,85,0.0,0.0,
7.9.2026,23:11:22.564,100.0,16.0,23.295,4265.6,85,0.0,0.0,
7.9.2026,23:11:22.768,100.0,16.3,23.295,4256.8,80,0.0,0.0,
7.9.2026,23:11:22.976,100.0,16.3,23.351,4256.8,80,0.0,0.0,
7.9.2026,23:11:23.168,100.0,16.3,23.351,4256.8,80,0.0,0.0,
7.9.2026,23:11:23.372,100.0,16.3,23.511,4256.8,80,0.0,0.0,
7.9.2026,23:11:23.579,100.0,16.3,23.511,4256.8,80,0.0,0.0,
7.9.2026,23:11:23.784,100.0,16.3,23.511,4256.8,80,0.0,0.0,
7.9.2026,23:11:23.991,100.0,16.3,23.511,4256.8,80,0.0,0.0,
7.9.2026,23:11:24.200,100.0,16.3,23.511,4256.8,80,0.0,0.0,
7.9.2026,23:11:24.404,100.0,16.3,23.511,4256.8,80,0.0,0.0,
7.9.2026,23:11:24.611,100.0,16.3,23.511,4256.8,80,0.0,0.0,
7.9.2026,23:11:24.817,100.0,16.3,23.511,4256.8,80,0.0,0.0,
7.9.2026,23:11:25.024,100.0,16.3,23.511,4256.8,80,0.0,0.0,
7.9.2026,23:11:25.213,100.0,16.3,23.511,4256.8,80,0.0,0.0,
7.9.2026,23:11:25.421,100.0,16.3,23.511,4256.8,80,0.0,0.0,
7.9.2026,23:11:25.625,100.0,16.3,23.511,4256.8,80,0.0,0.0,
7.9.2026,23:11:25.831,100.0,16.3,23.511,4256.8,80,0.0,0.0,
7.9.2026,23:11:26.040,100.0,16.3,23.511,4256.8,80,0.0,0.0,
7.9.2026,23:11:26.228,100.0,16.3,23.511,4256.8,80,0.0,0.0,
7.9.2026,23:11:26.436,100.0,16.3,23.511,4256.8,80,0.0,0.0,
7.9.2026,23:11:26.639,100.0,16.3,23.511,4256.8,80,0.0,0.0,
7.9.2026,23:11:26.847,100.0,16.3,23.511,4256.8,80,0.0,0.0,
7.9.2026,23:11:27.053,100.0,16.3,23.511,4256.8,80,0.0,0.0,
7.9.2026,23:11:27.260,100.0,16.3,23.511,4256.8,80,0.0,0.0,
7.9.2026,23:11:27.465,100.0,16.3,23.511,4256.8,80,0.0,0.0,
7.9.2026,23:11:27.672,100.0,16.3,23.511,4256.8,80,0.0,0.0,
7.9.2026,23:11:27.879,100.0,16.3,23.511,4256.8,80,0.0,0.0,
7.9.2026,23:11:28.086,100.0,16.3,23.511,4256.8,80,0.0,0.0,
7.9.2026,23:11:28.290,100.0,16.3,23.511,4256.8,80,0.0,0.0,
7.9.2026,23:11:28.496,100.0,16.3,23.511,4256.8,80,0.0,0.0,
7.9.2026,23:11:28.705,100.0,13.3,23.511,4255.9,86,0.0,0.0,
7.9.2026,23:11:28.908,100.0,13.3,23.511,4255.9,86,0.0,0.0,
7.9.2026,23:11:29.116,100.0,13.3,23.511,4255.9,86,0.0,0.0,
7.9.2026,23:11:29.320,100.0,13.3,23.511,4255.9,86,0.0,0.0,
7.9.2026,23:11:29.511,100.0,13.3,23.511,4255.9,86,0.0,0.0,
7.9.2026,23:11:29.715,100.0,13.3,23.511,4255.9,86,0.0,0.0,
7.9.2026,23:11:29.922,100.0,13.3,23.511,4255.9,86,0.0,0.0,
7.9.2026,23:11:30.127,100.0,13.3,23.511,4255.9,86,0.0,0.0,
7.9.2026,23:11:30.333,100.0,13.3,23.511,4255.9,86,0.0,0.0,
7.9.2026,23:11:30.539,100.0,13.3,23.511,4255.9,86,0.0,0.0,
7.9.2026,23:11:30.731,100.0,13.3,23.511,4255.9,86,0.0,0.0,
7.9.2026,23:11:30.938,100.0,13.3,23.511,4255.9,86,0.0,0.0,
7.9.2026,23:11:31.144,100.0,13.3,23.511,4255.9,86,0.0,0.0,
7.9.2026,23:11:31.350,100.0,13.3,23.511,4255.9,86,0.0,0.0,
7.9.2026,23:11:31.556,100.0,13.3,23.511,4255.9,86,0.0,0.0,
7.9.2026,23:11:31.746,100.0,13.3,23.511,4255.9,86,0.0,0.0,
7.9.2026,23:11:31.953,100.0,13.3,23.511,4255.9,86,0.0,0.0,
7.9.2026,23:11:32.159,100.0,13.3,23.511,4255.9,86,0.0,0.0,
7.9.2026,23:11:32.367,100.0,13.3,23.511,4255.9,86,0.0,0.0,
7.9.2026,23:11:32.571,100.0,13.3,23.511,4255.9,86,0.0,0.0,
7.9.2026,23:11:32.762,100.0,13.3,23.326,4255.9,86,0.0,0.0,
7.9.2026,23:11:32.967,100.0,13.3,23.326,4255.9,86,0.0,0.0,
7.9.2026,23:11:33.175,100.0,13.3,23.326,4255.9,86,0.0,0.0,
7.9.2026,23:11:33.380,100.0,13.3,23.326,4255.9,86,0.0,0.0,
7.9.2026,23:11:33.587,100.0,13.3,23.326,4255.9,86,0.0,0.0,
7.9.2026,23:11:33.777,100.0,13.3,23.326,4255.9,86,0.0,0.0,
7.9.2026,23:11:33.983,100.0,13.3,23.326,4255.9,86,0.0,0.0,
7.9.2026,23:11:34.189,100.0,13.3,23.326,4255.9,86,0.0,0.0,
7.9.2026,23:11:34.396,100.0,13.3,23.326,4255.9,86,0.0,0.0,
7.9.2026,23:11:34.603,100.0,13.3,23.326,4255.9,86,0.0,0.0,
7.9.2026,23:11:34.792,100.0,13.3,23.326,4255.9,86,0.0,0.0,
7.9.2026,23:11:34.998,100.0,13.3,23.326,4255.9,86,0.0,0.0,
7.9.2026,23:11:35.204,100.0,13.3,23.326,4255.9,86,0.0,0.0,
7.9.2026,23:11:35.410,100.0,13.3,23.326,4255.9,86,0.0,0.0,
7.9.2026,23:11:35.617,100.0,13.3,23.326,4255.9,86,0.0,0.0,
7.9.2026,23:11:35.821,100.0,13.3,23.326,4255.9,86,0.0,0.0,
7.9.2026,23:11:36.012,100.0,13.3,23.326,4255.9,86,0.0,0.0,
7.9.2026,23:11:36.218,100.0,13.3,23.326,4255.9,86,0.0,0.0,
7.9.2026,23:11:36.423,100.0,13.3,23.326,4255.9,86,0.0,0.0,
7.9.2026,23:11:36.632,100.0,13.3,23.326,4255.9,86,0.0,0.0,
7.9.2026,23:11:36.836,100.0,13.3,23.326,4255.9,86,0.0,0.0,
7.9.2026,23:11:37.027,100.0,13.3,23.326,4255.9,86,0.0,0.0,
7.9.2026,23:11:37.235,100.0,13.3,23.326,4255.9,86,0.0,0.0,
7.9.2026,23:11:37.439,100.0,13.3,23.326,4255.9,86,0.0,0.0,
7.9.2026,23:11:37.646,100.0,13.3,23.326,4255.9,86,0.0,0.0,
7.9.2026,23:11:37.851,100.0,13.3,23.326,4255.9,86,0.0,0.0,
7.9.2026,23:11:38.042,100.0,13.3,23.326,4255.9,86,0.0,0.0,
7.9.2026,23:11:38.251,100.0,20.1,23.326,4258.0,86,0.0,0.0,
7.9.2026,23:11:38.455,100.0,20.1,23.326,4258.0,86,0.0,0.0,
7.9.2026,23:11:38.662,100.0,20.1,23.326,4258.0,86,0.0,0.0,
7.9.2026,23:11:38.867,100.0,20.1,23.326,4258.0,86,0.0,0.0,
7.9.2026,23:11:39.057,100.0,20.1,23.326,4258.0,86,0.0,0.0,
7.9.2026,23:11:39.267,63.5,69.4,23.326,648.3,76,0.0,0.0,
7.9.2026,23:11:39.472,9.9,10.0,21.509,206.5,53,0.0,0.0,
7.9.2026,23:11:39.667,3.9,5.6,10.376,69.1,52,0.0,0.0,
7.9.2026,23:11:39.888,0.4,3.0,8.605,124.2,51,0.0,0.0,
7.9.2026,23:11:40.101,13.9,6.2,8.588,532.9,52,0.0,0.0,
7.9.2026,23:11:40.307,1.7,5.1,8.355,214.2,51,0.0,0.0,
7.9.2026,23:11:40.525,8.3,10.3,9.009,89.9,51,0.0,0.0,
7.9.2026,23:11:40.715,0.0,2.6,9.017,94.4,51,0.0,0.0,
7.9.2026,23:11:40.922,9.4,4.9,8.636,158.0,52,0.0,0.0,
7.9.2026,23:11:41.131,1.2,3.3,8.441,93.8,51,0.0,0.0,
7.9.2026,23:11:41.330,10.4,12.1,8.238,290.7,52,0.0,0.0,
7.9.2026,23:11:41.547,0.6,2.2,8.627,183.5,50,0.0,0.0,
7.9.2026,23:11:41.769,4.8,5.8,8.235,102.8,50,0.0,0.0,
7.9.2026,23:11:41.966,5.3,6.1,8.700,269.4,52,0.0,0.0,
7.9.2026,23:11:42.173,3.1,3.4,8.407,75.1,50,0.0,0.0,
7.9.2026,23:11:42.384,6.0,5.7,7.866,165.6,51,0.0,0.0,
7.9.2026,23:11:42.583,6.8,5.4,8.229,138.9,51,0.0,0.0,
7.9.2026,23:11:42.789,0.0,4.8,8.763,100.9,51,0.0,0.0,
7.9.2026,23:11:42.980,2.5,3.4,7.854,171.5,50,0.0,0.0,
7.9.2026,23:11:43.187,7.5,10.7,9.938,66.8,50,0.0,0.0,
7.9.2026,23:11:43.394,1.6,4.7,9.536,117.2,50,0.0,0.0,
7.9.2026,23:11:43.601,0.9,4.0,9.645,89.6,49,0.0,0.0,
7.9.2026,23:11:43.791,2.7,6.0,9.801,196.4,50,0.0,0.0,
7.9.2026,23:11:44.008,7.6,8.3,9.622,125.3,49,0.0,0.0,
7.9.2026,23:11:44.203,5.4,7.7,9.386,106.1,49,0.0,0.0,
7.9.2026,23:11:44.413,1.5,1.6,9.303,178.2,49,0.0,0.0,
7.9.2026,23:11:44.626,2.3,4.5,8.001,164.2,50,0.0,0.0,
7.9.2026,23:11:44.832,5.7,8.0,9.064,76.0,49,0.0,0.0,
7.9.2026,23:11:45.038,1.9,1.5,8.287,124.0,48,0.0,0.0,
7.9.2026,23:11:45.232,1.3,4.5,8.105,95.6,48,0.0,0.0,
7.9.2026,23:11:45.443,9.8,8.8,8.246,164.9,48,0.0,0.0,
7.9.2026,23:11:45.652,0.0,0.6,7.958,129.7,47,0.0,0.0,
7.9.2026,23:11:45.864,10.6,10.8,8.081,201.6,48,0.0,0.0,
7.9.2026,23:11:46.071,0.0,2.7,8.633,128.2,48,0.0,0.0,
7.9.2026,23:11:46.264,8.2,8.8,8.776,112.1,48,0.0,0.0,
7.9.2026,23:11:46.479,2.5,3.6,7.687,248.8,50,0.0,0.0,
7.9.2026,23:11:46.671,5.9,5.3,8.597,75.9,47,0.0,0.0,
7.9.2026,23:11:46.881,3.2,5.1,8.093,193.9,47,0.0,0.0,
7.9.2026,23:11:47.077,5.7,6.4,8.360,137.3,48,0.0,0.0,
7.9.2026,23:11:47.283,1.1,4.8,7.861,102.0,47,0.0,0.0,
7.9.2026,23:11:47.495,2.7,1.0,8.177,179.6,48,0.0,0.0,
7.9.2026,23:11:47.684,8.0,8.7,8.233,92.2,48,0.0,0.0,
7.9.2026,23:11:47.895,18.8,5.3,8.412,954.3,47,0.0,0.0,
7.9.2026,23:11:48.092,4.6,6.0,9.150,90.5,47,0.0,0.0,
7.9.2026,23:11:48.302,0.0,1.1,7.997,55.9,48,0.0,0.0,
7.9.2026,23:11:48.514,3.1,4.2,8.625,171.1,47,0.0,0.0,
7.9.2026,23:11:48.734,5.4,10.4,8.951,154.2,57,0.0,0.0,
7.9.2026,23:11:48.939,10.0,3.9,9.676,275.9,47,0.0,0.0,
7.9.2026,23:11:49.150,0.9,4.2,8.935,95.1,47,0.0,0.0,
7.9.2026,23:11:49.346,7.3,8.1,8.336,110.8,46,0.0,0.0,
7.9.2026,23:11:49.559,0.0,2.2,8.143,140.0,46,0.0,0.0,
7.9.2026,23:11:49.765,8.8,12.4,9.862,173.2,55,0.0,0.0,
7.9.2026,23:11:49.981,1.4,3.2,9.054,127.1,47,0.0,0.0,
7.9.2026,23:11:50.186,5.5,7.6,9.137,95.1,46,0.0,0.0,
7.9.2026,23:11:50.399,0.0,1.9,8.598,61.1,46,0.0,0.0,
7.9.2026,23:11:50.604,1.2,3.4,8.547,126.5,46,0.0,0.0,
7.9.2026,23:11:50.810,8.1,9.7,8.708,101.6,47,0.0,0.0,
7.9.2026,23:11:51.019,1.6,2.9,8.657,126.4,46,0.0,0.0,
7.9.2026,23:11:51.215,6.3,7.0,8.748,97.1,47,0.0,0.0,
7.9.2026,23:11:51.422,1.2,7.2,8.775,102.5,46,0.0,0.0,
7.9.2026,23:11:51.629,1.9,2.3,8.053,101.1,45,0.0,0.0,
7.9.2026,23:11:51.828,11.3,8.4,8.895,404.8,46,0.0,0.0,
7.9.2026,23:11:52.041,0.0,2.4,9.067,160.2,45,0.0,0.0,
7.9.2026,23:11:52.247,8.1,9.2,9.086,100.7,46,0.0,0.0,
7.9.2026,23:11:52.456,1.2,2.9,8.962,96.8,46,0.0,0.0,
7.9.2026,23:11:52.651,5.7,9.3,9.270,90.7,46,0.0,0.0,
7.9.2026,23:11:52.862,8.3,5.2,9.125,416.6,45,0.0,0.0,
7.9.2026,23:11:53.068,5.8,5.1,9.033,140.3,46,0.0,0.0,
7.9.2026,23:11:53.280,0.0,2.1,7.530,85.4,45,0.0,0.0,
7.9.2026,23:11:53.494,4.3,5.3,8.443,161.8,46,0.0,0.0,
7.9.2026,23:11:53.701,8.5,7.5,7.976,93.9,46,0.0,0.0,
7.9.2026,23:11:53.908,1.3,3.0,8.043,86.1,44,0.0,0.0,
7.9.2026,23:11:54.124,1.4,3.2,7.964,137.2,45,0.0,0.0,
7.9.2026,23:11:54.330,6.0,5.5,8.653,88.9,45,0.0,0.0,
7.9.2026,23:11:54.538,2.4,4.2,8.950,197.1,46,0.0,0.0,
7.9.2026,23:11:54.731,6.8,6.9,7.905,71.2,45,0.0,0.0,
7.9.2026,23:11:54.953,0.0,2.3,7.840,114.3,45,0.0,0.0,
7.9.2026,23:11:55.158,8.6,4.7,7.681,196.7,45,0.0,0.0,
7.9.2026,23:11:55.370,5.3,9.0,8.541,85.1,45,0.0,0.0,
7.9.2026,23:11:55.567,0.0,3.0,8.116,79.2,44,0.0,0.0,
7.9.2026,23:11:55.763,1.7,2.3,8.819,175.2,44,0.0,0.0,
7.9.2026,23:11:55.969,8.5,11.8,7.976,140.2,45,0.0,0.0,
7.9.2026,23:11:56.183,2.4,2.2,8.093,90.9,44,0.0,0.0,
7.9.2026,23:11:56.372,6.8,8.2,7.892,82.1,44,0.0,0.0,
7.9.2026,23:11:56.591,0.0,4.3,8.877,83.6,45,0.0,0.0,
7.9.2026,23:11:56.798,5.3,4.7,8.319,112.8,44,0.0,0.0,
7.9.2026,23:11:57.011,1.4,2.2,8.063,122.4,44,0.0,0.0,
7.9.2026,23:11:57.224,8.2,7.4,7.985,139.3,45,0.0,0.0,
7.9.2026,23:11:57.430,13.6,3.5,8.280,766.8,44,0.0,0.0,
7.9.2026,23:11:57.626,11.1,8.0,7.853,205.2,44,0.0,0.0,
7.9.2026,23:11:57.832,0.9,3.8,8.180,138.2,46,0.0,0.0,
7.9.2026,23:11:58.039,2.7,2.8,8.520,182.4,44,0.0,0.0,
7.9.2026,23:11:58.239,7.7,8.2,8.520,85.0,44,0.0,0.0,
7.9.2026,23:11:58.451,0.0,2.8,8.411,115.1,44,0.0,0.0,
7.9.2026,23:11:58.663,4.8,7.0,8.556,139.6,44,0.0,0.0,
7.9.2026,23:11:58.869,1.1,1.7,9.126,75.2,45,0.0,0.0,
7.9.2026,23:11:59.079,8.6,9.2,8.246,159.5,44,0.0,0.0,
7.9.2026,23:11:59.288,3.2,6.0,8.540,210.2,44,0.0,0.0,
7.9.2026,23:11:59.488,0.0,2.6,9.812,75.4,44,0.0,0.0,
7.9.2026,23:11:59.694,14.9,7.2,8.281,264.3,44,0.0,0.0,
7.9.2026,23:11:59.900,2.2,4.0,8.151,141.0,44,0.0,0.0,
7.9.2026,23:12:0.108,10.9,11.3,7.678,239.8,43,0.0,0.0,
7.9.2026,23:12:0.320,5.9,3.8,8.137,296.3,44,0.0,0.0,
7.9.2026,23:12:0.525,0.0,1.9,9.289,81.2,44,0.0,0.0,
7.9.2026,23:12:0.722,11.9,8.3,7.681,340.5,44,0.0,0.0,
7.9.2026,23:12:0.936,8.1,4.1,8.587,422.6,44,0.0,0.0,
7.9.2026,23:12:1.141,15.5,8.4,8.088,582.1,43,0.0,0.0,
7.9.2026,23:12:1.351,2.4,3.2,9.552,131.9,44,0.0,0.0,
7.9.2026,23:12:1.560,0.9,2.2,9.252,103.0,43,0.0,0.0,
7.9.2026,23:12:1.773,7.3,6.8,7.980,138.0,44,0.0,0.0,
7.9.2026,23:12:1.966,12.4,5.2,7.785,393.2,44,0.0,0.0,
7.9.2026,23:12:2.170,2.2,5.7,8.066,118.0,43,0.0,0.0,
7.9.2026,23:12:2.379,3.7,4.3,7.726,185.5,42,0.0,0.0,
7.9.2026,23:12:2.590,11.8,3.4,8.405,622.9,43,0.0,0.0,
7.9.2026,23:12:2.803,8.6,6.6,8.508,226.2,42,0.0,0.0,
7.9.2026,23:12:3.009,0.2,2.4,7.951,62.3,43,0.0,0.0,
7.9.2026,23:12:3.199,9.9,8.6,7.688,156.8,42,0.0,0.0,
7.9.2026,23:12:3.412,4.7,3.1,7.986,249.1,43,0.0,0.0,
7.9.2026,23:12:3.618,0.1,3.6,8.685,153.6,43,0.0,0.0,
7.9.2026,23:12:3.826,9.7,9.8,8.096,129.3,43,0.0,0.0,
7.9.2026,23:12:4.036,0.4,1.7,8.119,90.4,43,0.0,0.0,
7.9.2026,23:12:4.243,1.5,3.5,8.040,159.3,43,0.0,0.0,
7.9.2026,23:12:4.438,9.0,6.9,7.537,139.9,43,0.0,0.0,
7.9.2026,23:12:4.647,3.8,3.5,8.129,222.2,43,0.0,0.0,
7.9.2026,23:12:4.843,5.4,8.3,8.638,101.7,43,0.0,0.0,
7.9.2026,23:12:5.052,3.5,2.0,7.987,174.3,42,0.0,0.0,
7.9.2026,23:12:5.266,0.0,5.8,8.241,97.7,43,0.0,0.0,
7.9.2026,23:12:5.472,5.6,6.4,8.384,84.9,43,0.0,0.0,
7.9.2026,23:12:5.682,16.8,3.5,8.189,823.8,43,0.0,0.0,
7.9.2026,23:12:5.872,7.4,7.6,9.002,80.0,44,0.0,0.0,
7.9.2026,23:12:6.083,0.0,3.5,8.677,81.2,44,0.0,0.0,
7.9.2026,23:12:6.296,1.8,1.5,9.390,125.0,43,0.0,0.0,
7.9.2026,23:12:6.504,5.3,7.4,8.079,86.1,43,0.0,0.0,
7.9.2026,23:12:6.705,7.7,7.1,7.858,197.6,42,0.0,0.0,
7.9.2026,23:12:6.901,0.0,2.7,8.915,67.2,43,0.0,0.0,
7.9.2026,23:12:7.108,7.9,4.9,8.152,85.9,44,0.0,0.0,
7.9.2026,23:12:7.320,3.7,4.2,8.132,201.5,43,0.0,0.0,
7.9.2026,23:12:7.526,0.0,3.9,8.123,91.1,42,0.0,0.0,
7.9.2026,23:12:7.714,9.5,8.6,7.661,141.0,42,0.0,0.0,
7.9.2026,23:12:7.927,0.6,2.5,8.426,72.2,43,0.0,0.0,
7.9.2026,23:12:8.124,6.4,5.4,8.052,133.2,42,0.0,0.0,
7.9.2026,23:12:8.330,2.6,2.3,8.125,166.6,42,0.0,0.0,
7.9.2026,23:12:8.538,0.8,5.4,7.766,100.1,42,0.0,0.0,
7.9.2026,23:12:8.731,8.9,5.4,7.898,157.8,42,0.0,0.0,
7.9.2026,23:12:8.939,1.7,4.2,8.437,117.2,43,0.0,0.0,
7.9.2026,23:12:9.146,1.4,5.6,7.766,94.7,42,0.0,0.0,
7.9.2026,23:12:9.341,6.7,5.0,7.827,109.8,42,0.0,0.0,
7.9.2026,23:12:9.552,3.0,9.4,7.513,171.6,48,0.0,0.0,
7.9.2026,23:12:9.759,0.2,1.1,8.891,98.0,43,0.0,0.0,
7.9.2026,23:12:9.956,0.2,1.1,8.286,98.0,43,0.0,0.0,
7.9.2026,23:12:10.163,6.1,9.2,8.018,111.6,42,0.0,0.0,
7.9.2026,23:12:10.358,3.0,3.7,7.895,147.3,43,0.0,0.0,
7.9.2026,23:12:10.565,7.7,9.2,7.673,79.6,43,0.0,0.0,
7.9.2026,23:12:10.774,3.4,4.1,8.484,177.1,42,0.0,0.0,
7.9.2026,23:12:10.970,6.6,4.2,8.350,317.0,42,0.0,0.0,
7.9.2026,23:12:11.175,6.8,7.6,8.894,141.0,73,0.0,0.0,
7.9.2026,23:12:11.373,4.0,5.8,8.894,187.8,71,0.0,0.0,
7.9.2026,23:12:11.584,9.1,9.0,7.978,209.1,60,0.0,0.0,
7.9.2026,23:12:11.792,0.0,3.4,8.772,101.3,71,0.0,0.0,
7.9.2026,23:12:11.999,8.6,10.4,10.945,141.8,76,0.0,0.0,
7.9.2026,23:12:12.210,0.2,5.1,7.611,62.4,73,0.0,0.0,
7.9.2026,23:12:12.409,1.0,2.5,7.848,108.2,75,0.0,0.0,
7.9.2026,23:12:12.621,4.6,4.9,7.701,109.8,74,0.0,0.0,
7.9.2026,23:12:12.826,10.7,9.3,8.652,237.7,75,0.0,0.0,
7.9.2026,23:12:13.034,4.1,3.8,8.824,220.7,75,0.0,0.0,
7.9.2026,23:12:13.230,3.6,6.9,8.824,209.9,72,0.0,0.0,
7.9.2026,23:12:13.435,10.8,8.9,11.195,285.2,73,0.0,0.0,
7.9.2026,23:12:13.645,2.3,5.4,9.937,126.8,72,0.0,0.0,
7.9.2026,23:12:13.854,0.0,0.0,8.187,81.0,73,0.0,0.0,
7.9.2026,23:12:14.054,2.2,2.6,6.811,150.3,74,0.0,0.0,
7.9.2026,23:12:14.250,4.4,4.7,8.508,117.2,73,0.0,0.0,
7.9.2026,23:12:14.460,7.4,9.1,7.793,137.2,64,0.0,0.0,
7.9.2026,23:12:14.673,10.6,4.0,8.982,539.4,62,0.0,0.0,
7.9.2026,23:12:14.887,5.8,7.7,7.673,84.1,74,0.0,0.0,
7.9.2026,23:12:15.094,6.6,4.5,6.641,144.8,42,0.0,0.0,
7.9.2026,23:12:15.308,0.2,5.4,9.499,183.8,42,0.0,0.0,
7.9.2026,23:12:15.499,0.2,5.4,9.882,183.8,42,0.0,0.0,
7.9.2026,23:12:15.710,9.4,7.8,8.054,184.9,42,0.0,0.0,
7.9.2026,23:12:15.905,0.7,4.9,8.357,158.5,42,0.0,0.0,
7.9.2026,23:12:16.117,7.5,6.0,9.335,129.1,70,0.0,0.0,
7.9.2026,23:12:16.308,0.0,3.9,7.379,121.5,42,0.0,0.0,
7.9.2026,23:12:16.526,10.6,7.9,9.249,203.5,72,0.0,0.0,
7.9.2026,23:12:16.720,0.0,2.9,7.033,93.8,42,0.0,0.0,
7.9.2026,23:12:16.924,6.7,8.9,9.825,149.9,70,0.0,0.0,
7.9.2026,23:12:17.130,10.0,6.4,8.868,409.0,71,0.0,0.0,
7.9.2026,23:12:17.346,1.3,2.4,9.095,117.4,69,0.0,0.0,
7.9.2026,23:12:17.550,12.4,7.6,8.526,448.5,42,0.0,0.0,
7.9.2026,23:12:17.761,2.8,6.0,8.958,105.0,42,0.0,0.0,
7.9.2026,23:12:17.951,0.4,4.4,9.454,119.5,42,0.0,0.0,
7.9.2026,23:12:18.158,8.3,11.6,9.115,108.5,73,0.0,0.0,
7.9.2026,23:12:18.367,1.1,3.0,7.957,89.4,74,0.0,0.0,
7.9.2026,23:12:18.570,2.3,5.0,8.874,149.1,75,0.0,0.0,
7.9.2026,23:12:18.767,4.7,6.2,8.210,103.4,68,0.0,0.0,
7.9.2026,23:12:18.977,9.7,11.7,10.398,113.9,71,0.0,0.0,
7.9.2026,23:12:19.167,5.3,6.3,9.322,330.6,74,0.0,0.0,
7.9.2026,23:12:19.379,6.0,9.5,8.313,100.0,53,0.0,0.0,
7.9.2026,23:12:19.584,4.7,3.6,7.692,160.2,75,0.0,0.0,
7.9.2026,23:12:19.785,0.7,2.5,7.822,57.3,69,0.0,0.0,
7.9.2026,23:12:19.986,3.9,3.7,7.967,79.1,70,0.0,0.0,
7.9.2026,23:12:20.191,3.8,8.5,9.272,224.5,70,0.0,0.0,
7.9.2026,23:12:20.404,5.6,5.5,7.488,93.0,75,0.0,0.0,
7.9.2026,23:12:20.610,14.5,5.7,8.345,757.5,65,0.0,0.0,
7.9.2026,23:12:20.817,12.3,5.1,7.820,275.1,74,0.0,0.0,
7.9.2026,23:12:21.028,1.1,5.8,7.753,109.7,73,0.0,0.0,
7.9.2026,23:12:21.235,7.2,4.3,8.033,96.2,74,0.0,0.0,
7.9.2026,23:12:21.449,7.4,3.4,7.768,364.2,74,0.0,0.0,
7.9.2026,23:12:21.662,0.9,3.7,6.669,180.5,43,0.0,0.0,
7.9.2026,23:12:21.868,0.4,3.7,8.166,83.7,42,0.0,0.0,
7.9.2026,23:12:22.062,0.4,3.7,8.350,83.7,42,0.0,0.0,
7.9.2026,23:12:22.275,0.0,2.9,8.478,127.0,42,0.0,0.0,
7.9.2026,23:12:22.479,15.3,5.4,8.283,432.1,41,0.0,0.0,
7.9.2026,23:12:22.688,1.7,6.8,8.266,144.9,43,0.0,0.0,
7.9.2026,23:12:22.898,2.2,3.2,8.445,139.3,41,0.0,0.0,
7.9.2026,23:12:23.098,5.0,5.5,8.085,159.6,42,0.0,0.0,
7.9.2026,23:12:23.315,5.5,7.5,8.527,103.7,42,0.0,0.0,
7.9.2026,23:12:23.524,0.0,4.3,8.850,72.1,41,0.0,0.0,
7.9.2026,23:12:23.716,6.5,8.3,9.138,83.5,42,0.0,0.0,
7.9.2026,23:12:23.922,1.3,5.8,8.831,98.9,42,0.0,0.0,
7.9.2026,23:12:24.134,6.7,4.8,8.539,113.7,42,0.0,0.0,
7.9.2026,23:12:24.344,11.4,5.8,8.726,539.8,42,0.0,0.0,
7.9.2026,23:12:24.550,0.5,3.3,7.807,130.7,42,0.0,0.0,
7.9.2026,23:12:24.748,4.9,6.3,7.737,65.0,42,0.0,0.0,
7.9.2026,23:12:24.956,2.3,4.6,7.883,156.1,43,0.0,0.0,
7.9.2026,23:12:25.163,0.6,3.9,8.466,74.5,41,0.0,0.0,
7.9.2026,23:12:25.355,0.6,3.9,7.851,74.5,41,0.0,0.0,
7.9.2026,23:12:25.564,8.5,2.7,7.680,464.8,42,0.0,0.0,
7.9.2026,23:12:25.771,2.3,3.8,8.156,139.8,42,0.0,0.0,
7.9.2026,23:12:25.963,2.3,3.8,7.969,139.8,42,0.0,0.0,
7.9.2026,23:12:26.180,0.0,1.1,7.680,91.1,43,0.0,0.0,
7.9.2026,23:12:26.373,0.0,1.1,7.565,91.1,43,0.0,0.0,
7.9.2026,23:12:26.583,7.6,7.8,7.684,100.4,43,0.0,0.0,
7.9.2026,23:12:26.779,0.7,1.8,7.679,143.5,42,0.0,0.0,
7.9.2026,23:12:26.993,7.7,6.8,9.437,155.6,69,0.0,0.0,
7.9.2026,23:12:27.184,0.0,3.0,7.077,164.1,43,0.0,0.0,
7.9.2026,23:12:27.396,8.2,11.6,8.953,90.8,73,0.0,0.0,
7.9.2026,23:12:27.592,0.0,1.6,7.654,76.1,73,0.0,0.0,
7.9.2026,23:12:27.805,11.6,10.2,8.828,345.5,72,0.0,0.0,
7.9.2026,23:12:27.995,0.0,1.3,8.828,123.0,69,0.0,0.0,
7.9.2026,23:12:28.209,10.3,9.4,6.988,195.2,73,0.0,0.0,
7.9.2026,23:12:28.402,0.0,0.7,9.098,140.6,60,0.0,0.0,
7.9.2026,23:12:28.615,9.0,11.3,7.133,146.3,52,0.0,0.0,
7.9.2026,23:12:28.823,0.0,0.0,9.525,146.9,73,0.0,0.0,
7.9.2026,23:12:29.033,16.2,10.6,6.715,480.7,73,0.0,0.0,
7.9.2026,23:12:29.246,1.4,2.8,7.863,138.7,73,0.0,0.0,
7.9.2026,23:12:29.455,6.0,6.6,6.993,99.6,42,0.0,0.0,
7.9.2026,23:12:29.665,2.4,7.6,9.230,200.8,41,0.0,0.0,
7.9.2026,23:12:29.855,1.7,1.9,9.230,154.0,41,0.0,0.0,
7.9.2026,23:12:30.065,9.5,9.2,7.711,160.1,72,0.0,0.0,
7.9.2026,23:12:30.277,4.6,3.4,9.101,277.0,73,0.0,0.0,
7.9.2026,23:12:30.492,5.7,9.3,8.801,112.8,42,0.0,0.0,
7.9.2026,23:12:30.684,3.6,4.2,8.801,313.9,42,0.0,0.0,
7.9.2026,23:12:30.891,12.1,6.5,8.761,321.1,73,0.0,0.0,
7.9.2026,23:12:31.104,1.9,7.4,9.171,130.7,74,0.0,0.0,
7.9.2026,23:12:31.293,0.2,3.1,9.041,153.8,42,0.0,0.0,
7.9.2026,23:12:31.504,8.9,7.5,9.517,129.5,70,0.0,0.0,
7.9.2026,23:12:31.699,5.1,5.7,7.513,351.9,68,0.0,0.0,
7.9.2026,23:12:31.911,8.3,8.7,8.912,134.6,68,0.0,0.0,
7.9.2026,23:12:32.122,0.0,2.5,8.716,92.4,51,0.0,0.0,
7.9.2026,23:12:32.328,9.1,8.9,8.595,170.1,57,0.0,0.0,
7.9.2026,23:12:32.538,0.0,4.7,8.239,92.7,59,0.0,0.0,
7.9.2026,23:12:32.731,7.2,9.2,11.032,384.1,60,0.0,0.0,
7.9.2026,23:12:32.938,8.5,10.4,8.743,141.0,47,0.0,0.0,
7.9.2026,23:12:33.151,1.5,3.3,8.982,131.7,42,0.0,0.0,
7.9.2026,23:12:33.340,0.0,3.9,8.829,84.0,45,0.0,0.0,
7.9.2026,23:12:33.549,9.0,6.9,8.373,149.3,41,0.0,0.0,
7.9.2026,23:12:33.755,1.7,3.9,8.889,112.9,42,0.0,0.0,
7.9.2026,23:12:33.949,0.8,5.2,8.846,115.5,41,0.0,0.0,
7.9.2026,23:12:34.161,9.3,11.3,9.403,189.1,42,0.0,0.0,
7.9.2026,23:12:34.367,0.0,0.2,9.403,76.1,42,0.0,0.0,
7.9.2026,23:12:34.563,8.4,6.5,8.880,110.1,41,0.0,0.0,
7.9.2026,23:12:34.776,1.1,5.4,7.900,161.4,42,0.0,0.0,
7.9.2026,23:12:34.970,2.9,4.3,8.725,276.5,42,0.0,0.0,
7.9.2026,23:12:35.184,6.2,6.6,9.137,124.4,43,0.0,0.0,
7.9.2026,23:12:35.392,7.2,6.4,7.823,142.1,41,0.0,0.0,
7.9.2026,23:12:35.603,0.0,2.1,7.862,68.7,42,0.0,0.0,
7.9.2026,23:12:35.793,8.2,7.5,8.138,142.0,42,0.0,0.0,
7.9.2026,23:12:36.001,1.9,3.3,7.788,121.8,41,0.0,0.0,
7.9.2026,23:12:36.211,1.9,3.3,7.744,125.4,42,0.0,0.0,
7.9.2026,23:12:36.417,2.6,4.1,8.099,160.1,42,0.0,0.0,
7.9.2026,23:12:36.614,8.0,8.3,7.776,111.6,42,0.0,0.0,
7.9.2026,23:12:36.816,5.4,6.1,8.059,134.0,41,0.0,0.0,
7.9.2026,23:12:37.014,0.0,1.9,8.743,181.4,41,0.0,0.0,
7.9.2026,23:12:37.222,9.6,7.8,8.049,169.4,41,0.0,0.0,
7.9.2026,23:12:37.432,0.0,1.8,7.695,56.8,42,0.0,0.0,
7.9.2026,23:12:37.625,6.5,6.1,7.330,109.8,42,0.0,0.0,
7.9.2026,23:12:37.835,5.0,3.7,7.613,219.9,42,0.0,0.0,
7.9.2026,23:12:38.039,4.9,5.2,7.872,128.9,42,0.0,0.0,
7.9.2026,23:12:38.245,3.9,2.5,8.066,312.4,42,0.0,0.0,
7.9.2026,23:12:38.464,7.0,7.2,8.025,107.5,41,0.0,0.0,
7.9.2026,23:12:38.677,3.1,4.7,7.850,106.3,43,0.0,0.0,
7.9.2026,23:12:38.884,2.0,2.6,8.747,155.2,42,0.0,0.0,
7.9.2026,23:12:39.087,8.3,6.7,7.463,113.2,43,0.0,0.0,
7.9.2026,23:12:39.276,8.3,6.7,7.463,113.2,43,0.0,0.0,
7.9.2026,23:12:39.483,8.3,6.7,14.164,113.2,43,0.0,0.0,
7.9.2026,23:12:39.690,8.3,6.7,14.164,113.2,43,0.0,0.0,
7.9.2026,23:12:39.898,8.3,6.7,14.164,113.2,43,0.0,0.0,
7.9.2026,23:12:40.104,8.3,6.7,14.164,113.2,43,0.0,0.0,
7.9.2026,23:12:40.312,8.3,6.7,14.164,113.2,43,0.0,0.0,
7.9.2026,23:12:40.517,8.3,6.7,14.164,113.2,43,0.0,0.0,
7.9.2026,23:12:40.724,8.3,6.7,14.164,113.2,43,0.0,0.0,
7.9.2026,23:12:40.930,8.3,6.7,14.164,113.2,43,0.0,0.0,
7.9.2026,23:12:41.120,8.3,6.7,14.164,113.2,43,0.0,0.0,
7.9.2026,23:12:41.328,8.3,6.7,14.164,113.2,43,0.0,0.0,
7.9.2026,23:12:41.535,8.3,6.7,14.164,113.2,43,0.0,0.0,
7.9.2026,23:12:41.741,8.3,6.7,14.164,113.2,43,0.0,0.0,
7.9.2026,23:12:41.932,8.3,6.7,14.164,113.2,43,0.0,0.0,
7.9.2026,23:12:42.139,8.3,6.7,14.164,113.2,43,0.0,0.0,
7.9.2026,23:12:42.347,8.3,6.7,14.164,113.2,43,0.0,0.0,
7.9.2026,23:12:42.554,8.3,6.7,14.164,113.2,43,0.0,0.0,
7.9.2026,23:12:42.759,8.3,6.7,14.164,113.2,43,0.0,0.0,
7.9.2026,23:12:42.949,8.3,6.7,14.164,113.2,43,0.0,0.0,
7.9.2026,23:12:43.156,8.3,6.7,14.164,113.2,43,0.0,0.0,
7.9.2026,23:12:43.363,8.3,6.7,14.164,113.2,43,0.0,0.0,
7.9.2026,23:12:43.569,8.3,6.7,14.164,113.2,43,0.0,0.0,
7.9.2026,23:12:43.776,8.3,6.7,14.164,113.2,43,0.0,0.0,
7.9.2026,23:12:43.983,8.3,6.7,14.164,113.2,43,0.0,0.0,
7.9.2026,23:12:44.191,8.3,6.7,14.164,113.2,43,0.0,0.0,
7.9.2026,23:12:44.398,36.4,6.3,14.164,1694.8,75,0.0,0.0,
7.9.2026,23:12:44.602,36.4,6.3,14.164,1694.8,75,0.0,0.0,
7.9.2026,23:12:44.793,36.4,6.3,14.164,1694.8,75,0.0,0.0,
7.9.2026,23:12:45.000,36.4,6.3,14.164,1694.8,75,0.0,0.0,
7.9.2026,23:12:45.207,36.4,6.3,14.164,1694.8,75,0.0,0.0,
7.9.2026,23:12:45.415,36.4,6.3,14.164,1694.8,75,0.0,0.0,
7.9.2026,23:12:45.605,36.4,6.3,14.164,1694.8,75,0.0,0.0,
7.9.2026,23:12:45.812,36.4,6.3,14.164,1694.8,75,0.0,0.0,
7.9.2026,23:12:46.019,36.4,6.3,14.164,1694.8,75,0.0,0.0,
7.9.2026,23:12:46.226,36.4,6.3,14.164,1694.8,75,0.0,0.0,
7.9.2026,23:12:46.417,36.4,6.3,14.164,1694.8,75,0.0,0.0,
7.9.2026,23:12:46.624,36.4,6.3,14.164,1694.8,75,0.0,0.0,
7.9.2026,23:12:46.830,36.4,6.3,14.164,1694.8,75,0.0,0.0,
7.9.2026,23:12:47.038,36.4,6.3,14.164,1694.8,75,0.0,0.0,
7.9.2026,23:12:47.245,36.4,6.3,14.164,1694.8,75,0.0,0.0,
7.9.2026,23:12:47.453,36.4,6.3,14.164,1694.8,75,0.0,0.0,
7.9.2026,23:12:47.657,36.4,6.3,14.164,1694.8,75,0.0,0.0,
7.9.2026,23:12:47.864,36.4,6.3,14.164,1694.8,75,0.0,0.0,
7.9.2026,23:12:48.069,36.4,6.3,14.164,1694.8,75,0.0,0.0,
7.9.2026,23:12:48.276,36.4,6.3,14.164,1694.8,75,0.0,0.0,
7.9.2026,23:12:48.483,36.4,6.3,14.164,1694.8,75,0.0,0.0,
7.9.2026,23:12:48.690,36.4,6.3,14.164,1694.8,75,0.0,0.0,
7.9.2026,23:12:48.896,36.4,6.3,14.164,1694.8,75,0.0,0.0,
7.9.2026,23:12:49.103,36.4,6.3,14.164,1694.8,75,0.0,0.0,
7.9.2026,23:12:49.307,100.0,40.2,24.392,4396.0,83,0.0,0.0,
7.9.2026,23:12:49.514,100.0,40.2,24.392,4396.0,83,0.0,0.0,
7.9.2026,23:12:49.721,100.0,40.2,24.392,4396.0,83,0.0,0.0,
7.9.2026,23:12:49.928,100.0,40.2,24.392,4396.0,83,0.0,0.0,
7.9.2026,23:12:50.134,100.0,40.2,24.392,4396.0,83,0.0,0.0,
7.9.2026,23:12:50.340,100.0,40.2,24.392,4396.0,83,0.0,0.0,
7.9.2026,23:12:50.547,100.0,40.2,24.392,4396.0,83,0.0,0.0,
7.9.2026,23:12:50.755,100.0,40.2,24.392,4396.0,83,0.0,0.0,
7.9.2026,23:12:50.962,100.0,40.2,24.392,4396.0,83,0.0,0.0,
7.9.2026,23:12:51.153,100.0,40.2,24.392,4396.0,83,0.0,0.0,
7.9.2026,23:12:51.360,100.0,40.2,24.392,4396.0,83,0.0,0.0,
7.9.2026,23:12:51.564,100.0,40.2,24.392,4396.0,83,0.0,0.0,
7.9.2026,23:12:51.771,100.0,40.2,24.392,4396.0,83,0.0,0.0,
7.9.2026,23:12:51.978,100.0,40.2,24.392,4396.0,83,0.0,0.0,
7.9.2026,23:12:52.184,100.0,40.2,24.392,4396.0,83,0.0,0.0,
7.9.2026,23:12:52.391,100.0,40.2,24.392,4396.0,83,0.0,0.0,
7.9.2026,23:12:52.598,100.0,40.2,24.392,4396.0,83,0.0,0.0,
7.9.2026,23:12:52.805,100.0,40.2,24.392,4396.0,83,0.0,0.0,
7.9.2026,23:12:52.995,100.0,40.2,24.392,4396.0,83,0.0,0.0,
7.9.2026,23:12:53.202,100.0,40.2,24.392,4396.0,83,0.0,0.0,
7.9.2026,23:12:53.408,100.0,40.2,24.392,4396.0,83,0.0,0.0,
7.9.2026,23:12:53.615,100.0,40.2,24.392,4396.0,83,0.0,0.0,
7.9.2026,23:12:53.822,100.0,40.2,24.392,4396.0,83,0.0,0.0,
7.9.2026,23:12:54.029,100.0,15.6,24.392,4361.1,83,0.0,0.0,
7.9.2026,23:12:54.237,100.0,15.6,24.122,4361.1,83,0.0,0.0,
7.9.2026,23:12:54.444,100.0,15.6,24.122,4361.1,83,0.0,0.0,
7.9.2026,23:12:54.649,100.0,15.6,24.122,4361.1,83,0.0,0.0,
7.9.2026,23:12:54.839,100.0,15.6,24.122,4361.1,83,0.0,0.0,
7.9.2026,23:12:55.046,100.0,15.6,24.122,4361.1,83,0.0,0.0,
7.9.2026,23:12:55.252,100.0,15.6,24.122,4361.1,83,0.0,0.0,
7.9.2026,23:12:55.458,100.0,15.6,24.122,4361.1,83,0.0,0.0,
7.9.2026,23:12:55.664,100.0,15.6,24.122,4361.1,83,0.0,0.0,
7.9.2026,23:12:55.857,100.0,15.6,24.122,4361.1,83,0.0,0.0,
7.9.2026,23:12:56.063,100.0,15.6,24.122,4361.1,83,0.0,0.0,
7.9.2026,23:12:56.269,100.0,15.6,24.122,4361.1,83,0.0,0.0,
7.9.2026,23:12:56.475,100.0,15.6,24.122,4361.1,83,0.0,0.0,
7.9.2026,23:12:56.683,100.0,15.6,24.122,4361.1,83,0.0,0.0,
7.9.2026,23:12:56.890,100.0,15.6,24.122,4361.1,83,0.0,0.0,
7.9.2026,23:12:57.098,100.0,15.6,24.122,4361.1,83,0.0,0.0,
7.9.2026,23:12:57.305,100.0,15.6,24.122,4361.1,83,0.0,0.0,
7.9.2026,23:12:57.509,100.0,15.6,24.122,4361.1,83,0.0,0.0,
7.9.2026,23:12:57.716,100.0,15.6,24.122,4361.1,83,0.0,0.0,
7.9.2026,23:12:57.924,100.0,15.6,24.122,4361.1,83,0.0,0.0,
7.9.2026,23:12:58.132,100.0,15.6,24.122,4361.1,83,0.0,0.0,
7.9.2026,23:12:58.338,100.0,15.6,24.122,4361.1,83,0.0,0.0,
7.9.2026,23:12:58.544,100.0,15.6,24.122,4361.1,83,0.0,0.0,
7.9.2026,23:12:58.752,100.0,15.6,24.122,4361.1,83,0.0,0.0,
7.9.2026,23:12:58.959,100.0,15.6,24.122,4361.1,83,0.0,0.0,
7.9.2026,23:12:59.166,100.0,15.6,24.122,4361.1,83,0.0,0.0,
7.9.2026,23:12:59.372,100.0,15.6,24.122,4361.1,83,0.0,0.0,
7.9.2026,23:12:59.579,100.0,15.6,24.122,4361.1,83,0.0,0.0,
7.9.2026,23:12:59.786,100.0,15.6,24.122,4361.1,83,0.0,0.0,
7.9.2026,23:12:59.993,100.0,15.6,24.122,4361.1,83,0.0,0.0,
7.9.2026,23:13:0.184,100.0,15.6,24.122,4361.1,83,0.0,0.0,
7.9.2026,23:13:0.391,100.0,15.6,24.122,4361.1,83,0.0,0.0,
7.9.2026,23:13:0.597,100.0,15.6,24.122,4361.1,83,0.0,0.0,
7.9.2026,23:13:0.804,100.0,15.6,24.122,4361.1,83,0.0,0.0,
7.9.2026,23:13:0.995,100.0,15.6,24.122,4361.1,83,0.0,0.0,
7.9.2026,23:13:1.202,100.0,15.6,24.122,4361.1,83,0.0,0.0,
7.9.2026,23:13:1.409,100.0,15.6,24.122,4361.1,83,0.0,0.0,
7.9.2026,23:13:1.616,100.0,15.6,24.122,4361.1,83,0.0,0.0,
7.9.2026,23:13:1.823,100.0,15.6,24.122,4361.1,83,0.0,0.0,
7.9.2026,23:13:2.029,100.0,15.6,24.122,4361.1,83,0.0,0.0,
7.9.2026,23:13:2.236,100.0,15.6,24.122,4361.1,83,0.0,0.0,
7.9.2026,23:13:2.442,100.0,15.4,23.703,4335.6,83,0.0,0.0,
7.9.2026,23:13:2.649,100.0,15.4,23.703,4335.6,83,0.0,0.0,
7.9.2026,23:13:2.839,100.0,15.4,23.703,4335.6,83,0.0,0.0,
7.9.2026,23:13:3.046,100.0,15.4,23.703,4335.6,83,0.0,0.0,
7.9.2026,23:13:3.252,100.0,15.4,23.703,4335.6,83,0.0,0.0,
7.9.2026,23:13:3.459,100.0,15.4,23.703,4335.6,83,0.0,0.0,
7.9.2026,23:13:3.667,100.0,15.4,23.703,4335.6,83,0.0,0.0,
7.9.2026,23:13:3.874,100.0,15.4,23.703,4335.6,83,0.0,0.0,
7.9.2026,23:13:4.081,100.0,15.4,23.703,4335.6,83,0.0,0.0,
7.9.2026,23:13:4.288,100.0,15.4,23.703,4335.6,83,0.0,0.0,
7.9.2026,23:13:4.495,100.0,15.4,23.703,4335.6,83,0.0,0.0,
7.9.2026,23:13:4.702,100.0,15.4,23.703,4335.6,83,0.0,0.0,
7.9.2026,23:13:4.910,100.0,15.4,23.703,4335.6,83,0.0,0.0,
7.9.2026,23:13:5.116,100.0,15.4,23.703,4335.6,83,0.0,0.0,
7.9.2026,23:13:5.324,100.0,15.4,23.703,4335.6,83,0.0,0.0,
7.9.2026,23:13:5.514,100.0,15.4,23.703,4335.6,83,0.0,0.0,
7.9.2026,23:13:5.722,100.0,15.4,23.703,4335.6,83,0.0,0.0,
7.9.2026,23:13:5.929,100.0,15.4,23.703,4335.6,83,0.0,0.0,
7.9.2026,23:13:6.136,100.0,15.4,23.703,4335.6,83,0.0,0.0,
7.9.2026,23:13:6.327,100.0,15.4,23.703,4335.6,83,0.0,0.0,
7.9.2026,23:13:6.534,100.0,15.4,23.703,4335.6,83,0.0,0.0,
7.9.2026,23:13:6.739,100.0,15.4,23.703,4335.6,83,0.0,0.0,
7.9.2026,23:13:6.946,100.0,15.4,23.703,4335.6,83,0.0,0.0,
7.9.2026,23:13:7.136,100.0,15.4,23.703,4315.8,87,0.0,0.0,
7.9.2026,23:13:7.345,100.0,15.4,23.498,4315.8,87,0.0,0.0,
7.9.2026,23:13:7.550,100.0,15.4,23.498,4315.8,87,0.0,0.0,
7.9.2026,23:13:7.757,100.0,15.4,23.498,4315.8,87,0.0,0.0,
7.9.2026,23:13:7.963,100.0,15.4,23.498,4315.8,87,0.0,0.0,
7.9.2026,23:13:8.170,100.0,15.4,23.498,4315.8,87,0.0,0.0,
7.9.2026,23:13:8.377,100.0,15.4,23.498,4315.8,87,0.0,0.0,
7.9.2026,23:13:8.583,100.0,15.4,23.498,4315.8,87,0.0,0.0,
7.9.2026,23:13:8.791,100.0,15.4,23.498,4315.8,87,0.0,0.0,
7.9.2026,23:13:8.998,100.0,15.4,23.498,4315.8,87,0.0,0.0,
7.9.2026,23:13:9.204,100.0,15.4,23.498,4315.8,87,0.0,0.0,
7.9.2026,23:13:9.411,100.0,15.4,23.498,4315.8,87,0.0,0.0,
7.9.2026,23:13:9.618,100.0,15.4,23.498,4315.8,87,0.0,0.0,
7.9.2026,23:13:9.814,100.0,15.4,23.498,4315.8,87,0.0,0.0,
7.9.2026,23:13:10.016,100.0,15.4,23.498,4315.8,87,0.0,0.0,
7.9.2026,23:13:10.223,100.0,15.4,23.498,4315.8,87,0.0,0.0,
7.9.2026,23:13:10.430,100.0,15.4,23.498,4315.8,87,0.0,0.0,
7.9.2026,23:13:10.622,100.0,15.4,23.498,4315.8,87,0.0,0.0,
7.9.2026,23:13:10.829,100.0,15.4,23.498,4315.8,87,0.0,0.0,
7.9.2026,23:13:11.035,100.0,15.4,23.498,4315.8,87,0.0,0.0,
7.9.2026,23:13:11.241,100.0,15.4,23.498,4315.8,87,0.0,0.0,
7.9.2026,23:13:11.433,100.0,15.4,23.498,4315.8,87,0.0,0.0,
7.9.2026,23:13:11.639,100.0,15.4,23.498,4315.8,87,0.0,0.0,
7.9.2026,23:13:11.846,100.0,15.4,23.498,4315.8,87,0.0,0.0,
7.9.2026,23:13:12.053,100.0,15.7,23.469,4307.1,86,0.0,0.0,
7.9.2026,23:13:12.260,100.0,15.7,23.469,4307.1,86,0.0,0.0,
7.9.2026,23:13:12.467,100.0,15.7,23.469,4307.1,86,0.0,0.0,
7.9.2026,23:13:12.674,100.0,15.7,23.469,4307.1,86,0.0,0.0,
7.9.2026,23:13:12.881,100.0,15.7,23.469,4307.1,86,0.0,0.0,
7.9.2026,23:13:13.088,100.0,15.7,23.469,4307.1,86,0.0,0.0,
7.9.2026,23:13:13.295,100.0,15.7,23.469,4307.1,86,0.0,0.0,
7.9.2026,23:13:13.502,100.0,15.7,23.469,4307.1,86,0.0,0.0,
7.9.2026,23:13:13.709,100.0,15.7,23.469,4307.1,86,0.0,0.0,
7.9.2026,23:13:13.916,100.0,15.7,23.469,4307.1,86,0.0,0.0,
7.9.2026,23:13:14.107,100.0,15.7,23.469,4307.1,86,0.0,0.0,
7.9.2026,23:13:14.314,100.0,15.7,23.469,4307.1,86,0.0,0.0,
7.9.2026,23:13:14.522,100.0,15.7,23.469,4307.1,86,0.0,0.0,
7.9.2026,23:13:14.729,100.0,15.7,23.469,4307.1,86,0.0,0.0,
7.9.2026,23:13:14.919,100.0,15.7,23.469,4307.1,86,0.0,0.0,
7.9.2026,23:13:15.127,100.0,15.7,23.469,4307.1,86,0.0,0.0,
7.9.2026,23:13:15.334,100.0,15.7,23.469,4307.1,86,0.0,0.0,
7.9.2026,23:13:15.541,100.0,15.7,23.469,4307.1,86,0.0,0.0,
7.9.2026,23:13:15.731,100.0,15.7,23.469,4307.1,86,0.0,0.0,
7.9.2026,23:13:15.938,100.0,15.7,23.469,4307.1,86,0.0,0.0,
7.9.2026,23:13:16.146,100.0,15.7,23.469,4307.1,86,0.0,0.0,
7.9.2026,23:13:16.352,100.0,15.7,23.469,4307.1,86,0.0,0.0,
7.9.2026,23:13:16.543,100.0,15.7,23.469,4307.1,86,0.0,0.0,
7.9.2026,23:13:16.751,100.0,15.2,23.469,4308.4,85,0.0,0.0,
7.9.2026,23:13:16.958,100.0,15.2,23.270,4308.4,85,0.0,0.0,
7.9.2026,23:13:17.161,100.0,15.2,23.270,4308.4,85,0.0,0.0,
7.9.2026,23:13:17.367,100.0,15.2,23.270,4308.4,85,0.0,0.0,
7.9.2026,23:13:17.558,100.0,15.2,23.270,4308.4,85,0.0,0.0,
7.9.2026,23:13:17.765,100.0,15.2,23.270,4308.4,85,0.0,0.0,
7.9.2026,23:13:17.972,100.0,15.2,23.270,4308.4,85,0.0,0.0,
7.9.2026,23:13:18.179,100.0,15.2,23.270,4308.4,85,0.0,0.0,
7.9.2026,23:13:18.385,100.0,15.2,23.270,4308.4,85,0.0,0.0,
7.9.2026,23:13:18.593,100.0,15.2,23.270,4308.4,85,0.0,0.0,
7.9.2026,23:13:18.800,100.0,15.2,23.270,4308.4,85,0.0,0.0,
7.9.2026,23:13:19.007,100.0,15.2,23.270,4308.4,85,0.0,0.0,
7.9.2026,23:13:19.198,100.0,15.2,23.270,4308.4,85,0.0,0.0,
7.9.2026,23:13:19.405,100.0,15.2,23.475,4308.4,85,0.0,0.0,
7.9.2026,23:13:19.612,100.0,15.2,23.475,4308.4,85,0.0,0.0,
7.9.2026,23:13:19.819,100.0,15.2,23.475,4308.4,85,0.0,0.0,
7.9.2026,23:13:20.026,100.0,15.2,23.475,4308.4,85,0.0,0.0,
7.9.2026,23:13:20.233,100.0,15.2,23.475,4308.4,85,0.0,0.0,
7.9.2026,23:13:20.440,100.0,15.2,23.475,4308.4,85,0.0,0.0,
7.9.2026,23:13:20.647,100.0,15.2,23.475,4308.4,85,0.0,0.0,
7.9.2026,23:13:20.854,100.0,15.2,23.475,4308.4,85,0.0,0.0,
7.9.2026,23:13:21.061,100.0,15.2,23.475,4308.4,85,0.0,0.0,
7.9.2026,23:13:21.268,100.0,15.2,23.475,4308.4,85,0.0,0.0,
7.9.2026,23:13:21.473,100.0,15.2,23.475,4308.4,85,0.0,0.0,
7.9.2026,23:13:21.681,100.0,15.2,23.475,4308.4,85,0.0,0.0,
7.9.2026,23:13:21.871,100.0,15.2,23.475,4308.4,85,0.0,0.0,
7.9.2026,23:13:22.078,100.0,15.2,23.475,4308.4,85,0.0,0.0,
7.9.2026,23:13:22.286,100.0,15.2,23.475,4308.4,85,0.0,0.0,
7.9.2026,23:13:22.493,100.0,15.2,23.475,4308.4,85,0.0,0.0,
7.9.2026,23:13:22.683,100.0,15.2,23.475,4308.4,85,0.0,0.0,
7.9.2026,23:13:22.891,100.0,15.2,23.475,4308.4,85,0.0,0.0,
7.9.2026,23:13:23.098,100.0,15.2,23.475,4308.4,85,0.0,0.0,
7.9.2026,23:13:23.305,100.0,15.2,23.475,4308.4,85,0.0,0.0,
7.9.2026,23:13:23.509,100.0,15.2,23.475,4308.4,85,0.0,0.0,
7.9.2026,23:13:23.720,100.0,15.2,23.475,4308.4,85,0.0,0.0,
7.9.2026,23:13:23.926,100.0,15.2,23.475,4308.4,85,0.0,0.0,
7.9.2026,23:13:24.129,100.0,15.2,23.475,4308.4,85,0.0,0.0,
7.9.2026,23:13:24.336,100.0,15.2,23.475,4308.4,85,0.0,0.0,
7.9.2026,23:13:24.527,100.0,15.2,23.475,4308.4,85,0.0,0.0,
7.9.2026,23:13:24.733,100.0,15.2,23.475,4308.4,85,0.0,0.0,
7.9.2026,23:13:24.940,100.0,15.2,23.475,4308.4,85,0.0,0.0,
7.9.2026,23:13:25.147,100.0,14.5,23.475,4301.7,86,0.0,0.0,
7.9.2026,23:13:25.353,100.0,14.5,23.475,4301.7,86,0.0,0.0,
7.9.2026,23:13:25.560,100.0,14.5,23.475,4301.7,86,0.0,0.0,
7.9.2026,23:13:25.767,100.0,14.5,23.475,4301.7,86,0.0,0.0,
7.9.2026,23:13:25.974,100.0,14.5,23.475,4301.7,86,0.0,0.0,
7.9.2026,23:13:26.182,100.0,14.5,23.475,4301.7,86,0.0,0.0,
7.9.2026,23:13:26.372,100.0,14.5,23.475,4301.7,86,0.0,0.0,
7.9.2026,23:13:26.580,100.0,14.5,23.475,4301.7,86,0.0,0.0,
7.9.2026,23:13:26.787,100.0,14.5,23.475,4301.7,86,0.0,0.0,
7.9.2026,23:13:26.994,100.0,14.5,23.475,4301.7,86,0.0,0.0,
7.9.2026,23:13:27.185,100.0,14.5,23.475,4301.7,86,0.0,0.0,
7.9.2026,23:13:27.392,100.0,14.5,23.475,4301.7,86,0.0,0.0,
7.9.2026,23:13:27.597,100.0,14.5,23.475,4301.7,86,0.0,0.0,
7.9.2026,23:13:27.803,100.0,14.5,23.475,4301.7,86,0.0,0.0,
7.9.2026,23:13:27.997,100.0,14.5,23.475,4301.7,86,0.0,0.0,
7.9.2026,23:13:28.204,100.0,14.5,23.475,4301.7,86,0.0,0.0,
7.9.2026,23:13:28.409,100.0,14.5,23.475,4301.7,86,0.0,0.0,
7.9.2026,23:13:28.615,100.0,14.5,23.475,4301.7,86,0.0,0.0,
7.9.2026,23:13:28.822,100.0,14.5,23.475,4301.7,86,0.0,0.0,
7.9.2026,23:13:29.028,100.0,14.5,23.475,4301.7,86,0.0,0.0,
7.9.2026,23:13:29.235,100.0,14.5,23.475,4301.7,86,0.0,0.0,
7.9.2026,23:13:29.442,100.0,14.5,23.475,4301.7,86,0.0,0.0,
7.9.2026,23:13:29.649,100.0,14.5,23.475,4301.7,86,0.0,0.0,
7.9.2026,23:13:29.840,100.0,28.6,23.285,4303.0,81,0.0,0.0,
7.9.2026,23:13:30.047,100.0,28.6,23.285,4303.0,81,0.0,0.0,
7.9.2026,23:13:30.255,100.0,28.6,23.285,4303.0,81,0.0,0.0,
7.9.2026,23:13:30.462,100.0,28.6,23.285,4303.0,81,0.0,0.0,
7.9.2026,23:13:30.668,100.0,28.6,23.285,4303.0,81,0.0,0.0,
7.9.2026,23:13:30.875,100.0,28.6,23.285,4303.0,81,0.0,0.0,
7.9.2026,23:13:31.082,100.0,28.6,23.285,4303.0,81,0.0,0.0,
7.9.2026,23:13:31.289,100.0,28.6,23.285,4303.0,81,0.0,0.0,
7.9.2026,23:13:31.480,100.0,28.6,23.285,4303.0,81,0.0,0.0,
7.9.2026,23:13:31.686,100.0,28.6,23.285,4303.0,81,0.0,0.0,
7.9.2026,23:13:31.893,100.0,28.6,23.285,4303.0,81,0.0,0.0,
7.9.2026,23:13:32.099,100.0,28.6,23.285,4303.0,81,0.0,0.0,
7.9.2026,23:13:32.306,100.0,28.6,23.285,4303.0,81,0.0,0.0,
7.9.2026,23:13:32.512,100.0,28.6,23.285,4303.0,81,0.0,0.0,
7.9.2026,23:13:32.720,100.0,28.6,23.285,4303.0,81,0.0,0.0,
7.9.2026,23:13:32.926,100.0,28.6,23.285,4303.0,81,0.0,0.0,
7.9.2026,23:13:33.133,100.0,28.6,23.285,4303.0,81,0.0,0.0,
7.9.2026,23:13:33.324,100.0,28.6,23.285,4303.0,81,0.0,0.0,
7.9.2026,23:13:33.531,100.0,28.6,23.285,4303.0,81,0.0,0.0,
7.9.2026,23:13:33.738,100.0,28.6,23.285,4303.0,81,0.0,0.0,
7.9.2026,23:13:33.945,100.0,28.6,23.285,4303.0,81,0.0,0.0,
7.9.2026,23:13:34.136,100.0,28.6,23.285,4303.0,81,0.0,0.0,
7.9.2026,23:13:34.343,100.0,28.6,23.285,4303.0,81,0.0,0.0,
7.9.2026,23:13:34.549,100.0,28.6,23.285,4303.0,81,0.0,0.0,
7.9.2026,23:13:34.757,100.0,15.7,23.396,4301.1,86,0.0,0.0,
7.9.2026,23:13:34.964,100.0,15.7,23.396,4301.1,86,0.0,0.0,
7.9.2026,23:13:35.155,100.0,15.7,23.396,4301.1,86,0.0,0.0,
7.9.2026,23:13:35.362,100.0,15.7,23.396,4301.1,86,0.0,0.0,
7.9.2026,23:13:35.569,100.0,15.7,23.396,4301.1,86,0.0,0.0,
7.9.2026,23:13:35.776,100.0,15.7,23.396,4301.1,86,0.0,0.0,
7.9.2026,23:13:35.983,100.0,15.7,23.396,4301.1,86,0.0,0.0,
7.9.2026,23:13:36.190,100.0,15.7,23.396,4301.1,86,0.0,0.0,
7.9.2026,23:13:36.397,100.0,15.7,23.396,4301.1,86,0.0,0.0,
7.9.2026,23:13:36.601,100.0,15.7,23.396,4301.1,86,0.0,0.0,
7.9.2026,23:13:36.795,100.0,15.7,23.396,4301.1,86,0.0,0.0,
7.9.2026,23:13:36.998,100.0,15.7,23.396,4301.1,86,0.0,0.0,
7.9.2026,23:13:37.205,100.0,15.7,23.396,4301.1,86,0.0,0.0,
7.9.2026,23:13:37.411,100.0,15.7,23.396,4301.1,86,0.0,0.0,
7.9.2026,23:13:37.618,100.0,15.7,23.396,4301.1,86,0.0,0.0,
7.9.2026,23:13:37.809,100.0,15.7,23.396,4301.1,86,0.0,0.0,
7.9.2026,23:13:38.016,100.0,15.7,23.396,4301.1,86,0.0,0.0,
7.9.2026,23:13:38.224,100.0,15.7,23.396,4301.1,86,0.0,0.0,
7.9.2026,23:13:38.430,100.0,15.7,23.396,4301.1,86,0.0,0.0,
7.9.2026,23:13:38.621,100.0,15.7,23.396,4301.1,86,0.0,0.0,
7.9.2026,23:13:38.829,100.0,15.7,23.396,4301.1,86,0.0,0.0,
7.9.2026,23:13:39.036,100.0,15.7,23.396,4301.1,86,0.0,0.0,
7.9.2026,23:13:39.243,100.0,15.7,23.396,4301.1,86,0.0,0.0,
7.9.2026,23:13:39.432,100.0,50.7,23.331,4271.2,67,0.0,0.0,
7.9.2026,23:13:39.637,27.8,17.9,20.769,1118.2,62,0.0,0.0,
7.9.2026,23:13:39.847,13.6,12.3,15.231,622.2,53,0.0,0.0,
7.9.2026,23:13:40.057,6.5,4.8,9.341,382.9,52,0.0,0.0,
7.9.2026,23:13:40.252,8.4,6.2,8.813,134.2,52,0.0,0.0,
7.9.2026,23:13:40.458,2.1,4.9,9.766,240.5,52,0.0,0.0,
7.9.2026,23:13:40.665,0.4,3.3,8.999,64.3,51,0.0,0.0,
7.9.2026,23:13:40.855,9.2,8.9,9.342,130.6,51,0.0,0.0,
7.9.2026,23:13:41.063,4.9,6.7,10.469,253.8,50,0.0,0.0,
7.9.2026,23:13:41.271,1.4,3.9,8.490,82.8,50,0.0,0.0,
7.9.2026,23:13:41.465,5.8,6.8,9.259,100.5,50,0.0,0.0,
7.9.2026,23:13:41.673,3.8,5.9,8.851,162.9,50,0.0,0.0,
7.9.2026,23:13:41.876,0.5,3.0,8.813,134.7,50,0.0,0.0,
7.9.2026,23:13:42.088,4.2,4.8,10.040,228.1,50,0.0,0.0,
7.9.2026,23:13:42.292,8.9,10.3,9.058,78.4,50,0.0,0.0,
7.9.2026,23:13:42.502,1.4,4.2,9.147,106.0,50,0.0,0.0,
7.9.2026,23:13:42.708,0.3,3.3,8.665,81.1,51,0.0,0.0,
7.9.2026,23:13:42.915,3.3,3.7,9.206,182.1,49,0.0,0.0,
7.9.2026,23:13:43.106,9.0,7.6,8.579,124.7,50,0.0,0.0,
7.9.2026,23:13:43.317,16.1,5.4,9.535,793.4,52,0.0,0.0,
7.9.2026,23:13:43.522,1.6,3.0,9.196,137.8,49,0.0,0.0,
7.9.2026,23:13:43.718,7.2,7.5,9.196,143.9,49,0.0,0.0,
7.9.2026,23:13:43.932,0.0,1.3,8.472,126.0,49,0.0,0.0,
7.9.2026,23:13:44.139,9.4,6.9,7.974,136.2,49,0.0,0.0,
7.9.2026,23:13:44.345,2.6,4.1,8.272,133.2,49,0.0,0.0,
7.9.2026,23:13:44.556,0.0,2.7,7.926,69.3,49,0.0,0.0,
7.9.2026,23:13:44.747,0.0,2.7,8.041,69.3,49,0.0,0.0,
7.9.2026,23:13:44.953,0.0,2.7,8.041,69.3,49,0.0,0.0,
7.9.2026,23:13:45.159,0.0,2.7,8.041,69.3,49,0.0,0.0,
7.9.2026,23:13:45.366,0.0,2.7,21.379,69.3,49,0.0,0.0,
7.9.2026,23:13:45.570,0.0,2.7,21.379,69.3,49,0.0,0.0,
7.9.2026,23:13:45.762,0.0,2.7,21.379,69.3,49,0.0,0.0,
7.9.2026,23:13:45.973,0.0,2.7,21.379,69.3,49,0.0,0.0,
7.9.2026,23:13:46.171,0.0,2.7,21.379,69.3,49,0.0,0.0,
7.9.2026,23:13:46.377,0.0,2.7,21.379,69.3,49,0.0,0.0,
7.9.2026,23:13:46.583,0.0,2.7,21.379,69.3,49,0.0,0.0,
7.9.2026,23:13:46.789,0.0,2.7,21.379,69.3,49,0.0,0.0,
7.9.2026,23:13:46.979,0.0,2.7,21.379,69.3,49,0.0,0.0,
7.9.2026,23:13:47.184,0.0,2.7,21.379,69.3,49,0.0,0.0,
7.9.2026,23:13:47.389,0.0,2.7,21.379,69.3,49,0.0,0.0,
7.9.2026,23:13:47.594,0.0,2.7,21.379,69.3,49,0.0,0.0,
7.9.2026,23:13:47.799,0.0,2.7,21.379,69.3,49,0.0,0.0,
7.9.2026,23:13:48.005,0.0,2.7,21.379,69.3,49,0.0,0.0,
7.9.2026,23:13:48.211,0.0,2.7,21.379,69.3,49,0.0,0.0,
7.9.2026,23:13:48.400,0.0,2.7,21.379,69.3,49,0.0,0.0,
7.9.2026,23:13:48.606,0.0,2.7,21.379,69.3,49,0.0,0.0,
7.9.2026,23:13:48.812,0.0,2.7,21.379,69.3,49,0.0,0.0,
7.9.2026,23:13:49.025,0.0,2.7,21.379,69.3,49,0.0,0.0,
7.9.2026,23:13:49.222,0.0,2.7,21.379,69.3,49,0.0,0.0,
7.9.2026,23:13:49.429,0.0,2.7,21.379,69.3,49,0.0,0.0,
7.9.2026,23:13:49.634,0.0,2.7,21.379,69.3,49,0.0,0.0,
7.9.2026,23:13:49.824,0.0,2.7,21.379,69.3,49,0.0,0.0,
7.9.2026,23:13:50.030,0.0,2.7,21.379,69.3,49,0.0,0.0,
7.9.2026,23:13:50.237,0.0,2.7,21.379,69.3,49,0.0,0.0,
7.9.2026,23:13:50.442,85.4,12.0,21.379,3675.6,83,0.0,0.0,
7.9.2026,23:13:50.648,85.4,12.0,21.379,3675.6,83,0.0,0.0,
7.9.2026,23:13:50.838,85.4,12.0,21.379,3675.6,83,0.0,0.0,
7.9.2026,23:13:51.043,85.4,12.0,21.379,3675.6,83,0.0,0.0,
7.9.2026,23:13:51.250,85.4,12.0,21.379,3675.6,83,0.0,0.0,
7.9.2026,23:13:51.455,85.4,12.0,21.379,3675.6,83,0.0,0.0,
7.9.2026,23:13:51.660,85.4,12.0,21.379,3675.6,83,0.0,0.0,
7.9.2026,23:13:51.868,85.4,12.0,21.379,3675.6,83,0.0,0.0,
7.9.2026,23:13:52.079,85.4,12.0,21.379,3675.6,83,0.0,0.0,
7.9.2026,23:13:52.277,85.4,12.0,21.379,3675.6,83,0.0,0.0,
7.9.2026,23:13:52.484,85.4,12.0,21.379,3675.6,83,0.0,0.0,
7.9.2026,23:13:52.688,85.4,12.0,21.379,3675.6,83,0.0,0.0,
7.9.2026,23:13:52.896,85.4,12.0,21.379,3675.6,83,0.0,0.0,
7.9.2026,23:13:53.100,85.4,12.0,21.379,3675.6,83,0.0,0.0,
7.9.2026,23:13:53.305,85.4,12.0,21.379,3675.6,83,0.0,0.0,
7.9.2026,23:13:53.511,85.4,12.0,21.379,3675.6,83,0.0,0.0,
7.9.2026,23:13:53.704,85.4,12.0,21.379,3675.6,83,0.0,0.0,
7.9.2026,23:13:53.908,85.4,12.0,21.379,3675.6,83,0.0,0.0,
7.9.2026,23:13:54.113,85.4,12.0,21.379,3675.6,83,0.0,0.0,
7.9.2026,23:13:54.320,85.4,12.0,21.379,3675.6,83,0.0,0.0,
7.9.2026,23:13:54.511,85.4,12.0,21.379,3675.6,83,0.0,0.0,
7.9.2026,23:13:54.716,85.4,12.0,21.379,3675.6,83,0.0,0.0,
7.9.2026,23:13:54.924,85.4,12.0,21.379,3675.6,83,0.0,0.0,
7.9.2026,23:13:55.129,85.4,12.0,21.379,3675.6,83,0.0,0.0,
7.9.2026,23:13:55.336,100.0,46.8,23.268,4238.7,81,0.0,0.0,
7.9.2026,23:13:55.540,100.0,46.8,23.268,4238.7,81,0.0,0.0,
7.9.2026,23:13:55.731,100.0,46.8,23.268,4238.7,81,0.0,0.0,
7.9.2026,23:13:55.936,100.0,46.8,23.268,4238.7,81,0.0,0.0,
7.9.2026,23:13:56.141,100.0,46.8,23.268,4238.7,81,0.0,0.0,
7.9.2026,23:13:56.346,100.0,46.8,23.268,4238.7,81,0.0,0.0,
7.9.2026,23:13:56.552,100.0,46.8,23.268,4238.7,81,0.0,0.0,
7.9.2026,23:13:56.759,100.0,46.8,23.268,4238.7,81,0.0,0.0,
7.9.2026,23:13:56.949,100.0,46.8,23.268,4238.7,81,0.0,0.0,
7.9.2026,23:13:57.156,100.0,46.8,23.268,4238.7,81,0.0,0.0,
7.9.2026,23:13:57.374,100.0,46.8,23.268,4238.7,81,0.0,0.0,
7.9.2026,23:13:57.569,100.0,46.8,23.268,4238.7,81,0.0,0.0,
7.9.2026,23:13:57.773,100.0,46.8,23.268,4238.7,81,0.0,0.0,
7.9.2026,23:13:57.964,100.0,46.8,23.268,4238.7,81,0.0,0.0,
7.9.2026,23:13:58.170,100.0,46.8,23.268,4238.7,81,0.0,0.0,
7.9.2026,23:13:58.377,100.0,46.8,23.268,4238.7,81,0.0,0.0,
7.9.2026,23:13:58.583,100.0,46.8,23.268,4238.7,81,0.0,0.0,
7.9.2026,23:13:58.790,100.0,46.8,23.268,4238.7,81,0.0,0.0,
7.9.2026,23:13:58.979,100.0,46.8,23.268,4238.7,81,0.0,0.0,
7.9.2026,23:13:59.185,100.0,46.8,23.268,4238.7,81,0.0,0.0,
7.9.2026,23:13:59.395,100.0,46.8,23.268,4238.7,81,0.0,0.0,
7.9.2026,23:13:59.599,100.0,46.8,23.268,4238.7,81,0.0,0.0,
7.9.2026,23:13:59.804,100.0,46.8,23.268,4238.7,81,0.0,0.0,
7.9.2026,23:14:0.010,100.0,46.8,23.268,4238.7,81,0.0,0.0,
7.9.2026,23:14:0.215,100.0,15.9,23.211,4242.7,88,0.0,0.0,
7.9.2026,23:14:0.422,100.0,15.9,23.763,4242.7,88,0.0,0.0,
7.9.2026,23:14:0.628,100.0,15.9,23.763,4242.7,88,0.0,0.0,
7.9.2026,23:14:0.842,100.0,15.9,23.763,4242.7,88,0.0,0.0,
7.9.2026,23:14:1.044,100.0,15.9,23.763,4242.7,88,0.0,0.0,
7.9.2026,23:14:1.247,100.0,15.9,23.763,4242.7,88,0.0,0.0,
7.9.2026,23:14:1.453,100.0,15.9,23.763,4242.7,88,0.0,0.0,
7.9.2026,23:14:1.658,100.0,15.9,23.763,4242.7,88,0.0,0.0,
7.9.2026,23:14:1.865,100.0,15.9,23.763,4242.7,88,0.0,0.0,
7.9.2026,23:14:2.071,100.0,15.9,23.763,4242.7,88,0.0,0.0,
7.9.2026,23:14:2.263,100.0,15.9,23.763,4242.7,88,0.0,0.0,
7.9.2026,23:14:2.467,100.0,15.9,23.763,4242.7,88,0.0,0.0,
7.9.2026,23:14:2.673,100.0,15.9,23.763,4242.7,88,0.0,0.0,
7.9.2026,23:14:2.879,100.0,15.9,23.763,4242.7,88,0.0,0.0,
7.9.2026,23:14:3.085,100.0,15.9,23.763,4242.7,88,0.0,0.0,
7.9.2026,23:14:3.276,100.0,15.9,23.763,4242.7,88,0.0,0.0,
7.9.2026,23:14:3.482,100.0,15.9,23.763,4242.7,88,0.0,0.0,
7.9.2026,23:14:3.689,100.0,15.9,23.763,4242.7,88,0.0,0.0,
7.9.2026,23:14:3.893,100.0,15.9,23.763,4242.7,88,0.0,0.0,
7.9.2026,23:14:4.099,100.0,15.9,23.763,4242.7,88,0.0,0.0,
7.9.2026,23:14:4.304,100.0,15.9,23.763,4242.7,88,0.0,0.0,
7.9.2026,23:14:4.495,100.0,15.9,23.763,4242.7,88,0.0,0.0,
7.9.2026,23:14:4.700,100.0,15.9,23.763,4242.7,88,0.0,0.0,
7.9.2026,23:14:4.908,100.0,15.9,23.763,4242.7,88,0.0,0.0,
7.9.2026,23:14:5.112,100.0,15.9,23.763,4242.7,88,0.0,0.0,
7.9.2026,23:14:5.320,100.0,15.9,23.763,4242.7,88,0.0,0.0,
7.9.2026,23:14:5.522,100.0,15.9,23.763,4242.7,88,0.0,0.0,
7.9.2026,23:14:5.716,100.0,15.9,23.763,4242.7,88,0.0,0.0,
7.9.2026,23:14:5.919,100.0,15.9,23.763,4242.7,88,0.0,0.0,
7.9.2026,23:14:6.127,100.0,14.9,23.763,4258.7,85,0.0,0.0,
7.9.2026,23:14:6.331,100.0,14.9,23.763,4258.7,85,0.0,0.0,
7.9.2026,23:14:6.537,100.0,14.9,23.763,4258.7,85,0.0,0.0,
7.9.2026,23:14:6.742,100.0,14.9,23.763,4258.7,85,0.0,0.0,
7.9.2026,23:14:6.932,100.0,14.9,23.763,4258.7,85,0.0,0.0,
7.9.2026,23:14:7.154,100.0,14.9,23.763,4258.7,85,0.0,0.0,
7.9.2026,23:14:7.344,100.0,14.9,23.763,4258.7,85,0.0,0.0,
7.9.2026,23:14:7.550,100.0,14.9,23.763,4258.7,85,0.0,0.0,
7.9.2026,23:14:7.756,100.0,14.9,23.763,4258.7,85,0.0,0.0,
7.9.2026,23:14:7.963,100.0,14.9,23.763,4258.7,85,0.0,0.0,
7.9.2026,23:14:8.152,100.0,14.9,23.763,4258.7,85,0.0,0.0,
7.9.2026,23:14:8.358,100.0,14.9,23.763,4258.7,85,0.0,0.0,
7.9.2026,23:14:8.564,100.0,14.9,23.763,4258.7,85,0.0,0.0,
7.9.2026,23:14:8.771,100.0,14.9,23.763,4258.7,85,0.0,0.0,
7.9.2026,23:14:8.977,100.0,14.9,23.763,4258.7,85,0.0,0.0,
7.9.2026,23:14:9.167,100.0,14.9,23.763,4258.7,85,0.0,0.0,
7.9.2026,23:14:9.373,100.0,14.9,23.763,4258.7,85,0.0,0.0,
7.9.2026,23:14:9.579,100.0,14.9,23.763,4258.7,85,0.0,0.0,
7.9.2026,23:14:9.786,100.0,14.9,23.763,4258.7,85,0.0,0.0,
7.9.2026,23:14:9.993,100.0,14.9,23.763,4258.7,85,0.0,0.0,
7.9.2026,23:14:10.184,100.0,14.9,23.763,4258.7,85,0.0,0.0,
7.9.2026,23:14:10.390,100.0,14.9,23.763,4258.7,85,0.0,0.0,
7.9.2026,23:14:10.596,100.0,14.9,23.763,4258.7,85,0.0,0.0,
7.9.2026,23:14:10.801,100.0,14.9,23.763,4258.7,85,0.0,0.0,
7.9.2026,23:14:11.007,100.0,14.9,23.763,4258.7,85,0.0,0.0,
7.9.2026,23:14:11.210,100.0,14.9,23.763,4258.7,85,0.0,0.0,
7.9.2026,23:14:11.404,100.0,14.9,23.763,4258.7,85,0.0,0.0,
7.9.2026,23:14:11.609,100.0,14.9,23.763,4258.7,85,0.0,0.0,
7.9.2026,23:14:11.817,100.0,14.9,23.763,4258.7,85,0.0,0.0,
7.9.2026,23:14:12.021,100.0,14.9,23.763,4258.7,85,0.0,0.0,
7.9.2026,23:14:12.228,100.0,27.8,23.238,4227.4,86,0.0,0.0,
7.9.2026,23:14:12.417,100.0,27.8,23.238,4227.4,86,0.0,0.0,
7.9.2026,23:14:12.625,100.0,27.8,23.238,4227.4,86,0.0,0.0,
7.9.2026,23:14:12.830,100.0,27.8,23.238,4227.4,86,0.0,0.0,
7.9.2026,23:14:13.037,100.0,27.8,23.238,4227.4,86,0.0,0.0,
7.9.2026,23:14:13.241,100.0,27.8,23.238,4227.4,86,0.0,0.0,
7.9.2026,23:14:13.447,100.0,27.8,23.238,4227.4,86,0.0,0.0,
7.9.2026,23:14:13.652,100.0,27.8,23.238,4227.4,86,0.0,0.0,
7.9.2026,23:14:13.858,100.0,27.8,23.238,4227.4,86,0.0,0.0,
7.9.2026,23:14:14.064,100.0,27.8,23.238,4227.4,86,0.0,0.0,
7.9.2026,23:14:14.270,100.0,27.8,23.238,4227.4,86,0.0,0.0,
7.9.2026,23:14:14.475,100.0,27.8,23.238,4227.4,86,0.0,0.0,
7.9.2026,23:14:14.681,100.0,27.8,23.238,4227.4,86,0.0,0.0,
7.9.2026,23:14:14.887,100.0,27.8,23.238,4227.4,86,0.0,0.0,
7.9.2026,23:14:15.093,100.0,27.8,23.238,4227.4,86,0.0,0.0,
7.9.2026,23:14:15.299,100.0,27.8,23.238,4227.4,86,0.0,0.0,
7.9.2026,23:14:15.506,100.0,27.8,23.238,4227.4,86,0.0,0.0,
7.9.2026,23:14:15.712,100.0,27.8,23.238,4227.4,86,0.0,0.0,
7.9.2026,23:14:15.902,100.0,27.8,23.238,4227.4,86,0.0,0.0,
7.9.2026,23:14:16.109,100.0,27.8,23.238,4227.4,86,0.0,0.0,
7.9.2026,23:14:16.314,100.0,27.8,23.238,4227.4,86,0.0,0.0,
7.9.2026,23:14:16.522,100.0,27.8,23.238,4227.4,86,0.0,0.0,
7.9.2026,23:14:16.727,100.0,27.8,23.238,4227.4,86,0.0,0.0,
7.9.2026,23:14:16.917,100.0,15.7,23.238,4265.3,82,0.0,0.0,
7.9.2026,23:14:17.123,100.0,15.7,23.203,4265.3,82,0.0,0.0,
7.9.2026,23:14:17.329,100.0,15.7,23.203,4265.3,82,0.0,0.0,
7.9.2026,23:14:17.534,100.0,15.7,23.203,4265.3,82,0.0,0.0,
7.9.2026,23:14:17.741,100.0,15.7,23.203,4265.3,82,0.0,0.0,
7.9.2026,23:14:17.945,100.0,15.7,23.203,4265.3,82,0.0,0.0,
7.9.2026,23:14:18.136,100.0,15.7,23.203,4265.3,82,0.0,0.0,
7.9.2026,23:14:18.341,100.0,15.7,23.203,4265.3,82,0.0,0.0,
7.9.2026,23:14:18.546,100.0,15.7,23.203,4265.3,82,0.0,0.0,
7.9.2026,23:14:18.752,100.0,15.7,23.203,4265.3,82,0.0,0.0,
7.9.2026,23:14:18.958,100.0,15.7,23.203,4265.3,82,0.0,0.0,
7.9.2026,23:14:19.165,100.0,15.7,23.203,4265.3,82,0.0,0.0,
7.9.2026,23:14:19.353,100.0,15.7,23.203,4265.3,82,0.0,0.0,
7.9.2026,23:14:19.561,100.0,15.7,23.203,4265.3,82,0.0,0.0,
7.9.2026,23:14:19.765,100.0,15.7,23.203,4265.3,82,0.0,0.0,
7.9.2026,23:14:19.970,100.0,15.7,23.203,4265.3,82,0.0,0.0,
7.9.2026,23:14:20.177,100.0,15.7,23.203,4265.3,82,0.0,0.0,
7.9.2026,23:14:20.369,100.0,15.7,23.203,4265.3,82,0.0,0.0,
7.9.2026,23:14:20.572,100.0,15.7,23.203,4265.3,82,0.0,0.0,
7.9.2026,23:14:20.779,100.0,15.7,23.203,4265.3,82,0.0,0.0,
7.9.2026,23:14:20.986,100.0,15.7,23.203,4265.3,82,0.0,0.0,
7.9.2026,23:14:21.191,100.0,15.7,23.203,4265.3,82,0.0,0.0,
7.9.2026,23:14:21.399,100.0,15.7,23.203,4265.3,82,0.0,0.0,
7.9.2026,23:14:21.603,100.0,15.7,23.203,4265.3,82,0.0,0.0,
7.9.2026,23:14:21.810,100.0,15.5,23.067,4223.2,86,0.0,0.0,
7.9.2026,23:14:22.014,100.0,15.5,27.061,4223.2,86,0.0,0.0,
7.9.2026,23:14:22.221,100.0,15.5,27.061,4223.2,86,0.0,0.0,
7.9.2026,23:14:22.426,100.0,15.5,27.061,4223.2,86,0.0,0.0,
7.9.2026,23:14:22.633,100.0,15.5,27.061,4223.2,86,0.0,0.0,
7.9.2026,23:14:22.837,100.0,15.5,27.061,4223.2,86,0.0,0.0,
7.9.2026,23:14:23.046,100.0,15.5,27.061,4223.2,86,0.0,0.0,
7.9.2026,23:14:23.251,100.0,15.5,27.061,4223.2,86,0.0,0.0,
7.9.2026,23:14:23.458,100.0,15.5,27.061,4223.2,86,0.0,0.0,
7.9.2026,23:14:23.669,100.0,15.5,27.061,4223.2,86,0.0,0.0,
7.9.2026,23:14:23.871,100.0,15.5,27.061,4223.2,86,0.0,0.0,
7.9.2026,23:14:24.075,100.0,15.5,27.061,4223.2,86,0.0,0.0,
7.9.2026,23:14:24.281,100.0,15.5,27.061,4223.2,86,0.0,0.0,
7.9.2026,23:14:24.488,100.0,15.5,27.061,4223.2,86,0.0,0.0,
7.9.2026,23:14:24.696,100.0,15.5,27.061,4223.2,86,0.0,0.0,
7.9.2026,23:14:24.900,100.0,15.5,27.061,4223.2,86,0.0,0.0,
7.9.2026,23:14:25.105,100.0,15.5,27.061,4223.2,86,0.0,0.0,
7.9.2026,23:14:25.312,100.0,15.5,27.061,4223.2,86,0.0,0.0,
7.9.2026,23:14:25.518,100.0,15.5,27.061,4223.2,86,0.0,0.0,
7.9.2026,23:14:25.725,100.0,15.5,27.061,4223.2,86,0.0,0.0,
7.9.2026,23:14:25.931,100.0,15.5,27.061,4223.2,86,0.0,0.0,
7.9.2026,23:14:26.121,100.0,15.5,27.061,4223.2,86,0.0,0.0,
7.9.2026,23:14:26.329,100.0,15.5,27.061,4223.2,86,0.0,0.0,
7.9.2026,23:14:26.535,100.0,15.5,27.061,4223.2,86,0.0,0.0,
7.9.2026,23:14:26.741,100.0,14.8,27.061,4117.4,83,0.0,0.0,
7.9.2026,23:14:26.947,100.0,14.8,27.061,4117.4,83,0.0,0.0,
7.9.2026,23:14:27.153,100.0,14.8,27.061,4117.4,83,0.0,0.0,
7.9.2026,23:14:27.358,100.0,14.8,27.061,4117.4,83,0.0,0.0,
7.9.2026,23:14:27.565,100.0,14.8,27.061,4117.4,83,0.0,0.0,
7.9.2026,23:14:27.769,100.0,14.8,27.061,4117.4,83,0.0,0.0,
7.9.2026,23:14:27.977,100.0,14.8,27.061,4117.4,83,0.0,0.0,
7.9.2026,23:14:28.181,100.0,14.8,27.061,4117.4,83,0.0,0.0,
7.9.2026,23:14:28.390,100.0,14.8,27.061,4117.4,83,0.0,0.0,
7.9.2026,23:14:28.595,100.0,14.8,27.061,4117.4,83,0.0,0.0,
7.9.2026,23:14:28.799,100.0,14.8,27.061,4117.4,83,0.0,0.0,
7.9.2026,23:14:29.006,100.0,14.8,27.061,4117.4,83,0.0,0.0,
7.9.2026,23:14:29.211,100.0,14.8,27.061,4117.4,83,0.0,0.0,
7.9.2026,23:14:29.401,100.0,14.8,27.061,4117.4,83,0.0,0.0,
7.9.2026,23:14:29.606,100.0,14.8,27.061,4117.4,83,0.0,0.0,
7.9.2026,23:14:29.813,100.0,14.8,27.061,4117.4,83,0.0,0.0,
7.9.2026,23:14:30.017,100.0,14.8,27.061,4117.4,83,0.0,0.0,
7.9.2026,23:14:30.225,100.0,14.8,27.061,4117.4,83,0.0,0.0,
7.9.2026,23:14:30.429,100.0,14.8,27.061,4117.4,83,0.0,0.0,
7.9.2026,23:14:30.633,100.0,14.8,27.061,4117.4,83,0.0,0.0,
7.9.2026,23:14:30.824,100.0,14.8,27.061,4117.4,83,0.0,0.0,
7.9.2026,23:14:31.029,100.0,14.8,27.061,4117.4,83,0.0,0.0,
7.9.2026,23:14:31.235,100.0,14.8,27.061,4117.4,83,0.0,0.0,
7.9.2026,23:14:31.445,100.0,14.8,27.061,4117.4,83,0.0,0.0,
7.9.2026,23:14:31.649,100.0,33.8,27.061,4244.6,83,0.0,0.0,
7.9.2026,23:14:31.837,100.0,33.8,23.066,4244.6,83,0.0,0.0,
7.9.2026,23:14:32.044,100.0,33.8,23.066,4244.6,83,0.0,0.0,
7.9.2026,23:14:32.252,100.0,33.8,23.066,4244.6,83,0.0,0.0,
7.9.2026,23:14:32.457,100.0,33.8,23.066,4244.6,83,0.0,0.0,
7.9.2026,23:14:32.664,100.0,33.8,23.066,4244.6,83,0.0,0.0,
7.9.2026,23:14:32.868,100.0,33.8,23.066,4244.6,83,0.0,0.0,
7.9.2026,23:14:33.068,100.0,33.8,23.066,4244.6,83,0.0,0.0,
7.9.2026,23:14:33.266,100.0,33.8,23.066,4244.6,83,0.0,0.0,
7.9.2026,23:14:33.473,100.0,33.8,23.066,4244.6,83,0.0,0.0,
7.9.2026,23:14:33.678,100.0,33.8,23.066,4244.6,83,0.0,0.0,
7.9.2026,23:14:33.885,100.0,33.8,23.066,4244.6,83,0.0,0.0,
7.9.2026,23:14:34.075,100.0,33.8,23.066,4244.6,83,0.0,0.0,
7.9.2026,23:14:34.280,100.0,33.8,23.066,4244.6,83,0.0,0.0,
7.9.2026,23:14:34.486,100.0,33.8,23.066,4244.6,83,0.0,0.0,
7.9.2026,23:14:34.692,100.0,33.8,23.066,4244.6,83,0.0,0.0,
7.9.2026,23:14:34.898,100.0,33.8,23.066,4244.6,83,0.0,0.0,
7.9.2026,23:14:35.088,100.0,33.8,23.066,4244.6,83,0.0,0.0,
7.9.2026,23:14:35.294,100.0,33.8,23.066,4244.6,83,0.0,0.0,
7.9.2026,23:14:35.500,100.0,33.8,23.066,4244.6,83,0.0,0.0,
7.9.2026,23:14:35.712,100.0,33.8,23.066,4244.6,83,0.0,0.0,
7.9.2026,23:14:35.911,100.0,33.8,23.066,4244.6,83,0.0,0.0,
7.9.2026,23:14:36.117,100.0,33.8,23.066,4244.6,83,0.0,0.0,
7.9.2026,23:14:36.309,100.0,33.8,23.066,4244.6,83,0.0,0.0,
7.9.2026,23:14:36.513,100.0,15.6,23.130,4235.0,86,0.0,0.0,
7.9.2026,23:14:36.718,100.0,15.6,23.130,4235.0,86,0.0,0.0,
7.9.2026,23:14:36.924,100.0,15.6,23.130,4235.0,86,0.0,0.0,
7.9.2026,23:14:37.129,100.0,15.6,23.130,4235.0,86,0.0,0.0,
7.9.2026,23:14:37.336,100.0,15.6,23.130,4235.0,86,0.0,0.0,
7.9.2026,23:14:37.541,100.0,15.6,23.130,4235.0,86,0.0,0.0,
7.9.2026,23:14:37.745,100.0,15.6,23.130,4235.0,86,0.0,0.0,
7.9.2026,23:14:37.952,100.0,15.6,23.130,4235.0,86,0.0,0.0,
7.9.2026,23:14:38.157,100.0,15.6,23.130,4235.0,86,0.0,0.0,
7.9.2026,23:14:38.363,100.0,15.6,23.130,4235.0,86,0.0,0.0,
7.9.2026,23:14:38.568,100.0,15.6,23.130,4235.0,86,0.0,0.0,
7.9.2026,23:14:38.776,100.0,15.6,23.130,4235.0,86,0.0,0.0,
7.9.2026,23:14:38.964,100.0,15.6,23.130,4235.0,86,0.0,0.0,
7.9.2026,23:14:39.171,100.0,15.6,23.130,4235.0,86,0.0,0.0,
7.9.2026,23:14:39.376,100.0,15.6,23.130,4235.0,86,0.0,0.0,
7.9.2026,23:14:39.584,100.0,15.6,23.130,4235.0,86,0.0,0.0,
7.9.2026,23:14:39.788,100.0,15.6,23.130,4235.0,86,0.0,0.0,
7.9.2026,23:14:39.995,100.0,15.6,23.130,4235.0,86,0.0,0.0,
7.9.2026,23:14:40.183,100.0,15.6,23.130,4235.0,86,0.0,0.0,
7.9.2026,23:14:40.390,100.0,15.6,23.130,4235.0,86,0.0,0.0,
7.9.2026,23:14:40.593,100.0,15.6,23.130,4235.0,86,0.0,0.0,
7.9.2026,23:14:40.799,100.0,15.6,23.130,4235.0,86,0.0,0.0,
7.9.2026,23:14:41.005,100.0,15.6,23.130,4235.0,86,0.0,0.0,
7.9.2026,23:14:41.211,100.0,15.6,23.197,4258.5,87,0.0,0.0,
7.9.2026,23:14:41.400,100.0,15.6,23.197,4258.5,87,0.0,0.0,
7.9.2026,23:14:41.606,100.0,15.6,23.197,4258.5,87,0.0,0.0,
7.9.2026,23:14:41.812,100.0,15.6,23.197,4258.5,87,0.0,0.0,
7.9.2026,23:14:42.019,100.0,15.6,23.197,4258.5,87,0.0,0.0,
7.9.2026,23:14:42.227,100.0,15.6,23.197,4258.5,87,0.0,0.0,
7.9.2026,23:14:42.417,100.0,15.6,23.197,4258.5,87,0.0,0.0,
7.9.2026,23:14:42.623,100.0,15.6,23.197,4258.5,87,0.0,0.0,
7.9.2026,23:14:42.829,100.0,15.6,23.197,4258.5,87,0.0,0.0,
7.9.2026,23:14:43.034,100.0,15.6,23.197,4258.5,87,0.0,0.0,
7.9.2026,23:14:43.240,100.0,15.6,23.197,4258.5,87,0.0,0.0,
7.9.2026,23:14:43.447,100.0,15.6,23.197,4258.5,87,0.0,0.0,
7.9.2026,23:14:43.653,100.0,15.6,23.197,4258.5,87,0.0,0.0,
7.9.2026,23:14:43.858,100.0,15.6,23.197,4258.5,87,0.0,0.0,
7.9.2026,23:14:44.062,100.0,15.6,23.197,4258.5,87,0.0,0.0,
7.9.2026,23:14:44.267,100.0,15.6,23.197,4258.5,87,0.0,0.0,
7.9.2026,23:14:44.473,100.0,15.6,23.197,4258.5,87,0.0,0.0,
7.9.2026,23:14:44.680,100.0,15.6,23.197,4258.5,87,0.0,0.0,
7.9.2026,23:14:44.885,100.0,15.6,23.197,4258.5,87,0.0,0.0,
7.9.2026,23:14:45.092,100.0,15.6,23.197,4258.5,87,0.0,0.0,
7.9.2026,23:14:45.306,81.7,71.4,21.153,623.9,74,0.0,0.0,
7.9.2026,23:14:45.496,0.0,2.6,8.605,93.3,82,0.0,0.0,
7.9.2026,23:14:45.707,8.2,9.4,8.600,91.0,56,0.0,0.0,
7.9.2026,23:14:45.914,6.6,3.2,8.420,376.3,53,0.0,0.0,
7.9.2026,23:14:46.109,2.4,2.9,7.941,169.6,51,0.0,0.0,
7.9.2026,23:14:46.317,9.9,9.4,8.254,191.8,51,0.0,0.0,
7.9.2026,23:14:46.511,0.0,3.4,7.957,65.6,50,0.0,0.0,
7.9.2026,23:14:46.723,7.0,6.5,8.250,97.5,51,0.0,0.0,
7.9.2026,23:14:46.928,1.1,4.0,8.474,127.0,50,0.0,0.0,
7.9.2026,23:14:47.124,0.9,3.8,8.474,95.5,49,0.0,0.0,
7.9.2026,23:14:47.329,8.4,10.1,7.598,143.1,49,0.0,0.0,
7.9.2026,23:14:47.543,1.4,4.5,7.913,89.9,49,0.0,0.0,
7.9.2026,23:14:47.748,5.6,7.3,7.810,78.3,48,0.0,0.0,
7.9.2026,23:14:47.961,6.9,4.8,8.055,386.1,49,0.0,0.0,
7.9.2026,23:14:48.152,2.3,3.1,8.426,234.6,49,0.0,0.0,
7.9.2026,23:14:48.361,9.8,6.3,8.198,168.1,49,0.0,0.0,
7.9.2026,23:14:48.566,0.0,3.3,8.497,84.7,49,0.0,0.0,
7.9.2026,23:14:48.772,6.0,7.1,7.743,129.8,49,0.0,0.0,
7.9.2026,23:14:48.968,1.0,4.0,8.140,136.5,48,0.0,0.0,
7.9.2026,23:14:49.184,10.2,5.1,7.830,383.9,57,0.0,0.0,
7.9.2026,23:14:49.396,9.7,5.8,8.751,213.5,48,0.0,0.0,
7.9.2026,23:14:49.609,0.0,4.1,7.958,105.9,48,0.0,0.0,
7.9.2026,23:14:49.822,4.8,5.2,7.800,71.8,48,0.0,0.0,
7.9.2026,23:14:50.027,6.5,7.5,7.740,176.4,48,0.0,0.0,
7.9.2026,23:14:50.242,3.1,4.4,8.474,79.3,48,0.0,0.0,
7.9.2026,23:14:50.445,0.0,2.5,7.957,135.8,49,0.0,0.0,
7.9.2026,23:14:50.658,2.6,5.7,7.949,97.0,49,0.0,0.0,
7.9.2026,23:14:50.863,7.9,6.8,7.907,177.8,49,0.0,0.0,
7.9.2026,23:14:51.070,1.2,2.9,7.818,80.7,48,0.0,0.0,
7.9.2026,23:14:51.264,12.1,11.2,7.533,284.3,48,0.0,0.0,
7.9.2026,23:14:51.468,2.3,2.2,9.180,146.8,48,0.0,0.0,
7.9.2026,23:14:51.676,15.1,3.8,8.221,723.4,48,0.0,0.0,
7.9.2026,23:14:51.894,2.9,2.2,7.847,182.0,47,0.0,0.0,
7.9.2026,23:14:52.101,8.3,7.4,8.303,267.8,48,0.0,0.0,
7.9.2026,23:14:52.294,2.4,4.9,8.436,201.7,48,0.0,0.0,
7.9.2026,23:14:52.501,8.5,6.3,9.068,152.6,47,0.0,0.0,
7.9.2026,23:14:52.713,1.2,4.2,8.314,86.4,47,0.0,0.0,
7.9.2026,23:14:52.925,6.2,7.5,8.022,97.6,47,0.0,0.0,
7.9.2026,23:14:53.123,0.4,2.1,8.403,152.3,47,0.0,0.0,
7.9.2026,23:14:53.330,8.4,6.8,7.931,190.2,46,0.0,0.0,
7.9.2026,23:14:53.540,1.4,2.2,8.071,165.9,47,0.0,0.0,
7.9.2026,23:14:53.732,6.9,7.6,7.806,76.0,47,0.0,0.0,
7.9.2026,23:14:53.940,4.9,3.1,8.070,284.8,46,0.0,0.0,
7.9.2026,23:14:54.148,1.4,5.2,8.713,106.2,47,0.0,0.0,
7.9.2026,23:14:54.343,7.9,6.0,7.908,105.0,46,0.0,0.0,
7.9.2026,23:14:54.548,2.0,5.8,7.768,129.5,46,0.0,0.0,
7.9.2026,23:14:54.758,1.2,2.2,7.979,184.7,46,0.0,0.0,
7.9.2026,23:14:54.951,10.7,7.3,8.084,185.8,46,0.0,0.0,
7.9.2026,23:14:55.159,1.0,3.6,8.138,108.0,46,0.0,0.0,
7.9.2026,23:14:55.368,1.9,6.4,8.150,159.4,46,0.0,0.0,
7.9.2026,23:14:55.572,5.2,3.4,8.443,223.6,46,0.0,0.0,
7.9.2026,23:14:55.767,20.1,6.4,8.300,724.7,45,0.0,0.0,
7.9.2026,23:14:55.981,1.1,2.3,7.763,186.2,45,0.0,0.0,
7.9.2026,23:14:56.192,6.9,9.3,8.329,73.6,45,0.0,0.0,
7.9.2026,23:14:56.401,0.0,1.7,8.311,87.0,45,0.0,0.0,
7.9.2026,23:14:56.614,4.8,5.0,7.775,105.4,46,0.0,0.0,
7.9.2026,23:14:56.811,0.2,2.8,7.492,73.6,45,0.0,0.0,
7.9.2026,23:14:57.018,7.5,7.6,7.590,143.8,45,0.0,0.0,
7.9.2026,23:14:57.218,6.8,4.8,7.769,172.1,45,0.0,0.0,
7.9.2026,23:14:57.427,0.0,4.0,7.790,127.2,45,0.0,0.0,
7.9.2026,23:14:57.626,4.8,4.1,7.730,100.9,45,0.0,0.0,
7.9.2026,23:14:57.823,6.0,5.5,7.928,113.4,45,0.0,0.0,
7.9.2026,23:14:58.036,0.1,4.0,7.935,124.1,45,0.0,0.0,
7.9.2026,23:14:58.233,6.9,7.7,8.186,118.8,45,0.0,0.0,
7.9.2026,23:14:58.439,1.8,4.5,8.177,167.7,45,0.0,0.0,
7.9.2026,23:14:58.636,7.2,4.8,8.268,123.4,45,0.0,0.0,
7.9.2026,23:14:58.844,1.7,7.5,7.780,119.7,44,0.0,0.0,
7.9.2026,23:14:59.052,2.4,1.6,7.864,152.5,44,0.0,0.0,
7.9.2026,23:14:59.252,5.8,5.2,7.784,143.7,44,0.0,0.0,
7.9.2026,23:14:59.462,5.6,4.2,7.732,355.9,44,0.0,0.0,
7.9.2026,23:14:59.656,5.6,4.2,7.809,355.9,44,0.0,0.0,
7.9.2026,23:14:59.867,0.0,6.9,8.722,112.5,44,0.0,0.0,
7.9.2026,23:15:0.059,0.0,6.9,8.722,112.5,46,0.0,0.0,
7.9.2026,23:15:0.268,9.6,8.4,8.709,153.9,45,0.0,0.0,
7.9.2026,23:15:0.481,7.2,7.9,10.707,177.6,44,0.0,0.0,
7.9.2026,23:15:0.691,0.0,4.4,8.358,92.8,46,0.0,0.0,
7.9.2026,23:15:0.901,4.9,4.3,8.340,290.8,44,0.0,0.0,
7.9.2026,23:15:1.091,4.9,4.3,8.340,290.8,44,0.0,0.0,
7.9.2026,23:15:1.302,15.6,9.0,9.273,457.2,45,0.0,0.0,
7.9.2026,23:15:1.497,0.4,5.0,8.120,87.8,44,0.0,0.0,
7.9.2026,23:15:1.705,13.3,9.6,10.598,377.5,74,0.0,0.0,
7.9.2026,23:15:1.917,2.3,3.0,7.775,156.0,73,0.0,0.0,
7.9.2026,23:15:2.115,11.0,6.8,8.456,295.7,74,0.0,0.0,
7.9.2026,23:15:2.314,0.0,3.2,8.235,106.5,76,0.0,0.0,
7.9.2026,23:15:2.519,5.1,5.5,8.172,87.3,74,0.0,0.0,
7.9.2026,23:15:2.727,4.3,9.8,11.635,215.0,75,0.0,0.0,
7.9.2026,23:15:2.920,2.3,3.6,8.091,147.1,76,0.0,0.0,
7.9.2026,23:15:3.133,7.8,13.0,11.931,110.7,70,0.0,0.0,
7.9.2026,23:15:3.324,0.0,1.1,6.906,139.6,73,0.0,0.0,
7.9.2026,23:15:3.537,15.1,9.6,9.152,423.2,75,0.0,0.0,
7.9.2026,23:15:3.743,0.4,2.6,6.998,155.4,72,0.0,0.0,
7.9.2026,23:15:3.933,1.5,1.8,7.812,98.7,75,0.0,0.0,
7.9.2026,23:15:4.152,21.4,13.0,9.455,429.2,74,0.0,0.0,
7.9.2026,23:15:4.365,3.5,4.2,6.887,61.3,72,0.0,0.0,
7.9.2026,23:15:4.570,5.3,1.2,6.969,426.7,44,0.0,0.0,
7.9.2026,23:15:4.760,2.8,3.8,8.697,125.4,44,0.0,0.0,
7.9.2026,23:15:4.970,9.2,8.2,9.265,116.5,75,0.0,0.0,
7.9.2026,23:15:5.183,2.1,5.4,9.141,165.9,76,0.0,0.0,
7.9.2026,23:15:5.397,12.4,6.7,7.374,395.4,43,0.0,0.0,
7.9.2026,23:15:5.592,0.0,5.3,8.178,96.4,43,0.0,0.0,
7.9.2026,23:15:5.807,0.0,5.0,8.128,102.4,44,0.0,0.0,
7.9.2026,23:15:5.998,0.0,5.0,7.572,102.4,44,0.0,0.0,
7.9.2026,23:15:6.217,4.6,5.9,8.668,99.1,42,0.0,0.0,
7.9.2026,23:15:6.426,0.0,1.9,7.769,94.3,43,0.0,0.0,
7.9.2026,23:15:6.636,1.3,3.1,7.954,122.9,43,0.0,0.0,
7.9.2026,23:15:6.827,1.3,3.1,7.737,122.9,43,0.0,0.0,
7.9.2026,23:15:7.038,6.9,8.8,7.789,90.6,43,0.0,0.0,
7.9.2026,23:15:7.247,13.7,4.1,8.551,420.7,43,0.0,0.0,
7.9.2026,23:15:7.461,0.0,2.9,8.321,78.4,43,0.0,0.0,
7.9.2026,23:15:7.653,7.3,7.1,8.097,70.9,43,0.0,0.0,
7.9.2026,23:15:7.866,0.0,2.8,7.851,66.2,43,0.0,0.0,
7.9.2026,23:15:8.064,5.9,7.4,7.854,151.6,43,0.0,0.0,
7.9.2026,23:15:8.274,1.5,1.2,8.519,140.9,43,0.0,0.0,
7.9.2026,23:15:8.468,1.5,1.2,8.038,140.9,43,0.0,0.0,
7.9.2026,23:15:8.679,6.4,8.3,7.757,87.9,44,0.0,0.0,
7.9.2026,23:15:8.885,0.7,2.3,7.771,87.2,43,0.0,0.0,
7.9.2026,23:15:9.099,8.5,5.6,8.050,112.3,42,0.0,0.0,
7.9.2026,23:15:9.303,0.7,6.1,7.814,175.7,44,0.0,0.0,
7.9.2026,23:15:9.496,1.5,1.9,7.904,89.2,43,0.0,0.0,
7.9.2026,23:15:9.709,8.0,10.2,9.135,107.1,74,0.0,0.0,
7.9.2026,23:15:9.904,6.1,2.7,7.925,433.2,75,0.0,0.0,
7.9.2026,23:15:10.118,18.0,11.0,9.689,597.6,71,0.0,0.0,
7.9.2026,23:15:10.316,0.0,1.4,6.987,91.1,72,0.0,0.0,
7.9.2026,23:15:10.523,5.3,7.7,7.810,83.8,75,0.0,0.0,
7.9.2026,23:15:10.720,1.7,3.4,8.095,117.1,74,0.0,0.0,
7.9.2026,23:15:10.927,14.9,7.3,8.722,540.8,63,0.0,0.0,
7.9.2026,23:15:11.137,1.9,4.4,8.021,110.4,62,0.0,0.0,
7.9.2026,23:15:11.351,9.8,9.2,7.954,166.0,63,0.0,0.0,
7.9.2026,23:15:11.556,0.2,0.5,6.866,180.3,71,0.0,0.0,
7.9.2026,23:15:11.752,10.3,8.6,6.866,210.1,69,0.0,0.0,
7.9.2026,23:15:11.957,8.2,5.4,7.842,162.8,74,0.0,0.0,
7.9.2026,23:15:12.154,5.3,7.6,8.081,227.5,75,0.0,0.0,
7.9.2026,23:15:12.367,6.3,7.2,8.040,125.8,72,0.0,0.0,
7.9.2026,23:15:12.573,0.0,1.6,6.233,61.6,43,0.0,0.0,
7.9.2026,23:15:12.787,0.0,3.5,8.234,123.4,43,0.0,0.0,
7.9.2026,23:15:12.983,13.8,8.5,8.151,466.2,44,0.0,0.0,
7.9.2026,23:15:13.190,1.6,4.7,9.425,130.5,43,0.0,0.0,
7.9.2026,23:15:13.401,1.8,3.6,8.171,152.5,42,0.0,0.0,
7.9.2026,23:15:13.592,1.8,3.6,7.946,152.5,42,0.0,0.0,
7.9.2026,23:15:13.799,7.0,7.8,7.849,66.6,43,0.0,0.0,
7.9.2026,23:15:14.010,4.6,6.0,8.128,133.6,43,0.0,0.0,
7.9.2026,23:15:14.201,4.6,6.0,8.137,133.6,43,0.0,0.0,
7.9.2026,23:15:14.416,9.2,7.4,8.505,262.8,43,0.0,0.0,
7.9.2026,23:15:14.624,10.8,5.3,7.869,553.5,42,0.0,0.0,
7.9.2026,23:15:14.832,0.0,3.8,8.471,91.6,42,0.0,0.0,
7.9.2026,23:15:15.039,1.8,4.3,8.116,103.4,42,0.0,0.0,
7.9.2026,23:15:15.238,12.9,5.8,7.932,434.3,42,0.0,0.0,
7.9.2026,23:15:15.450,6.5,10.2,7.947,105.9,42,0.0,0.0,
7.9.2026,23:15:15.660,0.8,1.3,8.900,187.1,42,0.0,0.0,
7.9.2026,23:15:15.867,2.4,4.4,9.520,126.7,42,0.0,0.0,
7.9.2026,23:15:16.073,8.3,9.1,8.063,98.6,41,0.0,0.0,
7.9.2026,23:15:16.283,1.6,4.1,8.658,123.1,42,0.0,0.0,
7.9.2026,23:15:16.489,0.0,2.6,8.142,66.9,43,0.0,0.0,
7.9.2026,23:15:16.696,1.0,3.8,7.930,95.6,41,0.0,0.0,
7.9.2026,23:15:16.889,1.0,3.8,8.234,95.6,41,0.0,0.0,
7.9.2026,23:15:17.102,0.0,0.8,7.673,56.4,42,0.0,0.0,
7.9.2026,23:15:17.294,0.0,0.8,7.619,56.4,42,0.0,0.0,
7.9.2026,23:15:17.505,7.7,8.3,9.145,141.4,43,0.0,0.0,
7.9.2026,23:15:17.703,0.0,4.8,7.707,98.4,42,0.0,0.0,
7.9.2026,23:15:17.910,6.2,7.3,8.018,135.1,42,0.0,0.0,
7.9.2026,23:15:18.119,3.0,3.2,7.815,183.7,42,0.0,0.0,
7.9.2026,23:15:18.310,2.3,3.7,8.672,125.6,42,0.0,0.0,
7.9.2026,23:15:18.517,8.3,9.2,9.132,123.6,73,0.0,0.0,
7.9.2026,23:15:18.729,5.7,3.7,7.666,287.1,74,0.0,0.0,
7.9.2026,23:15:18.949,6.7,7.3,7.806,126.6,74,0.0,0.0,
7.9.2026,23:15:19.163,3.6,1.6,6.678,351.5,41,0.0,0.0,
7.9.2026,23:15:19.359,3.6,1.6,7.598,351.5,41,0.0,0.0,
7.9.2026,23:15:19.566,8.4,9.3,9.069,177.8,41,0.0,0.0,
7.9.2026,23:15:19.765,3.0,5.1,7.702,203.7,42,0.0,0.0,
7.9.2026,23:15:19.976,5.1,4.9,8.798,120.1,73,0.0,0.0,
7.9.2026,23:15:20.172,6.9,3.6,7.737,388.2,70,0.0,0.0,
7.9.2026,23:15:20.378,14.2,9.9,8.597,533.7,68,0.0,0.0,
7.9.2026,23:15:20.584,5.1,5.3,7.674,136.7,70,0.0,0.0,
7.9.2026,23:15:20.782,6.4,3.4,7.628,315.0,71,0.0,0.0,
7.9.2026,23:15:20.990,7.6,8.8,7.950,172.9,73,0.0,0.0,
7.9.2026,23:15:21.183,7.6,2.2,8.119,473.0,69,0.0,0.0,
7.9.2026,23:15:21.393,9.6,11.5,8.398,93.8,62,0.0,0.0,
7.9.2026,23:15:21.607,0.0,2.8,7.716,133.8,50,0.0,0.0,
7.9.2026,23:15:21.825,5.9,6.5,6.808,109.0,73,0.0,0.0,
7.9.2026,23:15:22.036,0.0,2.8,6.507,98.8,42,0.0,0.0,
7.9.2026,23:15:22.243,2.2,5.1,7.513,146.3,41,0.0,0.0,
7.9.2026,23:15:22.438,2.2,5.1,9.344,146.3,42,0.0,0.0,
7.9.2026,23:15:22.645,11.1,12.6,10.218,257.1,42,0.0,0.0,
7.9.2026,23:15:22.843,0.2,5.1,7.969,101.0,42,0.0,0.0,
7.9.2026,23:15:23.052,11.8,4.0,9.241,393.9,73,0.0,0.0,
7.9.2026,23:15:23.251,7.1,5.9,7.767,346.1,68,0.0,0.0,
7.9.2026,23:15:23.458,9.9,3.1,7.795,345.0,69,0.0,0.0,
7.9.2026,23:15:23.665,5.5,6.1,9.410,282.4,70,0.0,0.0,
7.9.2026,23:15:23.857,10.3,4.1,7.937,540.8,69,0.0,0.0,
7.9.2026,23:15:24.065,11.2,9.3,8.787,174.4,65,0.0,0.0,
7.9.2026,23:15:24.273,0.8,4.4,9.020,101.3,72,0.0,0.0,
7.9.2026,23:15:24.470,2.2,2.5,9.020,125.8,67,0.0,0.0,
7.9.2026,23:15:24.675,7.9,7.5,7.749,165.8,61,0.0,0.0,
7.9.2026,23:15:24.887,1.9,3.3,7.643,100.6,73,0.0,0.0,
7.9.2026,23:15:25.102,9.7,9.7,8.299,232.9,72,0.0,0.0,
7.9.2026,23:15:25.304,0.0,1.4,10.165,58.9,58,0.0,0.0,
7.9.2026,23:15:25.495,3.0,8.1,6.750,90.4,60,0.0,0.0,
7.9.2026,23:15:25.710,11.3,10.2,8.820,308.4,62,0.0,0.0,
7.9.2026,23:15:25.923,4.8,2.1,10.046,369.5,53,0.0,0.0,
7.9.2026,23:15:26.134,7.5,7.1,6.804,149.7,60,0.0,0.0,
7.9.2026,23:15:26.329,7.7,2.8,6.804,455.2,42,0.0,0.0,
7.9.2026,23:15:26.534,15.2,7.9,8.534,531.5,55,0.0,0.0,
7.9.2026,23:15:26.748,6.2,6.7,8.749,149.6,59,0.0,0.0,
7.9.2026,23:15:26.962,5.7,4.3,7.473,109.6,74,0.0,0.0,
7.9.2026,23:15:27.155,0.0,1.4,6.504,146.2,42,0.0,0.0,
7.9.2026,23:15:27.373,6.2,8.4,9.077,74.1,73,0.0,0.0,
7.9.2026,23:15:27.578,5.7,9.1,6.862,128.7,42,0.0,0.0,
7.9.2026,23:15:27.789,7.4,2.5,7.465,350.9,41,0.0,0.0,
7.9.2026,23:15:27.986,0.0,5.7,9.514,100.7,41,0.0,0.0,
7.9.2026,23:15:28.191,11.2,12.2,9.514,162.5,57,0.0,0.0,
7.9.2026,23:15:28.403,3.1,7.7,9.746,98.3,59,0.0,0.0,
7.9.2026,23:15:28.611,5.7,6.5,9.808,98.0,74,0.0,0.0,
7.9.2026,23:15:28.824,9.0,3.6,8.509,442.0,73,0.0,0.0,
7.9.2026,23:15:29.038,0.0,1.4,7.174,125.2,42,0.0,0.0,
7.9.2026,23:15:29.245,2.3,3.2,8.196,162.1,42,0.0,0.0,
7.9.2026,23:15:29.440,2.3,3.2,8.446,162.1,42,0.0,0.0,
7.9.2026,23:15:29.638,6.7,6.5,8.051,141.9,41,0.0,0.0,
7.9.2026,23:15:29.849,6.4,6.1,8.397,128.5,42,0.0,0.0,
7.9.2026,23:15:30.058,0.0,2.4,8.218,115.7,42,0.0,0.0,
7.9.2026,23:15:30.248,2.9,4.4,8.277,169.5,42,0.0,0.0,
7.9.2026,23:15:30.455,21.4,13.6,9.849,439.1,75,0.0,0.0,
7.9.2026,23:15:30.652,2.0,4.4,9.372,146.6,75,0.0,0.0,
7.9.2026,23:15:30.859,6.0,4.3,8.256,107.9,71,0.0,0.0,
7.9.2026,23:15:31.072,0.2,5.9,8.097,62.0,75,0.0,0.0,
7.9.2026,23:15:31.284,0.2,1.7,7.499,163.9,42,0.0,0.0,
7.9.2026,23:15:31.493,1.4,4.5,8.324,130.1,41,0.0,0.0,
7.9.2026,23:15:31.683,1.4,4.5,8.353,130.1,41,0.0,0.0,
7.9.2026,23:15:31.892,8.4,8.1,8.354,88.2,43,0.0,0.0,
7.9.2026,23:15:32.107,7.4,5.0,9.245,202.3,42,0.0,0.0,
7.9.2026,23:15:32.318,0.5,5.0,8.379,130.6,41,0.0,0.0,
7.9.2026,23:15:32.525,1.1,3.5,8.718,87.8,41,0.0,0.0,
7.9.2026,23:15:32.717,1.1,3.5,8.248,87.8,41,0.0,0.0,
7.9.2026,23:15:32.925,8.2,8.2,8.296,116.8,42,0.0,0.0,
7.9.2026,23:15:33.132,5.5,6.3,9.567,262.9,43,0.0,0.0,
7.9.2026,23:15:33.326,5.0,1.7,8.585,263.5,42,0.0,0.0,
7.9.2026,23:15:33.533,7.2,6.2,8.785,76.3,71,0.0,0.0,
7.9.2026,23:15:33.741,1.5,6.8,8.572,131.8,75,0.0,0.0,
7.9.2026,23:15:33.932,8.6,3.4,8.101,435.8,72,0.0,0.0,
7.9.2026,23:15:34.140,10.7,9.1,8.539,192.3,52,0.0,0.0,
7.9.2026,23:15:34.349,5.8,4.3,7.969,324.3,56,0.0,0.0,
7.9.2026,23:15:34.561,2.6,1.9,7.823,146.9,56,0.0,0.0,
7.9.2026,23:15:34.766,7.9,6.8,6.893,170.4,42,0.0,0.0,
7.9.2026,23:15:34.974,2.1,2.7,8.784,97.2,75,0.0,0.0,
7.9.2026,23:15:35.168,0.5,5.5,7.744,85.1,74,0.0,0.0,
7.9.2026,23:15:35.382,9.5,7.9,7.936,173.1,58,0.0,0.0,
7.9.2026,23:15:35.578,6.1,3.6,7.972,421.7,69,0.0,0.0,
7.9.2026,23:15:35.785,10.0,7.9,8.063,213.0,59,0.0,0.0,
7.9.2026,23:15:35.992,4.1,1.4,8.094,231.6,70,0.0,0.0,
7.9.2026,23:15:36.184,6.7,5.9,8.095,289.2,59,0.0,0.0,
7.9.2026,23:15:36.397,10.4,8.8,9.530,170.4,62,0.0,0.0,
7.9.2026,23:15:36.604,0.0,2.1,6.911,101.7,73,0.0,0.0,
7.9.2026,23:15:36.822,10.3,9.1,8.203,190.9,70,0.0,0.0,
7.9.2026,23:15:37.014,0.0,0.9,6.826,135.3,41,0.0,0.0,
7.9.2026,23:15:37.222,8.6,9.5,8.986,123.7,73,0.0,0.0,
7.9.2026,23:15:37.419,4.2,2.5,8.303,193.6,72,0.0,0.0,
7.9.2026,23:15:37.625,9.6,4.5,8.041,196.3,71,0.0,0.0,
7.9.2026,23:15:37.835,5.0,6.2,8.286,224.2,72,0.0,0.0,
7.9.2026,23:15:38.026,1.7,2.9,8.312,146.1,74,0.0,0.0,
7.9.2026,23:15:38.233,8.8,11.6,8.804,106.0,64,0.0,0.0,
7.9.2026,23:15:38.441,3.4,5.7,9.563,180.0,72,0.0,0.0,
7.9.2026,23:15:38.650,2.4,2.6,8.038,124.0,66,0.0,0.0,
7.9.2026,23:15:38.849,8.9,7.0,8.038,180.2,65,0.0,0.0,
7.9.2026,23:15:39.055,0.0,3.3,8.622,128.4,71,0.0,0.0,
7.9.2026,23:15:39.249,8.2,8.7,8.452,102.7,64,0.0,0.0,
7.9.2026,23:15:39.453,4.8,4.4,8.163,228.5,44,0.0,0.0,
7.9.2026,23:15:39.662,1.7,2.4,8.858,111.6,46,0.0,0.0,
7.9.2026,23:15:39.870,3.7,4.3,8.281,224.4,59,0.0,0.0,
7.9.2026,23:15:40.086,9.4,9.5,8.538,119.6,73,0.0,0.0,
7.9.2026,23:15:40.290,0.0,1.3,8.061,94.7,73,0.0,0.0,
7.9.2026,23:15:40.485,2.5,4.1,6.586,104.0,73,0.0,0.0,
7.9.2026,23:15:40.699,12.2,7.3,7.994,324.5,74,0.0,0.0,
7.9.2026,23:15:40.906,5.9,7.3,7.841,123.7,73,0.0,0.0,
7.9.2026,23:15:41.117,1.2,4.7,7.835,99.2,67,0.0,0.0,
7.9.2026,23:15:41.322,1.0,1.1,8.036,136.2,73,0.0,0.0,
7.9.2026,23:15:41.519,1.0,5.3,8.152,67.2,74,0.0,0.0,
7.9.2026,23:15:41.725,10.1,6.6,8.019,268.7,73,0.0,0.0,
7.9.2026,23:15:41.917,2.2,1.8,7.891,130.4,74,0.0,0.0,
7.9.2026,23:15:42.134,14.0,8.1,8.645,407.6,65,0.0,0.0,
7.9.2026,23:15:42.323,0.6,5.9,8.310,229.7,59,0.0,0.0,
7.9.2026,23:15:42.542,9.5,9.7,9.195,127.9,46,0.0,0.0,
7.9.2026,23:15:42.748,3.7,4.1,7.865,98.6,71,0.0,0.0,
7.9.2026,23:15:42.960,2.9,4.3,7.963,157.8,73,0.0,0.0,
7.9.2026,23:15:43.166,0.8,2.3,7.780,114.8,64,0.0,0.0,
7.9.2026,23:15:43.356,15.7,9.6,8.288,439.6,60,0.0,0.0,
7.9.2026,23:15:43.574,5.1,3.9,9.613,248.8,42,0.0,0.0,
7.9.2026,23:15:43.784,2.4,5.6,7.767,378.9,56,0.0,0.0,
7.9.2026,23:15:43.992,9.2,3.2,8.176,168.5,58,0.0,0.0,
7.9.2026,23:15:44.188,1.9,3.5,7.810,101.8,70,0.0,0.0,
7.9.2026,23:15:44.399,7.2,8.3,7.632,153.7,47,0.0,0.0,
7.9.2026,23:15:44.592,8.5,6.7,8.526,116.8,61,0.0,0.0,
7.9.2026,23:15:44.799,1.0,5.3,8.068,98.6,46,0.0,0.0,
7.9.2026,23:15:45.009,8.7,5.2,8.312,413.1,41,0.0,0.0,
7.9.2026,23:15:45.197,8.1,4.0,7.971,404.9,42,0.0,0.0,
7.9.2026,23:15:45.406,8.1,4.0,7.971,404.9,42,0.0,0.0,
7.9.2026,23:15:45.610,8.1,4.0,7.971,404.9,42,0.0,0.0,
7.9.2026,23:15:45.815,8.1,4.0,22.438,404.9,42,0.0,0.0,
7.9.2026,23:15:46.022,8.1,4.0,22.438,404.9,42,0.0,0.0,
7.9.2026,23:15:46.227,8.1,4.0,22.438,404.9,42,0.0,0.0,
7.9.2026,23:15:46.419,8.1,4.0,22.438,404.9,42,0.0,0.0,
7.9.2026,23:15:46.625,8.1,4.0,22.438,404.9,42,0.0,0.0,
7.9.2026,23:15:46.832,8.1,4.0,22.438,404.9,42,0.0,0.0,
7.9.2026,23:15:47.037,8.1,4.0,22.438,404.9,42,0.0,0.0,
7.9.2026,23:15:47.245,8.1,4.0,22.438,404.9,42,0.0,0.0,
7.9.2026,23:15:47.435,8.1,4.0,22.438,404.9,42,0.0,0.0,
7.9.2026,23:15:47.641,8.1,4.0,22.438,404.9,42,0.0,0.0,
7.9.2026,23:15:47.847,8.1,4.0,22.438,404.9,42,0.0,0.0,
7.9.2026,23:15:48.053,8.1,4.0,22.438,404.9,42,0.0,0.0,
7.9.2026,23:15:48.259,8.1,4.0,22.438,404.9,42,0.0,0.0,
7.9.2026,23:15:48.467,8.1,4.0,22.438,404.9,42,0.0,0.0,
7.9.2026,23:15:48.671,8.1,4.0,22.438,404.9,42,0.0,0.0,
7.9.2026,23:15:48.876,8.1,4.0,22.438,404.9,42,0.0,0.0,
7.9.2026,23:15:49.082,8.1,4.0,22.438,404.9,42,0.0,0.0,
7.9.2026,23:15:49.288,8.1,4.0,22.438,404.9,42,0.0,0.0,
7.9.2026,23:15:49.494,8.1,4.0,22.438,404.9,42,0.0,0.0,
7.9.2026,23:15:49.700,8.1,4.0,22.438,404.9,42,0.0,0.0,
7.9.2026,23:15:49.907,8.1,4.0,22.438,404.9,42,0.0,0.0,
7.9.2026,23:15:50.113,8.1,4.0,22.438,404.9,42,0.0,0.0,
7.9.2026,23:15:50.321,8.1,4.0,22.438,404.9,42,0.0,0.0,
7.9.2026,23:15:50.510,8.1,4.0,22.438,404.9,42,0.0,0.0,
7.9.2026,23:15:50.718,8.1,4.0,22.438,404.9,42,0.0,0.0,
7.9.2026,23:15:50.923,8.1,4.0,22.438,404.9,42,0.0,0.0,
7.9.2026,23:15:51.129,8.1,4.0,22.438,404.9,42,0.0,0.0,
7.9.2026,23:15:51.336,86.5,13.5,22.438,3785.8,83,0.0,0.0,
7.9.2026,23:15:51.526,86.5,13.5,22.438,3785.8,83,0.0,0.0,
7.9.2026,23:15:51.733,86.5,13.5,22.438,3785.8,83,0.0,0.0,
7.9.2026,23:15:51.938,86.5,13.5,22.438,3785.8,83,0.0,0.0,
7.9.2026,23:15:52.144,86.5,13.5,22.438,3785.8,83,0.0,0.0,
7.9.2026,23:15:52.351,86.5,13.5,22.438,3785.8,83,0.0,0.0,
7.9.2026,23:15:52.541,86.5,13.5,22.438,3785.8,83,0.0,0.0,
7.9.2026,23:15:52.748,86.5,13.5,22.438,3785.8,83,0.0,0.0,
7.9.2026,23:15:52.954,86.5,13.5,22.438,3785.8,83,0.0,0.0,
7.9.2026,23:15:53.162,86.5,13.5,22.438,3785.8,83,0.0,0.0,
7.9.2026,23:15:53.366,86.5,13.5,22.438,3785.8,83,0.0,0.0,
7.9.2026,23:15:53.557,86.5,13.5,22.438,3785.8,83,0.0,0.0,
7.9.2026,23:15:53.762,86.5,13.5,22.438,3785.8,83,0.0,0.0,
7.9.2026,23:15:53.969,86.5,13.5,22.438,3785.8,83,0.0,0.0,
7.9.2026,23:15:54.175,86.5,13.5,22.438,3785.8,83,0.0,0.0,
7.9.2026,23:15:54.382,86.5,13.5,22.438,3785.8,83,0.0,0.0,
7.9.2026,23:15:54.587,86.5,13.5,22.438,3785.8,83,0.0,0.0,
7.9.2026,23:15:54.777,86.5,13.5,22.438,3785.8,83,0.0,0.0,
7.9.2026,23:15:54.982,86.5,13.5,22.438,3785.8,83,0.0,0.0,
7.9.2026,23:15:55.190,86.5,13.5,22.438,3785.8,83,0.0,0.0,
7.9.2026,23:15:55.392,86.5,13.5,22.438,3785.8,83,0.0,0.0,
7.9.2026,23:15:55.599,86.5,13.5,22.438,3785.8,83,0.0,0.0,
7.9.2026,23:15:55.805,86.5,13.5,22.438,3785.8,83,0.0,0.0,
7.9.2026,23:15:55.994,86.5,13.5,22.438,3785.8,83,0.0,0.0,
7.9.2026,23:15:56.202,86.5,13.5,22.438,3785.8,83,0.0,0.0,
7.9.2026,23:15:56.406,86.5,13.5,22.438,3785.8,83,0.0,0.0,
7.9.2026,23:15:56.613,86.5,13.5,22.438,3785.8,83,0.0,0.0,
7.9.2026,23:15:56.818,86.5,13.5,22.438,3785.8,83,0.0,0.0,
7.9.2026,23:15:57.023,86.5,13.5,22.438,3785.8,83,0.0,0.0,
7.9.2026,23:15:57.213,86.5,13.5,22.438,3785.8,83,0.0,0.0,
7.9.2026,23:15:57.419,86.5,13.5,22.438,3785.8,83,0.0,0.0,
7.9.2026,23:15:57.625,86.5,13.5,22.438,3785.8,83,0.0,0.0,
7.9.2026,23:15:57.831,86.5,13.5,22.438,3785.8,83,0.0,0.0,
7.9.2026,23:15:58.036,86.5,13.5,22.438,3785.8,83,0.0,0.0,
7.9.2026,23:15:58.243,86.5,13.5,22.438,3785.8,83,0.0,0.0,
7.9.2026,23:15:58.450,86.5,13.5,22.438,3785.8,83,0.0,0.0,
7.9.2026,23:15:58.656,86.5,13.5,22.438,3785.8,83,0.0,0.0,
7.9.2026,23:15:58.863,86.5,13.5,22.438,3785.8,83,0.0,0.0,
7.9.2026,23:15:59.068,86.5,13.5,22.438,3785.8,83,0.0,0.0,
7.9.2026,23:15:59.275,86.5,13.5,22.438,3785.8,83,0.0,0.0,
7.9.2026,23:15:59.464,86.5,13.5,22.438,3785.8,83,0.0,0.0,
7.9.2026,23:15:59.670,86.5,13.5,22.438,3785.8,83,0.0,0.0,
7.9.2026,23:15:59.875,100.0,29.9,23.836,4288.8,83,0.0,0.0,
7.9.2026,23:16:0.082,100.0,29.9,23.836,4288.8,83,0.0,0.0,
7.9.2026,23:16:0.287,100.0,29.9,23.836,4288.8,83,0.0,0.0,
7.9.2026,23:16:0.494,100.0,29.9,23.836,4288.8,83,0.0,0.0,
7.9.2026,23:16:0.682,100.0,29.9,23.836,4288.8,83,0.0,0.0,
7.9.2026,23:16:0.889,100.0,29.9,23.836,4288.8,83,0.0,0.0,
7.9.2026,23:16:1.094,100.0,29.9,23.836,4288.8,83,0.0,0.0,
7.9.2026,23:16:1.302,100.0,29.9,23.836,4288.8,83,0.0,0.0,
7.9.2026,23:16:1.506,100.0,29.9,23.836,4288.8,83,0.0,0.0,
7.9.2026,23:16:1.712,100.0,29.9,23.836,4288.8,83,0.0,0.0,
7.9.2026,23:16:1.902,100.0,29.9,23.836,4288.8,83,0.0,0.0,
7.9.2026,23:16:2.111,100.0,29.9,23.836,4288.8,83,0.0,0.0,
7.9.2026,23:16:2.314,100.0,29.9,23.836,4288.8,83,0.0,0.0,
7.9.2026,23:16:2.519,100.0,29.9,23.836,4288.8,83,0.0,0.0,
7.9.2026,23:16:2.726,100.0,29.9,23.836,4288.8,83,0.0,0.0,
7.9.2026,23:16:2.931,100.0,29.9,23.836,4288.8,83,0.0,0.0,
7.9.2026,23:16:3.137,100.0,29.9,23.836,4288.8,83,0.0,0.0,
7.9.2026,23:16:3.343,100.0,29.9,23.836,4288.8,83,0.0,0.0,
7.9.2026,23:16:3.548,100.0,29.9,23.836,4288.8,83,0.0,0.0,
7.9.2026,23:16:3.754,100.0,29.9,23.836,4288.8,83,0.0,0.0,
7.9.2026,23:16:3.960,100.0,29.9,23.836,4288.8,83,0.0,0.0,
7.9.2026,23:16:4.165,100.0,29.9,23.836,4288.8,83,0.0,0.0,
7.9.2026,23:16:4.355,100.0,29.9,23.836,4288.8,83,0.0,0.0,
7.9.2026,23:16:4.561,100.0,29.9,23.836,4288.8,83,0.0,0.0,
7.9.2026,23:16:4.767,100.0,29.9,23.836,4288.8,83,0.0,0.0,
7.9.2026,23:16:4.972,100.0,15.9,23.510,4272.3,83,0.0,0.0,
7.9.2026,23:16:5.180,100.0,15.9,23.510,4272.3,83,0.0,0.0,
7.9.2026,23:16:5.383,100.0,15.9,23.510,4272.3,83,0.0,0.0,
7.9.2026,23:16:5.575,100.0,15.9,23.510,4272.3,83,0.0,0.0,
7.9.2026,23:16:5.779,100.0,15.9,23.510,4272.3,83,0.0,0.0,
7.9.2026,23:16:5.987,100.0,15.9,23.510,4272.3,83,0.0,0.0,
7.9.2026,23:16:6.193,100.0,15.9,23.510,4272.3,83,0.0,0.0,
7.9.2026,23:16:6.399,100.0,15.9,23.510,4272.3,83,0.0,0.0,
7.9.2026,23:16:6.591,100.0,15.9,23.510,4272.3,83,0.0,0.0,
7.9.2026,23:16:6.795,100.0,15.9,23.510,4272.3,83,0.0,0.0,
7.9.2026,23:16:7.002,100.0,15.9,23.510,4272.3,83,0.0,0.0,
7.9.2026,23:16:7.206,100.0,15.9,23.510,4272.3,83,0.0,0.0,
7.9.2026,23:16:7.414,100.0,15.9,23.510,4272.3,83,0.0,0.0,
7.9.2026,23:16:7.619,100.0,15.9,23.510,4272.3,83,0.0,0.0,
7.9.2026,23:16:7.826,100.0,15.9,23.510,4272.3,83,0.0,0.0,
7.9.2026,23:16:8.031,100.0,15.9,23.510,4272.3,83,0.0,0.0,
7.9.2026,23:16:8.235,100.0,15.9,23.510,4272.3,83,0.0,0.0,
7.9.2026,23:16:8.441,100.0,15.9,23.510,4272.3,83,0.0,0.0,
7.9.2026,23:16:8.648,100.0,15.9,23.510,4272.3,83,0.0,0.0,
7.9.2026,23:16:8.839,100.0,15.9,23.510,4272.3,83,0.0,0.0,
7.9.2026,23:16:9.046,100.0,15.9,23.510,4272.3,83,0.0,0.0,
7.9.2026,23:16:9.251,100.0,15.9,23.510,4272.3,83,0.0,0.0,
7.9.2026,23:16:9.459,100.0,15.9,23.510,4272.3,83,0.0,0.0,
7.9.2026,23:16:9.663,100.0,15.5,23.322,4271.7,86,0.0,0.0,
7.9.2026,23:16:9.871,100.0,15.5,23.322,4271.7,86,0.0,0.0,
7.9.2026,23:16:10.076,100.0,15.5,23.322,4271.7,86,0.0,0.0,
7.9.2026,23:16:10.284,100.0,15.5,23.322,4271.7,86,0.0,0.0,
7.9.2026,23:16:10.488,100.0,15.5,23.322,4271.7,86,0.0,0.0,
7.9.2026,23:16:10.693,100.0,15.5,23.322,4271.7,86,0.0,0.0,
7.9.2026,23:16:10.899,100.0,15.5,23.322,4271.7,86,0.0,0.0,
7.9.2026,23:16:11.090,100.0,15.5,23.322,4271.7,86,0.0,0.0,
7.9.2026,23:16:11.295,100.0,15.5,23.322,4271.7,86,0.0,0.0,
7.9.2026,23:16:11.500,100.0,15.5,23.322,4271.7,86,0.0,0.0,
7.9.2026,23:16:11.707,100.0,15.5,23.322,4271.7,86,0.0,0.0,
7.9.2026,23:16:11.912,100.0,15.5,23.322,4271.7,86,0.0,0.0,
7.9.2026,23:16:12.119,100.0,15.5,23.322,4271.7,86,0.0,0.0,
7.9.2026,23:16:12.325,100.0,15.5,23.322,4271.7,86,0.0,0.0,
7.9.2026,23:16:12.531,100.0,15.5,23.248,4271.7,86,0.0,0.0,
7.9.2026,23:16:12.738,100.0,15.5,23.248,4271.7,86,0.0,0.0,
7.9.2026,23:16:12.944,100.0,15.5,23.248,4271.7,86,0.0,0.0,
7.9.2026,23:16:13.152,100.0,15.5,23.248,4271.7,86,0.0,0.0,
7.9.2026,23:16:13.356,100.0,15.5,23.248,4271.7,86,0.0,0.0,
7.9.2026,23:16:13.561,100.0,15.5,23.248,4271.7,86,0.0,0.0,
7.9.2026,23:16:13.767,100.0,15.5,23.248,4271.7,86,0.0,0.0,
7.9.2026,23:16:13.973,100.0,15.5,23.248,4271.7,86,0.0,0.0,
7.9.2026,23:16:14.179,100.0,15.5,23.248,4271.7,86,0.0,0.0,
7.9.2026,23:16:14.384,100.0,15.5,23.248,4271.7,86,0.0,0.0,
7.9.2026,23:16:14.590,100.0,15.5,23.248,4271.7,86,0.0,0.0,
7.9.2026,23:16:14.797,100.0,15.5,23.248,4271.7,86,0.0,0.0,
7.9.2026,23:16:15.003,100.0,15.5,23.248,4271.7,86,0.0,0.0,
7.9.2026,23:16:15.209,100.0,15.5,23.248,4271.7,86,0.0,0.0,
7.9.2026,23:16:15.415,100.0,15.5,23.248,4271.7,86,0.0,0.0,
7.9.2026,23:16:15.605,100.0,15.5,23.248,4271.7,86,0.0,0.0,
7.9.2026,23:16:15.811,100.0,15.5,23.248,4271.7,86,0.0,0.0,
7.9.2026,23:16:16.017,100.0,15.5,23.248,4271.7,86,0.0,0.0,
7.9.2026,23:16:16.223,100.0,15.5,23.248,4271.7,86,0.0,0.0,
7.9.2026,23:16:16.428,100.0,15.5,23.248,4271.7,86,0.0,0.0,
7.9.2026,23:16:16.635,100.0,15.5,23.248,4271.7,86,0.0,0.0,
7.9.2026,23:16:16.824,100.0,15.5,23.248,4271.7,86,0.0,0.0,
7.9.2026,23:16:17.030,100.0,15.5,23.248,4271.7,86,0.0,0.0,
7.9.2026,23:16:17.239,100.0,15.5,23.248,4271.7,86,0.0,0.0,
7.9.2026,23:16:17.442,100.0,15.5,23.248,4271.7,86,0.0,0.0,
7.9.2026,23:16:17.648,100.0,15.5,23.248,4271.7,86,0.0,0.0,
7.9.2026,23:16:17.839,100.0,15.5,23.248,4271.7,86,0.0,0.0,
7.9.2026,23:16:18.046,100.0,13.8,23.248,4229.0,86,0.0,0.0,
7.9.2026,23:16:18.251,100.0,13.8,23.248,4229.0,86,0.0,0.0,
7.9.2026,23:16:18.459,100.0,13.8,23.248,4229.0,86,0.0,0.0,
7.9.2026,23:16:18.665,100.0,13.8,23.248,4229.0,86,0.0,0.0,
7.9.2026,23:16:18.868,100.0,13.8,23.248,4229.0,86,0.0,0.0,
7.9.2026,23:16:19.059,100.0,13.8,23.248,4229.0,86,0.0,0.0,
7.9.2026,23:16:19.267,100.0,13.8,23.248,4229.0,86,0.0,0.0,
7.9.2026,23:16:19.471,100.0,13.8,23.248,4229.0,86,0.0,0.0,
7.9.2026,23:16:19.676,100.0,13.8,23.248,4229.0,86,0.0,0.0,
7.9.2026,23:16:19.883,100.0,13.8,23.248,4229.0,86,0.0,0.0,
7.9.2026,23:16:20.075,100.0,13.8,23.248,4229.0,86,0.0,0.0,
7.9.2026,23:16:20.279,100.0,13.8,23.248,4229.0,86,0.0,0.0,
7.9.2026,23:16:20.486,100.0,13.8,23.248,4229.0,86,0.0,0.0,
7.9.2026,23:16:20.690,100.0,13.8,23.248,4229.0,86,0.0,0.0,
7.9.2026,23:16:20.895,100.0,13.8,23.248,4229.0,86,0.0,0.0,
7.9.2026,23:16:21.100,100.0,13.8,23.248,4229.0,86,0.0,0.0,
7.9.2026,23:16:21.305,100.0,13.8,23.248,4229.0,86,0.0,0.0,
7.9.2026,23:16:21.495,100.0,13.8,23.248,4229.0,86,0.0,0.0,
7.9.2026,23:16:21.704,100.0,13.8,23.248,4229.0,86,0.0,0.0,
7.9.2026,23:16:21.907,100.0,13.8,23.248,4229.0,86,0.0,0.0,
7.9.2026,23:16:22.113,100.0,13.8,23.248,4229.0,86,0.0,0.0,
7.9.2026,23:16:22.320,100.0,13.8,23.248,4229.0,86,0.0,0.0,
7.9.2026,23:16:22.527,100.0,13.8,23.248,4229.0,86,0.0,0.0,
7.9.2026,23:16:22.715,100.0,41.6,23.248,4243.1,86,0.0,0.0,
7.9.2026,23:16:22.923,100.0,41.6,23.129,4243.1,86,0.0,0.0,
7.9.2026,23:16:23.126,100.0,41.6,23.129,4243.1,86,0.0,0.0,
7.9.2026,23:16:23.332,100.0,41.6,23.129,4243.1,86,0.0,0.0,
7.9.2026,23:16:23.538,100.0,41.6,23.129,4243.1,86,0.0,0.0,
7.9.2026,23:16:23.743,100.0,41.6,23.129,4243.1,86,0.0,0.0,
7.9.2026,23:16:23.932,100.0,41.6,23.129,4243.1,86,0.0,0.0,
7.9.2026,23:16:24.138,100.0,41.6,23.129,4243.1,86,0.0,0.0,
7.9.2026,23:16:24.343,100.0,41.6,23.129,4243.1,86,0.0,0.0,
7.9.2026,23:16:24.550,100.0,41.6,23.129,4243.1,86,0.0,0.0,
7.9.2026,23:16:24.756,100.0,41.6,23.129,4243.1,86,0.0,0.0,
7.9.2026,23:16:24.962,100.0,41.6,23.129,4243.1,86,0.0,0.0,
7.9.2026,23:16:25.152,100.0,41.6,23.129,4243.1,86,0.0,0.0,
7.9.2026,23:16:25.358,100.0,41.6,23.129,4243.1,86,0.0,0.0,
7.9.2026,23:16:25.563,100.0,41.6,23.129,4243.1,86,0.0,0.0,
7.9.2026,23:16:25.769,100.0,41.6,23.129,4243.1,86,0.0,0.0,
7.9.2026,23:16:25.975,100.0,41.6,23.129,4243.1,86,0.0,0.0,
7.9.2026,23:16:26.181,100.0,41.6,23.129,4243.1,86,0.0,0.0,
7.9.2026,23:16:26.388,100.0,41.6,23.129,4243.1,86,0.0,0.0,
7.9.2026,23:16:26.593,100.0,41.6,23.129,4243.1,86,0.0,0.0,
7.9.2026,23:16:26.798,100.0,41.6,23.129,4243.1,86,0.0,0.0,
7.9.2026,23:16:27.005,100.0,41.6,23.129,4243.1,86,0.0,0.0,
7.9.2026,23:16:27.213,100.0,41.6,23.129,4243.1,86,0.0,0.0,
7.9.2026,23:16:27.401,100.0,41.6,23.129,4243.1,86,0.0,0.0,
7.9.2026,23:16:27.609,100.0,15.6,23.129,4253.0,87,0.0,0.0,
7.9.2026,23:16:27.814,100.0,15.6,23.118,4253.0,87,0.0,0.0,
7.9.2026,23:16:28.021,100.0,15.6,23.118,4253.0,87,0.0,0.0,
7.9.2026,23:16:28.227,100.0,15.6,23.118,4253.0,87,0.0,0.0,
7.9.2026,23:16:28.417,100.0,15.6,23.118,4253.0,87,0.0,0.0,
7.9.2026,23:16:28.623,100.0,15.6,23.118,4253.0,87,0.0,0.0,
7.9.2026,23:16:28.829,100.0,15.6,23.118,4253.0,87,0.0,0.0,
7.9.2026,23:16:29.033,100.0,15.6,23.118,4253.0,87,0.0,0.0,
7.9.2026,23:16:29.241,100.0,15.6,23.118,4253.0,87,0.0,0.0,
7.9.2026,23:16:29.445,100.0,15.6,23.118,4253.0,87,0.0,0.0,
7.9.2026,23:16:29.653,100.0,15.6,23.118,4253.0,87,0.0,0.0,
7.9.2026,23:16:29.855,100.0,15.6,23.118,4253.0,87,0.0,0.0,
7.9.2026,23:16:30.061,100.0,15.6,23.118,4253.0,87,0.0,0.0,
7.9.2026,23:16:30.266,100.0,15.6,23.118,4253.0,87,0.0,0.0,
7.9.2026,23:16:30.472,100.0,15.6,23.118,4253.0,87,0.0,0.0,
7.9.2026,23:16:30.679,100.0,15.6,23.118,4253.0,87,0.0,0.0,
7.9.2026,23:16:30.884,100.0,15.6,23.118,4253.0,87,0.0,0.0,
7.9.2026,23:16:31.091,100.0,15.6,23.118,4253.0,87,0.0,0.0,
7.9.2026,23:16:31.296,100.0,15.6,23.118,4253.0,87,0.0,0.0,
7.9.2026,23:16:31.503,100.0,15.6,23.118,4253.0,87,0.0,0.0,
7.9.2026,23:16:31.707,100.0,15.6,23.118,4253.0,87,0.0,0.0,
7.9.2026,23:16:31.912,100.0,15.6,23.118,4253.0,87,0.0,0.0,
7.9.2026,23:16:32.117,100.0,15.6,23.118,4253.0,87,0.0,0.0,
7.9.2026,23:16:32.323,100.0,15.6,23.118,4253.0,87,0.0,0.0,
7.9.2026,23:16:32.529,100.0,15.6,23.118,4249.8,86,0.0,0.0,
7.9.2026,23:16:32.734,100.0,15.6,23.028,4249.8,86,0.0,0.0,
7.9.2026,23:16:32.940,100.0,15.6,23.028,4249.8,86,0.0,0.0,
7.9.2026,23:16:33.145,100.0,15.6,23.028,4249.8,86,0.0,0.0,
7.9.2026,23:16:33.352,100.0,15.6,23.028,4249.8,86,0.0,0.0,
7.9.2026,23:16:33.542,100.0,15.6,23.028,4249.8,86,0.0,0.0,
7.9.2026,23:16:33.747,100.0,15.6,23.028,4249.8,86,0.0,0.0,
7.9.2026,23:16:33.953,100.0,15.6,23.028,4249.8,86,0.0,0.0,
7.9.2026,23:16:34.160,100.0,15.6,23.028,4249.8,86,0.0,0.0,
7.9.2026,23:16:34.364,100.0,15.6,23.028,4249.8,86,0.0,0.0,
7.9.2026,23:16:34.572,100.0,15.6,23.028,4249.8,86,0.0,0.0,
7.9.2026,23:16:34.761,100.0,15.6,23.028,4249.8,86,0.0,0.0,
7.9.2026,23:16:34.968,100.0,15.6,23.028,4249.8,86,0.0,0.0,
7.9.2026,23:16:35.172,100.0,15.6,23.028,4249.8,86,0.0,0.0,
7.9.2026,23:16:35.380,100.0,15.6,23.028,4249.8,86,0.0,0.0,
7.9.2026,23:16:35.584,100.0,15.6,23.028,4249.8,86,0.0,0.0,
7.9.2026,23:16:35.790,100.0,15.6,23.028,4249.8,86,0.0,0.0,
7.9.2026,23:16:35.980,100.0,15.6,23.028,4249.8,86,0.0,0.0,
7.9.2026,23:16:36.187,100.0,15.6,23.028,4249.8,86,0.0,0.0,
7.9.2026,23:16:36.392,100.0,15.6,23.028,4249.8,86,0.0,0.0,
7.9.2026,23:16:36.599,100.0,15.6,23.028,4249.8,86,0.0,0.0,
7.9.2026,23:16:36.804,100.0,15.6,23.028,4249.8,86,0.0,0.0,
7.9.2026,23:16:37.009,100.0,15.6,23.028,4249.8,86,0.0,0.0,
7.9.2026,23:16:37.215,100.0,15.6,23.028,4249.8,86,0.0,0.0,
7.9.2026,23:16:37.421,100.0,15.6,23.028,4249.8,86,0.0,0.0,
7.9.2026,23:16:37.628,100.0,15.6,23.028,4249.8,86,0.0,0.0,
7.9.2026,23:16:37.834,100.0,15.6,23.028,4249.8,86,0.0,0.0,
7.9.2026,23:16:38.040,100.0,15.6,23.028,4249.8,86,0.0,0.0,
7.9.2026,23:16:38.233,100.0,15.6,23.028,4249.8,86,0.0,0.0,
7.9.2026,23:16:38.436,100.0,15.6,23.028,4249.8,86,0.0,0.0,
7.9.2026,23:16:38.644,100.0,15.6,23.028,4249.8,86,0.0,0.0,
7.9.2026,23:16:38.850,100.0,15.6,23.028,4249.8,86,0.0,0.0,
7.9.2026,23:16:39.056,100.0,15.6,23.028,4249.8,86,0.0,0.0,
7.9.2026,23:16:39.263,100.0,15.6,23.028,4249.8,86,0.0,0.0,
7.9.2026,23:16:39.468,100.0,15.6,23.028,4249.8,86,0.0,0.0,
7.9.2026,23:16:39.673,100.0,15.6,23.028,4249.8,86,0.0,0.0,
7.9.2026,23:16:39.881,100.0,15.6,23.028,4249.8,86,0.0,0.0,
7.9.2026,23:16:40.086,100.0,15.6,23.028,4249.8,86,0.0,0.0,
7.9.2026,23:16:40.277,100.0,15.6,23.028,4249.8,86,0.0,0.0,
7.9.2026,23:16:40.482,100.0,15.6,23.028,4249.8,86,0.0,0.0,
7.9.2026,23:16:40.689,100.0,15.6,23.028,4249.8,86,0.0,0.0,
7.9.2026,23:16:40.892,100.0,15.6,23.028,4249.8,86,0.0,0.0,
7.9.2026,23:16:41.100,100.0,15.5,23.028,4248.7,88,0.0,0.0,
7.9.2026,23:16:41.304,100.0,15.5,23.091,4248.7,88,0.0,0.0,
7.9.2026,23:16:41.495,100.0,15.5,23.091,4248.7,88,0.0,0.0,
7.9.2026,23:16:41.701,100.0,15.5,23.091,4248.7,88,0.0,0.0,
7.9.2026,23:16:41.908,100.0,15.5,23.091,4248.7,88,0.0,0.0,
7.9.2026,23:16:42.114,100.0,15.5,23.091,4248.7,88,0.0,0.0,
7.9.2026,23:16:42.320,100.0,15.5,23.091,4248.7,88,0.0,0.0,
7.9.2026,23:16:42.512,100.0,15.5,23.091,4248.7,88,0.0,0.0,
7.9.2026,23:16:42.715,100.0,15.5,23.091,4248.7,88,0.0,0.0,
7.9.2026,23:16:42.921,100.0,15.5,23.091,4248.7,88,0.0,0.0,
7.9.2026,23:16:43.128,100.0,15.5,23.091,4248.7,88,0.0,0.0,
7.9.2026,23:16:43.336,100.0,15.5,23.091,4248.7,88,0.0,0.0,
7.9.2026,23:16:43.525,100.0,15.5,23.091,4248.7,88,0.0,0.0,
7.9.2026,23:16:43.731,100.0,15.5,23.091,4248.7,88,0.0,0.0,
7.9.2026,23:16:43.937,100.0,15.5,23.091,4248.7,88,0.0,0.0,
7.9.2026,23:16:44.143,100.0,15.5,23.091,4248.7,88,0.0,0.0,
7.9.2026,23:16:44.349,100.0,15.5,23.091,4248.7,88,0.0,0.0,
7.9.2026,23:16:44.555,100.0,15.5,23.091,4248.7,88,0.0,0.0,
7.9.2026,23:16:44.747,100.0,15.5,23.097,4248.7,88,0.0,0.0,
7.9.2026,23:16:44.951,100.0,15.5,23.097,4248.7,88,0.0,0.0,
7.9.2026,23:16:45.159,100.0,15.5,23.097,4248.7,88,0.0,0.0,
7.9.2026,23:16:45.363,100.0,15.5,23.097,4248.7,88,0.0,0.0,
7.9.2026,23:16:45.568,100.0,15.5,23.097,4248.7,88,0.0,0.0,
7.9.2026,23:16:45.775,97.9,63.5,23.097,4067.5,65,0.0,0.0,
7.9.2026,23:16:45.986,6.9,4.9,22.614,115.6,53,0.0,0.0,
7.9.2026,23:16:46.196,1.5,4.1,8.696,144.7,52,0.0,0.0,
7.9.2026,23:16:46.395,6.8,10.0,8.099,109.8,52,0.0,0.0,
7.9.2026,23:16:46.601,0.0,0.6,8.099,109.4,51,0.0,0.0,
7.9.2026,23:16:46.794,4.3,5.2,8.828,234.3,52,0.0,0.0,
7.9.2026,23:16:47.005,7.8,6.4,9.226,127.6,51,0.0,0.0,
7.9.2026,23:16:47.216,8.8,5.9,7.953,513.4,51,0.0,0.0,
7.9.2026,23:16:47.421,9.2,7.0,8.153,154.7,50,0.0,0.0,
7.9.2026,23:16:47.630,0.8,4.0,8.254,76.7,50,0.0,0.0,
7.9.2026,23:16:47.843,1.6,4.2,8.098,176.3,49,0.0,0.0,
7.9.2026,23:16:48.051,8.1,4.9,8.341,152.9,51,0.0,0.0,
7.9.2026,23:16:48.262,0.4,5.0,8.103,124.2,49,0.0,0.0,
7.9.2026,23:16:48.468,6.4,5.9,8.460,61.5,50,0.0,0.0,
7.9.2026,23:16:48.676,1.0,5.5,8.092,102.1,50,0.0,0.0,
7.9.2026,23:16:48.886,1.8,4.0,8.289,119.6,50,0.0,0.0,
7.9.2026,23:16:49.092,6.8,10.8,8.520,63.1,49,0.0,0.0,
7.9.2026,23:16:49.299,1.9,1.1,8.021,127.9,50,0.0,0.0,
7.9.2026,23:16:49.507,0.9,3.0,8.744,89.0,49,0.0,0.0,
7.9.2026,23:16:49.701,9.0,7.7,8.070,152.6,50,0.0,0.0,
7.9.2026,23:16:49.910,0.0,4.7,8.064,73.9,49,0.0,0.0,
7.9.2026,23:16:50.119,0.0,1.6,7.989,69.8,49,0.0,0.0,
7.9.2026,23:16:50.327,8.9,8.4,7.946,113.6,49,0.0,0.0,
7.9.2026,23:16:50.535,0.6,6.0,7.899,77.5,49,0.0,0.0,
7.9.2026,23:16:50.742,2.0,5.2,8.162,133.5,49,0.0,0.0,
7.9.2026,23:16:50.935,8.4,6.6,7.946,99.2,48,0.0,0.0,
7.9.2026,23:16:51.141,4.8,6.7,8.651,273.5,49,0.0,0.0,
7.9.2026,23:16:51.355,10.9,4.9,7.786,542.4,48,0.0,0.0,
7.9.2026,23:16:51.544,6.1,9.1,8.102,83.2,48,0.0,0.0,
7.9.2026,23:16:51.752,1.8,3.5,7.885,132.3,47,0.0,0.0,
7.9.2026,23:16:51.961,1.0,1.3,8.583,85.8,47,0.0,0.0,
7.9.2026,23:16:52.167,7.9,8.5,7.907,84.6,47,0.0,0.0,
7.9.2026,23:16:52.374,1.2,2.8,8.019,97.3,48,0.0,0.0,
7.9.2026,23:16:52.587,1.0,3.2,7.486,154.9,48,0.0,0.0,
7.9.2026,23:16:52.781,6.2,7.0,8.173,112.9,48,0.0,0.0,
7.9.2026,23:16:52.994,3.2,4.1,8.532,172.7,47,0.0,0.0,
7.9.2026,23:16:53.191,4.0,3.9,8.025,69.6,48,0.0,0.0,
7.9.2026,23:16:53.397,1.6,3.8,8.142,148.0,48,0.0,0.0,
7.9.2026,23:16:53.593,9.1,8.5,8.175,225.4,47,0.0,0.0,
7.9.2026,23:16:53.800,3.2,5.8,9.410,185.4,48,0.0,0.0,
7.9.2026,23:16:54.008,2.8,3.9,8.238,115.3,48,0.0,0.0,
7.9.2026,23:16:54.200,6.6,7.3,8.073,90.0,48,0.0,0.0,
7.9.2026,23:16:54.403,0.0,1.7,7.787,86.6,46,0.0,0.0,
7.9.2026,23:16:54.608,0.0,1.7,7.588,86.6,46,0.0,0.0,
7.9.2026,23:16:54.816,0.9,7.1,9.127,155.8,47,0.0,0.0,
7.9.2026,23:16:55.026,1.0,4.2,8.187,77.4,47,0.0,0.0,
7.9.2026,23:16:55.216,1.0,4.2,8.187,77.4,47,0.0,0.0,
7.9.2026,23:16:55.427,7.8,9.6,8.292,103.5,47,0.0,0.0,
7.9.2026,23:16:55.625,0.0,1.9,7.797,83.4,46,0.0,0.0,
7.9.2026,23:16:55.834,18.1,9.1,8.008,378.2,47,0.0,0.0,
7.9.2026,23:16:56.028,3.1,2.9,8.089,217.4,47,0.0,0.0,
7.9.2026,23:16:56.240,6.3,8.1,8.810,80.0,75,0.0,0.0,
7.9.2026,23:16:56.453,9.4,3.1,8.810,568.2,74,0.0,0.0,
7.9.2026,23:16:56.661,7.6,4.8,7.469,113.6,75,0.0,0.0,
7.9.2026,23:16:56.870,1.0,3.9,8.006,112.7,77,0.0,0.0,
7.9.2026,23:16:57.086,8.7,9.8,8.780,167.6,77,0.0,0.0,
7.9.2026,23:16:57.277,0.0,0.9,6.669,82.1,46,0.0,0.0,
7.9.2026,23:16:57.497,20.7,8.8,8.987,436.0,77,0.0,0.0,
7.9.2026,23:16:57.703,5.5,4.3,6.554,183.8,46,0.0,0.0,
7.9.2026,23:16:57.914,0.1,0.7,7.942,163.8,46,0.0,0.0,
7.9.2026,23:16:58.108,0.1,0.7,8.265,163.8,46,0.0,0.0,
7.9.2026,23:16:58.319,3.5,5.7,7.520,166.5,45,0.0,0.0,
7.9.2026,23:16:58.513,3.5,5.7,8.848,166.5,45,0.0,0.0,
7.9.2026,23:16:58.727,0.0,6.1,7.943,69.8,45,0.0,0.0,
7.9.2026,23:16:58.934,7.9,7.4,7.818,135.2,45,0.0,0.0,
7.9.2026,23:16:59.146,0.7,1.8,8.787,136.6,45,0.0,0.0,
7.9.2026,23:16:59.351,5.7,5.2,7.614,131.3,45,0.0,0.0,
7.9.2026,23:16:59.543,7.1,4.7,7.805,128.0,46,0.0,0.0,
7.9.2026,23:16:59.750,3.3,5.0,7.525,172.4,44,0.0,0.0,
7.9.2026,23:16:59.962,0.9,2.9,8.066,180.8,45,0.0,0.0,
7.9.2026,23:17:0.170,10.0,9.4,8.223,116.7,44,0.0,0.0,
7.9.2026,23:17:0.382,1.3,5.8,8.494,170.9,44,0.0,0.0,
7.9.2026,23:17:0.586,1.4,4.5,8.401,64.9,45,0.0,0.0,
7.9.2026,23:17:0.777,9.5,12.4,9.531,130.7,44,0.0,0.0,
7.9.2026,23:17:0.985,4.3,3.5,10.021,237.9,45,0.0,0.0,
7.9.2026,23:17:1.195,3.4,6.9,10.221,161.5,44,0.0,0.0,
7.9.2026,23:17:1.400,2.2,4.0,10.016,155.8,45,0.0,0.0,
7.9.2026,23:17:1.620,7.1,8.5,9.797,102.0,44,0.0,0.0,
7.9.2026,23:17:1.826,5.9,8.3,9.142,125.8,45,0.0,0.0,
7.9.2026,23:17:2.036,1.1,3.4,8.025,136.2,45,0.0,0.0,
7.9.2026,23:17:2.243,1.0,4.3,9.469,108.6,45,0.0,0.0,
7.9.2026,23:17:2.435,8.2,8.6,9.824,107.3,45,0.0,0.0,
7.9.2026,23:17:2.642,2.5,2.9,10.232,144.7,44,0.0,0.0,
7.9.2026,23:17:2.850,3.4,7.5,9.211,201.4,45,0.0,0.0,
7.9.2026,23:17:3.053,2.8,5.1,10.634,70.1,44,0.0,0.0,
7.9.2026,23:17:3.259,7.0,5.4,9.126,388.1,45,0.0,0.0,
7.9.2026,23:17:3.468,10.2,8.3,10.066,183.5,44,0.0,0.0,
7.9.2026,23:17:3.676,0.0,4.3,10.177,86.5,45,0.0,0.0,
7.9.2026,23:17:3.884,2.8,8.0,9.017,193.4,45,0.0,0.0,
7.9.2026,23:17:4.095,8.2,7.8,10.934,112.9,44,0.0,0.0,
7.9.2026,23:17:4.301,2.4,4.7,9.677,214.3,44,0.0,0.0,
7.9.2026,23:17:4.511,6.0,5.9,9.471,306.5,43,0.0,0.0,
7.9.2026,23:17:4.700,8.2,8.2,9.858,93.7,43,0.0,0.0,
7.9.2026,23:17:4.909,4.1,7.7,8.973,274.7,44,0.0,0.0,
7.9.2026,23:17:5.116,4.8,5.5,10.768,245.7,44,0.0,0.0,
7.9.2026,23:17:5.309,4.8,5.5,9.374,245.7,45,0.0,0.0,
7.9.2026,23:17:5.518,9.4,9.4,9.197,190.9,44,0.0,0.0,
7.9.2026,23:17:5.725,9.9,4.9,8.034,474.4,44,0.0,0.0,
7.9.2026,23:17:5.932,5.6,3.5,7.661,147.5,44,0.0,0.0,
7.9.2026,23:17:6.141,10.3,9.5,8.068,164.8,43,0.0,0.0,
7.9.2026,23:17:6.346,3.8,2.1,8.075,163.7,43,0.0,0.0,
7.9.2026,23:17:6.560,7.8,6.7,7.849,129.1,43,0.0,0.0,
7.9.2026,23:17:6.765,2.7,5.2,8.212,126.6,43,0.0,0.0,
7.9.2026,23:17:6.971,3.1,7.9,8.200,148.5,42,0.0,0.0,
7.9.2026,23:17:7.178,1.8,3.0,8.697,89.6,44,0.0,0.0,
7.9.2026,23:17:7.384,7.8,3.7,8.256,82.5,44,0.0,0.0,
7.9.2026,23:17:7.591,2.8,8.8,7.834,152.8,44,0.0,0.0,
7.9.2026,23:17:7.802,1.1,4.3,7.486,124.7,43,0.0,0.0,
7.9.2026,23:17:8.007,23.6,3.6,8.092,842.9,43,0.0,0.0,
7.9.2026,23:17:8.197,23.6,3.6,8.036,842.9,43,0.0,0.0,
7.9.2026,23:17:8.409,14.0,9.7,7.834,356.8,43,0.0,0.0,
7.9.2026,23:17:8.607,0.4,3.9,7.915,112.8,43,0.0,0.0,
7.9.2026,23:17:8.828,2.7,3.3,8.048,86.8,44,0.0,0.0,
7.9.2026,23:17:9.041,1.9,5.1,8.436,210.4,43,0.0,0.0,
7.9.2026,23:17:9.232,9.5,9.5,8.766,199.6,44,0.0,0.0,
7.9.2026,23:17:9.443,3.2,3.9,8.177,181.0,44,0.0,0.0,
7.9.2026,23:17:9.656,3.1,2.9,7.930,191.9,44,0.0,0.0,
7.9.2026,23:17:9.862,7.0,8.8,8.185,152.8,42,0.0,0.0,
7.9.2026,23:17:10.070,2.7,2.4,7.695,161.3,43,0.0,0.0,
7.9.2026,23:17:10.263,9.8,6.7,7.924,164.9,43,0.0,0.0,
7.9.2026,23:17:10.472,1.3,5.0,7.913,180.3,43,0.0,0.0,
7.9.2026,23:17:10.682,5.7,2.7,7.820,265.4,43,0.0,0.0,
7.9.2026,23:17:10.889,7.5,7.8,8.025,110.8,45,0.0,0.0,
7.9.2026,23:17:11.096,2.4,3.9,8.528,133.4,43,0.0,0.0,
7.9.2026,23:17:11.316,5.2,4.5,8.223,65.5,43,0.0,0.0,
7.9.2026,23:17:11.524,0.0,2.2,7.844,92.6,43,0.0,0.0,
7.9.2026,23:17:11.718,8.8,8.5,7.743,141.1,43,0.0,0.0,
7.9.2026,23:17:11.924,0.8,2.8,7.598,104.3,43,0.0,0.0,
7.9.2026,23:17:12.131,3.5,6.5,7.918,157.6,42,0.0,0.0,
7.9.2026,23:17:12.327,14.7,5.9,8.303,523.4,43,0.0,0.0,
7.9.2026,23:17:12.534,1.5,3.2,7.801,101.0,44,0.0,0.0,
7.9.2026,23:17:12.744,11.4,1.4,7.745,568.0,43,0.0,0.0,
7.9.2026,23:17:12.938,7.9,10.1,7.743,149.4,42,0.0,0.0,
7.9.2026,23:17:13.147,1.9,5.3,8.688,173.3,42,0.0,0.0,
7.9.2026,23:17:13.354,11.2,6.5,8.206,222.5,43,0.0,0.0,
7.9.2026,23:17:13.561,0.8,6.2,9.490,71.9,42,0.0,0.0,
7.9.2026,23:17:13.771,0.0,4.4,8.068,58.0,41,0.0,0.0,
7.9.2026,23:17:13.967,5.4,8.1,8.023,75.2,43,0.0,0.0,
7.9.2026,23:17:14.178,1.5,2.4,8.449,135.2,42,0.0,0.0,
7.9.2026,23:17:14.373,1.5,2.4,8.449,135.2,42,0.0,0.0,
7.9.2026,23:17:14.579,10.8,10.3,9.737,275.3,42,0.0,0.0,
7.9.2026,23:17:14.787,9.5,4.2,8.203,486.6,42,0.0,0.0,
7.9.2026,23:17:14.995,0.0,2.5,8.178,64.1,42,0.0,0.0,
7.9.2026,23:17:15.186,2.3,4.6,8.178,128.7,42,0.0,0.0,
7.9.2026,23:17:15.393,8.8,9.4,8.874,166.0,71,0.0,0.0,
7.9.2026,23:17:15.602,6.9,1.8,9.111,323.1,58,0.0,0.0,
7.9.2026,23:17:15.792,3.1,3.6,7.607,178.8,59,0.0,0.0,
7.9.2026,23:17:16.005,7.1,10.1,7.667,73.7,57,0.0,0.0,
7.9.2026,23:17:16.212,0.0,1.8,8.937,105.6,74,0.0,0.0,
7.9.2026,23:17:16.414,11.7,3.0,7.000,520.3,71,0.0,0.0,
7.9.2026,23:17:16.605,3.4,6.5,7.983,63.5,74,0.0,0.0,
7.9.2026,23:17:16.822,9.5,9.7,7.393,169.8,67,0.0,0.0,
7.9.2026,23:17:17.021,2.9,2.0,9.489,333.3,59,0.0,0.0,
7.9.2026,23:17:17.230,9.4,6.4,7.997,328.4,71,0.0,0.0,
7.9.2026,23:17:17.446,10.9,6.9,9.101,218.4,57,0.0,0.0,
7.9.2026,23:17:17.649,0.0,1.9,8.423,63.3,74,0.0,0.0,
7.9.2026,23:17:17.846,2.7,4.4,6.883,157.1,74,0.0,0.0,
7.9.2026,23:17:18.053,7.7,9.7,8.032,132.2,73,0.0,0.0,
7.9.2026,23:17:18.260,8.5,3.1,8.032,503.6,70,0.0,0.0,
7.9.2026,23:17:18.473,10.3,10.4,7.820,150.1,74,0.0,0.0,
7.9.2026,23:17:18.680,0.0,2.3,7.653,76.1,72,0.0,0.0,
7.9.2026,23:17:18.873,5.9,3.5,8.036,271.3,74,0.0,0.0,
7.9.2026,23:17:19.080,9.3,12.7,9.318,125.5,65,0.0,0.0,
7.9.2026,23:17:19.287,11.6,2.3,9.318,565.2,60,0.0,0.0,
7.9.2026,23:17:19.480,4.3,4.2,8.359,231.8,58,0.0,0.0,
7.9.2026,23:17:19.692,7.5,8.4,8.069,89.0,45,0.0,0.0,
7.9.2026,23:17:19.889,1.1,2.8,7.477,142.4,46,0.0,0.0,
7.9.2026,23:17:20.094,6.8,7.8,8.124,149.2,43,0.0,0.0,
7.9.2026,23:17:20.307,2.8,2.2,8.030,153.4,44,0.0,0.0,
7.9.2026,23:17:20.502,6.8,4.4,7.650,105.3,43,0.0,0.0,
7.9.2026,23:17:20.713,0.0,5.9,7.978,80.8,43,0.0,0.0,
7.9.2026,23:17:20.921,5.7,6.2,8.865,114.6,42,0.0,0.0,
7.9.2026,23:17:21.128,4.2,6.3,9.784,237.0,42,0.0,0.0,
7.9.2026,23:17:21.344,1.8,3.4,8.973,128.4,42,0.0,0.0,
7.9.2026,23:17:21.557,9.0,6.5,8.723,310.3,42,0.0,0.0,
7.9.2026,23:17:21.746,8.2,4.4,9.143,504.5,43,0.0,0.0,
7.9.2026,23:17:21.962,11.0,8.8,8.897,218.7,42,0.0,0.0,
7.9.2026,23:17:22.169,5.0,5.6,9.050,127.7,43,0.0,0.0,
7.9.2026,23:17:22.380,2.8,6.6,9.084,184.2,45,0.0,0.0,
7.9.2026,23:17:22.588,0.0,1.9,8.431,95.6,45,0.0,0.0,
7.9.2026,23:17:22.800,13.1,10.2,8.763,363.9,44,0.0,0.0,
7.9.2026,23:17:23.012,0.0,3.5,8.962,128.8,44,0.0,0.0,
7.9.2026,23:17:23.224,9.6,9.1,9.248,219.0,46,0.0,0.0,
7.9.2026,23:17:23.421,0.6,3.1,9.248,185.4,45,0.0,0.0,
7.9.2026,23:17:23.619,6.0,5.7,8.639,145.1,42,0.0,0.0,
7.9.2026,23:17:23.827,9.8,7.1,7.977,309.4,42,0.0,0.0,
7.9.2026,23:17:24.038,0.4,3.1,9.020,75.6,42,0.0,0.0,
7.9.2026,23:17:24.229,0.0,2.8,7.729,109.2,43,0.0,0.0,
7.9.2026,23:17:24.439,10.4,8.0,7.639,177.9,42,0.0,0.0,
7.9.2026,23:17:24.645,2.2,5.1,8.184,120.0,43,0.0,0.0,
7.9.2026,23:17:24.858,3.8,8.0,7.975,240.4,42,0.0,0.0,
7.9.2026,23:17:25.075,5.1,5.3,9.506,93.8,42,0.0,0.0,
7.9.2026,23:17:25.281,5.2,5.8,8.019,121.2,42,0.0,0.0,
7.9.2026,23:17:25.499,3.8,4.7,8.406,190.0,42,0.0,0.0,
7.9.2026,23:17:25.707,4.9,8.1,7.692,90.1,44,0.0,0.0,
7.9.2026,23:17:25.915,9.8,3.1,8.926,579.9,63,0.0,0.0,
7.9.2026,23:17:26.106,3.7,5.3,8.170,180.9,73,0.0,0.0,
7.9.2026,23:17:26.314,9.2,4.3,8.160,119.9,46,0.0,0.0,
7.9.2026,23:17:26.526,11.9,3.2,7.913,601.4,44,0.0,0.0,
7.9.2026,23:17:26.733,7.9,8.2,7.833,157.0,42,0.0,0.0,
7.9.2026,23:17:26.942,11.7,4.4,7.931,551.5,43,0.0,0.0,
7.9.2026,23:17:27.148,9.6,5.0,8.220,504.2,45,0.0,0.0,
7.9.2026,23:17:27.360,10.0,4.8,7.945,428.6,42,0.0,0.0,
7.9.2026,23:17:27.558,7.8,5.7,7.397,237.3,42,0.0,0.0,
7.9.2026,23:17:27.773,7.9,4.7,7.850,189.0,42,0.0,0.0,
7.9.2026,23:17:27.965,2.4,4.9,7.453,301.4,47,0.0,0.0,
7.9.2026,23:17:28.172,12.4,6.7,7.785,170.4,51,0.0,0.0,
7.9.2026,23:17:28.383,6.0,9.3,7.820,196.8,53,0.0,0.0,
7.9.2026,23:17:28.574,0.6,4.4,8.184,137.8,45,0.0,0.0,
7.9.2026,23:17:28.782,14.0,6.5,8.077,379.1,41,0.0,0.0,
7.9.2026,23:17:28.994,2.2,4.9,8.063,130.2,42,0.0,0.0,
7.9.2026,23:17:29.187,7.7,3.6,8.433,204.6,41,0.0,0.0,
7.9.2026,23:17:29.400,2.2,8.2,8.218,183.8,42,0.0,0.0,
7.9.2026,23:17:29.610,8.7,4.1,7.782,205.5,41,0.0,0.0,
7.9.2026,23:17:29.815,0.8,4.5,7.765,89.0,42,0.0,0.0,
7.9.2026,23:17:30.024,2.3,3.2,8.031,133.6,42,0.0,0.0,
7.9.2026,23:17:30.218,9.4,7.0,7.821,172.1,41,0.0,0.0,
7.9.2026,23:17:30.423,2.1,8.1,7.880,116.3,42,0.0,0.0,
7.9.2026,23:17:30.630,4.7,2.1,7.963,224.9,41,0.0,0.0,
7.9.2026,23:17:30.823,0.2,3.1,7.399,100.1,41,0.0,0.0,
7.9.2026,23:17:31.032,11.3,7.5,8.188,242.0,40,0.0,0.0,
7.9.2026,23:17:31.240,2.6,4.5,8.395,217.1,42,0.0,0.0,
7.9.2026,23:17:31.450,1.4,3.0,7.690,91.5,41,0.0,0.0,
7.9.2026,23:17:31.663,8.5,7.2,7.865,156.1,41,0.0,0.0,
7.9.2026,23:17:31.862,4.0,7.9,8.130,86.3,42,0.0,0.0,
7.9.2026,23:17:32.072,0.5,3.0,8.273,155.5,41,0.0,0.0,
7.9.2026,23:17:32.262,8.5,4.7,8.683,128.8,42,0.0,0.0,
7.9.2026,23:17:32.479,1.7,4.5,8.266,165.0,41,0.0,0.0,
7.9.2026,23:17:32.675,15.3,8.9,10.065,518.3,41,0.0,0.0,
7.9.2026,23:17:32.887,0.0,6.0,8.610,104.1,41,0.0,0.0,
7.9.2026,23:17:33.093,8.2,7.2,8.443,173.8,41,0.0,0.0,
7.9.2026,23:17:33.312,2.9,5.3,8.819,186.7,42,0.0,0.0,
7.9.2026,23:17:33.518,4.4,5.7,8.003,96.9,41,0.0,0.0,
7.9.2026,23:17:33.725,5.3,2.3,7.976,277.9,42,0.0,0.0,
7.9.2026,23:17:33.934,1.4,3.8,7.866,100.7,41,0.0,0.0,
7.9.2026,23:17:34.140,10.2,10.1,7.982,101.7,42,0.0,0.0,
7.9.2026,23:17:34.354,5.5,7.2,9.449,269.0,42,0.0,0.0,
7.9.2026,23:17:34.547,14.6,6.3,7.828,450.4,42,0.0,0.0,
7.9.2026,23:17:34.755,0.5,4.1,8.168,121.0,40,0.0,0.0,
7.9.2026,23:17:34.950,2.7,3.7,8.168,194.8,41,0.0,0.0,
7.9.2026,23:17:35.156,6.7,7.9,8.132,140.2,41,0.0,0.0,
7.9.2026,23:17:35.366,3.0,6.0,8.945,181.8,42,0.0,0.0,
7.9.2026,23:17:35.571,3.3,3.9,9.605,165.5,42,0.0,0.0,
7.9.2026,23:17:35.767,7.8,9.1,8.587,113.3,42,0.0,0.0,
7.9.2026,23:17:35.972,1.5,4.6,8.248,108.1,41,0.0,0.0,
7.9.2026,23:17:36.184,11.8,4.1,7.846,558.5,41,0.0,0.0,
7.9.2026,23:17:36.406,3.5,4.3,8.271,100.2,42,0.0,0.0,
7.9.2026,23:17:36.619,6.2,5.9,8.335,132.2,42,0.0,0.0,
7.9.2026,23:17:36.809,6.9,5.9,8.220,143.4,41,0.0,0.0,
7.9.2026,23:17:37.027,0.3,5.4,7.884,86.0,41,0.0,0.0,
7.9.2026,23:17:37.240,6.8,9.3,8.179,222.6,42,0.0,0.0,
7.9.2026,23:17:37.446,10.9,7.0,8.530,408.5,42,0.0,0.0,
7.9.2026,23:17:37.648,11.3,8.1,8.309,311.7,41,0.0,0.0,
7.9.2026,23:17:37.847,2.7,7.3,8.799,109.3,41,0.0,0.0,
7.9.2026,23:17:38.055,0.0,4.1,8.592,102.9,41,0.0,0.0,
7.9.2026,23:17:38.245,7.9,4.0,8.068,369.0,43,0.0,0.0,
7.9.2026,23:17:38.452,9.3,7.9,8.514,144.2,41,0.0,0.0,
7.9.2026,23:17:38.659,3.6,5.6,8.209,189.0,41,0.0,0.0,
7.9.2026,23:17:38.873,1.6,3.0,8.436,111.0,42,0.0,0.0,
7.9.2026,23:17:39.080,6.4,8.7,8.123,119.3,42,0.0,0.0,
7.9.2026,23:17:39.297,3.4,3.2,8.210,202.8,41,0.0,0.0,
7.9.2026,23:17:39.511,2.7,3.6,9.507,149.8,41,0.0,0.0,
7.9.2026,23:17:39.701,2.3,7.3,7.623,147.9,41,0.0,0.0,
7.9.2026,23:17:39.913,11.5,5.8,8.069,287.5,41,0.0,0.0,
7.9.2026,23:17:40.118,0.0,3.4,7.724,83.2,42,0.0,0.0,
7.9.2026,23:17:40.314,6.8,5.7,7.524,77.9,41,0.0,0.0,
7.9.2026,23:17:40.528,0.0,2.7,7.801,159.1,41,0.0,0.0,
7.9.2026,23:17:40.734,8.9,9.4,7.836,147.6,41,0.0,0.0,
7.9.2026,23:17:40.947,0.0,1.4,7.747,83.7,42,0.0,0.0,
7.9.2026,23:17:41.137,8.4,9.3,7.463,142.0,41,0.0,0.0,
7.9.2026,23:17:41.347,0.0,2.6,7.884,161.6,41,0.0,0.0,
7.9.2026,23:17:41.558,3.8,3.5,8.818,146.9,42,0.0,0.0,
7.9.2026,23:17:41.777,9.1,5.7,7.895,208.8,41,0.0,0.0,
7.9.2026,23:17:41.988,4.1,8.0,8.014,62.9,42,0.0,0.0,
7.9.2026,23:17:42.198,1.5,2.1,7.448,191.8,41,0.0,0.0,
7.9.2026,23:17:42.388,7.2,5.1,7.591,81.3,41,0.0,0.0,
7.9.2026,23:17:42.600,2.2,5.0,7.692,125.3,42,0.0,0.0,
7.9.2026,23:17:42.815,0.0,3.8,7.788,116.4,42,0.0,0.0,
7.9.2026,23:17:43.021,5.9,5.6,8.138,99.3,42,0.0,0.0,
7.9.2026,23:17:43.218,4.2,7.8,8.054,225.3,47,0.0,0.0,
7.9.2026,23:17:43.430,5.0,5.5,8.636,63.0,41,0.0,0.0,
7.9.2026,23:17:43.638,1.6,1.7,7.931,167.2,41,0.0,0.0,
7.9.2026,23:17:43.849,8.4,7.2,7.862,160.5,41,0.0,0.0,
7.9.2026,23:17:44.055,0.3,3.4,8.109,87.0,42,0.0,0.0,
7.9.2026,23:17:44.246,9.6,5.3,7.628,134.4,42,0.0,0.0,
7.9.2026,23:17:44.457,1.4,5.9,8.341,114.4,41,0.0,0.0,
7.9.2026,23:17:44.653,0.0,3.0,7.917,87.5,42,0.0,0.0,
7.9.2026,23:17:44.867,9.3,8.4,7.687,147.3,41,0.0,0.0,
7.9.2026,23:17:45.064,3.5,3.3,8.207,120.2,43,0.0,0.0,
7.9.2026,23:17:45.270,3.4,6.2,7.691,207.3,42,0.0,0.0,
7.9.2026,23:17:45.483,0.6,4.7,8.746,93.6,41,0.0,0.0,
7.9.2026,23:17:45.686,7.6,7.5,7.787,113.0,42,0.0,0.0,
7.9.2026,23:17:45.893,7.6,7.5,7.887,113.0,42,0.0,0.0,
7.9.2026,23:17:46.099,7.6,7.5,7.887,113.0,42,0.0,0.0,
7.9.2026,23:17:46.306,7.6,7.5,24.229,113.0,42,0.0,0.0,
7.9.2026,23:17:46.495,7.6,7.5,24.229,113.0,42,0.0,0.0,
7.9.2026,23:17:46.701,7.6,7.5,24.229,113.0,42,0.0,0.0,
7.9.2026,23:17:46.908,7.6,7.5,24.229,113.0,42,0.0,0.0,
7.9.2026,23:17:47.114,7.6,7.5,24.229,113.0,42,0.0,0.0,
7.9.2026,23:17:47.320,7.6,7.5,24.229,113.0,42,0.0,0.0,
7.9.2026,23:17:47.526,7.6,7.5,24.229,113.0,42,0.0,0.0,
7.9.2026,23:17:47.732,7.6,7.5,24.229,113.0,42,0.0,0.0,
7.9.2026,23:17:47.937,7.6,7.5,24.229,113.0,42,0.0,0.0,
7.9.2026,23:17:48.143,7.6,7.5,24.229,113.0,42,0.0,0.0,
7.9.2026,23:17:48.349,7.6,7.5,24.229,113.0,42,0.0,0.0,
7.9.2026,23:17:48.555,7.6,7.5,24.229,113.0,42,0.0,0.0,
7.9.2026,23:17:48.746,7.6,7.5,24.229,113.0,42,0.0,0.0,
7.9.2026,23:17:48.953,7.6,7.5,24.229,113.0,42,0.0,0.0,
7.9.2026,23:17:49.159,7.6,7.5,24.229,113.0,42,0.0,0.0,
7.9.2026,23:17:49.365,7.6,7.5,24.229,113.0,42,0.0,0.0,
7.9.2026,23:17:49.569,7.6,7.5,24.229,113.0,42,0.0,0.0,
7.9.2026,23:17:49.761,7.6,7.5,24.229,113.0,42,0.0,0.0,
7.9.2026,23:17:49.966,7.6,7.5,24.229,113.0,42,0.0,0.0,
7.9.2026,23:17:50.171,7.6,7.5,24.229,113.0,42,0.0,0.0,
7.9.2026,23:17:50.377,7.6,7.5,24.229,113.0,42,0.0,0.0,
7.9.2026,23:17:50.584,7.6,7.5,24.229,113.0,42,0.0,0.0,
7.9.2026,23:17:50.792,7.6,7.5,24.229,113.0,42,0.0,0.0,
7.9.2026,23:17:50.997,7.6,7.5,24.229,113.0,42,0.0,0.0,
7.9.2026,23:17:51.203,7.6,7.5,24.229,113.0,42,0.0,0.0,
7.9.2026,23:17:51.409,7.6,7.5,24.229,113.0,42,0.0,0.0,
7.9.2026,23:17:51.616,92.7,15.5,24.229,4070.5,86,0.0,0.0,
7.9.2026,23:17:51.819,92.7,15.5,24.229,4070.5,86,0.0,0.0,
7.9.2026,23:17:52.012,92.7,15.5,24.229,4070.5,86,0.0,0.0,
7.9.2026,23:17:52.216,92.7,15.5,24.229,4070.5,86,0.0,0.0,
7.9.2026,23:17:52.421,92.7,15.5,24.229,4070.5,86,0.0,0.0,
7.9.2026,23:17:52.628,92.7,15.5,24.229,4070.5,86,0.0,0.0,
7.9.2026,23:17:52.834,92.7,15.5,24.229,4070.5,86,0.0,0.0,
7.9.2026,23:17:53.041,92.7,15.5,24.229,4070.5,86,0.0,0.0,
7.9.2026,23:17:53.228,92.7,15.5,24.229,4070.5,86,0.0,0.0,
7.9.2026,23:17:53.437,92.7,15.5,24.229,4070.5,86,0.0,0.0,
7.9.2026,23:17:53.642,92.7,15.5,24.229,4070.5,86,0.0,0.0,
7.9.2026,23:17:53.840,92.7,15.5,24.229,4070.5,86,0.0,0.0,
7.9.2026,23:17:54.054,92.7,15.5,24.229,4070.5,86,0.0,0.0,
7.9.2026,23:17:54.261,92.7,15.5,24.229,4070.5,86,0.0,0.0,
7.9.2026,23:17:54.465,92.7,15.5,24.229,4070.5,86,0.0,0.0,
7.9.2026,23:17:54.671,92.7,15.5,24.229,4070.5,86,0.0,0.0,
7.9.2026,23:17:54.878,92.7,15.5,24.229,4070.5,86,0.0,0.0,
7.9.2026,23:17:55.082,92.7,15.5,24.229,4070.5,86,0.0,0.0,
7.9.2026,23:17:55.288,92.7,15.5,24.229,4070.5,86,0.0,0.0,
7.9.2026,23:17:55.481,92.7,15.5,24.229,4070.5,86,0.0,0.0,
7.9.2026,23:17:55.685,92.7,15.5,24.229,4070.5,86,0.0,0.0,
7.9.2026,23:17:55.891,92.7,15.5,24.229,4070.5,86,0.0,0.0,
7.9.2026,23:17:56.097,92.7,15.5,24.229,4070.5,86,0.0,0.0,
7.9.2026,23:17:56.307,100.0,15.7,23.828,4297.8,83,0.0,0.0,
7.9.2026,23:17:56.509,100.0,15.7,23.828,4297.8,83,0.0,0.0,
7.9.2026,23:17:56.698,100.0,15.7,23.828,4297.8,83,0.0,0.0,
7.9.2026,23:17:56.905,100.0,15.7,23.828,4297.8,83,0.0,0.0,
7.9.2026,23:17:57.112,100.0,15.7,23.828,4297.8,83,0.0,0.0,
7.9.2026,23:17:57.318,100.0,15.7,23.828,4297.8,83,0.0,0.0,
7.9.2026,23:17:57.525,100.0,15.7,23.828,4297.8,83,0.0,0.0,
7.9.2026,23:17:57.730,100.0,15.7,23.828,4297.8,83,0.0,0.0,
7.9.2026,23:17:57.925,100.0,15.7,23.828,4297.8,83,0.0,0.0,
7.9.2026,23:17:58.129,100.0,15.7,23.828,4297.8,83,0.0,0.0,
7.9.2026,23:17:58.335,100.0,15.7,23.828,4297.8,83,0.0,0.0,
7.9.2026,23:17:58.542,100.0,15.7,23.828,4297.8,83,0.0,0.0,
7.9.2026,23:17:58.746,100.0,15.7,23.828,4297.8,83,0.0,0.0,
7.9.2026,23:17:58.955,100.0,15.7,23.828,4297.8,83,0.0,0.0,
7.9.2026,23:17:59.158,100.0,15.7,23.828,4297.8,83,0.0,0.0,
7.9.2026,23:17:59.364,100.0,15.7,23.828,4297.8,83,0.0,0.0,
7.9.2026,23:17:59.571,100.0,15.7,23.828,4297.8,83,0.0,0.0,
7.9.2026,23:17:59.759,100.0,15.7,23.828,4297.8,83,0.0,0.0,
7.9.2026,23:17:59.966,100.0,15.7,23.828,4297.8,83,0.0,0.0,
7.9.2026,23:18:0.171,100.0,15.7,23.828,4297.8,83,0.0,0.0,
7.9.2026,23:18:0.378,100.0,15.7,23.828,4297.8,83,0.0,0.0,
7.9.2026,23:18:0.572,100.0,15.7,23.828,4297.8,83,0.0,0.0,
7.9.2026,23:18:0.791,100.0,15.7,23.828,4297.8,83,0.0,0.0,
7.9.2026,23:18:0.980,100.0,15.7,23.828,4297.8,83,0.0,0.0,
7.9.2026,23:18:1.188,100.0,15.7,23.828,4267.3,86,0.0,0.0,
7.9.2026,23:18:1.393,100.0,15.7,23.422,4267.3,86,0.0,0.0,
7.9.2026,23:18:1.600,100.0,15.7,23.422,4267.3,86,0.0,0.0,
7.9.2026,23:18:1.804,100.0,15.7,23.422,4267.3,86,0.0,0.0,
7.9.2026,23:18:1.995,100.0,15.7,23.422,4267.3,86,0.0,0.0,
7.9.2026,23:18:2.200,100.0,15.7,23.422,4267.3,86,0.0,0.0,
7.9.2026,23:18:2.408,100.0,15.7,23.422,4267.3,86,0.0,0.0,
7.9.2026,23:18:2.611,100.0,15.7,23.422,4267.3,86,0.0,0.0,
7.9.2026,23:18:2.818,100.0,15.7,23.422,4267.3,86,0.0,0.0,
7.9.2026,23:18:3.023,100.0,15.7,23.422,4267.3,86,0.0,0.0,
7.9.2026,23:18:3.213,100.0,15.7,23.422,4267.3,86,0.0,0.0,
7.9.2026,23:18:3.419,100.0,15.7,23.422,4267.3,86,0.0,0.0,
7.9.2026,23:18:3.628,100.0,15.7,23.422,4267.3,86,0.0,0.0,
7.9.2026,23:18:3.830,100.0,15.7,23.422,4267.3,86,0.0,0.0,
7.9.2026,23:18:4.036,100.0,15.7,23.422,4267.3,86,0.0,0.0,
7.9.2026,23:18:4.241,100.0,15.7,23.422,4267.3,86,0.0,0.0,
7.9.2026,23:18:4.435,100.0,15.7,23.422,4267.3,86,0.0,0.0,
7.9.2026,23:18:4.638,100.0,15.7,23.422,4267.3,86,0.0,0.0,
7.9.2026,23:18:4.844,100.0,15.7,23.422,4267.3,86,0.0,0.0,
7.9.2026,23:18:5.050,100.0,15.7,23.422,4267.3,86,0.0,0.0,
7.9.2026,23:18:5.256,100.0,15.7,23.422,4267.3,86,0.0,0.0,
7.9.2026,23:18:5.463,100.0,15.7,23.422,4267.3,86,0.0,0.0,
7.9.2026,23:18:5.669,100.0,15.7,23.422,4267.3,86,0.0,0.0,
7.9.2026,23:18:5.874,100.0,15.7,23.422,4267.3,86,0.0,0.0,
7.9.2026,23:18:6.083,100.0,16.0,23.385,4260.3,86,0.0,0.0,
7.9.2026,23:18:6.287,100.0,16.0,23.385,4260.3,86,0.0,0.0,
7.9.2026,23:18:6.494,100.0,16.0,23.385,4260.3,86,0.0,0.0,
7.9.2026,23:18:6.683,100.0,16.0,23.385,4260.3,86,0.0,0.0,
7.9.2026,23:18:6.889,100.0,16.0,23.385,4260.3,86,0.0,0.0,
7.9.2026,23:18:7.094,100.0,16.0,23.385,4260.3,86,0.0,0.0,
7.9.2026,23:18:7.301,100.0,16.0,23.385,4260.3,86,0.0,0.0,
7.9.2026,23:18:7.506,100.0,16.0,23.385,4260.3,86,0.0,0.0,
7.9.2026,23:18:7.714,100.0,16.0,23.385,4260.3,86,0.0,0.0,
7.9.2026,23:18:7.901,100.0,16.0,23.385,4260.3,86,0.0,0.0,
7.9.2026,23:18:8.107,100.0,16.0,23.385,4260.3,86,0.0,0.0,
7.9.2026,23:18:8.313,100.0,16.0,23.385,4260.3,86,0.0,0.0,
7.9.2026,23:18:8.520,100.0,16.0,23.385,4260.3,86,0.0,0.0,
7.9.2026,23:18:8.726,100.0,16.0,23.385,4260.3,86,0.0,0.0,
7.9.2026,23:18:8.916,100.0,16.0,23.385,4260.3,86,0.0,0.0,
7.9.2026,23:18:9.122,100.0,16.0,23.385,4260.3,86,0.0,0.0,
7.9.2026,23:18:9.328,100.0,16.0,23.385,4260.3,86,0.0,0.0,
7.9.2026,23:18:9.535,100.0,16.0,23.385,4260.3,86,0.0,0.0,
7.9.2026,23:18:9.741,100.0,16.0,23.385,4260.3,86,0.0,0.0,
7.9.2026,23:18:9.946,100.0,16.0,23.385,4260.3,86,0.0,0.0,
7.9.2026,23:18:10.136,100.0,16.0,23.385,4260.3,86,0.0,0.0,
7.9.2026,23:18:10.344,100.0,16.0,23.385,4260.3,86,0.0,0.0,
7.9.2026,23:18:10.552,100.0,16.0,23.385,4260.3,86,0.0,0.0,
7.9.2026,23:18:10.757,100.0,16.2,23.541,4245.3,86,0.0,0.0,
7.9.2026,23:18:10.948,100.0,16.2,23.541,4245.3,86,0.0,0.0,
7.9.2026,23:18:11.154,100.0,16.2,23.541,4245.3,86,0.0,0.0,
7.9.2026,23:18:11.361,100.0,16.2,23.541,4245.3,86,0.0,0.0,
7.9.2026,23:18:11.567,100.0,16.2,23.541,4245.3,86,0.0,0.0,
7.9.2026,23:18:11.774,100.0,16.2,23.541,4245.3,86,0.0,0.0,
7.9.2026,23:18:11.967,100.0,16.2,23.541,4245.3,86,0.0,0.0,
7.9.2026,23:18:12.170,100.0,16.2,23.541,4245.3,86,0.0,0.0,
7.9.2026,23:18:12.375,100.0,16.2,23.541,4245.3,86,0.0,0.0,
7.9.2026,23:18:12.582,100.0,16.2,23.541,4245.3,86,0.0,0.0,
7.9.2026,23:18:12.787,100.0,16.2,23.541,4245.3,86,0.0,0.0,
7.9.2026,23:18:12.994,100.0,16.2,23.541,4245.3,86,0.0,0.0,
7.9.2026,23:18:13.198,100.0,16.2,23.541,4245.3,86,0.0,0.0,
7.9.2026,23:18:13.406,100.0,16.2,23.541,4245.3,86,0.0,0.0,
7.9.2026,23:18:13.610,100.0,16.2,23.541,4245.3,86,0.0,0.0,
7.9.2026,23:18:13.815,100.0,16.2,23.541,4245.3,86,0.0,0.0,
7.9.2026,23:18:14.021,100.0,16.2,23.541,4245.3,86,0.0,0.0,
7.9.2026,23:18:14.227,100.0,16.2,23.541,4245.3,86,0.0,0.0,
7.9.2026,23:18:14.416,100.0,16.2,23.541,4245.3,86,0.0,0.0,
7.9.2026,23:18:14.621,100.0,16.2,23.541,4245.3,86,0.0,0.0,
7.9.2026,23:18:14.828,100.0,16.2,23.541,4245.3,86,0.0,0.0,
7.9.2026,23:18:15.034,100.0,16.2,23.541,4245.3,86,0.0,0.0,
7.9.2026,23:18:15.239,100.0,16.2,23.541,4245.3,86,0.0,0.0,
7.9.2026,23:18:15.446,100.0,16.2,23.541,4245.3,86,0.0,0.0,
7.9.2026,23:18:15.636,100.0,16.2,23.541,4245.3,86,0.0,0.0,
7.9.2026,23:18:15.840,100.0,16.2,23.541,4245.3,86,0.0,0.0,
7.9.2026,23:18:16.047,100.0,16.2,23.541,4245.3,86,0.0,0.0,
7.9.2026,23:18:16.254,100.0,16.2,23.541,4245.3,86,0.0,0.0,
7.9.2026,23:18:16.461,100.0,16.2,23.541,4245.3,86,0.0,0.0,
7.9.2026,23:18:16.666,100.0,16.2,23.541,4245.3,86,0.0,0.0,
7.9.2026,23:18:16.874,100.0,16.2,23.541,4245.3,86,0.0,0.0,
7.9.2026,23:18:17.079,100.0,16.2,23.541,4245.3,86,0.0,0.0,
7.9.2026,23:18:17.286,100.0,16.2,23.541,4245.3,86,0.0,0.0,
7.9.2026,23:18:17.490,100.0,16.2,23.541,4245.3,86,0.0,0.0,
7.9.2026,23:18:17.699,100.0,16.2,23.541,4245.3,86,0.0,0.0,
7.9.2026,23:18:17.887,100.0,16.2,23.541,4245.3,86,0.0,0.0,
7.9.2026,23:18:18.094,100.0,16.2,23.541,4245.3,86,0.0,0.0,
7.9.2026,23:18:18.299,100.0,16.2,23.541,4245.3,86,0.0,0.0,
7.9.2026,23:18:18.507,100.0,16.2,23.541,4245.3,86,0.0,0.0,
7.9.2026,23:18:18.709,100.0,16.2,23.541,4245.3,86,0.0,0.0,
7.9.2026,23:18:18.915,100.0,16.2,23.541,4245.3,86,0.0,0.0,
7.9.2026,23:18:19.105,100.0,16.2,23.541,4245.3,86,0.0,0.0,
7.9.2026,23:18:19.313,100.0,16.2,23.541,4245.3,86,0.0,0.0,
7.9.2026,23:18:19.517,100.0,16.2,23.541,4245.3,86,0.0,0.0,
7.9.2026,23:18:19.725,100.0,16.2,23.541,4245.3,86,0.0,0.0,
7.9.2026,23:18:19.928,100.0,16.2,23.541,4245.3,86,0.0,0.0,
7.9.2026,23:18:20.135,100.0,16.2,23.541,4245.3,86,0.0,0.0,
7.9.2026,23:18:20.341,100.0,16.2,23.541,4245.3,86,0.0,0.0,
7.9.2026,23:18:20.547,100.0,16.2,23.541,4245.3,86,0.0,0.0,
7.9.2026,23:18:20.754,100.0,16.2,23.541,4245.3,86,0.0,0.0,
7.9.2026,23:18:20.960,100.0,16.2,23.541,4245.3,86,0.0,0.0,
7.9.2026,23:18:21.165,100.0,16.2,23.541,4245.3,86,0.0,0.0,
7.9.2026,23:18:21.358,100.0,16.2,23.541,4245.3,86,0.0,0.0,
7.9.2026,23:18:21.562,100.0,16.2,23.541,4245.3,86,0.0,0.0,
7.9.2026,23:18:21.771,100.0,16.2,23.541,4245.3,86,0.0,0.0,
7.9.2026,23:18:21.974,100.0,16.2,23.541,4245.3,86,0.0,0.0,
7.9.2026,23:18:22.179,100.0,16.2,23.541,4245.3,86,0.0,0.0,
7.9.2026,23:18:22.370,100.0,16.2,23.541,4245.3,86,0.0,0.0,
7.9.2026,23:18:22.575,100.0,16.2,23.541,4245.3,86,0.0,0.0,
7.9.2026,23:18:22.781,100.0,16.2,23.541,4245.3,86,0.0,0.0,
7.9.2026,23:18:22.987,100.0,16.2,23.541,4245.3,86,0.0,0.0,
7.9.2026,23:18:23.193,100.0,16.2,23.541,4245.3,86,0.0,0.0,
7.9.2026,23:18:23.398,100.0,16.2,23.541,4245.3,86,0.0,0.0,
7.9.2026,23:18:23.589,100.0,16.2,23.541,4245.3,86,0.0,0.0,
7.9.2026,23:18:23.798,100.0,16.2,23.541,4245.3,86,0.0,0.0,
7.9.2026,23:18:24.001,100.0,15.7,23.541,4241.2,86,0.0,0.0,
7.9.2026,23:18:24.206,100.0,15.7,22.988,4241.2,86,0.0,0.0,
7.9.2026,23:18:24.413,100.0,15.7,22.988,4241.2,86,0.0,0.0,
7.9.2026,23:18:24.621,100.0,15.7,22.988,4241.2,86,0.0,0.0,
7.9.2026,23:18:24.825,100.0,15.7,22.988,4241.2,86,0.0,0.0,
7.9.2026,23:18:25.033,100.0,15.7,22.988,4241.2,86,0.0,0.0,
7.9.2026,23:18:25.237,100.0,15.7,22.988,4241.2,86,0.0,0.0,
7.9.2026,23:18:25.444,100.0,15.7,22.988,4241.2,86,0.0,0.0,
7.9.2026,23:18:25.650,100.0,15.7,22.988,4241.2,86,0.0,0.0,
7.9.2026,23:18:25.857,100.0,15.7,22.988,4241.2,86,0.0,0.0,
7.9.2026,23:18:26.061,100.0,15.7,22.988,4241.2,86,0.0,0.0,
7.9.2026,23:18:26.267,100.0,15.7,22.988,4241.2,86,0.0,0.0,
7.9.2026,23:18:26.472,100.0,15.7,22.988,4241.2,86,0.0,0.0,
7.9.2026,23:18:26.677,100.0,15.7,22.988,4241.2,86,0.0,0.0,
7.9.2026,23:18:26.883,100.0,15.7,22.988,4241.2,86,0.0,0.0,
7.9.2026,23:18:27.076,100.0,15.7,22.988,4241.2,86,0.0,0.0,
7.9.2026,23:18:27.279,100.0,15.7,22.988,4241.2,86,0.0,0.0,
7.9.2026,23:18:27.485,100.0,15.7,22.988,4241.2,86,0.0,0.0,
7.9.2026,23:18:27.691,100.0,15.7,22.988,4241.2,86,0.0,0.0,
7.9.2026,23:18:27.897,100.0,15.7,22.988,4241.2,86,0.0,0.0,
7.9.2026,23:18:28.103,100.0,15.7,22.988,4241.2,86,0.0,0.0,
7.9.2026,23:18:28.293,100.0,15.7,22.988,4241.2,86,0.0,0.0,
7.9.2026,23:18:28.498,100.0,15.7,22.988,4241.2,86,0.0,0.0,
7.9.2026,23:18:28.704,100.0,15.7,22.988,4241.2,86,0.0,0.0,
7.9.2026,23:18:28.912,100.0,15.7,22.988,4234.5,83,0.0,0.0,
7.9.2026,23:18:29.117,100.0,15.7,22.945,4234.5,83,0.0,0.0,
7.9.2026,23:18:29.308,100.0,15.7,22.945,4234.5,83,0.0,0.0,
7.9.2026,23:18:29.513,100.0,15.7,22.945,4234.5,83,0.0,0.0,
7.9.2026,23:18:29.720,100.0,15.7,22.945,4234.5,83,0.0,0.0,
7.9.2026,23:18:29.924,100.0,15.7,22.945,4234.5,83,0.0,0.0,
7.9.2026,23:18:30.133,100.0,15.7,22.945,4234.5,83,0.0,0.0,
7.9.2026,23:18:30.337,100.0,15.7,22.945,4234.5,83,0.0,0.0,
7.9.2026,23:18:30.528,100.0,15.7,22.945,4234.5,83,0.0,0.0,
7.9.2026,23:18:30.732,100.0,15.7,22.945,4234.5,83,0.0,0.0,
7.9.2026,23:18:30.940,100.0,15.7,22.945,4234.5,83,0.0,0.0,
7.9.2026,23:18:31.145,100.0,15.7,22.945,4234.5,83,0.0,0.0,
7.9.2026,23:18:31.352,100.0,15.7,22.945,4234.5,83,0.0,0.0,
7.9.2026,23:18:31.541,100.0,15.7,22.945,4234.5,83,0.0,0.0,
7.9.2026,23:18:31.747,100.0,15.7,22.945,4234.5,83,0.0,0.0,
7.9.2026,23:18:31.953,100.0,15.7,22.945,4234.5,83,0.0,0.0,
7.9.2026,23:18:32.160,100.0,15.7,22.945,4234.5,83,0.0,0.0,
7.9.2026,23:18:32.365,100.0,15.7,22.945,4234.5,83,0.0,0.0,
7.9.2026,23:18:32.572,100.0,15.7,22.945,4234.5,83,0.0,0.0,
7.9.2026,23:18:32.759,100.0,15.7,22.945,4234.5,83,0.0,0.0,
7.9.2026,23:18:32.967,100.0,15.7,22.945,4234.5,83,0.0,0.0,
7.9.2026,23:18:33.171,100.0,15.7,22.945,4234.5,83,0.0,0.0,
7.9.2026,23:18:33.379,100.0,15.7,22.945,4234.5,83,0.0,0.0,
7.9.2026,23:18:33.583,100.0,15.7,22.945,4234.5,83,0.0,0.0,
7.9.2026,23:18:33.788,100.0,15.5,23.005,4248.3,86,0.0,0.0,
7.9.2026,23:18:33.979,100.0,15.5,23.005,4248.3,86,0.0,0.0,
7.9.2026,23:18:34.188,100.0,15.5,23.005,4248.3,86,0.0,0.0,
7.9.2026,23:18:34.391,100.0,15.5,23.005,4248.3,86,0.0,0.0,
7.9.2026,23:18:34.597,100.0,15.5,23.005,4248.3,86,0.0,0.0,
7.9.2026,23:18:34.802,100.0,15.5,23.005,4248.3,86,0.0,0.0,
7.9.2026,23:18:35.009,100.0,15.5,23.005,4248.3,86,0.0,0.0,
7.9.2026,23:18:35.200,100.0,15.5,23.005,4248.3,86,0.0,0.0,
7.9.2026,23:18:35.405,100.0,15.5,23.005,4248.3,86,0.0,0.0,
7.9.2026,23:18:35.611,100.0,15.5,23.005,4248.3,86,0.0,0.0,
7.9.2026,23:18:35.819,100.0,15.5,23.005,4248.3,86,0.0,0.0,
7.9.2026,23:18:36.025,100.0,15.5,23.005,4248.3,86,0.0,0.0,
7.9.2026,23:18:36.232,100.0,15.5,23.005,4248.3,86,0.0,0.0,
7.9.2026,23:18:36.437,100.0,15.5,23.005,4248.3,86,0.0,0.0,
7.9.2026,23:18:36.644,100.0,15.5,23.005,4248.3,86,0.0,0.0,
7.9.2026,23:18:36.848,100.0,15.5,23.005,4248.3,86,0.0,0.0,
7.9.2026,23:18:37.054,100.0,15.5,23.005,4248.3,86,0.0,0.0,
7.9.2026,23:18:37.260,100.0,15.5,23.005,4248.3,86,0.0,0.0,
7.9.2026,23:18:37.466,100.0,15.5,23.005,4248.3,86,0.0,0.0,
7.9.2026,23:18:37.671,100.0,15.5,23.005,4248.3,86,0.0,0.0,
7.9.2026,23:18:37.876,100.0,15.5,23.005,4248.3,86,0.0,0.0,
7.9.2026,23:18:38.083,100.0,15.5,23.005,4248.3,86,0.0,0.0,
7.9.2026,23:18:38.289,100.0,15.5,23.005,4248.3,86,0.0,0.0,
7.9.2026,23:18:38.479,100.0,15.5,23.005,4248.3,86,0.0,0.0,
7.9.2026,23:18:38.685,100.0,15.9,23.005,4236.5,86,0.0,0.0,
7.9.2026,23:18:38.892,100.0,15.9,22.987,4236.5,86,0.0,0.0,
7.9.2026,23:18:39.098,100.0,15.9,22.987,4236.5,86,0.0,0.0,
7.9.2026,23:18:39.305,100.0,15.9,22.987,4236.5,86,0.0,0.0,
7.9.2026,23:18:39.509,100.0,15.9,22.987,4236.5,86,0.0,0.0,
7.9.2026,23:18:39.717,100.0,15.9,22.987,4236.5,86,0.0,0.0,
7.9.2026,23:18:39.922,100.0,15.9,22.987,4236.5,86,0.0,0.0,
7.9.2026,23:18:40.129,100.0,15.9,22.987,4236.5,86,0.0,0.0,
7.9.2026,23:18:40.322,100.0,15.9,22.987,4236.5,86,0.0,0.0,
7.9.2026,23:18:40.526,100.0,15.9,22.987,4236.5,86,0.0,0.0,
7.9.2026,23:18:40.734,100.0,15.9,22.987,4236.5,86,0.0,0.0,
7.9.2026,23:18:40.938,100.0,15.9,22.987,4236.5,86,0.0,0.0,
7.9.2026,23:18:41.143,100.0,15.9,22.987,4236.5,86,0.0,0.0,
7.9.2026,23:18:41.349,100.0,15.9,22.987,4236.5,86,0.0,0.0,
7.9.2026,23:18:41.555,100.0,15.9,22.987,4236.5,86,0.0,0.0,
7.9.2026,23:18:41.745,100.0,15.9,22.987,4236.5,86,0.0,0.0,
7.9.2026,23:18:41.951,100.0,15.9,22.987,4236.5,86,0.0,0.0,
7.9.2026,23:18:42.156,100.0,15.9,22.987,4236.5,86,0.0,0.0,
7.9.2026,23:18:42.363,100.0,15.9,22.987,4236.5,86,0.0,0.0,
7.9.2026,23:18:42.569,100.0,15.9,22.987,4236.5,86,0.0,0.0,
7.9.2026,23:18:42.774,100.0,15.9,22.987,4236.5,86,0.0,0.0,
7.9.2026,23:18:42.964,100.0,15.9,22.987,4236.5,86,0.0,0.0,
7.9.2026,23:18:43.169,100.0,15.9,22.987,4236.5,86,0.0,0.0,
7.9.2026,23:18:43.376,100.0,15.4,22.987,4247.4,87,0.0,0.0,
7.9.2026,23:18:43.580,100.0,15.4,22.916,4247.4,87,0.0,0.0,
7.9.2026,23:18:43.785,100.0,15.4,22.916,4247.4,87,0.0,0.0,
7.9.2026,23:18:43.990,100.0,15.4,22.916,4247.4,87,0.0,0.0,
7.9.2026,23:18:44.196,100.0,15.4,22.916,4247.4,87,0.0,0.0,
7.9.2026,23:18:44.387,100.0,15.4,22.916,4247.4,87,0.0,0.0,
7.9.2026,23:18:44.595,100.0,15.4,22.916,4247.4,87,0.0,0.0,
7.9.2026,23:18:44.797,100.0,15.4,22.916,4247.4,87,0.0,0.0,
7.9.2026,23:18:45.003,100.0,15.4,22.916,4247.4,87,0.0,0.0,
7.9.2026,23:18:45.211,100.0,15.4,22.916,4247.4,87,0.0,0.0,
7.9.2026,23:18:45.415,100.0,15.4,22.916,4247.4,87,0.0,0.0,
7.9.2026,23:18:45.605,100.0,15.4,22.916,4247.4,87,0.0,0.0,
7.9.2026,23:18:45.813,100.0,15.4,22.916,4247.4,87,0.0,0.0,
7.9.2026,23:18:46.018,100.0,15.4,22.916,4247.4,87,0.0,0.0,
7.9.2026,23:18:46.223,100.0,33.3,22.916,4423.6,70,0.0,0.0,
7.9.2026,23:18:46.428,25.3,24.8,21.456,535.8,62,0.0,0.0,
7.9.2026,23:18:46.620,19.6,15.5,21.969,593.6,53,0.0,0.0,
7.9.2026,23:18:46.833,0.5,3.1,14.464,85.5,52,0.0,0.0,
7.9.2026,23:18:47.047,0.0,2.4,8.162,94.2,51,0.0,0.0,
7.9.2026,23:18:47.245,9.8,10.2,8.525,127.0,51,0.0,0.0,
7.9.2026,23:18:47.459,0.0,3.2,8.339,102.4,51,0.0,0.0,
7.9.2026,23:18:47.661,7.4,7.3,8.493,167.3,51,0.0,0.0,
7.9.2026,23:18:47.867,0.0,2.0,8.467,75.5,51,0.0,0.0,
7.9.2026,23:18:48.064,7.2,6.8,8.042,155.7,50,0.0,0.0,
7.9.2026,23:18:48.272,1.3,2.9,7.937,94.2,50,0.0,0.0,
7.9.2026,23:18:48.464,1.3,2.9,8.047,94.2,50,0.0,0.0,
7.9.2026,23:18:48.675,7.6,7.8,8.156,105.4,50,0.0,0.0,
7.9.2026,23:18:48.882,0.1,2.6,8.022,109.6,50,0.0,0.0,
7.9.2026,23:18:49.075,1.0,4.1,7.947,108.3,49,0.0,0.0,
7.9.2026,23:18:49.281,9.8,7.4,9.764,154.9,84,0.0,0.0,
7.9.2026,23:18:49.488,2.3,2.3,7.969,136.6,82,0.0,0.0,
7.9.2026,23:18:49.683,2.7,6.9,7.969,143.3,80,0.0,0.0,
7.9.2026,23:18:49.896,8.3,8.3,8.234,146.8,71,0.0,0.0,
7.9.2026,23:18:50.110,0.0,2.5,8.278,89.0,79,0.0,0.0,
7.9.2026,23:18:50.315,6.8,5.0,6.913,139.3,80,0.0,0.0,
7.9.2026,23:18:50.512,1.8,5.8,6.913,110.2,82,0.0,0.0,
7.9.2026,23:18:50.733,14.8,9.2,8.909,441.3,78,0.0,0.0,
7.9.2026,23:18:50.937,2.7,3.1,8.633,76.7,80,0.0,0.0,
7.9.2026,23:18:51.145,22.4,9.1,9.034,1045.8,76,0.0,0.0,
7.9.2026,23:18:51.354,1.6,1.5,7.021,142.0,83,0.0,0.0,
7.9.2026,23:18:51.543,1.6,3.6,7.021,100.5,82,0.0,0.0,
7.9.2026,23:18:51.752,1.6,3.6,8.115,100.5,82,0.0,0.0,
7.9.2026,23:18:51.956,1.6,3.6,8.115,100.5,82,0.0,0.0,
7.9.2026,23:18:52.161,1.6,3.6,8.115,100.5,82,0.0,0.0,
7.9.2026,23:18:52.368,1.6,3.6,8.115,100.5,82,0.0,0.0,
7.9.2026,23:18:52.561,1.6,3.6,8.115,100.5,82,0.0,0.0,
7.9.2026,23:18:52.765,1.6,3.6,8.115,100.5,82,0.0,0.0,
7.9.2026,23:18:52.970,1.6,3.6,8.115,100.5,82,0.0,0.0,
7.9.2026,23:18:53.177,1.6,3.6,8.115,100.5,82,0.0,0.0,
7.9.2026,23:18:53.382,1.6,3.6,8.115,100.5,82,0.0,0.0,
7.9.2026,23:18:53.588,1.6,3.6,8.115,100.5,82,0.0,0.0,
7.9.2026,23:18:53.794,1.6,3.6,8.115,100.5,82,0.0,0.0,
7.9.2026,23:18:54.002,1.6,3.6,8.115,100.5,82,0.0,0.0,
7.9.2026,23:18:54.206,1.6,3.6,8.115,100.5,82,0.0,0.0,
7.9.2026,23:18:54.411,1.6,3.6,8.115,100.5,82,0.0,0.0,
7.9.2026,23:18:54.618,1.6,3.6,8.115,100.5,82,0.0,0.0,
7.9.2026,23:18:54.806,1.6,3.6,8.115,100.5,82,0.0,0.0,
7.9.2026,23:18:55.014,1.6,3.6,8.115,100.5,82,0.0,0.0,
7.9.2026,23:18:55.218,1.6,3.6,8.115,100.5,82,0.0,0.0,
7.9.2026,23:18:55.427,1.6,3.6,8.115,100.5,82,0.0,0.0,
7.9.2026,23:18:55.631,1.6,3.6,8.115,100.5,82,0.0,0.0,
7.9.2026,23:18:55.840,1.6,3.6,8.115,100.5,82,0.0,0.0,
7.9.2026,23:18:56.045,1.6,3.6,8.115,100.5,82,0.0,0.0,
7.9.2026,23:18:56.252,1.6,3.6,8.115,100.5,82,0.0,0.0,
7.9.2026,23:18:56.455,1.6,3.6,8.115,100.5,82,0.0,0.0,
7.9.2026,23:18:56.662,1.6,3.6,8.115,100.5,82,0.0,0.0,
7.9.2026,23:18:56.868,1.6,3.6,8.115,100.5,82,0.0,0.0,
7.9.2026,23:18:57.075,1.6,3.6,8.115,100.5,82,0.0,0.0,
7.9.2026,23:18:57.281,1.6,3.6,8.115,100.5,82,0.0,0.0,
7.9.2026,23:18:57.486,1.6,3.6,8.115,100.5,82,0.0,0.0,
7.9.2026,23:18:57.693,1.6,3.6,8.115,100.5,82,0.0,0.0,
7.9.2026,23:18:57.899,1.6,3.6,8.115,100.5,82,0.0,0.0,
7.9.2026,23:18:58.089,1.6,3.6,8.115,100.5,82,0.0,0.0,
7.9.2026,23:18:58.294,1.6,3.6,8.115,100.5,82,0.0,0.0,
7.9.2026,23:18:58.502,1.6,3.6,8.115,100.5,82,0.0,0.0,
7.9.2026,23:18:58.706,1.6,3.6,8.115,100.5,82,0.0,0.0,
7.9.2026,23:18:58.914,1.6,3.6,8.115,100.5,82,0.0,0.0,
7.9.2026,23:18:59.119,1.6,3.6,8.115,100.5,82,0.0,0.0,
7.9.2026,23:18:59.327,1.6,3.6,8.115,100.5,82,0.0,0.0,
7.9.2026,23:18:59.531,1.6,3.6,8.115,100.5,82,0.0,0.0,
7.9.2026,23:18:59.737,1.6,3.6,8.115,100.5,82,0.0,0.0,
7.9.2026,23:18:59.945,1.6,3.6,8.115,100.5,82,0.0,0.0,
7.9.2026,23:19:0.152,1.6,3.6,8.115,100.5,82,0.0,0.0,
7.9.2026,23:19:0.357,1.6,3.6,8.115,100.5,82,0.0,0.0,
7.9.2026,23:19:0.565,1.6,3.6,8.115,100.5,82,0.0,0.0,
7.9.2026,23:19:0.769,1.6,3.6,8.115,100.5,82,0.0,0.0,
7.9.2026,23:19:0.978,1.6,3.6,8.115,100.5,82,0.0,0.0,
7.9.2026,23:19:1.168,1.6,3.6,8.115,100.5,82,0.0,0.0,
7.9.2026,23:19:1.375,1.6,3.6,8.115,100.5,82,0.0,0.0,
7.9.2026,23:19:1.583,99.1,15.6,24.145,4319.6,83,0.0,0.0,
7.9.2026,23:19:1.788,99.1,15.6,24.145,4319.6,83,0.0,0.0,
7.9.2026,23:19:1.978,99.1,15.6,24.145,4319.6,83,0.0,0.0,
7.9.2026,23:19:2.185,99.1,15.6,24.145,4319.6,83,0.0,0.0,
7.9.2026,23:19:2.391,99.1,15.6,24.145,4319.6,83,0.0,0.0,
7.9.2026,23:19:2.597,99.1,15.6,24.145,4319.6,83,0.0,0.0,
7.9.2026,23:19:2.805,99.1,15.6,24.145,4319.6,83,0.0,0.0,
7.9.2026,23:19:2.997,99.1,15.6,24.145,4319.6,83,0.0,0.0,
7.9.2026,23:19:3.201,99.1,15.6,24.145,4319.6,83,0.0,0.0,
7.9.2026,23:19:3.409,99.1,15.6,24.145,4319.6,83,0.0,0.0,
7.9.2026,23:19:3.629,99.1,15.6,24.145,4319.6,83,0.0,0.0,
7.9.2026,23:19:3.822,99.1,15.6,24.145,4319.6,83,0.0,0.0,
7.9.2026,23:19:4.010,99.1,15.6,24.145,4319.6,83,0.0,0.0,
7.9.2026,23:19:4.218,99.1,15.6,24.145,4319.6,83,0.0,0.0,
7.9.2026,23:19:4.422,99.1,15.6,24.145,4319.6,83,0.0,0.0,
7.9.2026,23:19:4.627,99.1,15.6,24.145,4319.6,83,0.0,0.0,
7.9.2026,23:19:4.833,99.1,15.6,24.145,4319.6,83,0.0,0.0,
7.9.2026,23:19:5.042,99.1,15.6,24.145,4319.6,83,0.0,0.0,
7.9.2026,23:19:5.230,99.1,15.6,24.145,4319.6,83,0.0,0.0,
7.9.2026,23:19:5.437,99.1,15.6,24.145,4319.6,83,0.0,0.0,
7.9.2026,23:19:5.642,99.1,15.6,24.145,4319.6,83,0.0,0.0,
7.9.2026,23:19:5.849,99.1,15.6,24.145,4319.6,83,0.0,0.0,
7.9.2026,23:19:6.053,99.1,15.6,24.145,4319.6,83,0.0,0.0,
7.9.2026,23:19:6.262,99.1,15.6,24.145,4319.6,83,0.0,0.0,
7.9.2026,23:19:6.450,100.0,15.9,24.178,4329.8,83,0.0,0.0,
7.9.2026,23:19:6.656,100.0,15.9,24.178,4329.8,83,0.0,0.0,
7.9.2026,23:19:6.861,100.0,15.9,24.178,4329.8,83,0.0,0.0,
7.9.2026,23:19:7.069,100.0,15.9,24.178,4329.8,83,0.0,0.0,
7.9.2026,23:19:7.274,100.0,15.9,24.178,4329.8,83,0.0,0.0,
7.9.2026,23:19:7.465,100.0,15.9,24.178,4329.8,83,0.0,0.0,
7.9.2026,23:19:7.670,100.0,15.9,24.178,4329.8,83,0.0,0.0,
7.9.2026,23:19:7.877,100.0,15.9,24.178,4329.8,83,0.0,0.0,
7.9.2026,23:19:8.083,100.0,15.9,24.178,4329.8,83,0.0,0.0,
7.9.2026,23:19:8.289,100.0,15.9,24.178,4329.8,83,0.0,0.0,
7.9.2026,23:19:8.479,100.0,15.9,24.178,4329.8,83,0.0,0.0,
7.9.2026,23:19:8.686,100.0,15.9,24.229,4329.8,83,0.0,0.0,
7.9.2026,23:19:8.891,100.0,15.9,24.229,4329.8,83,0.0,0.0,
7.9.2026,23:19:9.097,100.0,15.9,24.229,4329.8,83,0.0,0.0,
7.9.2026,23:19:9.303,100.0,15.9,24.229,4329.8,83,0.0,0.0,
7.9.2026,23:19:9.510,100.0,15.9,24.229,4329.8,83,0.0,0.0,
7.9.2026,23:19:9.715,100.0,15.9,24.229,4329.8,83,0.0,0.0,
7.9.2026,23:19:9.921,100.0,15.9,24.229,4329.8,83,0.0,0.0,
7.9.2026,23:19:10.127,100.0,15.9,24.229,4329.8,83,0.0,0.0,
7.9.2026,23:19:10.333,100.0,15.9,24.229,4329.8,83,0.0,0.0,
7.9.2026,23:19:10.538,100.0,15.9,24.229,4329.8,83,0.0,0.0,
7.9.2026,23:19:10.729,100.0,15.9,24.229,4329.8,83,0.0,0.0,
7.9.2026,23:19:10.935,100.0,15.9,24.229,4329.8,83,0.0,0.0,
7.9.2026,23:19:11.141,100.0,15.9,24.229,4329.8,83,0.0,0.0,
7.9.2026,23:19:11.347,100.0,15.9,24.229,4329.8,83,0.0,0.0,
7.9.2026,23:19:11.553,100.0,15.9,24.229,4329.8,83,0.0,0.0,
7.9.2026,23:19:11.745,100.0,15.9,24.229,4329.8,83,0.0,0.0,
7.9.2026,23:19:11.950,100.0,15.9,24.229,4329.8,83,0.0,0.0,
7.9.2026,23:19:12.157,100.0,15.9,24.229,4329.8,83,0.0,0.0,
7.9.2026,23:19:12.362,100.0,15.9,24.229,4329.8,83,0.0,0.0,
7.9.2026,23:19:12.570,100.0,15.9,24.229,4329.8,83,0.0,0.0,
7.9.2026,23:19:12.774,100.0,15.9,24.229,4329.8,83,0.0,0.0,
7.9.2026,23:19:12.966,100.0,15.9,24.229,4329.8,83,0.0,0.0,
7.9.2026,23:19:13.170,100.0,15.9,24.229,4329.8,83,0.0,0.0,
7.9.2026,23:19:13.378,100.0,15.9,24.229,4329.8,83,0.0,0.0,
7.9.2026,23:19:13.584,100.0,15.9,24.229,4329.8,83,0.0,0.0,
7.9.2026,23:19:13.790,100.0,13.2,24.229,4346.5,86,0.0,0.0,
7.9.2026,23:19:13.984,100.0,13.2,24.229,4346.5,86,0.0,0.0,
7.9.2026,23:19:14.188,100.0,13.2,24.229,4346.5,86,0.0,0.0,
7.9.2026,23:19:14.396,100.0,13.2,24.229,4346.5,86,0.0,0.0,
7.9.2026,23:19:14.600,100.0,13.2,24.229,4346.5,86,0.0,0.0,
7.9.2026,23:19:14.806,100.0,13.2,24.229,4346.5,86,0.0,0.0,
7.9.2026,23:19:14.996,100.0,13.2,24.229,4346.5,86,0.0,0.0,
7.9.2026,23:19:15.204,100.0,13.2,24.229,4346.5,86,0.0,0.0,
7.9.2026,23:19:15.407,100.0,13.2,24.229,4346.5,86,0.0,0.0,
7.9.2026,23:19:15.615,100.0,13.2,24.229,4346.5,86,0.0,0.0,
7.9.2026,23:19:15.821,100.0,13.2,24.229,4346.5,86,0.0,0.0,
7.9.2026,23:19:16.010,100.0,13.2,24.229,4346.5,86,0.0,0.0,
7.9.2026,23:19:16.217,100.0,13.2,24.229,4346.5,86,0.0,0.0,
7.9.2026,23:19:16.423,100.0,13.2,24.229,4346.5,86,0.0,0.0,
7.9.2026,23:19:16.629,100.0,13.2,24.229,4346.5,86,0.0,0.0,
7.9.2026,23:19:16.836,100.0,13.2,24.229,4346.5,86,0.0,0.0,
7.9.2026,23:19:17.025,100.0,13.2,24.229,4346.5,86,0.0,0.0,
7.9.2026,23:19:17.231,100.0,13.2,24.229,4346.5,86,0.0,0.0,
7.9.2026,23:19:17.437,100.0,13.2,24.229,4346.5,86,0.0,0.0,
7.9.2026,23:19:17.643,100.0,13.2,24.229,4346.5,86,0.0,0.0,
7.9.2026,23:19:17.849,100.0,13.2,24.229,4346.5,86,0.0,0.0,
7.9.2026,23:19:18.055,100.0,13.2,24.229,4346.5,86,0.0,0.0,
7.9.2026,23:19:18.244,100.0,13.2,24.229,4346.5,86,0.0,0.0,
7.9.2026,23:19:18.451,100.0,46.8,24.229,4335.4,83,0.0,0.0,
7.9.2026,23:19:18.658,100.0,46.8,23.984,4335.4,83,0.0,0.0,
7.9.2026,23:19:18.863,100.0,46.8,23.984,4335.4,83,0.0,0.0,
7.9.2026,23:19:19.069,100.0,46.8,23.984,4335.4,83,0.0,0.0,
7.9.2026,23:19:19.276,100.0,46.8,23.984,4335.4,83,0.0,0.0,
7.9.2026,23:19:19.481,100.0,46.8,23.984,4335.4,83,0.0,0.0,
7.9.2026,23:19:19.685,100.0,46.8,23.984,4335.4,83,0.0,0.0,
7.9.2026,23:19:19.892,100.0,46.8,24.249,4335.4,83,0.0,0.0,
7.9.2026,23:19:20.097,100.0,46.8,24.249,4335.4,83,0.0,0.0,
7.9.2026,23:19:20.304,100.0,46.8,24.249,4335.4,83,0.0,0.0,
7.9.2026,23:19:20.496,100.0,46.8,24.249,4335.4,83,0.0,0.0,
7.9.2026,23:19:20.701,100.0,46.8,24.249,4335.4,83,0.0,0.0,
7.9.2026,23:19:20.909,100.0,46.8,24.249,4335.4,83,0.0,0.0,
7.9.2026,23:19:21.113,100.0,46.8,24.249,4335.4,83,0.0,0.0,
7.9.2026,23:19:21.321,100.0,46.8,24.249,4335.4,83,0.0,0.0,
7.9.2026,23:19:21.510,100.0,46.8,24.249,4335.4,83,0.0,0.0,
7.9.2026,23:19:21.717,100.0,46.8,24.249,4335.4,83,0.0,0.0,
7.9.2026,23:19:21.923,100.0,46.8,24.249,4335.4,83,0.0,0.0,
7.9.2026,23:19:22.130,100.0,46.8,24.249,4335.4,83,0.0,0.0,
7.9.2026,23:19:22.335,100.0,46.8,24.249,4335.4,83,0.0,0.0,
7.9.2026,23:19:22.526,100.0,46.8,24.249,4335.4,83,0.0,0.0,
7.9.2026,23:19:22.731,100.0,46.8,24.249,4335.4,83,0.0,0.0,
7.9.2026,23:19:22.938,100.0,46.8,24.249,4335.4,83,0.0,0.0,
7.9.2026,23:19:23.143,100.0,46.8,24.249,4335.4,83,0.0,0.0,
7.9.2026,23:19:23.350,100.0,46.8,24.249,4335.4,83,0.0,0.0,
7.9.2026,23:19:23.556,100.0,46.8,24.249,4335.4,83,0.0,0.0,
7.9.2026,23:19:23.746,100.0,46.8,24.249,4335.4,83,0.0,0.0,
7.9.2026,23:19:23.954,100.0,46.8,24.249,4335.4,83,0.0,0.0,
7.9.2026,23:19:24.159,100.0,46.8,24.249,4335.4,83,0.0,0.0,
7.9.2026,23:19:24.364,100.0,46.8,24.249,4335.4,83,0.0,0.0,
7.9.2026,23:19:24.570,100.0,46.8,24.249,4335.4,83,0.0,0.0,
7.9.2026,23:19:24.762,100.0,46.8,24.249,4335.4,83,0.0,0.0,
7.9.2026,23:19:24.968,100.0,46.8,24.249,4335.4,83,0.0,0.0,
7.9.2026,23:19:25.174,100.0,46.8,24.249,4335.4,83,0.0,0.0,
7.9.2026,23:19:25.380,100.0,46.8,24.249,4335.4,83,0.0,0.0,
7.9.2026,23:19:25.587,100.0,14.4,24.249,4340.1,82,0.0,0.0,
7.9.2026,23:19:25.779,100.0,14.4,24.249,4340.1,82,0.0,0.0,
7.9.2026,23:19:25.983,100.0,14.4,24.249,4340.1,82,0.0,0.0,
7.9.2026,23:19:26.191,100.0,14.4,24.249,4340.1,82,0.0,0.0,
7.9.2026,23:19:26.396,100.0,14.4,24.249,4340.1,82,0.0,0.0,
7.9.2026,23:19:26.602,100.0,14.4,24.249,4340.1,82,0.0,0.0,
7.9.2026,23:19:26.806,100.0,14.4,24.249,4340.1,82,0.0,0.0,
7.9.2026,23:19:27.013,100.0,14.4,24.249,4340.1,82,0.0,0.0,
7.9.2026,23:19:27.218,100.0,14.4,24.249,4340.1,82,0.0,0.0,
7.9.2026,23:19:27.425,100.0,14.4,24.249,4340.1,82,0.0,0.0,
7.9.2026,23:19:27.631,100.0,14.4,24.249,4340.1,82,0.0,0.0,
7.9.2026,23:19:27.838,100.0,14.4,24.249,4340.1,82,0.0,0.0,
7.9.2026,23:19:28.043,100.0,14.4,24.249,4340.1,82,0.0,0.0,
7.9.2026,23:19:28.251,100.0,14.4,24.249,4340.1,82,0.0,0.0,
7.9.2026,23:19:28.457,100.0,14.4,24.249,4340.1,82,0.0,0.0,
7.9.2026,23:19:28.664,100.0,14.4,24.249,4340.1,82,0.0,0.0,
7.9.2026,23:19:28.869,100.0,14.4,24.249,4340.1,82,0.0,0.0,
7.9.2026,23:19:29.075,100.0,14.4,24.249,4340.1,82,0.0,0.0,
7.9.2026,23:19:29.281,100.0,14.4,24.249,4340.1,82,0.0,0.0,
7.9.2026,23:19:29.486,100.0,14.4,24.249,4340.1,82,0.0,0.0,
7.9.2026,23:19:29.693,100.0,14.4,24.249,4340.1,82,0.0,0.0,
7.9.2026,23:19:29.898,100.0,14.4,24.249,4340.1,82,0.0,0.0,
7.9.2026,23:19:30.091,100.0,14.4,24.249,4340.1,82,0.0,0.0,
7.9.2026,23:19:30.294,100.0,28.7,24.249,4338.1,82,0.0,0.0,
7.9.2026,23:19:30.499,100.0,28.7,23.977,4338.1,82,0.0,0.0,
7.9.2026,23:19:30.706,100.0,28.7,23.977,4338.1,82,0.0,0.0,
7.9.2026,23:19:30.912,100.0,28.7,23.977,4338.1,82,0.0,0.0,
7.9.2026,23:19:31.118,100.0,28.7,23.977,4338.1,82,0.0,0.0,
7.9.2026,23:19:31.337,100.0,28.7,23.977,4338.1,82,0.0,0.0,
7.9.2026,23:19:31.531,100.0,28.7,23.977,4338.1,82,0.0,0.0,
7.9.2026,23:19:31.736,100.0,28.7,23.977,4338.1,82,0.0,0.0,
7.9.2026,23:19:31.944,100.0,28.7,23.977,4338.1,82,0.0,0.0,
7.9.2026,23:19:32.150,100.0,28.7,23.977,4338.1,82,0.0,0.0,
7.9.2026,23:19:32.356,100.0,28.7,23.977,4338.1,82,0.0,0.0,
7.9.2026,23:19:32.563,100.0,28.7,23.977,4338.1,82,0.0,0.0,
7.9.2026,23:19:32.769,100.0,28.7,23.977,4338.1,82,0.0,0.0,
7.9.2026,23:19:32.975,100.0,28.7,23.977,4338.1,82,0.0,0.0,
7.9.2026,23:19:33.182,100.0,28.7,23.977,4338.1,82,0.0,0.0,
7.9.2026,23:19:33.387,100.0,28.7,23.977,4338.1,82,0.0,0.0,
7.9.2026,23:19:33.595,100.0,28.7,23.977,4338.1,82,0.0,0.0,
7.9.2026,23:19:33.800,100.0,28.7,23.977,4338.1,82,0.0,0.0,
7.9.2026,23:19:34.008,100.0,28.7,23.977,4338.1,82,0.0,0.0,
7.9.2026,23:19:34.212,100.0,28.7,23.977,4338.1,82,0.0,0.0,
7.9.2026,23:19:34.401,100.0,28.7,23.977,4338.1,82,0.0,0.0,
7.9.2026,23:19:34.607,100.0,28.7,23.977,4338.1,82,0.0,0.0,
7.9.2026,23:19:34.813,100.0,28.7,23.977,4338.1,82,0.0,0.0,
7.9.2026,23:19:35.019,100.0,28.7,23.977,4338.1,82,0.0,0.0,
7.9.2026,23:19:35.225,100.0,28.7,23.977,4338.1,82,0.0,0.0,
7.9.2026,23:19:35.432,100.0,28.7,23.977,4338.1,82,0.0,0.0,
7.9.2026,23:19:35.621,100.0,28.7,23.977,4338.1,82,0.0,0.0,
7.9.2026,23:19:35.827,100.0,28.7,23.977,4338.1,82,0.0,0.0,
7.9.2026,23:19:36.031,100.0,28.7,23.977,4338.1,82,0.0,0.0,
7.9.2026,23:19:36.239,100.0,15.7,23.977,4330.7,82,0.0,0.0,
7.9.2026,23:19:36.443,100.0,15.7,23.926,4330.7,82,0.0,0.0,
7.9.2026,23:19:36.648,100.0,15.7,23.926,4330.7,82,0.0,0.0,
7.9.2026,23:19:36.839,100.0,15.7,23.926,4330.7,82,0.0,0.0,
7.9.2026,23:19:37.044,100.0,15.7,23.926,4330.7,82,0.0,0.0,
7.9.2026,23:19:37.250,100.0,15.7,23.926,4330.7,82,0.0,0.0,
7.9.2026,23:19:37.456,100.0,15.7,23.926,4330.7,82,0.0,0.0,
7.9.2026,23:19:37.662,100.0,15.7,23.926,4330.7,82,0.0,0.0,
7.9.2026,23:19:37.871,100.0,15.7,23.926,4330.7,82,0.0,0.0,
7.9.2026,23:19:38.060,100.0,15.7,23.926,4330.7,82,0.0,0.0,
7.9.2026,23:19:38.267,100.0,15.7,23.926,4330.7,82,0.0,0.0,
7.9.2026,23:19:38.471,100.0,15.7,23.926,4330.7,82,0.0,0.0,
7.9.2026,23:19:38.679,100.0,15.7,23.926,4330.7,82,0.0,0.0,
7.9.2026,23:19:38.883,100.0,15.7,23.926,4330.7,82,0.0,0.0,
7.9.2026,23:19:39.075,100.0,15.7,23.926,4330.7,82,0.0,0.0,
7.9.2026,23:19:39.280,100.0,15.7,23.926,4330.7,82,0.0,0.0,
7.9.2026,23:19:39.486,100.0,15.7,23.926,4330.7,82,0.0,0.0,
7.9.2026,23:19:39.691,100.0,15.7,23.926,4330.7,82,0.0,0.0,
7.9.2026,23:19:39.899,100.0,15.7,23.926,4330.7,82,0.0,0.0,
7.9.2026,23:19:40.088,100.0,15.7,23.926,4330.7,82,0.0,0.0,
7.9.2026,23:19:40.294,100.0,15.7,23.926,4330.7,82,0.0,0.0,
7.9.2026,23:19:40.500,100.0,15.7,23.926,4330.7,82,0.0,0.0,
7.9.2026,23:19:40.706,100.0,15.7,23.926,4330.7,82,0.0,0.0,
7.9.2026,23:19:40.912,100.0,15.7,23.926,4330.7,82,0.0,0.0,
7.9.2026,23:19:41.118,100.0,15.6,23.989,4333.5,85,0.0,0.0,
7.9.2026,23:19:41.324,100.0,15.6,23.989,4333.5,85,0.0,0.0,
7.9.2026,23:19:41.530,100.0,15.6,23.989,4333.5,85,0.0,0.0,
7.9.2026,23:19:41.735,100.0,15.6,23.989,4333.5,85,0.0,0.0,
7.9.2026,23:19:41.942,100.0,15.6,23.989,4333.5,85,0.0,0.0,
7.9.2026,23:19:42.149,100.0,15.6,23.989,4333.5,85,0.0,0.0,
7.9.2026,23:19:42.339,100.0,15.6,23.989,4333.5,85,0.0,0.0,
7.9.2026,23:19:42.544,100.0,15.6,23.989,4333.5,85,0.0,0.0,
7.9.2026,23:19:42.750,100.0,15.6,23.989,4333.5,85,0.0,0.0,
7.9.2026,23:19:42.957,100.0,15.6,23.989,4333.5,85,0.0,0.0,
7.9.2026,23:19:43.163,100.0,15.6,23.989,4333.5,85,0.0,0.0,
7.9.2026,23:19:43.369,100.0,15.6,23.989,4333.5,85,0.0,0.0,
7.9.2026,23:19:43.575,100.0,15.6,23.989,4333.5,85,0.0,0.0,
7.9.2026,23:19:43.780,100.0,15.6,23.989,4333.5,85,0.0,0.0,
7.9.2026,23:19:43.988,100.0,15.6,23.989,4333.5,85,0.0,0.0,
7.9.2026,23:19:44.194,100.0,15.6,23.989,4333.5,85,0.0,0.0,
7.9.2026,23:19:44.400,100.0,15.6,23.989,4333.5,85,0.0,0.0,
7.9.2026,23:19:44.609,100.0,15.6,23.989,4333.5,85,0.0,0.0,
7.9.2026,23:19:44.813,100.0,15.6,23.989,4333.5,85,0.0,0.0,
7.9.2026,23:19:45.018,100.0,15.6,23.989,4333.5,85,0.0,0.0,
7.9.2026,23:19:45.224,100.0,15.6,23.989,4333.5,85,0.0,0.0,
7.9.2026,23:19:45.430,100.0,15.6,23.989,4333.5,85,0.0,0.0,
7.9.2026,23:19:45.620,100.0,15.6,23.989,4333.5,85,0.0,0.0,
7.9.2026,23:19:45.825,100.0,15.7,24.032,4342.3,83,0.0,0.0,
7.9.2026,23:19:46.030,100.0,15.7,24.032,4342.3,83,0.0,0.0,
7.9.2026,23:19:46.236,100.0,15.7,24.032,4342.3,83,0.0,0.0,
7.9.2026,23:19:46.441,100.0,15.7,24.032,4342.3,83,0.0,0.0,
7.9.2026,23:19:46.648,100.0,15.7,24.032,4342.3,83,0.0,0.0,
7.9.2026,23:19:46.841,100.0,15.7,24.032,4342.3,83,0.0,0.0,
7.9.2026,23:19:47.044,100.0,15.7,24.032,4342.3,83,0.0,0.0,
7.9.2026,23:19:47.253,100.0,15.7,24.032,4342.3,83,0.0,0.0,
7.9.2026,23:19:47.458,100.0,15.7,24.032,4342.3,83,0.0,0.0,
7.9.2026,23:19:47.665,100.0,15.7,24.032,4342.3,83,0.0,0.0,
7.9.2026,23:19:47.869,100.0,15.7,24.032,4342.3,83,0.0,0.0,
7.9.2026,23:19:48.075,100.0,15.7,24.032,4342.3,83,0.0,0.0,
7.9.2026,23:19:48.281,100.0,15.7,24.032,4342.3,83,0.0,0.0,
7.9.2026,23:19:48.486,100.0,15.7,24.032,4342.3,83,0.0,0.0,
7.9.2026,23:19:48.692,100.0,15.7,24.032,4342.3,83,0.0,0.0,
7.9.2026,23:19:48.899,100.0,15.7,24.032,4342.3,83,0.0,0.0,
7.9.2026,23:19:49.090,100.0,15.7,24.032,4342.3,83,0.0,0.0,
7.9.2026,23:19:49.297,100.0,15.7,24.032,4342.3,83,0.0,0.0,
7.9.2026,23:19:49.502,100.0,15.7,24.032,4342.3,83,0.0,0.0,
7.9.2026,23:19:49.710,100.0,15.7,24.032,4342.3,83,0.0,0.0,
7.9.2026,23:19:49.914,100.0,15.7,24.032,4342.3,83,0.0,0.0,
7.9.2026,23:19:50.105,100.0,15.7,24.032,4342.3,83,0.0,0.0,
7.9.2026,23:19:50.310,100.0,15.7,24.032,4342.3,83,0.0,0.0,
7.9.2026,23:19:50.516,100.0,15.8,24.098,4332.2,85,0.0,0.0,
7.9.2026,23:19:50.722,100.0,15.8,24.098,4332.2,85,0.0,0.0,
7.9.2026,23:19:50.928,100.0,15.8,24.098,4332.2,85,0.0,0.0,
7.9.2026,23:19:51.119,100.0,15.8,24.098,4332.2,85,0.0,0.0,
7.9.2026,23:19:51.324,100.0,15.8,24.098,4332.2,85,0.0,0.0,
7.9.2026,23:19:51.529,100.0,15.8,24.098,4332.2,85,0.0,0.0,
7.9.2026,23:19:51.739,65.8,69.8,26.457,950.7,74,0.0,0.0,
7.9.2026,23:19:51.936,1.5,2.6,26.457,84.1,74,0.0,0.0,
7.9.2026,23:19:52.141,10.2,9.8,8.554,237.6,55,0.0,0.0,
7.9.2026,23:19:52.355,7.2,2.6,9.004,371.0,52,0.0,0.0,
7.9.2026,23:19:52.544,6.0,6.3,8.328,99.6,53,0.0,0.0,
7.9.2026,23:19:52.752,3.8,0.9,8.243,222.2,53,0.0,0.0,
7.9.2026,23:19:52.960,6.0,7.6,8.748,297.9,51,0.0,0.0,
7.9.2026,23:19:53.152,1.6,5.4,7.818,90.9,55,0.0,0.0,
7.9.2026,23:19:53.366,7.9,6.5,8.533,81.4,51,0.0,0.0,
7.9.2026,23:19:53.572,0.0,4.4,8.236,148.5,51,0.0,0.0,
7.9.2026,23:19:53.785,8.5,5.5,8.213,118.2,50,0.0,0.0,
7.9.2026,23:19:53.992,0.0,3.5,7.765,106.7,51,0.0,0.0,
7.9.2026,23:19:54.184,7.6,3.5,8.144,372.6,50,0.0,0.0,
7.9.2026,23:19:54.392,7.8,7.8,8.959,96.0,50,0.0,0.0,
7.9.2026,23:19:54.600,10.1,4.5,8.098,510.6,49,0.0,0.0,
7.9.2026,23:19:54.794,2.0,3.9,8.072,165.0,50,0.0,0.0,
7.9.2026,23:19:55.003,22.2,7.0,8.218,786.9,49,0.0,0.0,
7.9.2026,23:19:55.219,5.8,4.7,8.028,396.7,48,0.0,0.0,
7.9.2026,23:19:55.433,5.4,7.0,8.143,90.3,49,0.0,0.0,
7.9.2026,23:19:55.638,6.8,9.5,9.851,135.7,50,0.0,0.0,
7.9.2026,23:19:55.851,3.5,6.2,8.785,186.2,51,0.0,0.0,
7.9.2026,23:19:56.048,4.8,5.5,10.242,107.2,51,0.0,0.0,
7.9.2026,23:19:56.252,2.5,2.8,8.707,168.9,49,0.0,0.0,
7.9.2026,23:19:56.464,0.6,2.7,9.139,77.9,52,0.0,0.0,
7.9.2026,23:19:56.671,6.6,10.3,8.555,106.3,49,0.0,0.0,
7.9.2026,23:19:56.884,2.6,4.0,8.084,153.8,49,0.0,0.0,
7.9.2026,23:19:57.076,7.3,7.3,9.179,130.1,48,0.0,0.0,
7.9.2026,23:19:57.286,3.8,1.0,8.008,184.5,48,0.0,0.0,
7.9.2026,23:19:57.491,1.1,7.0,8.319,121.8,47,0.0,0.0,
7.9.2026,23:19:57.706,1.2,2.9,8.123,117.3,48,0.0,0.0,
7.9.2026,23:19:57.912,6.5,8.6,8.067,91.3,48,0.0,0.0,
7.9.2026,23:19:58.125,3.1,3.5,8.512,200.1,49,0.0,0.0,
7.9.2026,23:19:58.337,8.0,8.5,8.821,126.6,51,0.0,0.0,
7.9.2026,23:19:58.542,0.0,3.5,7.719,90.4,49,0.0,0.0,
7.9.2026,23:19:58.760,9.6,7.9,10.677,174.7,48,0.0,0.0,
7.9.2026,23:19:58.954,5.9,8.8,9.787,205.3,48,0.0,0.0,
7.9.2026,23:19:59.161,0.0,5.4,9.881,77.4,49,0.0,0.0,
7.9.2026,23:19:59.374,0.6,4.0,9.666,93.7,49,0.0,0.0,
7.9.2026,23:19:59.582,7.4,8.0,9.933,112.6,51,0.0,0.0,
7.9.2026,23:19:59.796,1.9,3.7,8.705,148.2,47,0.0,0.0,
7.9.2026,23:20:0.012,4.1,5.8,8.927,81.3,77,0.0,0.0,
7.9.2026,23:20:0.223,7.1,9.8,9.278,196.0,71,0.0,0.0,
7.9.2026,23:20:0.427,0.0,3.3,9.988,100.9,78,0.0,0.0,
7.9.2026,23:20:0.620,1.6,5.4,9.900,88.1,77,0.0,0.0,
7.9.2026,23:20:0.832,9.2,12.5,10.173,185.8,50,0.0,0.0,
7.9.2026,23:20:1.027,0.0,1.9,9.483,100.7,47,0.0,0.0,
7.9.2026,23:20:1.238,8.6,7.4,9.189,218.9,48,0.0,0.0,
7.9.2026,23:20:1.435,0.5,4.1,9.224,130.7,47,0.0,0.0,
7.9.2026,23:20:1.645,4.9,5.1,9.104,68.1,48,0.0,0.0,
7.9.2026,23:20:1.859,1.6,5.9,8.279,135.5,48,0.0,0.0,
7.9.2026,23:20:2.067,4.7,7.8,8.103,75.5,48,0.0,0.0,
7.9.2026,23:20:2.275,11.1,3.6,8.657,577.3,49,0.0,0.0,
7.9.2026,23:20:2.484,8.5,7.0,8.152,142.9,47,0.0,0.0,
7.9.2026,23:20:2.696,1.5,4.7,7.918,112.4,46,0.0,0.0,
7.9.2026,23:20:2.889,6.5,3.8,7.798,125.4,48,0.0,0.0,
7.9.2026,23:20:3.096,12.2,1.9,8.134,596.4,46,0.0,0.0,
7.9.2026,23:20:3.313,1.4,6.1,8.174,118.1,47,0.0,0.0,
7.9.2026,23:20:3.527,6.0,7.9,8.016,139.8,51,0.0,0.0,
7.9.2026,23:20:3.740,5.5,5.3,8.183,159.8,71,0.0,0.0,
7.9.2026,23:20:3.940,1.3,2.6,7.866,135.0,61,0.0,0.0,
7.9.2026,23:20:4.150,12.5,4.5,8.001,512.1,65,0.0,0.0,
7.9.2026,23:20:4.341,2.9,4.1,8.752,183.4,67,0.0,0.0,
7.9.2026,23:20:4.551,15.9,7.4,8.368,480.8,47,0.0,0.0,
7.9.2026,23:20:4.765,0.0,2.6,7.859,91.2,48,0.0,0.0,
7.9.2026,23:20:4.971,6.5,8.8,7.781,125.2,46,0.0,0.0,
7.9.2026,23:20:5.168,0.7,3.1,7.814,82.7,50,0.0,0.0,
7.9.2026,23:20:5.380,7.1,5.2,8.395,146.7,51,0.0,0.0,
7.9.2026,23:20:5.586,5.2,4.6,9.381,347.8,46,0.0,0.0,
7.9.2026,23:20:5.777,0.8,4.5,9.908,103.0,47,0.0,0.0,
7.9.2026,23:20:5.994,7.9,10.5,9.851,80.7,49,0.0,0.0,
7.9.2026,23:20:6.202,7.3,8.4,10.612,277.7,46,0.0,0.0,
7.9.2026,23:20:6.411,2.0,5.5,10.197,149.2,51,0.0,0.0,
7.9.2026,23:20:6.608,0.0,4.3,9.586,56.1,50,0.0,0.0,
7.9.2026,23:20:6.820,4.7,6.7,9.662,78.7,47,0.0,0.0,
7.9.2026,23:20:7.011,0.2,2.9,9.408,166.6,45,0.0,0.0,
7.9.2026,23:20:7.219,12.4,13.6,10.608,297.6,46,0.0,0.0,
7.9.2026,23:20:7.431,3.2,4.3,9.862,148.0,44,0.0,0.0,
7.9.2026,23:20:7.621,4.4,5.2,9.763,81.9,45,0.0,0.0,
7.9.2026,23:20:7.833,3.1,6.9,8.148,175.7,44,0.0,0.0,
7.9.2026,23:20:8.039,0.0,2.0,7.868,91.5,44,0.0,0.0,
7.9.2026,23:20:8.232,8.0,8.2,8.228,109.2,44,0.0,0.0,
7.9.2026,23:20:8.446,0.0,2.2,8.011,75.1,44,0.0,0.0,
7.9.2026,23:20:8.646,7.0,5.3,8.011,82.9,43,0.0,0.0,
7.9.2026,23:20:8.853,1.4,6.5,7.913,215.9,44,0.0,0.0,
7.9.2026,23:20:9.066,8.9,8.0,8.232,140.6,45,0.0,0.0,
7.9.2026,23:20:9.269,1.5,3.6,8.279,164.1,44,0.0,0.0,
7.9.2026,23:20:9.481,1.3,4.3,8.098,138.6,44,0.0,0.0,
7.9.2026,23:20:9.685,8.3,8.1,10.036,96.1,44,0.0,0.0,
7.9.2026,23:20:9.896,1.9,7.1,9.714,157.0,44,0.0,0.0,
7.9.2026,23:20:10.104,0.0,3.7,10.413,56.1,45,0.0,0.0,
7.9.2026,23:20:10.297,10.9,7.6,9.827,248.6,44,0.0,0.0,
7.9.2026,23:20:10.511,0.0,2.8,9.124,131.6,44,0.0,0.0,
7.9.2026,23:20:10.722,6.4,7.1,7.892,81.0,43,0.0,0.0,
7.9.2026,23:20:10.922,5.9,10.4,8.176,118.1,46,0.0,0.0,
7.9.2026,23:20:11.136,7.5,1.2,7.974,398.7,44,0.0,0.0,
7.9.2026,23:20:11.351,5.9,7.7,8.007,121.7,46,0.0,0.0,
7.9.2026,23:20:11.557,0.0,2.9,8.033,156.2,46,0.0,0.0,
7.9.2026,23:20:11.769,14.3,5.7,8.019,391.9,45,0.0,0.0,
7.9.2026,23:20:11.984,0.0,3.5,7.729,83.8,50,0.0,0.0,
7.9.2026,23:20:12.182,4.5,8.8,7.990,54.7,49,0.0,0.0,
7.9.2026,23:20:12.389,8.5,3.7,10.212,267.3,49,0.0,0.0,
7.9.2026,23:20:12.600,8.7,6.0,8.599,446.0,45,0.0,0.0,
7.9.2026,23:20:12.806,0.9,2.7,8.296,126.5,49,0.0,0.0,
7.9.2026,23:20:13.019,8.5,7.2,7.941,139.3,47,0.0,0.0,
7.9.2026,23:20:13.216,0.0,4.5,8.120,83.5,49,0.0,0.0,
7.9.2026,23:20:13.422,5.8,4.8,7.568,101.4,46,0.0,0.0,
7.9.2026,23:20:13.639,2.8,4.2,7.590,141.4,44,0.0,0.0,
7.9.2026,23:20:13.849,4.6,6.6,8.013,103.4,47,0.0,0.0,
7.9.2026,23:20:14.055,0.3,1.1,7.831,124.2,44,0.0,0.0,
7.9.2026,23:20:14.251,7.3,8.6,7.564,66.3,47,0.0,0.0,
7.9.2026,23:20:14.465,10.1,4.0,7.648,556.3,43,0.0,0.0,
7.9.2026,23:20:14.678,7.5,6.0,8.496,156.8,46,0.0,0.0,
7.9.2026,23:20:14.890,0.0,3.3,8.038,112.8,44,0.0,0.0,
7.9.2026,23:20:15.094,12.6,8.7,7.737,388.4,43,0.0,0.0,
7.9.2026,23:20:15.302,1.2,6.6,10.018,86.4,44,0.0,0.0,
7.9.2026,23:20:15.511,0.9,4.5,10.165,100.0,46,0.0,0.0,
7.9.2026,23:20:15.720,7.6,8.1,10.211,99.7,46,0.0,0.0,
7.9.2026,23:20:15.933,0.7,5.2,9.676,95.8,46,0.0,0.0,
7.9.2026,23:20:16.122,5.3,7.1,10.172,73.8,45,0.0,0.0,
7.9.2026,23:20:16.333,1.1,5.1,9.265,101.9,43,0.0,0.0,
7.9.2026,23:20:16.542,1.5,3.9,10.336,173.3,42,0.0,0.0,
7.9.2026,23:20:16.730,9.8,14.0,9.894,161.6,43,0.0,0.0,
7.9.2026,23:20:16.939,3.4,5.7,10.132,241.9,43,0.0,0.0,
7.9.2026,23:20:17.151,2.1,4.9,10.054,133.2,42,0.0,0.0,
7.9.2026,23:20:17.340,5.7,8.6,9.602,68.7,42,0.0,0.0,
7.9.2026,23:20:17.548,0.9,4.0,9.775,105.0,44,0.0,0.0,
7.9.2026,23:20:17.759,4.5,4.7,9.828,214.7,42,0.0,0.0,
7.9.2026,23:20:17.949,6.3,9.1,9.955,106.1,43,0.0,0.0,
7.9.2026,23:20:18.157,0.2,6.2,9.661,74.9,43,0.0,0.0,
7.9.2026,23:20:18.365,0.0,4.0,9.139,89.8,43,0.0,0.0,
7.9.2026,23:20:18.564,10.7,8.6,9.929,214.5,43,0.0,0.0,
7.9.2026,23:20:18.776,0.0,3.9,10.399,159.7,42,0.0,0.0,
7.9.2026,23:20:18.988,7.3,6.5,9.721,170.7,42,0.0,0.0,
7.9.2026,23:20:19.200,0.0,3.7,9.672,77.9,42,0.0,0.0,
7.9.2026,23:20:19.407,7.3,7.4,9.484,98.6,42,0.0,0.0,
7.9.2026,23:20:19.608,6.4,7.9,9.444,179.5,42,0.0,0.0,
7.9.2026,23:20:19.823,0.0,3.5,9.975,106.7,43,0.0,0.0,
7.9.2026,23:20:20.031,6.9,6.2,7.825,118.6,42,0.0,0.0,
7.9.2026,23:20:20.239,10.6,5.8,8.016,528.1,42,0.0,0.0,
7.9.2026,23:20:20.447,19.4,5.9,10.000,936.9,43,0.0,0.0,
7.9.2026,23:20:20.655,21.1,8.2,9.545,788.9,42,0.0,0.0,
7.9.2026,23:20:20.861,0.8,3.9,8.360,87.0,43,0.0,0.0,
7.9.2026,23:20:21.066,3.0,5.9,9.522,154.2,42,0.0,0.0,
7.9.2026,23:20:21.274,2.2,3.6,9.608,114.8,42,0.0,0.0,
7.9.2026,23:20:21.468,7.4,11.1,9.585,106.8,42,0.0,0.0,
7.9.2026,23:20:21.680,3.0,3.6,9.500,179.8,43,0.0,0.0,
7.9.2026,23:20:21.870,6.6,7.0,9.762,99.2,42,0.0,0.0,
7.9.2026,23:20:22.080,3.6,3.9,9.800,205.2,43,0.0,0.0,
7.9.2026,23:20:22.292,4.1,7.9,10.072,237.8,43,0.0,0.0,
7.9.2026,23:20:22.501,3.5,6.9,10.707,67.1,42,0.0,0.0,
7.9.2026,23:20:22.720,1.0,3.6,9.684,122.0,42,0.0,0.0,
7.9.2026,23:20:22.933,5.6,4.9,7.971,157.1,43,0.0,0.0,
7.9.2026,23:20:23.121,5.7,7.8,7.815,73.6,43,0.0,0.0,
7.9.2026,23:20:23.335,0.0,1.7,7.834,72.3,42,0.0,0.0,
7.9.2026,23:20:23.531,4.3,9.4,7.718,100.7,43,0.0,0.0,
7.9.2026,23:20:23.746,0.4,1.2,8.016,155.9,43,0.0,0.0,
7.9.2026,23:20:23.952,7.1,9.0,7.763,85.5,43,0.0,0.0,
7.9.2026,23:20:24.167,0.0,2.0,7.448,138.0,42,0.0,0.0,
7.9.2026,23:20:24.381,7.5,5.5,8.006,119.0,42,0.0,0.0,
7.9.2026,23:20:24.586,0.8,3.8,8.498,149.5,42,0.0,0.0,
7.9.2026,23:20:24.777,8.2,8.8,7.693,82.8,42,0.0,0.0,
7.9.2026,23:20:24.987,1.2,2.7,7.952,123.1,42,0.0,0.0,
7.9.2026,23:20:25.200,0.8,2.4,7.834,124.8,43,0.0,0.0,
7.9.2026,23:20:25.411,3.6,7.1,8.202,60.8,42,0.0,0.0,
7.9.2026,23:20:25.610,5.7,7.4,8.047,124.3,42,0.0,0.0,
7.9.2026,23:20:25.824,0.6,3.8,9.898,85.4,42,0.0,0.0,
7.9.2026,23:20:26.014,6.3,3.7,7.610,107.6,43,0.0,0.0,
7.9.2026,23:20:26.224,2.5,4.3,7.813,149.0,43,0.0,0.0,
7.9.2026,23:20:26.428,6.0,5.4,8.216,288.8,42,0.0,0.0,
7.9.2026,23:20:26.634,2.6,1.8,8.023,143.4,43,0.0,0.0,
7.9.2026,23:20:26.847,7.3,8.3,8.072,137.5,42,0.0,0.0,
7.9.2026,23:20:27.052,5.0,6.9,8.323,235.0,43,0.0,0.0,
7.9.2026,23:20:27.250,7.0,10.3,9.037,172.3,43,0.0,0.0,
7.9.2026,23:20:27.461,0.6,1.4,8.063,145.1,42,0.0,0.0,
7.9.2026,23:20:27.651,0.6,1.4,8.631,145.1,42,0.0,0.0,
7.9.2026,23:20:27.862,10.9,10.0,9.255,203.8,43,0.0,0.0,
7.9.2026,23:20:28.069,0.5,3.3,7.753,123.1,43,0.0,0.0,
7.9.2026,23:20:28.269,3.2,6.8,7.753,191.4,42,0.0,0.0,
7.9.2026,23:20:28.474,7.5,6.4,8.153,125.6,41,0.0,0.0,
7.9.2026,23:20:28.669,6.3,8.3,8.153,125.6,42,0.0,0.0,
7.9.2026,23:20:28.879,0.4,3.8,8.202,131.6,43,0.0,0.0,
7.9.2026,23:20:29.076,0.4,3.8,8.088,131.6,43,0.0,0.0,
7.9.2026,23:20:29.285,6.8,4.7,8.412,124.3,42,0.0,0.0,
7.9.2026,23:20:29.482,4.3,5.5,7.980,258.0,42,0.0,0.0,
7.9.2026,23:20:29.690,13.2,4.4,8.712,441.7,71,0.0,0.0,
7.9.2026,23:20:29.901,2.3,6.6,7.905,148.3,74,0.0,0.0,
7.9.2026,23:20:30.108,17.5,9.7,7.310,298.2,42,0.0,0.0,
7.9.2026,23:20:30.319,3.8,3.1,7.912,200.9,41,0.0,0.0,
7.9.2026,23:20:30.518,10.2,4.5,8.439,538.6,42,0.0,0.0,
7.9.2026,23:20:30.715,3.7,5.5,7.811,64.1,42,0.0,0.0,
7.9.2026,23:20:30.929,7.2,8.6,9.408,145.7,42,0.0,0.0,
7.9.2026,23:20:31.121,0.0,1.7,7.561,111.1,42,0.0,0.0,
7.9.2026,23:20:31.338,10.0,7.5,8.426,199.7,69,0.0,0.0,
7.9.2026,23:20:31.553,0.0,0.7,6.956,92.6,42,0.0,0.0,
7.9.2026,23:20:31.745,0.0,0.7,8.025,92.6,42,0.0,0.0,
7.9.2026,23:20:31.960,0.0,1.3,8.028,119.3,42,0.0,0.0,
7.9.2026,23:20:32.167,9.5,7.3,8.292,193.0,42,0.0,0.0,
7.9.2026,23:20:32.373,5.7,3.6,8.227,273.8,42,0.0,0.0,
7.9.2026,23:20:32.585,0.0,4.2,8.922,88.1,41,0.0,0.0,
7.9.2026,23:20:32.784,0.0,4.2,7.498,88.1,41,0.0,0.0,
7.9.2026,23:20:33.001,7.5,7.6,7.879,178.1,42,0.0,0.0,
7.9.2026,23:20:33.207,4.0,5.2,8.686,248.6,42,0.0,0.0,
7.9.2026,23:20:33.403,4.0,5.2,8.695,248.6,42,0.0,0.0,
7.9.2026,23:20:33.610,6.3,8.3,8.291,113.6,42,0.0,0.0,
7.9.2026,23:20:33.818,2.3,2.8,8.341,124.1,41,0.0,0.0,
7.9.2026,23:20:34.024,3.7,4.2,9.058,181.2,41,0.0,0.0,
7.9.2026,23:20:34.218,1.3,3.7,8.598,106.7,43,0.0,0.0,
7.9.2026,23:20:34.429,15.5,8.1,9.166,560.8,67,0.0,0.0,
7.9.2026,23:20:34.632,6.6,3.0,8.794,297.0,68,0.0,0.0,
7.9.2026,23:20:34.824,3.2,4.8,8.687,144.8,71,0.0,0.0,
7.9.2026,23:20:35.033,10.2,12.3,9.415,178.7,57,0.0,0.0,
7.9.2026,23:20:35.243,1.4,2.7,8.633,126.3,72,0.0,0.0,
7.9.2026,23:20:35.455,1.7,5.7,8.735,117.1,58,0.0,0.0,
7.9.2026,23:20:35.663,4.9,5.0,8.315,79.3,72,0.0,0.0,
7.9.2026,23:20:35.870,0.8,3.9,8.178,118.4,73,0.0,0.0,
7.9.2026,23:20:36.089,8.8,9.4,8.014,109.5,62,0.0,0.0,
7.9.2026,23:20:36.277,0.0,1.0,6.956,97.6,71,0.0,0.0,
7.9.2026,23:20:36.500,10.9,12.6,8.536,256.9,54,0.0,0.0,
7.9.2026,23:20:36.712,14.9,5.9,9.229,722.3,65,0.0,0.0,
7.9.2026,23:20:36.905,5.7,3.6,8.009,124.9,72,0.0,0.0,
7.9.2026,23:20:37.126,7.4,9.1,9.895,133.2,63,0.0,0.0,
7.9.2026,23:20:37.322,2.9,4.5,7.582,101.7,71,0.0,0.0,
7.9.2026,23:20:37.532,8.4,11.1,10.106,241.7,65,0.0,0.0,
7.9.2026,23:20:37.737,2.8,2.5,9.198,192.9,74,0.0,0.0,
7.9.2026,23:20:37.946,2.2,4.6,9.330,89.4,71,0.0,0.0,
7.9.2026,23:20:38.136,1.3,4.0,9.330,100.9,70,0.0,0.0,
7.9.2026,23:20:38.342,9.9,9.8,10.285,179.9,70,0.0,0.0,
7.9.2026,23:20:38.550,5.1,6.4,9.845,220.2,61,0.0,0.0,
7.9.2026,23:20:38.757,3.6,5.6,9.782,170.3,55,0.0,0.0,
7.9.2026,23:20:38.963,1.7,4.1,9.486,133.3,60,0.0,0.0,
7.9.2026,23:20:39.173,9.6,8.4,9.148,136.6,52,0.0,0.0,
7.9.2026,23:20:39.370,0.0,4.6,8.974,64.1,56,0.0,0.0,
7.9.2026,23:20:39.590,6.4,6.3,8.547,146.5,72,0.0,0.0,
7.9.2026,23:20:39.797,2.6,3.9,7.064,71.0,74,0.0,0.0,
7.9.2026,23:20:40.008,15.3,6.1,7.933,472.8,70,0.0,0.0,
7.9.2026,23:20:40.206,0.0,2.6,8.155,83.2,73,0.0,0.0,
7.9.2026,23:20:40.413,12.4,3.8,8.093,433.8,72,0.0,0.0,
7.9.2026,23:20:40.606,2.6,8.7,8.462,103.7,69,0.0,0.0,
7.9.2026,23:20:40.812,9.5,8.9,9.182,160.2,62,0.0,0.0,
7.9.2026,23:20:41.024,2.8,3.3,8.124,168.4,70,0.0,0.0,
7.9.2026,23:20:41.223,0.7,2.7,7.022,171.7,74,0.0,0.0,
7.9.2026,23:20:41.426,3.9,5.0,8.026,76.2,73,0.0,0.0,
7.9.2026,23:20:41.623,3.7,8.8,7.689,78.8,73,0.0,0.0,
7.9.2026,23:20:41.828,6.6,7.9,9.171,122.8,67,0.0,0.0,
7.9.2026,23:20:42.027,2.2,4.2,8.084,157.2,73,0.0,0.0,
7.9.2026,23:20:42.234,6.0,4.8,8.119,116.7,59,0.0,0.0,
7.9.2026,23:20:42.444,0.2,6.0,7.990,84.1,66,0.0,0.0,
7.9.2026,23:20:42.642,0.4,1.6,7.557,134.5,75,0.0,0.0,
7.9.2026,23:20:42.856,5.8,5.8,7.922,126.8,74,0.0,0.0,
7.9.2026,23:20:43.067,6.4,7.2,7.953,140.3,74,0.0,0.0,
7.9.2026,23:20:43.275,0.0,4.8,7.732,71.0,74,0.0,0.0,
7.9.2026,23:20:43.467,15.5,8.3,7.823,547.1,67,0.0,0.0,
7.9.2026,23:20:43.677,2.1,3.7,8.945,456.8,60,0.0,0.0,
7.9.2026,23:20:43.873,6.1,2.4,8.945,391.6,58,0.0,0.0,
7.9.2026,23:20:44.081,14.9,6.8,8.091,173.0,44,0.0,0.0,
7.9.2026,23:20:44.288,0.5,5.6,8.129,83.8,50,0.0,0.0,
7.9.2026,23:20:44.497,20.8,5.8,7.979,816.0,51,0.0,0.0,
7.9.2026,23:20:44.711,6.0,5.5,7.880,178.4,61,0.0,0.0,
7.9.2026,23:20:44.917,0.0,3.2,8.718,78.6,61,0.0,0.0,
7.9.2026,23:20:45.112,4.4,6.1,7.462,167.4,64,0.0,0.0,
7.9.2026,23:20:45.317,5.0,5.5,7.662,78.4,46,0.0,0.0,
7.9.2026,23:20:45.514,17.0,3.2,7.604,761.1,42,0.0,0.0,
7.9.2026,23:20:45.725,6.9,5.0,7.716,146.0,42,0.0,0.0,
7.9.2026,23:20:45.926,0.0,4.1,7.790,117.1,42,0.0,0.0,
7.9.2026,23:20:46.134,5.5,6.3,7.835,135.6,41,0.0,0.0,
7.9.2026,23:20:46.346,7.3,6.0,8.223,83.1,45,0.0,0.0,
7.9.2026,23:20:46.554,6.0,4.7,7.715,370.5,42,0.0,0.0,
7.9.2026,23:20:46.748,0.9,3.5,8.335,106.6,46,0.0,0.0,
7.9.2026,23:20:46.961,9.9,6.3,7.333,228.9,42,0.0,0.0,
7.9.2026,23:20:47.167,0.2,4.3,9.270,131.7,44,0.0,0.0,
7.9.2026,23:20:47.379,8.2,6.2,7.977,91.4,44,0.0,0.0,
7.9.2026,23:20:47.592,0.0,3.5,8.104,124.6,42,0.0,0.0,
7.9.2026,23:20:47.805,5.3,6.8,7.486,92.7,42,0.0,0.0,
7.9.2026,23:20:47.997,15.6,3.3,7.653,836.8,41,0.0,0.0,
7.9.2026,23:20:48.214,8.0,8.7,8.995,108.6,42,0.0,0.0,
7.9.2026,23:20:48.422,3.9,5.6,8.150,75.8,44,0.0,0.0,
7.9.2026,23:20:48.630,0.9,3.9,8.325,123.4,42,0.0,0.0,
7.9.2026,23:20:48.827,0.0,4.2,8.310,67.8,42,0.0,0.0,
7.9.2026,23:20:49.032,12.2,5.8,7.725,363.3,42,0.0,0.0,
7.9.2026,23:20:49.250,2.5,3.8,8.130,142.7,44,0.0,0.0,
7.9.2026,23:20:49.465,3.7,6.1,8.365,80.3,48,0.0,0.0,
7.9.2026,23:20:49.669,6.1,6.0,7.966,124.1,47,0.0,0.0,
7.9.2026,23:20:49.882,2.5,3.6,7.842,112.9,43,0.0,0.0,
7.9.2026,23:20:50.088,0.0,4.2,7.822,116.0,44,0.0,0.0,
7.9.2026,23:20:50.302,8.4,5.6,7.790,138.0,44,0.0,0.0,
7.9.2026,23:20:50.501,0.0,4.8,8.093,88.2,55,0.0,0.0,
7.9.2026,23:20:50.713,9.3,8.2,8.625,291.2,56,0.0,0.0,
7.9.2026,23:20:50.908,0.0,0.7,6.877,67.7,74,0.0,0.0,
7.9.2026,23:20:51.115,6.6,10.2,9.591,77.6,71,0.0,0.0,
7.9.2026,23:20:51.323,1.3,4.5,7.413,95.1,74,0.0,0.0,
7.9.2026,23:20:51.538,10.4,7.9,9.244,124.5,73,0.0,0.0,
7.9.2026,23:20:51.743,0.0,1.8,6.883,137.0,68,0.0,0.0,
7.9.2026,23:20:51.935,0.0,1.8,6.883,137.0,68,0.0,0.0,
7.9.2026,23:20:52.148,0.0,1.8,6.883,137.0,68,0.0,0.0,
7.9.2026,23:20:52.347,0.0,1.8,6.883,137.0,68,0.0,0.0,
7.9.2026,23:20:52.553,0.0,1.8,6.883,137.0,68,0.0,0.0,
7.9.2026,23:20:52.759,0.0,1.8,6.883,137.0,68,0.0,0.0,
7.9.2026,23:20:52.967,0.0,1.8,6.883,137.0,68,0.0,0.0,
7.9.2026,23:20:53.171,0.0,1.8,6.883,137.0,68,0.0,0.0,
7.9.2026,23:20:53.378,0.0,1.8,6.883,137.0,68,0.0,0.0,
7.9.2026,23:20:53.586,0.0,1.8,6.883,137.0,68,0.0,0.0,
7.9.2026,23:20:53.791,0.0,1.8,6.883,137.0,68,0.0,0.0,
7.9.2026,23:20:54.000,0.0,1.8,6.883,137.0,68,0.0,0.0,
7.9.2026,23:20:54.204,0.0,1.8,6.883,137.0,68,0.0,0.0,
7.9.2026,23:20:54.410,0.0,1.8,6.883,137.0,68,0.0,0.0,
7.9.2026,23:20:54.617,0.0,1.8,6.883,137.0,68,0.0,0.0,
7.9.2026,23:20:54.808,0.0,1.8,6.883,137.0,68,0.0,0.0,
7.9.2026,23:20:55.014,0.0,1.8,6.883,137.0,68,0.0,0.0,
7.9.2026,23:20:55.220,0.0,1.8,6.883,137.0,68,0.0,0.0,
7.9.2026,23:20:55.426,0.0,1.8,6.883,137.0,68,0.0,0.0,
7.9.2026,23:20:55.633,0.0,1.8,6.883,137.0,68,0.0,0.0,
7.9.2026,23:20:55.825,0.0,1.8,6.883,137.0,68,0.0,0.0,
7.9.2026,23:20:56.030,0.0,1.8,6.883,137.0,68,0.0,0.0,
7.9.2026,23:20:56.236,0.0,1.8,6.883,137.0,68,0.0,0.0,
7.9.2026,23:20:56.444,0.0,1.8,6.883,137.0,68,0.0,0.0,
7.9.2026,23:20:56.649,0.0,1.8,6.883,137.0,68,0.0,0.0,
7.9.2026,23:20:56.841,0.0,1.8,6.883,137.0,68,0.0,0.0,
7.9.2026,23:20:57.044,0.0,1.8,6.883,137.0,68,0.0,0.0,
7.9.2026,23:20:57.250,0.0,1.8,6.883,137.0,68,0.0,0.0,
7.9.2026,23:20:57.458,0.0,1.8,6.883,137.0,68,0.0,0.0,
7.9.2026,23:20:57.664,0.0,1.8,6.883,137.0,68,0.0,0.0,
7.9.2026,23:20:57.855,0.0,1.8,6.883,137.0,68,0.0,0.0,
7.9.2026,23:20:58.060,0.0,1.8,6.883,137.0,68,0.0,0.0,
7.9.2026,23:20:58.269,0.0,1.8,6.883,137.0,68,0.0,0.0,
7.9.2026,23:20:58.473,0.0,1.8,6.883,137.0,68,0.0,0.0,
7.9.2026,23:20:58.678,0.0,1.8,6.883,137.0,68,0.0,0.0,
7.9.2026,23:20:58.885,0.0,1.8,6.883,137.0,68,0.0,0.0,
7.9.2026,23:20:59.091,0.0,1.8,6.883,137.0,68,0.0,0.0,
7.9.2026,23:20:59.300,0.0,1.8,6.883,137.0,68,0.0,0.0,
7.9.2026,23:20:59.505,0.0,1.8,6.883,137.0,68,0.0,0.0,
7.9.2026,23:20:59.711,0.0,1.8,6.883,137.0,68,0.0,0.0,
7.9.2026,23:20:59.918,0.0,1.8,6.883,137.0,68,0.0,0.0,
7.9.2026,23:21:0.122,0.0,1.8,6.883,137.0,68,0.0,0.0,
7.9.2026,23:21:0.328,0.0,1.8,6.883,137.0,68,0.0,0.0,
7.9.2026,23:21:0.535,0.0,1.8,6.883,137.0,68,0.0,0.0,
7.9.2026,23:21:0.741,0.0,1.8,6.883,137.0,68,0.0,0.0,
7.9.2026,23:21:0.945,0.0,1.8,6.883,137.0,68,0.0,0.0,
7.9.2026,23:21:1.135,0.0,1.8,6.883,137.0,68,0.0,0.0,
7.9.2026,23:21:1.341,0.0,1.8,6.883,137.0,68,0.0,0.0,
7.9.2026,23:21:1.548,0.0,1.8,6.883,137.0,68,0.0,0.0,
7.9.2026,23:21:1.754,0.0,1.8,6.883,137.0,68,0.0,0.0,
7.9.2026,23:21:1.962,0.0,1.8,6.883,137.0,68,0.0,0.0,
7.9.2026,23:21:2.166,0.0,1.8,6.883,137.0,68,0.0,0.0,
7.9.2026,23:21:2.375,99.9,15.6,24.677,4398.6,85,0.0,0.0,
7.9.2026,23:21:2.580,99.9,15.6,24.677,4398.6,85,0.0,0.0,
7.9.2026,23:21:2.786,99.9,15.6,24.677,4398.6,85,0.0,0.0,
7.9.2026,23:21:2.993,99.9,15.6,24.677,4398.6,85,0.0,0.0,
7.9.2026,23:21:3.186,99.9,15.6,24.677,4398.6,85,0.0,0.0,
7.9.2026,23:21:3.391,99.9,15.6,24.677,4398.6,85,0.0,0.0,
7.9.2026,23:21:3.599,99.9,15.6,24.677,4398.6,85,0.0,0.0,
7.9.2026,23:21:3.804,99.9,15.6,24.677,4398.6,85,0.0,0.0,
7.9.2026,23:21:3.997,99.9,15.6,24.677,4398.6,85,0.0,0.0,
7.9.2026,23:21:4.202,99.9,15.6,24.677,4398.6,85,0.0,0.0,
7.9.2026,23:21:4.407,99.9,15.6,24.677,4398.6,85,0.0,0.0,
7.9.2026,23:21:4.613,99.9,15.6,24.677,4398.6,85,0.0,0.0,
7.9.2026,23:21:4.819,99.9,15.6,24.677,4398.6,85,0.0,0.0,
7.9.2026,23:21:5.026,99.9,15.6,24.677,4398.6,85,0.0,0.0,
7.9.2026,23:21:5.232,99.9,15.6,24.677,4398.6,85,0.0,0.0,
7.9.2026,23:21:5.439,99.9,15.6,24.677,4398.6,85,0.0,0.0,
7.9.2026,23:21:5.646,99.9,15.6,24.677,4398.6,85,0.0,0.0,
7.9.2026,23:21:5.853,99.9,15.6,24.677,4398.6,85,0.0,0.0,
7.9.2026,23:21:6.041,99.9,15.6,24.677,4398.6,85,0.0,0.0,
7.9.2026,23:21:6.247,99.9,15.6,24.677,4398.6,85,0.0,0.0,
7.9.2026,23:21:6.452,99.9,15.6,24.677,4398.6,85,0.0,0.0,
7.9.2026,23:21:6.659,99.9,15.6,24.677,4398.6,85,0.0,0.0,
7.9.2026,23:21:6.864,99.9,15.6,24.677,4398.6,85,0.0,0.0,
7.9.2026,23:21:7.072,99.9,15.6,24.677,4398.6,85,0.0,0.0,
7.9.2026,23:21:7.278,100.0,15.6,24.552,4383.5,85,0.0,0.0,
7.9.2026,23:21:7.483,100.0,15.6,24.552,4383.5,85,0.0,0.0,
7.9.2026,23:21:7.689,100.0,15.6,24.552,4383.5,85,0.0,0.0,
7.9.2026,23:21:7.896,100.0,15.6,24.552,4383.5,85,0.0,0.0,
7.9.2026,23:21:8.101,100.0,15.6,24.552,4383.5,85,0.0,0.0,
7.9.2026,23:21:8.291,100.0,15.6,24.552,4383.5,85,0.0,0.0,
7.9.2026,23:21:8.498,100.0,15.6,24.552,4383.5,85,0.0,0.0,
7.9.2026,23:21:8.704,100.0,15.6,24.552,4383.5,85,0.0,0.0,
7.9.2026,23:21:8.915,100.0,15.6,24.552,4383.5,85,0.0,0.0,
7.9.2026,23:21:9.118,100.0,15.6,24.552,4383.5,85,0.0,0.0,
7.9.2026,23:21:9.308,100.0,15.6,24.552,4383.5,85,0.0,0.0,
7.9.2026,23:21:9.514,100.0,15.6,24.552,4383.5,85,0.0,0.0,
7.9.2026,23:21:9.721,100.0,15.6,24.552,4383.5,85,0.0,0.0,
7.9.2026,23:21:9.928,100.0,15.6,24.552,4383.5,85,0.0,0.0,
7.9.2026,23:21:10.120,100.0,15.6,24.552,4383.5,85,0.0,0.0,
7.9.2026,23:21:10.325,100.0,15.6,24.552,4383.5,85,0.0,0.0,
7.9.2026,23:21:10.532,100.0,15.6,24.552,4383.5,85,0.0,0.0,
7.9.2026,23:21:10.738,100.0,15.6,24.552,4383.5,85,0.0,0.0,
7.9.2026,23:21:10.945,100.0,15.6,24.552,4383.5,85,0.0,0.0,
7.9.2026,23:21:11.149,100.0,15.6,24.552,4383.5,85,0.0,0.0,
7.9.2026,23:21:11.340,100.0,15.6,24.552,4383.5,85,0.0,0.0,
7.9.2026,23:21:11.546,100.0,15.6,24.552,4383.5,85,0.0,0.0,
7.9.2026,23:21:11.753,100.0,15.6,24.552,4383.5,85,0.0,0.0,
7.9.2026,23:21:11.958,100.0,15.6,24.552,4357.2,82,0.0,0.0,
7.9.2026,23:21:12.164,100.0,15.6,24.214,4357.2,82,0.0,0.0,
7.9.2026,23:21:12.355,100.0,15.6,24.214,4357.2,82,0.0,0.0,
7.9.2026,23:21:12.572,100.0,15.6,24.214,4357.2,82,0.0,0.0,
7.9.2026,23:21:12.766,100.0,15.6,24.214,4357.2,82,0.0,0.0,
7.9.2026,23:21:12.972,100.0,15.6,24.214,4357.2,82,0.0,0.0,
7.9.2026,23:21:13.180,100.0,15.6,24.214,4357.2,82,0.0,0.0,
7.9.2026,23:21:13.385,100.0,15.6,24.214,4357.2,82,0.0,0.0,
7.9.2026,23:21:13.592,100.0,15.6,24.214,4357.2,82,0.0,0.0,
7.9.2026,23:21:13.797,100.0,15.6,24.214,4357.2,82,0.0,0.0,
7.9.2026,23:21:14.003,100.0,15.6,24.214,4357.2,82,0.0,0.0,
7.9.2026,23:21:14.209,100.0,15.6,24.214,4357.2,82,0.0,0.0,
7.9.2026,23:21:14.415,100.0,15.6,24.214,4357.2,82,0.0,0.0,
7.9.2026,23:21:14.606,100.0,15.6,24.214,4357.2,82,0.0,0.0,
7.9.2026,23:21:14.812,100.0,15.6,24.214,4357.2,82,0.0,0.0,
7.9.2026,23:21:15.019,100.0,15.6,24.214,4357.2,82,0.0,0.0,
7.9.2026,23:21:15.225,100.0,15.6,24.214,4357.2,82,0.0,0.0,
7.9.2026,23:21:15.431,100.0,15.6,24.214,4357.2,82,0.0,0.0,
7.9.2026,23:21:15.637,100.0,15.6,24.214,4357.2,82,0.0,0.0,
7.9.2026,23:21:15.843,100.0,15.6,24.214,4357.2,82,0.0,0.0,
7.9.2026,23:21:16.049,100.0,15.6,24.214,4357.2,82,0.0,0.0,
7.9.2026,23:21:16.255,100.0,15.6,24.214,4357.2,82,0.0,0.0,
7.9.2026,23:21:16.461,100.0,15.6,24.214,4357.2,82,0.0,0.0,
7.9.2026,23:21:16.652,100.0,15.6,24.214,4357.2,82,0.0,0.0,
7.9.2026,23:21:16.856,100.0,15.7,24.214,4332.4,85,0.0,0.0,
7.9.2026,23:21:17.064,100.0,15.7,24.003,4332.4,85,0.0,0.0,
7.9.2026,23:21:17.271,100.0,15.7,24.003,4332.4,85,0.0,0.0,
7.9.2026,23:21:17.477,100.0,15.7,24.003,4332.4,85,0.0,0.0,
7.9.2026,23:21:17.682,100.0,15.7,24.003,4332.4,85,0.0,0.0,
7.9.2026,23:21:17.890,100.0,15.7,24.003,4332.4,85,0.0,0.0,
7.9.2026,23:21:18.094,100.0,15.7,24.003,4332.4,85,0.0,0.0,
7.9.2026,23:21:18.299,100.0,15.7,24.003,4332.4,85,0.0,0.0,
7.9.2026,23:21:18.506,100.0,15.7,24.003,4332.4,85,0.0,0.0,
7.9.2026,23:21:18.712,100.0,15.7,24.003,4332.4,85,0.0,0.0,
7.9.2026,23:21:18.903,100.0,15.7,24.003,4332.4,85,0.0,0.0,
7.9.2026,23:21:19.108,100.0,15.7,24.003,4332.4,85,0.0,0.0,
7.9.2026,23:21:19.315,100.0,15.7,24.003,4332.4,85,0.0,0.0,
7.9.2026,23:21:19.521,100.0,15.7,24.003,4332.4,85,0.0,0.0,
7.9.2026,23:21:19.727,100.0,15.7,24.003,4332.4,85,0.0,0.0,
7.9.2026,23:21:19.917,100.0,15.7,24.003,4332.4,85,0.0,0.0,
7.9.2026,23:21:20.124,100.0,15.7,24.003,4332.4,85,0.0,0.0,
7.9.2026,23:21:20.329,100.0,15.7,24.003,4332.4,85,0.0,0.0,
7.9.2026,23:21:20.537,100.0,15.7,24.003,4332.4,85,0.0,0.0,
7.9.2026,23:21:20.742,100.0,15.7,24.003,4332.4,85,0.0,0.0,
7.9.2026,23:21:20.934,100.0,15.7,24.003,4332.4,85,0.0,0.0,
7.9.2026,23:21:21.138,100.0,15.7,24.003,4332.4,85,0.0,0.0,
7.9.2026,23:21:21.343,100.0,15.7,24.003,4332.4,85,0.0,0.0,
7.9.2026,23:21:21.550,100.0,15.7,24.003,4332.4,85,0.0,0.0,
7.9.2026,23:21:21.756,100.0,15.7,23.973,4332.7,85,0.0,0.0,
7.9.2026,23:21:21.963,100.0,15.7,23.973,4332.7,85,0.0,0.0,
7.9.2026,23:21:22.170,100.0,15.7,23.973,4332.7,85,0.0,0.0,
7.9.2026,23:21:22.377,100.0,15.7,23.973,4332.7,85,0.0,0.0,
7.9.2026,23:21:22.582,100.0,15.7,23.973,4332.7,85,0.0,0.0,
7.9.2026,23:21:22.789,100.0,15.7,23.973,4332.7,85,0.0,0.0,
7.9.2026,23:21:22.981,100.0,15.7,23.973,4332.7,85,0.0,0.0,
7.9.2026,23:21:23.186,100.0,15.7,23.973,4332.7,85,0.0,0.0,
7.9.2026,23:21:23.392,100.0,15.7,23.973,4332.7,85,0.0,0.0,
7.9.2026,23:21:23.599,100.0,15.7,23.973,4332.7,85,0.0,0.0,
7.9.2026,23:21:23.807,100.0,15.7,23.973,4332.7,85,0.0,0.0,
7.9.2026,23:21:23.996,100.0,15.7,23.973,4332.7,85,0.0,0.0,
7.9.2026,23:21:24.203,100.0,15.7,23.973,4332.7,85,0.0,0.0,
7.9.2026,23:21:24.407,100.0,15.7,23.973,4332.7,85,0.0,0.0,
7.9.2026,23:21:24.613,100.0,15.7,23.973,4332.7,85,0.0,0.0,
7.9.2026,23:21:24.819,100.0,15.7,23.973,4332.7,85,0.0,0.0,
7.9.2026,23:21:25.028,100.0,15.7,23.973,4332.7,85,0.0,0.0,
7.9.2026,23:21:25.231,100.0,15.7,23.973,4332.7,85,0.0,0.0,
7.9.2026,23:21:25.437,100.0,15.7,23.973,4332.7,85,0.0,0.0,
7.9.2026,23:21:25.643,100.0,15.7,23.973,4332.7,85,0.0,0.0,
7.9.2026,23:21:25.850,100.0,15.7,23.973,4332.7,85,0.0,0.0,
7.9.2026,23:21:26.056,100.0,15.7,23.973,4332.7,85,0.0,0.0,
7.9.2026,23:21:26.262,100.0,15.7,23.973,4332.7,85,0.0,0.0,
7.9.2026,23:21:26.469,100.0,15.7,23.973,4332.7,85,0.0,0.0,
7.9.2026,23:21:26.678,100.0,15.3,23.846,4328.2,85,0.0,0.0,
7.9.2026,23:21:26.882,100.0,15.3,23.846,4328.2,85,0.0,0.0,
7.9.2026,23:21:27.074,100.0,15.3,23.846,4328.2,85,0.0,0.0,
7.9.2026,23:21:27.280,100.0,15.3,23.846,4328.2,85,0.0,0.0,
7.9.2026,23:21:27.486,100.0,15.3,23.846,4328.2,85,0.0,0.0,
7.9.2026,23:21:27.694,100.0,15.3,23.846,4328.2,85,0.0,0.0,
7.9.2026,23:21:27.899,100.0,15.3,23.846,4328.2,85,0.0,0.0,
7.9.2026,23:21:28.088,100.0,15.3,23.846,4328.2,85,0.0,0.0,
7.9.2026,23:21:28.295,100.0,15.3,23.846,4328.2,85,0.0,0.0,
7.9.2026,23:21:28.500,100.0,15.3,23.846,4328.2,85,0.0,0.0,
7.9.2026,23:21:28.707,100.0,15.3,23.846,4328.2,85,0.0,0.0,
7.9.2026,23:21:28.912,100.0,15.3,23.846,4328.2,85,0.0,0.0,
7.9.2026,23:21:29.120,100.0,15.3,23.846,4328.2,85,0.0,0.0,
7.9.2026,23:21:29.309,100.0,15.3,23.846,4328.2,85,0.0,0.0,
7.9.2026,23:21:29.516,100.0,15.3,23.846,4328.2,85,0.0,0.0,
7.9.2026,23:21:29.721,100.0,15.3,23.846,4328.2,85,0.0,0.0,
7.9.2026,23:21:29.928,100.0,15.3,23.846,4328.2,85,0.0,0.0,
7.9.2026,23:21:30.133,100.0,15.3,23.846,4328.2,85,0.0,0.0,
7.9.2026,23:21:30.325,100.0,15.3,23.846,4328.2,85,0.0,0.0,
7.9.2026,23:21:30.528,100.0,15.3,23.846,4328.2,85,0.0,0.0,
7.9.2026,23:21:30.734,100.0,15.3,23.846,4328.2,85,0.0,0.0,
7.9.2026,23:21:30.941,100.0,15.3,23.846,4328.2,85,0.0,0.0,
7.9.2026,23:21:31.151,100.0,15.3,23.846,4328.2,85,0.0,0.0,
7.9.2026,23:21:31.339,100.0,15.3,23.846,4328.2,85,0.0,0.0,
7.9.2026,23:21:31.548,100.0,15.9,23.840,4310.8,86,0.0,0.0,
7.9.2026,23:21:31.752,100.0,15.9,23.840,4310.8,86,0.0,0.0,
7.9.2026,23:21:31.959,100.0,15.9,23.840,4310.8,86,0.0,0.0,
7.9.2026,23:21:32.165,100.0,15.9,23.840,4310.8,86,0.0,0.0,
7.9.2026,23:21:32.356,100.0,15.9,23.840,4310.8,86,0.0,0.0,
7.9.2026,23:21:32.562,100.0,15.9,23.840,4310.8,86,0.0,0.0,
7.9.2026,23:21:32.769,100.0,15.9,23.840,4310.8,86,0.0,0.0,
7.9.2026,23:21:32.974,100.0,15.9,23.840,4310.8,86,0.0,0.0,
7.9.2026,23:21:33.179,100.0,15.9,23.840,4310.8,86,0.0,0.0,
7.9.2026,23:21:33.370,100.0,15.9,23.840,4310.8,86,0.0,0.0,
7.9.2026,23:21:33.579,100.0,15.9,23.840,4310.8,86,0.0,0.0,
7.9.2026,23:21:33.782,100.0,15.9,23.840,4310.8,86,0.0,0.0,
7.9.2026,23:21:34.006,100.0,15.9,23.840,4310.8,86,0.0,0.0,
7.9.2026,23:21:34.212,100.0,15.9,23.840,4310.8,86,0.0,0.0,
7.9.2026,23:21:34.402,100.0,15.9,23.840,4310.8,86,0.0,0.0,
7.9.2026,23:21:34.609,100.0,15.9,23.840,4310.8,86,0.0,0.0,
7.9.2026,23:21:34.815,100.0,15.9,23.840,4310.8,86,0.0,0.0,
7.9.2026,23:21:35.022,100.0,15.9,23.840,4310.8,86,0.0,0.0,
7.9.2026,23:21:35.226,100.0,15.9,23.840,4310.8,86,0.0,0.0,
7.9.2026,23:21:35.419,100.0,15.9,23.840,4310.8,86,0.0,0.0,
7.9.2026,23:21:35.622,100.0,15.9,23.840,4310.8,86,0.0,0.0,
7.9.2026,23:21:35.829,100.0,15.9,23.840,4310.8,86,0.0,0.0,
7.9.2026,23:21:36.035,100.0,15.9,23.840,4310.8,86,0.0,0.0,
7.9.2026,23:21:36.245,100.0,15.7,23.811,4323.4,83,0.0,0.0,
7.9.2026,23:21:36.433,100.0,15.7,23.811,4323.4,83,0.0,0.0,
7.9.2026,23:21:36.640,100.0,15.7,23.811,4323.4,83,0.0,0.0,
7.9.2026,23:21:36.844,100.0,15.7,23.811,4323.4,83,0.0,0.0,
7.9.2026,23:21:37.052,100.0,15.7,23.811,4323.4,83,0.0,0.0,
7.9.2026,23:21:37.256,100.0,15.7,23.811,4323.4,83,0.0,0.0,
7.9.2026,23:21:37.464,100.0,15.7,23.811,4323.4,83,0.0,0.0,
7.9.2026,23:21:37.652,100.0,15.7,23.811,4323.4,83,0.0,0.0,
7.9.2026,23:21:37.857,100.0,15.7,23.811,4323.4,83,0.0,0.0,
7.9.2026,23:21:38.064,100.0,15.7,23.811,4323.4,83,0.0,0.0,
7.9.2026,23:21:38.270,100.0,15.7,23.811,4323.4,83,0.0,0.0,
7.9.2026,23:21:38.477,100.0,15.7,23.811,4323.4,83,0.0,0.0,
7.9.2026,23:21:38.666,100.0,15.7,23.811,4323.4,83,0.0,0.0,
7.9.2026,23:21:38.873,100.0,15.7,23.811,4323.4,83,0.0,0.0,
7.9.2026,23:21:39.079,100.0,15.7,23.811,4323.4,83,0.0,0.0,
7.9.2026,23:21:39.286,100.0,15.7,23.811,4323.4,83,0.0,0.0,
7.9.2026,23:21:39.493,100.0,15.7,23.811,4323.4,83,0.0,0.0,
7.9.2026,23:21:39.683,100.0,15.7,23.811,4323.4,83,0.0,0.0,
7.9.2026,23:21:39.888,100.0,15.7,23.811,4323.4,83,0.0,0.0,
7.9.2026,23:21:40.094,100.0,15.7,23.811,4323.4,83,0.0,0.0,
7.9.2026,23:21:40.299,100.0,15.7,23.811,4323.4,83,0.0,0.0,
7.9.2026,23:21:40.507,100.0,15.7,23.811,4323.4,83,0.0,0.0,
7.9.2026,23:21:40.711,100.0,15.7,23.811,4323.4,83,0.0,0.0,
7.9.2026,23:21:40.904,100.0,16.0,23.879,4319.9,83,0.0,0.0,
7.9.2026,23:21:41.107,100.0,16.0,23.879,4319.9,83,0.0,0.0,
7.9.2026,23:21:41.316,100.0,16.0,23.879,4319.9,83,0.0,0.0,
7.9.2026,23:21:41.519,100.0,16.0,23.879,4319.9,83,0.0,0.0,
7.9.2026,23:21:41.728,100.0,16.0,23.879,4319.9,83,0.0,0.0,
7.9.2026,23:21:41.917,100.0,16.0,23.879,4319.9,83,0.0,0.0,
7.9.2026,23:21:42.124,100.0,16.0,23.879,4319.9,83,0.0,0.0,
7.9.2026,23:21:42.329,100.0,16.0,23.879,4319.9,83,0.0,0.0,
7.9.2026,23:21:42.537,100.0,16.0,23.949,4319.9,83,0.0,0.0,
7.9.2026,23:21:42.741,100.0,16.0,23.949,4319.9,83,0.0,0.0,
7.9.2026,23:21:42.947,100.0,16.0,23.949,4319.9,83,0.0,0.0,
7.9.2026,23:21:43.153,100.0,16.0,23.949,4319.9,83,0.0,0.0,
7.9.2026,23:21:43.362,100.0,16.0,23.949,4319.9,83,0.0,0.0,
7.9.2026,23:21:43.567,100.0,16.0,23.949,4319.9,83,0.0,0.0,
7.9.2026,23:21:43.775,100.0,16.0,23.949,4319.9,83,0.0,0.0,
7.9.2026,23:21:43.963,100.0,16.0,23.949,4319.9,83,0.0,0.0,
7.9.2026,23:21:44.172,100.0,16.0,23.949,4319.9,83,0.0,0.0,
7.9.2026,23:21:44.375,100.0,16.0,23.949,4319.9,83,0.0,0.0,
7.9.2026,23:21:44.584,100.0,16.0,23.949,4319.9,83,0.0,0.0,
7.9.2026,23:21:44.788,100.0,16.0,23.949,4319.9,83,0.0,0.0,
7.9.2026,23:21:44.997,100.0,16.0,23.949,4319.9,83,0.0,0.0,
7.9.2026,23:21:45.200,100.0,16.0,23.949,4319.9,83,0.0,0.0,
7.9.2026,23:21:45.406,100.0,16.0,23.949,4319.9,83,0.0,0.0,
7.9.2026,23:21:45.613,100.0,16.0,23.949,4319.9,83,0.0,0.0,
7.9.2026,23:21:45.819,100.0,16.0,23.949,4319.9,83,0.0,0.0,
7.9.2026,23:21:46.010,100.0,16.0,23.949,4319.9,83,0.0,0.0,
7.9.2026,23:21:46.218,100.0,16.0,23.949,4319.9,83,0.0,0.0,
7.9.2026,23:21:46.422,100.0,16.0,23.949,4319.9,83,0.0,0.0,
7.9.2026,23:21:46.628,100.0,16.0,23.949,4319.9,83,0.0,0.0,
7.9.2026,23:21:46.835,100.0,16.0,23.949,4319.9,83,0.0,0.0,
7.9.2026,23:21:47.044,100.0,16.0,23.949,4319.9,83,0.0,0.0,
7.9.2026,23:21:47.249,100.0,16.0,23.949,4319.9,83,0.0,0.0,
7.9.2026,23:21:47.454,100.0,16.0,23.949,4319.9,83,0.0,0.0,
7.9.2026,23:21:47.662,100.0,16.0,23.949,4319.9,83,0.0,0.0,
7.9.2026,23:21:47.871,100.0,16.0,23.949,4319.9,83,0.0,0.0,
7.9.2026,23:21:48.075,100.0,16.0,23.949,4319.9,83,0.0,0.0,
7.9.2026,23:21:48.281,100.0,14.4,23.949,4319.9,86,0.0,0.0,
7.9.2026,23:21:48.488,100.0,14.4,23.949,4319.9,86,0.0,0.0,
7.9.2026,23:21:48.696,100.0,14.4,23.949,4319.9,86,0.0,0.0,
7.9.2026,23:21:48.899,100.0,14.4,23.949,4319.9,86,0.0,0.0,
7.9.2026,23:21:49.091,100.0,14.4,23.949,4319.9,86,0.0,0.0,
7.9.2026,23:21:49.296,100.0,14.4,23.949,4319.9,86,0.0,0.0,
7.9.2026,23:21:49.504,100.0,14.4,23.949,4319.9,86,0.0,0.0,
7.9.2026,23:21:49.708,100.0,14.4,23.949,4319.9,86,0.0,0.0,
7.9.2026,23:21:49.913,100.0,14.4,23.949,4319.9,86,0.0,0.0,
7.9.2026,23:21:50.118,100.0,14.4,23.949,4319.9,86,0.0,0.0,
7.9.2026,23:21:50.308,100.0,14.4,23.949,4319.9,86,0.0,0.0,
7.9.2026,23:21:50.514,100.0,14.4,23.949,4319.9,86,0.0,0.0,
7.9.2026,23:21:50.720,100.0,14.4,23.949,4319.9,86,0.0,0.0,
7.9.2026,23:21:50.928,100.0,14.4,23.949,4319.9,86,0.0,0.0,
7.9.2026,23:21:51.132,100.0,14.4,23.949,4319.9,86,0.0,0.0,
7.9.2026,23:21:51.337,100.0,14.4,23.949,4319.9,86,0.0,0.0,
7.9.2026,23:21:51.545,100.0,14.4,23.949,4319.9,86,0.0,0.0,
7.9.2026,23:21:51.749,43.0,54.3,23.949,852.2,69,0.0,0.0,
7.9.2026,23:21:51.956,5.3,5.1,23.791,72.1,53,0.0,0.0,
7.9.2026,23:21:52.164,2.6,3.1,8.840,145.9,53,0.0,0.0,
7.9.2026,23:21:52.353,3.6,3.9,8.915,153.8,52,0.0,0.0,
7.9.2026,23:21:52.561,12.2,9.8,8.942,221.0,52,0.0,0.0,
7.9.2026,23:21:52.768,2.1,4.6,9.225,128.4,51,0.0,0.0,
7.9.2026,23:21:52.978,5.7,4.5,9.028,322.5,52,0.0,0.0,
7.9.2026,23:21:53.184,9.5,6.0,9.142,153.5,51,0.0,0.0,
7.9.2026,23:21:53.394,2.7,6.8,8.887,106.7,52,0.0,0.0,
7.9.2026,23:21:53.601,2.3,2.9,8.474,155.2,52,0.0,0.0,
7.9.2026,23:21:53.796,7.2,7.8,8.203,97.7,51,0.0,0.0,
7.9.2026,23:21:54.003,1.2,4.4,7.771,110.7,51,0.0,0.0,
7.9.2026,23:21:54.210,4.0,3.1,7.849,186.7,51,0.0,0.0,
7.9.2026,23:21:54.403,8.1,8.0,8.270,103.8,51,0.0,0.0,
7.9.2026,23:21:54.611,4.4,4.1,8.362,278.4,51,0.0,0.0,
7.9.2026,23:21:54.823,0.8,4.6,8.022,83.6,50,0.0,0.0,
7.9.2026,23:21:55.012,8.1,9.6,8.109,143.3,50,0.0,0.0,
7.9.2026,23:21:55.219,1.1,3.3,8.518,91.6,49,0.0,0.0,
7.9.2026,23:21:55.436,0.0,2.4,8.104,66.3,50,0.0,0.0,
7.9.2026,23:21:55.649,6.9,7.6,8.175,147.1,49,0.0,0.0,
7.9.2026,23:21:55.845,5.9,4.6,8.344,104.2,49,0.0,0.0,
7.9.2026,23:21:56.051,0.0,1.6,8.424,129.2,49,0.0,0.0,
7.9.2026,23:21:56.259,2.0,4.5,8.286,139.2,49,0.0,0.0,
7.9.2026,23:21:56.452,16.9,8.8,8.018,522.3,49,0.0,0.0,
7.9.2026,23:21:56.658,3.6,2.1,7.754,216.5,49,0.0,0.0,
7.9.2026,23:21:56.858,14.3,7.4,8.463,538.3,49,0.0,0.0,
7.9.2026,23:21:57.065,5.3,5.2,8.064,243.5,48,0.0,0.0,
7.9.2026,23:21:57.274,9.6,1.9,8.570,508.9,49,0.0,0.0,
7.9.2026,23:21:57.464,8.3,9.1,7.962,85.9,48,0.0,0.0,
7.9.2026,23:21:57.671,6.3,6.3,7.853,113.4,49,0.0,0.0,
7.9.2026,23:21:57.883,7.8,1.9,7.720,478.0,48,0.0,0.0,
7.9.2026,23:21:58.077,7.8,1.9,7.738,478.0,48,0.0,0.0,
7.9.2026,23:21:58.284,2.4,5.2,8.106,183.2,49,0.0,0.0,
7.9.2026,23:21:58.481,2.4,5.2,8.106,183.2,47,0.0,0.0,
7.9.2026,23:21:58.695,0.0,3.0,8.589,129.8,49,0.0,0.0,
7.9.2026,23:21:58.889,0.0,3.0,8.589,129.8,49,0.0,0.0,
7.9.2026,23:21:59.096,7.9,12.8,9.049,162.5,49,0.0,0.0,
7.9.2026,23:21:59.307,4.1,4.6,9.400,224.9,48,0.0,0.0,
7.9.2026,23:21:59.514,7.9,5.2,8.137,148.6,48,0.0,0.0,
7.9.2026,23:21:59.724,1.3,5.9,8.044,76.9,49,0.0,0.0,
7.9.2026,23:21:59.934,14.9,7.2,7.972,434.2,48,0.0,0.0,
7.9.2026,23:22:0.143,5.6,5.2,8.413,250.8,47,0.0,0.0,
7.9.2026,23:22:0.349,1.1,3.5,8.598,100.7,48,0.0,0.0,
7.9.2026,23:22:0.542,1.1,3.5,8.140,100.7,48,0.0,0.0,
7.9.2026,23:22:0.751,8.0,6.4,8.118,111.1,48,0.0,0.0,
7.9.2026,23:22:0.958,2.5,4.1,8.156,155.2,46,0.0,0.0,
7.9.2026,23:22:1.166,3.0,5.0,8.878,162.6,47,0.0,0.0,
7.9.2026,23:22:1.375,0.1,1.0,8.962,94.5,48,0.0,0.0,
7.9.2026,23:22:1.588,6.6,7.5,8.284,140.1,47,0.0,0.0,
7.9.2026,23:22:1.798,0.2,1.7,8.019,87.3,48,0.0,0.0,
7.9.2026,23:22:1.995,6.2,10.9,8.042,85.2,46,0.0,0.0,
7.9.2026,23:22:2.201,2.5,3.4,8.222,133.6,46,0.0,0.0,
7.9.2026,23:22:2.415,0.0,2.7,7.976,87.5,47,0.0,0.0,
7.9.2026,23:22:2.604,0.0,2.7,7.599,87.5,47,0.0,0.0,
7.9.2026,23:22:2.817,9.4,13.2,8.197,143.6,47,0.0,0.0,
7.9.2026,23:22:3.011,7.7,1.8,7.888,460.8,46,0.0,0.0,
7.9.2026,23:22:3.217,6.5,6.8,10.462,117.5,79,0.0,0.0,
7.9.2026,23:22:3.430,4.5,7.3,8.079,184.7,80,0.0,0.0,
7.9.2026,23:22:3.620,0.0,2.5,7.542,81.3,79,0.0,0.0,
7.9.2026,23:22:3.831,11.7,11.9,9.273,244.7,68,0.0,0.0,
7.9.2026,23:22:4.036,1.2,1.0,7.334,161.2,78,0.0,0.0,
7.9.2026,23:22:4.245,3.3,3.9,8.423,156.7,79,0.0,0.0,
7.9.2026,23:22:4.451,27.8,12.3,8.554,819.0,74,0.0,0.0,
7.9.2026,23:22:4.661,3.3,3.8,7.960,94.1,77,0.0,0.0,
7.9.2026,23:22:4.867,18.3,5.6,8.888,868.5,69,0.0,0.0,
7.9.2026,23:22:5.062,2.9,2.5,7.152,186.3,78,0.0,0.0,
7.9.2026,23:22:5.277,9.2,10.1,9.646,178.6,76,0.0,0.0,
7.9.2026,23:22:5.484,6.5,4.0,7.160,160.2,79,0.0,0.0,
7.9.2026,23:22:5.700,0.6,4.9,7.786,83.2,75,0.0,0.0,
7.9.2026,23:22:5.912,5.6,3.6,6.808,149.1,45,0.0,0.0,
7.9.2026,23:22:6.124,0.0,5.8,7.759,102.9,46,0.0,0.0,
7.9.2026,23:22:6.333,7.8,3.9,7.583,138.1,45,0.0,0.0,
7.9.2026,23:22:6.544,1.6,6.5,7.568,160.0,44,0.0,0.0,
7.9.2026,23:22:6.752,7.9,7.6,7.752,101.1,45,0.0,0.0,
7.9.2026,23:22:6.955,1.2,5.2,8.138,134.0,44,0.0,0.0,
7.9.2026,23:22:7.169,4.9,5.4,7.697,138.7,45,0.0,0.0,
7.9.2026,23:22:7.378,7.0,5.4,8.264,402.7,45,0.0,0.0,
7.9.2026,23:22:7.585,4.4,4.1,8.189,230.4,45,0.0,0.0,
7.9.2026,23:22:7.791,10.4,8.0,9.513,179.7,44,0.0,0.0,
7.9.2026,23:22:8.002,0.0,2.3,8.093,93.7,45,0.0,0.0,
7.9.2026,23:22:8.199,0.0,2.3,7.603,93.7,45,0.0,0.0,
7.9.2026,23:22:8.415,2.2,1.5,8.358,310.4,45,0.0,0.0,
7.9.2026,23:22:8.621,11.6,9.9,8.269,241.2,45,0.0,0.0,
7.9.2026,23:22:8.834,0.0,3.1,9.486,157.3,44,0.0,0.0,
7.9.2026,23:22:9.029,0.0,3.1,8.033,157.3,44,0.0,0.0,
7.9.2026,23:22:9.236,6.2,8.0,8.319,86.1,44,0.0,0.0,
7.9.2026,23:22:9.433,1.8,2.7,7.838,128.6,45,0.0,0.0,
7.9.2026,23:22:9.642,5.7,7.1,8.915,81.9,74,0.0,0.0,
7.9.2026,23:22:9.849,1.2,4.1,7.812,98.8,78,0.0,0.0,
7.9.2026,23:22:10.046,1.9,3.7,8.167,154.9,73,0.0,0.0,
7.9.2026,23:22:10.254,12.3,8.0,8.811,388.3,73,0.0,0.0,
7.9.2026,23:22:10.464,1.8,2.7,8.026,157.7,62,0.0,0.0,
7.9.2026,23:22:10.655,9.7,10.1,7.920,162.8,75,0.0,0.0,
7.9.2026,23:22:10.867,0.0,2.5,7.845,83.2,50,0.0,0.0,
7.9.2026,23:22:11.073,0.5,3.3,8.179,149.7,64,0.0,0.0,
7.9.2026,23:22:11.282,8.9,8.5,8.538,109.5,57,0.0,0.0,
7.9.2026,23:22:11.488,1.3,2.5,7.854,153.5,53,0.0,0.0,
7.9.2026,23:22:11.683,4.3,3.2,7.968,170.0,74,0.0,0.0,
7.9.2026,23:22:11.903,6.3,7.9,7.924,81.4,46,0.0,0.0,
7.9.2026,23:22:12.116,5.0,6.0,8.031,142.3,72,0.0,0.0,
7.9.2026,23:22:12.310,0.0,0.7,6.803,84.0,76,0.0,0.0,
7.9.2026,23:22:12.516,7.9,6.5,8.010,155.7,72,0.0,0.0,
7.9.2026,23:22:12.725,2.7,3.6,7.711,122.1,72,0.0,0.0,
7.9.2026,23:22:12.919,16.3,4.9,8.227,807.5,72,0.0,0.0,
7.9.2026,23:22:13.132,9.1,12.5,10.725,141.1,65,0.0,0.0,
7.9.2026,23:22:13.337,0.8,1.8,8.739,185.5,74,0.0,0.0,
7.9.2026,23:22:13.527,1.7,4.6,7.913,99.6,74,0.0,0.0,
7.9.2026,23:22:13.735,7.7,5.4,8.238,74.6,45,0.0,0.0,
7.9.2026,23:22:13.946,1.7,5.2,8.167,120.2,50,0.0,0.0,
7.9.2026,23:22:14.141,7.9,2.6,7.945,145.4,68,0.0,0.0,
7.9.2026,23:22:14.347,0.2,7.9,8.202,92.5,49,0.0,0.0,
7.9.2026,23:22:14.552,2.5,5.6,8.275,144.2,49,0.0,0.0,
7.9.2026,23:22:14.752,2.1,2.8,7.620,94.4,45,0.0,0.0,
7.9.2026,23:22:14.972,5.9,6.3,8.137,134.7,47,0.0,0.0,
7.9.2026,23:22:15.178,4.0,3.9,7.862,135.7,61,0.0,0.0,
7.9.2026,23:22:15.375,0.8,2.0,8.568,77.2,74,0.0,0.0,
7.9.2026,23:22:15.581,7.5,9.8,8.282,150.4,62,0.0,0.0,
7.9.2026,23:22:15.790,0.9,3.0,8.160,85.8,63,0.0,0.0,
7.9.2026,23:22:15.992,7.1,6.9,8.367,116.8,71,0.0,0.0,
7.9.2026,23:22:16.184,0.0,3.2,8.367,106.5,61,0.0,0.0,
7.9.2026,23:22:16.399,8.6,7.2,8.775,106.5,49,0.0,0.0,
7.9.2026,23:22:16.589,0.0,3.0,8.775,144.3,58,0.0,0.0,
7.9.2026,23:22:16.805,16.4,7.4,8.483,519.2,45,0.0,0.0,
7.9.2026,23:22:16.997,0.0,2.1,8.483,118.9,66,0.0,0.0,
7.9.2026,23:22:17.210,2.8,9.0,8.197,143.5,50,0.0,0.0,
7.9.2026,23:22:17.402,7.2,2.6,8.801,146.4,50,0.0,0.0,
7.9.2026,23:22:17.612,9.7,4.6,8.288,193.5,46,0.0,0.0,
7.9.2026,23:22:17.818,1.8,5.2,7.963,134.9,44,0.0,0.0,
7.9.2026,23:22:18.026,2.0,4.7,8.045,134.8,43,0.0,0.0,
7.9.2026,23:22:18.232,9.7,7.9,7.702,195.3,44,0.0,0.0,
7.9.2026,23:22:18.441,1.2,4.5,9.057,97.9,42,0.0,0.0,
7.9.2026,23:22:18.640,1.5,2.0,8.339,125.3,44,0.0,0.0,
7.9.2026,23:22:18.851,4.8,9.0,7.983,83.0,45,0.0,0.0,
7.9.2026,23:22:19.055,1.8,3.8,8.021,156.3,44,0.0,0.0,
7.9.2026,23:22:19.255,11.0,8.7,8.388,214.0,43,0.0,0.0,
7.9.2026,23:22:19.450,0.0,5.0,9.839,159.4,43,0.0,0.0,
7.9.2026,23:22:19.662,7.4,5.0,8.225,149.6,42,0.0,0.0,
7.9.2026,23:22:19.869,0.0,2.9,7.700,83.0,44,0.0,0.0,
7.9.2026,23:22:20.086,7.9,9.6,7.764,85.5,43,0.0,0.0,
7.9.2026,23:22:20.281,0.0,3.0,8.041,87.0,46,0.0,0.0,
7.9.2026,23:22:20.491,5.7,6.6,8.036,71.5,44,0.0,0.0,
7.9.2026,23:22:20.685,7.4,6.4,8.135,140.7,43,0.0,0.0,
7.9.2026,23:22:20.893,1.6,6.7,8.054,111.9,43,0.0,0.0,
7.9.2026,23:22:21.090,1.2,3.6,7.989,130.5,42,0.0,0.0,
7.9.2026,23:22:21.298,8.9,8.0,8.182,221.7,43,0.0,0.0,
7.9.2026,23:22:21.506,3.9,4.0,8.773,196.6,42,0.0,0.0,
7.9.2026,23:22:21.704,2.0,2.7,7.823,151.6,42,0.0,0.0,
7.9.2026,23:22:21.912,5.7,9.4,7.574,89.7,43,0.0,0.0,
7.9.2026,23:22:22.120,1.5,3.8,7.709,136.5,42,0.0,0.0,
7.9.2026,23:22:22.332,8.9,6.5,7.871,131.7,42,0.0,0.0,
7.9.2026,23:22:22.539,0.5,3.2,8.116,125.7,42,0.0,0.0,
7.9.2026,23:22:22.730,16.6,4.8,8.254,545.2,42,0.0,0.0,
7.9.2026,23:22:22.942,0.3,6.0,7.940,72.9,43,0.0,0.0,
7.9.2026,23:22:23.142,7.1,8.1,7.910,173.7,43,0.0,0.0,
7.9.2026,23:22:23.357,2.6,2.2,9.732,208.8,42,0.0,0.0,
7.9.2026,23:22:23.571,6.0,5.5,7.891,109.5,43,0.0,0.0,
7.9.2026,23:22:23.762,0.0,5.5,8.082,146.6,43,0.0,0.0,
7.9.2026,23:22:23.973,7.8,6.6,7.976,101.2,43,0.0,0.0,
7.9.2026,23:22:24.183,2.0,3.6,7.732,162.1,43,0.0,0.0,
7.9.2026,23:22:24.392,6.2,5.3,7.985,88.2,43,0.0,0.0,
7.9.2026,23:22:24.593,0.0,4.9,7.593,65.9,42,0.0,0.0,
7.9.2026,23:22:24.810,7.1,5.1,8.442,134.6,43,0.0,0.0,
7.9.2026,23:22:25.015,5.4,6.8,8.133,115.9,42,0.0,0.0,
7.9.2026,23:22:25.222,2.7,5.3,8.270,154.2,44,0.0,0.0,
7.9.2026,23:22:25.434,1.9,2.3,8.818,116.0,44,0.0,0.0,
7.9.2026,23:22:25.640,9.1,8.9,8.210,162.9,44,0.0,0.0,
7.9.2026,23:22:25.854,2.6,1.9,7.789,146.6,44,0.0,0.0,
7.9.2026,23:22:26.051,6.1,7.8,7.540,109.3,42,0.0,0.0,
7.9.2026,23:22:26.259,0.0,5.9,8.288,170.8,44,0.0,0.0,
7.9.2026,23:22:26.472,8.1,5.3,7.873,112.6,44,0.0,0.0,
7.9.2026,23:22:26.669,0.0,4.7,7.814,148.1,44,0.0,0.0,
7.9.2026,23:22:26.881,5.3,6.2,7.638,68.9,44,0.0,0.0,
7.9.2026,23:22:27.089,3.9,3.6,7.538,280.9,42,0.0,0.0,
7.9.2026,23:22:27.300,11.1,9.8,8.713,303.5,43,0.0,0.0,
7.9.2026,23:22:27.504,0.3,0.8,7.754,80.4,46,0.0,0.0,
7.9.2026,23:22:27.710,3.4,3.9,7.693,166.1,45,0.0,0.0,
7.9.2026,23:22:27.902,2.3,4.9,7.481,64.7,50,0.0,0.0,
7.9.2026,23:22:28.113,6.2,3.9,7.693,76.4,44,0.0,0.0,
7.9.2026,23:22:28.319,0.7,5.8,8.187,133.0,42,0.0,0.0,
7.9.2026,23:22:28.511,5.0,3.9,8.663,254.9,44,0.0,0.0,
7.9.2026,23:22:28.721,10.8,6.0,8.074,209.4,41,0.0,0.0,
7.9.2026,23:22:28.926,0.0,2.0,8.108,118.1,42,0.0,0.0,
7.9.2026,23:22:29.122,3.6,6.8,8.108,88.2,42,0.0,0.0,
7.9.2026,23:22:29.336,5.5,7.1,8.222,149.6,42,0.0,0.0,
7.9.2026,23:22:29.542,13.6,4.5,9.136,685.5,42,0.0,0.0,
7.9.2026,23:22:29.756,9.5,6.6,7.850,171.6,42,0.0,0.0,
7.9.2026,23:22:29.955,4.2,6.4,8.217,71.6,44,0.0,0.0,
7.9.2026,23:22:30.166,0.0,4.8,8.022,82.3,44,0.0,0.0,
7.9.2026,23:22:30.374,8.7,5.8,7.967,160.0,44,0.0,0.0,
7.9.2026,23:22:30.587,1.8,2.8,7.776,133.9,41,0.0,0.0,
7.9.2026,23:22:30.778,8.0,8.2,7.776,161.3,44,0.0,0.0,
7.9.2026,23:22:30.987,3.2,7.6,8.127,194.7,42,0.0,0.0,
7.9.2026,23:22:31.187,1.4,1.5,8.232,119.8,42,0.0,0.0,
7.9.2026,23:22:31.397,7.9,5.1,7.576,264.6,42,0.0,0.0,
7.9.2026,23:22:31.608,5.0,4.9,8.526,317.3,41,0.0,0.0,
7.9.2026,23:22:31.825,6.5,9.3,7.463,82.7,43,0.0,0.0,
7.9.2026,23:22:32.041,3.9,4.5,7.507,82.4,45,0.0,0.0,
7.9.2026,23:22:32.255,4.6,4.8,7.876,90.6,64,0.0,0.0,
7.9.2026,23:22:32.448,0.0,3.8,7.488,141.6,55,0.0,0.0,
7.9.2026,23:22:32.661,14.4,8.0,9.385,427.9,46,0.0,0.0,
7.9.2026,23:22:32.874,0.6,2.8,8.097,136.8,42,0.0,0.0,
7.9.2026,23:22:33.079,6.8,9.0,7.884,121.6,46,0.0,0.0,
7.9.2026,23:22:33.292,2.6,3.0,7.932,128.4,45,0.0,0.0,
7.9.2026,23:22:33.491,6.4,8.4,8.560,137.1,46,0.0,0.0,
7.9.2026,23:22:33.703,0.0,2.1,8.072,87.5,44,0.0,0.0,
7.9.2026,23:22:33.908,10.0,7.5,8.200,245.9,43,0.0,0.0,
7.9.2026,23:22:34.107,18.0,3.4,7.720,850.3,42,0.0,0.0,
7.9.2026,23:22:34.318,5.8,8.8,7.838,125.3,47,0.0,0.0,
7.9.2026,23:22:34.526,1.4,2.9,10.028,199.6,41,0.0,0.0,
7.9.2026,23:22:34.732,7.1,7.4,9.861,90.3,44,0.0,0.0,
7.9.2026,23:22:34.944,2.2,5.5,9.749,139.6,46,0.0,0.0,
7.9.2026,23:22:35.141,7.6,4.8,9.749,494.6,43,0.0,0.0,
7.9.2026,23:22:35.347,8.5,5.7,8.537,173.3,42,0.0,0.0,
7.9.2026,23:22:35.554,9.7,3.9,8.280,494.5,43,0.0,0.0,
7.9.2026,23:22:35.747,2.6,5.1,8.280,130.6,42,0.0,0.0,
7.9.2026,23:22:35.954,9.8,8.3,7.683,178.3,41,0.0,0.0,
7.9.2026,23:22:36.151,0.2,2.8,8.348,77.6,43,0.0,0.0,
7.9.2026,23:22:36.359,7.3,6.8,8.028,161.3,42,0.0,0.0,
7.9.2026,23:22:36.571,0.0,2.4,7.780,88.5,42,0.0,0.0,
7.9.2026,23:22:36.765,7.8,5.8,7.798,72.8,41,0.0,0.0,
7.9.2026,23:22:36.978,0.0,5.8,8.035,126.7,43,0.0,0.0,
7.9.2026,23:22:37.169,9.6,5.9,8.382,158.5,42,0.0,0.0,
7.9.2026,23:22:37.378,3.0,4.3,7.817,220.5,41,0.0,0.0,
7.9.2026,23:22:37.599,0.0,4.0,8.868,89.5,42,0.0,0.0,
7.9.2026,23:22:37.814,5.3,6.8,8.019,132.5,41,0.0,0.0,
7.9.2026,23:22:38.024,7.1,7.1,7.860,161.4,42,0.0,0.0,
7.9.2026,23:22:38.228,6.5,8.2,8.092,130.8,42,0.0,0.0,
7.9.2026,23:22:38.426,4.6,4.7,10.015,197.7,42,0.0,0.0,
7.9.2026,23:22:38.631,0.0,2.3,8.291,101.6,42,0.0,0.0,
7.9.2026,23:22:38.844,2.9,5.9,7.860,95.7,42,0.0,0.0,
7.9.2026,23:22:39.050,6.6,6.4,8.162,144.0,42,0.0,0.0,
7.9.2026,23:22:39.263,3.1,5.7,9.159,167.6,42,0.0,0.0,
7.9.2026,23:22:39.477,9.4,6.0,7.777,218.1,42,0.0,0.0,
7.9.2026,23:22:39.668,0.0,4.2,8.643,75.4,42,0.0,0.0,
7.9.2026,23:22:39.875,9.5,8.3,7.558,191.3,42,0.0,0.0,
7.9.2026,23:22:40.086,5.3,6.7,9.831,267.4,42,0.0,0.0,
7.9.2026,23:22:40.277,0.0,4.6,10.839,95.3,42,0.0,0.0,
7.9.2026,23:22:40.494,8.1,7.7,10.257,89.6,42,0.0,0.0,
7.9.2026,23:22:40.683,0.0,4.1,8.301,131.9,44,0.0,0.0,
7.9.2026,23:22:40.891,8.9,7.5,8.201,119.5,42,0.0,0.0,
7.9.2026,23:22:41.109,6.7,5.4,7.934,367.0,41,0.0,0.0,
7.9.2026,23:22:41.323,4.7,5.2,7.867,81.2,44,0.0,0.0,
7.9.2026,23:22:41.512,5.8,7.1,8.234,123.7,42,0.0,0.0,
7.9.2026,23:22:41.731,0.4,1.4,8.474,66.7,42,0.0,0.0,
7.9.2026,23:22:41.945,6.1,5.9,7.983,180.9,42,0.0,0.0,
7.9.2026,23:22:42.136,0.0,2.4,8.139,64.6,44,0.0,0.0,
7.9.2026,23:22:42.344,9.7,7.2,7.452,166.5,42,0.0,0.0,
7.9.2026,23:22:42.560,2.6,5.7,8.080,161.8,41,0.0,0.0,
7.9.2026,23:22:42.765,5.8,4.4,7.951,102.8,42,0.0,0.0,
7.9.2026,23:22:42.975,1.9,5.9,8.829,121.5,42,0.0,0.0,
7.9.2026,23:22:43.181,2.3,4.2,8.452,188.0,42,0.0,0.0,
7.9.2026,23:22:43.390,1.6,5.6,8.820,86.8,44,0.0,0.0,
7.9.2026,23:22:43.595,7.8,8.3,8.864,133.8,42,0.0,0.0,
7.9.2026,23:22:43.806,2.3,4.6,8.985,124.2,42,0.0,0.0,
7.9.2026,23:22:43.996,13.1,7.3,9.120,397.1,42,0.0,0.0,
7.9.2026,23:22:44.213,1.5,2.8,8.336,119.7,42,0.0,0.0,
7.9.2026,23:22:44.404,4.8,6.5,9.105,96.8,42,0.0,0.0,
7.9.2026,23:22:44.616,0.9,4.0,8.112,77.2,42,0.0,0.0,
7.9.2026,23:22:44.821,0.1,3.3,7.777,106.6,42,0.0,0.0,
7.9.2026,23:22:45.012,10.3,7.7,7.813,203.4,42,0.0,0.0,
7.9.2026,23:22:45.218,2.3,6.6,7.761,117.7,42,0.0,0.0,
7.9.2026,23:22:45.429,4.6,5.1,8.666,224.1,42,0.0,0.0,
7.9.2026,23:22:45.630,4.9,5.4,7.733,98.0,42,0.0,0.0,
7.9.2026,23:22:45.840,0.0,4.6,8.047,166.6,41,0.0,0.0,
7.9.2026,23:22:46.054,7.9,9.4,8.277,169.6,42,0.0,0.0,
7.9.2026,23:22:46.257,0.0,3.1,7.667,64.9,44,0.0,0.0,
7.9.2026,23:22:46.463,4.0,6.2,7.915,109.9,44,0.0,0.0,
7.9.2026,23:22:46.676,10.9,6.3,8.210,203.0,41,0.0,0.0,
7.9.2026,23:22:46.882,0.0,3.4,7.752,106.9,44,0.0,0.0,
7.9.2026,23:22:47.092,9.6,7.9,7.798,168.8,42,0.0,0.0,
7.9.2026,23:22:47.308,0.1,1.8,7.531,67.8,42,0.0,0.0,
7.9.2026,23:22:47.522,7.8,9.0,8.300,252.0,42,0.0,0.0,
7.9.2026,23:22:47.714,0.0,1.0,7.748,134.8,55,0.0,0.0,
7.9.2026,23:22:47.928,8.6,9.7,8.053,111.4,44,0.0,0.0,
7.9.2026,23:22:48.122,0.0,0.8,7.799,109.8,45,0.0,0.0,
7.9.2026,23:22:48.329,7.0,7.2,7.861,95.2,44,0.0,0.0,
7.9.2026,23:22:48.535,4.4,5.4,9.657,261.2,41,0.0,0.0,
7.9.2026,23:22:48.731,1.8,3.0,8.202,111.3,44,0.0,0.0,
7.9.2026,23:22:48.944,15.7,7.5,8.278,526.2,42,0.0,0.0,
7.9.2026,23:22:49.140,7.5,5.5,7.847,176.8,42,0.0,0.0,
7.9.2026,23:22:49.361,0.7,5.9,8.353,196.7,42,0.0,0.0,
7.9.2026,23:22:49.567,11.6,7.7,9.950,429.7,49,0.0,0.0,
7.9.2026,23:22:49.761,10.3,3.0,7.843,503.2,42,0.0,0.0,
7.9.2026,23:22:49.974,9.2,6.7,8.082,173.2,42,0.0,0.0,
7.9.2026,23:22:50.180,5.3,5.6,7.886,124.5,45,0.0,0.0,
7.9.2026,23:22:50.386,0.0,3.4,7.943,128.3,45,0.0,0.0,
7.9.2026,23:22:50.600,22.3,7.2,8.073,761.8,41,0.0,0.0,
7.9.2026,23:22:50.797,0.0,3.2,7.603,84.5,48,0.0,0.0,
7.9.2026,23:22:51.005,6.3,3.7,7.804,158.5,42,0.0,0.0,
7.9.2026,23:22:51.213,2.7,4.9,7.874,155.6,42,0.0,0.0,
7.9.2026,23:22:51.430,9.7,8.2,8.190,176.2,47,0.0,0.0,
7.9.2026,23:22:51.636,0.0,3.2,8.249,203.5,42,0.0,0.0,
7.9.2026,23:22:51.844,0.0,3.2,12.639,203.5,42,0.0,0.0,
7.9.2026,23:22:52.052,0.0,3.2,12.639,203.5,42,0.0,0.0,
7.9.2026,23:22:52.255,0.0,3.2,12.639,203.5,42,0.0,0.0,
7.9.2026,23:22:52.460,0.0,3.2,12.639,203.5,42,0.0,0.0,
7.9.2026,23:22:52.667,0.0,3.2,12.639,203.5,42,0.0,0.0,
7.9.2026,23:22:52.871,0.0,3.2,12.639,203.5,42,0.0,0.0,
7.9.2026,23:22:53.078,0.0,3.2,12.639,203.5,42,0.0,0.0,
7.9.2026,23:22:53.285,0.0,3.2,12.639,203.5,42,0.0,0.0,
7.9.2026,23:22:53.490,0.0,3.2,12.639,203.5,42,0.0,0.0,
7.9.2026,23:22:53.698,0.0,3.2,12.639,203.5,42,0.0,0.0,
7.9.2026,23:22:53.905,0.0,3.2,12.639,203.5,42,0.0,0.0,
7.9.2026,23:22:54.110,0.0,3.2,12.639,203.5,42,0.0,0.0,
7.9.2026,23:22:54.317,0.0,3.2,12.639,203.5,42,0.0,0.0,
7.9.2026,23:22:54.523,0.0,3.2,12.639,203.5,42,0.0,0.0,
7.9.2026,23:22:54.714,0.0,3.2,12.639,203.5,42,0.0,0.0,
7.9.2026,23:22:54.921,0.0,3.2,12.639,203.5,42,0.0,0.0,
7.9.2026,23:22:55.127,0.0,3.2,12.639,203.5,42,0.0,0.0,
7.9.2026,23:22:55.334,0.0,3.2,12.639,203.5,42,0.0,0.0,
7.9.2026,23:22:55.543,0.0,3.2,12.639,203.5,42,0.0,0.0,
7.9.2026,23:22:55.747,0.0,3.2,12.639,203.5,42,0.0,0.0,
7.9.2026,23:22:55.954,0.0,3.2,12.639,203.5,42,0.0,0.0,
7.9.2026,23:22:56.161,0.0,3.2,12.639,203.5,42,0.0,0.0,
7.9.2026,23:22:56.368,0.0,3.2,12.639,203.5,42,0.0,0.0,
7.9.2026,23:22:56.574,0.0,3.2,12.639,203.5,42,0.0,0.0,
7.9.2026,23:22:56.766,0.0,3.2,12.639,203.5,42,0.0,0.0,
7.9.2026,23:22:56.972,38.8,6.1,12.639,1555.1,75,0.0,0.0,
7.9.2026,23:22:57.180,38.8,6.1,12.639,1555.1,75,0.0,0.0,
7.9.2026,23:22:57.371,38.8,6.1,12.639,1555.1,75,0.0,0.0,
7.9.2026,23:22:57.579,38.8,6.1,12.639,1555.1,75,0.0,0.0,
7.9.2026,23:22:57.783,38.8,6.1,12.639,1555.1,75,0.0,0.0,
7.9.2026,23:22:57.990,38.8,6.1,12.639,1555.1,75,0.0,0.0,
7.9.2026,23:22:58.195,38.8,6.1,12.639,1555.1,75,0.0,0.0,
7.9.2026,23:22:58.386,38.8,6.1,12.639,1555.1,75,0.0,0.0,
7.9.2026,23:22:58.593,38.8,6.1,12.639,1555.1,75,0.0,0.0,
7.9.2026,23:22:58.800,38.8,6.1,12.639,1555.1,75,0.0,0.0,
7.9.2026,23:22:59.007,38.8,6.1,12.639,1555.1,75,0.0,0.0,
7.9.2026,23:22:59.198,38.8,6.1,12.639,1555.1,75,0.0,0.0,
7.9.2026,23:22:59.406,38.8,6.1,12.639,1555.1,75,0.0,0.0,
7.9.2026,23:22:59.613,38.8,6.1,12.639,1555.1,75,0.0,0.0,
7.9.2026,23:22:59.818,38.8,6.1,12.639,1555.1,75,0.0,0.0,
7.9.2026,23:23:0.025,38.8,6.1,12.639,1555.1,75,0.0,0.0,
7.9.2026,23:23:0.232,38.8,6.1,12.639,1555.1,75,0.0,0.0,
7.9.2026,23:23:0.440,38.8,6.1,12.639,1555.1,75,0.0,0.0,
7.9.2026,23:23:0.647,38.8,6.1,12.639,1555.1,75,0.0,0.0,
7.9.2026,23:23:0.854,38.8,6.1,12.639,1555.1,75,0.0,0.0,
7.9.2026,23:23:1.061,38.8,6.1,12.639,1555.1,75,0.0,0.0,
7.9.2026,23:23:1.267,38.8,6.1,12.639,1555.1,75,0.0,0.0,
7.9.2026,23:23:1.474,38.8,6.1,12.639,1555.1,75,0.0,0.0,
7.9.2026,23:23:1.681,38.8,6.1,12.639,1555.1,75,0.0,0.0,
7.9.2026,23:23:1.872,100.0,40.8,12.639,4409.6,81,0.0,0.0,
7.9.2026,23:23:2.079,100.0,40.8,24.779,4409.6,81,0.0,0.0,
7.9.2026,23:23:2.286,100.0,40.8,24.779,4409.6,81,0.0,0.0,
7.9.2026,23:23:2.493,100.0,40.8,24.779,4409.6,81,0.0,0.0,
7.9.2026,23:23:2.684,100.0,40.8,24.779,4409.6,81,0.0,0.0,
7.9.2026,23:23:2.892,100.0,40.8,24.779,4409.6,81,0.0,0.0,
7.9.2026,23:23:3.099,100.0,40.8,24.779,4409.6,81,0.0,0.0,
7.9.2026,23:23:3.306,100.0,40.8,24.779,4409.6,81,0.0,0.0,
7.9.2026,23:23:3.497,100.0,40.8,24.779,4409.6,81,0.0,0.0,
7.9.2026,23:23:3.704,100.0,40.8,24.779,4409.6,81,0.0,0.0,
7.9.2026,23:23:3.911,100.0,40.8,24.779,4409.6,81,0.0,0.0,
7.9.2026,23:23:4.118,100.0,40.8,24.779,4409.6,81,0.0,0.0,
7.9.2026,23:23:4.310,100.0,40.8,24.779,4409.6,81,0.0,0.0,
7.9.2026,23:23:4.514,100.0,40.8,24.779,4409.6,81,0.0,0.0,
7.9.2026,23:23:4.721,100.0,40.8,24.779,4409.6,81,0.0,0.0,
7.9.2026,23:23:4.926,100.0,40.8,24.779,4409.6,81,0.0,0.0,
7.9.2026,23:23:5.133,100.0,40.8,24.779,4409.6,81,0.0,0.0,
7.9.2026,23:23:5.324,100.0,40.8,24.779,4409.6,81,0.0,0.0,
7.9.2026,23:23:5.531,100.0,40.8,24.779,4409.6,81,0.0,0.0,
7.9.2026,23:23:5.739,100.0,40.8,24.779,4409.6,81,0.0,0.0,
7.9.2026,23:23:5.944,100.0,40.8,24.779,4409.6,81,0.0,0.0,
7.9.2026,23:23:6.151,100.0,40.8,24.779,4409.6,81,0.0,0.0,
7.9.2026,23:23:6.358,100.0,40.8,24.779,4409.6,81,0.0,0.0,
7.9.2026,23:23:6.565,100.0,15.5,24.779,4389.3,83,0.0,0.0,
7.9.2026,23:23:6.772,100.0,15.5,24.535,4389.3,83,0.0,0.0,
7.9.2026,23:23:6.980,100.0,15.5,24.535,4389.3,83,0.0,0.0,
7.9.2026,23:23:7.168,100.0,15.5,24.535,4389.3,83,0.0,0.0,
7.9.2026,23:23:7.375,100.0,15.5,24.535,4389.3,83,0.0,0.0,
7.9.2026,23:23:7.581,100.0,15.5,24.535,4389.3,83,0.0,0.0,
7.9.2026,23:23:7.788,100.0,15.5,24.535,4389.3,83,0.0,0.0,
7.9.2026,23:23:7.994,100.0,15.5,24.535,4389.3,83,0.0,0.0,
7.9.2026,23:23:8.201,100.0,15.5,24.535,4389.3,83,0.0,0.0,
7.9.2026,23:23:8.408,100.0,15.5,24.535,4389.3,83,0.0,0.0,
7.9.2026,23:23:8.615,100.0,15.5,24.535,4389.3,83,0.0,0.0,
7.9.2026,23:23:8.823,100.0,15.5,24.535,4389.3,83,0.0,0.0,
7.9.2026,23:23:9.029,100.0,15.5,24.535,4389.3,83,0.0,0.0,
7.9.2026,23:23:9.237,100.0,15.5,24.535,4389.3,83,0.0,0.0,
7.9.2026,23:23:9.445,100.0,15.5,24.535,4389.3,83,0.0,0.0,
7.9.2026,23:23:9.652,100.0,15.5,24.535,4389.3,83,0.0,0.0,
7.9.2026,23:23:9.857,100.0,15.5,24.535,4389.3,83,0.0,0.0,
7.9.2026,23:23:10.064,100.0,15.5,24.535,4389.3,83,0.0,0.0,
7.9.2026,23:23:10.270,100.0,15.5,24.535,4389.3,83,0.0,0.0,
7.9.2026,23:23:10.477,100.0,15.5,24.535,4389.3,83,0.0,0.0,
7.9.2026,23:23:10.668,100.0,15.5,24.535,4389.3,83,0.0,0.0,
7.9.2026,23:23:10.874,100.0,15.5,24.535,4389.3,83,0.0,0.0,
7.9.2026,23:23:11.081,100.0,15.5,24.535,4389.3,83,0.0,0.0,
7.9.2026,23:23:11.287,100.0,15.7,24.535,4355.5,82,0.0,0.0,
7.9.2026,23:23:11.478,100.0,15.7,24.212,4355.5,82,0.0,0.0,
7.9.2026,23:23:11.685,100.0,15.7,24.212,4355.5,82,0.0,0.0,
7.9.2026,23:23:11.892,100.0,15.7,24.212,4355.5,82,0.0,0.0,
7.9.2026,23:23:12.099,100.0,15.7,24.212,4355.5,82,0.0,0.0,
7.9.2026,23:23:12.306,100.0,15.7,24.212,4355.5,82,0.0,0.0,
7.9.2026,23:23:12.513,100.0,15.7,24.212,4355.5,82,0.0,0.0,
7.9.2026,23:23:12.720,100.0,15.7,24.212,4355.5,82,0.0,0.0,
7.9.2026,23:23:12.927,100.0,15.7,24.212,4355.5,82,0.0,0.0,
7.9.2026,23:23:13.134,100.0,15.7,24.212,4355.5,82,0.0,0.0,
7.9.2026,23:23:13.324,100.0,15.7,24.212,4355.5,82,0.0,0.0,
7.9.2026,23:23:13.532,100.0,15.7,24.212,4355.5,82,0.0,0.0,
7.9.2026,23:23:13.738,100.0,15.7,24.212,4355.5,82,0.0,0.0,
7.9.2026,23:23:13.946,100.0,15.7,24.212,4355.5,82,0.0,0.0,
7.9.2026,23:23:14.137,100.0,15.7,24.212,4355.5,82,0.0,0.0,
7.9.2026,23:23:14.344,100.0,15.7,24.212,4355.5,82,0.0,0.0,
7.9.2026,23:23:14.551,100.0,15.7,24.212,4355.5,82,0.0,0.0,
7.9.2026,23:23:14.758,100.0,15.7,24.212,4355.5,82,0.0,0.0,
7.9.2026,23:23:14.949,100.0,15.7,24.212,4355.5,82,0.0,0.0,
7.9.2026,23:23:15.155,100.0,15.7,24.212,4355.5,82,0.0,0.0,
7.9.2026,23:23:15.362,100.0,15.7,24.212,4355.5,82,0.0,0.0,
7.9.2026,23:23:15.569,100.0,15.7,24.212,4355.5,82,0.0,0.0,
7.9.2026,23:23:15.776,100.0,15.7,24.212,4355.5,82,0.0,0.0,
7.9.2026,23:23:15.984,100.0,15.7,24.212,4355.5,82,0.0,0.0,
7.9.2026,23:23:16.191,100.0,15.3,24.024,4351.1,83,0.0,0.0,
7.9.2026,23:23:16.398,100.0,15.3,24.024,4351.1,83,0.0,0.0,
7.9.2026,23:23:16.605,100.0,15.3,24.024,4351.1,83,0.0,0.0,
7.9.2026,23:23:16.812,100.0,15.3,24.024,4351.1,83,0.0,0.0,
7.9.2026,23:23:17.019,100.0,15.3,24.024,4351.1,83,0.0,0.0,
7.9.2026,23:23:17.226,100.0,15.3,24.024,4351.1,83,0.0,0.0,
7.9.2026,23:23:17.433,100.0,15.3,24.024,4351.1,83,0.0,0.0,
7.9.2026,23:23:17.637,100.0,15.3,24.024,4351.1,83,0.0,0.0,
7.9.2026,23:23:17.844,100.0,15.3,24.024,4351.1,83,0.0,0.0,
7.9.2026,23:23:18.050,100.0,15.3,24.024,4351.1,83,0.0,0.0,
7.9.2026,23:23:18.258,100.0,15.3,24.024,4351.1,83,0.0,0.0,
7.9.2026,23:23:18.449,100.0,15.3,24.024,4351.1,83,0.0,0.0,
7.9.2026,23:23:18.654,100.0,15.3,24.024,4351.1,83,0.0,0.0,
7.9.2026,23:23:18.862,100.0,15.3,24.024,4351.1,83,0.0,0.0,
7.9.2026,23:23:19.069,100.0,15.3,24.024,4351.1,83,0.0,0.0,
7.9.2026,23:23:19.275,100.0,15.3,24.024,4351.1,83,0.0,0.0,
7.9.2026,23:23:19.482,100.0,15.3,24.024,4351.1,83,0.0,0.0,
7.9.2026,23:23:19.689,100.0,15.3,24.024,4351.1,83,0.0,0.0,
7.9.2026,23:23:19.895,100.0,15.3,24.024,4351.1,83,0.0,0.0,
7.9.2026,23:23:20.102,100.0,15.3,24.024,4351.1,83,0.0,0.0,
7.9.2026,23:23:20.293,100.0,15.3,24.024,4351.1,83,0.0,0.0,
7.9.2026,23:23:20.499,100.0,15.3,24.024,4351.1,83,0.0,0.0,
7.9.2026,23:23:20.707,100.0,15.3,24.024,4351.1,83,0.0,0.0,
7.9.2026,23:23:20.914,100.0,15.5,23.875,4335.4,83,0.0,0.0,
7.9.2026,23:23:21.122,100.0,15.5,23.875,4335.4,83,0.0,0.0,
7.9.2026,23:23:21.326,100.0,15.5,23.875,4335.4,83,0.0,0.0,
7.9.2026,23:23:21.533,100.0,15.5,23.875,4335.4,83,0.0,0.0,
7.9.2026,23:23:21.740,100.0,15.5,23.875,4335.4,83,0.0,0.0,
7.9.2026,23:23:21.946,100.0,15.5,23.875,4335.4,83,0.0,0.0,
7.9.2026,23:23:22.137,100.0,15.5,23.875,4335.4,83,0.0,0.0,
7.9.2026,23:23:22.345,100.0,15.5,23.875,4335.4,83,0.0,0.0,
7.9.2026,23:23:22.551,100.0,15.5,23.875,4335.4,83,0.0,0.0,
7.9.2026,23:23:22.758,100.0,15.5,23.875,4335.4,83,0.0,0.0,
7.9.2026,23:23:22.949,100.0,15.5,23.875,4335.4,83,0.0,0.0,
7.9.2026,23:23:23.156,100.0,15.5,23.875,4335.4,83,0.0,0.0,
7.9.2026,23:23:23.363,100.0,15.5,23.875,4335.4,83,0.0,0.0,
7.9.2026,23:23:23.569,100.0,15.5,23.875,4335.4,83,0.0,0.0,
7.9.2026,23:23:23.760,100.0,15.5,23.875,4335.4,83,0.0,0.0,
7.9.2026,23:23:23.967,100.0,15.5,23.875,4335.4,83,0.0,0.0,
7.9.2026,23:23:24.174,100.0,15.5,23.875,4335.4,83,0.0,0.0,
7.9.2026,23:23:24.381,100.0,15.5,23.875,4335.4,83,0.0,0.0,
7.9.2026,23:23:24.589,100.0,15.5,23.875,4335.4,83,0.0,0.0,
7.9.2026,23:23:24.795,100.0,15.5,23.875,4335.4,83,0.0,0.0,
7.9.2026,23:23:25.002,100.0,15.5,23.875,4335.4,83,0.0,0.0,
7.9.2026,23:23:25.209,100.0,15.5,23.875,4335.4,83,0.0,0.0,
7.9.2026,23:23:25.416,100.0,15.5,23.875,4335.4,83,0.0,0.0,
7.9.2026,23:23:25.606,100.0,15.5,23.875,4335.4,83,0.0,0.0,
7.9.2026,23:23:25.813,100.0,15.3,23.774,4334.1,86,0.0,0.0,
7.9.2026,23:23:26.020,100.0,15.3,23.774,4334.1,86,0.0,0.0,
7.9.2026,23:23:26.227,100.0,15.3,23.774,4334.1,86,0.0,0.0,
7.9.2026,23:23:26.417,100.0,15.3,23.774,4334.1,86,0.0,0.0,
7.9.2026,23:23:26.625,100.0,15.3,23.774,4334.1,86,0.0,0.0,
7.9.2026,23:23:26.832,100.0,15.3,23.774,4334.1,86,0.0,0.0,
7.9.2026,23:23:27.039,100.0,15.3,23.774,4334.1,86,0.0,0.0,
7.9.2026,23:23:27.230,100.0,15.3,23.774,4334.1,86,0.0,0.0,
7.9.2026,23:23:27.437,100.0,15.3,23.774,4334.1,86,0.0,0.0,
7.9.2026,23:23:27.642,100.0,15.3,23.774,4334.1,86,0.0,0.0,
7.9.2026,23:23:27.848,100.0,15.3,23.774,4334.1,86,0.0,0.0,
7.9.2026,23:23:28.056,100.0,15.3,23.774,4334.1,86,0.0,0.0,
7.9.2026,23:23:28.249,100.0,15.3,23.774,4334.1,86,0.0,0.0,
7.9.2026,23:23:28.455,100.0,15.3,23.774,4334.1,86,0.0,0.0,
7.9.2026,23:23:28.660,100.0,15.3,23.774,4334.1,86,0.0,0.0,
7.9.2026,23:23:28.867,100.0,15.3,23.774,4334.1,86,0.0,0.0,
7.9.2026,23:23:29.058,100.0,15.3,23.774,4334.1,86,0.0,0.0,
7.9.2026,23:23:29.265,100.0,15.3,23.774,4334.1,86,0.0,0.0,
7.9.2026,23:23:29.472,100.0,15.3,23.774,4334.1,86,0.0,0.0,
7.9.2026,23:23:29.678,100.0,15.3,23.774,4334.1,86,0.0,0.0,
7.9.2026,23:23:29.885,100.0,15.3,23.774,4334.1,86,0.0,0.0,
7.9.2026,23:23:30.092,100.0,15.3,23.774,4334.1,86,0.0,0.0,
7.9.2026,23:23:30.299,100.0,15.3,23.774,4334.1,86,0.0,0.0,
7.9.2026,23:23:30.506,100.0,15.4,23.774,4323.1,85,0.0,0.0,
7.9.2026,23:23:30.712,100.0,15.4,23.707,4323.1,85,0.0,0.0,
7.9.2026,23:23:30.903,100.0,15.4,23.707,4323.1,85,0.0,0.0,
7.9.2026,23:23:31.110,100.0,15.4,23.707,4323.1,85,0.0,0.0,
7.9.2026,23:23:31.316,100.0,15.4,23.707,4323.1,85,0.0,0.0,
7.9.2026,23:23:31.524,100.0,15.4,23.707,4323.1,85,0.0,0.0,
7.9.2026,23:23:31.715,100.0,15.4,23.707,4323.1,85,0.0,0.0,
7.9.2026,23:23:31.922,100.0,15.4,23.707,4323.1,85,0.0,0.0,
7.9.2026,23:23:32.129,100.0,15.4,23.707,4323.1,85,0.0,0.0,
7.9.2026,23:23:32.336,100.0,15.4,23.707,4323.1,85,0.0,0.0,
7.9.2026,23:23:32.528,100.0,15.4,23.707,4323.1,85,0.0,0.0,
7.9.2026,23:23:32.734,100.0,15.4,23.707,4323.1,85,0.0,0.0,
7.9.2026,23:23:32.942,100.0,15.4,23.707,4323.1,85,0.0,0.0,
7.9.2026,23:23:33.149,100.0,15.4,23.707,4323.1,85,0.0,0.0,
7.9.2026,23:23:33.340,100.0,15.4,23.707,4323.1,85,0.0,0.0,
7.9.2026,23:23:33.547,100.0,15.4,23.707,4323.1,85,0.0,0.0,
7.9.2026,23:23:33.754,100.0,15.4,23.707,4323.1,85,0.0,0.0,
7.9.2026,23:23:33.961,100.0,15.4,23.707,4323.1,85,0.0,0.0,
7.9.2026,23:23:34.152,100.0,15.4,23.707,4323.1,85,0.0,0.0,
7.9.2026,23:23:34.359,100.0,15.4,23.707,4323.1,85,0.0,0.0,
7.9.2026,23:23:34.565,100.0,15.4,23.707,4323.1,85,0.0,0.0,
7.9.2026,23:23:34.771,100.0,15.4,23.707,4323.1,85,0.0,0.0,
7.9.2026,23:23:34.977,100.0,15.4,23.707,4323.1,85,0.0,0.0,
7.9.2026,23:23:35.168,100.0,15.4,23.707,4323.1,85,0.0,0.0,
7.9.2026,23:23:35.375,100.0,15.5,23.650,4317.2,85,0.0,0.0,
7.9.2026,23:23:35.582,100.0,15.5,23.650,4317.2,85,0.0,0.0,
7.9.2026,23:23:35.789,100.0,15.5,23.650,4317.2,85,0.0,0.0,
7.9.2026,23:23:35.980,100.0,15.5,23.650,4317.2,85,0.0,0.0,
7.9.2026,23:23:36.187,100.0,15.5,23.650,4317.2,85,0.0,0.0,
7.9.2026,23:23:36.394,100.0,15.5,23.650,4317.2,85,0.0,0.0,
7.9.2026,23:23:36.601,100.0,15.5,23.650,4317.2,85,0.0,0.0,
7.9.2026,23:23:36.792,100.0,15.5,23.650,4317.2,85,0.0,0.0,
7.9.2026,23:23:37.000,100.0,15.5,23.650,4317.2,85,0.0,0.0,
7.9.2026,23:23:37.206,100.0,15.5,23.650,4317.2,85,0.0,0.0,
7.9.2026,23:23:37.413,100.0,15.5,23.650,4317.2,85,0.0,0.0,
7.9.2026,23:23:37.604,100.0,15.5,23.650,4317.2,85,0.0,0.0,
7.9.2026,23:23:37.811,100.0,15.5,23.650,4317.2,85,0.0,0.0,
7.9.2026,23:23:38.019,100.0,15.5,23.650,4317.2,85,0.0,0.0,
7.9.2026,23:23:38.226,100.0,15.5,23.650,4317.2,85,0.0,0.0,
7.9.2026,23:23:38.433,100.0,15.5,23.650,4317.2,85,0.0,0.0,
7.9.2026,23:23:38.623,100.0,15.5,23.683,4317.2,85,0.0,0.0,
7.9.2026,23:23:38.830,100.0,15.5,23.683,4317.2,85,0.0,0.0,
7.9.2026,23:23:39.037,100.0,15.5,23.683,4317.2,85,0.0,0.0,
7.9.2026,23:23:39.244,100.0,15.5,23.683,4317.2,85,0.0,0.0,
7.9.2026,23:23:39.434,100.0,15.5,23.683,4317.2,85,0.0,0.0,
7.9.2026,23:23:39.641,100.0,15.5,23.683,4317.2,85,0.0,0.0,
7.9.2026,23:23:39.848,100.0,15.5,23.683,4317.2,85,0.0,0.0,
7.9.2026,23:23:40.055,100.0,15.5,23.683,4317.2,85,0.0,0.0,
7.9.2026,23:23:40.246,100.0,15.5,23.683,4317.2,85,0.0,0.0,
7.9.2026,23:23:40.453,100.0,15.5,23.683,4317.2,85,0.0,0.0,
7.9.2026,23:23:40.660,100.0,15.5,23.683,4317.2,85,0.0,0.0,
7.9.2026,23:23:40.867,100.0,15.5,23.683,4317.2,85,0.0,0.0,
7.9.2026,23:23:41.058,100.0,15.5,23.683,4317.2,85,0.0,0.0,
7.9.2026,23:23:41.266,100.0,15.5,23.683,4317.2,85,0.0,0.0,
7.9.2026,23:23:41.472,100.0,15.5,23.683,4317.2,85,0.0,0.0,
7.9.2026,23:23:41.680,100.0,15.5,23.683,4317.2,85,0.0,0.0,
7.9.2026,23:23:41.887,100.0,15.5,23.683,4317.2,85,0.0,0.0,
7.9.2026,23:23:42.094,100.0,15.5,23.683,4317.2,85,0.0,0.0,
7.9.2026,23:23:42.301,100.0,15.5,23.683,4317.2,85,0.0,0.0,
7.9.2026,23:23:42.505,100.0,15.5,23.683,4317.2,85,0.0,0.0,
7.9.2026,23:23:42.711,100.0,15.5,23.683,4317.2,85,0.0,0.0,
7.9.2026,23:23:42.902,100.0,15.5,23.683,4317.2,85,0.0,0.0,
7.9.2026,23:23:43.109,100.0,15.5,23.683,4317.2,85,0.0,0.0,
7.9.2026,23:23:43.316,100.0,15.5,23.683,4317.2,85,0.0,0.0,
7.9.2026,23:23:43.523,100.0,15.5,23.683,4317.2,85,0.0,0.0,
7.9.2026,23:23:43.714,100.0,13.7,23.683,4318.7,85,0.0,0.0,
7.9.2026,23:23:43.920,100.0,13.7,23.683,4318.7,85,0.0,0.0,
7.9.2026,23:23:44.127,100.0,13.7,23.683,4318.7,85,0.0,0.0,
7.9.2026,23:23:44.335,100.0,13.7,23.683,4318.7,85,0.0,0.0,
7.9.2026,23:23:44.526,100.0,13.7,23.683,4318.7,85,0.0,0.0,
7.9.2026,23:23:44.733,100.0,13.7,23.683,4318.7,85,0.0,0.0,
7.9.2026,23:23:44.941,100.0,13.7,23.683,4318.7,85,0.0,0.0,
7.9.2026,23:23:45.147,100.0,13.7,23.683,4318.7,85,0.0,0.0,
7.9.2026,23:23:45.338,100.0,13.7,23.683,4318.7,85,0.0,0.0,
7.9.2026,23:23:45.545,100.0,13.7,23.683,4318.7,85,0.0,0.0,
7.9.2026,23:23:45.752,100.0,13.7,23.683,4318.7,85,0.0,0.0,
7.9.2026,23:23:45.959,100.0,13.7,23.683,4318.7,85,0.0,0.0,
7.9.2026,23:23:46.166,100.0,13.7,23.683,4318.7,85,0.0,0.0,
7.9.2026,23:23:46.372,100.0,13.7,23.683,4318.7,85,0.0,0.0,
7.9.2026,23:23:46.579,100.0,13.7,23.683,4318.7,85,0.0,0.0,
7.9.2026,23:23:46.786,100.0,13.7,23.683,4318.7,85,0.0,0.0,
7.9.2026,23:23:46.992,100.0,13.7,23.683,4318.7,85,0.0,0.0,
7.9.2026,23:23:47.186,100.0,13.7,23.683,4318.7,85,0.0,0.0,
7.9.2026,23:23:47.390,100.0,13.7,23.683,4318.7,85,0.0,0.0,
7.9.2026,23:23:47.597,100.0,13.7,23.683,4318.7,85,0.0,0.0,
7.9.2026,23:23:47.804,100.0,13.7,23.683,4318.7,85,0.0,0.0,
7.9.2026,23:23:47.995,100.0,13.7,23.683,4318.7,85,0.0,0.0,
7.9.2026,23:23:48.202,100.0,13.7,23.683,4318.7,85,0.0,0.0,
7.9.2026,23:23:48.409,100.0,13.7,23.683,4318.7,85,0.0,0.0,
7.9.2026,23:23:48.616,100.0,13.7,23.683,4318.7,85,0.0,0.0,
7.9.2026,23:23:48.823,100.0,13.7,23.683,4318.7,85,0.0,0.0,
7.9.2026,23:23:49.013,100.0,13.7,23.683,4318.7,85,0.0,0.0,
7.9.2026,23:23:49.221,100.0,13.7,23.683,4318.7,85,0.0,0.0,
7.9.2026,23:23:49.428,100.0,13.7,23.683,4318.7,85,0.0,0.0,
7.9.2026,23:23:49.635,100.0,13.7,23.683,4318.7,85,0.0,0.0,
7.9.2026,23:23:49.825,100.0,13.7,23.683,4318.7,85,0.0,0.0,
7.9.2026,23:23:50.032,100.0,13.7,23.683,4318.7,85,0.0,0.0,
7.9.2026,23:23:50.240,100.0,13.7,23.683,4318.7,85,0.0,0.0,
7.9.2026,23:23:50.447,100.0,13.7,23.683,4318.7,85,0.0,0.0,
7.9.2026,23:23:50.637,100.0,13.7,23.683,4318.7,85,0.0,0.0,
7.9.2026,23:23:50.844,100.0,13.7,23.683,4318.7,85,0.0,0.0,
7.9.2026,23:23:51.051,100.0,13.7,23.683,4318.7,85,0.0,0.0,
7.9.2026,23:23:51.258,100.0,13.7,23.683,4318.7,85,0.0,0.0,
7.9.2026,23:23:51.448,100.0,13.7,23.683,4318.7,85,0.0,0.0,
7.9.2026,23:23:51.656,100.0,13.7,23.683,4318.7,85,0.0,0.0,
7.9.2026,23:23:51.861,87.2,67.5,23.642,3479.5,66,0.0,0.0,
7.9.2026,23:23:52.066,23.1,20.4,22.566,896.6,66,0.0,0.0,
7.9.2026,23:23:52.265,17.6,10.9,21.234,615.6,53,0.0,0.0,
7.9.2026,23:23:52.472,1.5,5.9,14.111,129.9,53,0.0,0.0,
7.9.2026,23:23:52.678,3.7,4.1,8.672,161.1,52,0.0,0.0,
7.9.2026,23:23:52.886,3.4,2.9,8.553,187.5,52,0.0,0.0,
7.9.2026,23:23:53.095,9.6,8.0,8.655,134.9,52,0.0,0.0,
7.9.2026,23:23:53.300,11.6,3.4,8.524,567.5,52,0.0,0.0,
7.9.2026,23:23:53.509,0.4,4.0,8.340,75.1,52,0.0,0.0,
7.9.2026,23:23:53.700,8.4,8.8,8.046,127.7,52,0.0,0.0,
7.9.2026,23:23:53.908,0.2,3.6,7.947,68.0,51,0.0,0.0,
7.9.2026,23:23:54.119,1.4,2.0,7.891,194.1,51,0.0,0.0,
7.9.2026,23:23:54.330,8.8,7.5,8.812,200.9,50,0.0,0.0,
7.9.2026,23:23:54.536,3.0,3.9,8.669,156.4,50,0.0,0.0,
7.9.2026,23:23:54.738,5.5,6.2,9.292,169.7,51,0.0,0.0,
7.9.2026,23:23:54.948,2.4,3.7,8.945,165.7,50,0.0,0.0,
7.9.2026,23:23:55.137,10.0,8.4,9.115,178.8,50,0.0,0.0,
7.9.2026,23:23:55.348,0.3,4.3,8.724,130.2,50,0.0,0.0,
7.9.2026,23:23:55.556,0.9,3.2,8.935,77.5,50,0.0,0.0,
7.9.2026,23:23:55.747,7.6,7.8,9.073,111.6,49,0.0,0.0,
7.9.2026,23:23:55.956,0.0,3.8,8.712,85.9,50,0.0,0.0,
7.9.2026,23:23:56.168,9.2,6.4,9.110,188.9,50,0.0,0.0,
7.9.2026,23:23:56.382,0.0,4.5,8.048,160.4,49,0.0,0.0,
7.9.2026,23:23:56.576,16.0,9.3,8.705,522.9,49,0.0,0.0,
7.9.2026,23:23:56.790,0.4,2.0,8.937,200.3,50,0.0,0.0,
7.9.2026,23:23:56.987,6.9,6.8,8.937,121.6,49,0.0,0.0,
7.9.2026,23:23:57.192,6.9,6.8,8.864,121.6,49,0.0,0.0,
7.9.2026,23:23:57.400,6.9,6.8,8.864,121.6,49,0.0,0.0,
7.9.2026,23:23:57.591,6.9,6.8,21.279,121.6,49,0.0,0.0,
7.9.2026,23:23:57.796,6.9,6.8,21.279,121.6,49,0.0,0.0,
7.9.2026,23:23:58.003,6.9,6.8,21.279,121.6,49,0.0,0.0,
7.9.2026,23:23:58.209,6.9,6.8,21.279,121.6,49,0.0,0.0,
7.9.2026,23:23:58.415,6.9,6.8,21.279,121.6,49,0.0,0.0,
7.9.2026,23:23:58.605,6.9,6.8,21.279,121.6,49,0.0,0.0,
7.9.2026,23:23:58.809,6.9,6.8,21.279,121.6,49,0.0,0.0,
7.9.2026,23:23:59.015,6.9,6.8,21.279,121.6,49,0.0,0.0,
7.9.2026,23:23:59.221,6.9,6.8,21.279,121.6,49,0.0,0.0,
7.9.2026,23:23:59.426,6.9,6.8,21.279,121.6,49,0.0,0.0,
7.9.2026,23:23:59.631,6.9,6.8,21.279,121.6,49,0.0,0.0,
7.9.2026,23:23:59.837,6.9,6.8,21.279,121.6,49,0.0,0.0,
7.9.2026,23:24:0.030,6.9,6.8,21.279,121.6,49,0.0,0.0,
7.9.2026,23:24:0.233,6.9,6.8,21.279,121.6,49,0.0,0.0,
7.9.2026,23:24:0.442,6.9,6.8,21.279,121.6,49,0.0,0.0,
7.9.2026,23:24:0.644,6.9,6.8,21.279,121.6,49,0.0,0.0,
7.9.2026,23:24:0.838,6.9,6.8,21.279,121.6,49,0.0,0.0,
7.9.2026,23:24:1.041,6.9,6.8,21.279,121.6,49,0.0,0.0,
7.9.2026,23:24:1.247,6.9,6.8,21.279,121.6,49,0.0,0.0,
7.9.2026,23:24:1.452,6.9,6.8,21.279,121.6,49,0.0,0.0,
7.9.2026,23:24:1.659,6.9,6.8,21.279,121.6,49,0.0,0.0,
7.9.2026,23:24:1.865,6.9,6.8,21.279,121.6,49,0.0,0.0,
7.9.2026,23:24:2.071,6.9,6.8,21.279,121.6,49,0.0,0.0,
7.9.2026,23:24:2.261,6.9,6.8,21.279,121.6,49,0.0,0.0,
7.9.2026,23:24:2.469,6.9,6.8,21.279,121.6,49,0.0,0.0,
7.9.2026,23:24:2.673,6.9,6.8,21.279,121.6,49,0.0,0.0,
7.9.2026,23:24:2.891,6.9,6.8,21.279,121.6,49,0.0,0.0,
7.9.2026,23:24:3.085,6.9,6.8,21.279,121.6,49,0.0,0.0,
7.9.2026,23:24:3.290,81.7,14.0,21.279,3532.0,85,0.0,0.0,
7.9.2026,23:24:3.497,81.7,14.0,21.279,3532.0,85,0.0,0.0,
7.9.2026,23:24:3.703,81.7,14.0,21.279,3532.0,85,0.0,0.0,
7.9.2026,23:24:3.910,81.7,14.0,21.279,3532.0,85,0.0,0.0,
7.9.2026,23:24:4.119,81.7,14.0,21.279,3532.0,85,0.0,0.0,
7.9.2026,23:24:4.307,81.7,14.0,21.279,3532.0,85,0.0,0.0,
7.9.2026,23:24:4.515,81.7,14.0,21.279,3532.0,85,0.0,0.0,
7.9.2026,23:24:4.719,81.7,14.0,21.279,3532.0,85,0.0,0.0,
7.9.2026,23:24:4.925,81.7,14.0,21.279,3532.0,85,0.0,0.0,
7.9.2026,23:24:5.134,81.7,14.0,21.279,3532.0,85,0.0,0.0,
7.9.2026,23:24:5.336,81.7,14.0,21.279,3532.0,85,0.0,0.0,
7.9.2026,23:24:5.526,81.7,14.0,21.279,3532.0,85,0.0,0.0,
7.9.2026,23:24:5.733,81.7,14.0,21.279,3532.0,85,0.0,0.0,
7.9.2026,23:24:5.938,81.7,14.0,21.279,3532.0,85,0.0,0.0,
7.9.2026,23:24:6.144,81.7,14.0,21.279,3532.0,85,0.0,0.0,
7.9.2026,23:24:6.349,81.7,14.0,21.279,3532.0,85,0.0,0.0,
7.9.2026,23:24:6.557,81.7,14.0,21.279,3532.0,85,0.0,0.0,
7.9.2026,23:24:6.744,81.7,14.0,21.279,3532.0,85,0.0,0.0,
7.9.2026,23:24:6.950,81.7,14.0,21.279,3532.0,85,0.0,0.0,
7.9.2026,23:24:7.156,81.7,14.0,21.279,3532.0,85,0.0,0.0,
7.9.2026,23:24:7.361,81.7,14.0,21.279,3532.0,85,0.0,0.0,
7.9.2026,23:24:7.568,81.7,14.0,21.279,3532.0,85,0.0,0.0,
7.9.2026,23:24:7.773,81.7,14.0,21.279,3532.0,85,0.0,0.0,
7.9.2026,23:24:7.981,81.7,14.0,21.279,3532.0,85,0.0,0.0,
7.9.2026,23:24:8.185,100.0,15.8,23.395,4257.9,83,0.0,0.0,
7.9.2026,23:24:8.393,100.0,15.8,23.395,4257.9,83,0.0,0.0,
7.9.2026,23:24:8.597,100.0,15.8,23.395,4257.9,83,0.0,0.0,
7.9.2026,23:24:8.805,100.0,15.8,23.395,4257.9,83,0.0,0.0,
7.9.2026,23:24:9.010,100.0,15.8,23.395,4257.9,83,0.0,0.0,
7.9.2026,23:24:9.215,100.0,15.8,23.395,4257.9,83,0.0,0.0,
7.9.2026,23:24:9.434,100.0,15.8,23.395,4257.9,83,0.0,0.0,
7.9.2026,23:24:9.629,100.0,15.8,23.395,4257.9,83,0.0,0.0,
7.9.2026,23:24:9.835,100.0,15.8,23.395,4257.9,83,0.0,0.0,
7.9.2026,23:24:10.040,100.0,15.8,23.395,4257.9,83,0.0,0.0,
7.9.2026,23:24:10.230,100.0,15.8,23.395,4257.9,83,0.0,0.0,
7.9.2026,23:24:10.436,100.0,15.8,23.395,4257.9,83,0.0,0.0,
7.9.2026,23:24:10.642,100.0,15.8,23.395,4257.9,83,0.0,0.0,
7.9.2026,23:24:10.847,100.0,15.8,23.395,4257.9,83,0.0,0.0,
7.9.2026,23:24:11.053,100.0,15.8,23.395,4257.9,83,0.0,0.0,
7.9.2026,23:24:11.260,100.0,15.8,23.395,4257.9,83,0.0,0.0,
7.9.2026,23:24:11.449,100.0,15.8,23.395,4257.9,83,0.0,0.0,
7.9.2026,23:24:11.655,100.0,15.8,23.395,4257.9,83,0.0,0.0,
7.9.2026,23:24:11.861,100.0,15.8,23.395,4257.9,83,0.0,0.0,
7.9.2026,23:24:12.069,100.0,15.8,23.395,4257.9,83,0.0,0.0,
7.9.2026,23:24:12.274,100.0,15.8,23.395,4257.9,83,0.0,0.0,
7.9.2026,23:24:12.465,100.0,15.8,23.395,4257.9,83,0.0,0.0,
7.9.2026,23:24:12.669,100.0,15.8,23.395,4257.9,83,0.0,0.0,
7.9.2026,23:24:12.876,100.0,16.1,23.395,4210.2,76,0.0,0.0,
7.9.2026,23:24:13.095,100.0,16.1,23.207,4210.2,76,0.0,0.0,
7.9.2026,23:24:13.289,100.0,16.1,23.207,4210.2,76,0.0,0.0,
7.9.2026,23:24:13.493,100.0,16.1,23.207,4210.2,76,0.0,0.0,
7.9.2026,23:24:13.685,100.0,16.1,23.207,4210.2,76,0.0,0.0,
7.9.2026,23:24:13.890,100.0,16.1,23.207,4210.2,76,0.0,0.0,
7.9.2026,23:24:14.097,100.0,16.1,23.207,4210.2,76,0.0,0.0,
7.9.2026,23:24:14.302,100.0,16.1,23.207,4210.2,76,0.0,0.0,
7.9.2026,23:24:14.508,100.0,16.1,23.207,4210.2,76,0.0,0.0,
7.9.2026,23:24:14.698,100.0,16.1,23.207,4210.2,76,0.0,0.0,
7.9.2026,23:24:14.907,100.0,16.1,23.207,4210.2,76,0.0,0.0,
7.9.2026,23:24:15.110,100.0,16.1,23.207,4210.2,76,0.0,0.0,
7.9.2026,23:24:15.315,100.0,16.1,23.207,4210.2,76,0.0,0.0,
7.9.2026,23:24:15.522,100.0,16.1,23.207,4210.2,76,0.0,0.0,
7.9.2026,23:24:15.727,100.0,16.1,23.207,4210.2,76,0.0,0.0,
7.9.2026,23:24:15.918,100.0,16.1,23.207,4210.2,76,0.0,0.0,
7.9.2026,23:24:16.123,100.0,16.1,23.207,4210.2,76,0.0,0.0,
7.9.2026,23:24:16.331,100.0,16.1,23.207,4210.2,76,0.0,0.0,
7.9.2026,23:24:16.535,100.0,16.1,23.207,4210.2,76,0.0,0.0,
7.9.2026,23:24:16.741,100.0,16.1,23.207,4210.2,76,0.0,0.0,
7.9.2026,23:24:16.949,100.0,16.1,23.207,4210.2,76,0.0,0.0,
7.9.2026,23:24:17.154,100.0,16.1,23.207,4210.2,76,0.0,0.0,
7.9.2026,23:24:17.360,100.0,16.1,23.207,4210.2,76,0.0,0.0,
7.9.2026,23:24:17.566,100.0,16.1,23.207,4210.2,76,0.0,0.0,
7.9.2026,23:24:17.773,100.0,15.5,23.392,4277.8,87,0.0,0.0,
7.9.2026,23:24:17.966,100.0,15.5,23.392,4277.8,87,0.0,0.0,
7.9.2026,23:24:18.168,100.0,15.5,23.392,4277.8,87,0.0,0.0,
7.9.2026,23:24:18.373,100.0,15.5,23.392,4277.8,87,0.0,0.0,
7.9.2026,23:24:18.580,100.0,15.5,23.392,4277.8,87,0.0,0.0,
7.9.2026,23:24:18.784,100.0,15.5,23.392,4277.8,87,0.0,0.0,
7.9.2026,23:24:18.990,100.0,15.5,23.392,4277.8,87,0.0,0.0,
7.9.2026,23:24:19.198,100.0,15.5,23.392,4277.8,87,0.0,0.0,
7.9.2026,23:24:19.385,100.0,15.5,23.392,4277.8,87,0.0,0.0,
7.9.2026,23:24:19.592,100.0,15.5,23.392,4277.8,87,0.0,0.0,
7.9.2026,23:24:19.797,100.0,15.5,23.392,4277.8,87,0.0,0.0,
7.9.2026,23:24:20.006,100.0,15.5,23.392,4277.8,87,0.0,0.0,
7.9.2026,23:24:20.210,100.0,15.5,23.392,4277.8,87,0.0,0.0,
7.9.2026,23:24:20.415,100.0,15.5,23.392,4277.8,87,0.0,0.0,
7.9.2026,23:24:20.605,100.0,15.5,23.392,4277.8,87,0.0,0.0,
7.9.2026,23:24:20.810,100.0,15.5,23.392,4277.8,87,0.0,0.0,
7.9.2026,23:24:21.016,100.0,15.5,23.392,4277.8,87,0.0,0.0,
7.9.2026,23:24:21.222,100.0,15.5,23.392,4277.8,87,0.0,0.0,
7.9.2026,23:24:21.430,100.0,15.5,23.392,4277.8,87,0.0,0.0,
7.9.2026,23:24:21.633,100.0,15.5,23.392,4277.8,87,0.0,0.0,
7.9.2026,23:24:21.825,100.0,15.5,23.392,4277.8,87,0.0,0.0,
7.9.2026,23:24:22.027,100.0,15.5,23.392,4277.8,87,0.0,0.0,
7.9.2026,23:24:22.233,100.0,15.5,23.392,4277.8,87,0.0,0.0,
7.9.2026,23:24:22.448,100.0,16.0,23.392,4242.5,85,0.0,0.0,
7.9.2026,23:24:22.649,100.0,16.0,23.296,4242.5,85,0.0,0.0,
7.9.2026,23:24:22.853,100.0,16.0,23.296,4242.5,85,0.0,0.0,
7.9.2026,23:24:23.061,100.0,16.0,23.296,4242.5,85,0.0,0.0,
7.9.2026,23:24:23.273,100.0,16.0,23.296,4242.5,85,0.0,0.0,
7.9.2026,23:24:23.474,100.0,16.0,23.296,4242.5,85,0.0,0.0,
7.9.2026,23:24:23.677,100.0,16.0,23.296,4242.5,85,0.0,0.0,
7.9.2026,23:24:23.884,100.0,16.0,23.296,4242.5,85,0.0,0.0,
7.9.2026,23:24:24.090,100.0,16.0,23.296,4242.5,85,0.0,0.0,
7.9.2026,23:24:24.296,100.0,16.0,23.296,4242.5,85,0.0,0.0,
7.9.2026,23:24:24.503,100.0,16.0,23.296,4242.5,85,0.0,0.0,
7.9.2026,23:24:24.709,100.0,16.0,23.296,4242.5,85,0.0,0.0,
7.9.2026,23:24:24.916,100.0,16.0,23.296,4242.5,85,0.0,0.0,
7.9.2026,23:24:25.122,100.0,16.0,23.296,4242.5,85,0.0,0.0,
7.9.2026,23:24:25.336,100.0,16.0,23.296,4242.5,85,0.0,0.0,
7.9.2026,23:24:25.534,100.0,16.0,23.296,4242.5,85,0.0,0.0,
7.9.2026,23:24:25.740,100.0,16.0,23.296,4242.5,85,0.0,0.0,
7.9.2026,23:24:25.945,100.0,16.0,23.296,4242.5,85,0.0,0.0,
7.9.2026,23:24:26.136,100.0,16.0,23.296,4242.5,85,0.0,0.0,
7.9.2026,23:24:26.341,100.0,16.0,23.296,4242.5,85,0.0,0.0,
7.9.2026,23:24:26.549,100.0,16.0,23.296,4242.5,85,0.0,0.0,
7.9.2026,23:24:26.753,100.0,16.0,23.296,4242.5,85,0.0,0.0,
7.9.2026,23:24:26.959,100.0,16.0,23.296,4242.5,85,0.0,0.0,
7.9.2026,23:24:27.165,100.0,16.0,23.296,4242.5,85,0.0,0.0,
7.9.2026,23:24:27.355,100.0,15.9,23.192,4209.9,87,0.0,0.0,
7.9.2026,23:24:27.562,100.0,15.9,23.192,4209.9,87,0.0,0.0,
7.9.2026,23:24:27.767,100.0,15.9,23.192,4209.9,87,0.0,0.0,
7.9.2026,23:24:27.974,100.0,15.9,23.192,4209.9,87,0.0,0.0,
7.9.2026,23:24:28.179,100.0,15.9,23.192,4209.9,87,0.0,0.0,
7.9.2026,23:24:28.370,100.0,15.9,23.192,4209.9,87,0.0,0.0,
7.9.2026,23:24:28.574,100.0,15.9,23.192,4209.9,87,0.0,0.0,
7.9.2026,23:24:28.780,100.0,15.9,23.192,4209.9,87,0.0,0.0,
7.9.2026,23:24:28.985,100.0,15.9,23.192,4209.9,87,0.0,0.0,
7.9.2026,23:24:29.195,100.0,15.9,23.192,4209.9,87,0.0,0.0,
7.9.2026,23:24:29.398,100.0,15.9,23.192,4209.9,87,0.0,0.0,
7.9.2026,23:24:29.590,100.0,15.9,23.192,4209.9,87,0.0,0.0,
7.9.2026,23:24:29.801,100.0,15.9,23.192,4209.9,87,0.0,0.0,
7.9.2026,23:24:30.002,100.0,15.9,23.192,4209.9,87,0.0,0.0,
7.9.2026,23:24:30.207,100.0,15.9,23.192,4209.9,87,0.0,0.0,
7.9.2026,23:24:30.415,100.0,15.9,23.192,4209.9,87,0.0,0.0,
7.9.2026,23:24:30.618,100.0,15.9,23.192,4209.9,87,0.0,0.0,
7.9.2026,23:24:30.811,100.0,15.9,23.192,4209.9,87,0.0,0.0,
7.9.2026,23:24:31.016,100.0,15.9,23.192,4209.9,87,0.0,0.0,
7.9.2026,23:24:31.225,100.0,15.9,23.192,4209.9,87,0.0,0.0,
7.9.2026,23:24:31.429,100.0,15.9,23.192,4209.9,87,0.0,0.0,
7.9.2026,23:24:31.621,100.0,15.9,23.192,4209.9,87,0.0,0.0,
7.9.2026,23:24:31.825,100.0,15.9,23.192,4209.9,87,0.0,0.0,
7.9.2026,23:24:32.030,100.0,15.9,23.192,4209.9,87,0.0,0.0,
7.9.2026,23:24:32.236,100.0,15.7,23.312,4230.2,85,0.0,0.0,
7.9.2026,23:24:32.442,100.0,15.7,23.312,4230.2,85,0.0,0.0,
7.9.2026,23:24:32.648,100.0,15.7,23.312,4230.2,85,0.0,0.0,
7.9.2026,23:24:32.853,100.0,15.7,23.312,4230.2,85,0.0,0.0,
7.9.2026,23:24:33.060,100.0,15.7,23.312,4230.2,85,0.0,0.0,
7.9.2026,23:24:33.266,100.0,15.7,23.312,4230.2,85,0.0,0.0,
7.9.2026,23:24:33.473,100.0,15.7,23.312,4230.2,85,0.0,0.0,
7.9.2026,23:24:33.692,100.0,15.7,23.312,4230.2,85,0.0,0.0,
7.9.2026,23:24:33.886,100.0,15.7,23.312,4230.2,85,0.0,0.0,
7.9.2026,23:24:34.075,100.0,15.7,23.312,4230.2,85,0.0,0.0,
7.9.2026,23:24:34.281,100.0,15.7,23.312,4230.2,85,0.0,0.0,
7.9.2026,23:24:34.487,100.0,15.7,23.312,4230.2,85,0.0,0.0,
7.9.2026,23:24:34.694,100.0,15.7,23.312,4230.2,85,0.0,0.0,
7.9.2026,23:24:34.899,100.0,15.7,23.312,4230.2,85,0.0,0.0,
7.9.2026,23:24:35.091,100.0,15.7,23.312,4230.2,85,0.0,0.0,
7.9.2026,23:24:35.295,100.0,15.7,23.312,4230.2,85,0.0,0.0,
7.9.2026,23:24:35.500,100.0,15.7,23.312,4230.2,85,0.0,0.0,
7.9.2026,23:24:35.705,100.0,15.7,23.312,4230.2,85,0.0,0.0,
7.9.2026,23:24:35.910,100.0,15.7,23.312,4230.2,85,0.0,0.0,
7.9.2026,23:24:36.117,100.0,15.7,23.312,4230.2,85,0.0,0.0,
7.9.2026,23:24:36.322,100.0,15.7,23.312,4230.2,85,0.0,0.0,
7.9.2026,23:24:36.531,100.0,15.7,23.312,4230.2,85,0.0,0.0,
7.9.2026,23:24:36.735,100.0,15.7,23.312,4230.2,85,0.0,0.0,
7.9.2026,23:24:36.943,100.0,15.5,23.328,4256.5,85,0.0,0.0,
7.9.2026,23:24:37.147,100.0,15.5,23.328,4256.5,85,0.0,0.0,
7.9.2026,23:24:37.351,100.0,15.5,23.328,4256.5,85,0.0,0.0,
7.9.2026,23:24:37.558,100.0,15.5,23.328,4256.5,85,0.0,0.0,
7.9.2026,23:24:37.763,100.0,15.5,23.328,4256.5,85,0.0,0.0,
7.9.2026,23:24:37.970,100.0,15.5,23.328,4256.5,85,0.0,0.0,
7.9.2026,23:24:38.174,100.0,15.5,23.328,4256.5,85,0.0,0.0,
7.9.2026,23:24:38.382,100.0,15.5,23.328,4256.5,85,0.0,0.0,
7.9.2026,23:24:38.585,100.0,15.5,23.328,4256.5,85,0.0,0.0,
7.9.2026,23:24:38.778,100.0,15.5,23.328,4256.5,85,0.0,0.0,
7.9.2026,23:24:38.982,100.0,15.5,23.328,4256.5,85,0.0,0.0,
7.9.2026,23:24:39.191,100.0,15.5,23.328,4256.5,85,0.0,0.0,
7.9.2026,23:24:39.397,100.0,15.5,23.328,4256.5,85,0.0,0.0,
7.9.2026,23:24:39.600,100.0,15.5,23.328,4256.5,85,0.0,0.0,
7.9.2026,23:24:39.806,100.0,15.5,23.328,4256.5,85,0.0,0.0,
7.9.2026,23:24:39.995,100.0,15.5,23.328,4256.5,85,0.0,0.0,
7.9.2026,23:24:40.202,100.0,15.5,23.328,4256.5,85,0.0,0.0,
7.9.2026,23:24:40.407,100.0,15.5,23.328,4256.5,85,0.0,0.0,
7.9.2026,23:24:40.613,100.0,15.5,23.328,4256.5,85,0.0,0.0,
7.9.2026,23:24:40.819,100.0,15.5,23.328,4256.5,85,0.0,0.0,
7.9.2026,23:24:41.011,100.0,15.5,23.328,4256.5,85,0.0,0.0,
7.9.2026,23:24:41.219,100.0,15.5,23.328,4256.5,85,0.0,0.0,
7.9.2026,23:24:41.422,100.0,15.5,23.328,4256.5,85,0.0,0.0,
7.9.2026,23:24:41.628,100.0,15.5,23.328,4256.5,85,0.0,0.0,
7.9.2026,23:24:41.834,100.0,15.9,23.328,4244.4,85,0.0,0.0,
7.9.2026,23:24:42.040,100.0,15.9,23.327,4244.4,85,0.0,0.0,
7.9.2026,23:24:42.247,100.0,15.9,23.327,4244.4,85,0.0,0.0,
7.9.2026,23:24:42.452,100.0,15.9,23.327,4244.4,85,0.0,0.0,
7.9.2026,23:24:42.658,100.0,15.9,23.327,4244.4,85,0.0,0.0,
7.9.2026,23:24:42.864,100.0,15.9,23.327,4244.4,85,0.0,0.0,
7.9.2026,23:24:43.071,100.0,15.9,23.327,4244.4,85,0.0,0.0,
7.9.2026,23:24:43.279,100.0,15.9,23.327,4244.4,85,0.0,0.0,
7.9.2026,23:24:43.482,100.0,15.9,23.327,4244.4,85,0.0,0.0,
7.9.2026,23:24:43.703,100.0,15.9,23.327,4244.4,85,0.0,0.0,
7.9.2026,23:24:43.893,100.0,15.9,23.327,4244.4,85,0.0,0.0,
7.9.2026,23:24:44.099,100.0,15.9,23.327,4244.4,85,0.0,0.0,
7.9.2026,23:24:44.305,100.0,15.9,23.327,4244.4,85,0.0,0.0,
7.9.2026,23:24:44.510,100.0,15.9,23.327,4244.4,85,0.0,0.0,
7.9.2026,23:24:44.718,100.0,15.9,23.327,4244.4,85,0.0,0.0,
7.9.2026,23:24:44.923,100.0,15.9,23.327,4244.4,85,0.0,0.0,
7.9.2026,23:24:45.128,100.0,15.9,23.327,4244.4,85,0.0,0.0,
7.9.2026,23:24:45.335,100.0,15.9,23.327,4244.4,85,0.0,0.0,
7.9.2026,23:24:45.540,100.0,15.9,23.327,4244.4,85,0.0,0.0,
7.9.2026,23:24:45.731,100.0,15.9,23.327,4244.4,85,0.0,0.0,
7.9.2026,23:24:45.937,100.0,15.9,23.327,4244.4,85,0.0,0.0,
7.9.2026,23:24:46.144,100.0,15.9,23.327,4244.4,85,0.0,0.0,
7.9.2026,23:24:46.349,100.0,15.9,23.327,4244.4,85,0.0,0.0,
7.9.2026,23:24:46.555,100.0,15.9,23.327,4244.4,85,0.0,0.0,
7.9.2026,23:24:46.745,100.0,15.6,23.327,4259.4,86,0.0,0.0,
7.9.2026,23:24:46.951,100.0,15.6,23.360,4259.4,86,0.0,0.0,
7.9.2026,23:24:47.157,100.0,15.6,23.360,4259.4,86,0.0,0.0,
7.9.2026,23:24:47.362,100.0,15.6,23.360,4259.4,86,0.0,0.0,
7.9.2026,23:24:47.568,100.0,15.6,23.360,4259.4,86,0.0,0.0,
7.9.2026,23:24:47.774,100.0,15.6,23.360,4259.4,86,0.0,0.0,
7.9.2026,23:24:47.964,100.0,15.6,23.360,4259.4,86,0.0,0.0,
7.9.2026,23:24:48.171,100.0,15.6,23.360,4259.4,86,0.0,0.0,
7.9.2026,23:24:48.380,100.0,15.6,23.503,4259.4,86,0.0,0.0,
7.9.2026,23:24:48.583,100.0,15.6,23.503,4259.4,86,0.0,0.0,
7.9.2026,23:24:48.788,100.0,15.6,23.503,4259.4,86,0.0,0.0,
7.9.2026,23:24:48.996,100.0,15.6,23.503,4259.4,86,0.0,0.0,
7.9.2026,23:24:49.184,100.0,15.6,23.503,4259.4,86,0.0,0.0,
7.9.2026,23:24:49.392,100.0,15.6,23.503,4259.4,86,0.0,0.0,
7.9.2026,23:24:49.603,100.0,15.6,23.503,4259.4,86,0.0,0.0,
7.9.2026,23:24:49.804,100.0,15.6,23.503,4259.4,86,0.0,0.0,
7.9.2026,23:24:50.009,100.0,15.6,23.503,4259.4,86,0.0,0.0,
7.9.2026,23:24:50.200,100.0,15.6,23.503,4259.4,86,0.0,0.0,
7.9.2026,23:24:50.405,100.0,15.6,23.503,4259.4,86,0.0,0.0,
7.9.2026,23:24:50.614,100.0,15.6,23.503,4259.4,86,0.0,0.0,
7.9.2026,23:24:50.818,100.0,15.6,23.503,4259.4,86,0.0,0.0,
7.9.2026,23:24:51.010,100.0,15.6,23.503,4259.4,86,0.0,0.0,
7.9.2026,23:24:51.228,100.0,15.6,23.503,4259.4,86,0.0,0.0,
7.9.2026,23:24:51.435,100.0,15.6,23.503,4259.4,86,0.0,0.0,
7.9.2026,23:24:51.641,100.0,15.6,23.503,4259.4,86,0.0,0.0,
7.9.2026,23:24:51.847,100.0,15.6,23.503,4259.4,86,0.0,0.0,
7.9.2026,23:24:52.053,100.0,15.6,23.503,4259.4,86,0.0,0.0,
7.9.2026,23:24:52.259,100.0,15.6,23.503,4259.4,86,0.0,0.0,
7.9.2026,23:24:52.449,100.0,15.6,23.503,4259.4,86,0.0,0.0,
7.9.2026,23:24:52.656,100.0,15.6,23.503,4259.4,86,0.0,0.0,
7.9.2026,23:24:52.862,100.0,15.6,23.503,4259.4,86,0.0,0.0,
7.9.2026,23:24:53.067,100.0,15.6,23.503,4259.4,86,0.0,0.0,
7.9.2026,23:24:53.274,100.0,15.6,23.503,4259.4,86,0.0,0.0,
7.9.2026,23:24:53.464,100.0,15.6,23.503,4259.4,86,0.0,0.0,
7.9.2026,23:24:53.670,100.0,15.6,23.503,4259.4,86,0.0,0.0,
7.9.2026,23:24:53.876,100.0,15.6,23.503,4259.4,86,0.0,0.0,
7.9.2026,23:24:54.083,100.0,14.9,23.503,4266.4,85,0.0,0.0,
7.9.2026,23:24:54.292,100.0,14.9,23.503,4266.4,85,0.0,0.0,
7.9.2026,23:24:54.480,100.0,14.9,23.503,4266.4,85,0.0,0.0,
7.9.2026,23:24:54.687,100.0,14.9,23.503,4266.4,85,0.0,0.0,
7.9.2026,23:24:54.893,100.0,14.9,23.503,4266.4,85,0.0,0.0,
7.9.2026,23:24:55.098,100.0,14.9,23.503,4266.4,85,0.0,0.0,
7.9.2026,23:24:55.305,100.0,14.9,23.503,4266.4,85,0.0,0.0,
7.9.2026,23:24:55.506,100.0,14.9,23.503,4266.4,85,0.0,0.0,
7.9.2026,23:24:55.702,100.0,14.9,23.503,4266.4,85,0.0,0.0,
7.9.2026,23:24:55.908,100.0,14.9,23.503,4266.4,85,0.0,0.0,
7.9.2026,23:24:56.113,100.0,14.9,23.503,4266.4,85,0.0,0.0,
7.9.2026,23:24:56.319,100.0,14.9,23.503,4266.4,85,0.0,0.0,
7.9.2026,23:24:56.526,100.0,14.9,23.503,4266.4,85,0.0,0.0,
7.9.2026,23:24:56.722,100.0,14.9,23.503,4266.4,85,0.0,0.0,
7.9.2026,23:24:56.920,100.0,14.9,23.503,4266.4,85,0.0,0.0,
7.9.2026,23:24:57.126,100.0,14.9,23.503,4266.4,85,0.0,0.0,
7.9.2026,23:24:57.332,100.0,14.9,23.503,4266.4,85,0.0,0.0,
7.9.2026,23:24:57.541,100.0,14.9,23.503,4266.4,85,0.0,0.0,
7.9.2026,23:24:57.730,22.5,36.5,26.747,606.7,68,0.0,0.0,
7.9.2026,23:24:57.941,6.5,5.3,9.063,118.4,55,0.0,0.0,
7.9.2026,23:24:58.153,1.1,4.9,8.132,175.0,80,0.0,0.0,
7.9.2026,23:24:58.359,7.6,5.2,8.208,112.1,79,0.0,0.0,
7.9.2026,23:24:58.567,0.2,3.0,8.045,78.8,70,0.0,0.0,
7.9.2026,23:24:58.763,5.9,7.8,8.045,110.7,79,0.0,0.0,
7.9.2026,23:24:58.974,1.2,3.9,7.895,94.7,80,0.0,0.0,
7.9.2026,23:24:59.171,0.8,3.1,8.508,125.3,80,0.0,0.0,
7.9.2026,23:24:59.378,7.6,10.8,7.146,155.7,77,0.0,0.0,
7.9.2026,23:24:59.589,0.0,1.9,9.250,100.2,79,0.0,0.0,
7.9.2026,23:24:59.795,9.2,5.9,7.616,87.5,84,0.0,0.0,
7.9.2026,23:25:0.009,3.9,2.6,8.078,211.1,83,0.0,0.0,
7.9.2026,23:25:0.200,0.0,4.5,8.078,137.1,79,0.0,0.0,
7.9.2026,23:25:0.406,14.5,11.7,8.204,300.9,79,0.0,0.0,
7.9.2026,23:25:0.606,2.1,4.5,9.170,121.6,79,0.0,0.0,
7.9.2026,23:25:0.807,5.1,5.5,8.518,268.2,59,0.0,0.0,
7.9.2026,23:25:1.015,10.8,7.1,9.332,228.2,55,0.0,0.0,
7.9.2026,23:25:1.222,3.9,4.3,8.208,228.6,52,0.0,0.0,
7.9.2026,23:25:1.417,11.3,6.2,8.422,527.0,50,0.0,0.0,
7.9.2026,23:25:1.624,7.9,6.3,8.239,135.2,51,0.0,0.0,
7.9.2026,23:25:1.835,6.9,3.9,8.088,325.7,50,0.0,0.0,
7.9.2026,23:25:2.042,7.0,7.8,9.431,108.8,52,0.0,0.0,
7.9.2026,23:25:2.250,5.0,5.7,7.989,194.8,52,0.0,0.0,
7.9.2026,23:25:2.459,1.6,4.8,8.719,94.3,48,0.0,0.0,
7.9.2026,23:25:2.667,0.4,1.5,7.828,115.2,52,0.0,0.0,
7.9.2026,23:25:2.883,9.4,8.4,8.013,159.6,54,0.0,0.0,
7.9.2026,23:25:3.077,0.0,0.6,8.194,87.1,73,0.0,0.0,
7.9.2026,23:25:3.289,8.0,10.4,7.748,93.4,79,0.0,0.0,
7.9.2026,23:25:3.480,1.5,6.0,8.089,144.5,64,0.0,0.0,
7.9.2026,23:25:3.687,8.3,4.8,7.857,101.1,51,0.0,0.0,
7.9.2026,23:25:3.896,3.1,5.4,8.637,173.9,49,0.0,0.0,
7.9.2026,23:25:4.101,0.3,4.2,8.620,76.3,48,0.0,0.0,
7.9.2026,23:25:4.292,3.7,5.0,8.135,144.6,48,0.0,0.0,
7.9.2026,23:25:4.503,9.4,8.5,9.051,136.6,47,0.0,0.0,
7.9.2026,23:25:4.716,1.8,3.6,8.281,155.2,49,0.0,0.0,
7.9.2026,23:25:4.936,6.0,6.6,8.279,118.8,48,0.0,0.0,
7.9.2026,23:25:5.145,2.4,5.6,8.832,93.7,52,0.0,0.0,
7.9.2026,23:25:5.360,0.8,4.1,8.861,127.6,52,0.0,0.0,
7.9.2026,23:25:5.570,6.7,5.1,8.322,189.9,64,0.0,0.0,
7.9.2026,23:25:5.765,9.2,5.3,8.489,530.1,62,0.0,0.0,
7.9.2026,23:25:5.976,8.2,9.3,8.965,97.1,62,0.0,0.0,
7.9.2026,23:25:6.183,8.4,3.7,8.155,496.8,61,0.0,0.0,
7.9.2026,23:25:6.395,17.1,9.7,7.702,433.2,79,0.0,0.0,
7.9.2026,23:25:6.594,1.1,1.3,7.567,165.7,75,0.0,0.0,
7.9.2026,23:25:6.803,7.5,7.2,8.669,203.1,68,0.0,0.0,
7.9.2026,23:25:6.999,1.7,2.9,8.378,138.2,72,0.0,0.0,
7.9.2026,23:25:7.208,7.3,9.6,8.118,98.3,51,0.0,0.0,
7.9.2026,23:25:7.410,2.7,2.0,7.926,207.5,51,0.0,0.0,
7.9.2026,23:25:7.615,3.6,6.3,7.925,86.1,51,0.0,0.0,
7.9.2026,23:25:7.828,3.8,1.5,8.072,138.7,52,0.0,0.0,
7.9.2026,23:25:8.040,9.6,7.4,7.477,319.3,46,0.0,0.0,
7.9.2026,23:25:8.230,0.0,3.6,8.951,75.3,50,0.0,0.0,
7.9.2026,23:25:8.445,9.6,7.9,8.934,142.0,46,0.0,0.0,
7.9.2026,23:25:8.652,0.0,4.6,8.815,59.4,47,0.0,0.0,
7.9.2026,23:25:8.865,8.8,6.2,7.998,139.2,51,0.0,0.0,
7.9.2026,23:25:9.063,0.0,3.0,7.858,69.7,50,0.0,0.0,
7.9.2026,23:25:9.270,4.3,8.8,8.083,72.5,48,0.0,0.0,
7.9.2026,23:25:9.465,3.1,3.1,8.153,142.7,50,0.0,0.0,
7.9.2026,23:25:9.683,7.0,4.8,8.040,114.3,47,0.0,0.0,
7.9.2026,23:25:9.899,4.1,9.0,8.406,123.5,67,0.0,0.0,
7.9.2026,23:25:10.096,0.0,0.6,7.489,103.5,75,0.0,0.0,
7.9.2026,23:25:10.304,8.8,11.4,8.885,272.8,78,0.0,0.0,
7.9.2026,23:25:10.501,0.8,2.6,7.857,95.9,75,0.0,0.0,
7.9.2026,23:25:10.713,5.9,7.4,8.615,100.5,72,0.0,0.0,
7.9.2026,23:25:10.910,6.9,7.2,6.005,113.0,46,0.0,0.0,
7.9.2026,23:25:11.114,0.0,5.3,9.952,93.7,76,0.0,0.0,
7.9.2026,23:25:11.310,1.7,4.4,9.212,162.9,62,0.0,0.0,
7.9.2026,23:25:11.518,22.5,6.1,8.525,799.7,46,0.0,0.0,
7.9.2026,23:25:11.733,0.0,5.3,8.269,77.5,62,0.0,0.0,
7.9.2026,23:25:11.942,5.0,4.6,6.852,97.5,78,0.0,0.0,
7.9.2026,23:25:12.145,0.0,2.8,7.676,69.3,77,0.0,0.0,
7.9.2026,23:25:12.351,3.5,6.8,7.979,67.2,73,0.0,0.0,
7.9.2026,23:25:12.545,1.4,2.6,8.879,143.5,78,0.0,0.0,
7.9.2026,23:25:12.749,8.4,9.3,8.913,144.7,66,0.0,0.0,
7.9.2026,23:25:12.961,4.1,5.6,8.332,127.6,63,0.0,0.0,
7.9.2026,23:25:13.155,0.0,2.7,9.296,106.2,50,0.0,0.0,
7.9.2026,23:25:13.363,8.2,9.2,9.797,157.6,46,0.0,0.0,
7.9.2026,23:25:13.573,3.1,5.7,9.394,147.0,58,0.0,0.0,
7.9.2026,23:25:13.763,1.7,2.9,9.394,125.2,53,0.0,0.0,
7.9.2026,23:25:13.980,9.0,7.7,8.124,148.7,48,0.0,0.0,
7.9.2026,23:25:14.178,10.2,5.5,8.363,368.5,47,0.0,0.0,
7.9.2026,23:25:14.379,0.0,3.4,8.162,72.9,46,0.0,0.0,
7.9.2026,23:25:14.583,5.8,5.3,8.192,142.6,46,0.0,0.0,
7.9.2026,23:25:14.786,3.0,3.0,8.051,121.6,44,0.0,0.0,
7.9.2026,23:25:14.999,11.5,6.1,8.270,445.1,46,0.0,0.0,
7.9.2026,23:25:15.212,5.7,7.1,7.814,100.2,46,0.0,0.0,
7.9.2026,23:25:15.404,1.9,4.5,7.814,233.8,44,0.0,0.0,
7.9.2026,23:25:15.620,11.1,9.6,8.355,347.7,44,0.0,0.0,
7.9.2026,23:25:15.811,5.2,5.2,8.355,103.5,46,0.0,0.0,
7.9.2026,23:25:16.028,12.2,4.6,8.772,562.2,44,0.0,0.0,
7.9.2026,23:25:16.241,7.1,8.9,8.181,209.8,45,0.0,0.0,
7.9.2026,23:25:16.448,9.3,4.3,8.073,553.0,45,0.0,0.0,
7.9.2026,23:25:16.657,17.4,6.3,7.921,544.4,47,0.0,0.0,
7.9.2026,23:25:16.868,1.7,4.6,7.572,137.2,48,0.0,0.0,
7.9.2026,23:25:17.063,8.6,8.7,7.955,166.9,65,0.0,0.0,
7.9.2026,23:25:17.277,0.0,2.2,8.176,122.1,49,0.0,0.0,
7.9.2026,23:25:17.467,6.9,10.6,8.176,115.4,66,0.0,0.0,
7.9.2026,23:25:17.687,1.0,2.0,7.864,114.0,44,0.0,0.0,
7.9.2026,23:25:17.895,4.1,7.3,7.920,123.7,45,0.0,0.0,
7.9.2026,23:25:18.089,4.9,5.1,7.920,109.3,55,0.0,0.0,
7.9.2026,23:25:18.303,4.4,5.5,8.066,123.0,49,0.0,0.0,
7.9.2026,23:25:18.501,0.0,2.0,8.201,132.6,50,0.0,0.0,
7.9.2026,23:25:18.706,9.3,8.7,8.105,184.8,59,0.0,0.0,
7.9.2026,23:25:18.919,5.0,7.2,8.127,128.6,50,0.0,0.0,
7.9.2026,23:25:19.124,6.9,5.4,7.885,165.4,50,0.0,0.0,
7.9.2026,23:25:19.336,1.9,3.1,8.058,117.3,47,0.0,0.0,
7.9.2026,23:25:19.539,11.5,4.0,8.055,576.5,44,0.0,0.0,
7.9.2026,23:25:19.750,2.6,4.7,8.706,95.3,44,0.0,0.0,
7.9.2026,23:25:19.961,8.4,10.0,8.571,178.6,45,0.0,0.0,
7.9.2026,23:25:20.159,0.0,4.9,7.762,69.5,48,0.0,0.0,
7.9.2026,23:25:20.368,6.8,6.3,8.504,121.7,50,0.0,0.0,
7.9.2026,23:25:20.573,0.9,3.9,8.099,149.0,66,0.0,0.0,
7.9.2026,23:25:20.769,10.3,11.9,8.762,267.4,61,0.0,0.0,
7.9.2026,23:25:20.971,17.7,6.3,9.268,645.3,60,0.0,0.0,
7.9.2026,23:25:21.181,4.4,7.4,8.408,109.2,65,0.0,0.0,
7.9.2026,23:25:21.391,14.4,5.3,7.646,534.6,72,0.0,0.0,
7.9.2026,23:25:21.596,2.1,3.1,7.761,140.8,71,0.0,0.0,
7.9.2026,23:25:21.793,3.3,6.6,7.761,169.9,59,0.0,0.0,
7.9.2026,23:25:21.999,10.1,8.8,7.939,165.0,71,0.0,0.0,
7.9.2026,23:25:22.209,1.8,3.1,9.688,112.8,73,0.0,0.0,
7.9.2026,23:25:22.416,1.2,4.4,8.162,144.8,72,0.0,0.0,
7.9.2026,23:25:22.614,10.2,7.5,7.768,159.4,73,0.0,0.0,
7.9.2026,23:25:22.819,0.0,3.0,8.463,79.1,74,0.0,0.0,
7.9.2026,23:25:23.023,10.7,4.9,8.024,412.3,59,0.0,0.0,
7.9.2026,23:25:23.220,1.4,1.4,8.254,99.8,73,0.0,0.0,
7.9.2026,23:25:23.433,13.0,7.7,8.170,407.5,44,0.0,0.0,
7.9.2026,23:25:23.633,0.0,4.6,8.278,149.1,64,0.0,0.0,
7.9.2026,23:25:23.830,4.2,3.7,8.283,104.2,73,0.0,0.0,
7.9.2026,23:25:24.039,6.3,8.0,8.106,149.1,69,0.0,0.0,
7.9.2026,23:25:24.236,0.9,2.9,8.961,100.4,62,0.0,0.0,
7.9.2026,23:25:24.433,5.8,6.3,8.961,92.7,44,0.0,0.0,
7.9.2026,23:25:24.652,8.0,7.7,7.865,205.0,48,0.0,0.0,
7.9.2026,23:25:24.844,6.0,7.8,9.030,167.3,63,0.0,0.0,
7.9.2026,23:25:25.054,0.7,3.3,8.215,140.2,45,0.0,0.0,
7.9.2026,23:25:25.270,1.0,2.2,8.350,157.7,44,0.0,0.0,
7.9.2026,23:25:25.484,6.4,7.7,8.957,142.3,72,0.0,0.0,
7.9.2026,23:25:25.707,6.1,6.8,7.836,137.1,73,0.0,0.0,
7.9.2026,23:25:25.913,0.5,1.3,6.535,67.9,71,0.0,0.0,
7.9.2026,23:25:26.120,2.0,1.4,7.832,142.7,73,0.0,0.0,
7.9.2026,23:25:26.332,13.4,8.2,7.713,348.6,74,0.0,0.0,
7.9.2026,23:25:26.539,0.1,4.8,7.443,92.3,43,0.0,0.0,
7.9.2026,23:25:26.735,2.2,4.4,8.034,137.5,42,0.0,0.0,
7.9.2026,23:25:26.945,6.5,7.8,8.755,100.7,75,0.0,0.0,
7.9.2026,23:25:27.142,3.7,2.4,7.972,209.6,74,0.0,0.0,
7.9.2026,23:25:27.359,6.0,6.6,7.526,116.1,71,0.0,0.0,
7.9.2026,23:25:27.575,5.7,5.0,6.914,149.9,42,0.0,0.0,
7.9.2026,23:25:27.790,0.0,1.9,7.789,102.7,42,0.0,0.0,
7.9.2026,23:25:27.988,7.5,8.5,9.961,187.2,41,0.0,0.0,
7.9.2026,23:25:28.186,5.4,6.0,8.003,91.3,42,0.0,0.0,
7.9.2026,23:25:28.398,0.0,3.1,7.828,86.2,42,0.0,0.0,
7.9.2026,23:25:28.590,9.9,10.3,7.748,155.1,42,0.0,0.0,
7.9.2026,23:25:28.802,0.0,2.5,9.458,89.7,41,0.0,0.0,
7.9.2026,23:25:29.008,3.2,6.8,8.667,219.7,42,0.0,0.0,
7.9.2026,23:25:29.208,3.2,6.8,9.432,219.7,42,0.0,0.0,
7.9.2026,23:25:29.421,13.2,7.6,8.970,421.2,42,0.0,0.0,
7.9.2026,23:25:29.628,13.2,7.6,7.859,532.5,41,0.0,0.0,
7.9.2026,23:25:29.844,6.9,5.9,9.151,155.3,42,0.0,0.0,
7.9.2026,23:25:30.050,6.9,5.9,8.817,172.9,42,0.0,0.0,
7.9.2026,23:25:30.262,8.7,7.5,9.011,207.6,42,0.0,0.0,
7.9.2026,23:25:30.473,0.7,4.9,9.197,153.9,42,0.0,0.0,
7.9.2026,23:25:30.669,0.7,4.9,9.222,153.9,42,0.0,0.0,
7.9.2026,23:25:30.876,5.6,8.5,8.984,93.5,42,0.0,0.0,
7.9.2026,23:25:31.086,5.8,3.2,7.585,290.9,41,0.0,0.0,
7.9.2026,23:25:31.276,3.0,3.5,9.240,223.9,43,0.0,0.0,
7.9.2026,23:25:31.487,8.8,10.4,8.833,88.9,69,0.0,0.0,
7.9.2026,23:25:31.692,1.8,3.7,7.785,167.8,71,0.0,0.0,
7.9.2026,23:25:31.906,5.7,2.8,7.822,218.8,70,0.0,0.0,
7.9.2026,23:25:32.112,5.5,7.8,6.487,99.8,42,0.0,0.0,
7.9.2026,23:25:32.319,5.9,3.0,9.502,275.6,42,0.0,0.0,
7.9.2026,23:25:32.530,1.0,4.5,7.682,88.1,42,0.0,0.0,
7.9.2026,23:25:32.735,11.0,11.1,7.848,255.9,43,0.0,0.0,
7.9.2026,23:25:32.942,1.3,3.5,7.653,88.8,42,0.0,0.0,
7.9.2026,23:25:33.142,1.2,1.0,7.798,90.8,42,0.0,0.0,
7.9.2026,23:25:33.355,8.3,2.3,7.686,175.5,42,0.0,0.0,
7.9.2026,23:25:33.562,3.4,3.6,7.890,178.3,42,0.0,0.0,
7.9.2026,23:25:33.771,1.6,7.7,8.469,127.5,42,0.0,0.0,
7.9.2026,23:25:33.976,12.1,4.8,8.170,524.3,41,0.0,0.0,
7.9.2026,23:25:34.186,8.8,7.8,7.499,187.0,42,0.0,0.0,
7.9.2026,23:25:34.393,2.0,2.5,8.083,117.0,42,0.0,0.0,
7.9.2026,23:25:34.597,5.5,7.2,7.821,132.9,42,0.0,0.0,
7.9.2026,23:25:34.806,0.0,2.6,7.817,91.8,42,0.0,0.0,
7.9.2026,23:25:35.004,13.8,5.8,8.033,503.7,42,0.0,0.0,
7.9.2026,23:25:35.202,13.8,5.8,7.742,503.7,42,0.0,0.0,
7.9.2026,23:25:35.414,5.8,6.1,7.469,122.7,42,0.0,0.0,
7.9.2026,23:25:35.611,0.0,3.0,7.309,77.7,41,0.0,0.0,
7.9.2026,23:25:35.819,0.2,3.0,8.111,100.8,41,0.0,0.0,
7.9.2026,23:25:36.010,0.2,3.0,8.450,100.8,41,0.0,0.0,
7.9.2026,23:25:36.226,8.5,9.0,7.922,103.7,42,0.0,0.0,
7.9.2026,23:25:36.425,0.0,2.7,7.861,137.4,42,0.0,0.0,
7.9.2026,23:25:36.633,8.9,4.4,7.904,310.8,41,0.0,0.0,
7.9.2026,23:25:36.828,7.7,4.0,7.904,374.3,41,0.0,0.0,
7.9.2026,23:25:37.048,8.0,7.3,8.504,137.1,72,0.0,0.0,
7.9.2026,23:25:37.261,0.0,2.2,7.964,165.0,42,0.0,0.0,
7.9.2026,23:25:37.453,0.0,2.2,7.964,165.0,42,0.0,0.0,
7.9.2026,23:25:37.669,6.3,4.9,7.558,135.6,42,0.0,0.0,
7.9.2026,23:25:37.880,0.0,5.4,8.397,75.6,40,0.0,0.0,
7.9.2026,23:25:38.073,0.0,5.4,8.397,75.6,40,0.0,0.0,
7.9.2026,23:25:38.285,13.8,11.0,8.552,436.5,41,0.0,0.0,
7.9.2026,23:25:38.492,0.0,1.8,7.721,74.5,42,0.0,0.0,
7.9.2026,23:25:38.695,1.1,3.5,8.168,106.6,41,0.0,0.0,
7.9.2026,23:25:38.893,6.4,5.2,7.725,166.8,41,0.0,0.0,
7.9.2026,23:25:39.101,6.8,5.9,7.647,201.5,41,0.0,0.0,
7.9.2026,23:25:39.294,4.4,3.4,8.071,248.3,43,0.0,0.0,
7.9.2026,23:25:39.508,7.5,7.9,8.819,90.8,69,0.0,0.0,
7.9.2026,23:25:39.705,0.0,3.2,7.640,78.6,71,0.0,0.0,
7.9.2026,23:25:39.903,6.5,9.8,8.950,146.7,48,0.0,0.0,
7.9.2026,23:25:40.113,4.9,5.6,8.950,116.3,45,0.0,0.0,
7.9.2026,23:25:40.326,4.2,3.2,8.707,247.8,46,0.0,0.0,
7.9.2026,23:25:40.543,4.7,3.3,8.066,71.8,48,0.0,0.0,
7.9.2026,23:25:40.752,2.8,7.5,7.677,82.8,61,0.0,0.0,
7.9.2026,23:25:40.959,2.0,4.9,9.027,149.0,64,0.0,0.0,
7.9.2026,23:25:41.154,0.7,3.0,7.974,81.9,72,0.0,0.0,
7.9.2026,23:25:41.371,7.3,6.2,8.910,124.7,46,0.0,0.0,
7.9.2026,23:25:41.560,5.1,10.9,9.160,141.3,45,0.0,0.0,
7.9.2026,23:25:41.780,3.5,3.2,9.319,205.9,42,0.0,0.0,
7.9.2026,23:25:41.994,3.8,5.2,9.210,120.6,41,0.0,0.0,
7.9.2026,23:25:42.184,5.3,8.7,7.791,106.2,59,0.0,0.0,
7.9.2026,23:25:42.394,1.9,5.0,8.050,135.7,51,0.0,0.0,
7.9.2026,23:25:42.606,2.4,2.6,9.648,144.4,44,0.0,0.0,
7.9.2026,23:25:42.826,6.4,9.6,8.680,134.1,50,0.0,0.0,
7.9.2026,23:25:43.032,3.9,2.5,9.725,146.5,51,0.0,0.0,
7.9.2026,23:25:43.250,2.1,4.4,7.519,148.5,52,0.0,0.0,
7.9.2026,23:25:43.456,5.7,5.5,7.928,154.5,59,0.0,0.0,
7.9.2026,23:25:43.667,2.1,5.8,6.996,143.5,59,0.0,0.0,
7.9.2026,23:25:43.865,11.6,8.9,8.565,670.5,56,0.0,0.0,
7.9.2026,23:25:44.074,6.6,1.8,8.971,90.9,60,0.0,0.0,
7.9.2026,23:25:44.262,11.6,8.4,7.725,251.0,59,0.0,0.0,
7.9.2026,23:25:44.472,9.5,12.2,9.238,176.8,44,0.0,0.0,
7.9.2026,23:25:44.680,1.0,4.1,9.153,94.1,54,0.0,0.0,
7.9.2026,23:25:44.881,0.5,2.7,8.509,100.5,55,0.0,0.0,
7.9.2026,23:25:45.079,6.8,6.7,8.421,129.7,47,0.0,0.0,
7.9.2026,23:25:45.291,7.0,8.8,7.107,129.3,52,0.0,0.0,
7.9.2026,23:25:45.503,6.7,7.0,9.076,136.1,63,0.0,0.0,
7.9.2026,23:25:45.715,0.0,2.3,8.314,81.5,64,0.0,0.0,
7.9.2026,23:25:45.928,11.0,5.9,6.937,276.1,57,0.0,0.0,
7.9.2026,23:25:46.134,0.0,2.7,6.818,120.4,41,0.0,0.0,
7.9.2026,23:25:46.332,2.8,4.8,8.240,139.9,41,0.0,0.0,
7.9.2026,23:25:46.544,7.3,6.3,8.607,185.9,59,0.0,0.0,
7.9.2026,23:25:46.748,13.6,7.5,6.732,385.5,42,0.0,0.0,
7.9.2026,23:25:46.960,10.2,4.8,9.297,531.2,56,0.0,0.0,
7.9.2026,23:25:47.165,10.3,4.4,7.347,431.8,57,0.0,0.0,
7.9.2026,23:25:47.356,9.5,7.3,7.688,500.7,62,0.0,0.0,
7.9.2026,23:25:47.569,10.8,5.9,8.422,148.6,55,0.0,0.0,
7.9.2026,23:25:47.766,0.0,1.4,6.495,85.0,74,0.0,0.0,
7.9.2026,23:25:47.972,7.5,8.4,8.405,140.5,59,0.0,0.0,
7.9.2026,23:25:48.184,0.8,3.7,9.686,90.4,55,0.0,0.0,
7.9.2026,23:25:48.394,6.4,7.5,9.607,95.5,62,0.0,0.0,
7.9.2026,23:25:48.600,2.1,2.3,8.023,148.0,65,0.0,0.0,
7.9.2026,23:25:48.797,1.7,4.6,7.755,108.0,62,0.0,0.0,
7.9.2026,23:25:49.009,5.7,6.8,7.874,112.2,71,0.0,0.0,
7.9.2026,23:25:49.203,0.0,3.9,9.496,107.1,65,0.0,0.0,
7.9.2026,23:25:49.414,7.8,9.5,10.325,99.4,45,0.0,0.0,
7.9.2026,23:25:49.627,0.0,4.6,10.281,93.6,45,0.0,0.0,
7.9.2026,23:25:49.834,5.1,4.4,7.631,82.8,60,0.0,0.0,
7.9.2026,23:25:50.031,1.0,5.1,9.656,113.6,68,0.0,0.0,
7.9.2026,23:25:50.236,6.3,9.9,10.000,71.7,59,0.0,0.0,
7.9.2026,23:25:50.444,3.0,3.2,7.677,147.5,58,0.0,0.0,
7.9.2026,23:25:50.640,4.7,4.4,7.957,222.2,62,0.0,0.0,
7.9.2026,23:25:50.843,5.8,7.0,8.299,90.8,70,0.0,0.0,
7.9.2026,23:25:51.057,4.8,4.0,8.931,263.1,50,0.0,0.0,
7.9.2026,23:25:51.264,8.9,10.0,8.235,138.6,66,0.0,0.0,
7.9.2026,23:25:51.479,2.5,2.6,8.458,144.1,64,0.0,0.0,
7.9.2026,23:25:51.675,0.0,0.8,7.175,148.6,71,0.0,0.0,
7.9.2026,23:25:51.879,7.2,7.3,8.584,106.7,69,0.0,0.0,
7.9.2026,23:25:52.093,14.1,8.9,9.292,661.6,69,0.0,0.0,
7.9.2026,23:25:52.299,8.2,4.8,7.526,138.5,73,0.0,0.0,
7.9.2026,23:25:52.510,4.9,3.5,8.160,235.5,68,0.0,0.0,
7.9.2026,23:25:52.700,0.2,3.7,7.951,98.7,74,0.0,0.0,
7.9.2026,23:25:52.910,8.4,8.0,8.663,102.1,73,0.0,0.0,
7.9.2026,23:25:53.116,0.7,2.1,7.328,130.1,71,0.0,0.0,
7.9.2026,23:25:53.312,2.6,4.5,7.932,123.8,71,0.0,0.0,
7.9.2026,23:25:53.526,13.4,6.5,7.933,393.3,73,0.0,0.0,
7.9.2026,23:25:53.715,0.0,3.7,8.109,123.8,71,0.0,0.0,
7.9.2026,23:25:53.922,22.8,6.2,8.516,740.4,59,0.0,0.0,
7.9.2026,23:25:54.129,7.4,9.7,8.264,90.5,61,0.0,0.0,
7.9.2026,23:25:54.334,2.3,3.3,8.210,139.5,71,0.0,0.0,
7.9.2026,23:25:54.547,3.3,4.6,8.084,92.6,72,0.0,0.0,
7.9.2026,23:25:54.766,6.1,4.9,7.652,128.9,54,0.0,0.0,
7.9.2026,23:25:54.971,2.1,3.8,6.699,79.8,71,0.0,0.0,
7.9.2026,23:25:55.187,3.0,5.1,7.605,121.6,71,0.0,0.0,
7.9.2026,23:25:55.394,8.4,5.9,7.072,240.3,42,0.0,0.0,
7.9.2026,23:25:55.590,2.4,3.4,7.957,153.3,42,0.0,0.0,
7.9.2026,23:25:55.802,6.4,8.3,8.817,108.2,73,0.0,0.0,
7.9.2026,23:25:56.000,5.2,2.5,7.626,352.3,73,0.0,0.0,
7.9.2026,23:25:56.215,5.3,8.2,8.021,122.8,71,0.0,0.0,
7.9.2026,23:25:56.428,6.6,5.2,7.701,151.6,73,0.0,0.0,
7.9.2026,23:25:56.623,2.1,3.9,7.701,252.8,73,0.0,0.0,
7.9.2026,23:25:56.828,12.8,8.0,7.678,376.1,48,0.0,0.0,
7.9.2026,23:25:57.039,1.9,4.7,8.448,125.3,59,0.0,0.0,
7.9.2026,23:25:57.231,1.7,2.4,8.474,207.2,71,0.0,0.0,
7.9.2026,23:25:57.443,9.2,5.4,8.235,130.6,50,0.0,0.0,
7.9.2026,23:25:57.636,0.0,4.0,8.492,120.3,68,0.0,0.0,
7.9.2026,23:25:57.843,0.0,4.0,7.792,120.3,68,0.0,0.0,
7.9.2026,23:25:58.051,0.0,4.0,7.792,120.3,68,0.0,0.0,
7.9.2026,23:25:58.259,0.0,4.0,22.297,120.3,68,0.0,0.0,
7.9.2026,23:25:58.450,0.0,4.0,22.297,120.3,68,0.0,0.0,
7.9.2026,23:25:58.657,0.0,4.0,22.297,120.3,68,0.0,0.0,
7.9.2026,23:25:58.861,0.0,4.0,22.297,120.3,68,0.0,0.0,
7.9.2026,23:25:59.068,0.0,4.0,22.297,120.3,68,0.0,0.0,
7.9.2026,23:25:59.274,0.0,4.0,22.297,120.3,68,0.0,0.0,
7.9.2026,23:25:59.465,0.0,4.0,22.297,120.3,68,0.0,0.0,
7.9.2026,23:25:59.672,0.0,4.0,22.297,120.3,68,0.0,0.0,
7.9.2026,23:25:59.879,0.0,4.0,22.297,120.3,68,0.0,0.0,
7.9.2026,23:26:0.086,0.0,4.0,22.297,120.3,68,0.0,0.0,
7.9.2026,23:26:0.277,0.0,4.0,22.297,120.3,68,0.0,0.0,
7.9.2026,23:26:0.484,0.0,4.0,22.297,120.3,68,0.0,0.0,
7.9.2026,23:26:0.693,0.0,4.0,22.297,120.3,68,0.0,0.0,
7.9.2026,23:26:0.899,0.0,4.0,22.297,120.3,68,0.0,0.0,
7.9.2026,23:26:1.103,0.0,4.0,22.297,120.3,68,0.0,0.0,
7.9.2026,23:26:1.310,0.0,4.0,22.297,120.3,68,0.0,0.0,
7.9.2026,23:26:1.517,0.0,4.0,22.297,120.3,68,0.0,0.0,
7.9.2026,23:26:1.724,0.0,4.0,22.297,120.3,68,0.0,0.0,
7.9.2026,23:26:1.931,0.0,4.0,22.297,120.3,68,0.0,0.0,
7.9.2026,23:26:2.122,0.0,4.0,22.297,120.3,68,0.0,0.0,
7.9.2026,23:26:2.344,0.0,4.0,22.297,120.3,68,0.0,0.0,
7.9.2026,23:26:2.535,0.0,4.0,22.297,120.3,68,0.0,0.0,
7.9.2026,23:26:2.742,0.0,4.0,22.297,120.3,68,0.0,0.0,
7.9.2026,23:26:2.934,0.0,4.0,22.297,120.3,68,0.0,0.0,
7.9.2026,23:26:3.139,0.0,4.0,22.297,120.3,68,0.0,0.0,
7.9.2026,23:26:3.345,0.0,4.0,22.297,120.3,68,0.0,0.0,
7.9.2026,23:26:3.552,0.0,4.0,22.297,120.3,68,0.0,0.0,
7.9.2026,23:26:3.759,86.3,14.4,22.297,3794.7,81,0.0,0.0,
7.9.2026,23:26:3.950,86.3,14.4,22.297,3794.7,81,0.0,0.0,
7.9.2026,23:26:4.156,86.3,14.4,22.297,3794.7,81,0.0,0.0,
7.9.2026,23:26:4.371,86.3,14.4,22.297,3794.7,81,0.0,0.0,
7.9.2026,23:26:4.570,86.3,14.4,22.297,3794.7,81,0.0,0.0,
7.9.2026,23:26:4.761,86.3,14.4,22.297,3794.7,81,0.0,0.0,
7.9.2026,23:26:4.968,86.3,14.4,22.297,3794.7,81,0.0,0.0,
7.9.2026,23:26:5.176,86.3,14.4,22.297,3794.7,81,0.0,0.0,
7.9.2026,23:26:5.383,86.3,14.4,22.297,3794.7,81,0.0,0.0,
7.9.2026,23:26:5.591,86.3,14.4,22.297,3794.7,81,0.0,0.0,
7.9.2026,23:26:5.795,86.3,14.4,22.297,3794.7,81,0.0,0.0,
7.9.2026,23:26:6.001,86.3,14.4,22.297,3794.7,81,0.0,0.0,
7.9.2026,23:26:6.207,86.3,14.4,22.297,3794.7,81,0.0,0.0,
7.9.2026,23:26:6.422,86.3,14.4,22.297,3794.7,81,0.0,0.0,
7.9.2026,23:26:6.605,86.3,14.4,22.297,3794.7,81,0.0,0.0,
7.9.2026,23:26:6.812,86.3,14.4,22.297,3794.7,81,0.0,0.0,
7.9.2026,23:26:7.020,86.3,14.4,22.297,3794.7,81,0.0,0.0,
7.9.2026,23:26:7.227,86.3,14.4,22.297,3794.7,81,0.0,0.0,
7.9.2026,23:26:7.431,86.3,14.4,22.297,3794.7,81,0.0,0.0,
7.9.2026,23:26:7.621,86.3,14.4,22.297,3794.7,81,0.0,0.0,
7.9.2026,23:26:7.828,86.3,14.4,22.297,3794.7,81,0.0,0.0,
7.9.2026,23:26:8.035,86.3,14.4,22.297,3794.7,81,0.0,0.0,
7.9.2026,23:26:8.242,86.3,14.4,22.297,3794.7,81,0.0,0.0,
7.9.2026,23:26:8.432,86.3,14.4,22.297,3794.7,81,0.0,0.0,
7.9.2026,23:26:8.639,86.3,14.4,22.297,3794.7,81,0.0,0.0,
7.9.2026,23:26:8.847,86.3,14.4,22.297,3794.7,81,0.0,0.0,
7.9.2026,23:26:9.053,86.3,14.4,22.297,3794.7,81,0.0,0.0,
7.9.2026,23:26:9.260,86.3,14.4,22.297,3794.7,81,0.0,0.0,
7.9.2026,23:26:9.467,86.3,14.4,22.297,3794.7,81,0.0,0.0,
7.9.2026,23:26:9.673,86.3,14.4,22.297,3794.7,81,0.0,0.0,
7.9.2026,23:26:9.881,86.3,14.4,22.297,3794.7,81,0.0,0.0,
7.9.2026,23:26:10.088,86.3,14.4,22.297,3794.7,81,0.0,0.0,
7.9.2026,23:26:10.279,86.3,14.4,22.297,3794.7,81,0.0,0.0,
7.9.2026,23:26:10.486,86.3,14.4,22.297,3794.7,81,0.0,0.0,
7.9.2026,23:26:10.693,86.3,14.4,22.297,3794.7,81,0.0,0.0,
7.9.2026,23:26:10.900,86.3,14.4,22.297,3794.7,81,0.0,0.0,
7.9.2026,23:26:11.092,86.3,14.4,22.297,3794.7,81,0.0,0.0,
7.9.2026,23:26:11.295,86.3,14.4,22.297,3794.7,81,0.0,0.0,
7.9.2026,23:26:11.501,86.3,14.4,22.297,3794.7,81,0.0,0.0,
7.9.2026,23:26:11.714,86.3,14.4,22.297,3794.7,81,0.0,0.0,
7.9.2026,23:26:11.914,86.3,14.4,22.297,3794.7,81,0.0,0.0,
7.9.2026,23:26:12.105,100.0,15.5,22.297,4334.0,86,0.0,0.0,
7.9.2026,23:26:12.313,100.0,15.5,24.121,4334.0,86,0.0,0.0,
7.9.2026,23:26:12.519,100.0,15.5,24.121,4334.0,86,0.0,0.0,
7.9.2026,23:26:12.727,100.0,15.5,24.121,4334.0,86,0.0,0.0,
7.9.2026,23:26:12.918,100.0,15.5,24.121,4334.0,86,0.0,0.0,
7.9.2026,23:26:13.126,100.0,15.5,24.121,4334.0,86,0.0,0.0,
7.9.2026,23:26:13.330,100.0,15.5,24.121,4334.0,86,0.0,0.0,
7.9.2026,23:26:13.537,100.0,15.5,24.121,4334.0,86,0.0,0.0,
7.9.2026,23:26:13.743,100.0,15.5,24.121,4334.0,86,0.0,0.0,
7.9.2026,23:26:13.934,100.0,15.5,24.121,4334.0,86,0.0,0.0,
7.9.2026,23:26:14.140,100.0,15.5,24.121,4334.0,86,0.0,0.0,
7.9.2026,23:26:14.362,100.0,15.5,24.121,4334.0,86,0.0,0.0,
7.9.2026,23:26:14.554,100.0,15.5,24.121,4334.0,86,0.0,0.0,
7.9.2026,23:26:14.761,100.0,15.5,24.121,4334.0,86,0.0,0.0,
7.9.2026,23:26:14.968,100.0,15.5,24.121,4334.0,86,0.0,0.0,
7.9.2026,23:26:15.175,100.0,15.5,24.121,4334.0,86,0.0,0.0,
7.9.2026,23:26:15.382,100.0,15.5,24.121,4334.0,86,0.0,0.0,
7.9.2026,23:26:15.596,100.0,15.5,24.121,4334.0,86,0.0,0.0,
7.9.2026,23:26:15.796,100.0,15.5,24.121,4334.0,86,0.0,0.0,
7.9.2026,23:26:16.003,100.0,15.5,24.121,4334.0,86,0.0,0.0,
7.9.2026,23:26:16.211,100.0,15.5,24.121,4334.0,86,0.0,0.0,
7.9.2026,23:26:16.402,100.0,15.5,24.121,4334.0,86,0.0,0.0,
7.9.2026,23:26:16.609,100.0,15.5,24.121,4334.0,86,0.0,0.0,
7.9.2026,23:26:16.817,100.0,15.7,24.121,4286.3,86,0.0,0.0,
7.9.2026,23:26:17.022,100.0,15.7,23.576,4286.3,86,0.0,0.0,
7.9.2026,23:26:17.229,100.0,15.7,23.576,4286.3,86,0.0,0.0,
7.9.2026,23:26:17.436,100.0,15.7,23.576,4286.3,86,0.0,0.0,
7.9.2026,23:26:17.643,100.0,15.7,23.576,4286.3,86,0.0,0.0,
7.9.2026,23:26:17.851,100.0,15.7,23.576,4286.3,86,0.0,0.0,
7.9.2026,23:26:18.058,100.0,15.7,23.576,4286.3,86,0.0,0.0,
7.9.2026,23:26:18.265,100.0,15.7,23.576,4286.3,86,0.0,0.0,
7.9.2026,23:26:18.472,100.0,15.7,23.576,4286.3,86,0.0,0.0,
7.9.2026,23:26:18.679,100.0,15.7,23.576,4286.3,86,0.0,0.0,
7.9.2026,23:26:18.886,100.0,15.7,23.576,4286.3,86,0.0,0.0,
7.9.2026,23:26:19.077,100.0,15.7,23.576,4286.3,86,0.0,0.0,
7.9.2026,23:26:19.284,100.0,15.7,23.576,4286.3,86,0.0,0.0,
7.9.2026,23:26:19.492,100.0,15.7,23.576,4286.3,86,0.0,0.0,
7.9.2026,23:26:19.699,100.0,15.7,23.576,4286.3,86,0.0,0.0,
7.9.2026,23:26:19.906,100.0,15.7,23.576,4286.3,86,0.0,0.0,
7.9.2026,23:26:20.114,100.0,15.7,23.576,4286.3,86,0.0,0.0,
7.9.2026,23:26:20.321,100.0,15.7,23.576,4286.3,86,0.0,0.0,
7.9.2026,23:26:20.528,100.0,15.7,23.576,4286.3,86,0.0,0.0,
7.9.2026,23:26:20.735,100.0,15.7,23.576,4286.3,86,0.0,0.0,
7.9.2026,23:26:20.939,100.0,15.7,23.576,4286.3,86,0.0,0.0,
7.9.2026,23:26:21.146,100.0,15.7,23.576,4286.3,86,0.0,0.0,
7.9.2026,23:26:21.352,100.0,15.7,23.570,4286.3,86,0.0,0.0,
7.9.2026,23:26:21.543,100.0,15.7,23.570,4286.3,86,0.0,0.0,
7.9.2026,23:26:21.750,100.0,15.7,23.570,4286.3,86,0.0,0.0,
7.9.2026,23:26:21.957,100.0,15.7,23.570,4286.3,86,0.0,0.0,
7.9.2026,23:26:22.163,100.0,15.7,23.570,4286.3,86,0.0,0.0,
7.9.2026,23:26:22.354,100.0,15.7,23.570,4286.3,86,0.0,0.0,
7.9.2026,23:26:22.560,100.0,15.7,23.570,4286.3,86,0.0,0.0,
7.9.2026,23:26:22.767,100.0,15.7,23.570,4286.3,86,0.0,0.0,
7.9.2026,23:26:22.974,100.0,15.7,23.570,4286.3,86,0.0,0.0,
7.9.2026,23:26:23.180,100.0,15.7,23.570,4286.3,86,0.0,0.0,
7.9.2026,23:26:23.372,100.0,15.7,23.570,4286.3,86,0.0,0.0,
7.9.2026,23:26:23.579,100.0,15.7,23.570,4286.3,86,0.0,0.0,
7.9.2026,23:26:23.786,100.0,15.7,23.570,4286.3,86,0.0,0.0,
7.9.2026,23:26:23.993,100.0,15.7,23.570,4286.3,86,0.0,0.0,
7.9.2026,23:26:24.185,100.0,15.7,23.570,4286.3,86,0.0,0.0,
7.9.2026,23:26:24.392,100.0,15.7,23.570,4286.3,86,0.0,0.0,
7.9.2026,23:26:24.599,100.0,15.7,23.570,4286.3,86,0.0,0.0,
7.9.2026,23:26:24.806,100.0,15.7,23.570,4286.3,86,0.0,0.0,
7.9.2026,23:26:25.013,100.0,15.7,23.570,4286.3,86,0.0,0.0,
7.9.2026,23:26:25.219,100.0,15.7,23.570,4286.3,86,0.0,0.0,
7.9.2026,23:26:25.426,100.0,15.7,23.570,4286.3,86,0.0,0.0,
7.9.2026,23:26:25.631,100.0,15.7,23.570,4286.3,86,0.0,0.0,
7.9.2026,23:26:25.823,100.0,15.7,23.570,4286.3,86,0.0,0.0,
7.9.2026,23:26:26.039,100.0,15.7,23.570,4286.3,86,0.0,0.0,
7.9.2026,23:26:26.238,100.0,15.7,23.570,4286.3,86,0.0,0.0,
7.9.2026,23:26:26.445,100.0,14.4,23.570,4313.7,85,0.0,0.0,
7.9.2026,23:26:26.652,100.0,14.4,23.570,4313.7,85,0.0,0.0,
7.9.2026,23:26:26.859,100.0,14.4,23.570,4313.7,85,0.0,0.0,
7.9.2026,23:26:27.066,100.0,14.4,23.570,4313.7,85,0.0,0.0,
7.9.2026,23:26:27.273,100.0,14.4,23.570,4313.7,85,0.0,0.0,
7.9.2026,23:26:27.480,100.0,14.4,23.570,4313.7,85,0.0,0.0,
7.9.2026,23:26:27.687,100.0,14.4,23.570,4313.7,85,0.0,0.0,
7.9.2026,23:26:27.894,100.0,14.4,23.570,4313.7,85,0.0,0.0,
7.9.2026,23:26:28.102,100.0,14.4,23.570,4313.7,85,0.0,0.0,
7.9.2026,23:26:28.309,100.0,14.4,23.570,4313.7,85,0.0,0.0,
7.9.2026,23:26:28.514,100.0,14.4,23.570,4313.7,85,0.0,0.0,
7.9.2026,23:26:28.724,100.0,14.4,23.570,4313.7,85,0.0,0.0,
7.9.2026,23:26:28.930,100.0,14.4,23.570,4313.7,85,0.0,0.0,
7.9.2026,23:26:29.135,100.0,14.4,23.570,4313.7,85,0.0,0.0,
7.9.2026,23:26:29.342,100.0,14.4,23.570,4313.7,85,0.0,0.0,
7.9.2026,23:26:29.548,100.0,14.4,23.570,4313.7,85,0.0,0.0,
7.9.2026,23:26:29.755,100.0,14.4,23.570,4313.7,85,0.0,0.0,
7.9.2026,23:26:29.962,100.0,14.4,23.570,4313.7,85,0.0,0.0,
7.9.2026,23:26:30.152,100.0,14.4,23.570,4313.7,85,0.0,0.0,
7.9.2026,23:26:30.359,100.0,14.4,23.570,4313.7,85,0.0,0.0,
7.9.2026,23:26:30.566,100.0,14.4,23.570,4313.7,85,0.0,0.0,
7.9.2026,23:26:30.773,100.0,14.4,23.570,4313.7,85,0.0,0.0,
7.9.2026,23:26:30.965,100.0,14.4,23.570,4313.7,85,0.0,0.0,
7.9.2026,23:26:31.170,100.0,27.8,23.570,4280.9,86,0.0,0.0,
7.9.2026,23:26:31.378,100.0,27.8,23.349,4280.9,86,0.0,0.0,
7.9.2026,23:26:31.584,100.0,27.8,23.349,4280.9,86,0.0,0.0,
7.9.2026,23:26:31.791,100.0,27.8,23.349,4280.9,86,0.0,0.0,
7.9.2026,23:26:31.999,100.0,27.8,23.349,4280.9,86,0.0,0.0,
7.9.2026,23:26:32.205,100.0,27.8,23.349,4280.9,86,0.0,0.0,
7.9.2026,23:26:32.412,100.0,27.8,23.349,4280.9,86,0.0,0.0,
7.9.2026,23:26:32.618,100.0,27.8,23.349,4280.9,86,0.0,0.0,
7.9.2026,23:26:32.825,100.0,27.8,23.349,4280.9,86,0.0,0.0,
7.9.2026,23:26:33.033,100.0,27.8,23.349,4280.9,86,0.0,0.0,
7.9.2026,23:26:33.247,100.0,27.8,23.349,4280.9,86,0.0,0.0,
7.9.2026,23:26:33.446,100.0,27.8,23.349,4280.9,86,0.0,0.0,
7.9.2026,23:26:33.637,100.0,27.8,23.349,4280.9,86,0.0,0.0,
7.9.2026,23:26:33.845,100.0,27.8,23.349,4280.9,86,0.0,0.0,
7.9.2026,23:26:34.051,100.0,27.8,23.349,4280.9,86,0.0,0.0,
7.9.2026,23:26:34.267,100.0,27.8,23.349,4280.9,86,0.0,0.0,
7.9.2026,23:26:34.449,100.0,27.8,23.349,4280.9,86,0.0,0.0,
7.9.2026,23:26:34.656,100.0,27.8,23.349,4280.9,86,0.0,0.0,
7.9.2026,23:26:34.864,100.0,27.8,23.349,4280.9,86,0.0,0.0,
7.9.2026,23:26:35.071,100.0,27.8,23.349,4280.9,86,0.0,0.0,
7.9.2026,23:26:35.261,100.0,27.8,23.349,4280.9,86,0.0,0.0,
7.9.2026,23:26:35.469,100.0,27.8,23.349,4280.9,86,0.0,0.0,
7.9.2026,23:26:35.676,100.0,27.8,23.349,4280.9,86,0.0,0.0,
7.9.2026,23:26:35.882,100.0,27.8,23.349,4280.9,86,0.0,0.0,
7.9.2026,23:26:36.089,100.0,15.5,23.349,4268.8,86,0.0,0.0,
7.9.2026,23:26:36.280,100.0,15.5,23.300,4268.8,86,0.0,0.0,
7.9.2026,23:26:36.487,100.0,15.5,23.300,4268.8,86,0.0,0.0,
7.9.2026,23:26:36.694,100.0,15.5,23.300,4268.8,86,0.0,0.0,
7.9.2026,23:26:36.901,100.0,15.5,23.300,4268.8,86,0.0,0.0,
7.9.2026,23:26:37.092,100.0,15.5,23.300,4268.8,86,0.0,0.0,
7.9.2026,23:26:37.299,100.0,15.5,23.300,4268.8,86,0.0,0.0,
7.9.2026,23:26:37.506,100.0,15.5,23.300,4268.8,86,0.0,0.0,
7.9.2026,23:26:37.714,100.0,15.5,23.300,4268.8,86,0.0,0.0,
7.9.2026,23:26:37.904,100.0,15.5,23.300,4268.8,86,0.0,0.0,
7.9.2026,23:26:38.111,100.0,15.5,23.300,4268.8,86,0.0,0.0,
7.9.2026,23:26:38.318,100.0,15.5,23.300,4268.8,86,0.0,0.0,
7.9.2026,23:26:38.525,100.0,15.5,23.300,4268.8,86,0.0,0.0,
7.9.2026,23:26:38.715,100.0,15.5,23.300,4268.8,86,0.0,0.0,
7.9.2026,23:26:38.922,100.0,15.5,23.300,4268.8,86,0.0,0.0,
7.9.2026,23:26:39.130,100.0,15.5,23.300,4268.8,86,0.0,0.0,
7.9.2026,23:26:39.337,100.0,15.5,23.300,4268.8,86,0.0,0.0,
7.9.2026,23:26:39.527,100.0,15.5,23.300,4268.8,86,0.0,0.0,
7.9.2026,23:26:39.734,100.0,15.5,23.300,4268.8,86,0.0,0.0,
7.9.2026,23:26:39.942,100.0,15.5,23.300,4268.8,86,0.0,0.0,
7.9.2026,23:26:40.146,100.0,15.5,23.300,4268.8,86,0.0,0.0,
7.9.2026,23:26:40.352,100.0,15.5,23.300,4268.8,86,0.0,0.0,
7.9.2026,23:26:40.543,100.0,15.5,23.300,4268.8,86,0.0,0.0,
7.9.2026,23:26:40.762,100.0,15.4,23.306,4291.5,86,0.0,0.0,
7.9.2026,23:26:40.956,100.0,15.4,23.306,4291.5,86,0.0,0.0,
7.9.2026,23:26:41.162,100.0,15.4,23.306,4291.5,86,0.0,0.0,
7.9.2026,23:26:41.370,100.0,15.4,23.306,4291.5,86,0.0,0.0,
7.9.2026,23:26:41.576,100.0,15.4,23.306,4291.5,86,0.0,0.0,
7.9.2026,23:26:41.783,100.0,15.4,23.306,4291.5,86,0.0,0.0,
7.9.2026,23:26:41.989,100.0,15.4,23.306,4291.5,86,0.0,0.0,
7.9.2026,23:26:42.196,100.0,15.4,23.306,4291.5,86,0.0,0.0,
7.9.2026,23:26:42.386,100.0,15.4,23.306,4291.5,86,0.0,0.0,
7.9.2026,23:26:42.593,100.0,15.4,23.306,4291.5,86,0.0,0.0,
7.9.2026,23:26:42.800,100.0,15.4,23.306,4291.5,86,0.0,0.0,
7.9.2026,23:26:43.007,100.0,15.4,23.306,4291.5,86,0.0,0.0,
7.9.2026,23:26:43.214,100.0,15.4,23.306,4291.5,86,0.0,0.0,
7.9.2026,23:26:43.421,100.0,15.4,23.306,4291.5,86,0.0,0.0,
7.9.2026,23:26:43.629,100.0,15.4,23.306,4291.5,86,0.0,0.0,
7.9.2026,23:26:43.836,100.0,15.4,23.306,4291.5,86,0.0,0.0,
7.9.2026,23:26:44.043,100.0,15.4,23.306,4291.5,86,0.0,0.0,
7.9.2026,23:26:44.248,100.0,15.4,23.306,4291.5,86,0.0,0.0,
7.9.2026,23:26:44.454,100.0,15.4,23.306,4291.5,86,0.0,0.0,
7.9.2026,23:26:44.661,100.0,15.4,23.306,4291.5,86,0.0,0.0,
7.9.2026,23:26:44.867,100.0,15.4,23.306,4291.5,86,0.0,0.0,
7.9.2026,23:26:45.059,100.0,15.4,23.306,4291.5,86,0.0,0.0,
7.9.2026,23:26:45.266,100.0,15.4,23.306,4291.5,86,0.0,0.0,
7.9.2026,23:26:45.473,100.0,15.6,23.130,4242.0,85,0.0,0.0,
7.9.2026,23:26:45.680,100.0,15.6,23.130,4242.0,85,0.0,0.0,
7.9.2026,23:26:45.870,100.0,15.6,23.130,4242.0,85,0.0,0.0,
7.9.2026,23:26:46.076,100.0,15.6,23.130,4242.0,85,0.0,0.0,
7.9.2026,23:26:46.284,100.0,15.6,23.130,4242.0,85,0.0,0.0,
7.9.2026,23:26:46.490,100.0,15.6,23.130,4242.0,85,0.0,0.0,
7.9.2026,23:26:46.698,100.0,15.6,23.130,4242.0,85,0.0,0.0,
7.9.2026,23:26:46.888,100.0,15.6,23.130,4242.0,85,0.0,0.0,
7.9.2026,23:26:47.096,100.0,15.6,23.130,4242.0,85,0.0,0.0,
7.9.2026,23:26:47.303,100.0,15.6,23.130,4242.0,85,0.0,0.0,
7.9.2026,23:26:47.509,100.0,15.6,23.130,4242.0,85,0.0,0.0,
7.9.2026,23:26:47.700,100.0,15.6,23.130,4242.0,85,0.0,0.0,
7.9.2026,23:26:47.908,100.0,15.6,23.130,4242.0,85,0.0,0.0,
7.9.2026,23:26:48.115,100.0,15.6,23.130,4242.0,85,0.0,0.0,
7.9.2026,23:26:48.322,100.0,15.6,23.130,4242.0,85,0.0,0.0,
7.9.2026,23:26:48.513,100.0,15.6,23.130,4242.0,85,0.0,0.0,
7.9.2026,23:26:48.720,100.0,15.6,23.130,4242.0,85,0.0,0.0,
7.9.2026,23:26:48.927,100.0,15.6,23.130,4242.0,85,0.0,0.0,
7.9.2026,23:26:49.134,100.0,15.6,23.130,4242.0,85,0.0,0.0,
7.9.2026,23:26:49.324,100.0,15.6,23.130,4242.0,85,0.0,0.0,
7.9.2026,23:26:49.532,100.0,15.6,23.130,4242.0,85,0.0,0.0,
7.9.2026,23:26:49.739,100.0,15.6,23.130,4242.0,85,0.0,0.0,
7.9.2026,23:26:49.946,100.0,15.6,23.130,4242.0,85,0.0,0.0,
7.9.2026,23:26:50.153,100.0,15.6,23.130,4242.0,85,0.0,0.0,
7.9.2026,23:26:50.359,100.0,15.6,23.130,4242.0,85,0.0,0.0,
7.9.2026,23:26:50.564,100.0,15.6,23.130,4242.0,85,0.0,0.0,
7.9.2026,23:26:50.771,100.0,15.6,23.130,4242.0,85,0.0,0.0,
7.9.2026,23:26:50.977,100.0,15.6,23.130,4242.0,85,0.0,0.0,
7.9.2026,23:26:51.167,100.0,15.6,23.130,4242.0,85,0.0,0.0,
7.9.2026,23:26:51.375,100.0,15.6,23.130,4242.0,85,0.0,0.0,
7.9.2026,23:26:51.581,100.0,15.6,23.130,4242.0,85,0.0,0.0,
7.9.2026,23:26:51.788,100.0,15.6,23.130,4242.0,85,0.0,0.0,
7.9.2026,23:26:51.994,100.0,15.6,23.130,4242.0,85,0.0,0.0,
7.9.2026,23:26:52.201,100.0,15.6,23.130,4242.0,85,0.0,0.0,
7.9.2026,23:26:52.408,100.0,15.6,23.130,4242.0,85,0.0,0.0,
7.9.2026,23:26:52.615,100.0,15.6,23.130,4242.0,85,0.0,0.0,
7.9.2026,23:26:52.822,100.0,15.6,23.130,4242.0,85,0.0,0.0,
7.9.2026,23:26:53.029,100.0,15.6,23.130,4242.0,85,0.0,0.0,
7.9.2026,23:26:53.236,100.0,15.6,23.130,4242.0,85,0.0,0.0,
7.9.2026,23:26:53.442,100.0,15.6,23.130,4242.0,85,0.0,0.0,
7.9.2026,23:26:53.649,100.0,15.6,23.130,4242.0,85,0.0,0.0,
7.9.2026,23:26:53.840,100.0,15.4,23.130,4277.0,83,0.0,0.0,
7.9.2026,23:26:54.061,100.0,15.4,23.212,4277.0,83,0.0,0.0,
7.9.2026,23:26:54.269,100.0,15.4,23.212,4277.0,83,0.0,0.0,
7.9.2026,23:26:54.460,100.0,15.4,23.212,4277.0,83,0.0,0.0,
7.9.2026,23:26:54.668,100.0,15.4,23.212,4277.0,83,0.0,0.0,
7.9.2026,23:26:54.875,100.0,15.4,23.212,4277.0,83,0.0,0.0,
7.9.2026,23:26:55.079,100.0,15.4,23.212,4277.0,83,0.0,0.0,
7.9.2026,23:26:55.286,100.0,15.4,23.212,4277.0,83,0.0,0.0,
7.9.2026,23:26:55.491,100.0,15.4,23.212,4277.0,83,0.0,0.0,
7.9.2026,23:26:55.683,100.0,15.4,23.212,4277.0,83,0.0,0.0,
7.9.2026,23:26:55.890,100.0,15.4,23.212,4277.0,83,0.0,0.0,
7.9.2026,23:26:56.096,100.0,15.4,23.212,4277.0,83,0.0,0.0,
7.9.2026,23:26:56.303,100.0,15.4,23.212,4277.0,83,0.0,0.0,
7.9.2026,23:26:56.510,100.0,15.4,23.212,4277.0,83,0.0,0.0,
7.9.2026,23:26:56.717,100.0,15.4,23.212,4277.0,83,0.0,0.0,
7.9.2026,23:26:56.924,100.0,15.4,23.212,4277.0,83,0.0,0.0,
7.9.2026,23:26:57.131,100.0,15.4,23.212,4277.0,83,0.0,0.0,
7.9.2026,23:26:57.339,100.0,15.4,23.212,4277.0,83,0.0,0.0,
7.9.2026,23:26:57.545,100.0,15.4,23.212,4277.0,83,0.0,0.0,
7.9.2026,23:26:57.753,100.0,15.4,23.212,4277.0,83,0.0,0.0,
7.9.2026,23:26:57.960,100.0,15.4,23.212,4277.0,83,0.0,0.0,
7.9.2026,23:26:58.166,100.0,73.8,20.425,1161.9,67,0.0,0.0,
7.9.2026,23:26:58.374,8.2,8.3,8.877,114.9,54,0.0,0.0,
7.9.2026,23:26:58.591,0.4,2.7,8.178,79.1,53,0.0,0.0,
7.9.2026,23:26:58.803,5.0,5.9,8.233,101.0,58,0.0,0.0,
7.9.2026,23:26:58.994,0.0,3.2,7.983,138.8,55,0.0,0.0,
7.9.2026,23:26:59.203,9.5,8.3,9.624,164.6,53,0.0,0.0,
7.9.2026,23:26:59.409,0.6,4.3,8.873,113.2,52,0.0,0.0,
7.9.2026,23:26:59.627,0.9,2.8,9.151,93.3,52,0.0,0.0,
7.9.2026,23:26:59.833,5.4,7.2,9.244,116.1,54,0.0,0.0,
7.9.2026,23:27:0.028,0.9,4.5,8.597,84.4,58,0.0,0.0,
7.9.2026,23:27:0.237,8.8,7.2,9.669,195.2,52,0.0,0.0,
7.9.2026,23:27:0.449,0.0,4.2,9.001,70.6,52,0.0,0.0,
7.9.2026,23:27:0.663,5.9,9.8,9.342,78.8,53,0.0,0.0,
7.9.2026,23:27:0.876,4.4,1.6,7.970,358.1,52,0.0,0.0,
7.9.2026,23:27:1.081,4.6,4.5,7.835,69.1,52,0.0,0.0,
7.9.2026,23:27:1.295,3.0,2.8,8.432,164.5,53,0.0,0.0,
7.9.2026,23:27:1.500,7.1,6.7,8.042,115.0,55,0.0,0.0,
7.9.2026,23:27:1.714,3.7,2.8,8.166,169.3,51,0.0,0.0,
7.9.2026,23:27:1.922,4.8,7.9,7.424,97.2,53,0.0,0.0,
7.9.2026,23:27:2.133,0.2,1.6,7.643,77.7,53,0.0,0.0,
7.9.2026,23:27:2.323,2.4,7.1,8.087,198.4,53,0.0,0.0,
7.9.2026,23:27:2.529,12.3,8.4,9.269,263.9,48,0.0,0.0,
7.9.2026,23:27:2.738,3.7,3.0,8.735,207.6,49,0.0,0.0,
7.9.2026,23:27:2.952,1.3,3.9,8.320,95.7,48,0.0,0.0,
7.9.2026,23:27:3.166,6.8,8.6,8.275,142.3,52,0.0,0.0,
7.9.2026,23:27:3.356,6.1,4.8,8.012,162.7,50,0.0,0.0,
7.9.2026,23:27:3.566,4.4,8.6,9.320,212.5,52,0.0,0.0,
7.9.2026,23:27:3.775,3.6,4.1,8.391,218.5,48,0.0,0.0,
7.9.2026,23:27:3.983,7.1,5.2,8.325,135.4,47,0.0,0.0,
7.9.2026,23:27:4.196,11.8,5.4,8.729,581.8,50,0.0,0.0,
7.9.2026,23:27:4.401,0.4,2.7,8.837,139.0,51,0.0,0.0,
7.9.2026,23:27:4.614,9.4,8.6,8.011,142.8,50,0.0,0.0,
7.9.2026,23:27:4.819,0.7,2.2,8.254,140.6,50,0.0,0.0,
7.9.2026,23:27:5.011,1.9,3.6,7.786,127.8,50,0.0,0.0,
7.9.2026,23:27:5.220,7.7,10.7,7.979,64.7,50,0.0,0.0,
7.9.2026,23:27:5.433,1.5,1.5,8.208,112.2,48,0.0,0.0,
7.9.2026,23:27:5.630,5.5,5.1,7.889,78.9,49,0.0,0.0,
7.9.2026,23:27:5.836,0.0,2.2,8.463,169.6,48,0.0,0.0,
7.9.2026,23:27:6.034,8.1,10.6,8.052,92.3,48,0.0,0.0,
7.9.2026,23:27:6.243,4.0,2.0,8.183,403.7,47,0.0,0.0,
7.9.2026,23:27:6.443,13.7,3.7,7.999,375.4,47,0.0,0.0,
7.9.2026,23:27:6.640,0.0,6.3,7.959,161.9,49,0.0,0.0,
7.9.2026,23:27:6.854,5.3,5.4,8.052,88.6,47,0.0,0.0,
7.9.2026,23:27:7.044,21.8,6.6,7.643,539.7,47,0.0,0.0,
7.9.2026,23:27:7.251,1.6,3.8,8.172,128.0,47,0.0,0.0,
7.9.2026,23:27:7.461,0.0,3.9,7.857,74.7,47,0.0,0.0,
7.9.2026,23:27:7.654,6.4,6.3,7.721,64.1,47,0.0,0.0,
7.9.2026,23:27:7.861,2.7,4.5,8.184,167.0,46,0.0,0.0,
7.9.2026,23:27:8.072,1.3,3.4,7.773,138.0,46,0.0,0.0,
7.9.2026,23:27:8.269,4.2,4.3,7.773,197.5,46,0.0,0.0,
7.9.2026,23:27:8.484,4.4,6.8,7.924,127.2,46,0.0,0.0,
7.9.2026,23:27:8.699,4.6,4.6,7.853,117.2,46,0.0,0.0,
7.9.2026,23:27:8.888,8.2,7.6,7.853,123.7,46,0.0,0.0,
7.9.2026,23:27:9.102,0.9,2.7,7.769,97.7,46,0.0,0.0,
7.9.2026,23:27:9.300,7.6,4.8,7.769,187.0,46,0.0,0.0,
7.9.2026,23:27:9.510,0.0,5.9,8.006,113.2,46,0.0,0.0,
7.9.2026,23:27:9.718,6.9,8.3,7.977,111.9,46,0.0,0.0,
7.9.2026,23:27:9.925,3.0,4.1,7.719,189.7,48,0.0,0.0,
7.9.2026,23:27:10.134,1.4,5.6,10.164,105.9,47,0.0,0.0,
7.9.2026,23:27:10.323,2.2,5.7,9.888,143.7,48,0.0,0.0,
7.9.2026,23:27:10.530,9.6,9.0,10.240,148.0,47,0.0,0.0,
7.9.2026,23:27:10.744,6.9,4.5,10.272,345.6,46,0.0,0.0,
7.9.2026,23:27:10.934,0.0,4.3,9.448,153.5,45,0.0,0.0,
7.9.2026,23:27:11.145,8.5,5.6,9.943,143.5,45,0.0,0.0,
7.9.2026,23:27:11.360,1.6,6.0,7.986,184.3,45,0.0,0.0,
7.9.2026,23:27:11.567,6.0,7.0,8.063,105.1,48,0.0,0.0,
7.9.2026,23:27:11.764,1.1,1.1,8.113,115.7,47,0.0,0.0,
7.9.2026,23:27:11.974,7.5,8.3,8.209,162.9,46,0.0,0.0,
7.9.2026,23:27:12.180,1.2,3.7,7.985,124.1,47,0.0,0.0,
7.9.2026,23:27:12.376,0.8,2.5,8.396,76.7,45,0.0,0.0,
7.9.2026,23:27:12.590,4.5,5.2,8.029,71.8,46,0.0,0.0,
7.9.2026,23:27:12.778,2.7,5.0,8.058,137.2,47,0.0,0.0,
7.9.2026,23:27:12.988,14.0,11.2,8.441,336.5,45,0.0,0.0,
7.9.2026,23:27:13.196,0.0,0.9,7.760,103.5,46,0.0,0.0,
7.9.2026,23:27:13.389,9.2,11.3,9.281,134.7,46,0.0,0.0,
7.9.2026,23:27:13.601,0.5,2.1,8.712,95.1,45,0.0,0.0,
7.9.2026,23:27:13.792,0.0,3.6,9.052,168.1,45,0.0,0.0,
7.9.2026,23:27:14.009,11.3,10.8,9.278,249.6,47,0.0,0.0,
7.9.2026,23:27:14.206,3.1,2.2,8.035,146.7,44,0.0,0.0,
7.9.2026,23:27:14.419,14.4,6.4,8.087,703.2,44,0.0,0.0,
7.9.2026,23:27:14.628,5.7,4.9,7.757,82.1,46,0.0,0.0,
7.9.2026,23:27:14.824,0.3,2.3,7.833,115.8,46,0.0,0.0,
7.9.2026,23:27:15.035,7.3,8.1,8.313,157.8,45,0.0,0.0,
7.9.2026,23:27:15.244,0.9,4.1,8.369,117.6,47,0.0,0.0,
7.9.2026,23:27:15.453,7.0,5.7,8.069,78.8,47,0.0,0.0,
7.9.2026,23:27:15.659,1.1,3.5,7.910,92.6,44,0.0,0.0,
7.9.2026,23:27:15.856,0.5,7.9,7.712,83.6,44,0.0,0.0,
7.9.2026,23:27:16.069,6.4,6.1,7.983,123.2,45,0.0,0.0,
7.9.2026,23:27:16.283,0.0,1.4,7.660,77.1,45,0.0,0.0,
7.9.2026,23:27:16.489,7.0,6.2,8.073,138.9,45,0.0,0.0,
7.9.2026,23:27:16.698,3.2,4.7,7.864,194.2,44,0.0,0.0,
7.9.2026,23:27:16.915,8.0,8.6,7.748,142.7,45,0.0,0.0,
7.9.2026,23:27:17.112,0.0,1.5,8.141,143.9,48,0.0,0.0,
7.9.2026,23:27:17.316,6.0,4.8,7.575,111.0,46,0.0,0.0,
7.9.2026,23:27:17.530,4.7,6.0,7.458,188.4,43,0.0,0.0,
7.9.2026,23:27:17.736,7.5,5.4,7.777,168.6,44,0.0,0.0,
7.9.2026,23:27:17.948,2.6,2.8,8.128,125.4,43,0.0,0.0,
7.9.2026,23:27:18.138,7.6,8.0,7.987,151.4,46,0.0,0.0,
7.9.2026,23:27:18.348,2.1,2.3,7.981,122.3,44,0.0,0.0,
7.9.2026,23:27:18.545,0.4,3.8,8.067,196.3,44,0.0,0.0,
7.9.2026,23:27:18.756,6.7,9.4,7.964,73.8,44,0.0,0.0,
7.9.2026,23:27:18.947,2.1,1.4,7.927,154.6,43,0.0,0.0,
7.9.2026,23:27:19.160,13.1,9.7,8.256,386.2,43,0.0,0.0,
7.9.2026,23:27:19.369,0.0,0.5,7.842,89.1,43,0.0,0.0,
7.9.2026,23:27:19.583,5.3,5.9,7.580,136.2,43,0.0,0.0,
7.9.2026,23:27:19.784,5.9,6.8,7.877,100.8,43,0.0,0.0,
7.9.2026,23:27:19.980,2.2,2.9,7.877,189.7,42,0.0,0.0,
7.9.2026,23:27:20.188,6.8,8.8,8.104,89.8,44,0.0,0.0,
7.9.2026,23:27:20.404,1.5,0.5,8.026,114.6,43,0.0,0.0,
7.9.2026,23:27:20.613,5.5,8.1,8.785,138.3,43,0.0,0.0,
7.9.2026,23:27:20.821,0.0,3.2,7.816,82.7,44,0.0,0.0,
7.9.2026,23:27:21.018,9.6,6.7,7.816,164.0,44,0.0,0.0,
7.9.2026,23:27:21.230,0.0,5.0,8.356,118.1,43,0.0,0.0,
7.9.2026,23:27:21.436,7.2,5.4,8.290,101.5,43,0.0,0.0,
7.9.2026,23:27:21.653,1.7,4.1,8.460,243.0,43,0.0,0.0,
7.9.2026,23:27:21.863,6.9,7.8,7.988,99.9,45,0.0,0.0,
7.9.2026,23:27:22.070,8.0,5.0,8.070,527.1,46,0.0,0.0,
7.9.2026,23:27:22.274,3.7,3.2,8.070,140.1,51,0.0,0.0,
7.9.2026,23:27:22.478,9.3,12.8,8.372,234.5,45,0.0,0.0,
7.9.2026,23:27:22.667,0.6,3.4,9.515,151.7,43,0.0,0.0,
7.9.2026,23:27:22.877,13.0,7.9,8.528,115.2,43,0.0,0.0,
7.9.2026,23:27:23.092,0.0,5.9,8.240,134.6,43,0.0,0.0,
7.9.2026,23:27:23.310,8.2,9.6,8.728,204.7,45,0.0,0.0,
7.9.2026,23:27:23.515,7.5,9.2,9.129,183.5,61,0.0,0.0,
7.9.2026,23:27:23.727,3.8,4.5,8.526,197.1,45,0.0,0.0,
7.9.2026,23:27:23.923,6.9,5.4,8.224,172.9,48,0.0,0.0,
7.9.2026,23:27:24.131,11.2,2.3,8.690,604.8,42,0.0,0.0,
7.9.2026,23:27:24.322,1.5,4.5,7.882,142.8,44,0.0,0.0,
7.9.2026,23:27:24.531,9.4,6.2,7.906,130.7,42,0.0,0.0,
7.9.2026,23:27:24.737,3.4,3.6,7.918,155.0,42,0.0,0.0,
7.9.2026,23:27:24.936,0.5,5.5,7.918,129.3,43,0.0,0.0,
7.9.2026,23:27:25.154,5.2,8.2,8.210,132.2,42,0.0,0.0,
7.9.2026,23:27:25.363,3.4,4.5,8.558,96.0,42,0.0,0.0,
7.9.2026,23:27:25.559,3.2,3.5,8.558,150.6,43,0.0,0.0,
7.9.2026,23:27:25.770,5.7,6.1,7.993,83.6,43,0.0,0.0,
7.9.2026,23:27:25.978,6.1,3.6,7.666,311.3,43,0.0,0.0,
7.9.2026,23:27:26.191,6.5,7.9,8.014,77.8,42,0.0,0.0,
7.9.2026,23:27:26.386,0.0,3.7,8.014,81.5,43,0.0,0.0,
7.9.2026,23:27:26.597,12.0,5.1,8.005,399.2,42,0.0,0.0,
7.9.2026,23:27:26.802,0.6,7.4,7.884,72.9,43,0.0,0.0,
7.9.2026,23:27:26.994,0.0,3.5,7.897,74.7,43,0.0,0.0,
7.9.2026,23:27:27.205,8.8,6.5,7.749,169.2,42,0.0,0.0,
7.9.2026,23:27:27.415,0.0,4.2,7.716,79.4,44,0.0,0.0,
7.9.2026,23:27:27.608,8.3,8.6,8.006,125.2,42,0.0,0.0,
7.9.2026,23:27:27.822,0.0,1.8,7.932,70.6,42,0.0,0.0,
7.9.2026,23:27:28.014,8.0,6.8,8.099,95.4,42,0.0,0.0,
7.9.2026,23:27:28.224,10.4,4.0,7.923,610.5,43,0.0,0.0,
7.9.2026,23:27:28.438,0.7,3.6,8.110,74.9,42,0.0,0.0,
7.9.2026,23:27:28.649,4.5,4.6,7.906,141.2,42,0.0,0.0,
7.9.2026,23:27:28.843,7.4,8.5,8.032,83.7,43,0.0,0.0,
7.9.2026,23:27:29.051,0.6,1.4,7.920,115.1,42,0.0,0.0,
7.9.2026,23:27:29.262,2.3,5.8,7.764,139.1,42,0.0,0.0,
7.9.2026,23:27:29.475,7.8,7.8,7.803,97.5,43,0.0,0.0,
7.9.2026,23:27:29.689,0.0,5.0,7.837,134.4,42,0.0,0.0,
7.9.2026,23:27:29.895,7.6,5.0,8.054,167.6,42,0.0,0.0,
7.9.2026,23:27:30.106,0.6,4.3,8.504,84.7,43,0.0,0.0,
7.9.2026,23:27:30.311,8.1,8.6,8.823,116.3,42,0.0,0.0,
7.9.2026,23:27:30.523,1.3,3.4,8.126,101.6,42,0.0,0.0,
7.9.2026,23:27:30.727,1.1,3.3,8.635,157.9,42,0.0,0.0,
7.9.2026,23:27:30.921,10.6,10.6,9.045,185.5,42,0.0,0.0,
7.9.2026,23:27:31.142,0.8,3.3,9.057,213.2,42,0.0,0.0,
7.9.2026,23:27:31.354,6.7,5.9,8.648,206.5,42,0.0,0.0,
7.9.2026,23:27:31.543,6.2,6.6,8.634,111.0,43,0.0,0.0,
7.9.2026,23:27:31.756,3.8,5.8,9.109,201.8,42,0.0,0.0,
7.9.2026,23:27:31.949,0.0,1.5,9.109,128.2,42,0.0,0.0,
7.9.2026,23:27:32.156,8.5,10.8,8.861,128.8,42,0.0,0.0,
7.9.2026,23:27:32.363,2.4,1.7,8.273,146.3,41,0.0,0.0,
7.9.2026,23:27:32.573,3.9,7.3,7.984,201.1,49,0.0,0.0,
7.9.2026,23:27:32.761,16.2,12.1,9.489,437.2,42,0.0,0.0,
7.9.2026,23:27:32.972,10.2,4.2,9.851,518.2,42,0.0,0.0,
7.9.2026,23:27:33.178,1.0,2.6,9.645,86.7,43,0.0,0.0,
7.9.2026,23:27:33.388,2.2,3.9,8.278,138.6,42,0.0,0.0,
7.9.2026,23:27:33.595,7.7,7.3,8.273,97.7,42,0.0,0.0,
7.9.2026,23:27:33.805,1.7,5.2,9.168,134.8,43,0.0,0.0,
7.9.2026,23:27:34.007,8.5,9.1,9.168,212.3,47,0.0,0.0,
7.9.2026,23:27:34.220,1.0,1.7,9.980,191.4,42,0.0,0.0,
7.9.2026,23:27:34.425,6.5,8.1,9.119,144.3,42,0.0,0.0,
7.9.2026,23:27:34.631,0.7,5.3,8.568,68.6,42,0.0,0.0,
7.9.2026,23:27:34.825,2.9,3.2,8.193,139.6,46,0.0,0.0,
7.9.2026,23:27:35.037,7.2,5.8,8.692,77.0,44,0.0,0.0,
7.9.2026,23:27:35.248,0.0,3.4,7.683,132.1,41,0.0,0.0,
7.9.2026,23:27:35.458,6.8,7.7,10.461,97.3,42,0.0,0.0,
7.9.2026,23:27:35.668,0.0,7.0,9.149,79.8,41,0.0,0.0,
7.9.2026,23:27:35.878,6.6,7.4,10.385,106.9,42,0.0,0.0,
7.9.2026,23:27:36.095,0.0,0.9,9.247,70.1,42,0.0,0.0,
7.9.2026,23:27:36.308,5.3,7.1,7.448,115.3,41,0.0,0.0,
7.9.2026,23:27:36.516,5.0,6.1,7.954,89.2,42,0.0,0.0,
7.9.2026,23:27:36.726,0.0,3.4,8.918,87.6,42,0.0,0.0,
7.9.2026,23:27:36.929,1.3,8.3,8.493,120.9,42,0.0,0.0,
7.9.2026,23:27:37.125,2.2,2.9,8.103,96.1,42,0.0,0.0,
7.9.2026,23:27:37.335,7.0,8.4,8.574,162.8,42,0.0,0.0,
7.9.2026,23:27:37.545,0.8,4.5,10.812,110.0,43,0.0,0.0,
7.9.2026,23:27:37.755,8.1,7.1,10.388,88.5,43,0.0,0.0,
7.9.2026,23:27:37.965,0.0,7.9,10.776,69.4,42,0.0,0.0,
7.9.2026,23:27:38.153,8.1,11.2,10.963,113.5,42,0.0,0.0,
7.9.2026,23:27:38.368,1.4,5.2,10.714,135.9,42,0.0,0.0,
7.9.2026,23:27:38.557,5.4,9.2,10.433,97.4,43,0.0,0.0,
7.9.2026,23:27:38.770,0.9,2.8,7.656,86.6,43,0.0,0.0,
7.9.2026,23:27:38.984,0.0,1.3,7.815,125.5,42,0.0,0.0,
7.9.2026,23:27:39.191,6.9,7.9,7.657,116.3,42,0.0,0.0,
7.9.2026,23:27:39.398,1.6,2.2,7.955,128.0,42,0.0,0.0,
7.9.2026,23:27:39.592,6.7,7.4,7.531,65.8,42,0.0,0.0,
7.9.2026,23:27:39.805,0.5,3.4,8.160,122.1,43,0.0,0.0,
7.9.2026,23:27:39.996,8.4,6.5,8.107,180.7,42,0.0,0.0,
7.9.2026,23:27:40.202,1.5,3.4,7.545,107.8,42,0.0,0.0,
7.9.2026,23:27:40.414,2.3,4.2,8.174,204.9,42,0.0,0.0,
7.9.2026,23:27:40.604,1.4,3.9,7.742,102.7,42,0.0,0.0,
7.9.2026,23:27:40.816,8.6,9.1,8.010,172.5,42,0.0,0.0,
7.9.2026,23:27:41.022,0.0,1.8,7.768,67.8,42,0.0,0.0,
7.9.2026,23:27:41.220,5.3,5.4,7.695,78.5,43,0.0,0.0,
7.9.2026,23:27:41.427,2.6,5.3,7.848,163.8,41,0.0,0.0,
7.9.2026,23:27:41.637,0.0,2.3,7.884,55.0,42,0.0,0.0,
7.9.2026,23:27:41.842,9.0,7.5,7.735,141.9,42,0.0,0.0,
7.9.2026,23:27:42.054,1.4,3.1,8.002,168.8,42,0.0,0.0,
7.9.2026,23:27:42.247,7.7,6.5,8.002,106.8,42,0.0,0.0,
7.9.2026,23:27:42.455,1.0,5.0,7.766,108.1,41,0.0,0.0,
7.9.2026,23:27:42.667,6.6,3.5,8.343,389.6,41,0.0,0.0,
7.9.2026,23:27:42.876,8.3,6.5,8.145,155.6,41,0.0,0.0,
7.9.2026,23:27:43.072,0.0,2.9,8.309,143.2,42,0.0,0.0,
7.9.2026,23:27:43.289,7.7,12.3,9.455,152.2,51,0.0,0.0,
7.9.2026,23:27:43.481,5.3,3.6,9.455,65.8,42,0.0,0.0,
7.9.2026,23:27:43.696,0.0,4.9,8.890,111.4,42,0.0,0.0,
7.9.2026,23:27:43.887,9.2,9.8,8.890,154.1,42,0.0,0.0,
7.9.2026,23:27:44.098,0.4,3.6,7.825,137.9,42,0.0,0.0,
7.9.2026,23:27:44.307,1.0,4.3,8.580,115.1,42,0.0,0.0,
7.9.2026,23:27:44.504,8.1,8.6,8.335,231.2,41,0.0,0.0,
7.9.2026,23:27:44.714,18.6,4.2,9.752,799.4,41,0.0,0.0,
7.9.2026,23:27:44.926,7.0,8.5,8.854,126.9,41,0.0,0.0,
7.9.2026,23:27:45.120,0.0,4.6,8.830,122.1,43,0.0,0.0,
7.9.2026,23:27:45.333,8.7,9.4,8.565,265.8,41,0.0,0.0,
7.9.2026,23:27:45.544,5.5,3.0,8.892,207.9,41,0.0,0.0,
7.9.2026,23:27:45.756,6.9,7.3,8.464,228.0,42,0.0,0.0,
7.9.2026,23:27:45.952,7.2,7.2,8.567,149.8,41,0.0,0.0,
7.9.2026,23:27:46.164,0.0,3.3,8.595,125.4,42,0.0,0.0,
7.9.2026,23:27:46.356,9.5,8.0,8.450,199.5,42,0.0,0.0,
7.9.2026,23:27:46.572,0.0,4.7,8.430,84.1,42,0.0,0.0,
7.9.2026,23:27:46.778,1.6,4.3,8.659,94.3,41,0.0,0.0,
7.9.2026,23:27:46.991,10.0,7.4,7.470,333.8,42,0.0,0.0,
7.9.2026,23:27:47.187,4.8,5.8,8.456,113.9,42,0.0,0.0,
7.9.2026,23:27:47.401,13.7,6.3,7.735,340.0,42,0.0,0.0,
7.9.2026,23:27:47.593,4.9,7.1,7.876,63.1,42,0.0,0.0,
7.9.2026,23:27:47.812,0.0,1.4,7.087,79.3,42,0.0,0.0,
7.9.2026,23:27:48.026,4.9,8.0,7.625,91.8,41,0.0,0.0,
7.9.2026,23:27:48.216,6.7,7.9,7.926,136.9,41,0.0,0.0,
7.9.2026,23:27:48.425,1.9,2.7,7.455,161.1,41,0.0,0.0,
7.9.2026,23:27:48.643,6.1,6.1,7.983,77.7,41,0.0,0.0,
7.9.2026,23:27:48.850,11.5,3.4,8.099,714.1,42,0.0,0.0,
7.9.2026,23:27:49.045,8.8,9.8,7.323,166.6,42,0.0,0.0,
7.9.2026,23:27:49.258,1.0,3.6,8.014,114.1,41,0.0,0.0,
7.9.2026,23:27:49.448,14.6,3.5,7.834,475.1,41,0.0,0.0,
7.9.2026,23:27:49.655,2.8,6.7,7.865,152.1,42,0.0,0.0,
7.9.2026,23:27:49.867,0.0,1.9,8.024,68.4,42,0.0,0.0,
7.9.2026,23:27:50.062,0.0,1.9,7.692,68.4,42,0.0,0.0,
7.9.2026,23:27:50.275,0.0,3.6,7.730,120.1,43,0.0,0.0,
7.9.2026,23:27:50.464,0.0,3.6,7.914,120.1,43,0.0,0.0,
7.9.2026,23:27:50.677,9.6,10.2,8.242,198.7,42,0.0,0.0,
7.9.2026,23:27:50.882,0.0,0.6,7.956,121.1,42,0.0,0.0,
7.9.2026,23:27:51.089,5.3,7.0,7.527,187.6,41,0.0,0.0,
7.9.2026,23:27:51.297,7.8,8.4,7.822,111.3,42,0.0,0.0,
7.9.2026,23:27:51.508,0.0,1.7,7.936,130.1,41,0.0,0.0,
7.9.2026,23:27:51.705,0.0,1.7,8.139,130.1,41,0.0,0.0,
7.9.2026,23:27:51.917,14.5,6.3,7.758,518.8,42,0.0,0.0,
7.9.2026,23:27:52.127,5.3,5.6,7.942,322.9,42,0.0,0.0,
7.9.2026,23:27:52.339,12.7,5.4,7.728,374.8,41,0.0,0.0,
7.9.2026,23:27:52.551,1.0,3.9,7.853,143.3,41,0.0,0.0,
7.9.2026,23:27:52.758,2.9,4.6,7.703,207.5,42,0.0,0.0,
7.9.2026,23:27:52.960,5.6,5.8,9.095,134.5,42,0.0,0.0,
7.9.2026,23:27:53.165,8.4,6.4,7.597,105.5,41,0.0,0.0,
7.9.2026,23:27:53.357,8.4,6.4,7.901,105.5,41,0.0,0.0,
7.9.2026,23:27:53.567,2.7,5.1,7.947,141.9,41,0.0,0.0,
7.9.2026,23:27:53.777,1.1,3.9,8.172,173.9,42,0.0,0.0,
7.9.2026,23:27:53.985,10.5,6.8,9.510,203.9,42,0.0,0.0,
7.9.2026,23:27:54.195,1.9,7.0,8.106,161.7,41,0.0,0.0,
7.9.2026,23:27:54.408,6.1,9.3,7.786,106.0,42,0.0,0.0,
7.9.2026,23:27:54.614,5.3,3.6,7.714,265.0,42,0.0,0.0,
7.9.2026,23:27:54.828,6.9,7.5,8.285,97.6,43,0.0,0.0,
7.9.2026,23:27:55.047,5.1,8.1,8.185,160.3,41,0.0,0.0,
7.9.2026,23:27:55.265,6.4,2.0,8.167,475.3,41,0.0,0.0,
7.9.2026,23:27:55.471,4.9,3.5,7.547,70.9,41,0.0,0.0,
7.9.2026,23:27:55.677,1.8,4.5,7.612,134.6,42,0.0,0.0,
7.9.2026,23:27:55.890,2.0,4.9,7.741,88.1,42,0.0,0.0,
7.9.2026,23:27:56.096,6.8,4.9,7.977,119.0,41,0.0,0.0,
7.9.2026,23:27:56.304,1.7,4.2,7.368,136.0,41,0.0,0.0,
7.9.2026,23:27:56.496,8.1,10.0,8.142,115.0,41,0.0,0.0,
7.9.2026,23:27:56.710,0.0,0.2,8.071,121.8,42,0.0,0.0,
7.9.2026,23:27:56.908,16.3,9.4,7.825,605.0,41,0.0,0.0,
7.9.2026,23:27:57.117,1.5,1.8,8.018,148.0,41,0.0,0.0,
7.9.2026,23:27:57.312,7.1,5.5,7.924,90.4,41,0.0,0.0,
7.9.2026,23:27:57.527,6.4,5.9,7.438,145.4,41,0.0,0.0,
7.9.2026,23:27:57.733,2.0,2.9,8.029,106.8,41,0.0,0.0,
7.9.2026,23:27:57.943,0.5,3.9,7.480,109.2,42,0.0,0.0,
7.9.2026,23:27:58.149,0.5,3.9,7.597,109.2,42,0.0,0.0,
7.9.2026,23:27:58.342,0.5,3.9,7.597,109.2,42,0.0,0.0,
7.9.2026,23:27:58.546,0.5,3.9,21.798,109.2,42,0.0,0.0,
7.9.2026,23:27:58.752,0.5,3.9,21.798,109.2,42,0.0,0.0,
7.9.2026,23:27:58.960,0.5,3.9,21.798,109.2,42,0.0,0.0,
7.9.2026,23:27:59.165,0.5,3.9,21.798,109.2,42,0.0,0.0,
7.9.2026,23:27:59.357,0.5,3.9,21.798,109.2,42,0.0,0.0,
7.9.2026,23:27:59.561,0.5,3.9,21.798,109.2,42,0.0,0.0,
7.9.2026,23:27:59.767,0.5,3.9,21.798,109.2,42,0.0,0.0,
7.9.2026,23:27:59.973,0.5,3.9,21.798,109.2,42,0.0,0.0,
7.9.2026,23:28:0.180,0.5,3.9,21.798,109.2,42,0.0,0.0,
7.9.2026,23:28:0.371,0.5,3.9,21.798,109.2,42,0.0,0.0,
7.9.2026,23:28:0.577,0.5,3.9,21.798,109.2,42,0.0,0.0,
7.9.2026,23:28:0.784,0.5,3.9,21.798,109.2,42,0.0,0.0,
7.9.2026,23:28:0.991,0.5,3.9,21.798,109.2,42,0.0,0.0,
7.9.2026,23:28:1.182,0.5,3.9,21.798,109.2,42,0.0,0.0,
7.9.2026,23:28:1.388,0.5,3.9,21.798,109.2,42,0.0,0.0,
7.9.2026,23:28:1.595,0.5,3.9,21.798,109.2,42,0.0,0.0,
7.9.2026,23:28:1.800,0.5,3.9,21.798,109.2,42,0.0,0.0,
7.9.2026,23:28:2.008,0.5,3.9,21.798,109.2,42,0.0,0.0,
7.9.2026,23:28:2.213,0.5,3.9,21.798,109.2,42,0.0,0.0,
7.9.2026,23:28:2.420,0.5,3.9,21.798,109.2,42,0.0,0.0,
7.9.2026,23:28:2.625,0.5,3.9,21.798,109.2,42,0.0,0.0,
7.9.2026,23:28:2.830,0.5,3.9,21.798,109.2,42,0.0,0.0,
7.9.2026,23:28:3.036,0.5,3.9,21.798,109.2,42,0.0,0.0,
7.9.2026,23:28:3.243,0.5,3.9,21.798,109.2,42,0.0,0.0,
7.9.2026,23:28:3.432,0.5,3.9,21.798,109.2,42,0.0,0.0,
7.9.2026,23:28:3.638,82.0,12.8,21.798,3609.4,81,0.0,0.0,
7.9.2026,23:28:3.846,82.0,12.8,21.798,3609.4,81,0.0,0.0,
7.9.2026,23:28:4.051,82.0,12.8,21.798,3609.4,81,0.0,0.0,
7.9.2026,23:28:4.259,82.0,12.8,21.798,3609.4,81,0.0,0.0,
7.9.2026,23:28:4.448,82.0,12.8,21.798,3609.4,81,0.0,0.0,
7.9.2026,23:28:4.655,82.0,12.8,21.798,3609.4,81,0.0,0.0,
7.9.2026,23:28:4.860,82.0,12.8,21.798,3609.4,81,0.0,0.0,
7.9.2026,23:28:5.068,82.0,12.8,21.798,3609.4,81,0.0,0.0,
7.9.2026,23:28:5.271,82.0,12.8,21.798,3609.4,81,0.0,0.0,
7.9.2026,23:28:5.466,82.0,12.8,21.798,3609.4,81,0.0,0.0,
7.9.2026,23:28:5.668,82.0,12.8,21.798,3609.4,81,0.0,0.0,
7.9.2026,23:28:5.874,82.0,12.8,21.798,3609.4,81,0.0,0.0,
7.9.2026,23:28:6.080,82.0,12.8,21.798,3609.4,81,0.0,0.0,
7.9.2026,23:28:6.286,82.0,12.8,21.798,3609.4,81,0.0,0.0,
7.9.2026,23:28:6.492,82.0,12.8,21.798,3609.4,81,0.0,0.0,
7.9.2026,23:28:6.683,82.0,12.8,21.798,3609.4,81,0.0,0.0,
7.9.2026,23:28:6.888,82.0,12.8,21.798,3609.4,81,0.0,0.0,
7.9.2026,23:28:7.095,82.0,12.8,21.798,3609.4,81,0.0,0.0,
7.9.2026,23:28:7.304,82.0,12.8,21.798,3609.4,81,0.0,0.0,
7.9.2026,23:28:7.509,82.0,12.8,21.798,3609.4,81,0.0,0.0,
7.9.2026,23:28:7.714,82.0,12.8,21.798,3609.4,81,0.0,0.0,
7.9.2026,23:28:7.921,82.0,12.8,21.798,3609.4,81,0.0,0.0,
7.9.2026,23:28:8.126,82.0,12.8,21.798,3609.4,81,0.0,0.0,
7.9.2026,23:28:8.334,82.0,12.8,21.798,3609.4,81,0.0,0.0,
7.9.2026,23:28:8.536,100.0,27.7,21.798,4347.5,83,0.0,0.0,
7.9.2026,23:28:8.743,100.0,27.7,24.274,4347.5,83,0.0,0.0,
7.9.2026,23:28:8.933,100.0,27.7,24.274,4347.5,83,0.0,0.0,
7.9.2026,23:28:9.138,100.0,27.7,24.274,4347.5,83,0.0,0.0,
7.9.2026,23:28:9.344,100.0,27.7,24.274,4347.5,83,0.0,0.0,
7.9.2026,23:28:9.549,100.0,27.7,24.274,4347.5,83,0.0,0.0,
7.9.2026,23:28:9.754,100.0,27.7,24.274,4347.5,83,0.0,0.0,
7.9.2026,23:28:9.961,100.0,27.7,24.274,4347.5,83,0.0,0.0,
7.9.2026,23:28:10.153,100.0,27.7,24.274,4347.5,83,0.0,0.0,
7.9.2026,23:28:10.356,100.0,27.7,24.274,4347.5,83,0.0,0.0,
7.9.2026,23:28:10.562,100.0,27.7,24.274,4347.5,83,0.0,0.0,
7.9.2026,23:28:10.769,100.0,27.7,24.274,4347.5,83,0.0,0.0,
7.9.2026,23:28:10.975,100.0,27.7,24.274,4347.5,83,0.0,0.0,
7.9.2026,23:28:11.182,100.0,27.7,24.274,4347.5,83,0.0,0.0,
7.9.2026,23:28:11.372,100.0,27.7,24.274,4347.5,83,0.0,0.0,
7.9.2026,23:28:11.578,100.0,27.7,24.274,4347.5,83,0.0,0.0,
7.9.2026,23:28:11.784,100.0,27.7,24.274,4347.5,83,0.0,0.0,
7.9.2026,23:28:11.991,100.0,27.7,24.274,4347.5,83,0.0,0.0,
7.9.2026,23:28:12.196,100.0,27.7,24.274,4347.5,83,0.0,0.0,
7.9.2026,23:28:12.387,100.0,27.7,24.274,4347.5,83,0.0,0.0,
7.9.2026,23:28:12.595,100.0,27.7,24.274,4347.5,83,0.0,0.0,
7.9.2026,23:28:12.799,100.0,27.7,24.274,4347.5,83,0.0,0.0,
7.9.2026,23:28:13.007,100.0,27.7,24.274,4347.5,83,0.0,0.0,
7.9.2026,23:28:13.211,100.0,27.7,24.274,4347.5,83,0.0,0.0,
7.9.2026,23:28:13.403,100.0,15.8,23.917,4323.4,81,0.0,0.0,
7.9.2026,23:28:13.607,100.0,15.8,23.917,4323.4,81,0.0,0.0,
7.9.2026,23:28:13.815,100.0,15.8,23.917,4323.4,81,0.0,0.0,
7.9.2026,23:28:14.035,100.0,15.8,23.917,4323.4,81,0.0,0.0,
7.9.2026,23:28:14.225,100.0,15.8,23.917,4323.4,81,0.0,0.0,
7.9.2026,23:28:14.431,100.0,15.8,23.917,4323.4,81,0.0,0.0,
7.9.2026,23:28:14.620,100.0,15.8,23.917,4323.4,81,0.0,0.0,
7.9.2026,23:28:14.828,100.0,15.8,23.917,4323.4,81,0.0,0.0,
7.9.2026,23:28:15.036,100.0,15.8,23.917,4323.4,81,0.0,0.0,
7.9.2026,23:28:15.240,100.0,15.8,23.917,4323.4,81,0.0,0.0,
7.9.2026,23:28:15.448,100.0,15.8,23.917,4323.4,81,0.0,0.0,
7.9.2026,23:28:15.653,100.0,15.8,23.917,4323.4,81,0.0,0.0,
7.9.2026,23:28:15.861,100.0,15.8,23.917,4323.4,81,0.0,0.0,
7.9.2026,23:28:16.064,100.0,15.8,23.917,4323.4,81,0.0,0.0,
7.9.2026,23:28:16.269,100.0,15.8,23.917,4323.4,81,0.0,0.0,
7.9.2026,23:28:16.475,100.0,15.8,23.917,4323.4,81,0.0,0.0,
7.9.2026,23:28:16.681,100.0,15.8,23.917,4323.4,81,0.0,0.0,
7.9.2026,23:28:16.889,100.0,15.8,23.917,4323.4,81,0.0,0.0,
7.9.2026,23:28:17.091,100.0,15.8,23.917,4323.4,81,0.0,0.0,
7.9.2026,23:28:17.296,100.0,15.8,23.917,4323.4,81,0.0,0.0,
7.9.2026,23:28:17.504,100.0,15.8,23.917,4323.4,81,0.0,0.0,
7.9.2026,23:28:17.708,100.0,15.8,23.917,4323.4,81,0.0,0.0,
7.9.2026,23:28:17.915,100.0,15.8,23.917,4323.4,81,0.0,0.0,
7.9.2026,23:28:18.104,100.0,15.6,23.600,4277.0,85,0.0,0.0,
7.9.2026,23:28:18.311,100.0,15.6,23.600,4277.0,85,0.0,0.0,
7.9.2026,23:28:18.517,100.0,15.6,23.600,4277.0,85,0.0,0.0,
7.9.2026,23:28:18.723,100.0,15.6,23.600,4277.0,85,0.0,0.0,
7.9.2026,23:28:18.929,100.0,15.6,23.600,4277.0,85,0.0,0.0,
7.9.2026,23:28:19.128,100.0,15.6,23.600,4277.0,85,0.0,0.0,
7.9.2026,23:28:19.326,100.0,15.6,23.600,4277.0,85,0.0,0.0,
7.9.2026,23:28:19.533,100.0,15.6,23.600,4277.0,85,0.0,0.0,
7.9.2026,23:28:19.738,100.0,15.6,23.600,4277.0,85,0.0,0.0,
7.9.2026,23:28:19.944,100.0,15.6,23.600,4277.0,85,0.0,0.0,
7.9.2026,23:28:20.150,100.0,15.6,23.600,4277.0,85,0.0,0.0,
7.9.2026,23:28:20.356,100.0,15.6,23.600,4277.0,85,0.0,0.0,
7.9.2026,23:28:20.563,100.0,15.6,23.600,4277.0,85,0.0,0.0,
7.9.2026,23:28:20.769,100.0,15.6,23.600,4277.0,85,0.0,0.0,
7.9.2026,23:28:20.975,100.0,15.6,23.600,4277.0,85,0.0,0.0,
7.9.2026,23:28:21.181,100.0,15.6,23.600,4277.0,85,0.0,0.0,
7.9.2026,23:28:21.371,100.0,15.6,23.600,4277.0,85,0.0,0.0,
7.9.2026,23:28:21.578,100.0,15.6,23.600,4277.0,85,0.0,0.0,
7.9.2026,23:28:21.783,100.0,15.6,23.600,4277.0,85,0.0,0.0,
7.9.2026,23:28:21.990,100.0,15.6,23.600,4277.0,85,0.0,0.0,
7.9.2026,23:28:22.196,100.0,15.6,23.600,4277.0,85,0.0,0.0,
7.9.2026,23:28:22.386,100.0,15.6,23.600,4277.0,85,0.0,0.0,
7.9.2026,23:28:22.592,100.0,15.6,23.600,4277.0,85,0.0,0.0,
7.9.2026,23:28:22.799,100.0,15.6,23.600,4277.0,85,0.0,0.0,
7.9.2026,23:28:23.004,100.0,15.6,23.600,4277.0,85,0.0,0.0,
7.9.2026,23:28:23.211,100.0,15.6,23.600,4277.0,85,0.0,0.0,
7.9.2026,23:28:23.416,100.0,15.6,23.600,4277.0,85,0.0,0.0,
7.9.2026,23:28:23.624,100.0,15.6,23.600,4277.0,85,0.0,0.0,
7.9.2026,23:28:23.828,100.0,15.6,23.600,4277.0,85,0.0,0.0,
7.9.2026,23:28:24.036,100.0,15.6,23.600,4277.0,85,0.0,0.0,
7.9.2026,23:28:24.240,100.0,15.6,23.600,4277.0,85,0.0,0.0,
7.9.2026,23:28:24.448,100.0,15.6,23.600,4277.0,85,0.0,0.0,
7.9.2026,23:28:24.637,100.0,15.6,23.600,4277.0,85,0.0,0.0,
7.9.2026,23:28:24.843,100.0,15.6,23.600,4277.0,85,0.0,0.0,
7.9.2026,23:28:25.048,100.0,15.6,23.600,4277.0,85,0.0,0.0,
7.9.2026,23:28:25.256,100.0,15.6,23.600,4286.9,85,0.0,0.0,
7.9.2026,23:28:25.460,100.0,15.6,23.494,4286.9,85,0.0,0.0,
7.9.2026,23:28:25.667,100.0,15.6,23.494,4286.9,85,0.0,0.0,
7.9.2026,23:28:25.871,100.0,15.6,23.494,4286.9,85,0.0,0.0,
7.9.2026,23:28:26.078,100.0,15.6,23.494,4286.9,85,0.0,0.0,
7.9.2026,23:28:26.284,100.0,15.6,23.494,4286.9,85,0.0,0.0,
7.9.2026,23:28:26.490,100.0,15.6,23.494,4286.9,85,0.0,0.0,
7.9.2026,23:28:26.697,100.0,15.6,23.494,4286.9,85,0.0,0.0,
7.9.2026,23:28:26.903,100.0,15.6,23.494,4286.9,85,0.0,0.0,
7.9.2026,23:28:27.109,100.0,15.6,23.494,4286.9,85,0.0,0.0,
7.9.2026,23:28:27.318,100.0,15.6,23.494,4286.9,85,0.0,0.0,
7.9.2026,23:28:27.522,100.0,15.6,23.494,4286.9,85,0.0,0.0,
7.9.2026,23:28:27.728,100.0,15.6,23.494,4286.9,85,0.0,0.0,
7.9.2026,23:28:27.934,100.0,15.6,23.494,4286.9,85,0.0,0.0,
7.9.2026,23:28:28.140,100.0,15.6,23.494,4286.9,85,0.0,0.0,
7.9.2026,23:28:28.347,100.0,15.6,23.494,4286.9,85,0.0,0.0,
7.9.2026,23:28:28.551,100.0,15.6,23.494,4286.9,85,0.0,0.0,
7.9.2026,23:28:28.756,100.0,15.6,23.494,4286.9,85,0.0,0.0,
7.9.2026,23:28:28.962,100.0,15.6,23.494,4286.9,85,0.0,0.0,
7.9.2026,23:28:29.154,100.0,15.6,23.494,4286.9,85,0.0,0.0,
7.9.2026,23:28:29.359,100.0,15.6,23.494,4286.9,85,0.0,0.0,
7.9.2026,23:28:29.574,100.0,15.6,23.494,4286.9,85,0.0,0.0,
7.9.2026,23:28:29.770,100.0,15.6,23.494,4286.9,85,0.0,0.0,
7.9.2026,23:28:29.978,100.0,15.6,23.494,4286.9,85,0.0,0.0,
7.9.2026,23:28:30.167,100.0,15.5,23.193,4256.8,83,0.0,0.0,
7.9.2026,23:28:30.374,100.0,15.5,23.193,4256.8,83,0.0,0.0,
7.9.2026,23:28:30.580,100.0,15.5,23.193,4256.8,83,0.0,0.0,
7.9.2026,23:28:30.786,100.0,15.5,23.193,4256.8,83,0.0,0.0,
7.9.2026,23:28:30.991,100.0,15.5,23.193,4256.8,83,0.0,0.0,
7.9.2026,23:28:31.183,100.0,15.5,23.193,4256.8,83,0.0,0.0,
7.9.2026,23:28:31.391,100.0,15.5,23.193,4256.8,83,0.0,0.0,
7.9.2026,23:28:31.595,100.0,15.5,23.193,4256.8,83,0.0,0.0,
7.9.2026,23:28:31.799,100.0,15.5,23.193,4256.8,83,0.0,0.0,
7.9.2026,23:28:32.005,100.0,15.5,23.193,4256.8,83,0.0,0.0,
7.9.2026,23:28:32.211,100.0,15.5,23.193,4256.8,83,0.0,0.0,
7.9.2026,23:28:32.401,100.0,15.5,23.193,4256.8,83,0.0,0.0,
7.9.2026,23:28:32.606,100.0,15.5,23.193,4256.8,83,0.0,0.0,
7.9.2026,23:28:32.812,100.0,15.5,23.193,4256.8,83,0.0,0.0,
7.9.2026,23:28:33.018,100.0,15.5,23.193,4256.8,83,0.0,0.0,
7.9.2026,23:28:33.224,100.0,15.5,23.193,4256.8,83,0.0,0.0,
7.9.2026,23:28:33.429,100.0,15.5,23.193,4256.8,83,0.0,0.0,
7.9.2026,23:28:33.620,100.0,15.5,23.193,4256.8,83,0.0,0.0,
7.9.2026,23:28:33.826,100.0,15.5,23.193,4256.8,83,0.0,0.0,
7.9.2026,23:28:34.033,100.0,15.5,23.193,4256.8,83,0.0,0.0,
7.9.2026,23:28:34.239,100.0,15.5,23.193,4256.8,83,0.0,0.0,
7.9.2026,23:28:34.446,100.0,15.5,23.193,4256.8,83,0.0,0.0,
7.9.2026,23:28:34.650,100.0,15.5,23.193,4256.8,83,0.0,0.0,
7.9.2026,23:28:34.858,100.0,15.5,23.193,4256.7,86,0.0,0.0,
7.9.2026,23:28:35.064,100.0,15.5,23.193,4256.7,86,0.0,0.0,
7.9.2026,23:28:35.270,100.0,15.5,23.193,4256.7,86,0.0,0.0,
7.9.2026,23:28:35.476,100.0,15.5,23.193,4256.7,86,0.0,0.0,
7.9.2026,23:28:35.667,100.0,15.5,23.193,4256.7,86,0.0,0.0,
7.9.2026,23:28:35.875,100.0,15.5,23.193,4256.7,86,0.0,0.0,
7.9.2026,23:28:36.081,100.0,15.5,23.193,4256.7,86,0.0,0.0,
7.9.2026,23:28:36.287,100.0,15.5,23.193,4256.7,86,0.0,0.0,
7.9.2026,23:28:36.493,100.0,15.5,23.193,4256.7,86,0.0,0.0,
7.9.2026,23:28:36.682,100.0,15.5,23.193,4256.7,86,0.0,0.0,
7.9.2026,23:28:36.888,100.0,15.5,23.193,4256.7,86,0.0,0.0,
7.9.2026,23:28:37.094,100.0,15.5,23.193,4256.7,86,0.0,0.0,
7.9.2026,23:28:37.299,100.0,15.5,23.193,4256.7,86,0.0,0.0,
7.9.2026,23:28:37.506,100.0,15.5,23.193,4256.7,86,0.0,0.0,
7.9.2026,23:28:37.710,100.0,15.5,23.193,4256.7,86,0.0,0.0,
7.9.2026,23:28:37.900,100.0,15.5,23.193,4256.7,86,0.0,0.0,
7.9.2026,23:28:38.107,100.0,15.5,23.193,4256.7,86,0.0,0.0,
7.9.2026,23:28:38.313,100.0,15.5,23.193,4256.7,86,0.0,0.0,
7.9.2026,23:28:38.518,100.0,15.5,23.193,4256.7,86,0.0,0.0,
7.9.2026,23:28:38.725,100.0,15.5,23.193,4256.7,86,0.0,0.0,
7.9.2026,23:28:38.931,100.0,15.5,23.193,4256.7,86,0.0,0.0,
7.9.2026,23:28:39.120,100.0,15.5,23.193,4256.7,86,0.0,0.0,
7.9.2026,23:28:39.327,100.0,15.5,23.193,4256.7,86,0.0,0.0,
7.9.2026,23:28:39.532,100.0,15.5,23.193,4256.7,86,0.0,0.0,
7.9.2026,23:28:39.739,100.0,15.6,23.311,4275.6,85,0.0,0.0,
7.9.2026,23:28:39.944,100.0,15.6,23.311,4275.6,85,0.0,0.0,
7.9.2026,23:28:40.150,100.0,15.6,23.311,4275.6,85,0.0,0.0,
7.9.2026,23:28:40.339,100.0,15.6,23.311,4275.6,85,0.0,0.0,
7.9.2026,23:28:40.545,100.0,15.6,23.311,4275.6,85,0.0,0.0,
7.9.2026,23:28:40.752,100.0,15.6,23.311,4275.6,85,0.0,0.0,
7.9.2026,23:28:40.958,100.0,15.6,23.311,4275.6,85,0.0,0.0,
7.9.2026,23:28:41.164,100.0,15.6,23.311,4275.6,85,0.0,0.0,
7.9.2026,23:28:41.355,100.0,15.6,23.311,4275.6,85,0.0,0.0,
7.9.2026,23:28:41.561,100.0,15.6,23.311,4275.6,85,0.0,0.0,
7.9.2026,23:28:41.767,100.0,15.6,23.311,4275.6,85,0.0,0.0,
7.9.2026,23:28:41.972,100.0,15.6,23.311,4275.6,85,0.0,0.0,
7.9.2026,23:28:42.179,100.0,15.6,23.311,4275.6,85,0.0,0.0,
7.9.2026,23:28:42.384,100.0,15.6,23.311,4275.6,85,0.0,0.0,
7.9.2026,23:28:42.591,100.0,15.6,23.311,4275.6,85,0.0,0.0,
7.9.2026,23:28:42.795,100.0,15.6,23.311,4275.6,85,0.0,0.0,
7.9.2026,23:28:43.000,100.0,15.6,23.311,4275.6,85,0.0,0.0,
7.9.2026,23:28:43.206,100.0,15.6,23.311,4275.6,85,0.0,0.0,
7.9.2026,23:28:43.416,100.0,15.6,23.311,4275.6,85,0.0,0.0,
7.9.2026,23:28:43.635,100.0,15.6,23.311,4275.6,85,0.0,0.0,
7.9.2026,23:28:43.822,100.0,15.6,23.311,4275.6,85,0.0,0.0,
7.9.2026,23:28:44.030,100.0,15.6,23.311,4275.6,85,0.0,0.0,
7.9.2026,23:28:44.234,100.0,15.6,23.311,4275.6,85,0.0,0.0,
7.9.2026,23:28:44.440,100.0,15.6,23.311,4275.6,85,0.0,0.0,
7.9.2026,23:28:44.646,100.0,15.6,23.311,4275.6,85,0.0,0.0,
7.9.2026,23:28:44.839,100.0,15.6,23.311,4275.6,85,0.0,0.0,
7.9.2026,23:28:45.051,100.0,15.6,23.311,4275.6,85,0.0,0.0,
7.9.2026,23:28:45.249,100.0,15.6,23.311,4275.6,85,0.0,0.0,
7.9.2026,23:28:45.455,100.0,15.6,23.311,4275.6,85,0.0,0.0,
7.9.2026,23:28:45.662,100.0,15.6,23.311,4275.6,85,0.0,0.0,
7.9.2026,23:28:45.868,100.0,15.6,23.311,4252.4,85,0.0,0.0,
7.9.2026,23:28:46.074,100.0,15.6,23.240,4252.4,85,0.0,0.0,
7.9.2026,23:28:46.281,100.0,15.6,23.240,4252.4,85,0.0,0.0,
7.9.2026,23:28:46.487,100.0,15.6,23.240,4252.4,85,0.0,0.0,
7.9.2026,23:28:46.693,100.0,15.6,23.240,4252.4,85,0.0,0.0,
7.9.2026,23:28:46.898,100.0,15.6,23.240,4252.4,85,0.0,0.0,
7.9.2026,23:28:47.097,100.0,15.6,23.240,4252.4,85,0.0,0.0,
7.9.2026,23:28:47.294,100.0,15.6,23.240,4252.4,85,0.0,0.0,
7.9.2026,23:28:47.501,100.0,15.6,23.240,4252.4,85,0.0,0.0,
7.9.2026,23:28:47.706,100.0,15.6,23.240,4252.4,85,0.0,0.0,
7.9.2026,23:28:47.914,100.0,15.6,23.368,4252.4,85,0.0,0.0,
7.9.2026,23:28:48.117,100.0,15.6,23.368,4252.4,85,0.0,0.0,
7.9.2026,23:28:48.309,100.0,15.6,23.368,4252.4,85,0.0,0.0,
7.9.2026,23:28:48.513,100.0,15.6,23.368,4252.4,85,0.0,0.0,
7.9.2026,23:28:48.720,100.0,15.6,23.368,4252.4,85,0.0,0.0,
7.9.2026,23:28:48.925,100.0,15.6,23.368,4252.4,85,0.0,0.0,
7.9.2026,23:28:49.142,100.0,15.6,23.368,4252.4,85,0.0,0.0,
7.9.2026,23:28:49.337,100.0,15.6,23.368,4252.4,85,0.0,0.0,
7.9.2026,23:28:49.527,100.0,15.6,23.368,4252.4,85,0.0,0.0,
7.9.2026,23:28:49.733,100.0,15.6,23.368,4252.4,85,0.0,0.0,
7.9.2026,23:28:49.939,100.0,15.6,23.368,4252.4,85,0.0,0.0,
7.9.2026,23:28:50.145,100.0,15.6,23.368,4252.4,85,0.0,0.0,
7.9.2026,23:28:50.352,100.0,15.6,23.368,4252.4,85,0.0,0.0,
7.9.2026,23:28:50.541,100.0,15.6,23.368,4252.4,85,0.0,0.0,
7.9.2026,23:28:50.749,100.0,15.6,23.368,4252.4,85,0.0,0.0,
7.9.2026,23:28:50.955,100.0,15.6,23.368,4252.4,85,0.0,0.0,
7.9.2026,23:28:51.160,100.0,15.6,23.368,4252.4,85,0.0,0.0,
7.9.2026,23:28:51.374,100.0,15.6,23.368,4252.4,85,0.0,0.0,
7.9.2026,23:28:51.572,100.0,15.6,23.368,4252.4,85,0.0,0.0,
7.9.2026,23:28:51.779,100.0,15.6,23.368,4252.4,85,0.0,0.0,
7.9.2026,23:28:51.984,100.0,15.6,23.368,4252.4,85,0.0,0.0,
7.9.2026,23:28:52.190,100.0,15.6,23.368,4252.4,85,0.0,0.0,
7.9.2026,23:28:52.396,100.0,15.6,23.368,4252.4,85,0.0,0.0,
7.9.2026,23:28:52.603,100.0,15.6,23.368,4252.4,85,0.0,0.0,
7.9.2026,23:28:52.792,100.0,15.6,23.368,4252.4,85,0.0,0.0,
7.9.2026,23:28:53.008,100.0,15.6,23.368,4252.4,85,0.0,0.0,
7.9.2026,23:28:53.205,100.0,13.8,23.368,4256.9,87,0.0,0.0,
7.9.2026,23:28:53.412,100.0,13.8,23.368,4256.9,87,0.0,0.0,
7.9.2026,23:28:53.617,100.0,13.8,23.368,4256.9,87,0.0,0.0,
7.9.2026,23:28:53.806,100.0,13.8,23.368,4256.9,87,0.0,0.0,
7.9.2026,23:28:54.013,100.0,13.8,23.368,4256.9,87,0.0,0.0,
7.9.2026,23:28:54.218,100.0,13.8,23.368,4256.9,87,0.0,0.0,
7.9.2026,23:28:54.423,100.0,13.8,23.368,4256.9,87,0.0,0.0,
7.9.2026,23:28:54.631,100.0,13.8,23.368,4256.9,87,0.0,0.0,
7.9.2026,23:28:54.837,100.0,13.8,23.368,4256.9,87,0.0,0.0,
7.9.2026,23:28:55.035,100.0,13.8,23.368,4256.9,87,0.0,0.0,
7.9.2026,23:28:55.234,100.0,13.8,23.368,4256.9,87,0.0,0.0,
7.9.2026,23:28:55.440,100.0,13.8,23.368,4256.9,87,0.0,0.0,
7.9.2026,23:28:55.646,100.0,13.8,23.368,4256.9,87,0.0,0.0,
7.9.2026,23:28:55.852,100.0,13.8,23.368,4256.9,87,0.0,0.0,
7.9.2026,23:28:56.056,100.0,13.8,23.368,4256.9,87,0.0,0.0,
7.9.2026,23:28:56.249,100.0,13.8,23.368,4256.9,87,0.0,0.0,
7.9.2026,23:28:56.453,100.0,13.8,23.368,4256.9,87,0.0,0.0,
7.9.2026,23:28:56.659,100.0,13.8,23.368,4256.9,87,0.0,0.0,
7.9.2026,23:28:56.864,100.0,13.8,23.368,4256.9,87,0.0,0.0,
7.9.2026,23:28:57.070,100.0,13.8,23.368,4256.9,87,0.0,0.0,
7.9.2026,23:28:57.261,100.0,13.8,23.368,4256.9,87,0.0,0.0,
7.9.2026,23:28:57.468,100.0,13.8,23.368,4256.9,87,0.0,0.0,
7.9.2026,23:28:57.673,100.0,13.8,23.368,4256.9,87,0.0,0.0,
7.9.2026,23:28:57.878,100.0,41.2,23.368,4239.7,85,0.0,0.0,
7.9.2026,23:28:58.085,100.0,41.2,23.193,4239.7,85,0.0,0.0,
7.9.2026,23:28:58.290,100.0,41.2,23.193,4239.7,85,0.0,0.0,
7.9.2026,23:28:58.481,100.0,41.2,23.193,4239.7,85,0.0,0.0,
7.9.2026,23:28:58.686,100.0,31.7,28.313,4370.4,72,0.0,0.0,
7.9.2026,23:28:58.895,32.7,26.4,21.376,746.8,69,0.0,0.0,
7.9.2026,23:28:59.103,4.7,7.3,12.553,263.0,75,0.0,0.0,
7.9.2026,23:28:59.313,0.0,8.7,8.183,110.3,71,0.0,0.0,
7.9.2026,23:28:59.516,9.9,3.0,8.354,121.3,73,0.0,0.0,
7.9.2026,23:28:59.729,3.3,6.5,9.963,179.3,78,0.0,0.0,
7.9.2026,23:28:59.943,5.1,8.5,10.038,89.1,75,0.0,0.0,
7.9.2026,23:29:0.148,0.2,0.8,7.451,145.4,82,0.0,0.0,
7.9.2026,23:29:0.339,4.1,3.8,7.451,211.6,83,0.0,0.0,
7.9.2026,23:29:0.549,8.7,8.6,9.948,130.1,66,0.0,0.0,
7.9.2026,23:29:0.745,2.5,3.5,9.173,197.0,74,0.0,0.0,
7.9.2026,23:29:0.958,6.0,7.6,7.847,82.3,80,0.0,0.0,
7.9.2026,23:29:1.168,0.7,3.3,8.214,158.4,82,0.0,0.0,
7.9.2026,23:29:1.385,6.3,3.9,7.240,78.3,84,0.0,0.0,
7.9.2026,23:29:1.577,0.1,3.7,7.240,169.8,50,0.0,0.0,
7.9.2026,23:29:1.797,9.0,11.3,9.277,136.8,83,0.0,0.0,
7.9.2026,23:29:1.994,3.8,2.8,7.072,122.0,51,0.0,0.0,
7.9.2026,23:29:2.207,0.0,5.5,7.827,113.0,50,0.0,0.0,
7.9.2026,23:29:2.419,7.3,8.0,7.992,102.2,49,0.0,0.0,
7.9.2026,23:29:2.628,0.2,2.2,8.779,128.4,49,0.0,0.0,
7.9.2026,23:29:2.837,6.4,4.8,8.163,82.2,49,0.0,0.0,
7.9.2026,23:29:3.045,1.6,4.2,8.550,128.2,49,0.0,0.0,
7.9.2026,23:29:3.254,3.4,6.8,8.675,211.9,49,0.0,0.0,
7.9.2026,23:29:3.460,3.5,6.8,8.901,148.3,49,0.0,0.0,
7.9.2026,23:29:3.660,5.5,6.5,8.976,124.9,49,0.0,0.0,
7.9.2026,23:29:3.857,7.5,8.2,8.711,183.3,49,0.0,0.0,
7.9.2026,23:29:4.063,5.3,8.0,10.214,270.9,49,0.0,0.0,
7.9.2026,23:29:4.276,7.0,5.5,8.745,138.6,49,0.0,0.0,
7.9.2026,23:29:4.485,3.0,5.5,9.038,179.8,48,0.0,0.0,
7.9.2026,23:29:4.692,2.6,4.3,8.254,156.9,49,0.0,0.0,
7.9.2026,23:29:4.898,10.4,3.6,7.882,522.0,48,0.0,0.0,
7.9.2026,23:29:5.097,9.1,5.5,9.550,255.6,49,0.0,0.0,
7.9.2026,23:29:5.305,0.3,4.7,7.884,106.5,48,0.0,0.0,
7.9.2026,23:29:5.497,8.3,6.3,7.884,105.3,48,0.0,0.0,
7.9.2026,23:29:5.706,5.0,3.8,7.844,217.6,48,0.0,0.0,
7.9.2026,23:29:5.911,2.2,4.3,8.406,133.0,48,0.0,0.0,
7.9.2026,23:29:6.113,5.7,5.2,8.308,162.7,48,0.0,0.0,
7.9.2026,23:29:6.321,0.4,2.7,8.175,63.1,47,0.0,0.0,
7.9.2026,23:29:6.519,0.4,2.7,7.624,63.1,47,0.0,0.0,
7.9.2026,23:29:6.719,9.8,9.3,8.341,179.4,47,0.0,0.0,
7.9.2026,23:29:6.929,2.0,5.9,7.867,114.1,47,0.0,0.0,
7.9.2026,23:29:7.126,0.2,2.2,7.798,95.8,47,0.0,0.0,
7.9.2026,23:29:7.334,7.7,7.1,9.177,164.1,79,0.0,0.0,
7.9.2026,23:29:7.544,0.1,2.6,7.922,101.8,77,0.0,0.0,
7.9.2026,23:29:7.749,9.9,10.3,8.264,176.7,77,0.0,0.0,
7.9.2026,23:29:7.963,1.9,2.1,7.996,113.4,76,0.0,0.0,
7.9.2026,23:29:8.154,0.0,3.3,6.942,107.3,47,0.0,0.0,
7.9.2026,23:29:8.365,10.2,13.0,8.985,153.2,80,0.0,0.0,
7.9.2026,23:29:8.572,1.7,5.0,8.597,119.7,79,0.0,0.0,
7.9.2026,23:29:8.784,14.8,11.6,8.916,179.2,79,0.0,0.0,
7.9.2026,23:29:8.991,0.0,4.0,9.364,120.2,80,0.0,0.0,
7.9.2026,23:29:9.201,9.5,4.1,9.364,508.4,73,0.0,0.0,
7.9.2026,23:29:9.410,10.1,8.5,7.945,167.9,78,0.0,0.0,
7.9.2026,23:29:9.616,0.5,2.6,7.733,76.7,79,0.0,0.0,
7.9.2026,23:29:9.810,10.9,5.8,8.730,556.9,69,0.0,0.0,
7.9.2026,23:29:10.017,15.1,11.2,8.918,381.1,65,0.0,0.0,
7.9.2026,23:29:10.228,0.0,1.2,8.093,67.1,72,0.0,0.0,
7.9.2026,23:29:10.440,2.8,3.6,7.913,138.9,74,0.0,0.0,
7.9.2026,23:29:10.653,6.5,5.6,7.810,106.5,75,0.0,0.0,
7.9.2026,23:29:10.858,7.4,6.6,7.743,145.4,75,0.0,0.0,
7.9.2026,23:29:11.067,4.3,3.9,8.313,207.6,77,0.0,0.0,
7.9.2026,23:29:11.263,1.8,3.0,8.313,162.9,77,0.0,0.0,
7.9.2026,23:29:11.472,8.2,10.7,7.578,184.7,75,0.0,0.0,
7.9.2026,23:29:11.681,2.0,3.7,9.426,102.3,66,0.0,0.0,
7.9.2026,23:29:11.893,8.1,5.3,8.032,158.0,77,0.0,0.0,
7.9.2026,23:29:12.101,0.5,3.7,8.101,112.1,57,0.0,0.0,
7.9.2026,23:29:12.294,0.7,5.4,6.951,105.0,76,0.0,0.0,
7.9.2026,23:29:12.506,7.7,6.9,8.423,111.3,50,0.0,0.0,
7.9.2026,23:29:12.717,0.3,3.5,8.172,112.7,49,0.0,0.0,
7.9.2026,23:29:12.924,15.4,5.9,8.100,527.6,45,0.0,0.0,
7.9.2026,23:29:13.133,2.7,3.6,7.610,116.1,47,0.0,0.0,
7.9.2026,23:29:13.324,2.9,4.5,8.370,164.9,50,0.0,0.0,
7.9.2026,23:29:13.534,9.2,5.9,8.127,128.9,46,0.0,0.0,
7.9.2026,23:29:13.741,2.0,4.3,8.010,118.7,47,0.0,0.0,
7.9.2026,23:29:13.933,1.2,4.1,8.426,119.6,46,0.0,0.0,
7.9.2026,23:29:14.140,8.1,6.0,7.752,81.0,45,0.0,0.0,
7.9.2026,23:29:14.340,4.5,6.0,8.136,244.1,47,0.0,0.0,
7.9.2026,23:29:14.555,5.5,6.5,8.942,267.0,47,0.0,0.0,
7.9.2026,23:29:14.751,9.0,5.7,9.242,113.1,46,0.0,0.0,
7.9.2026,23:29:14.965,1.0,2.5,7.812,104.8,45,0.0,0.0,
7.9.2026,23:29:15.171,5.9,10.1,7.782,132.7,45,0.0,0.0,
7.9.2026,23:29:15.380,3.0,3.5,8.289,166.0,45,0.0,0.0,
7.9.2026,23:29:15.575,2.1,6.5,8.259,195.8,46,0.0,0.0,
7.9.2026,23:29:15.787,6.3,3.7,8.725,80.6,44,0.0,0.0,
7.9.2026,23:29:15.981,0.5,2.1,7.813,147.1,45,0.0,0.0,
7.9.2026,23:29:16.187,16.3,7.3,7.863,522.3,44,0.0,0.0,
7.9.2026,23:29:16.401,1.7,8.4,8.033,127.2,44,0.0,0.0,
7.9.2026,23:29:16.614,3.6,1.6,8.221,78.5,43,0.0,0.0,
7.9.2026,23:29:16.811,5.5,8.0,7.621,101.2,44,0.0,0.0,
7.9.2026,23:29:17.021,3.1,6.2,7.726,166.8,43,0.0,0.0,
7.9.2026,23:29:17.238,0.0,3.6,8.531,82.4,43,0.0,0.0,
7.9.2026,23:29:17.451,5.9,5.8,7.901,134.3,44,0.0,0.0,
7.9.2026,23:29:17.665,6.0,8.0,8.997,106.0,44,0.0,0.0,
7.9.2026,23:29:17.855,0.0,2.3,7.896,93.0,44,0.0,0.0,
7.9.2026,23:29:18.066,17.0,7.7,7.793,553.2,44,0.0,0.0,
7.9.2026,23:29:18.274,0.0,2.3,8.173,79.8,43,0.0,0.0,
7.9.2026,23:29:18.468,8.2,4.7,8.014,115.1,46,0.0,0.0,
7.9.2026,23:29:18.683,1.1,6.4,8.189,167.7,43,0.0,0.0,
7.9.2026,23:29:18.905,4.5,6.2,7.715,128.9,44,0.0,0.0,
7.9.2026,23:29:19.110,11.2,3.6,8.058,425.5,44,0.0,0.0,
7.9.2026,23:29:19.323,2.8,4.1,7.922,152.1,44,0.0,0.0,
7.9.2026,23:29:19.520,7.6,6.0,7.802,139.6,43,0.0,0.0,
7.9.2026,23:29:19.728,0.0,6.1,8.130,138.4,44,0.0,0.0,
7.9.2026,23:29:19.924,7.6,5.0,8.065,81.7,46,0.0,0.0,
7.9.2026,23:29:20.137,0.0,3.0,7.487,112.0,44,0.0,0.0,
7.9.2026,23:29:20.352,10.8,8.2,7.879,378.2,43,0.0,0.0,
7.9.2026,23:29:20.543,0.0,4.1,8.199,114.9,45,0.0,0.0,
7.9.2026,23:29:20.755,7.1,6.8,7.917,90.7,43,0.0,0.0,
7.9.2026,23:29:20.951,0.0,2.8,8.033,167.8,43,0.0,0.0,
7.9.2026,23:29:21.159,7.3,6.7,8.077,115.4,43,0.0,0.0,
7.9.2026,23:29:21.368,0.5,3.8,7.738,79.0,42,0.0,0.0,
7.9.2026,23:29:21.559,8.4,6.6,7.998,117.2,42,0.0,0.0,
7.9.2026,23:29:21.770,0.0,7.2,7.884,107.7,43,0.0,0.0,
7.9.2026,23:29:21.977,4.5,3.8,8.504,214.5,43,0.0,0.0,
7.9.2026,23:29:22.173,7.1,9.2,7.536,92.1,43,0.0,0.0,
7.9.2026,23:29:22.380,1.2,4.6,7.900,134.7,44,0.0,0.0,
7.9.2026,23:29:22.591,4.0,2.8,8.289,214.8,43,0.0,0.0,
7.9.2026,23:29:22.796,8.7,6.5,7.915,99.3,43,0.0,0.0,
7.9.2026,23:29:23.005,2.2,5.1,7.817,163.4,43,0.0,0.0,
7.9.2026,23:29:23.214,1.3,3.5,7.989,124.1,43,0.0,0.0,
7.9.2026,23:29:23.428,9.2,10.5,7.560,116.1,43,0.0,0.0,
7.9.2026,23:29:23.633,0.0,3.0,7.631,138.1,42,0.0,0.0,
7.9.2026,23:29:23.827,8.6,7.5,7.631,109.5,43,0.0,0.0,
7.9.2026,23:29:24.039,2.3,7.5,9.415,175.5,43,0.0,0.0,
7.9.2026,23:29:24.253,0.7,4.5,10.075,159.6,43,0.0,0.0,
7.9.2026,23:29:24.467,3.1,3.3,7.635,93.9,43,0.0,0.0,
7.9.2026,23:29:24.673,8.7,10.0,7.988,178.0,43,0.0,0.0,
7.9.2026,23:29:24.883,0.7,0.7,7.655,108.6,42,0.0,0.0,
7.9.2026,23:29:25.083,12.6,4.9,7.655,294.3,43,0.0,0.0,
7.9.2026,23:29:25.292,0.0,7.9,9.339,102.6,44,0.0,0.0,
7.9.2026,23:29:25.508,7.7,5.3,7.879,103.5,42,0.0,0.0,
7.9.2026,23:29:25.706,0.0,4.7,7.713,161.7,43,0.0,0.0,
7.9.2026,23:29:25.906,5.6,6.2,7.950,133.9,43,0.0,0.0,
7.9.2026,23:29:26.113,5.0,3.5,7.704,84.9,42,0.0,0.0,
7.9.2026,23:29:26.309,0.2,4.5,9.849,114.9,43,0.0,0.0,
7.9.2026,23:29:26.522,7.0,6.2,7.946,189.9,41,0.0,0.0,
7.9.2026,23:29:26.723,5.2,7.6,7.804,116.5,43,0.0,0.0,
7.9.2026,23:29:26.929,1.1,2.3,8.187,94.1,43,0.0,0.0,
7.9.2026,23:29:27.122,8.7,5.9,7.848,118.9,42,0.0,0.0,
7.9.2026,23:29:27.331,0.3,3.9,7.996,145.6,43,0.0,0.0,
7.9.2026,23:29:27.541,1.8,3.5,7.752,125.8,43,0.0,0.0,
7.9.2026,23:29:27.731,8.7,9.5,9.596,123.1,42,0.0,0.0,
7.9.2026,23:29:27.947,5.3,5.4,9.509,382.8,42,0.0,0.0,
7.9.2026,23:29:28.138,9.4,6.1,9.656,243.6,42,0.0,0.0,
7.9.2026,23:29:28.347,0.8,6.0,9.905,118.6,43,0.0,0.0,
7.9.2026,23:29:28.557,1.9,2.1,8.244,139.1,43,0.0,0.0,
7.9.2026,23:29:28.747,9.2,7.0,7.814,150.1,42,0.0,0.0,
7.9.2026,23:29:28.963,1.1,3.0,7.719,152.6,42,0.0,0.0,
7.9.2026,23:29:29.177,7.0,7.8,8.049,188.5,42,0.0,0.0,
7.9.2026,23:29:29.386,0.0,0.8,8.238,129.8,43,0.0,0.0,
7.9.2026,23:29:29.599,9.2,9.1,7.662,149.3,42,0.0,0.0,
7.9.2026,23:29:29.807,0.0,2.3,7.973,98.7,42,0.0,0.0,
7.9.2026,23:29:30.019,4.9,6.4,7.583,74.0,42,0.0,0.0,
7.9.2026,23:29:30.223,10.0,6.8,7.429,323.4,42,0.0,0.0,
7.9.2026,23:29:30.430,0.0,2.3,7.459,100.0,42,0.0,0.0,
7.9.2026,23:29:30.623,8.5,7.0,7.826,139.1,43,0.0,0.0,
7.9.2026,23:29:30.833,0.0,3.5,7.802,118.2,42,0.0,0.0,
7.9.2026,23:29:31.027,7.9,7.1,8.242,135.3,42,0.0,0.0,
7.9.2026,23:29:31.238,0.0,1.4,8.081,98.2,42,0.0,0.0,
7.9.2026,23:29:31.444,1.8,5.6,7.883,129.8,41,0.0,0.0,
7.9.2026,23:29:31.643,5.1,6.8,8.028,80.3,42,0.0,0.0,
7.9.2026,23:29:31.849,3.5,4.5,7.872,164.8,42,0.0,0.0,
7.9.2026,23:29:32.042,3.5,4.5,7.890,164.8,42,0.0,0.0,
7.9.2026,23:29:32.255,4.5,2.4,7.891,366.0,41,0.0,0.0,
7.9.2026,23:29:32.451,4.5,2.4,7.836,366.0,42,0.0,0.0,
7.9.2026,23:29:32.657,7.3,10.0,8.958,141.5,41,0.0,0.0,
7.9.2026,23:29:32.862,1.3,2.5,7.940,100.1,42,0.0,0.0,
7.9.2026,23:29:33.068,3.2,6.0,7.580,102.1,42,0.0,0.0,
7.9.2026,23:29:33.278,7.8,6.3,8.030,104.1,41,0.0,0.0,
7.9.2026,23:29:33.491,0.0,3.2,7.841,114.0,41,0.0,0.0,
7.9.2026,23:29:33.686,7.7,6.6,7.907,152.5,41,0.0,0.0,
7.9.2026,23:29:33.897,0.8,2.3,7.802,93.2,42,0.0,0.0,
7.9.2026,23:29:34.104,9.6,8.4,8.130,198.7,43,0.0,0.0,
7.9.2026,23:29:34.316,1.8,5.4,8.255,198.9,43,0.0,0.0,
7.9.2026,23:29:34.526,6.8,6.3,9.351,84.5,41,0.0,0.0,
7.9.2026,23:29:34.734,2.1,6.0,7.732,162.0,41,0.0,0.0,
7.9.2026,23:29:34.949,0.0,2.1,8.067,82.6,42,0.0,0.0,
7.9.2026,23:29:35.155,7.5,5.8,7.543,126.5,41,0.0,0.0,
7.9.2026,23:29:35.364,4.1,6.5,7.970,248.5,41,0.0,0.0,
7.9.2026,23:29:35.559,9.3,4.7,8.404,205.9,41,0.0,0.0,
7.9.2026,23:29:35.770,0.0,4.2,7.683,82.6,41,0.0,0.0,
7.9.2026,23:29:35.978,1.6,4.1,7.808,106.7,42,0.0,0.0,
7.9.2026,23:29:36.189,10.9,3.1,7.894,235.7,42,0.0,0.0,
7.9.2026,23:29:36.400,0.8,5.5,7.933,182.3,41,0.0,0.0,
7.9.2026,23:29:36.617,5.3,5.1,8.123,109.4,41,0.0,0.0,
7.9.2026,23:29:36.811,5.7,4.8,7.919,91.5,42,0.0,0.0,
7.9.2026,23:29:37.020,2.0,3.7,7.684,91.7,41,0.0,0.0,
7.9.2026,23:29:37.234,0.8,2.8,8.035,141.6,41,0.0,0.0,
7.9.2026,23:29:37.448,4.6,8.0,7.861,83.6,41,0.0,0.0,
7.9.2026,23:29:37.662,3.3,3.0,7.531,121.0,42,0.0,0.0,
7.9.2026,23:29:37.869,0.5,6.1,7.611,81.9,42,0.0,0.0,
7.9.2026,23:29:38.082,6.8,5.0,7.647,115.7,41,0.0,0.0,
7.9.2026,23:29:38.278,8.9,7.1,7.946,179.9,41,0.0,0.0,
7.9.2026,23:29:38.484,0.9,4.5,8.334,81.0,42,0.0,0.0,
7.9.2026,23:29:38.697,10.4,3.1,7.776,600.4,42,0.0,0.0,
7.9.2026,23:29:38.894,4.4,4.7,8.263,76.3,42,0.0,0.0,
7.9.2026,23:29:39.089,2.3,4.6,7.759,130.6,42,0.0,0.0,
7.9.2026,23:29:39.296,8.8,6.5,8.068,166.2,41,0.0,0.0,
7.9.2026,23:29:39.503,1.3,5.4,8.186,100.8,42,0.0,0.0,
7.9.2026,23:29:39.710,4.8,1.8,7.928,223.0,41,0.0,0.0,
7.9.2026,23:29:39.902,9.0,9.9,8.186,119.5,41,0.0,0.0,
7.9.2026,23:29:40.107,2.3,2.4,7.997,116.1,41,0.0,0.0,
7.9.2026,23:29:40.314,1.6,5.2,7.901,108.7,42,0.0,0.0,
7.9.2026,23:29:40.524,0.0,1.4,8.140,81.1,41,0.0,0.0,
7.9.2026,23:29:40.719,0.0,1.4,7.683,81.1,41,0.0,0.0,
7.9.2026,23:29:40.929,7.7,7.8,7.760,156.2,43,0.0,0.0,
7.9.2026,23:29:41.125,1.2,3.6,7.760,96.5,42,0.0,0.0,
7.9.2026,23:29:41.335,6.5,8.6,8.289,143.0,43,0.0,0.0,
7.9.2026,23:29:41.536,0.1,2.5,9.000,114.8,41,0.0,0.0,
7.9.2026,23:29:41.748,7.3,8.0,8.194,124.8,43,0.0,0.0,
7.9.2026,23:29:41.959,0.0,1.6,8.159,59.3,41,0.0,0.0,
7.9.2026,23:29:42.167,10.4,6.9,8.134,193.7,42,0.0,0.0,
7.9.2026,23:29:42.379,0.4,4.4,8.456,147.0,42,0.0,0.0,
7.9.2026,23:29:42.575,0.4,4.4,8.018,147.0,42,0.0,0.0,
7.9.2026,23:29:42.785,5.9,4.6,7.733,83.2,41,0.0,0.0,
7.9.2026,23:29:42.982,2.2,4.4,8.145,160.7,41,0.0,0.0,
7.9.2026,23:29:43.187,0.0,2.8,8.154,173.7,41,0.0,0.0,
7.9.2026,23:29:43.400,8.2,6.2,8.473,81.7,41,0.0,0.0,
7.9.2026,23:29:43.618,0.0,4.4,8.269,92.0,42,0.0,0.0,
7.9.2026,23:29:43.811,7.9,6.8,8.417,109.3,41,0.0,0.0,
7.9.2026,23:29:44.017,1.9,7.0,7.816,98.0,42,0.0,0.0,
7.9.2026,23:29:44.225,3.7,3.0,8.237,190.2,42,0.0,0.0,
7.9.2026,23:29:44.418,6.8,8.6,8.203,90.1,42,0.0,0.0,
7.9.2026,23:29:44.625,2.0,3.4,7.738,125.8,42,0.0,0.0,
7.9.2026,23:29:44.837,5.6,4.4,8.327,337.4,42,0.0,0.0,
7.9.2026,23:29:45.032,6.8,6.7,9.330,99.0,41,0.0,0.0,
7.9.2026,23:29:45.237,2.7,3.7,8.508,148.4,42,0.0,0.0,
7.9.2026,23:29:45.448,6.1,6.5,8.487,88.4,41,0.0,0.0,
7.9.2026,23:29:45.661,0.0,5.5,8.076,100.5,41,0.0,0.0,
7.9.2026,23:29:45.855,9.7,9.1,8.283,235.1,41,0.0,0.0,
7.9.2026,23:29:46.067,0.0,1.6,9.456,77.5,42,0.0,0.0,
7.9.2026,23:29:46.279,7.4,10.7,8.061,117.8,42,0.0,0.0,
7.9.2026,23:29:46.486,0.3,3.9,9.084,96.5,41,0.0,0.0,
7.9.2026,23:29:46.699,1.9,3.0,7.854,108.2,42,0.0,0.0,
7.9.2026,23:29:46.905,6.1,5.0,7.890,74.6,42,0.0,0.0,
7.9.2026,23:29:47.115,1.3,3.5,7.709,107.7,42,0.0,0.0,
7.9.2026,23:29:47.325,7.8,9.3,7.817,153.2,42,0.0,0.0,
7.9.2026,23:29:47.531,1.0,3.2,8.141,96.6,42,0.0,0.0,
7.9.2026,23:29:47.737,2.5,4.1,8.198,123.1,41,0.0,0.0,
7.9.2026,23:29:47.945,5.4,5.3,8.134,244.6,42,0.0,0.0,
7.9.2026,23:29:48.139,9.0,10.3,7.971,112.0,42,0.0,0.0,
7.9.2026,23:29:48.353,1.3,1.5,7.630,208.6,41,0.0,0.0,
7.9.2026,23:29:48.545,4.6,8.5,8.403,63.8,41,0.0,0.0,
7.9.2026,23:29:48.752,6.0,2.3,7.904,298.3,42,0.0,0.0,
7.9.2026,23:29:48.964,12.7,6.7,7.670,244.1,41,0.0,0.0,
7.9.2026,23:29:49.172,1.0,6.1,7.795,111.0,41,0.0,0.0,
7.9.2026,23:29:49.390,2.3,4.3,8.068,239.4,42,0.0,0.0,
7.9.2026,23:29:49.601,4.8,6.4,8.378,73.3,42,0.0,0.0,
7.9.2026,23:29:49.797,5.7,5.7,8.172,108.1,42,0.0,0.0,
7.9.2026,23:29:50.013,1.0,2.4,9.600,193.5,42,0.0,0.0,
7.9.2026,23:29:50.222,8.4,5.7,7.714,163.4,43,0.0,0.0,
7.9.2026,23:29:50.416,5.6,7.3,7.907,98.5,42,0.0,0.0,
7.9.2026,23:29:50.625,1.4,7.0,7.700,89.6,42,0.0,0.0,
7.9.2026,23:29:50.837,1.4,3.3,9.772,127.4,42,0.0,0.0,
7.9.2026,23:29:51.030,6.1,6.9,9.747,140.3,42,0.0,0.0,
7.9.2026,23:29:51.240,3.1,5.2,9.573,183.7,43,0.0,0.0,
7.9.2026,23:29:51.453,3.9,3.9,8.240,184.5,41,0.0,0.0,
7.9.2026,23:29:51.671,0.8,2.3,8.093,64.3,41,0.0,0.0,
7.9.2026,23:29:51.887,5.7,5.5,7.830,108.1,43,0.0,0.0,
7.9.2026,23:29:52.091,5.3,8.2,9.945,89.4,41,0.0,0.0,
7.9.2026,23:29:52.302,0.5,6.3,9.949,85.8,42,0.0,0.0,
7.9.2026,23:29:52.509,3.6,5.3,10.304,185.4,41,0.0,0.0,
7.9.2026,23:29:52.727,6.1,8.9,8.123,79.4,42,0.0,0.0,
7.9.2026,23:29:52.924,3.1,4.1,8.195,68.6,41,0.0,0.0,
7.9.2026,23:29:53.136,0.0,1.7,8.434,116.4,42,0.0,0.0,
7.9.2026,23:29:53.343,7.7,12.1,9.108,118.5,42,0.0,0.0,
7.9.2026,23:29:53.558,0.4,1.8,8.647,112.7,42,0.0,0.0,
7.9.2026,23:29:53.770,5.0,6.9,9.252,62.1,42,0.0,0.0,
7.9.2026,23:29:53.976,0.0,5.8,8.356,62.1,42,0.0,0.0,
7.9.2026,23:29:54.169,1.3,1.9,8.965,117.5,42,0.0,0.0,
7.9.2026,23:29:54.381,11.7,13.5,9.633,289.7,43,0.0,0.0,
7.9.2026,23:29:54.589,0.4,1.9,8.896,159.3,42,0.0,0.0,
7.9.2026,23:29:54.806,6.4,9.0,9.037,144.0,45,0.0,0.0,
7.9.2026,23:29:54.996,5.7,5.1,8.426,80.4,47,0.0,0.0,
7.9.2026,23:29:55.202,2.4,4.0,8.874,126.2,44,0.0,0.0,
7.9.2026,23:29:55.411,6.3,7.0,10.263,296.1,44,0.0,0.0,
7.9.2026,23:29:55.618,3.1,2.4,8.318,190.5,42,0.0,0.0,
7.9.2026,23:29:55.810,8.8,8.2,8.523,148.6,44,0.0,0.0,
7.9.2026,23:29:56.025,1.5,6.3,8.590,147.6,42,0.0,0.0,
7.9.2026,23:29:56.234,4.8,5.0,9.149,102.9,41,0.0,0.0,
7.9.2026,23:29:56.447,0.8,5.7,8.772,140.4,41,0.0,0.0,
7.9.2026,23:29:56.643,6.7,4.3,7.868,122.0,42,0.0,0.0,
7.9.2026,23:29:56.855,0.0,3.0,8.530,119.7,42,0.0,0.0,
7.9.2026,23:29:57.066,8.9,8.1,9.504,196.9,42,0.0,0.0,
7.9.2026,23:29:57.271,1.1,5.8,8.416,144.0,42,0.0,0.0,
7.9.2026,23:29:57.480,1.6,5.3,7.912,128.0,42,0.0,0.0,
7.9.2026,23:29:57.690,7.9,5.6,7.444,115.6,42,0.0,0.0,
7.9.2026,23:29:57.896,0.1,4.9,7.801,81.2,42,0.0,0.0,
7.9.2026,23:29:58.091,1.7,3.2,8.055,142.5,43,0.0,0.0,
7.9.2026,23:29:58.304,6.8,7.6,8.095,75.1,42,0.0,0.0,
7.9.2026,23:29:58.506,5.0,6.5,8.067,127.6,42,0.0,0.0,
7.9.2026,23:29:58.713,0.0,2.3,7.818,139.0,42,0.0,0.0,
7.9.2026,23:29:58.925,8.0,6.3,9.121,101.2,42,0.0,0.0,
7.9.2026,23:29:59.140,0.0,3.0,8.849,89.0,42,0.0,0.0,
7.9.2026,23:29:59.346,6.7,7.8,8.566,81.7,41,0.0,0.0,
7.9.2026,23:29:59.553,2.6,5.2,7.966,134.3,42,0.0,0.0,
7.9.2026,23:29:59.765,1.8,3.1,8.093,114.8,43,0.0,0.0,
7.9.2026,23:29:59.975,7.0,7.0,7.800,101.3,41,0.0,0.0,
7.9.2026,23:30:0.183,2.2,3.4,8.228,195.7,42,0.0,0.0,
7.9.2026,23:30:0.380,10.0,6.9,8.272,161.7,42,0.0,0.0,
7.9.2026,23:30:0.594,0.0,4.2,8.079,121.3,44,0.0,0.0,
7.9.2026,23:30:0.807,8.4,6.8,7.913,212.7,44,0.0,0.0,
7.9.2026,23:30:0.997,10.6,5.0,7.455,326.5,42,0.0,0.0,
7.9.2026,23:30:1.209,2.5,3.5,8.064,155.2,42,0.0,0.0,
7.9.2026,23:30:1.414,0.0,5.3,8.155,105.5,42,0.0,0.0,
7.9.2026,23:30:1.611,1.1,3.1,7.976,67.8,41,0.0,0.0,
7.9.2026,23:30:1.818,12.0,3.9,7.501,374.8,41,0.0,0.0,
7.9.2026,23:30:2.012,1.1,5.2,8.377,123.3,41,0.0,0.0,
7.9.2026,23:30:2.218,10.5,7.2,8.474,195.3,42,0.0,0.0,
7.9.2026,23:30:2.428,1.6,4.3,8.616,132.8,42,0.0,0.0,
7.9.2026,23:30:2.634,3.1,3.0,8.288,194.6,41,0.0,0.0,
7.9.2026,23:30:2.828,10.1,8.6,8.113,172.8,42,0.0,0.0,
7.9.2026,23:30:3.038,0.0,1.5,8.141,102.7,42,0.0,0.0,
7.9.2026,23:30:3.248,2.8,4.9,8.085,145.2,41,0.0,0.0,
7.9.2026,23:30:3.455,6.3,5.9,8.224,70.8,42,0.0,0.0,
7.9.2026,23:30:3.666,3.0,4.3,8.304,281.1,41,0.0,0.0,
7.9.2026,23:30:3.874,17.2,6.8,7.875,528.8,45,0.0,0.0,
7.9.2026,23:30:4.082,14.5,4.8,8.334,729.3,42,0.0,0.0,
7.9.2026,23:30:4.290,0.6,3.0,8.689,69.5,42,0.0,0.0,
7.9.2026,23:30:4.489,5.9,4.8,7.864,109.9,41,0.0,0.0,
7.9.2026,23:30:4.698,3.8,8.2,9.616,263.0,44,0.0,0.0,
7.9.2026,23:30:4.912,9.5,4.4,8.765,184.9,42,0.0,0.0,
7.9.2026,23:30:5.116,2.2,5.2,8.330,91.5,41,0.0,0.0,
7.9.2026,23:30:5.321,0.6,3.1,8.415,147.8,42,0.0,0.0,
7.9.2026,23:30:5.513,7.7,8.1,8.071,106.5,42,0.0,0.0,
7.9.2026,23:30:5.722,4.8,7.2,9.013,251.0,50,0.0,0.0,
7.9.2026,23:30:5.931,0.1,0.7,7.969,94.1,42,0.0,0.0,
7.9.2026,23:30:6.142,13.9,9.2,7.730,398.0,41,0.0,0.0,
7.9.2026,23:30:6.340,6.6,5.1,8.034,165.6,42,0.0,0.0,
7.9.2026,23:30:6.554,0.0,1.8,7.904,73.2,42,0.0,0.0,
7.9.2026,23:30:6.748,6.7,6.2,8.195,131.8,42,0.0,0.0,
7.9.2026,23:30:6.959,8.5,4.0,7.966,499.8,41,0.0,0.0,
7.9.2026,23:30:7.159,4.4,5.6,7.961,81.7,41,0.0,0.0,
7.9.2026,23:30:7.358,6.7,5.6,8.221,129.8,42,0.0,0.0,
7.9.2026,23:30:7.566,0.1,2.6,7.609,106.2,42,0.0,0.0,
7.9.2026,23:30:7.776,1.8,5.1,7.794,146.4,41,0.0,0.0,
7.9.2026,23:30:7.991,4.7,3.1,7.460,63.9,43,0.0,0.0,
7.9.2026,23:30:8.191,8.5,9.4,7.460,203.6,40,0.0,0.0,
7.9.2026,23:30:8.395,12.3,8.2,8.433,516.4,41,0.0,0.0,
7.9.2026,23:30:8.594,7.2,7.1,8.550,206.4,41,0.0,0.0,
7.9.2026,23:30:8.803,7.2,8.5,8.612,289.3,41,0.0,0.0,
7.9.2026,23:30:9.008,2.9,3.2,8.175,149.7,41,0.0,0.0,
7.9.2026,23:30:9.209,9.7,7.1,7.800,282.7,41,0.0,0.0,
7.9.2026,23:30:9.413,4.4,7.3,8.275,111.7,41,0.0,0.0,
7.9.2026,23:30:9.624,3.1,4.1,8.280,319.3,43,0.0,0.0,
7.9.2026,23:30:9.831,10.7,9.5,8.472,242.4,41,0.0,0.0,
7.9.2026,23:30:10.040,3.8,6.4,8.059,195.2,42,0.0,0.0,
7.9.2026,23:30:10.229,10.0,6.1,8.743,209.7,42,0.0,0.0,
7.9.2026,23:30:10.438,4.1,7.6,8.453,174.6,42,0.0,0.0,
7.9.2026,23:30:10.645,3.0,4.2,8.460,150.2,41,0.0,0.0,
7.9.2026,23:30:10.857,2.2,3.8,8.271,100.8,42,0.0,0.0,
7.9.2026,23:30:11.065,12.1,6.0,8.083,344.5,42,0.0,0.0,
7.9.2026,23:30:11.275,3.0,4.2,7.627,174.4,41,0.0,0.0,
7.9.2026,23:30:11.469,5.5,5.5,8.114,100.5,41,0.0,0.0,
7.9.2026,23:30:11.681,4.2,4.2,7.751,113.9,41,0.0,0.0,
7.9.2026,23:30:11.879,3.3,4.3,7.675,199.5,42,0.0,0.0,
7.9.2026,23:30:12.076,3.3,4.3,7.728,199.5,42,0.0,0.0,
7.9.2026,23:30:12.287,5.9,7.8,7.726,86.3,41,0.0,0.0,
7.9.2026,23:30:12.483,0.0,2.8,7.850,103.9,41,0.0,0.0,
7.9.2026,23:30:12.697,7.3,5.6,8.607,105.6,74,0.0,0.0,
7.9.2026,23:30:12.902,1.4,5.2,7.082,210.8,42,0.0,0.0,
7.9.2026,23:30:13.108,9.6,8.9,8.159,131.4,41,0.0,0.0,
7.9.2026,23:30:13.321,2.5,4.3,8.302,142.4,42,0.0,0.0,
7.9.2026,23:30:13.513,1.8,0.4,7.623,199.1,42,0.0,0.0,
7.9.2026,23:30:13.727,13.3,9.5,8.650,355.2,73,0.0,0.0,
7.9.2026,23:30:13.924,0.0,2.2,6.613,139.7,42,0.0,0.0,
7.9.2026,23:30:14.136,6.7,7.6,8.795,129.4,71,0.0,0.0,
7.9.2026,23:30:14.349,7.4,6.3,7.850,494.0,68,0.0,0.0,
7.9.2026,23:30:14.556,8.9,3.4,6.593,150.4,41,0.0,0.0,
7.9.2026,23:30:14.747,2.2,3.9,7.667,138.1,41,0.0,0.0,
7.9.2026,23:30:14.959,8.9,10.4,9.106,129.4,71,0.0,0.0,
7.9.2026,23:30:15.164,0.8,2.7,7.906,126.2,72,0.0,0.0,
7.9.2026,23:30:15.359,6.7,6.8,9.373,314.8,75,0.0,0.0,
7.9.2026,23:30:15.569,20.8,9.7,8.614,744.6,54,0.0,0.0,
7.9.2026,23:30:15.778,0.0,1.2,7.920,80.3,62,0.0,0.0,
7.9.2026,23:30:15.984,7.7,8.6,7.904,111.5,63,0.0,0.0,
7.9.2026,23:30:16.198,1.3,4.4,7.894,76.5,72,0.0,0.0,
7.9.2026,23:30:16.394,8.3,4.5,8.016,211.4,73,0.0,0.0,
7.9.2026,23:30:16.604,0.0,5.4,7.969,134.9,71,0.0,0.0,
7.9.2026,23:30:16.817,0.0,3.4,6.899,137.9,41,0.0,0.0,
7.9.2026,23:30:17.027,1.7,1.6,7.961,117.9,41,0.0,0.0,
7.9.2026,23:30:17.216,1.7,1.6,8.189,117.9,41,0.0,0.0,
7.9.2026,23:30:17.427,8.8,9.1,7.823,119.0,42,0.0,0.0,
7.9.2026,23:30:17.630,5.3,3.1,7.786,363.7,42,0.0,0.0,
7.9.2026,23:30:17.835,5.1,6.3,8.228,122.3,40,0.0,0.0,
7.9.2026,23:30:18.033,2.9,1.9,7.678,188.4,41,0.0,0.0,
7.9.2026,23:30:18.247,4.8,7.2,8.368,60.1,71,0.0,0.0,
7.9.2026,23:30:18.461,1.7,6.1,6.690,228.4,40,0.0,0.0,
7.9.2026,23:30:18.662,4.8,4.1,8.478,156.0,41,0.0,0.0,
7.9.2026,23:30:18.863,4.3,8.6,7.650,76.7,42,0.0,0.0,
7.9.2026,23:30:19.061,6.3,4.6,8.109,105.1,41,0.0,0.0,
7.9.2026,23:30:19.267,0.5,5.9,8.057,93.2,40,0.0,0.0,
7.9.2026,23:30:19.475,3.4,2.2,7.962,192.7,41,0.0,0.0,
7.9.2026,23:30:19.676,4.3,6.3,8.075,96.6,42,0.0,0.0,
7.9.2026,23:30:19.883,1.5,2.6,8.106,112.1,40,0.0,0.0,
7.9.2026,23:30:20.079,1.5,2.6,7.973,112.1,40,0.0,0.0,
7.9.2026,23:30:20.292,7.8,5.8,7.747,140.0,40,0.0,0.0,
7.9.2026,23:30:20.503,1.7,4.5,7.740,204.0,42,0.0,0.0,
7.9.2026,23:30:20.715,1.6,5.0,8.734,241.2,42,0.0,0.0,
7.9.2026,23:30:20.920,8.0,6.5,9.151,125.9,42,0.0,0.0,
7.9.2026,23:30:21.132,1.0,5.9,8.339,137.5,51,0.0,0.0,
7.9.2026,23:30:21.323,1.0,5.9,8.899,137.5,51,0.0,0.0,
7.9.2026,23:30:21.533,7.1,7.2,8.878,92.0,52,0.0,0.0,
7.9.2026,23:30:21.740,2.3,4.2,8.746,194.8,52,0.0,0.0,
7.9.2026,23:30:21.934,0.5,3.1,8.746,72.6,50,0.0,0.0,
7.9.2026,23:30:22.140,8.3,9.9,8.238,134.4,59,0.0,0.0,
7.9.2026,23:30:22.348,4.6,5.7,8.347,193.9,59,0.0,0.0,
7.9.2026,23:30:22.546,6.3,9.4,8.923,103.9,59,0.0,0.0,
7.9.2026,23:30:22.757,12.7,6.7,8.701,540.3,56,0.0,0.0,
7.9.2026,23:30:22.963,10.9,2.7,9.364,527.0,58,0.0,0.0,
7.9.2026,23:30:23.179,13.4,7.3,8.041,240.5,59,0.0,0.0,
7.9.2026,23:30:23.384,0.0,4.2,7.709,87.8,41,0.0,0.0,
7.9.2026,23:30:23.576,3.0,3.9,8.325,120.8,42,0.0,0.0,
7.9.2026,23:30:23.783,16.7,9.0,9.470,801.5,65,0.0,0.0,
7.9.2026,23:30:23.980,9.0,3.9,9.470,129.0,72,0.0,0.0,
7.9.2026,23:30:24.190,8.0,7.4,6.748,179.6,61,0.0,0.0,
7.9.2026,23:30:24.401,0.0,3.8,9.125,72.2,60,0.0,0.0,
7.9.2026,23:30:24.594,2.3,1.7,7.587,185.3,59,0.0,0.0,
7.9.2026,23:30:24.808,9.0,6.6,7.903,196.5,43,0.0,0.0,
7.9.2026,23:30:25.021,4.6,7.8,8.283,73.1,59,0.0,0.0,
7.9.2026,23:30:25.235,0.0,2.2,9.129,147.6,69,0.0,0.0,
7.9.2026,23:30:25.446,6.4,6.3,8.796,154.1,57,0.0,0.0,
7.9.2026,23:30:25.645,5.6,3.9,8.796,381.4,71,0.0,0.0,
7.9.2026,23:30:25.853,10.5,9.5,7.815,307.5,74,0.0,0.0,
7.9.2026,23:30:26.067,7.6,6.5,9.054,108.1,73,0.0,0.0,
7.9.2026,23:30:26.271,0.0,1.8,7.707,125.1,72,0.0,0.0,
7.9.2026,23:30:26.485,4.1,7.3,7.976,88.4,68,0.0,0.0,
7.9.2026,23:30:26.694,6.6,7.2,6.703,162.2,41,0.0,0.0,
7.9.2026,23:30:26.907,4.6,4.5,7.630,61.0,42,0.0,0.0,
7.9.2026,23:30:27.113,2.7,6.5,9.639,184.0,42,0.0,0.0,
7.9.2026,23:30:27.322,1.2,5.8,9.309,153.1,42,0.0,0.0,
7.9.2026,23:30:27.533,10.6,11.4,9.209,231.8,43,0.0,0.0,
7.9.2026,23:30:27.736,0.0,7.8,9.445,94.1,41,0.0,0.0,
7.9.2026,23:30:27.946,2.8,3.2,7.781,91.8,41,0.0,0.0,
7.9.2026,23:30:28.142,5.2,5.5,7.781,61.9,41,0.0,0.0,
7.9.2026,23:30:28.352,3.7,6.0,7.472,165.5,41,0.0,0.0,
7.9.2026,23:30:28.543,3.7,6.0,7.936,165.5,41,0.0,0.0,
7.9.2026,23:30:28.755,8.7,10.2,7.718,173.6,40,0.0,0.0,
7.9.2026,23:30:28.962,0.0,1.5,7.856,97.7,42,0.0,0.0,
7.9.2026,23:30:29.169,8.6,6.3,7.926,112.4,41,0.0,0.0,
7.9.2026,23:30:29.383,5.2,2.6,7.863,415.8,42,0.0,0.0,
7.9.2026,23:30:29.576,5.9,6.4,7.805,145.1,41,0.0,0.0,
7.9.2026,23:30:29.782,7.1,5.7,8.549,171.1,40,0.0,0.0,
7.9.2026,23:30:29.980,6.9,5.8,8.257,134.3,42,0.0,0.0,
7.9.2026,23:30:30.187,3.3,4.3,8.043,157.6,42,0.0,0.0,
7.9.2026,23:30:30.398,0.0,3.8,8.232,79.5,41,0.0,0.0,
7.9.2026,23:30:30.590,0.0,3.8,7.699,79.5,41,0.0,0.0,
7.9.2026,23:30:30.801,0.0,4.3,8.409,119.9,41,0.0,0.0,
7.9.2026,23:30:31.008,3.2,2.7,7.809,134.3,41,0.0,0.0,
7.9.2026,23:30:31.199,3.2,2.7,7.639,134.3,41,0.0,0.0,
7.9.2026,23:30:31.410,11.9,8.3,8.137,222.5,41,0.0,0.0,
7.9.2026,23:30:31.617,0.8,4.0,7.509,100.9,42,0.0,0.0,
7.9.2026,23:30:31.811,9.6,5.7,7.536,228.0,41,0.0,0.0,
7.9.2026,23:30:32.018,8.8,5.5,8.788,116.4,72,0.0,0.0,
7.9.2026,23:30:32.229,1.8,4.6,7.494,118.2,72,0.0,0.0,
7.9.2026,23:30:32.443,7.0,8.1,7.827,105.0,73,0.0,0.0,
7.9.2026,23:30:32.648,3.0,5.2,7.123,319.0,40,0.0,0.0,
7.9.2026,23:30:32.850,3.1,1.6,8.733,173.8,41,0.0,0.0,
7.9.2026,23:30:33.054,6.8,4.9,8.501,107.5,41,0.0,0.0,
7.9.2026,23:30:33.250,6.8,4.9,8.359,107.5,41,0.0,0.0,
7.9.2026,23:30:33.471,2.9,3.9,8.940,97.8,41,0.0,0.0,
7.9.2026,23:30:33.682,1.5,4.4,7.830,197.9,42,0.0,0.0,
7.9.2026,23:30:33.874,1.5,4.4,8.663,197.9,42,0.0,0.0,
7.9.2026,23:30:34.086,7.1,8.6,7.948,103.9,41,0.0,0.0,
7.9.2026,23:30:34.291,0.0,2.1,7.835,132.6,42,0.0,0.0,
7.9.2026,23:30:34.487,3.3,3.8,7.581,110.9,41,0.0,0.0,
7.9.2026,23:30:34.701,7.4,8.4,8.661,170.2,73,0.0,0.0,
7.9.2026,23:30:34.911,6.0,1.7,7.012,397.5,41,0.0,0.0,
7.9.2026,23:30:35.120,6.4,5.8,7.829,314.4,42,0.0,0.0,
7.9.2026,23:30:35.310,6.4,5.8,9.623,314.4,42,0.0,0.0,
7.9.2026,23:30:35.517,9.2,10.1,8.248,155.5,41,0.0,0.0,
7.9.2026,23:30:35.729,7.5,7.9,7.847,158.8,41,0.0,0.0,
7.9.2026,23:30:35.937,9.4,3.0,8.348,484.3,42,0.0,0.0,
7.9.2026,23:30:36.144,6.2,4.8,7.681,325.3,41,0.0,0.0,
7.9.2026,23:30:36.350,1.5,3.2,9.351,85.1,40,0.0,0.0,
7.9.2026,23:30:36.544,1.5,3.2,7.719,85.1,40,0.0,0.0,
7.9.2026,23:30:36.752,6.5,9.1,7.574,83.3,42,0.0,0.0,
7.9.2026,23:30:36.966,5.6,5.3,8.123,88.5,40,0.0,0.0,
7.9.2026,23:30:37.168,13.1,5.7,7.513,572.5,41,0.0,0.0,
7.9.2026,23:30:37.382,0.0,1.8,7.793,94.6,41,0.0,0.0,
7.9.2026,23:30:37.573,7.9,7.8,8.080,81.4,41,0.0,0.0,
7.9.2026,23:30:37.782,1.6,4.9,8.314,137.5,42,0.0,0.0,
7.9.2026,23:30:37.995,0.0,1.4,8.058,67.5,42,0.0,0.0,
7.9.2026,23:30:38.208,5.5,6.5,7.817,80.9,42,0.0,0.0,
7.9.2026,23:30:38.420,6.2,5.4,8.408,77.5,41,0.0,0.0,
7.9.2026,23:30:38.631,0.2,5.9,7.943,108.0,41,0.0,0.0,
7.9.2026,23:30:38.837,0.0,3.0,8.390,98.2,41,0.0,0.0,
7.9.2026,23:30:39.050,6.7,5.7,8.906,122.0,41,0.0,0.0,
7.9.2026,23:30:39.263,1.0,4.0,7.617,94.6,41,0.0,0.0,
7.9.2026,23:30:39.477,16.5,4.6,8.018,696.5,41,0.0,0.0,
7.9.2026,23:30:39.668,7.5,4.6,7.607,103.4,40,0.0,0.0,
7.9.2026,23:30:39.879,0.0,1.2,7.264,137.6,42,0.0,0.0,
7.9.2026,23:30:40.089,7.1,10.9,8.087,90.9,41,0.0,0.0,
7.9.2026,23:30:40.295,2.5,2.8,8.074,119.4,41,0.0,0.0,
7.9.2026,23:30:40.505,0.0,4.4,7.824,68.2,40,0.0,0.0,
7.9.2026,23:30:40.710,1.6,2.8,7.472,88.0,41,0.0,0.0,
7.9.2026,23:30:40.907,7.2,4.5,8.103,135.9,42,0.0,0.0,
7.9.2026,23:30:41.114,7.2,4.0,7.689,378.4,41,0.0,0.0,
7.9.2026,23:30:41.322,2.5,4.3,7.974,154.7,41,0.0,0.0,
7.9.2026,23:30:41.533,6.0,6.2,8.150,69.7,41,0.0,0.0,
7.9.2026,23:30:41.740,1.4,5.5,7.909,104.3,43,0.0,0.0,
7.9.2026,23:30:41.939,5.4,4.5,7.576,115.0,42,0.0,0.0,
7.9.2026,23:30:42.150,0.0,2.2,8.200,103.0,42,0.0,0.0,
7.9.2026,23:30:42.363,8.0,8.9,7.697,180.7,42,0.0,0.0,
7.9.2026,23:30:42.569,1.9,4.1,7.974,80.3,41,0.0,0.0,
7.9.2026,23:30:42.767,6.4,7.4,8.005,157.8,41,0.0,0.0,
7.9.2026,23:30:42.978,6.3,6.1,8.152,110.8,43,0.0,0.0,
7.9.2026,23:30:43.188,0.0,3.1,8.317,72.5,41,0.0,0.0,
7.9.2026,23:30:43.395,3.3,6.0,8.996,175.0,41,0.0,0.0,
7.9.2026,23:30:43.590,5.7,7.6,8.231,70.6,41,0.0,0.0,
7.9.2026,23:30:43.797,2.5,3.5,8.497,140.9,41,0.0,0.0,
7.9.2026,23:30:44.006,1.7,5.3,8.653,169.4,41,0.0,0.0,
7.9.2026,23:30:44.207,5.3,5.9,8.414,77.1,42,0.0,0.0,
7.9.2026,23:30:44.408,3.9,9.0,8.179,172.4,42,0.0,0.0,
7.9.2026,23:30:44.617,1.5,2.8,8.264,123.7,42,0.0,0.0,
7.9.2026,23:30:44.808,1.5,2.8,8.264,123.7,41,0.0,0.0,
7.9.2026,23:30:45.018,9.5,10.2,8.440,176.4,41,0.0,0.0,
7.9.2026,23:30:45.226,0.8,5.1,7.540,101.7,42,0.0,0.0,
7.9.2026,23:30:45.427,9.9,3.0,8.500,503.6,42,0.0,0.0,
7.9.2026,23:30:45.624,17.0,12.3,8.500,545.5,68,0.0,0.0,
7.9.2026,23:30:45.836,1.4,2.8,10.067,98.8,73,0.0,0.0,
7.9.2026,23:30:46.031,1.0,2.5,7.165,164.5,42,0.0,0.0,
7.9.2026,23:30:46.240,6.7,1.0,7.690,408.6,42,0.0,0.0,
7.9.2026,23:30:46.450,12.1,9.5,8.285,250.0,42,0.0,0.0,
7.9.2026,23:30:46.656,7.1,4.5,8.007,336.2,41,0.0,0.0,
7.9.2026,23:30:46.869,0.9,3.2,8.946,158.4,41,0.0,0.0,
7.9.2026,23:30:47.058,9.2,5.6,8.025,144.8,42,0.0,0.0,
7.9.2026,23:30:47.269,0.2,3.5,7.901,107.4,41,0.0,0.0,
7.9.2026,23:30:47.466,6.6,7.3,7.892,125.0,41,0.0,0.0,
7.9.2026,23:30:47.673,1.9,3.8,8.196,126.9,41,0.0,0.0,
7.9.2026,23:30:47.871,6.6,5.1,7.686,170.4,41,0.0,0.0,
7.9.2026,23:30:48.086,0.0,3.5,7.567,94.8,41,0.0,0.0,
7.9.2026,23:30:48.277,0.0,3.5,7.357,94.8,41,0.0,0.0,
7.9.2026,23:30:48.487,10.4,7.0,7.839,174.4,41,0.0,0.0,
7.9.2026,23:30:48.696,4.6,2.5,7.539,330.5,41,0.0,0.0,
7.9.2026,23:30:48.892,6.2,4.0,7.781,336.0,41,0.0,0.0,
7.9.2026,23:30:49.102,6.7,7.4,8.861,113.8,69,0.0,0.0,
7.9.2026,23:30:49.301,0.0,3.9,7.347,75.2,73,0.0,0.0,
7.9.2026,23:30:49.495,6.1,10.4,8.976,97.0,73,0.0,0.0,
7.9.2026,23:30:49.705,8.3,7.9,8.416,126.2,70,0.0,0.0,
7.9.2026,23:30:49.922,0.0,0.7,7.626,82.0,68,0.0,0.0,
7.9.2026,23:30:50.135,6.8,6.9,7.703,163.7,66,0.0,0.0,
7.9.2026,23:30:50.334,0.0,2.3,6.777,62.5,73,0.0,0.0,
7.9.2026,23:30:50.532,4.3,5.2,8.000,99.5,70,0.0,0.0,
7.9.2026,23:30:50.738,7.1,9.4,8.661,174.0,52,0.0,0.0,
7.9.2026,23:30:50.948,6.5,5.8,7.182,71.1,65,0.0,0.0,
7.9.2026,23:30:51.136,0.0,1.2,7.480,113.9,71,0.0,0.0,
7.9.2026,23:30:51.351,14.0,8.3,8.913,351.0,62,0.0,0.0,
7.9.2026,23:30:51.548,5.9,2.3,7.107,531.4,68,0.0,0.0,
7.9.2026,23:30:51.755,15.3,8.3,7.915,529.6,68,0.0,0.0,
7.9.2026,23:30:51.950,2.6,3.1,8.013,119.0,69,0.0,0.0,
7.9.2026,23:30:52.155,11.2,6.8,8.842,227.9,59,0.0,0.0,
7.9.2026,23:30:52.374,3.0,3.8,7.691,191.2,61,0.0,0.0,
7.9.2026,23:30:52.583,4.2,3.8,6.921,140.7,69,0.0,0.0,
7.9.2026,23:30:52.789,10.4,4.3,8.018,564.1,69,0.0,0.0,
7.9.2026,23:30:52.995,3.4,5.2,7.588,116.6,68,0.0,0.0,
7.9.2026,23:30:53.209,10.0,7.8,7.695,158.3,69,0.0,0.0,
7.9.2026,23:30:53.407,0.0,2.6,6.820,80.8,41,0.0,0.0,
7.9.2026,23:30:53.619,13.4,4.7,8.114,464.0,41,0.0,0.0,
7.9.2026,23:30:53.815,3.5,3.9,7.493,261.6,41,0.0,0.0,
7.9.2026,23:30:54.022,6.4,9.2,8.867,106.1,73,0.0,0.0,
7.9.2026,23:30:54.221,7.6,2.1,7.857,386.8,73,0.0,0.0,
7.9.2026,23:30:54.417,6.0,7.9,7.801,119.7,73,0.0,0.0,
7.9.2026,23:30:54.625,22.2,7.2,8.753,801.2,59,0.0,0.0,
7.9.2026,23:30:54.834,0.0,4.3,7.283,82.9,49,0.0,0.0,
7.9.2026,23:30:55.028,14.8,4.5,7.283,508.0,51,0.0,0.0,
7.9.2026,23:30:55.240,5.8,6.1,7.167,186.9,50,0.0,0.0,
7.9.2026,23:30:55.446,0.0,3.4,8.931,175.0,52,0.0,0.0,
7.9.2026,23:30:55.642,17.0,9.3,8.048,570.6,55,0.0,0.0,
7.9.2026,23:30:55.856,4.6,4.1,7.779,200.9,45,0.0,0.0,
7.9.2026,23:30:56.063,12.1,12.8,8.539,327.4,56,0.0,0.0,
7.9.2026,23:30:56.279,4.0,4.3,10.542,277.4,54,0.0,0.0,
7.9.2026,23:30:56.490,6.0,9.4,8.269,111.5,58,0.0,0.0,
7.9.2026,23:30:56.684,0.0,0.7,8.269,178.2,71,0.0,0.0,
7.9.2026,23:30:56.893,6.5,10.4,7.421,102.2,51,0.0,0.0,
7.9.2026,23:30:57.110,5.5,5.5,9.108,318.3,58,0.0,0.0,
7.9.2026,23:30:57.324,5.4,5.8,7.462,115.0,55,0.0,0.0,
7.9.2026,23:30:57.535,4.4,5.1,8.143,88.3,72,0.0,0.0,
7.9.2026,23:30:57.731,0.1,1.1,8.180,137.8,42,0.0,0.0,
7.9.2026,23:30:57.945,0.0,2.4,7.519,92.2,41,0.0,0.0,
7.9.2026,23:30:58.141,7.5,5.9,7.519,148.8,41,0.0,0.0,
7.9.2026,23:30:58.349,8.0,8.5,8.357,191.3,41,0.0,0.0,
7.9.2026,23:30:58.551,12.5,9.5,9.539,547.9,41,0.0,0.0,
7.9.2026,23:30:58.757,1.9,5.3,10.067,160.6,41,0.0,0.0,
7.9.2026,23:30:58.948,1.9,5.3,9.780,160.6,42,0.0,0.0,
7.9.2026,23:30:59.162,3.3,3.1,9.522,362.0,41,0.0,0.0,
7.9.2026,23:30:59.370,9.6,12.2,7.878,154.0,41,0.0,0.0,
7.9.2026,23:30:59.578,8.0,4.3,9.471,410.8,42,0.0,0.0,
7.9.2026,23:30:59.783,1.7,6.0,9.574,99.9,41,0.0,0.0,
7.9.2026,23:30:59.990,3.5,7.1,9.877,187.1,40,0.0,0.0,
7.9.2026,23:31:0.196,4.8,5.6,10.463,284.8,41,0.0,0.0,
7.9.2026,23:31:0.397,4.6,6.5,9.497,112.5,41,0.0,0.0,
7.9.2026,23:31:0.590,4.6,6.5,8.880,112.5,41,0.0,0.0,
7.9.2026,23:31:0.800,8.4,9.8,10.010,158.8,42,0.0,0.0,
7.9.2026,23:31:0.997,13.3,7.4,8.572,363.2,41,0.0,0.0,
7.9.2026,23:31:1.209,14.9,8.5,9.309,573.8,65,0.0,0.0,
7.9.2026,23:31:1.404,0.4,1.2,6.406,99.1,41,0.0,0.0,
7.9.2026,23:31:1.617,17.3,13.0,10.703,534.6,73,0.0,0.0,
7.9.2026,23:31:1.810,0.9,1.9,7.366,212.4,40,0.0,0.0,
7.9.2026,23:31:2.017,9.2,9.3,8.733,128.8,69,0.0,0.0,
7.9.2026,23:31:2.224,1.7,2.9,7.855,141.6,73,0.0,0.0,
7.9.2026,23:31:2.419,2.3,2.7,7.911,147.0,71,0.0,0.0,
7.9.2026,23:31:2.632,7.0,9.9,8.530,105.9,71,0.0,0.0,
7.9.2026,23:31:2.846,0.2,2.0,8.129,151.1,55,0.0,0.0,
7.9.2026,23:31:3.058,6.9,5.2,6.654,144.0,69,0.0,0.0,
7.9.2026,23:31:3.267,1.3,3.9,6.822,253.7,41,0.0,0.0,
7.9.2026,23:31:3.475,7.2,6.3,7.842,164.9,40,0.0,0.0,
7.9.2026,23:31:3.670,7.2,6.3,7.702,164.9,40,0.0,0.0,
7.9.2026,23:31:3.881,7.7,9.2,8.109,145.5,40,0.0,0.0,
7.9.2026,23:31:4.094,8.5,5.7,7.916,188.7,40,0.0,0.0,
7.9.2026,23:31:4.301,2.1,5.8,8.122,128.3,40,0.0,0.0,
7.9.2026,23:31:4.507,0.8,2.9,8.063,88.5,41,0.0,0.0,
7.9.2026,23:31:4.698,0.8,2.9,8.129,88.5,41,0.0,0.0,
7.9.2026,23:31:4.905,9.5,7.6,9.316,679.3,62,0.0,0.0,
7.9.2026,23:31:5.118,14.6,5.7,5.971,85.6,41,0.0,0.0,
7.9.2026,23:31:5.312,0.0,4.1,7.667,79.2,40,0.0,0.0,
7.9.2026,23:31:5.521,9.4,10.0,10.357,220.6,73,0.0,0.0,
7.9.2026,23:31:5.718,3.4,4.8,7.853,222.8,73,0.0,0.0,
7.9.2026,23:31:5.931,7.6,5.9,7.939,143.2,69,0.0,0.0,
7.9.2026,23:31:6.121,0.0,1.1,6.846,150.1,41,0.0,0.0,
7.9.2026,23:31:6.329,10.8,10.9,9.338,200.5,72,0.0,0.0,
7.9.2026,23:31:6.538,16.3,6.0,9.091,842.1,66,0.0,0.0,
7.9.2026,23:31:6.745,6.3,4.3,7.793,236.1,73,0.0,0.0,
7.9.2026,23:31:6.958,8.7,4.7,7.705,117.4,73,0.0,0.0,
7.9.2026,23:31:7.165,4.2,4.9,7.289,303.9,72,0.0,0.0,
7.9.2026,23:31:7.360,7.9,2.8,7.493,422.4,68,0.0,0.0,
7.9.2026,23:31:7.567,7.3,11.2,9.107,114.3,72,0.0,0.0,
7.9.2026,23:31:7.779,4.6,3.4,7.973,223.8,62,0.0,0.0,
7.9.2026,23:31:7.993,8.3,5.3,7.239,147.6,69,0.0,0.0,
7.9.2026,23:31:8.184,0.0,3.5,7.446,98.1,69,0.0,0.0,
7.9.2026,23:31:8.401,9.7,9.6,8.951,154.8,59,0.0,0.0,
7.9.2026,23:31:8.610,2.9,4.3,6.745,68.2,72,0.0,0.0,
7.9.2026,23:31:8.817,2.2,2.2,7.944,143.1,69,0.0,0.0,
7.9.2026,23:31:9.013,9.6,6.4,7.870,505.0,67,0.0,0.0,
7.9.2026,23:31:9.222,7.7,9.0,8.003,149.4,73,0.0,0.0,
7.9.2026,23:31:9.427,2.3,1.4,7.988,157.3,73,0.0,0.0,
7.9.2026,23:31:9.626,1.8,6.1,7.988,105.6,73,0.0,0.0,
7.9.2026,23:31:9.838,7.5,4.3,7.862,153.2,72,0.0,0.0,
7.9.2026,23:31:10.029,0.8,5.4,7.833,144.4,73,0.0,0.0,
7.9.2026,23:31:10.241,6.4,6.7,7.955,63.3,71,0.0,0.0,
7.9.2026,23:31:10.446,1.1,0.9,7.888,151.6,70,0.0,0.0,
7.9.2026,23:31:10.643,2.5,4.2,7.933,122.0,73,0.0,0.0,
7.9.2026,23:31:10.849,13.2,6.9,7.955,438.7,73,0.0,0.0,
7.9.2026,23:31:11.060,2.0,3.7,7.886,103.8,74,0.0,0.0,
7.9.2026,23:31:11.275,11.5,9.1,8.468,294.1,73,0.0,0.0,
7.9.2026,23:31:11.466,0.0,2.5,7.014,137.9,41,0.0,0.0,
7.9.2026,23:31:11.673,13.8,6.8,8.620,399.7,73,0.0,0.0,
7.9.2026,23:31:11.883,3.2,2.7,8.060,170.5,73,0.0,0.0,
7.9.2026,23:31:12.081,1.9,3.3,7.780,118.7,73,0.0,0.0,
7.9.2026,23:31:12.294,4.4,3.9,7.479,107.1,73,0.0,0.0,
7.9.2026,23:31:12.500,12.1,7.2,7.850,378.4,73,0.0,0.0,
7.9.2026,23:31:12.715,0.5,2.7,7.655,64.2,71,0.0,0.0,
7.9.2026,23:31:12.906,6.4,9.4,7.756,127.2,71,0.0,0.0,
7.9.2026,23:31:13.116,0.0,3.8,8.856,105.9,61,0.0,0.0,
7.9.2026,23:31:13.327,1.0,2.9,7.896,110.9,73,0.0,0.0,
7.9.2026,23:31:13.535,7.8,6.3,7.947,171.2,66,0.0,0.0,
7.9.2026,23:31:13.731,1.5,2.3,7.594,84.7,65,0.0,0.0,
7.9.2026,23:31:13.944,8.3,8.7,8.150,153.8,44,0.0,0.0,
7.9.2026,23:31:14.148,0.0,1.2,7.400,110.8,41,0.0,0.0,
7.9.2026,23:31:14.356,8.9,7.8,7.956,373.1,42,0.0,0.0,
7.9.2026,23:31:14.567,7.2,5.2,7.690,93.4,46,0.0,0.0,
7.9.2026,23:31:14.773,5.1,3.9,7.759,340.4,40,0.0,0.0,
7.9.2026,23:31:14.982,12.2,5.3,7.768,555.6,42,0.0,0.0,
7.9.2026,23:31:15.196,4.8,6.4,7.614,81.3,43,0.0,0.0,
7.9.2026,23:31:15.391,0.7,3.4,7.833,120.7,42,0.0,0.0,
7.9.2026,23:31:15.602,6.8,5.9,8.389,85.3,47,0.0,0.0,
7.9.2026,23:31:15.798,1.4,3.4,7.804,128.4,47,0.0,0.0,
7.9.2026,23:31:16.012,8.8,7.1,8.716,247.5,41,0.0,0.0,
7.9.2026,23:31:16.218,6.3,7.1,7.928,133.8,42,0.0,0.0,
7.9.2026,23:31:16.433,0.2,5.3,7.608,67.2,40,0.0,0.0,
7.9.2026,23:31:16.629,4.6,5.3,7.533,89.8,43,0.0,0.0,
7.9.2026,23:31:16.837,14.5,4.9,7.711,782.4,41,0.0,0.0,
7.9.2026,23:31:17.034,12.6,7.5,9.280,279.2,41,0.0,0.0,
7.9.2026,23:31:17.229,0.0,3.0,8.089,169.4,40,0.0,0.0,
7.9.2026,23:31:17.435,8.7,7.1,7.884,155.5,42,0.0,0.0,
7.9.2026,23:31:17.650,0.9,5.0,7.891,81.1,41,0.0,0.0,
7.9.2026,23:31:17.840,6.1,4.5,7.950,110.4,41,0.0,0.0,
7.9.2026,23:31:18.048,2.2,4.8,7.712,151.5,39,0.0,0.0,
7.9.2026,23:31:18.260,0.1,3.5,7.676,90.8,39,0.0,0.0,
7.9.2026,23:31:18.470,8.7,5.4,8.303,173.7,41,0.0,0.0,
7.9.2026,23:31:18.679,0.0,3.2,7.472,76.1,41,0.0,0.0,
7.9.2026,23:31:18.872,1.4,4.6,7.629,122.5,40,0.0,0.0,
7.9.2026,23:31:19.078,8.2,6.8,7.929,110.3,39,0.0,0.0,
7.9.2026,23:31:19.287,0.0,5.1,7.849,78.0,41,0.0,0.0,
7.9.2026,23:31:19.480,7.1,5.1,7.849,95.2,40,0.0,0.0,
7.9.2026,23:31:19.694,0.0,5.2,7.678,76.2,40,0.0,0.0,
7.9.2026,23:31:19.891,7.5,6.1,8.256,220.2,40,0.0,0.0,
7.9.2026,23:31:20.105,0.0,3.7,8.033,85.0,41,0.0,0.0,
7.9.2026,23:31:20.312,7.3,9.2,7.667,91.3,41,0.0,0.0,
7.9.2026,23:31:20.522,2.6,2.1,7.639,183.9,41,0.0,0.0,
7.9.2026,23:31:20.730,0.7,2.8,7.457,83.8,41,0.0,0.0,
7.9.2026,23:31:20.944,8.1,6.7,7.906,178.0,41,0.0,0.0,
7.9.2026,23:31:21.140,5.6,4.3,7.906,88.3,41,0.0,0.0,
7.9.2026,23:31:21.346,0.0,3.5,7.732,66.0,40,0.0,0.0,
7.9.2026,23:31:21.545,6.8,4.3,7.886,196.7,40,0.0,0.0,
7.9.2026,23:31:21.752,4.6,7.7,8.146,106.5,40,0.0,0.0,
7.9.2026,23:31:21.959,1.5,2.8,8.135,56.6,40,0.0,0.0,
7.9.2026,23:31:22.156,5.0,5.6,8.098,71.4,40,0.0,0.0,
7.9.2026,23:31:22.365,1.8,4.7,7.404,121.6,39,0.0,0.0,
7.9.2026,23:31:22.564,7.7,6.9,7.509,175.7,40,0.0,0.0,
7.9.2026,23:31:22.773,0.0,1.6,8.248,89.3,41,0.0,0.0,
7.9.2026,23:31:22.973,5.9,5.8,7.782,125.9,41,0.0,0.0,
7.9.2026,23:31:23.180,1.5,3.4,7.852,103.4,40,0.0,0.0,
7.9.2026,23:31:23.375,9.6,6.5,7.864,145.7,40,0.0,0.0,
7.9.2026,23:31:23.584,0.0,7.8,7.801,132.4,41,0.0,0.0,
7.9.2026,23:31:23.777,6.2,5.7,7.786,110.1,41,0.0,0.0,
7.9.2026,23:31:23.987,0.3,6.2,9.092,122.4,41,0.0,0.0,
7.9.2026,23:31:24.197,0.0,3.8,9.101,71.4,41,0.0,0.0,
7.9.2026,23:31:24.402,5.6,7.2,9.458,62.6,40,0.0,0.0,
7.9.2026,23:31:24.611,7.0,4.9,9.872,149.0,40,0.0,0.0,
7.9.2026,23:31:24.830,0.0,6.6,7.668,89.2,41,0.0,0.0,
7.9.2026,23:31:25.036,5.1,2.6,8.062,182.8,41,0.0,0.0,
7.9.2026,23:31:25.248,3.0,6.8,7.883,91.9,41,0.0,0.0,
7.9.2026,23:31:25.462,3.3,4.9,8.335,46.4,41,0.0,0.0,
7.9.2026,23:31:25.652,7.2,6.4,7.067,134.1,41,0.0,0.0,
7.9.2026,23:31:25.863,1.2,3.1,7.569,92.3,41,0.0,0.0,
7.9.2026,23:31:26.076,0.0,3.9,7.957,128.7,41,0.0,0.0,
7.9.2026,23:31:26.289,5.2,5.8,8.075,122.0,42,0.0,0.0,
7.9.2026,23:31:26.482,13.9,7.6,7.486,457.4,40,0.0,0.0,
7.9.2026,23:31:26.698,2.9,5.0,9.015,155.0,41,0.0,0.0,
7.9.2026,23:31:26.912,5.8,4.5,7.747,91.9,40,0.0,0.0,
7.9.2026,23:31:27.117,0.0,3.6,7.898,124.6,40,0.0,0.0,
7.9.2026,23:31:27.311,8.6,12.4,7.898,95.9,41,0.0,0.0,
7.9.2026,23:31:27.530,0.5,1.0,8.892,227.0,41,0.0,0.0,
7.9.2026,23:31:27.738,6.1,6.7,7.947,96.9,41,0.0,0.0,
7.9.2026,23:31:27.952,0.4,4.0,7.637,80.3,40,0.0,0.0,
7.9.2026,23:31:28.158,8.5,6.1,7.895,217.2,40,0.0,0.0,
7.9.2026,23:31:28.363,1.4,4.0,7.700,97.4,41,0.0,0.0,
7.9.2026,23:31:28.570,5.4,4.7,8.003,209.5,40,0.0,0.0,
7.9.2026,23:31:28.761,1.6,2.9,8.003,106.8,41,0.0,0.0,
7.9.2026,23:31:28.980,9.0,8.4,7.733,144.0,40,0.0,0.0,
7.9.2026,23:31:29.186,4.8,5.0,7.898,125.3,41,0.0,0.0,
7.9.2026,23:31:29.400,1.5,5.0,7.877,95.4,41,0.0,0.0,
7.9.2026,23:31:29.598,0.3,3.5,7.836,157.9,42,0.0,0.0,
7.9.2026,23:31:29.797,3.7,5.2,7.984,73.4,41,0.0,0.0,
7.9.2026,23:31:30.014,4.5,7.7,7.678,91.8,41,0.0,0.0,
7.9.2026,23:31:30.227,6.2,5.4,8.296,137.8,42,0.0,0.0,
7.9.2026,23:31:30.417,7.4,3.7,8.296,527.8,40,0.0,0.0,
7.9.2026,23:31:30.629,8.3,7.5,7.452,121.6,42,0.0,0.0,
7.9.2026,23:31:30.826,0.7,3.0,8.281,149.6,41,0.0,0.0,
7.9.2026,23:31:31.039,5.5,6.8,7.737,96.0,41,0.0,0.0,
7.9.2026,23:31:31.234,0.3,3.0,7.579,141.1,41,0.0,0.0,
7.9.2026,23:31:31.442,9.2,5.3,8.059,103.8,41,0.0,0.0,
7.9.2026,23:31:31.654,0.4,5.7,7.342,125.4,41,0.0,0.0,
7.9.2026,23:31:31.862,5.8,6.9,7.708,82.5,41,0.0,0.0,
7.9.2026,23:31:32.073,1.1,2.6,7.403,133.7,40,0.0,0.0,
7.9.2026,23:31:32.263,8.2,9.5,7.651,120.0,41,0.0,0.0,
7.9.2026,23:31:32.475,0.0,1.8,8.107,76.5,40,0.0,0.0,
7.9.2026,23:31:32.681,2.8,4.5,7.947,146.9,41,0.0,0.0,
7.9.2026,23:31:32.894,7.9,10.2,8.363,104.4,40,0.0,0.0,
7.9.2026,23:31:33.099,0.7,1.9,7.966,129.0,40,0.0,0.0,
7.9.2026,23:31:33.295,7.6,9.1,7.918,116.1,40,0.0,0.0,
7.9.2026,23:31:33.500,3.5,1.9,8.204,206.3,41,0.0,0.0,
7.9.2026,23:31:33.710,2.5,3.3,8.134,146.1,41,0.0,0.0,
7.9.2026,23:31:33.910,7.3,8.7,7.780,106.4,42,0.0,0.0,
7.9.2026,23:31:34.118,0.0,3.9,8.175,140.9,42,0.0,0.0,
7.9.2026,23:31:34.309,8.9,6.8,8.068,153.2,40,0.0,0.0,
7.9.2026,23:31:34.518,1.0,3.7,7.903,106.1,41,0.0,0.0,
7.9.2026,23:31:34.726,1.8,5.3,7.930,130.6,41,0.0,0.0,
7.9.2026,23:31:34.929,5.9,5.9,8.139,172.3,41,0.0,0.0,
7.9.2026,23:31:35.134,6.2,6.5,7.938,131.5,40,0.0,0.0,
7.9.2026,23:31:35.331,3.7,5.7,7.267,163.5,40,0.0,0.0,
7.9.2026,23:31:35.528,4.2,3.0,7.664,89.1,41,0.0,0.0,
7.9.2026,23:31:35.739,0.0,1.5,7.411,119.1,41,0.0,0.0,
7.9.2026,23:31:35.933,12.7,7.3,7.680,348.4,40,0.0,0.0,
7.9.2026,23:31:36.145,5.0,7.1,7.697,254.2,41,0.0,0.0,
7.9.2026,23:31:36.343,5.6,5.2,7.793,129.2,40,0.0,0.0,
7.9.2026,23:31:36.555,0.8,2.3,7.706,116.4,40,0.0,0.0,
7.9.2026,23:31:36.745,5.6,4.8,7.920,72.6,39,0.0,0.0,
7.9.2026,23:31:36.953,2.0,7.7,8.347,126.9,41,0.0,0.0,
7.9.2026,23:31:37.158,1.7,4.0,9.025,101.3,40,0.0,0.0,
7.9.2026,23:31:37.369,2.3,3.4,8.515,140.3,41,0.0,0.0,
7.9.2026,23:31:37.568,3.7,6.1,8.702,106.5,40,0.0,0.0,
7.9.2026,23:31:37.779,2.4,4.5,9.194,152.3,40,0.0,0.0,
7.9.2026,23:31:37.989,4.8,7.4,8.778,89.4,39,0.0,0.0,
7.9.2026,23:31:38.182,16.9,5.1,7.669,574.6,40,0.0,0.0,
7.9.2026,23:31:38.392,2.2,7.2,7.925,131.7,40,0.0,0.0,
7.9.2026,23:31:38.604,2.8,2.5,7.791,143.0,41,0.0,0.0,
7.9.2026,23:31:38.801,3.9,4.8,7.539,74.0,40,0.0,0.0,
7.9.2026,23:31:39.008,1.3,4.6,8.028,103.5,40,0.0,0.0,
7.9.2026,23:31:39.202,8.5,8.1,7.770,147.3,41,0.0,0.0,
7.9.2026,23:31:39.415,1.5,2.4,8.146,186.3,41,0.0,0.0,
7.9.2026,23:31:39.606,7.9,8.3,7.517,113.8,39,0.0,0.0,
7.9.2026,23:31:39.815,5.1,3.0,8.290,226.4,41,0.0,0.0,
7.9.2026,23:31:40.019,7.1,7.2,8.226,141.1,40,0.0,0.0,
7.9.2026,23:31:40.231,0.2,1.5,8.041,161.9,41,0.0,0.0,
7.9.2026,23:31:40.435,6.4,6.5,7.869,105.8,40,0.0,0.0,
7.9.2026,23:31:40.641,3.0,2.9,7.847,147.0,40,0.0,0.0,
7.9.2026,23:31:40.849,2.5,3.7,8.149,111.8,41,0.0,0.0,
7.9.2026,23:31:41.044,10.9,6.7,7.569,292.4,41,0.0,0.0,
7.9.2026,23:31:41.251,1.4,3.0,7.990,108.9,40,0.0,0.0,
7.9.2026,23:31:41.458,3.1,2.5,8.043,164.9,41,0.0,0.0,
7.9.2026,23:31:41.652,9.4,6.9,8.043,189.4,41,0.0,0.0,
7.9.2026,23:31:41.864,0.0,3.3,7.892,85.8,40,0.0,0.0,
7.9.2026,23:31:42.060,0.0,3.3,7.741,85.8,40,0.0,0.0,
7.9.2026,23:31:42.267,8.8,6.8,8.092,174.7,41,0.0,0.0,
7.9.2026,23:31:42.464,2.5,2.6,7.586,189.2,42,0.0,0.0,
7.9.2026,23:31:42.673,7.6,5.4,8.474,164.9,72,0.0,0.0,
7.9.2026,23:31:42.883,6.7,6.1,7.926,398.4,69,0.0,0.0,
7.9.2026,23:31:43.085,0.0,2.2,7.715,82.5,73,0.0,0.0,
7.9.2026,23:31:43.280,3.3,6.9,7.655,97.6,69,0.0,0.0,
7.9.2026,23:31:43.492,5.8,6.4,8.559,171.3,68,0.0,0.0,
7.9.2026,23:31:43.684,2.0,2.7,6.891,76.7,69,0.0,0.0,
7.9.2026,23:31:43.900,13.3,10.4,8.948,390.0,71,0.0,0.0,
7.9.2026,23:31:44.092,4.7,2.4,6.732,484.6,56,0.0,0.0,
7.9.2026,23:31:44.300,9.8,9.4,8.655,96.0,54,0.0,0.0,
7.9.2026,23:31:44.504,1.6,2.0,8.067,151.6,51,0.0,0.0,
7.9.2026,23:31:44.701,2.5,5.0,7.903,83.9,47,0.0,0.0,
7.9.2026,23:31:44.909,5.9,6.1,7.867,144.7,53,0.0,0.0,
7.9.2026,23:31:45.120,1.5,2.7,7.604,92.1,52,0.0,0.0,
7.9.2026,23:31:45.339,7.0,9.5,7.632,140.2,54,0.0,0.0,
7.9.2026,23:31:45.553,4.2,1.5,6.751,143.1,56,0.0,0.0,
7.9.2026,23:31:45.759,0.0,3.7,7.134,68.8,73,0.0,0.0,
7.9.2026,23:31:45.958,8.9,5.7,7.647,129.1,73,0.0,0.0,
7.9.2026,23:31:46.164,0.0,3.6,7.910,71.5,73,0.0,0.0,
7.9.2026,23:31:46.365,11.0,7.2,9.424,515.8,72,0.0,0.0,
7.9.2026,23:31:46.569,5.3,6.8,7.879,101.8,68,0.0,0.0,
7.9.2026,23:31:46.775,10.0,3.9,7.976,536.8,68,0.0,0.0,
7.9.2026,23:31:46.983,24.5,19.1,17.732,863.1,63,0.0,0.0,
7.9.2026,23:31:47.190,4.9,4.3,8.922,182.4,69,0.0,0.0,
7.9.2026,23:31:47.400,14.3,14.6,17.961,657.8,77,0.0,0.0,
7.9.2026,23:31:47.607,6.6,8.0,7.907,90.3,69,0.0,0.0,
7.9.2026,23:31:47.817,3.4,10.0,13.262,183.4,67,0.0,0.0,
7.9.2026,23:31:48.023,1.5,3.0,7.975,149.0,68,0.0,0.0,
7.9.2026,23:31:48.216,0.1,2.7,7.470,70.2,69,0.0,0.0,
7.9.2026,23:31:48.432,8.6,8.2,9.204,118.5,68,0.0,0.0,
7.9.2026,23:31:48.629,0.0,1.4,7.368,120.1,71,0.0,0.0,
7.9.2026,23:31:48.834,6.5,4.9,8.004,131.6,71,0.0,0.0,
7.9.2026,23:31:49.029,4.5,8.7,8.048,192.0,73,0.0,0.0,
7.9.2026,23:31:49.235,11.4,8.9,8.659,274.8,60,0.0,0.0,
7.9.2026,23:31:49.448,0.0,2.4,8.331,365.4,56,0.0,0.0,
7.9.2026,23:31:49.659,12.3,4.6,7.791,90.9,58,0.0,0.0,
7.9.2026,23:31:49.875,0.0,2.6,7.616,87.6,59,0.0,0.0,
7.9.2026,23:31:50.097,12.7,7.4,7.690,768.5,62,0.0,0.0,
7.9.2026,23:31:50.293,8.9,3.0,6.612,74.0,72,0.0,0.0,
7.9.2026,23:31:50.498,8.1,8.0,8.617,169.9,71,0.0,0.0,
7.9.2026,23:31:50.713,9.6,3.4,7.846,492.1,66,0.0,0.0,
7.9.2026,23:31:50.927,5.8,8.2,6.340,114.0,40,0.0,0.0,
7.9.2026,23:31:51.125,0.0,1.2,8.027,155.1,40,0.0,0.0,
7.9.2026,23:31:51.337,5.9,8.4,7.776,90.9,40,0.0,0.0,
7.9.2026,23:31:51.528,1.2,2.1,8.018,186.5,40,0.0,0.0,
7.9.2026,23:31:51.738,8.0,9.3,10.703,86.3,71,0.0,0.0,
7.9.2026,23:31:51.951,0.1,5.4,7.611,89.7,71,0.0,0.0,
7.9.2026,23:31:52.162,7.6,5.9,7.730,182.8,72,0.0,0.0,
7.9.2026,23:31:52.368,0.6,2.5,7.910,118.9,69,0.0,0.0,
7.9.2026,23:31:52.564,2.3,2.6,7.851,139.7,72,0.0,0.0,
7.9.2026,23:31:52.762,6.4,7.3,7.940,86.5,68,0.0,0.0,
7.9.2026,23:31:52.970,10.6,6.1,7.796,335.0,68,0.0,0.0,
7.9.2026,23:31:53.180,6.3,4.5,7.596,142.0,69,0.0,0.0,
7.9.2026,23:31:53.379,2.8,3.8,7.892,164.4,73,0.0,0.0,
7.9.2026,23:31:53.583,5.1,5.7,7.942,150.6,72,0.0,0.0,
7.9.2026,23:31:53.797,3.6,8.1,7.845,82.3,69,0.0,0.0,
7.9.2026,23:31:54.004,7.0,6.0,6.688,103.2,41,0.0,0.0,
7.9.2026,23:31:54.199,1.0,2.5,6.688,136.5,41,0.0,0.0,
7.9.2026,23:31:54.412,13.8,8.1,7.849,406.8,58,0.0,0.0,
7.9.2026,23:31:54.605,7.0,2.0,8.659,464.9,72,0.0,0.0,
7.9.2026,23:31:54.812,7.7,10.6,7.932,155.1,68,0.0,0.0,
7.9.2026,23:31:55.028,3.1,2.8,8.953,157.5,64,0.0,0.0,
7.9.2026,23:31:55.236,4.0,4.5,7.984,69.1,71,0.0,0.0,
7.9.2026,23:31:55.448,1.0,3.0,7.817,96.0,73,0.0,0.0,
7.9.2026,23:31:55.640,0.1,2.2,6.812,145.5,73,0.0,0.0,
7.9.2026,23:31:55.847,4.6,10.4,8.303,91.7,57,0.0,0.0,
7.9.2026,23:31:56.060,3.6,4.0,7.578,75.7,68,0.0,0.0,
7.9.2026,23:31:56.269,6.9,4.7,6.483,136.2,41,0.0,0.0,
7.9.2026,23:31:56.481,10.5,11.4,7.929,271.2,44,0.0,0.0,
7.9.2026,23:31:56.695,0.0,2.7,9.403,208.5,40,0.0,0.0,
7.9.2026,23:31:56.888,7.8,7.3,8.041,114.8,41,0.0,0.0,
7.9.2026,23:31:57.097,0.0,2.6,8.092,169.8,41,0.0,0.0,
7.9.2026,23:31:57.301,5.4,5.3,8.516,89.2,40,0.0,0.0,
7.9.2026,23:31:57.500,5.5,7.4,7.943,163.4,41,0.0,0.0,
7.9.2026,23:31:57.712,2.4,3.8,8.074,236.3,41,0.0,0.0,
7.9.2026,23:31:57.926,6.4,6.9,9.074,127.8,42,0.0,0.0,
7.9.2026,23:31:58.122,9.1,5.2,7.567,233.1,41,0.0,0.0,
7.9.2026,23:31:58.330,1.3,3.0,7.605,103.6,40,0.0,0.0,
7.9.2026,23:31:58.546,5.7,8.9,7.913,152.0,41,0.0,0.0,
7.9.2026,23:31:58.757,0.0,2.6,7.880,100.5,40,0.0,0.0,
7.9.2026,23:31:58.953,8.2,5.1,7.867,123.0,40,0.0,0.0,
7.9.2026,23:31:59.167,5.0,9.0,7.453,128.3,40,0.0,0.0,
7.9.2026,23:31:59.379,0.0,1.0,7.740,94.3,41,0.0,0.0,
7.9.2026,23:31:59.577,6.2,7.0,7.683,139.8,41,0.0,0.0,
7.9.2026,23:31:59.788,0.2,4.7,7.862,104.6,42,0.0,0.0,
7.9.2026,23:31:59.997,7.7,5.2,7.910,135.8,42,0.0,0.0,
7.9.2026,23:32:0.207,0.4,4.1,8.310,130.9,40,0.0,0.0,
7.9.2026,23:32:0.402,7.1,8.3,7.995,93.1,40,0.0,0.0,
7.9.2026,23:32:0.616,0.0,3.4,7.919,128.7,41,0.0,0.0,
7.9.2026,23:32:0.823,8.0,6.6,8.028,89.8,41,0.0,0.0,
7.9.2026,23:32:1.031,2.1,2.5,7.837,152.8,41,0.0,0.0,
7.9.2026,23:32:1.243,0.0,3.6,7.990,78.6,41,0.0,0.0,
7.9.2026,23:32:1.433,8.2,5.0,7.689,82.8,40,0.0,0.0,
7.9.2026,23:32:1.650,0.0,4.5,8.128,81.4,41,0.0,0.0,
7.9.2026,23:32:1.842,8.9,8.6,8.048,156.8,41,0.0,0.0,
7.9.2026,23:32:2.051,3.1,2.9,7.758,153.6,40,0.0,0.0,
7.9.2026,23:32:2.251,4.1,6.3,8.044,125.2,41,0.0,0.0,
7.9.2026,23:32:2.464,5.5,4.8,7.807,92.8,40,0.0,0.0,
7.9.2026,23:32:2.672,4.4,4.2,7.729,235.0,40,0.0,0.0,
7.9.2026,23:32:2.885,6.7,5.3,7.862,124.7,40,0.0,0.0,
7.9.2026,23:32:3.096,1.6,4.8,7.541,163.2,40,0.0,0.0,
7.9.2026,23:32:3.302,0.4,2.8,7.929,89.0,40,0.0,0.0,
7.9.2026,23:32:3.500,7.7,8.3,7.779,198.5,41,0.0,0.0,
7.9.2026,23:32:3.714,5.5,3.4,7.731,107.1,41,0.0,0.0,
7.9.2026,23:32:3.920,3.6,8.3,7.820,183.7,40,0.0,0.0,
7.9.2026,23:32:4.127,1.3,4.8,8.630,109.4,41,0.0,0.0,
7.9.2026,23:32:4.325,5.6,7.4,7.929,98.2,40,0.0,0.0,
7.9.2026,23:32:4.535,2.6,2.4,7.801,150.4,41,0.0,0.0,
7.9.2026,23:32:4.740,1.0,6.4,7.630,111.0,41,0.0,0.0,
7.9.2026,23:32:4.937,1.0,6.4,8.200,111.0,41,0.0,0.0,
7.9.2026,23:32:5.143,6.1,8.1,8.027,83.3,40,0.0,0.0,
7.9.2026,23:32:5.350,0.6,2.1,8.120,110.0,41,0.0,0.0,
7.9.2026,23:32:5.546,2.9,3.6,7.894,165.2,40,0.0,0.0,
7.9.2026,23:32:5.756,7.5,5.9,8.594,147.2,71,0.0,0.0,
7.9.2026,23:32:5.950,1.4,3.4,7.512,117.2,73,0.0,0.0,
7.9.2026,23:32:6.163,7.0,8.2,8.081,101.9,71,0.0,0.0,
7.9.2026,23:32:6.357,0.0,1.0,7.567,132.3,72,0.0,0.0,
7.9.2026,23:32:6.567,10.5,10.9,9.238,184.8,54,0.0,0.0,
7.9.2026,23:32:6.777,1.0,4.6,7.726,145.7,52,0.0,0.0,
7.9.2026,23:32:6.982,0.4,6.2,7.537,110.6,57,0.0,0.0,
7.9.2026,23:32:7.195,12.9,5.8,9.679,273.5,60,0.0,0.0,
7.9.2026,23:32:7.391,0.0,2.3,6.688,134.5,69,0.0,0.0,
7.9.2026,23:32:7.601,8.7,8.1,8.929,175.3,70,0.0,0.0,
7.9.2026,23:32:7.794,1.2,1.7,7.390,215.0,69,0.0,0.0,
7.9.2026,23:32:8.007,7.8,10.5,8.846,86.1,64,0.0,0.0,
7.9.2026,23:32:8.213,3.4,3.9,9.028,255.2,70,0.0,0.0,
7.9.2026,23:32:8.430,8.2,9.4,8.048,118.9,68,0.0,0.0,
7.9.2026,23:32:8.632,0.0,0.7,6.809,68.8,67,0.0,0.0,
7.9.2026,23:32:8.838,6.2,6.8,7.957,169.2,71,0.0,0.0,
7.9.2026,23:32:9.048,7.5,7.4,9.637,80.1,71,0.0,0.0,
7.9.2026,23:32:9.255,5.0,4.9,7.912,293.6,72,0.0,0.0,
7.9.2026,23:32:9.451,1.4,5.6,8.078,95.4,69,0.0,0.0,
7.9.2026,23:32:9.666,5.6,7.4,8.412,196.1,52,0.0,0.0,
7.9.2026,23:32:9.873,8.5,5.4,7.646,123.4,71,0.0,0.0,
7.9.2026,23:32:10.082,1.5,5.0,7.497,89.3,68,0.0,0.0,
7.9.2026,23:32:10.278,1.3,2.9,9.853,121.8,73,0.0,0.0,
7.9.2026,23:32:10.491,5.6,6.1,8.037,92.0,68,0.0,0.0,
7.9.2026,23:32:10.698,0.0,3.3,6.810,84.8,41,0.0,0.0,
7.9.2026,23:32:10.906,8.9,7.3,8.005,157.5,40,0.0,0.0,
7.9.2026,23:32:11.115,1.1,2.1,7.605,96.6,41,0.0,0.0,
7.9.2026,23:32:11.322,5.0,8.3,7.693,69.1,39,0.0,0.0,
7.9.2026,23:32:11.519,5.0,8.3,8.068,69.1,39,0.0,0.0,
7.9.2026,23:32:11.732,7.2,7.2,7.759,136.4,40,0.0,0.0,
7.9.2026,23:32:11.941,5.3,4.1,8.708,353.2,41,0.0,0.0,
7.9.2026,23:32:12.147,3.5,2.7,8.036,165.5,41,0.0,0.0,
7.9.2026,23:32:12.342,6.5,8.4,8.036,91.0,39,0.0,0.0,
7.9.2026,23:32:12.553,6.4,2.7,7.636,357.5,41,0.0,0.0,
7.9.2026,23:32:12.762,9.2,9.5,7.835,220.0,40,0.0,0.0,
7.9.2026,23:32:12.972,0.5,4.2,7.678,101.9,41,0.0,0.0,
7.9.2026,23:32:13.187,2.3,1.8,8.061,129.7,41,0.0,0.0,
7.9.2026,23:32:13.392,6.0,4.8,7.400,93.1,41,0.0,0.0,
7.9.2026,23:32:13.598,1.3,2.8,7.278,75.5,40,0.0,0.0,
7.9.2026,23:32:13.795,6.3,8.3,7.278,73.6,41,0.0,0.0,
7.9.2026,23:32:14.005,0.1,3.7,7.787,81.9,40,0.0,0.0,
7.9.2026,23:32:14.200,6.2,5.8,7.998,143.3,41,0.0,0.0,
7.9.2026,23:32:14.408,2.3,4.9,7.957,132.1,40,0.0,0.0,
7.9.2026,23:32:14.616,0.5,2.6,8.201,108.8,40,0.0,0.0,
7.9.2026,23:32:14.809,0.5,2.6,7.768,108.8,40,0.0,0.0,
7.9.2026,23:32:15.021,10.3,8.7,7.744,187.9,41,0.0,0.0,
7.9.2026,23:32:15.221,0.0,3.3,7.417,139.6,40,0.0,0.0,
7.9.2026,23:32:15.430,6.5,6.0,8.534,169.3,68,0.0,0.0,
7.9.2026,23:32:15.635,3.7,4.4,8.791,215.1,72,0.0,0.0,
7.9.2026,23:32:15.856,8.9,6.9,7.722,115.5,71,0.0,0.0,
7.9.2026,23:32:16.071,0.0,2.1,6.623,93.6,41,0.0,0.0,
7.9.2026,23:32:16.265,0.0,2.1,7.382,93.6,41,0.0,0.0,
7.9.2026,23:32:16.472,6.5,8.8,8.172,85.9,39,0.0,0.0,
7.9.2026,23:32:16.668,3.5,6.2,9.182,202.9,42,0.0,0.0,
7.9.2026,23:32:16.889,4.1,3.4,7.590,145.0,40,0.0,0.0,
7.9.2026,23:32:17.100,0.7,2.9,7.869,178.2,40,0.0,0.0,
7.9.2026,23:32:17.299,5.9,7.6,8.040,109.6,40,0.0,0.0,
7.9.2026,23:32:17.503,4.7,6.7,8.191,250.0,41,0.0,0.0,
7.9.2026,23:32:17.717,1.6,3.1,8.977,135.5,40,0.0,0.0,
7.9.2026,23:32:17.931,6.6,5.8,7.892,177.0,40,0.0,0.0,
7.9.2026,23:32:18.128,4.9,7.7,7.753,94.3,40,0.0,0.0,
7.9.2026,23:32:18.329,7.0,6.7,8.159,143.8,40,0.0,0.0,
7.9.2026,23:32:18.538,0.0,3.2,8.604,75.2,40,0.0,0.0,
7.9.2026,23:32:18.733,6.9,5.4,8.018,111.4,40,0.0,0.0,
7.9.2026,23:32:18.944,2.0,4.8,8.055,139.7,40,0.0,0.0,
7.9.2026,23:32:19.151,7.2,7.7,8.056,121.0,40,0.0,0.0,
7.9.2026,23:32:19.357,1.4,2.5,7.912,82.6,39,0.0,0.0,
7.9.2026,23:32:19.567,7.8,4.4,8.490,388.7,40,0.0,0.0,
7.9.2026,23:32:19.773,1.9,3.0,7.818,151.1,41,0.0,0.0,
7.9.2026,23:32:19.969,8.1,6.1,8.331,134.0,41,0.0,0.0,
7.9.2026,23:32:20.182,0.0,5.3,7.910,145.2,40,0.0,0.0,
7.9.2026,23:32:20.372,18.0,7.7,8.144,584.2,41,0.0,0.0,
7.9.2026,23:32:20.583,0.0,2.2,8.616,110.1,41,0.0,0.0,
7.9.2026,23:32:20.779,0.0,2.2,8.202,110.1,41,0.0,0.0,
7.9.2026,23:32:20.988,6.7,9.4,7.935,121.7,39,0.0,0.0,
7.9.2026,23:32:21.204,4.7,5.1,7.867,72.5,41,0.0,0.0,
7.9.2026,23:32:21.411,1.9,2.9,8.158,167.1,41,0.0,0.0,
7.9.2026,23:32:21.613,4.9,6.9,8.461,90.6,40,0.0,0.0,
7.9.2026,23:32:21.818,2.0,3.4,7.934,165.4,40,0.0,0.0,
7.9.2026,23:32:22.018,5.5,8.3,8.481,114.4,40,0.0,0.0,
7.9.2026,23:32:22.229,0.8,2.2,8.469,132.5,41,0.0,0.0,
7.9.2026,23:32:22.422,0.8,2.2,7.971,132.5,41,0.0,0.0,
7.9.2026,23:32:22.635,7.4,5.7,8.202,183.5,39,0.0,0.0,
7.9.2026,23:32:22.844,1.7,3.5,7.861,130.4,40,0.0,0.0,
7.9.2026,23:32:23.051,2.3,2.8,8.147,138.4,40,0.0,0.0,
7.9.2026,23:32:23.266,6.3,5.1,8.447,113.1,41,0.0,0.0,
7.9.2026,23:32:23.477,0.0,6.7,7.807,132.7,40,0.0,0.0,
7.9.2026,23:32:23.669,8.7,6.4,8.124,135.9,41,0.0,0.0,
7.9.2026,23:32:23.880,0.7,3.2,8.031,133.9,41,0.0,0.0,
7.9.2026,23:32:24.088,6.8,9.8,8.013,73.5,41,0.0,0.0,
7.9.2026,23:32:24.300,0.2,2.0,7.832,62.1,40,0.0,0.0,
7.9.2026,23:32:24.509,0.0,5.2,7.165,124.1,40,0.0,0.0,
7.9.2026,23:32:24.722,4.8,5.2,7.638,64.1,41,0.0,0.0,
7.9.2026,23:32:24.918,6.2,4.8,7.834,91.7,41,0.0,0.0,
7.9.2026,23:32:25.126,1.1,3.7,7.895,76.9,41,0.0,0.0,
7.9.2026,23:32:25.336,0.3,5.4,7.879,86.7,40,0.0,0.0,
7.9.2026,23:32:25.531,5.2,5.7,7.961,124.4,40,0.0,0.0,
7.9.2026,23:32:25.739,1.0,2.5,8.157,83.9,40,0.0,0.0,
7.9.2026,23:32:25.949,2.2,4.3,8.214,162.2,41,0.0,0.0,
7.9.2026,23:32:26.158,6.5,8.3,8.252,93.3,41,0.0,0.0,
7.9.2026,23:32:26.375,0.0,2.5,8.043,72.2,40,0.0,0.0,
7.9.2026,23:32:26.589,6.0,4.6,7.623,150.6,40,0.0,0.0,
7.9.2026,23:32:26.797,4.1,7.3,8.137,53.5,39,0.0,0.0,
7.9.2026,23:32:26.998,2.2,6.1,8.003,178.9,40,0.0,0.0,
7.9.2026,23:32:27.211,5.5,4.3,9.634,121.6,40,0.0,0.0,
7.9.2026,23:32:27.401,6.8,7.0,7.709,145.2,39,0.0,0.0,
7.9.2026,23:32:27.610,2.9,4.2,8.249,156.2,39,0.0,0.0,
7.9.2026,23:32:27.823,0.0,3.6,8.326,80.9,41,0.0,0.0,
7.9.2026,23:32:28.028,9.7,7.1,8.146,274.0,41,0.0,0.0,
7.9.2026,23:32:28.239,0.1,4.6,9.421,121.0,41,0.0,0.0,
7.9.2026,23:32:28.450,2.9,3.5,8.116,154.9,41,0.0,0.0,
7.9.2026,23:32:28.654,8.3,7.5,8.372,128.8,40,0.0,0.0,
7.9.2026,23:32:28.868,0.0,2.9,8.083,84.1,39,0.0,0.0,
7.9.2026,23:32:29.058,9.1,6.4,7.973,159.4,40,0.0,0.0,
7.9.2026,23:32:29.266,1.9,5.0,8.293,155.2,41,0.0,0.0,
7.9.2026,23:32:29.474,2.5,3.3,8.432,165.4,40,0.0,0.0,
7.9.2026,23:32:29.681,9.7,6.9,8.495,181.4,41,0.0,0.0,
7.9.2026,23:32:29.877,8.2,6.2,8.295,533.6,41,0.0,0.0,
7.9.2026,23:32:30.077,5.7,3.5,8.668,140.0,40,0.0,0.0,
7.9.2026,23:32:30.285,0.6,4.9,8.281,93.5,40,0.0,0.0,
7.9.2026,23:32:30.492,9.8,5.0,8.566,502.6,40,0.0,0.0,
7.9.2026,23:32:30.684,9.8,5.0,8.177,502.6,40,0.0,0.0,
7.9.2026,23:32:30.895,8.0,10.2,8.662,104.5,41,0.0,0.0,
7.9.2026,23:32:31.092,1.4,2.5,8.191,137.5,40,0.0,0.0,
7.9.2026,23:32:31.311,5.3,7.5,9.515,121.1,70,0.0,0.0,
7.9.2026,23:32:31.523,3.8,4.9,7.444,99.2,41,0.0,0.0,
7.9.2026,23:32:31.725,0.0,2.4,8.305,132.5,41,0.0,0.0,
7.9.2026,23:32:31.919,3.1,5.0,8.266,94.4,42,0.0,0.0,
7.9.2026,23:32:32.128,6.3,8.2,9.178,77.2,72,0.0,0.0,
7.9.2026,23:32:32.340,0.6,4.9,8.342,74.7,69,0.0,0.0,
7.9.2026,23:32:32.553,4.6,3.5,7.586,407.1,41,0.0,0.0,
7.9.2026,23:32:32.751,4.6,3.5,8.950,407.1,41,0.0,0.0,
7.9.2026,23:32:32.964,8.6,3.6,9.589,207.9,40,0.0,0.0,
7.9.2026,23:32:33.171,2.0,5.4,8.753,138.9,41,0.0,0.0,
7.9.2026,23:32:33.382,2.2,4.2,8.834,171.3,40,0.0,0.0,
7.9.2026,23:32:33.587,2.4,4.6,8.683,159.2,41,0.0,0.0,
7.9.2026,23:32:33.779,2.4,4.6,8.668,159.2,41,0.0,0.0,
7.9.2026,23:32:33.988,7.8,10.9,8.125,97.4,40,0.0,0.0,
7.9.2026,23:32:34.198,1.4,2.0,8.194,137.0,42,0.0,0.0,
7.9.2026,23:32:34.410,0.0,3.6,7.796,76.7,41,0.0,0.0,
7.9.2026,23:32:34.617,0.0,3.0,8.316,86.1,40,0.0,0.0,
7.9.2026,23:32:34.816,0.0,3.0,8.372,86.1,40,0.0,0.0,
7.9.2026,23:32:35.028,6.9,4.9,8.667,107.2,41,0.0,0.0,
7.9.2026,23:32:35.232,1.0,7.3,8.942,94.8,41,0.0,0.0,
7.9.2026,23:32:35.444,0.0,1.7,8.656,58.3,41,0.0,0.0,
7.9.2026,23:32:35.640,7.4,8.1,8.322,160.7,40,0.0,0.0,
7.9.2026,23:32:35.861,3.0,2.5,8.915,81.9,40,0.0,0.0,
7.9.2026,23:32:36.059,3.7,9.1,8.720,100.0,40,0.0,0.0,
7.9.2026,23:32:36.268,1.4,3.7,8.820,115.2,40,0.0,0.0,
7.9.2026,23:32:36.475,1.5,2.9,9.055,118.0,40,0.0,0.0,
7.9.2026,23:32:36.684,8.2,6.8,8.476,118.3,41,0.0,0.0,
7.9.2026,23:32:36.896,0.4,3.4,8.731,78.2,41,0.0,0.0,
7.9.2026,23:32:37.105,0.0,3.7,8.351,133.9,39,0.0,0.0,
7.9.2026,23:32:37.313,6.8,7.2,8.266,94.4,40,0.0,0.0,
7.9.2026,23:32:37.525,2.5,5.3,7.995,167.2,40,0.0,0.0,
7.9.2026,23:32:37.721,8.2,7.0,9.529,151.6,40,0.0,0.0,
7.9.2026,23:32:37.933,1.2,1.6,7.962,168.1,41,0.0,0.0,
7.9.2026,23:32:38.145,6.6,6.2,8.292,165.5,41,0.0,0.0,
7.9.2026,23:32:38.352,0.5,7.8,8.261,157.1,47,0.0,0.0,
7.9.2026,23:32:38.560,10.5,10.5,8.817,195.4,40,0.0,0.0,
7.9.2026,23:32:38.782,0.0,1.5,8.922,124.7,41,0.0,0.0,
7.9.2026,23:32:39.003,8.4,10.1,8.639,78.8,41,0.0,0.0,
7.9.2026,23:32:39.215,0.6,2.6,8.131,189.6,41,0.0,0.0,
7.9.2026,23:32:39.428,5.5,7.8,8.629,113.2,39,0.0,0.0,
7.9.2026,23:32:39.638,0.0,2.5,7.895,124.3,40,0.0,0.0,
7.9.2026,23:32:39.854,6.0,5.1,7.469,83.0,40,0.0,0.0,
7.9.2026,23:32:40.051,1.5,3.2,7.929,67.6,40,0.0,0.0,
7.9.2026,23:32:40.254,9.2,4.6,7.165,204.6,40,0.0,0.0,
7.9.2026,23:32:40.469,0.0,5.0,8.517,146.6,40,0.0,0.0,
7.9.2026,23:32:40.682,11.0,9.9,7.546,201.2,40,0.0,0.0,
7.9.2026,23:32:40.884,3.7,2.9,7.796,152.2,41,0.0,0.0,
7.9.2026,23:32:41.073,8.8,5.1,7.850,196.2,41,0.0,0.0,
7.9.2026,23:32:41.279,4.5,7.9,7.823,171.4,41,0.0,0.0,
7.9.2026,23:32:41.488,3.8,4.5,8.727,201.3,40,0.0,0.0,
7.9.2026,23:32:41.695,0.2,2.2,8.266,92.6,40,0.0,0.0,
7.9.2026,23:32:41.888,7.8,6.4,8.327,100.3,41,0.0,0.0,
7.9.2026,23:32:42.106,0.0,3.6,8.329,66.6,41,0.0,0.0,
7.9.2026,23:32:42.319,7.6,6.6,8.137,169.4,42,0.0,0.0,
7.9.2026,23:32:42.517,2.6,3.7,7.807,87.6,40,0.0,0.0,
7.9.2026,23:32:42.728,0.0,3.2,7.709,149.4,42,0.0,0.0,
7.9.2026,23:32:42.922,9.0,8.3,8.127,157.3,41,0.0,0.0,
7.9.2026,23:32:43.135,0.0,2.8,7.954,90.0,41,0.0,0.0,
7.9.2026,23:32:43.338,8.5,6.7,8.211,225.9,42,0.0,0.0,
7.9.2026,23:32:43.528,10.0,9.0,7.995,118.5,40,0.0,0.0,
7.9.2026,23:32:43.739,0.0,4.7,7.661,113.0,41,0.0,0.0,
7.9.2026,23:32:43.942,5.3,4.5,8.237,155.1,42,0.0,0.0,
7.9.2026,23:32:44.138,6.0,10.2,8.107,115.7,41,0.0,0.0,
7.9.2026,23:32:44.359,0.0,0.7,8.495,144.2,41,0.0,0.0,
7.9.2026,23:32:44.576,9.2,10.3,8.361,98.6,40,0.0,0.0,
7.9.2026,23:32:44.787,0.1,2.5,7.621,216.6,40,0.0,0.0,
7.9.2026,23:32:44.983,5.7,5.9,7.808,80.4,41,0.0,0.0,
7.9.2026,23:32:45.199,6.6,2.7,7.792,518.6,41,0.0,0.0,
7.9.2026,23:32:45.411,6.7,6.6,7.307,131.9,42,0.0,0.0,
7.9.2026,23:32:45.605,14.8,8.7,8.355,484.1,41,0.0,0.0,
7.9.2026,23:32:45.817,0.0,1.8,8.717,145.1,40,0.0,0.0,
7.9.2026,23:32:46.015,6.9,6.0,8.717,131.4,42,0.0,0.0,
7.9.2026,23:32:46.225,0.2,5.3,8.442,85.9,42,0.0,0.0,
7.9.2026,23:32:46.422,5.1,5.6,8.102,117.0,40,0.0,0.0,
7.9.2026,23:32:46.634,0.0,2.4,7.895,104.2,41,0.0,0.0,
7.9.2026,23:32:46.830,9.5,8.9,7.749,217.4,40,0.0,0.0,
7.9.2026,23:32:47.035,0.4,3.0,9.619,87.0,41,0.0,0.0,
7.9.2026,23:32:47.242,2.6,5.4,7.874,141.8,41,0.0,0.0,
7.9.2026,23:32:47.435,2.6,5.4,8.265,141.8,41,0.0,0.0,
7.9.2026,23:32:47.649,0.0,2.9,8.261,80.2,39,0.0,0.0,
7.9.2026,23:32:47.839,0.0,2.9,7.515,80.2,39,0.0,0.0,
7.9.2026,23:32:48.050,11.6,8.7,9.589,271.2,40,0.0,0.0,
7.9.2026,23:32:48.247,7.4,4.4,9.589,429.4,41,0.0,0.0,
7.9.2026,23:32:48.452,14.7,4.8,7.933,504.6,73,0.0,0.0,
7.9.2026,23:32:48.667,10.8,4.9,8.131,507.5,70,0.0,0.0,
7.9.2026,23:32:48.873,5.6,10.8,7.716,102.7,71,0.0,0.0,
7.9.2026,23:32:49.081,2.2,1.7,7.961,145.4,71,0.0,0.0,
7.9.2026,23:32:49.282,1.4,6.1,8.315,117.6,67,0.0,0.0,
7.9.2026,23:32:49.491,5.9,4.7,8.629,178.7,69,0.0,0.0,
7.9.2026,23:32:49.685,0.7,3.5,8.629,127.2,68,0.0,0.0,
7.9.2026,23:32:49.891,9.7,11.7,8.188,179.5,58,0.0,0.0,
7.9.2026,23:32:50.100,1.3,3.5,9.666,95.2,68,0.0,0.0,
7.9.2026,23:32:50.306,2.6,5.3,8.075,139.5,67,0.0,0.0,
7.9.2026,23:32:50.519,9.4,8.7,8.128,146.0,67,0.0,0.0,
7.9.2026,23:32:50.732,0.0,0.7,7.391,108.1,68,0.0,0.0,
7.9.2026,23:32:50.941,7.2,4.2,8.241,166.1,73,0.0,0.0,
7.9.2026,23:32:51.138,0.7,4.5,9.291,70.1,68,0.0,0.0,
7.9.2026,23:32:51.350,6.1,10.2,8.109,155.2,72,0.0,0.0,
7.9.2026,23:32:51.547,0.0,2.2,8.139,136.3,69,0.0,0.0,
7.9.2026,23:32:51.758,7.7,7.9,8.309,144.5,71,0.0,0.0,
7.9.2026,23:32:51.954,1.9,3.1,8.309,177.1,72,0.0,0.0,
7.9.2026,23:32:52.155,5.0,5.9,8.452,63.7,72,0.0,0.0,
7.9.2026,23:32:52.371,2.7,7.1,7.918,59.9,72,0.0,0.0,
7.9.2026,23:32:52.586,0.0,1.5,8.338,113.1,40,0.0,0.0,
7.9.2026,23:32:52.780,10.5,10.3,8.338,292.5,41,0.0,0.0,
7.9.2026,23:32:52.988,1.5,3.1,8.616,153.5,40,0.0,0.0,
7.9.2026,23:32:53.197,9.4,9.4,8.009,106.9,42,0.0,0.0,
7.9.2026,23:32:53.408,0.4,5.0,7.632,97.9,40,0.0,0.0,
7.9.2026,23:32:53.617,0.8,4.0,7.994,118.8,40,0.0,0.0,
7.9.2026,23:32:53.817,7.6,7.8,7.742,187.8,41,0.0,0.0,
7.9.2026,23:32:54.023,1.6,2.2,8.097,136.6,41,0.0,0.0,
7.9.2026,23:32:54.219,1.6,2.2,7.874,136.6,41,0.0,0.0,
7.9.2026,23:32:54.428,6.4,7.9,7.612,90.6,40,0.0,0.0,
7.9.2026,23:32:54.637,1.6,4.5,10.455,161.0,66,0.0,0.0,
7.9.2026,23:32:54.843,12.8,12.5,12.732,294.3,40,0.0,0.0,
7.9.2026,23:32:55.050,2.6,11.8,12.219,180.1,71,0.0,0.0,
7.9.2026,23:32:55.256,1.4,3.9,8.581,87.9,42,0.0,0.0,
7.9.2026,23:32:55.464,10.5,7.0,10.693,490.7,41,0.0,0.0,
7.9.2026,23:32:55.669,10.7,12.0,11.648,182.8,41,0.0,0.0,
7.9.2026,23:32:55.882,1.8,4.7,11.356,124.5,41,0.0,0.0,
7.9.2026,23:32:56.086,7.2,8.7,10.654,419.5,55,0.0,0.0,
7.9.2026,23:32:56.297,4.4,8.7,12.568,243.7,70,0.0,0.0,
7.9.2026,23:32:56.509,9.5,14.6,8.735,85.7,41,0.0,0.0,
7.9.2026,23:32:56.713,0.8,5.2,10.812,171.0,41,0.0,0.0,
7.9.2026,23:32:56.926,9.4,13.5,12.424,157.0,41,0.0,0.0,
7.9.2026,23:32:57.133,9.0,6.1,11.023,561.5,47,0.0,0.0,
7.9.2026,23:32:57.329,14.3,11.2,10.340,378.8,41,0.0,0.0,
7.9.2026,23:32:57.543,7.5,10.5,10.200,150.3,41,0.0,0.0,
7.9.2026,23:32:57.750,5.1,10.7,10.171,209.4,40,0.0,0.0,
7.9.2026,23:32:57.957,4.2,3.4,8.836,195.5,41,0.0,0.0,
7.9.2026,23:32:58.151,4.2,3.4,8.397,195.5,41,0.0,0.0,
7.9.2026,23:32:58.365,0.0,3.9,8.819,159.2,40,0.0,0.0,
7.9.2026,23:32:58.583,7.7,6.0,8.356,190.8,41,0.0,0.0,
7.9.2026,23:32:58.787,12.7,8.1,8.492,452.8,41,0.0,0.0,
7.9.2026,23:32:59.000,0.0,2.1,7.963,135.2,40,0.0,0.0,
7.9.2026,23:32:59.208,13.7,7.4,8.011,477.7,40,0.0,0.0,
7.9.2026,23:32:59.403,8.0,7.1,7.535,146.0,40,0.0,0.0,
7.9.2026,23:32:59.613,3.5,1.9,7.315,206.1,41,0.0,0.0,
7.9.2026,23:32:59.819,7.4,4.7,8.061,175.8,41,0.0,0.0,
7.9.2026,23:33:0.017,1.3,7.7,8.271,201.9,41,0.0,0.0,
7.9.2026,23:33:0.228,5.4,5.8,7.637,189.7,41,0.0,0.0,
7.9.2026,23:33:0.417,7.9,7.0,8.345,124.1,40,0.0,0.0,
7.9.2026,23:33:0.628,0.0,2.6,7.891,96.0,41,0.0,0.0,
7.9.2026,23:33:0.830,9.4,7.7,8.217,211.4,41,0.0,0.0,
7.9.2026,23:33:1.030,6.2,7.3,7.691,231.1,40,0.0,0.0,
7.9.2026,23:33:1.239,8.6,2.9,8.053,401.7,40,0.0,0.0,
7.9.2026,23:33:1.435,8.0,6.7,7.972,158.6,40,0.0,0.0,
7.9.2026,23:33:1.646,0.0,2.2,7.794,91.2,41,0.0,0.0,
7.9.2026,23:33:1.853,9.9,6.9,8.140,197.7,41,0.0,0.0,
7.9.2026,23:33:2.067,0.0,2.3,8.118,78.2,40,0.0,0.0,
7.9.2026,23:33:2.274,0.1,4.8,7.497,104.6,41,0.0,0.0,
7.9.2026,23:33:2.470,7.3,7.0,8.001,139.9,40,0.0,0.0,
7.9.2026,23:33:2.683,0.4,2.8,7.855,135.8,40,0.0,0.0,
7.9.2026,23:33:2.872,0.4,2.8,7.292,135.8,40,0.0,0.0,
7.9.2026,23:33:3.080,8.9,7.4,8.119,138.9,39,0.0,0.0,
7.9.2026,23:33:3.291,8.5,7.0,7.962,158.6,41,0.0,0.0,
7.9.2026,23:33:3.497,2.1,3.2,8.149,122.7,40,0.0,0.0,
7.9.2026,23:33:3.715,4.9,7.9,8.290,108.5,41,0.0,0.0,
7.9.2026,23:33:3.922,3.0,7.4,7.895,168.4,41,0.0,0.0,
7.9.2026,23:33:4.132,1.0,1.7,8.545,132.0,41,0.0,0.0,
7.9.2026,23:33:4.325,5.7,6.7,8.280,60.9,40,0.0,0.0,
7.9.2026,23:33:4.546,0.0,2.9,7.553,137.6,41,0.0,0.0,
7.9.2026,23:33:4.760,7.1,4.8,7.942,313.8,41,0.0,0.0,
7.9.2026,23:33:4.951,10.7,9.3,7.679,196.2,42,0.0,0.0,
7.9.2026,23:33:5.158,0.8,1.0,7.446,112.7,40,0.0,0.0,
7.9.2026,23:33:5.365,2.3,5.2,7.699,128.6,41,0.0,0.0,
7.9.2026,23:33:5.560,5.6,5.6,8.041,128.2,39,0.0,0.0,
7.9.2026,23:33:5.772,0.0,2.5,7.787,74.0,39,0.0,0.0,
7.9.2026,23:33:5.966,8.8,8.4,7.630,128.0,41,0.0,0.0,
7.9.2026,23:33:6.173,0.0,3.4,8.060,59.9,40,0.0,0.0,
7.9.2026,23:33:6.381,1.3,2.2,7.714,116.9,39,0.0,0.0,
7.9.2026,23:33:6.572,1.3,2.2,7.854,116.9,39,0.0,0.0,
7.9.2026,23:33:6.778,8.4,7.7,7.562,114.7,40,0.0,0.0,
7.9.2026,23:33:6.986,9.4,15.5,17.692,434.9,62,0.0,0.0,
7.9.2026,23:33:7.185,5.5,9.6,14.455,284.6,42,0.0,0.0,
7.9.2026,23:33:7.397,3.9,7.4,8.945,67.2,73,0.0,0.0,
7.9.2026,23:33:7.604,0.0,3.1,8.023,119.0,72,0.0,0.0,
7.9.2026,23:33:7.811,9.0,8.8,9.170,158.5,69,0.0,0.0,
7.9.2026,23:33:8.020,8.4,6.1,8.140,430.8,73,0.0,0.0,
7.9.2026,23:33:8.216,3.9,4.3,8.140,190.6,71,0.0,0.0,
7.9.2026,23:33:8.435,6.1,7.9,7.925,109.1,72,0.0,0.0,
7.9.2026,23:33:8.644,3.6,3.1,6.938,119.5,40,0.0,0.0,
7.9.2026,23:33:8.854,6.2,7.4,7.220,81.0,40,0.0,0.0,
7.9.2026,23:33:9.070,0.0,2.1,8.194,130.9,41,0.0,0.0,
7.9.2026,23:33:9.260,7.4,11.1,8.315,88.2,41,0.0,0.0,
7.9.2026,23:33:9.468,0.7,3.1,7.828,85.6,40,0.0,0.0,
7.9.2026,23:33:9.680,0.0,1.6,7.828,124.4,41,0.0,0.0,
7.9.2026,23:33:9.873,0.0,1.6,7.786,124.4,41,0.0,0.0,
7.9.2026,23:33:10.085,8.1,9.1,8.183,117.2,40,0.0,0.0,
7.9.2026,23:33:10.284,1.2,3.6,8.009,180.0,41,0.0,0.0,
7.9.2026,23:33:10.491,11.2,4.0,7.884,383.6,40,0.0,0.0,
7.9.2026,23:33:10.684,1.9,4.2,7.884,103.6,41,0.0,0.0,
7.9.2026,23:33:10.897,8.9,11.6,7.543,130.1,73,0.0,0.0,
7.9.2026,23:33:11.105,0.0,2.4,8.911,116.7,69,0.0,0.0,
7.9.2026,23:33:11.316,9.3,5.7,7.533,189.1,73,0.0,0.0,
7.9.2026,23:33:11.521,0.3,3.5,7.533,102.4,70,0.0,0.0,
7.9.2026,23:33:11.728,2.5,3.7,7.858,112.2,72,0.0,0.0,
7.9.2026,23:33:11.941,7.9,11.1,7.567,89.2,73,0.0,0.0,
7.9.2026,23:33:12.148,0.0,2.0,7.664,126.3,73,0.0,0.0,
7.9.2026,23:33:12.343,1.1,4.3,7.882,129.2,73,0.0,0.0,
7.9.2026,23:33:12.557,6.7,7.2,7.469,87.5,71,0.0,0.0,
7.9.2026,23:33:12.753,0.0,4.3,8.727,142.2,59,0.0,0.0,
7.9.2026,23:33:12.958,5.0,5.1,7.829,76.6,41,0.0,0.0,
7.9.2026,23:33:13.156,1.7,3.2,7.424,116.1,41,0.0,0.0,
7.9.2026,23:33:13.362,6.4,6.4,7.979,121.6,42,0.0,0.0,
7.9.2026,23:33:13.571,0.8,2.5,7.935,76.6,42,0.0,0.0,
7.9.2026,23:33:13.768,8.9,8.2,7.858,169.7,41,0.0,0.0,
7.9.2026,23:33:13.977,0.0,3.3,7.849,103.3,42,0.0,0.0,
7.9.2026,23:33:14.182,1.5,3.2,8.054,122.5,44,0.0,0.0,
7.9.2026,23:33:14.372,9.7,7.9,8.285,143.0,41,0.0,0.0,
7.9.2026,23:33:14.590,16.7,4.2,7.913,794.3,40,0.0,0.0,
7.9.2026,23:33:14.795,5.2,6.3,8.047,139.0,41,0.0,0.0,
7.9.2026,23:33:15.006,0.5,3.8,8.614,69.6,40,0.0,0.0,
7.9.2026,23:33:15.206,0.0,6.2,8.475,89.6,41,0.0,0.0,
7.9.2026,23:33:15.413,3.4,5.7,9.169,71.7,41,0.0,0.0,
7.9.2026,23:33:15.607,0.3,2.7,8.417,80.0,41,0.0,0.0,
7.9.2026,23:33:15.819,9.8,9.1,9.107,166.7,42,0.0,0.0,
7.9.2026,23:33:16.026,0.0,2.4,8.731,109.5,41,0.0,0.0,
7.9.2026,23:33:16.238,8.3,5.4,7.546,104.8,40,0.0,0.0,
7.9.2026,23:33:16.452,0.0,4.8,7.916,96.5,44,0.0,0.0,
7.9.2026,23:33:16.658,14.4,8.1,7.664,539.3,41,0.0,0.0,
7.9.2026,23:33:16.864,2.2,2.8,8.089,120.0,46,0.0,0.0,
7.9.2026,23:33:17.076,1.0,3.3,8.042,87.4,46,0.0,0.0,
7.9.2026,23:33:17.288,6.8,6.4,7.603,123.6,46,0.0,0.0,
7.9.2026,23:33:17.490,0.0,2.7,8.090,125.9,69,0.0,0.0,
7.9.2026,23:33:17.685,14.6,5.8,7.520,573.0,60,0.0,0.0,
7.9.2026,23:33:17.892,8.0,5.1,7.941,169.0,44,0.0,0.0,
7.9.2026,23:33:18.102,1.3,6.2,7.788,112.3,45,0.0,0.0,
7.9.2026,23:33:18.296,2.0,4.9,9.374,205.5,42,0.0,0.0,
7.9.2026,23:33:18.507,13.1,6.3,7.896,397.6,40,0.0,0.0,
7.9.2026,23:33:18.721,1.0,3.0,8.210,111.0,41,0.0,0.0,
7.9.2026,23:33:18.926,17.8,4.8,7.671,678.1,40,0.0,0.0,
7.9.2026,23:33:19.125,1.8,4.3,7.625,101.1,40,0.0,0.0,
7.9.2026,23:33:19.337,9.2,6.8,9.337,302.4,40,0.0,0.0,
7.9.2026,23:33:19.557,5.7,6.8,7.870,78.5,41,0.0,0.0,
7.9.2026,23:33:19.775,2.7,4.9,7.595,76.1,41,0.0,0.0,
7.9.2026,23:33:19.990,3.1,3.3,7.379,160.6,41,0.0,0.0,
7.9.2026,23:33:20.192,0.9,5.0,7.488,172.8,44,0.0,0.0,
7.9.2026,23:33:20.398,5.8,6.5,8.415,167.7,47,0.0,0.0,
7.9.2026,23:33:20.594,1.3,4.7,7.779,85.7,46,0.0,0.0,
7.9.2026,23:33:20.803,7.3,4.4,7.900,135.3,40,0.0,0.0,
7.9.2026,23:33:21.013,1.0,3.1,7.600,137.4,41,0.0,0.0,
7.9.2026,23:33:21.218,7.5,7.3,7.820,91.1,40,0.0,0.0,
7.9.2026,23:33:21.433,2.1,4.2,8.225,142.3,41,0.0,0.0,
7.9.2026,23:33:21.653,5.8,5.0,7.822,137.4,40,0.0,0.0,
7.9.2026,23:33:21.859,2.6,4.2,7.509,60.0,61,0.0,0.0,
7.9.2026,23:33:22.066,2.4,5.4,7.888,131.3,58,0.0,0.0,
7.9.2026,23:33:22.262,2.6,2.3,7.780,146.7,68,0.0,0.0,
7.9.2026,23:33:22.472,20.0,8.4,8.428,769.0,41,0.0,0.0,
7.9.2026,23:33:22.673,0.0,2.5,7.941,56.8,47,0.0,0.0,
7.9.2026,23:33:22.886,3.5,5.3,7.886,63.7,42,0.0,0.0,
7.9.2026,23:33:23.093,6.8,7.9,7.976,140.3,59,0.0,0.0,
7.9.2026,23:33:23.301,2.0,0.7,7.555,131.1,51,0.0,0.0,
7.9.2026,23:33:23.508,1.6,3.8,7.913,115.6,67,0.0,0.0,
7.9.2026,23:33:23.700,1.3,3.5,7.812,91.1,71,0.0,0.0,
7.9.2026,23:33:23.909,9.8,11.7,7.967,154.9,46,0.0,0.0,
7.9.2026,23:33:24.120,1.5,1.9,7.618,136.2,44,0.0,0.0,
7.9.2026,23:33:24.327,7.0,4.6,7.706,104.6,66,0.0,0.0,
7.9.2026,23:33:24.535,4.4,5.1,7.596,201.4,65,0.0,0.0,
7.9.2026,23:33:24.744,0.7,2.8,7.745,94.4,64,0.0,0.0,
7.9.2026,23:33:24.951,9.3,9.8,7.602,147.6,66,0.0,0.0,
7.9.2026,23:33:25.158,2.2,3.5,7.405,138.4,66,0.0,0.0,
7.9.2026,23:33:25.368,0.0,1.7,7.413,107.6,67,0.0,0.0,
7.9.2026,23:33:25.560,3.4,3.9,7.413,112.2,59,0.0,0.0,
7.9.2026,23:33:25.777,5.9,8.4,7.234,366.7,55,0.0,0.0,
7.9.2026,23:33:25.990,14.3,8.6,9.034,193.2,59,0.0,0.0,
7.9.2026,23:33:26.183,0.0,1.0,6.999,163.8,41,0.0,0.0,
7.9.2026,23:33:26.393,8.8,11.0,10.642,125.2,73,0.0,0.0,
7.9.2026,23:33:26.599,1.4,5.9,9.326,193.9,68,0.0,0.0,
7.9.2026,23:33:26.791,0.0,3.8,9.436,92.9,69,0.0,0.0,
7.9.2026,23:33:26.999,9.7,12.5,10.756,179.1,60,0.0,0.0,
7.9.2026,23:33:27.218,1.6,3.6,9.841,120.5,68,0.0,0.0,
7.9.2026,23:33:27.423,2.4,5.3,9.163,63.9,69,0.0,0.0,
7.9.2026,23:33:27.631,5.1,7.7,10.552,286.6,71,0.0,0.0,
7.9.2026,23:33:27.825,2.9,7.9,9.543,90.9,72,0.0,0.0,
7.9.2026,23:33:28.034,6.5,11.1,10.900,95.1,64,0.0,0.0,
7.9.2026,23:33:28.251,3.9,6.5,9.812,85.2,66,0.0,0.0,
7.9.2026,23:33:28.463,0.0,4.5,9.040,70.0,73,0.0,0.0,
7.9.2026,23:33:28.673,0.0,2.8,9.922,86.3,40,0.0,0.0,
7.9.2026,23:33:28.886,9.1,3.4,7.713,522.7,41,0.0,0.0,
7.9.2026,23:33:29.094,10.0,10.0,7.749,159.7,40,0.0,0.0,
7.9.2026,23:33:29.302,1.7,3.2,7.585,122.0,39,0.0,0.0,
7.9.2026,23:33:29.511,8.1,8.9,7.594,129.3,40,0.0,0.0,
7.9.2026,23:33:29.724,0.0,2.5,7.666,97.9,40,0.0,0.0,
7.9.2026,23:33:29.919,7.3,8.0,7.830,121.6,41,0.0,0.0,
7.9.2026,23:33:30.125,2.9,3.0,7.586,158.7,41,0.0,0.0,
7.9.2026,23:33:30.336,0.1,3.6,8.622,89.7,41,0.0,0.0,
7.9.2026,23:33:30.534,13.6,4.9,7.992,544.6,40,0.0,0.0,
7.9.2026,23:33:30.734,5.4,8.0,8.080,111.1,41,0.0,0.0,
7.9.2026,23:33:30.942,0.8,3.4,8.101,138.1,40,0.0,0.0,
7.9.2026,23:33:31.148,1.4,3.8,8.067,90.4,40,0.0,0.0,
7.9.2026,23:33:31.350,4.1,4.1,7.961,89.6,40,0.0,0.0,
7.9.2026,23:33:31.543,8.9,7.8,7.668,165.7,41,0.0,0.0,
7.9.2026,23:33:31.750,1.6,5.4,7.834,96.4,40,0.0,0.0,
7.9.2026,23:33:31.960,9.8,3.2,8.066,549.1,39,0.0,0.0,
7.9.2026,23:33:32.169,7.6,4.3,7.938,102.9,40,0.0,0.0,
7.9.2026,23:33:32.384,7.3,3.9,7.777,521.3,41,0.0,0.0,
7.9.2026,23:33:32.577,8.2,8.4,7.640,133.6,40,0.0,0.0,
7.9.2026,23:33:32.784,2.0,3.1,7.938,110.1,41,0.0,0.0,
7.9.2026,23:33:32.996,10.3,7.2,7.679,261.0,40,0.0,0.0,
7.9.2026,23:33:33.213,0.0,1.9,8.069,80.0,41,0.0,0.0,
7.9.2026,23:33:33.424,6.9,8.7,7.432,95.1,41,0.0,0.0,
7.9.2026,23:33:33.636,6.3,5.1,7.502,128.2,41,0.0,0.0,
7.9.2026,23:33:33.843,1.0,2.3,7.594,85.7,40,0.0,0.0,
7.9.2026,23:33:34.055,0.0,3.5,7.700,127.2,40,0.0,0.0,
7.9.2026,23:33:34.262,8.8,6.2,8.445,120.3,41,0.0,0.0,
7.9.2026,23:33:34.472,0.0,3.9,8.025,75.8,40,0.0,0.0,
7.9.2026,23:33:34.681,0.7,3.9,7.599,120.0,41,0.0,0.0,
7.9.2026,23:33:34.889,8.2,5.8,7.873,107.9,40,0.0,0.0,
7.9.2026,23:33:35.096,4.3,3.7,8.035,206.3,41,0.0,0.0,
7.9.2026,23:33:35.306,0.0,5.1,8.184,98.1,40,0.0,0.0,
7.9.2026,23:33:35.518,6.0,5.2,7.532,113.8,41,0.0,0.0,
7.9.2026,23:33:35.715,5.7,5.9,7.726,93.3,41,0.0,0.0,
7.9.2026,23:33:35.931,0.0,1.9,7.786,121.5,41,0.0,0.0,
7.9.2026,23:33:36.125,6.7,8.8,7.437,69.3,40,0.0,0.0,
7.9.2026,23:33:36.335,8.5,3.0,8.228,490.7,40,0.0,0.0,
7.9.2026,23:33:36.540,2.9,3.2,8.023,130.3,40,0.0,0.0,
7.9.2026,23:33:36.736,2.9,3.2,7.992,130.3,40,0.0,0.0,
7.9.2026,23:33:36.949,6.5,7.4,7.826,103.5,40,0.0,0.0,
7.9.2026,23:33:37.158,5.7,6.6,7.819,84.9,40,0.0,0.0,
7.9.2026,23:33:37.371,6.3,5.6,7.564,107.8,41,0.0,0.0,
7.9.2026,23:33:37.575,3.1,5.2,7.720,165.4,41,0.0,0.0,
7.9.2026,23:33:37.789,0.1,2.1,8.064,124.5,40,0.0,0.0,
7.9.2026,23:33:37.995,11.3,10.9,7.753,358.6,40,0.0,0.0,
7.9.2026,23:33:38.204,3.3,2.6,9.397,120.9,41,0.0,0.0,
7.9.2026,23:33:38.422,5.4,4.2,7.402,76.3,40,0.0,0.0,
7.9.2026,23:33:38.636,0.0,8.7,7.889,141.4,41,0.0,0.0,
7.9.2026,23:33:38.826,6.5,7.9,8.067,68.3,40,0.0,0.0,
7.9.2026,23:33:39.041,1.7,1.8,7.838,215.2,40,0.0,0.0,
7.9.2026,23:33:39.250,6.4,5.5,8.911,137.4,41,0.0,0.0,
7.9.2026,23:33:39.459,1.3,3.4,7.937,109.5,41,0.0,0.0,
7.9.2026,23:33:39.668,11.7,2.6,7.752,568.5,40,0.0,0.0,
7.9.2026,23:33:39.874,9.0,12.8,8.002,112.9,40,0.0,0.0,
7.9.2026,23:33:40.087,0.0,1.2,7.662,130.6,39,0.0,0.0,
7.9.2026,23:33:40.287,4.8,8.0,7.743,115.6,39,0.0,0.0,
7.9.2026,23:33:40.481,6.5,3.1,7.991,88.0,40,0.0,0.0,
7.9.2026,23:33:40.689,3.0,3.8,7.905,174.1,41,0.0,0.0,
7.9.2026,23:33:40.907,5.7,6.0,8.036,111.8,41,0.0,0.0,
7.9.2026,23:33:41.111,2.6,4.4,8.005,155.9,41,0.0,0.0,
7.9.2026,23:33:41.307,14.3,9.9,8.141,488.7,40,0.0,0.0,
7.9.2026,23:33:41.522,0.0,1.5,8.083,78.5,40,0.0,0.0,
7.9.2026,23:33:41.719,6.3,4.8,8.233,134.7,40,0.0,0.0,
7.9.2026,23:33:41.917,6.7,6.0,7.997,156.2,41,0.0,0.0,
7.9.2026,23:33:42.128,2.0,4.3,8.406,162.3,39,0.0,0.0,
7.9.2026,23:33:42.335,0.9,4.2,7.751,105.9,40,0.0,0.0,
7.9.2026,23:33:42.531,0.9,4.2,7.645,105.9,40,0.0,0.0,
7.9.2026,23:33:42.739,5.7,5.8,7.924,73.8,40,0.0,0.0,
7.9.2026,23:33:42.934,1.9,5.4,7.804,152.5,39,0.0,0.0,
7.9.2026,23:33:43.146,9.8,6.8,8.546,222.3,68,0.0,0.0,
7.9.2026,23:33:43.351,7.3,2.3,7.879,418.1,68,0.0,0.0,
7.9.2026,23:33:43.556,2.3,6.1,7.685,82.4,70,0.0,0.0,
7.9.2026,23:33:43.753,3.0,3.7,7.354,84.7,72,0.0,0.0,
7.9.2026,23:33:43.958,6.1,6.8,8.066,131.9,72,0.0,0.0,
7.9.2026,23:33:44.162,10.1,5.3,8.212,526.6,66,0.0,0.0,
7.9.2026,23:33:44.359,4.1,3.1,8.062,130.3,71,0.0,0.0,
7.9.2026,23:33:44.570,7.5,10.4,7.822,132.0,71,0.0,0.0,
7.9.2026,23:33:44.762,0.0,1.6,6.738,103.3,40,0.0,0.0,
7.9.2026,23:33:44.971,8.6,8.3,8.991,137.8,72,0.0,0.0,
7.9.2026,23:33:45.182,0.5,4.7,7.982,94.5,68,0.0,0.0,
7.9.2026,23:33:45.390,9.6,4.2,7.909,233.8,73,0.0,0.0,
7.9.2026,23:33:45.602,1.6,5.2,7.551,130.0,68,0.0,0.0,
7.9.2026,23:33:45.792,0.1,2.4,7.551,127.7,68,0.0,0.0,
7.9.2026,23:33:46.003,9.3,9.6,7.615,137.8,66,0.0,0.0,
7.9.2026,23:33:46.214,4.0,5.8,8.992,99.2,58,0.0,0.0,
7.9.2026,23:33:46.422,4.2,4.1,7.211,124.7,73,0.0,0.0,
7.9.2026,23:33:46.640,0.3,3.6,7.693,91.3,73,0.0,0.0,
7.9.2026,23:33:46.847,4.3,6.4,6.751,75.8,40,0.0,0.0,
7.9.2026,23:33:47.052,1.2,2.6,7.856,136.1,41,0.0,0.0,
7.9.2026,23:33:47.253,1.6,2.7,7.856,97.9,40,0.0,0.0,
7.9.2026,23:33:47.459,9.3,6.6,7.853,284.7,71,0.0,0.0,
7.9.2026,23:33:47.655,2.8,2.1,8.910,183.6,71,0.0,0.0,
7.9.2026,23:33:47.860,6.4,10.1,7.570,75.6,68,0.0,0.0,
7.9.2026,23:33:48.073,1.5,4.3,8.745,120.9,68,0.0,0.0,
7.9.2026,23:33:48.264,6.8,7.6,6.647,104.6,73,0.0,0.0,
7.9.2026,23:33:48.472,21.8,8.0,10.608,1043.0,61,0.0,0.0,
7.9.2026,23:33:48.669,1.7,1.3,8.670,131.9,59,0.0,0.0,
7.9.2026,23:33:48.875,6.4,7.2,8.012,109.4,70,0.0,0.0,
7.9.2026,23:33:49.088,2.2,2.4,8.014,128.8,72,0.0,0.0,
7.9.2026,23:33:49.280,6.2,4.6,6.594,92.9,71,0.0,0.0,
7.9.2026,23:33:49.491,4.9,11.3,9.595,271.3,61,0.0,0.0,
7.9.2026,23:33:49.705,3.2,2.2,7.477,160.1,45,0.0,0.0,
7.9.2026,23:33:49.918,6.2,9.8,8.131,90.4,55,0.0,0.0,
7.9.2026,23:33:50.123,5.5,6.0,7.251,133.9,74,0.0,0.0,
7.9.2026,23:33:50.339,8.9,2.0,7.676,386.1,72,0.0,0.0,
7.9.2026,23:33:50.552,4.2,8.9,6.799,94.6,41,0.0,0.0,
7.9.2026,23:33:50.748,0.0,1.5,7.638,83.3,40,0.0,0.0,
7.9.2026,23:33:50.955,6.6,9.0,7.471,60.6,40,0.0,0.0,
7.9.2026,23:33:51.162,2.1,1.3,7.759,125.6,39,0.0,0.0,
7.9.2026,23:33:51.356,1.1,5.3,7.864,129.2,40,0.0,0.0,
7.9.2026,23:33:51.574,8.4,7.4,8.930,138.4,69,0.0,0.0,
7.9.2026,23:33:51.786,3.9,5.5,6.358,113.6,40,0.0,0.0,
7.9.2026,23:33:51.984,0.8,2.2,7.981,167.4,40,0.0,0.0,
7.9.2026,23:33:52.195,6.6,6.7,7.846,127.9,39,0.0,0.0,
7.9.2026,23:33:52.390,0.0,3.2,7.780,101.9,39,0.0,0.0,
7.9.2026,23:33:52.604,9.4,4.5,8.983,188.5,72,0.0,0.0,
7.9.2026,23:33:52.795,0.0,4.1,6.196,118.3,39,0.0,0.0,
7.9.2026,23:33:53.008,8.8,7.8,8.928,139.4,71,0.0,0.0,
7.9.2026,23:33:53.199,0.0,4.0,6.519,103.7,41,0.0,0.0,
7.9.2026,23:33:53.409,8.2,9.0,9.035,112.9,68,0.0,0.0,
7.9.2026,23:33:53.609,10.1,3.8,8.062,493.2,72,0.0,0.0,
7.9.2026,23:33:53.819,4.6,7.9,7.746,109.1,66,0.0,0.0,
7.9.2026,23:33:54.016,0.0,2.5,7.791,111.5,69,0.0,0.0,
7.9.2026,23:33:54.229,6.4,8.8,9.213,121.2,68,0.0,0.0,
7.9.2026,23:33:54.439,5.8,6.9,6.674,92.7,73,0.0,0.0,
7.9.2026,23:33:54.650,0.0,3.4,7.820,80.2,72,0.0,0.0,
7.9.2026,23:33:54.863,7.9,6.8,6.847,138.9,40,0.0,0.0,
7.9.2026,23:33:55.072,0.2,4.9,7.767,127.1,39,0.0,0.0,
7.9.2026,23:33:55.283,9.3,5.0,7.530,234.3,40,0.0,0.0,
7.9.2026,23:33:55.480,0.4,3.0,7.377,126.9,39,0.0,0.0,
7.9.2026,23:33:55.692,6.4,8.4,8.354,129.0,72,0.0,0.0,
7.9.2026,23:33:55.889,2.0,3.6,8.354,156.3,68,0.0,0.0,
7.9.2026,23:33:56.102,7.0,6.8,7.730,194.4,71,0.0,0.0,
7.9.2026,23:33:56.299,0.0,3.0,7.730,124.3,69,0.0,0.0,
7.9.2026,23:33:56.511,5.8,8.6,7.707,94.1,70,0.0,0.0,
7.9.2026,23:33:56.707,0.0,1.0,9.280,75.6,72,0.0,0.0,
7.9.2026,23:33:56.911,4.9,8.8,6.671,88.4,59,0.0,0.0,
7.9.2026,23:33:57.106,4.4,4.5,8.820,155.0,63,0.0,0.0,
7.9.2026,23:33:57.313,5.2,8.3,8.706,56.2,47,0.0,0.0,
7.9.2026,23:33:57.528,2.9,3.3,9.115,182.1,71,0.0,0.0,
7.9.2026,23:33:57.741,5.3,7.2,9.072,68.7,72,0.0,0.0,
7.9.2026,23:33:57.950,0.8,6.0,8.515,241.5,40,0.0,0.0,
7.9.2026,23:33:58.157,8.6,9.8,10.373,156.4,39,0.0,0.0,
7.9.2026,23:33:58.366,0.0,4.9,9.404,71.8,39,0.0,0.0,
7.9.2026,23:33:58.564,1.7,3.1,8.015,154.2,40,0.0,0.0,
7.9.2026,23:33:58.777,1.9,5.4,7.568,228.5,47,0.0,0.0,
7.9.2026,23:33:58.999,7.2,4.2,9.335,219.3,39,0.0,0.0,
7.9.2026,23:33:59.208,5.2,8.4,8.386,92.9,40,0.0,0.0,
7.9.2026,23:33:59.403,7.0,4.1,7.640,148.9,39,0.0,0.0,
7.9.2026,23:33:59.623,0.0,3.6,7.609,140.2,40,0.0,0.0,
7.9.2026,23:33:59.830,8.2,5.4,7.941,159.0,40,0.0,0.0,
7.9.2026,23:34:0.027,7.8,7.6,7.812,193.5,40,0.0,0.0,
7.9.2026,23:34:0.239,4.1,5.8,7.937,264.5,40,0.0,0.0,
7.9.2026,23:34:0.436,7.3,4.1,8.465,209.8,40,0.0,0.0,
7.9.2026,23:34:0.646,0.6,3.1,7.946,77.5,40,0.0,0.0,
7.9.2026,23:34:0.839,7.7,9.2,8.444,143.8,39,0.0,0.0,
7.9.2026,23:34:1.047,2.0,3.0,8.471,147.6,39,0.0,0.0,
7.9.2026,23:34:1.259,2.0,3.7,8.224,164.9,40,0.0,0.0,
7.9.2026,23:34:1.449,2.0,3.7,8.154,164.9,40,0.0,0.0,
7.9.2026,23:34:1.660,7.5,8.3,8.089,83.8,39,0.0,0.0,
7.9.2026,23:34:1.867,0.6,4.0,7.674,102.9,40,0.0,0.0,
7.9.2026,23:34:2.061,13.3,4.6,7.645,395.8,40,0.0,0.0,
7.9.2026,23:34:2.274,11.1,5.5,8.794,245.5,70,0.0,0.0,
7.9.2026,23:34:2.465,0.0,5.1,7.631,150.5,71,0.0,0.0,
7.9.2026,23:34:2.685,7.7,10.1,8.957,78.3,64,0.0,0.0,
7.9.2026,23:34:2.897,3.3,2.5,6.638,80.1,71,0.0,0.0,
7.9.2026,23:34:3.104,6.4,7.6,6.749,160.0,39,0.0,0.0,
7.9.2026,23:34:3.293,6.8,4.0,7.926,334.2,40,0.0,0.0,
7.9.2026,23:34:3.499,10.1,6.7,8.717,173.0,73,0.0,0.0,
7.9.2026,23:34:3.707,3.1,5.0,7.895,150.0,72,0.0,0.0,
7.9.2026,23:34:3.914,0.8,5.9,7.576,99.0,68,0.0,0.0,
7.9.2026,23:34:4.111,18.2,9.8,12.599,843.3,69,0.0,0.0,
7.9.2026,23:34:4.321,7.6,7.2,8.395,98.1,69,0.0,0.0,
7.9.2026,23:34:4.522,0.0,1.1,7.099,116.5,39,0.0,0.0,
7.9.2026,23:34:4.728,7.2,9.4,8.346,184.0,40,0.0,0.0,
7.9.2026,23:34:4.940,8.5,6.1,8.063,110.7,39,0.0,0.0,
7.9.2026,23:34:5.146,0.0,5.0,8.275,94.1,39,0.0,0.0,
7.9.2026,23:34:5.355,7.2,8.4,7.996,125.0,39,0.0,0.0,
7.9.2026,23:34:5.563,8.4,4.3,7.597,347.3,39,0.0,0.0,
7.9.2026,23:34:5.770,0.4,2.0,7.980,74.5,39,0.0,0.0,
7.9.2026,23:34:5.964,0.4,2.0,7.610,74.5,39,0.0,0.0,
7.9.2026,23:34:6.172,6.0,5.3,7.655,73.5,40,0.0,0.0,
7.9.2026,23:34:6.382,1.6,8.2,8.060,135.8,39,0.0,0.0,
7.9.2026,23:34:6.583,0.0,2.2,7.632,81.4,40,0.0,0.0,
7.9.2026,23:34:6.777,6.0,3.6,8.251,169.3,39,0.0,0.0,
7.9.2026,23:34:6.988,7.8,9.6,8.994,136.5,73,0.0,0.0,
7.9.2026,23:34:7.203,1.8,3.4,7.744,158.3,72,0.0,0.0,
7.9.2026,23:34:7.416,0.0,2.5,7.639,102.7,40,0.0,0.0,
7.9.2026,23:34:7.606,0.0,2.5,7.639,102.7,40,0.0,0.0,
7.9.2026,23:34:7.825,5.1,3.8,7.922,124.9,40,0.0,0.0,
7.9.2026,23:34:8.039,0.0,5.1,7.912,109.8,39,0.0,0.0,
7.9.2026,23:34:8.231,12.3,10.1,10.562,283.1,39,0.0,0.0,
7.9.2026,23:34:8.440,1.8,2.9,8.659,198.5,40,0.0,0.0,
7.9.2026,23:34:8.652,7.5,5.8,7.937,148.0,39,0.0,0.0,
7.9.2026,23:34:8.865,0.0,3.0,7.492,91.6,39,0.0,0.0,
7.9.2026,23:34:9.060,7.5,9.1,7.492,176.5,40,0.0,0.0,
7.9.2026,23:34:9.274,11.2,4.3,7.942,619.7,40,0.0,0.0,
7.9.2026,23:34:9.464,8.9,7.9,9.470,142.9,41,0.0,0.0,
7.9.2026,23:34:9.670,2.7,4.5,7.927,134.6,39,0.0,0.0,
7.9.2026,23:34:9.877,1.9,2.4,7.658,124.1,41,0.0,0.0,
7.9.2026,23:34:10.087,2.2,3.4,7.891,145.7,39,0.0,0.0,
7.9.2026,23:34:10.280,2.2,3.4,7.844,145.7,39,0.0,0.0,
7.9.2026,23:34:10.490,7.9,8.1,8.006,152.9,39,0.0,0.0,
7.9.2026,23:34:10.697,2.3,2.9,7.715,183.4,39,0.0,0.0,
7.9.2026,23:34:10.910,17.3,6.7,8.088,549.7,40,0.0,0.0,
7.9.2026,23:34:11.109,0.0,4.8,7.649,81.4,41,0.0,0.0,
7.9.2026,23:34:11.315,5.5,5.4,7.744,154.7,40,0.0,0.0,
7.9.2026,23:34:11.525,1.1,3.6,7.986,75.2,40,0.0,0.0,
7.9.2026,23:34:11.720,1.2,3.2,7.808,99.0,39,0.0,0.0,
7.9.2026,23:34:11.931,0.0,1.8,7.640,68.1,40,0.0,0.0,
7.9.2026,23:34:12.123,0.0,1.8,8.183,68.1,40,0.0,0.0,
7.9.2026,23:34:12.337,8.9,8.1,7.887,155.6,39,0.0,0.0,
7.9.2026,23:34:12.525,7.0,1.5,7.682,447.6,41,0.0,0.0,
7.9.2026,23:34:12.732,9.8,7.9,9.017,135.8,73,0.0,0.0,
7.9.2026,23:34:12.939,2.8,8.3,10.131,149.9,73,0.0,0.0,
7.9.2026,23:34:13.147,1.2,2.4,8.254,90.5,71,0.0,0.0,
7.9.2026,23:34:13.338,1.1,2.6,7.803,123.5,72,0.0,0.0,
7.9.2026,23:34:13.551,10.8,12.2,8.801,190.6,47,0.0,0.0,
7.9.2026,23:34:13.761,3.5,2.4,7.131,93.8,66,0.0,0.0,
7.9.2026,23:34:13.974,4.9,5.1,7.304,155.7,72,0.0,0.0,
7.9.2026,23:34:14.184,0.0,3.0,7.563,134.0,69,0.0,0.0,
7.9.2026,23:34:14.391,7.3,5.4,6.809,129.5,40,0.0,0.0,
7.9.2026,23:34:14.599,7.6,4.3,7.922,386.6,39,0.0,0.0,
7.9.2026,23:34:14.803,0.2,2.8,7.649,76.4,39,0.0,0.0,
7.9.2026,23:34:15.009,6.2,4.6,7.827,144.7,39,0.0,0.0,
7.9.2026,23:34:15.207,6.2,4.6,8.403,144.7,39,0.0,0.0,
7.9.2026,23:34:15.402,1.9,4.8,7.780,124.3,39,0.0,0.0,
7.9.2026,23:34:15.615,8.3,6.8,8.829,140.3,72,0.0,0.0,
7.9.2026,23:34:15.830,0.0,3.6,7.515,85.6,72,0.0,0.0,
7.9.2026,23:34:16.035,5.6,5.7,6.483,99.2,40,0.0,0.0,
7.9.2026,23:34:16.243,7.2,3.3,7.765,365.3,39,0.0,0.0,
7.9.2026,23:34:16.439,2.9,5.1,8.035,187.9,39,0.0,0.0,
7.9.2026,23:34:16.650,6.0,6.4,7.976,80.3,39,0.0,0.0,
7.9.2026,23:34:16.841,0.7,3.1,7.847,104.4,39,0.0,0.0,
7.9.2026,23:34:17.047,7.7,9.5,8.678,102.8,68,0.0,0.0,
7.9.2026,23:34:17.259,1.2,4.1,7.678,85.5,68,0.0,0.0,
7.9.2026,23:34:17.471,7.7,8.2,7.912,188.2,68,0.0,0.0,
7.9.2026,23:34:17.681,5.0,2.3,7.709,363.2,69,0.0,0.0,
7.9.2026,23:34:17.890,8.5,5.6,6.820,176.3,39,0.0,0.0,
7.9.2026,23:34:18.106,4.4,8.1,7.689,84.4,40,0.0,0.0,
7.9.2026,23:34:18.331,6.1,4.7,7.771,174.2,41,0.0,0.0,
7.9.2026,23:34:18.528,2.6,2.3,8.695,147.2,41,0.0,0.0,
7.9.2026,23:34:18.745,3.2,5.1,8.323,257.3,40,0.0,0.0,
7.9.2026,23:34:18.954,5.8,6.4,9.453,93.9,39,0.0,0.0,
7.9.2026,23:34:19.166,0.0,4.1,8.063,65.4,40,0.0,0.0,
7.9.2026,23:34:19.363,4.7,6.2,8.075,141.2,40,0.0,0.0,
7.9.2026,23:34:19.559,14.0,5.5,8.282,503.2,41,0.0,0.0,
7.9.2026,23:34:19.767,4.8,7.7,8.580,252.5,40,0.0,0.0,
7.9.2026,23:34:19.976,2.1,3.1,9.369,128.2,40,0.0,0.0,
7.9.2026,23:34:20.181,3.8,1.9,8.003,159.1,40,0.0,0.0,
7.9.2026,23:34:20.380,5.6,6.7,7.843,128.3,40,0.0,0.0,
7.9.2026,23:34:20.586,0.8,3.6,7.437,71.9,41,0.0,0.0,
7.9.2026,23:34:20.778,0.8,3.6,7.650,71.9,41,0.0,0.0,
7.9.2026,23:34:20.991,8.1,11.5,7.980,97.0,41,0.0,0.0,
7.9.2026,23:34:21.195,2.7,1.6,7.472,219.8,40,0.0,0.0,
7.9.2026,23:34:21.396,5.9,3.5,8.182,235.7,41,0.0,0.0,
7.9.2026,23:34:21.591,5.3,4.9,8.158,158.3,40,0.0,0.0,
7.9.2026,23:34:21.799,7.2,7.6,7.709,102.8,41,0.0,0.0,
7.9.2026,23:34:22.010,8.7,4.0,7.558,421.6,40,0.0,0.0,
7.9.2026,23:34:22.200,0.8,5.8,7.558,83.8,40,0.0,0.0,
7.9.2026,23:34:22.412,8.0,9.0,8.677,112.4,71,0.0,0.0,
7.9.2026,23:34:22.618,1.4,3.1,7.841,190.9,69,0.0,0.0,
7.9.2026,23:34:22.809,7.2,5.0,7.841,326.5,71,0.0,0.0,
7.9.2026,23:34:23.020,6.2,9.6,7.572,156.4,64,0.0,0.0,
7.9.2026,23:34:23.218,3.0,2.8,8.981,79.6,71,0.0,0.0,
7.9.2026,23:34:23.440,4.9,4.7,7.918,106.7,71,0.0,0.0,
7.9.2026,23:34:23.646,4.5,6.4,6.688,165.1,40,0.0,0.0,
7.9.2026,23:34:23.845,7.1,2.9,7.775,389.3,39,0.0,0.0,
7.9.2026,23:34:24.060,5.1,4.1,8.321,95.6,39,0.0,0.0,
7.9.2026,23:34:24.269,1.3,2.3,7.621,101.0,39,0.0,0.0,
7.9.2026,23:34:24.476,2.2,5.2,7.908,181.3,39,0.0,0.0,
7.9.2026,23:34:24.673,2.2,5.2,7.867,181.3,39,0.0,0.0,
7.9.2026,23:34:24.882,4.6,6.1,7.628,64.6,39,0.0,0.0,
7.9.2026,23:34:25.076,1.5,5.0,7.628,156.5,41,0.0,0.0,
7.9.2026,23:34:25.287,9.6,6.2,7.864,214.8,71,0.0,0.0,
7.9.2026,23:34:25.494,0.0,4.2,8.780,110.4,71,0.0,0.0,
7.9.2026,23:34:25.707,8.7,10.4,8.049,93.1,73,0.0,0.0,
7.9.2026,23:34:25.905,0.0,1.9,7.089,109.8,41,0.0,0.0,
7.9.2026,23:34:26.115,6.6,7.8,9.245,172.1,66,0.0,0.0,
7.9.2026,23:34:26.323,7.6,2.3,7.916,402.3,54,0.0,0.0,
7.9.2026,23:34:26.535,9.3,5.6,7.012,159.5,41,0.0,0.0,
7.9.2026,23:34:26.741,8.3,6.9,8.037,450.4,40,0.0,0.0,
7.9.2026,23:34:26.939,7.3,2.3,8.037,402.6,41,0.0,0.0,
7.9.2026,23:34:27.152,5.7,5.9,7.721,125.5,40,0.0,0.0,
7.9.2026,23:34:27.358,5.7,6.6,7.511,71.1,40,0.0,0.0,
7.9.2026,23:34:27.569,2.7,9.8,8.328,142.9,40,0.0,0.0,
7.9.2026,23:34:27.760,0.0,2.1,8.328,89.0,40,0.0,0.0,
7.9.2026,23:34:27.968,14.9,8.6,8.394,408.2,71,0.0,0.0,
7.9.2026,23:34:28.168,2.1,4.5,8.952,129.1,71,0.0,0.0,
7.9.2026,23:34:28.375,4.6,6.2,8.018,83.5,71,0.0,0.0,
7.9.2026,23:34:28.584,6.1,2.4,7.606,336.7,71,0.0,0.0,
7.9.2026,23:34:28.786,1.4,3.1,7.782,145.4,71,0.0,0.0,
7.9.2026,23:34:28.986,3.4,4.7,7.579,89.9,71,0.0,0.0,
7.9.2026,23:34:29.192,6.2,9.3,7.938,155.5,68,0.0,0.0,
7.9.2026,23:34:29.398,1.5,3.1,7.232,71.5,72,0.0,0.0,
7.9.2026,23:34:29.596,3.4,5.1,7.962,178.4,71,0.0,0.0,
7.9.2026,23:34:29.809,6.2,8.3,7.802,129.7,71,0.0,0.0,
7.9.2026,23:34:30.020,10.7,4.5,7.573,326.7,72,0.0,0.0,
7.9.2026,23:34:30.225,8.0,6.8,7.573,538.9,65,0.0,0.0,
7.9.2026,23:34:30.432,2.8,4.1,7.073,72.3,71,0.0,0.0,
7.9.2026,23:34:30.645,15.8,6.0,7.073,769.5,63,0.0,0.0,
7.9.2026,23:34:30.851,7.2,5.3,6.741,124.9,69,0.0,0.0,
7.9.2026,23:34:31.043,1.0,3.0,7.631,109.4,70,0.0,0.0,
7.9.2026,23:34:31.255,9.4,11.4,9.143,145.0,70,0.0,0.0,
7.9.2026,23:34:31.462,0.0,1.9,6.767,73.3,72,0.0,0.0,
7.9.2026,23:34:31.651,6.8,5.0,6.941,315.9,40,0.0,0.0,
7.9.2026,23:34:31.858,10.1,11.9,9.810,144.4,66,0.0,0.0,
7.9.2026,23:34:32.081,3.1,3.5,8.118,148.1,68,0.0,0.0,
7.9.2026,23:34:32.291,2.4,2.8,6.608,123.9,72,0.0,0.0,
7.9.2026,23:34:32.509,4.0,2.5,6.584,382.5,39,0.0,0.0,
7.9.2026,23:34:32.707,4.6,7.0,7.811,106.8,39,0.0,0.0,
7.9.2026,23:34:32.913,2.4,4.9,7.543,111.3,39,0.0,0.0,
7.9.2026,23:34:33.119,11.7,8.4,7.922,195.9,39,0.0,0.0,
7.9.2026,23:34:33.328,5.0,4.6,8.372,215.1,39,0.0,0.0,
7.9.2026,23:34:33.536,2.6,5.5,8.387,163.1,39,0.0,0.0,
7.9.2026,23:34:33.742,2.3,5.0,7.743,115.2,39,0.0,0.0,
7.9.2026,23:34:33.934,2.3,5.0,8.060,115.2,39,0.0,0.0,
7.9.2026,23:34:34.148,0.0,1.9,7.673,134.3,40,0.0,0.0,
7.9.2026,23:34:34.345,7.4,7.7,8.087,153.7,39,0.0,0.0,
7.9.2026,23:34:34.551,6.3,3.5,7.871,344.4,39,0.0,0.0,
7.9.2026,23:34:34.764,6.6,6.1,7.814,90.5,39,0.0,0.0,
7.9.2026,23:34:34.971,2.1,2.5,7.584,140.9,40,0.0,0.0,
7.9.2026,23:34:35.182,7.0,6.2,7.983,144.3,39,0.0,0.0,
7.9.2026,23:34:35.392,0.0,3.8,7.734,72.2,39,0.0,0.0,
7.9.2026,23:34:35.603,1.1,4.6,7.433,168.3,39,0.0,0.0,
7.9.2026,23:34:35.795,8.1,5.4,7.964,99.4,40,0.0,0.0,
7.9.2026,23:34:36.003,1.7,5.2,7.764,131.9,39,0.0,0.0,
7.9.2026,23:34:36.213,10.9,2.1,7.960,557.2,39,0.0,0.0,
7.9.2026,23:34:36.431,4.5,8.1,8.110,61.4,41,0.0,0.0,
7.9.2026,23:34:36.622,7.2,5.9,7.725,145.6,39,0.0,0.0,
7.9.2026,23:34:36.833,0.0,3.1,7.616,75.0,41,0.0,0.0,
7.9.2026,23:34:37.038,1.0,6.3,7.923,96.4,40,0.0,0.0,
7.9.2026,23:34:37.234,1.0,6.3,7.934,96.4,40,0.0,0.0,
7.9.2026,23:34:37.442,0.0,1.2,7.636,86.5,39,0.0,0.0,
7.9.2026,23:34:37.650,3.1,4.1,8.009,183.7,39,0.0,0.0,
7.9.2026,23:34:37.863,5.1,8.9,7.958,73.8,39,0.0,0.0,
7.9.2026,23:34:38.074,1.6,2.9,7.599,100.1,39,0.0,0.0,
7.9.2026,23:34:38.284,7.2,8.1,7.504,116.0,40,0.0,0.0,
7.9.2026,23:34:38.480,7.0,6.9,8.038,169.5,40,0.0,0.0,
7.9.2026,23:34:38.691,0.0,2.9,8.813,154.6,40,0.0,0.0,
7.9.2026,23:34:38.888,0.0,2.9,8.019,154.6,40,0.0,0.0,
7.9.2026,23:34:39.100,5.6,6.5,7.775,96.0,39,0.0,0.0,
7.9.2026,23:34:39.294,0.2,3.5,7.696,93.4,39,0.0,0.0,
7.9.2026,23:34:39.494,0.0,3.2,7.987,99.2,41,0.0,0.0,
7.9.2026,23:34:39.700,0.0,3.2,7.832,99.2,41,0.0,0.0,
7.9.2026,23:34:39.912,10.4,9.4,8.467,214.6,40,0.0,0.0,
7.9.2026,23:34:40.125,7.0,3.7,7.932,114.9,39,0.0,0.0,
7.9.2026,23:34:40.338,0.0,3.4,7.630,74.2,40,0.0,0.0,
7.9.2026,23:34:40.531,8.0,7.1,7.692,144.8,39,0.0,0.0,
7.9.2026,23:34:40.741,1.7,3.6,7.739,157.1,39,0.0,0.0,
7.9.2026,23:34:40.940,4.7,9.0,7.779,94.2,39,0.0,0.0,
7.9.2026,23:34:41.151,0.6,2.7,7.896,123.3,40,0.0,0.0,
7.9.2026,23:34:41.349,8.0,6.6,7.890,188.4,40,0.0,0.0,
7.9.2026,23:34:41.546,7.5,8.7,7.885,185.5,40,0.0,0.0,
7.9.2026,23:34:41.768,4.7,4.1,8.177,105.2,39,0.0,0.0,
7.9.2026,23:34:41.973,1.2,7.0,7.952,63.0,39,0.0,0.0,
7.9.2026,23:34:42.186,0.0,1.7,7.566,151.0,40,0.0,0.0,
7.9.2026,23:34:42.404,2.8,6.3,7.834,98.5,40,0.0,0.0,
7.9.2026,23:34:42.618,3.8,5.6,7.672,84.5,39,0.0,0.0,
7.9.2026,23:34:42.810,10.5,6.0,7.253,212.2,39,0.0,0.0,
7.9.2026,23:34:43.023,1.4,4.3,8.343,144.5,39,0.0,0.0,
7.9.2026,23:34:43.235,1.2,3.1,7.757,182.3,40,0.0,0.0,
7.9.2026,23:34:43.448,4.9,7.3,8.025,73.1,39,0.0,0.0,
7.9.2026,23:34:43.662,8.1,4.5,7.601,355.2,39,0.0,0.0,
7.9.2026,23:34:43.867,5.7,5.2,7.739,123.6,39,0.0,0.0,
7.9.2026,23:34:44.072,2.2,6.1,7.801,89.7,39,0.0,0.0,
7.9.2026,23:34:44.268,6.9,4.7,7.711,139.0,39,0.0,0.0,
7.9.2026,23:34:44.473,1.7,4.6,8.016,63.0,39,0.0,0.0,
7.9.2026,23:34:44.680,0.0,3.4,7.827,139.4,40,0.0,0.0,
7.9.2026,23:34:44.870,10.2,7.7,7.754,165.3,40,0.0,0.0,
7.9.2026,23:34:45.081,0.8,2.4,7.681,143.0,40,0.0,0.0,
7.9.2026,23:34:45.289,3.8,1.6,7.867,207.9,39,0.0,0.0,
7.9.2026,23:34:45.484,7.5,7.6,7.855,115.7,39,0.0,0.0,
7.9.2026,23:34:45.695,0.0,5.1,7.585,127.9,39,0.0,0.0,
7.9.2026,23:34:45.889,0.0,5.1,7.826,127.9,39,0.0,0.0,
7.9.2026,23:34:46.102,3.0,4.6,7.475,325.1,40,0.0,0.0,
7.9.2026,23:34:46.304,7.5,6.3,8.286,261.0,39,0.0,0.0,
7.9.2026,23:34:46.497,7.5,6.3,8.286,261.0,39,0.0,0.0,
7.9.2026,23:34:46.705,7.6,8.2,8.547,121.0,39,0.0,0.0,
7.9.2026,23:34:46.903,1.9,5.5,8.031,154.6,39,0.0,0.0,
7.9.2026,23:34:47.116,6.1,4.9,8.031,112.2,58,0.0,0.0,
7.9.2026,23:34:47.310,5.5,4.8,6.829,437.5,39,0.0,0.0,
7.9.2026,23:34:47.524,9.6,5.4,8.893,204.4,66,0.0,0.0,
7.9.2026,23:34:47.723,0.0,3.6,6.460,74.9,40,0.0,0.0,
7.9.2026,23:34:47.919,5.7,5.1,7.977,162.8,39,0.0,0.0,
7.9.2026,23:34:48.132,0.0,2.6,7.772,111.3,40,0.0,0.0,
7.9.2026,23:34:48.340,10.1,6.3,8.055,212.3,39,0.0,0.0,
7.9.2026,23:34:48.552,1.5,2.3,7.949,153.4,39,0.0,0.0,
7.9.2026,23:34:48.757,1.2,5.1,7.902,119.6,39,0.0,0.0,
7.9.2026,23:34:48.961,5.0,6.4,7.889,158.1,40,0.0,0.0,
7.9.2026,23:34:49.166,7.4,8.3,8.905,82.6,39,0.0,0.0,
7.9.2026,23:34:49.381,0.0,3.0,7.619,124.8,39,0.0,0.0,
7.9.2026,23:34:49.589,7.7,7.3,7.907,89.3,39,0.0,0.0,
7.9.2026,23:34:49.796,3.7,3.4,7.840,185.5,40,0.0,0.0,
7.9.2026,23:34:50.003,3.2,7.9,8.170,188.6,39,0.0,0.0,
7.9.2026,23:34:50.206,2.7,3.7,8.912,71.4,39,0.0,0.0,
7.9.2026,23:34:50.416,6.4,4.2,7.473,74.5,39,0.0,0.0,
7.9.2026,23:34:50.629,0.0,6.4,8.057,72.4,41,0.0,0.0,
7.9.2026,23:34:50.836,2.2,3.4,7.683,168.4,40,0.0,0.0,
7.9.2026,23:34:51.031,7.8,7.4,8.013,78.9,39,0.0,0.0,
7.9.2026,23:34:51.239,0.0,4.0,8.122,104.7,39,0.0,0.0,
7.9.2026,23:34:51.434,16.9,6.1,8.092,537.3,39,0.0,0.0,
7.9.2026,23:34:51.642,1.1,5.7,7.680,106.8,41,0.0,0.0,
7.9.2026,23:34:51.852,0.0,3.3,7.763,77.0,40,0.0,0.0,
7.9.2026,23:34:52.055,5.1,4.8,7.958,111.5,39,0.0,0.0,
7.9.2026,23:34:52.260,1.3,2.3,7.561,85.7,39,0.0,0.0,
7.9.2026,23:34:52.474,7.0,9.0,7.826,141.9,40,0.0,0.0,
7.9.2026,23:34:52.673,4.5,6.2,8.162,86.9,39,0.0,0.0,
7.9.2026,23:34:52.886,1.6,1.6,7.790,176.0,39,0.0,0.0,
7.9.2026,23:34:53.097,6.2,5.8,7.841,129.8,40,0.0,0.0,
7.9.2026,23:34:53.305,1.7,3.7,7.959,138.8,39,0.0,0.0,
7.9.2026,23:34:53.501,7.4,5.5,7.893,142.9,39,0.0,0.0,
7.9.2026,23:34:53.711,1.4,4.8,7.636,110.8,39,0.0,0.0,
7.9.2026,23:34:53.902,1.4,4.8,8.122,110.8,39,0.0,0.0,
7.9.2026,23:34:54.116,7.9,6.6,7.920,132.8,40,0.0,0.0,
7.9.2026,23:34:54.313,0.0,2.5,7.311,63.8,40,0.0,0.0,
7.9.2026,23:34:54.521,8.7,5.9,9.071,215.9,71,0.0,0.0,
7.9.2026,23:34:54.714,1.7,6.1,7.798,134.5,72,0.0,0.0,
7.9.2026,23:34:54.921,12.5,9.4,9.195,331.4,47,0.0,0.0,
7.9.2026,23:34:55.134,2.0,4.5,8.075,127.6,58,0.0,0.0,
7.9.2026,23:34:55.345,6.1,3.4,6.694,97.1,68,0.0,0.0,
7.9.2026,23:34:55.560,1.2,4.9,7.683,166.6,71,0.0,0.0,
7.9.2026,23:34:55.775,0.0,2.5,6.626,67.4,40,0.0,0.0,
7.9.2026,23:34:55.964,0.0,2.5,7.749,67.4,40,0.0,0.0,
7.9.2026,23:34:56.171,10.0,7.9,8.202,155.3,40,0.0,0.0,
7.9.2026,23:34:56.385,14.0,5.9,7.392,457.5,40,0.0,0.0,
7.9.2026,23:34:56.593,1.0,4.6,8.025,91.6,39,0.0,0.0,
7.9.2026,23:34:56.802,0.0,2.6,7.962,85.1,40,0.0,0.0,
7.9.2026,23:34:57.009,7.2,3.2,7.897,358.6,40,0.0,0.0,
7.9.2026,23:34:57.210,4.7,4.6,7.657,91.7,40,0.0,0.0,
7.9.2026,23:34:57.419,8.7,5.8,7.424,191.1,40,0.0,0.0,
7.9.2026,23:34:57.629,0.0,6.1,8.241,107.4,39,0.0,0.0,
7.9.2026,23:34:57.823,0.0,6.1,7.898,107.4,39,0.0,0.0,
7.9.2026,23:34:58.039,0.0,3.6,7.612,101.2,39,0.0,0.0,
7.9.2026,23:34:58.246,7.8,8.1,7.952,106.8,40,0.0,0.0,
7.9.2026,23:34:58.458,0.0,3.1,8.291,118.2,39,0.0,0.0,
7.9.2026,23:34:58.666,6.7,7.2,7.910,88.3,40,0.0,0.0,
7.9.2026,23:34:58.872,2.2,3.6,7.923,118.8,39,0.0,0.0,
7.9.2026,23:34:59.082,1.3,4.4,7.844,130.0,41,0.0,0.0,
7.9.2026,23:34:59.289,0.0,1.8,7.797,72.2,40,0.0,0.0,
7.9.2026,23:34:59.480,0.0,1.8,7.667,72.2,40,0.0,0.0,
7.9.2026,23:34:59.689,11.9,10.2,9.155,265.3,40,0.0,0.0,
7.9.2026,23:34:59.902,1.9,2.4,7.818,135.4,39,0.0,0.0,
7.9.2026,23:35:0.107,5.9,7.5,7.868,89.4,40,0.0,0.0,
7.9.2026,23:35:0.321,2.8,5.8,8.205,153.0,40,0.0,0.0,
7.9.2026,23:35:0.518,0.0,1.0,7.701,131.0,39,0.0,0.0,
7.9.2026,23:35:0.716,10.4,12.9,9.893,319.2,41,0.0,0.0,
7.9.2026,23:35:0.928,5.5,7.3,8.906,104.0,66,0.0,0.0,
7.9.2026,23:35:1.120,0.0,1.3,7.386,70.7,69,0.0,0.0,
7.9.2026,23:35:1.331,6.4,8.5,8.911,377.8,54,0.0,0.0,
7.9.2026,23:35:1.536,14.6,3.0,6.941,503.3,65,0.0,0.0,
7.9.2026,23:35:1.744,7.6,6.8,7.808,229.5,68,0.0,0.0,
7.9.2026,23:35:1.945,1.0,4.2,7.841,101.1,68,0.0,0.0,
7.9.2026,23:35:2.139,6.3,3.9,7.841,186.8,68,0.0,0.0,
7.9.2026,23:35:2.345,6.4,6.6,7.803,109.0,72,0.0,0.0,
7.9.2026,23:35:2.558,3.2,5.4,7.555,119.2,71,0.0,0.0,
7.9.2026,23:35:2.774,0.0,1.3,6.769,152.8,39,0.0,0.0,
7.9.2026,23:35:2.974,5.7,7.4,7.767,144.0,39,0.0,0.0,
7.9.2026,23:35:3.169,5.7,7.4,8.170,144.0,39,0.0,0.0,
7.9.2026,23:35:3.376,7.0,5.6,7.473,123.5,40,0.0,0.0,
7.9.2026,23:35:3.583,1.5,5.4,7.638,97.9,40,0.0,0.0,
7.9.2026,23:35:3.776,2.2,6.4,7.638,108.1,39,0.0,0.0,
7.9.2026,23:35:3.988,7.9,6.2,8.047,119.9,71,0.0,0.0,
7.9.2026,23:35:4.197,0.0,4.3,8.485,80.2,67,0.0,0.0,
7.9.2026,23:35:4.415,7.5,6.1,9.053,113.5,71,0.0,0.0,
7.9.2026,23:35:4.613,0.0,3.0,9.053,91.1,39,0.0,0.0,
7.9.2026,23:35:4.818,7.4,6.3,7.886,167.1,41,0.0,0.0,
7.9.2026,23:35:5.017,1.1,5.3,8.705,126.1,39,0.0,0.0,
7.9.2026,23:35:5.226,6.9,7.8,8.705,180.1,70,0.0,0.0,
7.9.2026,23:35:5.431,0.7,2.8,8.632,110.8,72,0.0,0.0,
7.9.2026,23:35:5.628,1.8,5.8,7.838,75.0,68,0.0,0.0,
7.9.2026,23:35:5.840,3.4,7.7,7.653,347.2,54,0.0,0.0,
7.9.2026,23:35:6.054,13.2,5.6,8.428,125.3,70,0.0,0.0,
7.9.2026,23:35:6.260,0.0,1.3,6.806,127.0,72,0.0,0.0,
7.9.2026,23:35:6.469,16.5,11.0,7.885,560.5,66,0.0,0.0,
7.9.2026,23:35:6.676,1.1,2.1,7.174,63.0,70,0.0,0.0,
7.9.2026,23:35:6.885,2.9,3.2,7.562,157.3,72,0.0,0.0,
7.9.2026,23:35:7.094,8.3,6.2,7.368,118.1,72,0.0,0.0,
7.9.2026,23:35:7.305,0.2,3.0,6.524,124.8,40,0.0,0.0,
7.9.2026,23:35:7.504,0.0,1.8,6.524,65.9,39,0.0,0.0,
7.9.2026,23:35:7.715,4.8,8.9,7.637,85.9,39,0.0,0.0,
7.9.2026,23:35:7.928,0.0,0.7,7.374,181.5,40,0.0,0.0,
7.9.2026,23:35:8.132,4.0,4.4,7.798,149.6,41,0.0,0.0,
7.9.2026,23:35:8.329,7.0,6.2,7.903,122.4,41,0.0,0.0,
7.9.2026,23:35:8.534,1.5,6.1,7.544,89.2,39,0.0,0.0,
7.9.2026,23:35:8.742,0.0,3.7,7.643,85.5,39,0.0,0.0,
7.9.2026,23:35:8.938,10.1,9.4,7.901,257.9,41,0.0,0.0,
7.9.2026,23:35:9.146,2.9,3.4,8.866,152.6,41,0.0,0.0,
7.9.2026,23:35:9.343,2.9,3.4,8.410,152.6,41,0.0,0.0,
7.9.2026,23:35:9.555,0.0,2.4,7.920,91.4,39,0.0,0.0,
7.9.2026,23:35:9.747,0.0,2.4,8.190,91.4,39,0.0,0.0,
7.9.2026,23:35:9.956,10.1,7.2,8.103,164.8,40,0.0,0.0,
7.9.2026,23:35:10.165,2.8,5.1,9.224,207.6,41,0.0,0.0,
7.9.2026,23:35:10.355,1.4,4.9,8.237,118.9,39,0.0,0.0,
7.9.2026,23:35:10.566,9.1,7.8,8.586,105.1,53,0.0,0.0,
7.9.2026,23:35:10.770,0.3,4.3,7.682,126.6,72,0.0,0.0,
7.9.2026,23:35:10.981,1.3,1.7,7.941,85.0,73,0.0,0.0,
7.9.2026,23:35:11.186,7.2,6.1,7.547,79.5,72,0.0,0.0,
7.9.2026,23:35:11.393,0.0,4.4,6.946,121.5,39,0.0,0.0,
7.9.2026,23:35:11.599,8.4,6.2,8.323,80.1,71,0.0,0.0,
7.9.2026,23:35:11.795,3.7,2.2,7.880,171.2,68,0.0,0.0,
7.9.2026,23:35:11.998,6.1,7.5,8.655,100.5,57,0.0,0.0,
7.9.2026,23:35:12.211,4.2,5.3,7.773,100.2,61,0.0,0.0,
7.9.2026,23:35:12.401,0.0,3.5,7.253,123.4,69,0.0,0.0,
7.9.2026,23:35:12.613,10.2,10.1,8.459,205.8,50,0.0,0.0,
7.9.2026,23:35:12.814,0.0,1.7,8.000,75.2,59,0.0,0.0,
7.9.2026,23:35:13.014,5.0,4.1,7.739,121.3,63,0.0,0.0,
7.9.2026,23:35:13.228,13.4,7.0,7.867,497.0,41,0.0,0.0,
7.9.2026,23:35:13.420,0.5,3.6,7.518,169.9,41,0.0,0.0,
7.9.2026,23:35:13.633,19.5,4.9,7.539,708.1,41,0.0,0.0,
7.9.2026,23:35:13.831,0.0,3.2,8.162,129.5,46,0.0,0.0,
7.9.2026,23:35:14.026,6.1,8.5,7.883,126.7,46,0.0,0.0,
7.9.2026,23:35:14.239,7.7,5.0,7.899,133.7,40,0.0,0.0,
7.9.2026,23:35:14.447,0.0,3.6,8.008,150.3,43,0.0,0.0,
7.9.2026,23:35:14.659,7.6,6.9,7.547,93.9,45,0.0,0.0,
7.9.2026,23:35:14.866,0.0,2.1,7.534,116.3,53,0.0,0.0,
7.9.2026,23:35:15.064,9.6,3.1,7.638,482.7,51,0.0,0.0,
7.9.2026,23:35:15.271,6.5,9.3,7.810,143.6,55,0.0,0.0,
7.9.2026,23:35:15.481,3.5,2.3,7.796,207.6,47,0.0,0.0,
7.9.2026,23:35:15.687,8.5,5.5,7.502,109.2,55,0.0,0.0,
7.9.2026,23:35:15.901,2.5,4.8,7.684,130.4,70,0.0,0.0,
7.9.2026,23:35:16.115,6.6,3.5,6.856,104.2,71,0.0,0.0,
7.9.2026,23:35:16.322,0.0,4.1,6.961,92.2,39,0.0,0.0,
7.9.2026,23:35:16.535,9.2,5.3,7.966,152.4,40,0.0,0.0,
7.9.2026,23:35:16.732,0.0,5.2,7.558,98.9,40,0.0,0.0,
7.9.2026,23:35:16.945,0.0,2.7,8.015,96.8,41,0.0,0.0,
7.9.2026,23:35:17.137,0.0,2.7,7.979,96.8,41,0.0,0.0,
7.9.2026,23:35:17.349,7.8,7.6,7.771,70.0,40,0.0,0.0,
7.9.2026,23:35:17.548,0.5,3.1,7.873,166.2,39,0.0,0.0,
7.9.2026,23:35:17.755,4.1,5.9,7.506,67.8,39,0.0,0.0,
7.9.2026,23:35:17.972,5.9,8.2,7.719,127.7,40,0.0,0.0,
7.9.2026,23:35:18.176,1.1,4.1,8.184,72.9,41,0.0,0.0,
7.9.2026,23:35:18.389,9.0,4.7,8.432,205.3,40,0.0,0.0,
7.9.2026,23:35:18.599,0.0,5.1,8.615,92.5,39,0.0,0.0,
7.9.2026,23:35:18.800,4.2,3.5,8.452,117.9,39,0.0,0.0,
7.9.2026,23:35:19.007,2.9,5.8,8.465,161.4,40,0.0,0.0,
7.9.2026,23:35:19.208,2.9,5.8,8.926,161.4,40,0.0,0.0,
7.9.2026,23:35:19.415,0.7,7.4,8.641,189.2,41,0.0,0.0,
7.9.2026,23:35:19.625,7.9,5.5,9.721,68.2,40,0.0,0.0,
7.9.2026,23:35:19.830,2.0,6.7,8.188,147.5,40,0.0,0.0,
7.9.2026,23:35:20.040,0.2,3.3,8.155,62.2,47,0.0,0.0,
7.9.2026,23:35:20.231,0.2,3.3,8.300,62.2,47,0.0,0.0,
7.9.2026,23:35:20.441,6.8,8.7,8.527,88.1,39,0.0,0.0,
7.9.2026,23:35:20.638,5.9,6.1,9.300,327.2,42,0.0,0.0,
7.9.2026,23:35:20.858,4.5,7.3,8.396,75.4,58,0.0,0.0,
7.9.2026,23:35:21.071,0.0,2.5,7.118,136.5,39,0.0,0.0,
7.9.2026,23:35:21.260,0.0,2.5,8.626,136.5,39,0.0,0.0,
7.9.2026,23:35:21.471,10.0,8.5,9.089,162.4,40,0.0,0.0,
7.9.2026,23:35:21.667,1.2,3.4,8.045,164.5,39,0.0,0.0,
7.9.2026,23:35:21.876,6.4,10.4,9.216,114.2,68,0.0,0.0,
7.9.2026,23:35:22.086,0.1,5.1,7.779,129.4,40,0.0,0.0,
7.9.2026,23:35:22.281,0.1,5.1,8.554,129.4,40,0.0,0.0,
7.9.2026,23:35:22.491,6.8,6.7,8.456,104.6,41,0.0,0.0,
7.9.2026,23:35:22.681,1.4,5.6,8.456,123.4,50,0.0,0.0,
7.9.2026,23:35:22.892,17.2,11.9,8.406,517.3,58,0.0,0.0,
7.9.2026,23:35:23.102,3.3,3.6,8.864,227.0,58,0.0,0.0,
7.9.2026,23:35:23.294,0.0,3.2,8.750,80.8,72,0.0,0.0,
7.9.2026,23:35:23.505,8.4,11.7,8.423,123.3,70,0.0,0.0,
7.9.2026,23:35:23.703,0.7,2.2,8.497,132.6,58,0.0,0.0,
7.9.2026,23:35:23.913,5.0,7.3,7.639,67.7,62,0.0,0.0,
7.9.2026,23:35:24.109,7.7,1.7,8.196,523.9,66,0.0,0.0,
7.9.2026,23:35:24.327,9.0,7.4,9.369,351.5,61,0.0,0.0,
7.9.2026,23:35:24.541,7.5,8.6,8.254,74.7,71,0.0,0.0,
7.9.2026,23:35:24.739,0.0,0.8,7.432,130.5,69,0.0,0.0,
7.9.2026,23:35:24.946,7.6,4.3,7.728,207.9,71,0.0,0.0,
7.9.2026,23:35:25.142,10.7,7.6,8.067,222.1,68,0.0,0.0,
7.9.2026,23:35:25.354,6.2,5.9,7.795,519.9,62,0.0,0.0,
7.9.2026,23:35:25.571,10.0,9.2,7.417,139.1,69,0.0,0.0,
7.9.2026,23:35:25.773,0.0,0.8,6.897,118.4,40,0.0,0.0,
7.9.2026,23:35:25.964,4.1,5.3,7.795,73.4,39,0.0,0.0,
7.9.2026,23:35:26.178,15.3,9.3,7.795,534.2,67,0.0,0.0,
7.9.2026,23:35:26.377,3.4,1.0,7.230,272.1,71,0.0,0.0,
7.9.2026,23:35:26.590,12.4,8.9,7.857,434.2,68,0.0,0.0,
7.9.2026,23:35:26.801,5.9,6.0,8.252,101.0,68,0.0,0.0,
7.9.2026,23:35:27.009,0.0,2.4,7.724,89.1,69,0.0,0.0,
7.9.2026,23:35:27.209,8.2,6.8,7.461,141.4,71,0.0,0.0,
7.9.2026,23:35:27.404,3.9,3.1,7.709,368.4,71,0.0,0.0,
7.9.2026,23:35:27.616,7.3,12.7,9.288,129.3,70,0.0,0.0,
7.9.2026,23:35:27.823,0.0,0.9,6.744,75.4,71,0.0,0.0,
7.9.2026,23:35:28.037,7.9,9.8,7.896,86.6,72,0.0,0.0,
7.9.2026,23:35:28.244,0.4,1.5,7.720,163.9,68,0.0,0.0,
7.9.2026,23:35:28.451,8.5,7.9,7.417,92.7,69,0.0,0.0,
7.9.2026,23:35:28.662,2.6,5.6,7.862,158.8,72,0.0,0.0,
7.9.2026,23:35:28.861,0.0,1.4,7.204,53.3,69,0.0,0.0,
7.9.2026,23:35:29.073,7.9,4.4,7.328,295.7,68,0.0,0.0,
7.9.2026,23:35:29.296,8.9,7.5,7.733,208.9,68,0.0,0.0,
7.9.2026,23:35:29.508,0.0,2.5,6.438,126.5,39,0.0,0.0,
7.9.2026,23:35:29.704,8.8,6.1,8.709,204.0,40,0.0,0.0,
7.9.2026,23:35:29.903,6.7,8.0,9.219,142.9,40,0.0,0.0,
7.9.2026,23:35:30.111,4.6,4.9,7.560,280.6,39,0.0,0.0,
7.9.2026,23:35:30.315,3.5,7.7,8.676,112.3,39,0.0,0.0,
7.9.2026,23:35:30.527,0.1,4.4,8.647,149.3,39,0.0,0.0,
7.9.2026,23:35:30.731,16.3,12.9,9.000,461.7,39,0.0,0.0,
7.9.2026,23:35:30.943,0.0,3.5,10.602,85.3,39,0.0,0.0,
7.9.2026,23:35:31.142,6.1,6.7,9.021,127.3,40,0.0,0.0,
7.9.2026,23:35:31.350,1.5,2.8,8.031,126.5,39,0.0,0.0,
7.9.2026,23:35:31.543,1.5,2.8,8.077,126.5,39,0.0,0.0,
7.9.2026,23:35:31.756,7.6,11.3,8.063,120.5,39,0.0,0.0,
7.9.2026,23:35:31.951,0.0,2.1,7.600,133.0,40,0.0,0.0,
7.9.2026,23:35:32.160,0.0,2.8,8.249,92.6,40,0.0,0.0,
7.9.2026,23:35:32.369,1.6,4.4,8.149,186.6,40,0.0,0.0,
7.9.2026,23:35:32.580,6.2,10.8,8.450,92.2,39,0.0,0.0,
7.9.2026,23:35:32.788,0.8,1.4,7.890,95.8,39,0.0,0.0,
7.9.2026,23:35:32.984,6.6,7.3,8.010,163.3,39,0.0,0.0,
7.9.2026,23:35:33.193,0.2,2.3,7.964,106.7,39,0.0,0.0,
7.9.2026,23:35:33.387,0.2,2.3,7.580,106.7,39,0.0,0.0,
7.9.2026,23:35:33.598,17.5,7.7,7.796,545.7,40,0.0,0.0,
7.9.2026,23:35:33.794,1.9,6.5,7.963,149.1,39,0.0,0.0,
7.9.2026,23:35:34.014,7.6,9.3,8.594,141.6,70,0.0,0.0,
7.9.2026,23:35:34.226,0.0,3.4,7.272,77.1,40,0.0,0.0,
7.9.2026,23:35:34.431,3.1,7.2,7.777,103.4,39,0.0,0.0,
7.9.2026,23:35:34.621,3.1,7.2,7.957,103.4,39,0.0,0.0,
7.9.2026,23:35:34.832,9.5,10.0,8.406,189.2,41,0.0,0.0,
7.9.2026,23:35:35.031,0.0,1.1,7.272,92.5,39,0.0,0.0,
7.9.2026,23:35:35.243,9.2,8.4,8.420,319.5,39,0.0,0.0,
7.9.2026,23:35:35.433,0.4,2.1,7.584,99.7,39,0.0,0.0,
7.9.2026,23:35:35.644,7.3,8.6,8.837,101.4,72,0.0,0.0,
7.9.2026,23:35:35.847,2.1,2.8,7.974,169.0,73,0.0,0.0,
7.9.2026,23:35:36.051,4.4,6.9,7.558,159.4,70,0.0,0.0,
7.9.2026,23:35:36.251,3.7,4.9,7.847,148.5,68,0.0,0.0,
7.9.2026,23:35:36.468,7.2,8.2,8.302,162.3,71,0.0,0.0,
7.9.2026,23:35:36.683,5.1,7.6,6.478,122.0,40,0.0,0.0,
7.9.2026,23:35:36.894,1.8,5.5,8.053,188.5,41,0.0,0.0,
7.9.2026,23:35:37.091,1.8,5.5,7.883,188.5,41,0.0,0.0,
7.9.2026,23:35:37.305,5.7,9.0,8.180,140.4,39,0.0,0.0,
7.9.2026,23:35:37.500,0.0,1.5,7.974,84.9,39,0.0,0.0,
7.9.2026,23:35:37.713,7.1,6.5,8.598,76.8,69,0.0,0.0,
7.9.2026,23:35:37.903,0.1,3.0,6.649,173.6,40,0.0,0.0,
7.9.2026,23:35:38.116,8.2,10.6,8.266,88.0,67,0.0,0.0,
7.9.2026,23:35:38.321,1.9,3.1,7.978,258.3,69,0.0,0.0,
7.9.2026,23:35:38.517,2.7,6.7,7.732,69.8,71,0.0,0.0,
7.9.2026,23:35:38.723,5.9,6.1,7.635,118.9,71,0.0,0.0,
7.9.2026,23:35:38.920,2.4,4.8,7.718,93.1,69,0.0,0.0,
7.9.2026,23:35:39.140,6.9,5.5,7.627,144.5,68,0.0,0.0,
7.9.2026,23:35:39.352,0.0,2.7,6.408,106.1,39,0.0,0.0,
7.9.2026,23:35:39.548,0.0,2.7,7.568,106.1,39,0.0,0.0,
7.9.2026,23:35:39.745,7.0,6.2,7.548,125.9,40,0.0,0.0,
7.9.2026,23:35:39.952,19.1,8.8,8.984,776.6,66,0.0,0.0,
7.9.2026,23:35:40.161,4.5,3.4,7.775,168.8,68,0.0,0.0,
7.9.2026,23:35:40.372,9.5,3.8,7.930,454.3,68,0.0,0.0,
7.9.2026,23:35:40.581,6.8,7.7,6.547,107.5,39,0.0,0.0,
7.9.2026,23:35:40.775,1.1,3.6,8.254,152.4,39,0.0,0.0,
7.9.2026,23:35:40.990,8.0,9.3,8.842,123.8,68,0.0,0.0,
7.9.2026,23:35:41.187,0.0,1.8,6.817,132.0,39,0.0,0.0,
7.9.2026,23:35:41.400,6.9,3.6,8.838,141.6,68,0.0,0.0,
7.9.2026,23:35:41.590,3.3,3.5,6.559,320.8,39,0.0,0.0,
7.9.2026,23:35:41.798,8.4,12.0,9.234,97.7,66,0.0,0.0,
7.9.2026,23:35:42.015,2.1,2.1,7.829,137.3,71,0.0,0.0,
7.9.2026,23:35:42.221,6.3,6.7,7.638,134.5,72,0.0,0.0,
7.9.2026,23:35:42.419,8.2,4.9,7.638,415.7,70,0.0,0.0,
7.9.2026,23:35:42.634,4.9,6.4,7.825,91.9,73,0.0,0.0,
7.9.2026,23:35:42.827,0.0,1.6,7.825,89.3,39,0.0,0.0,
7.9.2026,23:35:43.041,12.2,9.7,7.056,253.2,71,0.0,0.0,
7.9.2026,23:35:43.231,0.0,1.7,6.632,116.0,40,0.0,0.0,
7.9.2026,23:35:43.439,9.6,9.9,8.831,146.4,68,0.0,0.0,
7.9.2026,23:35:43.657,3.2,3.7,7.790,207.0,68,0.0,0.0,
7.9.2026,23:35:43.864,5.5,6.1,6.686,158.7,40,0.0,0.0,
7.9.2026,23:35:44.075,0.0,2.8,7.952,76.4,40,0.0,0.0,
7.9.2026,23:35:44.287,7.0,6.2,8.610,106.2,39,0.0,0.0,
7.9.2026,23:35:44.494,0.0,4.3,7.710,119.6,39,0.0,0.0,
7.9.2026,23:35:44.706,9.8,5.7,7.519,153.6,39,0.0,0.0,
7.9.2026,23:35:44.904,0.0,3.4,7.519,115.4,39,0.0,0.0,
7.9.2026,23:35:45.113,4.4,9.7,8.108,59.8,39,0.0,0.0,
7.9.2026,23:35:45.322,8.9,5.5,8.310,191.7,39,0.0,0.0,
7.9.2026,23:35:45.538,0.0,2.5,7.557,134.5,39,0.0,0.0,
7.9.2026,23:35:45.730,8.0,9.2,7.557,107.4,39,0.0,0.0,
7.9.2026,23:35:45.938,0.0,3.4,7.749,63.7,39,0.0,0.0,
7.9.2026,23:35:46.148,9.4,2.8,7.614,518.4,39,0.0,0.0,
7.9.2026,23:35:46.338,9.4,2.8,7.773,518.4,39,0.0,0.0,
7.9.2026,23:35:46.550,9.4,9.1,7.691,158.8,39,0.0,0.0,
7.9.2026,23:35:46.748,4.0,2.9,7.441,289.3,39,0.0,0.0,
7.9.2026,23:35:46.960,0.0,4.3,7.989,120.6,39,0.0,0.0,
7.9.2026,23:35:47.156,6.2,4.7,7.910,135.5,38,0.0,0.0,
7.9.2026,23:35:47.379,6.9,3.1,8.253,230.5,39,0.0,0.0,
7.9.2026,23:35:47.586,0.0,4.9,8.035,83.6,39,0.0,0.0,
7.9.2026,23:35:47.781,7.2,8.6,7.648,140.0,39,0.0,0.0,
7.9.2026,23:35:47.995,0.0,2.0,7.776,96.2,39,0.0,0.0,
7.9.2026,23:35:48.185,7.7,6.6,8.022,106.7,39,0.0,0.0,
7.9.2026,23:35:48.391,3.0,5.1,7.786,148.1,39,0.0,0.0,
7.9.2026,23:35:48.603,0.0,2.1,7.882,68.8,39,0.0,0.0,
7.9.2026,23:35:48.796,9.2,8.2,7.740,199.8,39,0.0,0.0,
7.9.2026,23:35:49.008,0.0,4.6,7.982,86.5,39,0.0,0.0,
7.9.2026,23:35:49.206,0.0,4.6,7.703,86.5,39,0.0,0.0,
7.9.2026,23:35:49.415,5.1,5.0,7.670,100.6,39,0.0,0.0,
7.9.2026,23:35:49.605,3.1,7.4,7.464,135.3,38,0.0,0.0,
7.9.2026,23:35:49.811,9.2,10.3,10.614,157.9,68,0.0,0.0,
7.9.2026,23:35:50.023,1.4,3.0,7.982,81.8,71,0.0,0.0,
7.9.2026,23:35:50.228,0.9,3.6,7.893,109.7,67,0.0,0.0,
7.9.2026,23:35:50.442,10.3,6.8,7.959,186.2,67,0.0,0.0,
7.9.2026,23:35:50.650,0.0,2.3,7.573,103.6,71,0.0,0.0,
7.9.2026,23:35:50.858,9.8,9.8,9.114,211.0,71,0.0,0.0,
7.9.2026,23:35:51.067,1.9,3.2,7.667,130.5,70,0.0,0.0,
7.9.2026,23:35:51.275,0.4,3.1,7.321,108.1,68,0.0,0.0,
7.9.2026,23:35:51.487,2.9,2.2,7.664,156.8,71,0.0,0.0,
7.9.2026,23:35:51.696,13.5,6.8,7.426,475.7,67,0.0,0.0,
7.9.2026,23:35:51.896,0.4,3.5,6.415,80.9,39,0.0,0.0,
7.9.2026,23:35:52.101,6.0,5.6,8.426,126.7,72,0.0,0.0,
7.9.2026,23:35:52.298,3.4,3.9,7.840,160.7,68,0.0,0.0,
7.9.2026,23:35:52.503,8.7,6.0,8.148,161.4,71,0.0,0.0,
7.9.2026,23:35:52.717,0.6,4.9,7.811,64.2,68,0.0,0.0,
7.9.2026,23:35:52.926,5.6,6.0,6.470,96.7,40,0.0,0.0,
7.9.2026,23:35:53.137,0.9,2.9,7.593,130.9,39,0.0,0.0,
7.9.2026,23:35:53.347,0.0,6.9,7.908,92.0,39,0.0,0.0,
7.9.2026,23:35:53.557,7.0,5.7,7.901,114.8,39,0.0,0.0,
7.9.2026,23:35:53.770,0.0,5.4,7.983,86.2,39,0.0,0.0,
7.9.2026,23:35:53.964,0.0,5.4,7.433,86.2,39,0.0,0.0,
7.9.2026,23:35:54.181,0.0,1.7,7.255,106.9,39,0.0,0.0,
7.9.2026,23:35:54.378,7.9,7.0,7.576,144.8,39,0.0,0.0,
7.9.2026,23:35:54.590,6.5,9.0,7.822,153.1,41,0.0,0.0,
7.9.2026,23:35:54.802,0.0,5.1,8.587,115.6,39,0.0,0.0,
7.9.2026,23:35:55.007,2.4,3.6,8.920,161.5,41,0.0,0.0,
7.9.2026,23:35:55.200,2.4,3.6,8.767,161.5,40,0.0,0.0,
7.9.2026,23:35:55.408,3.3,2.7,9.208,252.2,39,0.0,0.0,
7.9.2026,23:35:55.619,6.2,6.0,8.088,92.5,39,0.0,0.0,
7.9.2026,23:35:55.827,1.6,4.7,7.944,121.9,39,0.0,0.0,
7.9.2026,23:35:56.040,0.0,2.8,7.788,90.4,39,0.0,0.0,
7.9.2026,23:35:56.230,0.0,2.8,7.310,90.4,39,0.0,0.0,
7.9.2026,23:35:56.446,0.0,2.0,7.652,100.5,39,0.0,0.0,
7.9.2026,23:35:56.642,0.0,2.0,7.932,100.5,39,0.0,0.0,
7.9.2026,23:35:56.854,5.7,8.6,7.724,92.0,39,0.0,0.0,
7.9.2026,23:35:57.062,7.4,6.8,8.342,148.5,40,0.0,0.0,
7.9.2026,23:35:57.271,2.7,2.1,8.083,170.0,40,0.0,0.0,
7.9.2026,23:35:57.482,13.5,7.7,8.140,430.6,39,0.0,0.0,
7.9.2026,23:35:57.695,0.0,1.8,8.154,132.2,40,0.0,0.0,
7.9.2026,23:35:57.887,0.0,1.8,8.978,132.2,40,0.0,0.0,
7.9.2026,23:35:58.097,0.0,3.6,8.969,75.1,41,0.0,0.0,
7.9.2026,23:35:58.307,3.3,4.1,7.803,179.3,40,0.0,0.0,
7.9.2026,23:35:58.499,3.3,4.1,8.484,179.3,40,0.0,0.0,
7.9.2026,23:35:58.710,8.7,7.8,7.731,177.7,39,0.0,0.0,
7.9.2026,23:35:58.903,0.0,2.6,7.557,87.8,39,0.0,0.0,
7.9.2026,23:35:59.116,0.0,3.3,7.562,90.3,40,0.0,0.0,
7.9.2026,23:35:59.308,0.0,3.3,7.562,90.3,39,0.0,0.0,
7.9.2026,23:35:59.520,7.8,9.5,9.537,109.8,41,0.0,0.0,
7.9.2026,23:35:59.717,0.0,3.4,8.084,150.1,40,0.0,0.0,
7.9.2026,23:35:59.930,5.6,6.4,8.594,87.3,66,0.0,0.0,
7.9.2026,23:36:0.125,0.0,4.7,6.830,160.4,39,0.0,0.0,
7.9.2026,23:36:0.334,12.0,9.1,10.876,293.8,71,0.0,0.0,
7.9.2026,23:36:0.536,1.8,5.1,10.876,223.5,39,0.0,0.0,
7.9.2026,23:36:0.743,5.5,4.5,6.644,139.2,71,0.0,0.0,
7.9.2026,23:36:0.939,1.5,3.0,8.639,117.5,70,0.0,0.0,
7.9.2026,23:36:1.152,7.3,10.2,7.833,131.1,71,0.0,0.0,
7.9.2026,23:36:1.342,9.2,7.4,8.888,240.1,67,0.0,0.0,
7.9.2026,23:36:1.552,22.4,6.2,8.933,798.8,52,0.0,0.0,
7.9.2026,23:36:1.749,0.2,2.9,7.830,98.6,67,0.0,0.0,
7.9.2026,23:36:1.959,6.6,6.4,8.347,104.0,66,0.0,0.0,
7.9.2026,23:36:2.153,0.3,3.2,7.689,147.5,53,0.0,0.0,
7.9.2026,23:36:2.365,8.3,7.7,8.037,127.0,46,0.0,0.0,
7.9.2026,23:36:2.574,0.6,2.8,7.890,148.4,46,0.0,0.0,
7.9.2026,23:36:2.784,7.4,6.1,7.713,136.0,41,0.0,0.0,
7.9.2026,23:36:2.981,0.2,4.3,7.735,79.2,42,0.0,0.0,
7.9.2026,23:36:3.203,14.0,3.4,7.730,493.3,40,0.0,0.0,
7.9.2026,23:36:3.417,2.9,7.3,8.128,118.5,46,0.0,0.0,
7.9.2026,23:36:3.613,5.1,7.1,7.889,84.8,46,0.0,0.0,
7.9.2026,23:36:3.826,0.0,1.4,7.755,130.0,41,0.0,0.0,
7.9.2026,23:36:4.033,6.0,6.4,8.014,103.3,44,0.0,0.0,
7.9.2026,23:36:4.229,1.9,5.5,8.063,149.9,47,0.0,0.0,
7.9.2026,23:36:4.438,7.6,5.9,8.149,130.9,47,0.0,0.0,
7.9.2026,23:36:4.648,0.0,5.8,7.801,79.6,41,0.0,0.0,
7.9.2026,23:36:4.840,0.3,1.9,7.468,128.1,59,0.0,0.0,
7.9.2026,23:36:5.048,8.9,10.5,8.034,126.4,46,0.0,0.0,
7.9.2026,23:36:5.258,4.7,2.1,8.193,215.4,46,0.0,0.0,
7.9.2026,23:36:5.459,0.7,3.5,7.660,145.7,46,0.0,0.0,
7.9.2026,23:36:5.667,4.4,5.1,7.845,94.5,45,0.0,0.0,
7.9.2026,23:36:5.882,9.6,8.3,8.453,196.0,43,0.0,0.0,
7.9.2026,23:36:6.075,0.0,1.0,7.976,136.4,70,0.0,0.0,
7.9.2026,23:36:6.293,7.5,8.7,9.078,88.9,48,0.0,0.0,
7.9.2026,23:36:6.501,4.4,4.8,8.315,130.8,64,0.0,0.0,
7.9.2026,23:36:6.711,0.8,2.5,7.759,120.0,72,0.0,0.0,
7.9.2026,23:36:6.906,14.8,3.7,7.484,732.6,47,0.0,0.0,
7.9.2026,23:36:7.114,6.3,8.2,8.469,113.4,47,0.0,0.0,
7.9.2026,23:36:7.315,0.9,2.1,8.048,116.2,46,0.0,0.0,
7.9.2026,23:36:7.532,6.4,6.8,7.837,129.4,42,0.0,0.0,
7.9.2026,23:36:7.738,4.4,5.6,7.595,124.3,54,0.0,0.0,
7.9.2026,23:36:7.951,1.9,1.7,7.646,158.1,68,0.0,0.0,
7.9.2026,23:36:8.164,6.9,6.3,6.885,108.2,72,0.0,0.0,
7.9.2026,23:36:8.354,0.0,2.7,7.495,144.2,72,0.0,0.0,
7.9.2026,23:36:8.566,7.0,10.5,8.862,164.6,66,0.0,0.0,
7.9.2026,23:36:8.765,4.7,2.9,7.191,186.9,72,0.0,0.0,
7.9.2026,23:36:8.978,4.9,6.3,7.998,95.4,67,0.0,0.0,
7.9.2026,23:36:9.168,0.0,0.8,7.728,115.0,69,0.0,0.0,
7.9.2026,23:36:9.380,9.6,12.0,8.879,163.7,63,0.0,0.0,
7.9.2026,23:36:9.586,0.0,2.0,6.908,103.6,68,0.0,0.0,
7.9.2026,23:36:9.776,4.8,3.9,7.921,218.7,71,0.0,0.0,
7.9.2026,23:36:9.988,13.9,10.3,8.817,365.4,63,0.0,0.0,
7.9.2026,23:36:10.197,0.0,2.8,7.081,85.5,68,0.0,0.0,
7.9.2026,23:36:10.408,1.9,2.3,7.862,138.7,68,0.0,0.0,
7.9.2026,23:36:10.615,6.8,6.4,7.715,106.5,68,0.0,0.0,
7.9.2026,23:36:10.812,6.9,7.0,9.064,340.2,69,0.0,0.0,
7.9.2026,23:36:11.023,1.9,7.2,8.267,65.8,47,0.0,0.0,
7.9.2026,23:36:11.214,1.8,2.9,8.267,56.8,73,0.0,0.0,
7.9.2026,23:36:11.428,9.9,10.4,9.063,185.5,71,0.0,0.0,
7.9.2026,23:36:11.624,0.0,1.8,9.063,88.2,72,0.0,0.0,
7.9.2026,23:36:11.835,10.9,7.3,6.543,297.0,67,0.0,0.0,
7.9.2026,23:36:12.041,0.7,3.2,9.698,94.9,68,0.0,0.0,
7.9.2026,23:36:12.255,9.4,9.8,7.794,147.4,72,0.0,0.0,
7.9.2026,23:36:12.450,0.8,2.0,7.005,216.3,39,0.0,0.0,
7.9.2026,23:36:12.663,6.3,9.5,10.306,111.1,73,0.0,0.0,
7.9.2026,23:36:12.868,6.1,3.0,6.830,433.4,40,0.0,0.0,
7.9.2026,23:36:13.059,1.4,4.3,7.777,84.8,39,0.0,0.0,
7.9.2026,23:36:13.269,8.0,8.3,10.431,87.7,72,0.0,0.0,
7.9.2026,23:36:13.478,2.8,6.2,7.947,250.4,68,0.0,0.0,
7.9.2026,23:36:13.690,7.5,10.4,10.582,92.7,68,0.0,0.0,
7.9.2026,23:36:13.899,8.0,1.7,8.337,537.6,67,0.0,0.0,
7.9.2026,23:36:14.089,2.0,4.0,10.401,106.5,68,0.0,0.0,
7.9.2026,23:36:14.301,16.6,8.8,8.583,509.4,59,0.0,0.0,
7.9.2026,23:36:14.515,0.4,2.3,7.195,166.3,68,0.0,0.0,
7.9.2026,23:36:14.721,7.1,8.8,6.824,112.0,40,0.0,0.0,
7.9.2026,23:36:14.932,0.0,2.7,7.958,64.6,39,0.0,0.0,
7.9.2026,23:36:15.148,0.0,2.3,7.748,170.2,40,0.0,0.0,
7.9.2026,23:36:15.344,6.0,5.8,8.404,81.9,40,0.0,0.0,
7.9.2026,23:36:15.552,1.1,3.9,8.066,111.1,39,0.0,0.0,
7.9.2026,23:36:15.752,4.6,4.5,7.866,127.8,39,0.0,0.0,
7.9.2026,23:36:15.960,0.6,3.7,7.887,95.8,39,0.0,0.0,
7.9.2026,23:36:16.151,0.6,3.7,7.793,95.8,39,0.0,0.0,
7.9.2026,23:36:16.363,13.3,7.7,7.871,334.9,39,0.0,0.0,
7.9.2026,23:36:16.568,2.9,3.4,8.002,201.2,39,0.0,0.0,
7.9.2026,23:36:16.764,0.0,2.1,7.659,60.6,39,0.0,0.0,
7.9.2026,23:36:16.978,8.1,8.8,9.040,154.9,68,0.0,0.0,
7.9.2026,23:36:17.168,0.0,1.3,6.813,93.5,39,0.0,0.0,
7.9.2026,23:36:17.385,13.1,11.6,10.021,346.3,69,0.0,0.0,
7.9.2026,23:36:17.580,0.7,1.0,7.592,224.0,39,0.0,0.0,
7.9.2026,23:36:17.787,6.6,9.4,9.109,117.0,39,0.0,0.0,
7.9.2026,23:36:17.984,1.3,4.1,8.385,118.7,40,0.0,0.0,
7.9.2026,23:36:18.194,6.3,8.5,9.084,122.3,70,0.0,0.0,
7.9.2026,23:36:18.400,1.8,2.8,8.574,138.3,72,0.0,0.0,
7.9.2026,23:36:18.610,14.6,6.8,9.034,422.4,71,0.0,0.0,
7.9.2026,23:36:18.821,1.4,4.1,9.054,159.2,72,0.0,0.0,
7.9.2026,23:36:19.013,0.4,4.5,8.347,143.0,72,0.0,0.0,
7.9.2026,23:36:19.224,4.2,7.7,8.549,79.1,65,0.0,0.0,
7.9.2026,23:36:19.428,5.9,4.9,8.190,172.5,68,0.0,0.0,
7.9.2026,23:36:19.638,1.4,4.8,9.115,87.2,71,0.0,0.0,
7.9.2026,23:36:19.846,7.4,7.6,8.127,149.0,68,0.0,0.0,
7.9.2026,23:36:20.051,3.9,2.7,8.379,200.0,68,0.0,0.0,
7.9.2026,23:36:20.265,9.9,7.5,9.853,410.0,71,0.0,0.0,
7.9.2026,23:36:20.472,6.9,12.4,8.099,126.9,72,0.0,0.0,
7.9.2026,23:36:20.674,0.5,2.0,7.744,101.4,72,0.0,0.0,
7.9.2026,23:36:20.882,4.1,4.9,7.732,79.4,72,0.0,0.0,
7.9.2026,23:36:21.075,0.4,3.6,7.734,139.0,66,0.0,0.0,
7.9.2026,23:36:21.288,12.1,12.9,10.183,286.3,72,0.0,0.0,
7.9.2026,23:36:21.493,0.0,0.7,8.341,153.6,56,0.0,0.0,
7.9.2026,23:36:21.684,14.2,7.6,7.857,377.6,53,0.0,0.0,
7.9.2026,23:36:21.895,2.4,2.3,8.249,111.6,43,0.0,0.0,
7.9.2026,23:36:22.101,0.9,5.2,7.796,142.5,40,0.0,0.0,
7.9.2026,23:36:22.301,0.8,2.4,7.596,87.3,46,0.0,0.0,
7.9.2026,23:36:22.501,5.2,8.0,8.048,144.2,40,0.0,0.0,
7.9.2026,23:36:22.715,4.8,3.0,7.720,112.0,40,0.0,0.0,
7.9.2026,23:36:22.922,5.2,5.6,7.577,67.3,39,0.0,0.0,
7.9.2026,23:36:23.135,0.0,6.3,7.828,100.2,40,0.0,0.0,
7.9.2026,23:36:23.345,6.3,4.8,7.304,98.8,41,0.0,0.0,
7.9.2026,23:36:23.558,5.0,7.2,8.011,149.2,42,0.0,0.0,
7.9.2026,23:36:23.768,0.4,4.8,7.447,60.8,42,0.0,0.0,
7.9.2026,23:36:23.982,0.7,3.1,7.782,131.0,40,0.0,0.0,
7.9.2026,23:36:24.191,0.2,6.9,7.914,100.6,45,0.0,0.0,
7.9.2026,23:36:24.409,6.2,1.6,7.580,89.7,40,0.0,0.0,
7.9.2026,23:36:24.606,5.5,8.8,7.813,134.6,51,0.0,0.0,
7.9.2026,23:36:24.820,5.7,5.9,7.329,103.8,41,0.0,0.0,
7.9.2026,23:36:25.025,0.0,3.9,7.588,160.1,43,0.0,0.0,
7.9.2026,23:36:25.237,8.5,6.9,8.060,111.2,42,0.0,0.0,
7.9.2026,23:36:25.448,0.0,2.7,7.598,67.9,43,0.0,0.0,
7.9.2026,23:36:25.657,6.4,5.1,7.825,96.5,41,0.0,0.0,
7.9.2026,23:36:25.854,0.0,2.6,7.343,82.3,40,0.0,0.0,
7.9.2026,23:36:26.073,6.4,5.3,7.910,115.1,40,0.0,0.0,
7.9.2026,23:36:26.290,6.5,6.9,8.096,211.7,47,0.0,0.0,
7.9.2026,23:36:26.487,0.0,3.6,7.718,124.3,40,0.0,0.0,
7.9.2026,23:36:26.697,5.9,5.1,7.673,130.0,39,0.0,0.0,
7.9.2026,23:36:26.905,5.6,8.5,7.914,57.6,41,0.0,0.0,
7.9.2026,23:36:27.119,16.8,3.1,7.645,823.2,39,0.0,0.0,
7.9.2026,23:36:27.310,6.9,5.3,7.572,144.8,40,0.0,0.0,
7.9.2026,23:36:27.523,2.7,6.5,7.796,154.3,41,0.0,0.0,
7.9.2026,23:36:27.716,6.0,6.4,7.642,131.8,41,0.0,0.0,
7.9.2026,23:36:27.925,10.3,3.0,7.944,514.1,39,0.0,0.0,
7.9.2026,23:36:28.132,1.0,2.9,7.804,133.0,40,0.0,0.0,
7.9.2026,23:36:28.324,9.3,6.6,7.971,146.0,41,0.0,0.0,
7.9.2026,23:36:28.537,2.2,5.8,7.766,152.4,40,0.0,0.0,
7.9.2026,23:36:28.744,0.1,3.3,7.736,102.9,39,0.0,0.0,
7.9.2026,23:36:28.941,22.4,8.2,7.736,848.8,39,0.0,0.0,
7.9.2026,23:36:29.156,0.2,3.0,7.738,115.4,40,0.0,0.0,
7.9.2026,23:36:29.369,6.7,7.4,7.851,124.7,39,0.0,0.0,
7.9.2026,23:36:29.568,6.8,4.4,7.785,166.2,39,0.0,0.0,
7.9.2026,23:36:29.775,3.4,4.0,7.662,380.7,39,0.0,0.0,
7.9.2026,23:36:29.982,8.6,8.9,7.675,116.0,39,0.0,0.0,
7.9.2026,23:36:30.193,2.9,2.7,7.984,166.9,41,0.0,0.0,
7.9.2026,23:36:30.390,0.0,4.7,7.984,88.2,41,0.0,0.0,
7.9.2026,23:36:30.602,8.4,9.2,9.346,210.2,42,0.0,0.0,
7.9.2026,23:36:30.799,13.6,4.6,9.346,471.8,40,0.0,0.0,
7.9.2026,23:36:31.008,0.4,4.7,7.431,118.2,40,0.0,0.0,
7.9.2026,23:36:31.201,0.7,2.4,7.593,182.3,40,0.0,0.0,
7.9.2026,23:36:31.414,6.6,8.6,8.188,112.8,40,0.0,0.0,
7.9.2026,23:36:31.622,1.0,4.4,8.145,146.6,40,0.0,0.0,
7.9.2026,23:36:31.839,7.6,6.0,9.543,93.1,40,0.0,0.0,
7.9.2026,23:36:32.035,6.9,6.1,8.656,146.7,41,0.0,0.0,
7.9.2026,23:36:32.232,0.0,4.6,8.073,173.3,42,0.0,0.0,
7.9.2026,23:36:32.442,6.9,6.7,7.888,88.2,40,0.0,0.0,
7.9.2026,23:36:32.651,0.4,2.1,7.708,153.9,40,0.0,0.0,
7.9.2026,23:36:32.857,7.3,10.6,7.886,87.3,41,0.0,0.0,
7.9.2026,23:36:33.076,0.8,2.6,7.870,72.3,40,0.0,0.0,
7.9.2026,23:36:33.293,4.2,4.6,7.744,148.1,44,0.0,0.0,
7.9.2026,23:36:33.505,4.6,6.6,7.859,105.0,43,0.0,0.0,
7.9.2026,23:36:33.704,0.1,1.9,8.281,140.0,68,0.0,0.0,
7.9.2026,23:36:33.905,3.1,6.9,8.914,81.7,54,0.0,0.0,
7.9.2026,23:36:34.117,19.4,7.2,8.726,804.7,59,0.0,0.0,
7.9.2026,23:36:34.313,0.0,1.4,8.711,141.7,59,0.0,0.0,
7.9.2026,23:36:34.523,6.0,9.7,7.932,76.0,44,0.0,0.0,
7.9.2026,23:36:34.717,10.3,1.7,8.006,531.1,41,0.0,0.0,
7.9.2026,23:36:34.938,6.3,8.1,8.692,72.6,41,0.0,0.0,
7.9.2026,23:36:35.159,2.1,5.2,8.217,86.7,41,0.0,0.0,
7.9.2026,23:36:35.355,3.6,6.0,8.443,137.6,55,0.0,0.0,
7.9.2026,23:36:35.565,4.9,7.7,8.764,92.0,68,0.0,0.0,
7.9.2026,23:36:35.770,2.4,2.9,8.068,145.4,70,0.0,0.0,
7.9.2026,23:36:35.963,1.2,2.9,8.627,98.0,70,0.0,0.0,
7.9.2026,23:36:36.171,8.4,8.1,8.895,151.5,44,0.0,0.0,
7.9.2026,23:36:36.380,0.0,3.8,8.825,58.7,47,0.0,0.0,
7.9.2026,23:36:36.589,0.9,3.9,8.571,84.3,45,0.0,0.0,
7.9.2026,23:36:36.804,5.6,6.9,8.439,154.6,51,0.0,0.0,
7.9.2026,23:36:37.002,0.2,1.3,8.106,75.5,61,0.0,0.0,
7.9.2026,23:36:37.210,5.3,7.4,7.979,138.5,56,0.0,0.0,
7.9.2026,23:36:37.421,0.9,2.2,8.688,107.4,58,0.0,0.0,
7.9.2026,23:36:37.626,7.3,7.2,7.874,81.2,67,0.0,0.0,
7.9.2026,23:36:37.839,2.5,2.3,7.851,168.8,62,0.0,0.0,
7.9.2026,23:36:38.036,6.0,8.0,8.591,81.7,62,0.0,0.0,
7.9.2026,23:36:38.235,0.0,3.6,7.914,157.7,48,0.0,0.0,
7.9.2026,23:36:38.446,4.8,7.3,8.737,71.4,72,0.0,0.0,
7.9.2026,23:36:38.644,6.5,2.6,7.209,92.0,68,0.0,0.0,
7.9.2026,23:36:38.853,0.0,3.8,7.769,171.6,72,0.0,0.0,
7.9.2026,23:36:39.049,6.8,4.3,7.857,342.5,72,0.0,0.0,
7.9.2026,23:36:39.259,8.4,7.8,8.105,160.9,71,0.0,0.0,
7.9.2026,23:36:39.469,13.1,8.9,7.484,176.7,71,0.0,0.0,
7.9.2026,23:36:39.681,1.4,2.9,7.571,135.3,71,0.0,0.0,
7.9.2026,23:36:39.878,1.0,2.1,7.600,183.7,69,0.0,0.0,
7.9.2026,23:36:40.084,13.8,7.9,6.841,408.2,40,0.0,0.0,
7.9.2026,23:36:40.291,2.5,7.5,8.760,112.7,72,0.0,0.0,
7.9.2026,23:36:40.498,8.2,6.5,7.647,153.1,73,0.0,0.0,
7.9.2026,23:36:40.713,1.5,3.7,7.830,123.4,71,0.0,0.0,
7.9.2026,23:36:40.922,11.7,4.1,6.716,401.1,39,0.0,0.0,
7.9.2026,23:36:41.127,10.9,8.6,9.134,511.7,39,0.0,0.0,
7.9.2026,23:36:41.335,7.5,1.2,7.621,361.2,39,0.0,0.0,
7.9.2026,23:36:41.530,0.7,4.9,7.584,97.6,40,0.0,0.0,
7.9.2026,23:36:41.739,7.0,9.9,8.723,99.8,70,0.0,0.0,
7.9.2026,23:36:41.945,7.0,1.7,6.760,410.5,39,0.0,0.0,
7.9.2026,23:36:42.137,3.9,6.6,9.261,189.3,41,0.0,0.0,
7.9.2026,23:36:42.346,8.4,6.4,8.878,75.3,71,0.0,0.0,
7.9.2026,23:36:42.556,0.2,3.9,7.437,123.0,72,0.0,0.0,
7.9.2026,23:36:42.753,1.6,3.8,7.811,117.6,72,0.0,0.0,
7.9.2026,23:36:42.948,11.8,5.7,8.415,387.1,71,0.0,0.0,
7.9.2026,23:36:43.160,6.9,10.2,8.696,85.4,57,0.0,0.0,
7.9.2026,23:36:43.355,1.4,2.9,10.083,187.6,68,0.0,0.0,
7.9.2026,23:36:43.563,20.7,5.0,7.791,788.7,41,0.0,0.0,
7.9.2026,23:36:43.778,2.5,6.5,7.791,151.6,41,0.0,0.0,
7.9.2026,23:36:43.991,5.4,4.5,7.482,91.0,41,0.0,0.0,
7.9.2026,23:36:44.197,0.0,3.6,7.670,103.7,44,0.0,0.0,
7.9.2026,23:36:44.390,8.6,8.4,7.424,109.7,41,0.0,0.0,
7.9.2026,23:36:44.600,0.9,3.2,7.760,133.9,40,0.0,0.0,
7.9.2026,23:36:44.801,0.4,1.9,7.890,120.1,41,0.0,0.0,
7.9.2026,23:36:45.011,5.5,3.2,7.657,172.5,40,0.0,0.0,
7.9.2026,23:36:45.201,8.5,7.9,8.061,111.0,41,0.0,0.0,
7.9.2026,23:36:45.411,2.7,4.8,7.758,171.9,41,0.0,0.0,
7.9.2026,23:36:45.617,0.4,3.1,7.741,137.6,41,0.0,0.0,
7.9.2026,23:36:45.814,7.9,6.4,7.598,143.4,39,0.0,0.0,
7.9.2026,23:36:46.022,0.4,3.1,7.835,90.2,39,0.0,0.0,
7.9.2026,23:36:46.232,2.4,5.9,8.038,141.9,40,0.0,0.0,
7.9.2026,23:36:46.445,7.6,5.2,7.597,142.6,39,0.0,0.0,
7.9.2026,23:36:46.635,2.3,3.6,7.597,213.1,40,0.0,0.0,
7.9.2026,23:36:46.847,9.7,8.5,7.709,198.9,39,0.0,0.0,
7.9.2026,23:36:47.045,7.2,3.7,7.851,198.8,39,0.0,0.0,
7.9.2026,23:36:47.252,4.6,6.0,8.066,257.1,40,0.0,0.0,
7.9.2026,23:36:47.465,3.3,4.2,7.904,178.6,40,0.0,0.0,
7.9.2026,23:36:47.672,6.0,6.9,7.598,114.8,40,0.0,0.0,
7.9.2026,23:36:47.883,2.6,2.5,7.817,133.8,39,0.0,0.0,
7.9.2026,23:36:48.097,0.0,3.3,7.540,64.4,39,0.0,0.0,
7.9.2026,23:36:48.304,5.3,8.4,8.168,109.3,40,0.0,0.0,
7.9.2026,23:36:48.501,8.5,4.8,8.168,131.2,40,0.0,0.0,
7.9.2026,23:36:48.714,0.0,4.8,8.051,108.4,39,0.0,0.0,
7.9.2026,23:36:48.926,6.7,6.9,8.450,140.9,40,0.0,0.0,
7.9.2026,23:36:49.139,0.0,3.0,7.793,85.8,39,0.0,0.0,
7.9.2026,23:36:49.350,6.7,7.3,8.219,195.9,40,0.0,0.0,
7.9.2026,23:36:49.542,1.2,3.2,7.823,137.9,39,0.0,0.0,
7.9.2026,23:36:49.751,9.5,5.3,7.989,121.2,40,0.0,0.0,
7.9.2026,23:36:49.959,1.2,5.9,7.640,131.4,40,0.0,0.0,
7.9.2026,23:36:50.167,5.4,3.6,7.628,80.5,39,0.0,0.0,
7.9.2026,23:36:50.376,17.1,13.1,9.311,466.6,40,0.0,0.0,
7.9.2026,23:36:50.574,13.6,3.6,9.311,771.1,39,0.0,0.0,
7.9.2026,23:36:50.788,9.9,5.3,8.307,236.3,39,0.0,0.0,
7.9.2026,23:36:50.980,0.0,2.9,8.307,136.6,39,0.0,0.0,
7.9.2026,23:36:51.191,8.0,15.0,8.404,102.3,40,0.0,0.0,
7.9.2026,23:36:51.399,3.4,2.9,9.631,269.5,41,0.0,0.0,
7.9.2026,23:36:51.592,7.1,8.2,9.631,73.1,40,0.0,0.0,
7.9.2026,23:36:51.798,0.9,4.8,8.081,85.5,40,0.0,0.0,
7.9.2026,23:36:52.005,2.8,4.7,8.433,156.6,39,0.0,0.0,
7.9.2026,23:36:52.205,6.6,9.6,8.492,181.8,39,0.0,0.0,
7.9.2026,23:36:52.417,1.9,1.9,8.514,297.7,40,0.0,0.0,
7.9.2026,23:36:52.629,5.7,9.5,8.483,67.7,39,0.0,0.0,
7.9.2026,23:36:52.836,0.1,5.7,8.337,91.4,40,0.0,0.0,
7.9.2026,23:36:53.027,10.6,10.1,8.315,158.8,40,0.0,0.0,
7.9.2026,23:36:53.240,0.0,5.2,8.111,80.2,40,0.0,0.0,
7.9.2026,23:36:53.452,2.8,5.1,8.040,161.6,40,0.0,0.0,
7.9.2026,23:36:53.665,7.3,8.0,8.459,157.7,41,0.0,0.0,
7.9.2026,23:36:53.869,0.0,0.2,8.089,88.9,40,0.0,0.0,
7.9.2026,23:36:54.086,7.7,8.7,7.283,212.4,40,0.0,0.0,
7.9.2026,23:36:54.280,6.6,4.8,7.283,104.5,40,0.0,0.0,
7.9.2026,23:36:54.486,1.4,4.3,8.009,144.5,41,0.0,0.0,
7.9.2026,23:36:54.697,1.0,3.9,7.925,113.1,42,0.0,0.0,
7.9.2026,23:36:54.893,9.3,9.6,7.304,158.5,39,0.0,0.0,
7.9.2026,23:36:55.092,0.0,2.7,7.598,85.5,42,0.0,0.0,
7.9.2026,23:36:55.309,7.2,5.4,7.670,150.7,39,0.0,0.0,
7.9.2026,23:36:55.521,8.1,6.1,7.525,153.7,41,0.0,0.0,
7.9.2026,23:36:55.728,2.3,3.8,7.828,98.0,39,0.0,0.0,
7.9.2026,23:36:55.918,5.7,6.5,7.732,130.3,40,0.0,0.0,
7.9.2026,23:36:56.138,0.0,3.0,7.578,99.9,39,0.0,0.0,
7.9.2026,23:36:56.347,5.0,7.3,7.775,103.2,39,0.0,0.0,
7.9.2026,23:36:56.558,3.1,3.2,8.130,194.4,41,0.0,0.0,
7.9.2026,23:36:56.747,11.6,7.9,7.973,213.3,40,0.0,0.0,
7.9.2026,23:36:56.958,15.4,4.1,8.267,662.7,39,0.0,0.0,
7.9.2026,23:36:57.164,0.0,3.5,7.809,94.7,39,0.0,0.0,
7.9.2026,23:36:57.360,10.1,8.3,7.852,172.8,39,0.0,0.0,
7.9.2026,23:36:57.565,2.1,3.5,7.673,136.7,41,0.0,0.0,
7.9.2026,23:36:57.772,1.3,3.0,7.560,91.0,39,0.0,0.0,
7.9.2026,23:36:57.977,7.3,5.4,7.712,156.9,41,0.0,0.0,
7.9.2026,23:36:58.167,9.5,8.4,8.132,109.7,39,0.0,0.0,
7.9.2026,23:36:58.376,9.7,2.0,7.172,518.3,39,0.0,0.0,
7.9.2026,23:36:58.593,1.1,3.6,7.804,131.8,39,0.0,0.0,
7.9.2026,23:36:58.801,9.0,8.3,7.756,258.7,39,0.0,0.0,
7.9.2026,23:36:59.011,5.0,2.5,8.064,209.5,41,0.0,0.0,
7.9.2026,23:36:59.207,8.3,7.1,7.980,100.2,39,0.0,0.0,
7.9.2026,23:36:59.412,0.7,2.3,7.540,142.6,41,0.0,0.0,
7.9.2026,23:36:59.609,5.1,7.4,7.827,73.7,40,0.0,0.0,
7.9.2026,23:36:59.815,1.3,4.4,7.740,79.6,39,0.0,0.0,
7.9.2026,23:37:0.012,16.7,8.4,7.865,576.4,40,0.0,0.0,
7.9.2026,23:37:0.225,0.7,3.2,8.101,157.1,39,0.0,0.0,
7.9.2026,23:37:0.431,7.6,8.7,8.782,126.1,41,0.0,0.0,
7.9.2026,23:37:0.628,4.2,6.5,8.010,270.2,45,0.0,0.0,
7.9.2026,23:37:0.833,1.8,3.0,9.170,171.1,40,0.0,0.0,
7.9.2026,23:37:1.045,6.7,7.8,8.316,86.9,41,0.0,0.0,
7.9.2026,23:37:1.255,0.5,2.2,8.343,82.5,40,0.0,0.0,
7.9.2026,23:37:1.461,0.3,3.1,7.849,66.9,40,0.0,0.0,
7.9.2026,23:37:1.652,10.4,9.7,7.758,172.0,41,0.0,0.0,
7.9.2026,23:37:1.862,3.6,5.9,8.119,270.0,40,0.0,0.0,
7.9.2026,23:37:2.069,1.5,5.0,9.287,88.6,39,0.0,0.0,
7.9.2026,23:37:2.263,1.5,5.0,8.067,88.6,39,0.0,0.0,
7.9.2026,23:37:2.477,0.9,2.9,7.830,160.6,39,0.0,0.0,
7.9.2026,23:37:2.674,8.5,10.8,7.812,169.2,39,0.0,0.0,
7.9.2026,23:37:2.884,0.0,2.8,8.360,91.9,39,0.0,0.0,
7.9.2026,23:37:3.077,0.0,2.8,7.839,91.9,39,0.0,0.0,
7.9.2026,23:37:3.287,0.0,3.1,7.680,144.7,39,0.0,0.0,
7.9.2026,23:37:3.494,2.3,2.4,8.086,137.4,39,0.0,0.0,
7.9.2026,23:37:3.707,7.9,6.8,7.851,161.9,39,0.0,0.0,
7.9.2026,23:37:3.903,7.5,6.7,7.847,109.8,39,0.0,0.0,
7.9.2026,23:37:4.109,1.3,5.0,7.773,129.4,40,0.0,0.0,
7.9.2026,23:37:4.318,0.7,4.3,9.458,73.2,40,0.0,0.0,
7.9.2026,23:37:4.524,0.0,3.8,8.959,63.0,39,0.0,0.0,
7.9.2026,23:37:4.717,7.8,7.9,9.050,114.2,39,0.0,0.0,
7.9.2026,23:37:4.923,1.1,5.5,9.198,112.4,40,0.0,0.0,
7.9.2026,23:37:5.132,2.0,5.1,8.872,140.6,39,0.0,0.0,
7.9.2026,23:37:5.338,6.8,7.9,8.977,63.4,39,0.0,0.0,
7.9.2026,23:37:5.549,2.0,6.0,8.489,231.7,40,0.0,0.0,
7.9.2026,23:37:5.759,2.5,4.3,8.825,206.2,40,0.0,0.0,
7.9.2026,23:37:5.969,14.0,7.2,8.908,406.5,38,0.0,0.0,
7.9.2026,23:37:6.181,0.0,4.9,8.862,128.6,39,0.0,0.0,
7.9.2026,23:37:6.378,0.0,4.9,8.763,128.6,39,0.0,0.0,
7.9.2026,23:37:6.585,3.9,6.1,8.265,62.6,39,0.0,0.0,
7.9.2026,23:37:6.781,3.0,4.3,7.795,168.5,40,0.0,0.0,
7.9.2026,23:37:6.991,6.8,8.6,8.153,108.6,39,0.0,0.0,
7.9.2026,23:37:7.204,0.6,2.0,7.943,178.2,38,0.0,0.0,
7.9.2026,23:37:7.408,8.0,7.4,7.943,96.5,39,0.0,0.0,
7.9.2026,23:37:7.618,1.0,5.6,9.146,195.6,40,0.0,0.0,
7.9.2026,23:37:7.811,2.7,5.2,9.391,195.6,41,0.0,0.0,
7.9.2026,23:37:8.023,9.7,13.0,9.493,161.1,39,0.0,0.0,
7.9.2026,23:37:8.234,0.0,4.6,8.459,78.6,40,0.0,0.0,
7.9.2026,23:37:8.447,10.8,9.3,8.795,309.4,40,0.0,0.0,
7.9.2026,23:37:8.658,7.4,3.2,8.498,440.5,39,0.0,0.0,
7.9.2026,23:37:8.868,0.0,2.0,8.812,145.9,39,0.0,0.0,
7.9.2026,23:37:9.069,7.7,9.1,7.930,171.7,40,0.0,0.0,
7.9.2026,23:37:9.262,7.7,9.1,7.982,171.7,40,0.0,0.0,
7.9.2026,23:37:9.470,10.6,12.5,8.685,201.2,39,0.0,0.0,
7.9.2026,23:37:9.668,0.0,3.9,9.026,77.2,40,0.0,0.0,
7.9.2026,23:37:9.877,9.0,11.1,9.680,188.4,73,0.0,0.0,
7.9.2026,23:37:10.072,0.5,4.4,9.562,92.0,68,0.0,0.0,
7.9.2026,23:37:10.286,6.8,9.5,8.246,134.9,69,0.0,0.0,
7.9.2026,23:37:10.482,0.0,1.7,7.116,169.5,40,0.0,0.0,
7.9.2026,23:37:10.692,6.3,9.3,10.595,107.4,68,0.0,0.0,
7.9.2026,23:37:10.897,7.9,3.1,9.210,400.7,69,0.0,0.0,
7.9.2026,23:37:11.106,1.7,3.1,8.145,124.1,72,0.0,0.0,
7.9.2026,23:37:11.319,11.3,11.6,10.171,219.8,72,0.0,0.0,
7.9.2026,23:37:11.510,0.0,2.8,7.574,87.3,39,0.0,0.0,
7.9.2026,23:37:11.723,7.0,9.1,8.928,89.2,68,0.0,0.0,
7.9.2026,23:37:11.923,0.0,2.2,7.374,163.8,39,0.0,0.0,
7.9.2026,23:37:12.135,0.7,5.2,8.089,195.3,40,0.0,0.0,
7.9.2026,23:37:12.349,7.5,5.2,10.092,215.2,39,0.0,0.0,
7.9.2026,23:37:12.559,2.2,7.4,9.378,198.2,39,0.0,0.0,
7.9.2026,23:37:12.769,8.2,6.8,8.305,192.3,39,0.0,0.0,
7.9.2026,23:37:12.976,3.3,4.6,8.186,51.7,40,0.0,0.0,
7.9.2026,23:37:13.180,0.6,6.4,8.116,124.2,39,0.0,0.0,
7.9.2026,23:37:13.378,13.3,6.4,8.207,436.4,39,0.0,0.0,
7.9.2026,23:37:13.578,4.5,5.7,8.250,74.8,39,0.0,0.0,
7.9.2026,23:37:13.787,0.4,3.7,8.242,106.2,39,0.0,0.0,
7.9.2026,23:37:13.982,7.6,8.0,8.222,152.2,39,0.0,0.0,
7.9.2026,23:37:14.194,0.0,2.5,8.623,118.3,40,0.0,0.0,
7.9.2026,23:37:14.391,7.2,5.7,8.549,200.0,39,0.0,0.0,
7.9.2026,23:37:14.604,5.5,4.1,8.645,73.4,39,0.0,0.0,
7.9.2026,23:37:14.819,0.0,6.4,8.054,109.5,41,0.0,0.0,
7.9.2026,23:37:15.026,7.9,8.3,7.758,92.7,40,0.0,0.0,
7.9.2026,23:37:15.246,0.0,3.0,7.608,93.6,40,0.0,0.0,
7.9.2026,23:37:15.463,8.1,3.8,7.897,401.3,41,0.0,0.0,
7.9.2026,23:37:15.681,3.8,5.6,7.535,51.5,40,0.0,0.0,
7.9.2026,23:37:15.878,3.2,5.7,7.374,96.3,39,0.0,0.0,
7.9.2026,23:37:16.092,1.0,2.3,7.875,106.1,39,0.0,0.0,
7.9.2026,23:37:16.297,6.5,8.8,7.607,97.6,39,0.0,0.0,
7.9.2026,23:37:16.508,0.0,2.1,7.806,70.3,40,0.0,0.0,
7.9.2026,23:37:16.702,8.1,5.2,7.806,125.3,41,0.0,0.0,
7.9.2026,23:37:16.917,0.0,4.1,7.597,99.4,39,0.0,0.0,
7.9.2026,23:37:17.128,12.9,11.0,8.425,383.3,39,0.0,0.0,
7.9.2026,23:37:17.341,0.0,2.3,8.420,156.2,40,0.0,0.0,
7.9.2026,23:37:17.553,6.0,9.9,7.836,74.0,41,0.0,0.0,
7.9.2026,23:37:17.746,6.5,4.1,7.836,100.8,40,0.0,0.0,
7.9.2026,23:37:17.963,0.8,2.8,7.871,110.3,40,0.0,0.0,
7.9.2026,23:37:18.152,4.9,7.3,7.798,63.4,40,0.0,0.0,
7.9.2026,23:37:18.367,1.9,5.1,7.618,121.9,41,0.0,0.0,
7.9.2026,23:37:18.564,3.8,4.1,7.862,79.9,39,0.0,0.0,
7.9.2026,23:37:18.770,0.2,5.4,8.210,122.9,39,0.0,0.0,
7.9.2026,23:37:18.967,16.8,4.7,8.037,605.9,40,0.0,0.0,
7.9.2026,23:37:19.173,6.6,4.2,8.012,301.2,39,0.0,0.0,
7.9.2026,23:37:19.386,3.4,7.6,7.351,200.3,39,0.0,0.0,
7.9.2026,23:37:19.575,6.5,2.7,8.045,87.1,41,0.0,0.0,
7.9.2026,23:37:19.784,2.7,6.6,7.238,168.7,40,0.0,0.0,
7.9.2026,23:37:20.001,1.7,2.0,7.965,219.2,39,0.0,0.0,
7.9.2026,23:37:20.218,6.1,5.7,7.886,87.5,39,0.0,0.0,
7.9.2026,23:37:20.433,7.8,5.9,7.705,215.6,39,0.0,0.0,
7.9.2026,23:37:20.624,7.5,8.5,8.258,231.2,40,0.0,0.0,
7.9.2026,23:37:20.830,8.2,5.8,8.481,179.9,39,0.0,0.0,
7.9.2026,23:37:21.049,1.8,3.5,7.671,181.6,39,0.0,0.0,
7.9.2026,23:37:21.260,2.8,2.4,7.785,64.3,40,0.0,0.0,
7.9.2026,23:37:21.469,8.7,8.2,7.556,130.5,40,0.0,0.0,
7.9.2026,23:37:21.684,1.6,4.5,7.629,243.6,40,0.0,0.0,
7.9.2026,23:37:21.893,6.6,8.0,9.109,123.3,39,0.0,0.0,
7.9.2026,23:37:22.103,2.7,3.2,7.860,173.4,40,0.0,0.0,
7.9.2026,23:37:22.301,5.9,6.0,8.196,69.2,41,0.0,0.0,
7.9.2026,23:37:22.498,0.0,5.0,7.552,129.4,39,0.0,0.0,
7.9.2026,23:37:22.708,4.6,5.7,7.917,79.1,39,0.0,0.0,
7.9.2026,23:37:22.901,2.1,3.0,7.800,145.0,40,0.0,0.0,
7.9.2026,23:37:23.115,15.8,6.0,7.639,526.7,39,0.0,0.0,
7.9.2026,23:37:23.314,5.7,5.6,7.861,141.6,39,0.0,0.0,
7.9.2026,23:37:23.521,0.1,3.4,8.023,157.3,40,0.0,0.0,
7.9.2026,23:37:23.730,1.3,5.0,7.475,103.8,41,0.0,0.0,
7.9.2026,23:37:23.944,4.7,6.1,7.550,79.7,39,0.0,0.0,
7.9.2026,23:37:24.141,6.6,4.0,7.627,77.4,39,0.0,0.0,
7.9.2026,23:37:24.351,0.0,3.7,7.478,113.1,40,0.0,0.0,
7.9.2026,23:37:24.545,8.9,8.2,7.726,145.6,39,0.0,0.0,
7.9.2026,23:37:24.758,0.1,4.8,7.538,80.9,39,0.0,0.0,
7.9.2026,23:37:24.955,9.8,5.0,7.588,329.7,40,0.0,0.0,
7.9.2026,23:37:25.151,4.5,4.3,7.677,73.0,39,0.0,0.0,
7.9.2026,23:37:25.359,2.5,5.2,7.850,113.6,40,0.0,0.0,
7.9.2026,23:37:25.573,0.4,5.6,7.774,197.1,40,0.0,0.0,
7.9.2026,23:37:25.789,4.6,4.9,8.149,55.8,40,0.0,0.0,
7.9.2026,23:37:25.987,2.3,5.2,8.959,83.7,40,0.0,0.0,
7.9.2026,23:37:26.196,1.0,4.6,8.842,101.8,39,0.0,0.0,
7.9.2026,23:37:26.390,2.1,4.7,8.409,173.0,40,0.0,0.0,
7.9.2026,23:37:26.605,4.0,8.5,9.037,93.5,39,0.0,0.0,
7.9.2026,23:37:26.811,8.1,6.0,8.508,145.2,40,0.0,0.0,
7.9.2026,23:37:27.018,7.8,4.1,8.968,378.6,39,0.0,0.0,
7.9.2026,23:37:27.226,3.2,5.1,8.271,170.4,39,0.0,0.0,
7.9.2026,23:37:27.419,7.4,7.5,8.639,112.0,39,0.0,0.0,
7.9.2026,23:37:27.630,0.0,4.3,8.697,127.4,39,0.0,0.0,
7.9.2026,23:37:27.824,7.0,9.8,9.254,84.2,39,0.0,0.0,
7.9.2026,23:37:28.035,0.7,5.2,8.660,111.8,39,0.0,0.0,
7.9.2026,23:37:28.241,0.0,3.4,8.674,61.2,39,0.0,0.0,
7.9.2026,23:37:28.437,7.6,9.3,8.812,134.2,41,0.0,0.0,
7.9.2026,23:37:28.653,1.0,1.7,9.067,97.3,40,0.0,0.0,
7.9.2026,23:37:28.860,5.3,6.8,9.059,93.6,41,0.0,0.0,
7.9.2026,23:37:29.066,5.1,4.2,9.485,242.7,39,0.0,0.0,
7.9.2026,23:37:29.278,4.2,6.2,9.235,190.8,39,0.0,0.0,
7.9.2026,23:37:29.491,7.0,6.3,8.352,158.1,40,0.0,0.0,
7.9.2026,23:37:29.687,5.5,6.9,7.438,109.4,41,0.0,0.0,
7.9.2026,23:37:29.895,5.1,4.9,9.659,175.7,40,0.0,0.0,
7.9.2026,23:37:30.107,0.8,3.0,8.410,137.4,39,0.0,0.0,
7.9.2026,23:37:30.312,6.1,7.3,8.815,64.3,39,0.0,0.0,
7.9.2026,23:37:30.522,4.9,6.1,8.708,217.8,40,0.0,0.0,
7.9.2026,23:37:30.734,0.1,2.5,8.609,103.0,39,0.0,0.0,
7.9.2026,23:37:30.939,16.9,10.0,9.593,598.0,45,0.0,0.0,
7.9.2026,23:37:31.146,3.0,4.0,9.381,167.8,41,0.0,0.0,
7.9.2026,23:37:31.341,7.0,5.7,8.658,109.9,39,0.0,0.0,
7.9.2026,23:37:31.550,2.5,5.3,8.537,153.8,39,0.0,0.0,
7.9.2026,23:37:31.747,6.1,7.6,9.051,109.5,40,0.0,0.0,
7.9.2026,23:37:31.952,9.9,3.9,7.950,502.3,39,0.0,0.0,
7.9.2026,23:37:32.165,5.7,5.8,9.375,273.7,40,0.0,0.0,
7.9.2026,23:37:32.355,6.9,7.8,7.655,144.8,39,0.0,0.0,
7.9.2026,23:37:32.561,5.3,4.1,8.560,240.7,39,0.0,0.0,
7.9.2026,23:37:32.767,9.9,8.0,9.149,437.1,40,0.0,0.0,
7.9.2026,23:37:32.977,11.5,3.3,7.832,576.2,39,0.0,0.0,
7.9.2026,23:37:33.167,9.2,7.3,7.832,149.5,39,0.0,0.0,
7.9.2026,23:37:33.380,5.4,3.6,8.328,165.3,40,0.0,0.0,
7.9.2026,23:37:33.585,31.8,21.1,7.780,1424.3,46,0.0,0.0,
7.9.2026,23:37:33.791,14.1,9.9,17.632,395.2,40,0.0,0.0,
7.9.2026,23:37:33.999,9.6,9.5,11.147,163.3,40,0.0,0.0,
7.9.2026,23:37:34.207,1.9,3.4,9.334,152.9,40,0.0,0.0,
7.9.2026,23:37:34.416,7.7,6.2,8.221,382.2,41,0.0,0.0,
7.9.2026,23:37:34.626,15.7,8.4,8.569,473.8,40,0.0,0.0,
7.9.2026,23:37:34.836,8.6,5.2,9.287,398.0,40,0.0,0.0,
7.9.2026,23:37:35.041,21.1,8.1,9.153,694.9,39,0.0,0.0,
7.9.2026,23:37:35.248,24.8,19.4,9.955,836.6,41,0.0,0.0,
7.9.2026,23:37:35.455,10.4,6.8,12.591,478.2,41,0.0,0.0,
7.9.2026,23:37:35.653,14.8,7.6,9.753,627.8,40,0.0,0.0,
7.9.2026,23:37:35.858,19.9,12.3,12.173,516.8,40,0.0,0.0,
7.9.2026,23:37:36.062,15.0,8.6,9.566,685.1,41,0.0,0.0,
Date,Time,"Core 0 T0 Usage [%]","Total CPU Usage [%]","CPU Package Power [W]","Core 0 T0 Effective Clock [MHz]","CPU Package [¡ÆC]","Package C9 Residency [%]","Package C10 Residency [%]",
,,CPU [#0]: Intel Core i7-1165G7,CPU [#0]: Intel Core i7-1165G7,CPU [#0]: Intel Core i7-1165G7: Enhanced,CPU [#0]: Intel Core i7-1165G7,CPU [#0]: Intel Core i7-1165G7: DTS,CPU [#0]: Intel Core i7-1165G7: C-State Residency,CPU [#0]: Intel Core i7-1165G7: C-State Residency,
