run_row,mode,model_id,trial,started_at_local,finished_at_local,actual_duration_sec,inference_count,sample_count,average_power_w,baseline_power_w,baseline_source,net_energy_j,net_energy_per_inference_j,average_latency_ms,throughput_inferences_per_sec,depth,pattern,growth_pattern,channels,pools,parameter_count,status
1,idle,,1,2026-09-08T20:16:30.920159+09:00,2026-09-08T20:17:30.920960+09:00,60.000724,0,,,,,,,,,,,,,,,excluded: HWiNFO log does not cover this trial's full time interval.
2,idle,,1,2026-09-08T20:18:47.643104+09:00,2026-09-08T20:19:47.643549+09:00,60.000363,0,290.0,7.816417841117638,,,,,,,,,,,,,valid
3,idle,,2,2026-09-08T20:20:47.645538+09:00,2026-09-08T20:21:47.645825+09:00,60.000248,0,290.0,8.148605348603699,,,,,,,,,,,,,valid
4,idle,,3,2026-09-08T20:22:47.647605+09:00,2026-09-08T20:23:47.648228+09:00,60.000584,0,291.0,7.832214445984198,,,,,,,,,,,,,valid
5,inference,01.0,1,2026-09-08T20:23:53.715581+09:00,2026-09-08T20:24:53.716119+09:00,60.000494,48984,293.0,22.47751104487751,7.931275693403109,interpolated_adjacent_idle_blocks,872.7813069287276,0.0178176814251332,1.224899853,816.3932729,,,,,,,valid
6,inference,01.0,2,2026-09-08T20:25:53.981266+09:00,2026-09-08T20:26:53.982452+09:00,60.001153,48872,293.0,21.261640123117814,7.927485778270477,interpolated_adjacent_idle_blocks,800.0646349708002,0.0163706137455148,1.227720441,814.5176756,,,,,,,valid
7,inference,01.0,3,2026-09-08T20:27:54.225045+09:00,2026-09-08T20:28:54.226046+09:00,60.000975,48794,294.0,21.847520459317188,7.923696566586539,interpolated_adjacent_idle_blocks,835.4430092921343,0.017121838941102,1.229679362,813.2201212,,,,,,,valid
8,inference,02.0,1,2026-09-08T20:28:59.638627+09:00,2026-09-08T20:29:59.638971+09:00,60.000296,145402,294.0,21.04458531192484,7.921635213738279,interpolated_adjacent_idle_blocks,787.3808902844225,0.0054151998616554,0.412651106,2423.354707,,,,,,,valid
9,inference,02.0,2,2026-09-08T20:30:59.723441+09:00,2026-09-08T20:31:59.723661+09:00,60.000191,145726,293.0,21.05123196042573,7.9178510105312,interpolated_adjacent_idle_blocks,788.0053654694334,0.0054074452429177,0.411732919,2428.758923,,,,,,,valid
10,inference,02.0,3,2026-09-08T20:32:59.809828+09:00,2026-09-08T20:33:59.810250+09:00,60.000396,145645,294.0,19.96595700441422,7.914066752597753,interpolated_adjacent_idle_blocks,723.1181876575279,0.0049649365763158,0.411963309,2427.400638,,,,,,,valid
11,inference,03.0,1,2026-09-08T20:34:05.194627+09:00,2026-09-08T20:35:05.194751+09:00,60.000079,252153,293.0,19.534873665536317,7.912006301134229,interpolated_adjacent_idle_blocks,697.3729600706467,0.0027656738570258,0.237951081,4202.544467,,,,,,,valid
12,inference,03.0,2,2026-09-08T20:36:05.245474+09:00,2026-09-08T20:37:05.245619+09:00,60.000116,254887,294.0,20.091902377627708,7.908223166022945,interpolated_adjacent_idle_blocks,731.0221660030743,0.002868024520682,0.235398887,4248.108439,,,,,,,valid
13,inference,03.0,3,2026-09-08T20:38:05.295016+09:00,2026-09-08T20:39:05.295125+09:00,60.000059,255516,294.0,20.3308436587093,7.904440072933156,interpolated_adjacent_idle_blocks,745.5849483043801,0.0029179579685983,0.234819184,4258.595834,,,,,,,valid
14,inference,04.0,1,2026-09-08T20:39:10.835082+09:00,2026-09-08T20:40:10.835538+09:00,60.000411,66486,294.0,20.633249143125067,7.902374718418415,interpolated_adjacent_idle_blocks,763.8576978717877,0.011489000659865,0.902451812,1108.092406,,,,,,,valid
15,inference,04.0,2,2026-09-08T20:41:11.013772+09:00,2026-09-08T20:42:11.014423+09:00,60.000623,66863,293.0,19.893294330448143,7.898587551880747,interpolated_adjacent_idle_blocks,719.6898794163669,0.0107636492442212,0.897366605,1114.371757,,,,,,,valid
16,inference,04.0,3,2026-09-08T20:43:11.192234+09:00,2026-09-08T20:44:11.193004+09:00,60.000744,66942,294.0,20.122683863237924,7.894800393727844,interpolated_adjacent_idle_blocks,733.682105715906,0.0109599669223492,0.896309404,1115.686164,,,,,,,valid
17,inference,05.0,1,2026-09-08T20:44:17.529232+09:00,2026-09-08T20:45:17.529920+09:00,60.000636,12195,292.0,21.2584496636886,7.892709932425402,interpolated_adjacent_idle_blocks,801.9528844862612,0.0657607941358147,4.920101312,203.2478473,,,,,,,valid
18,inference,05.0,2,2026-09-08T20:46:18.484590+09:00,2026-09-08T20:47:18.487683+09:00,60.003061,12304,294.0,21.36266987262704,7.888898256108797,interpolated_adjacent_idle_blocks,808.4675402060127,0.065707699951724,4.876711736,205.0562047,,,,,,,valid
19,inference,05.0,3,2026-09-08T20:48:19.457469+09:00,2026-09-08T20:49:19.460514+09:00,60.003017,12300,294.0,21.268209481898527,7.885086066300491,interpolated_adjacent_idle_blocks,803.027781819227,0.0652868115300184,4.878294057,204.9896928,,,,,,,valid
20,inference,06.0,1,2026-09-08T20:49:25.186614+09:00,2026-09-08T20:50:25.188064+09:00,60.001401,33491,294.0,21.70005976940141,7.8830147839750495,interpolated_adjacent_idle_blocks,829.0420568056062,0.0247541744589772,1.791567911,558.170301,,,,,,,valid
21,inference,06.0,2,2026-09-08T20:51:25.539214+09:00,2026-09-08T20:52:25.539374+09:00,60.000133,33597,294.0,21.215664119692804,7.879222160450747,interpolated_adjacent_idle_blocks,800.1882913013039,0.0238172542578594,1.785877694,559.9487597,,,,,,,valid
22,inference,06.0,3,2026-09-08T20:53:25.888219+09:00,2026-09-08T20:54:25.888961+09:00,60.000715,33944,294.0,20.91466275168338,7.875429620713986,interpolated_adjacent_idle_blocks,782.3633109098523,0.0230486480942096,1.767638319,565.7265908,,,,,,,valid
23,inference,07.0,1,2026-09-08T20:54:31.476599+09:00,2026-09-08T20:55:31.477484+09:00,60.000844,47006,293.0,22.05160626591437,7.873362746903939,interpolated_adjacent_idle_blocks,850.7065775781559,0.0180978295872475,1.276450747,783.4223158,,,,,,,valid
24,inference,07.0,2,2026-09-08T20:56:31.754308+09:00,2026-09-08T20:57:31.755388+09:00,60.001043,47199,294.0,21.354443775720014,7.869572460001663,interpolated_adjacent_idle_blocks,809.1063436638835,0.0171424467396318,1.271235477,786.6363217,,,,,,,valid
25,inference,07.0,3,2026-09-08T20:58:32.021689+09:00,2026-09-08T20:59:32.022503+09:00,60.000787,47287,294.0,22.64924903436283,7.865782505830289,interpolated_adjacent_idle_blocks,887.0196263001104,0.0187582131727559,1.268864314,788.106332,,,,,,,valid
26,inference,08.0,1,2026-09-08T20:59:37.572530+09:00,2026-09-08T21:00:37.573344+09:00,60.000769,65938,293.0,21.38524126988064,7.863716817224753,interpolated_adjacent_idle_blocks,811.3018652116573,0.012304010816398,0.909957374,1098.952576,,,,,,,valid
27,inference,08.0,2,2026-09-08T21:01:37.754563+09:00,2026-09-08T21:02:37.754906+09:00,60.000316,66263,293.0,21.686643124714877,7.859929555832557,interpolated_adjacent_idle_blocks,829.6071833744265,0.0125199158410338,0.905487474,1104.377508,,,,,,,valid
28,inference,08.0,3,2026-09-08T21:03:37.936308+09:00,2026-09-08T21:04:37.936964+09:00,60.000633,66215,294.0,21.51694770260116,7.856142291164592,interpolated_adjacent_idle_blocks,819.6569719760193,0.0123787204104208,0.906148646,1103.571698,,,,,,,valid
29,inference,09.0,1,2026-09-08T21:04:43.648126+09:00,2026-09-08T21:05:43.649221+09:00,60.001051,34054,293.0,20.89784447580289,7.854071522811698,interpolated_adjacent_idle_blocks,782.6400861848451,0.022982324724991,1.761938415,567.5567269,,,,,,,valid
30,inference,09.0,2,2026-09-08T21:06:43.996564+09:00,2026-09-08T21:07:43.996685+09:00,60.000094,33911,293.0,22.08600872809673,7.85027902546458,interpolated_adjacent_idle_blocks,854.145120316521,0.0251878482001864,1.769340152,565.1824488,,,,,,,valid
31,inference,09.0,3,2026-09-08T21:08:44.356436+09:00,2026-09-08T21:09:44.357682+09:00,60.001211,34175,294.0,19.625234979042983,7.846486134724742,interpolated_adjacent_idle_blocks,706.7391947239452,0.0206800056978477,1.755704778,569.5718394,,,,,,,valid
32,inference,10.0,1,2026-09-08T21:09:49.822271+09:00,2026-09-08T21:10:49.822833+09:00,60.000517,103022,293.0,20.381727314366675,7.844423135667695,interpolated_adjacent_idle_blocks,752.2447325081991,0.0073017873124982,0.582404889,1717.018553,,,,,,,valid
33,inference,10.0,2,2026-09-08T21:11:49.939739+09:00,2026-09-08T21:12:49.940292+09:00,60.000527,104239,294.0,20.047529096349503,7.840637901630441,interpolated_adjacent_idle_blocks,732.4199047148034,0.0070263519864427,0.575605358,1737.30141,,,,,,,valid
34,inference,10.0,3,2026-09-08T21:13:50.056761+09:00,2026-09-08T21:14:50.056975+09:00,60.000188,104079,293.0,20.720688597487925,7.836852686827055,interpolated_adjacent_idle_blocks,773.0325768008034,0.0074273636064989,0.57648698,1734.644553,,,,,,,valid
35,idle,,1,2026-09-08T21:14:55.360049+09:00,2026-09-08T21:15:55.360575+09:00,60.000461,0,292.0,7.996402552058415,,,,,,,,,,,,,valid
36,idle,,2,2026-09-08T21:16:55.362795+09:00,2026-09-08T21:17:55.362972+09:00,60.000143,0,291.0,7.773575422446932,,,,,,,,,,,,,valid
37,idle,,3,2026-09-08T21:18:55.365596+09:00,2026-09-08T21:19:55.365974+09:00,60.000344,0,291.0,7.737242061328804,,,,,,,,,,,,,valid
38,inference,11.0,1,2026-09-08T21:20:00.724784+09:00,2026-09-08T21:21:00.724922+09:00,60.000093,494840,293.0,19.898632189727,7.836478759321153,interpolated_adjacent_idle_blocks,723.7303276046196,0.0014625542147049,0.121251501,8247.320577,,,,,,,valid
39,inference,11.0,2,2026-09-08T21:22:00.752321+09:00,2026-09-08T21:23:00.752419+09:00,60.000054,493955,294.0,20.076665362773884,7.838985884802595,interpolated_adjacent_idle_blocks,734.2614295129691,0.0014864945784797,0.121468664,8232.575951,,,,,,,valid
40,inference,11.0,3,2026-09-08T21:24:00.779245+09:00,2026-09-08T21:25:00.779376+09:00,60.000107,492877,294.0,20.23037696489398,7.841492998247211,interpolated_adjacent_idle_blocks,743.3343636093907,0.0015081538875001,0.121734442,8214.602072,,,,,,,valid
41,inference,12.0,1,2026-09-08T21:25:07.014200+09:00,2026-09-08T21:26:07.016232+09:00,60.001982,13398,293.0,21.42253737676253,7.842876528712609,interpolated_adjacent_idle_blocks,814.8065657707962,0.0608155370779815,4.478428265,223.2926243,,,,,,,valid
42,inference,12.0,2,2026-09-08T21:27:07.901047+09:00,2026-09-08T21:28:07.905109+09:00,60.004029,13443,293.0,22.057583077630238,7.845401625021414,interpolated_adjacent_idle_blocks,852.7881480356018,0.0634373389894816,4.463589169,224.0349553,,,,,,,valid
43,inference,12.0,3,2026-09-08T21:29:08.785988+09:00,2026-09-08T21:30:08.788678+09:00,60.002643,13451,294.0,20.785732154550374,7.847926645981778,interpolated_adjacent_idle_blocks,776.302525134075,0.0577133689044736,4.460831373,224.1734592,,,,,,,valid
44,inference,13.0,1,2026-09-08T21:30:14.215154+09:00,2026-09-08T21:31:14.215508+09:00,60.000306,123098,294.0,21.211344475062308,7.849293300941131,interpolated_adjacent_idle_blocks,801.7271592349298,0.0065129178316051,0.487419012,2051.622884,,,,,,,valid
45,inference,13.0,2,2026-09-08T21:32:14.315583+09:00,2026-09-08T21:33:14.315819+09:00,60.000204,123522,294.0,20.12665928899044,7.851801948172244,interpolated_adjacent_idle_blocks,736.4939445199891,0.0059624515836854,0.48574508,2058.693007,,,,,,,valid
46,inference,13.0,3,2026-09-08T21:34:14.414605+09:00,2026-09-08T21:35:14.415006+09:00,60.000372,123629,294.0,20.943276791367136,7.854310568969152,interpolated_adjacent_idle_blocks,785.3428424393138,0.0063524160386261,0.485326032,2060.470558,,,,,,,valid
47,inference,14.0,1,2026-09-08T21:35:20.079384+09:00,2026-09-08T21:36:20.079494+09:00,60.000054,415215,294.0,19.3566993170308,7.855682166756377,interpolated_adjacent_idle_blocks,690.0616500713913,0.0016619381526953,0.144503581,6920.243749,,,,,,,valid
48,inference,14.0,2,2026-09-08T21:37:20.111052+09:00,2026-09-08T21:38:20.111139+09:00,60.000061,415771,295.0,19.855675015968767,7.858189378701774,interpolated_adjacent_idle_blocks,719.8498700826435,0.0017313614227126,0.144310355,6929.509645,,,,,,,valid
49,inference,14.0,3,2026-09-08T21:39:20.142318+09:00,2026-09-08T21:40:20.142393+09:00,60.00005,416424,292.0,19.552293479902996,7.860696582370297,interpolated_adjacent_idle_blocks,701.4963984318067,0.0016845724512319,0.144084035,6940.394182,,,,,,,valid
50,inference,15.0,1,2026-09-08T21:40:25.734282+09:00,2026-09-08T21:41:25.734787+09:00,60.000462,48424,293.0,21.642294219345672,7.862066666729546,interpolated_adjacent_idle_blocks,826.820019622097,0.0170745915170596,1.239064547,807.0604577,,,,,,,valid
51,inference,15.0,2,2026-09-08T21:42:25.977620+09:00,2026-09-08T21:43:25.977889+09:00,60.000241,48631,294.0,21.565592859156023,7.864578297803757,interpolated_adjacent_idle_blocks,822.0641756256454,0.0169041182707664,1.233785886,810.5134057,,,,,,,valid
52,inference,15.0,3,2026-09-08T21:44:26.220583+09:00,2026-09-08T21:45:26.220967+09:00,60.000354,48608,294.0,21.236431985934207,7.867089924709649,interpolated_adjacent_idle_blocks,802.1652564205632,0.0165027414503901,1.234371996,810.1285536,,,,,,,valid
53,inference,16.0,1,2026-09-08T21:45:32.240364+09:00,2026-09-08T21:46:32.243212+09:00,60.002803,17337,294.0,21.469042369020173,7.868468966514514,interpolated_adjacent_idle_blocks,816.0725265575868,0.0470711499427575,3.460968039,288.9365023,,,,,,,valid
54,inference,16.0,2,2026-09-08T21:47:32.916069+09:00,2026-09-08T21:48:32.916968+09:00,60.000872,17436,293.0,21.605286049606704,7.870989610950552,interpolated_adjacent_idle_blocks,824.0697626258636,0.0472625466062092,3.441206223,290.5957781,,,,,,,valid
55,inference,16.0,3,2026-09-08T21:49:33.595247+09:00,2026-09-08T21:50:33.595715+09:00,60.000443,17431,294.0,21.94763396782406,7.8735103437728515,interpolated_adjacent_idle_blocks,844.4536522798378,0.0484455081337753,3.442168699,290.5145236,,,,,,,valid
56,inference,17.0,1,2026-09-08T21:50:39.262959+09:00,2026-09-08T21:51:39.263269+09:00,60.000264,43939,293.0,22.27415828121685,7.874882004209343,interpolated_adjacent_idle_blocks,863.9603780293878,0.0196627228209423,1.365535492,732.3134445,,,,,,,valid
57,inference,17.0,2,2026-09-08T21:52:39.537657+09:00,2026-09-08T21:53:39.538378+09:00,60.000694,44116,294.0,20.984510440216184,7.8773942970849,interpolated_adjacent_idle_blocks,786.4360649264804,0.0178265496628543,1.360066502,735.2581646,,,,,,,valid
58,inference,17.0,3,2026-09-08T21:54:39.813888+09:00,2026-09-08T21:55:39.814616+09:00,60.000703,43905,293.0,21.47357290141569,7.879906617759201,interpolated_adjacent_idle_blocks,815.6295333667867,0.0185771445932533,1.366602959,731.7414276,,,,,,,valid
59,inference,18.0,1,2026-09-08T21:55:45.583718+09:00,2026-09-08T21:56:45.585950+09:00,60.002165,27275,294.0,22.206399265618085,7.881280428589411,interpolated_adjacent_idle_blocks,859.5381441040026,0.0315137724694409,2.199896048,454.5669333,,,,,,,valid
60,inference,18.0,2,2026-09-08T21:57:46.019541+09:00,2026-09-08T21:58:46.020825+09:00,60.001256,27280,294.0,22.665205577404848,7.8837960728371455,interpolated_adjacent_idle_blocks,886.9031357243998,0.0325111120133577,2.199459549,454.6571454,,,,,,,valid
61,inference,18.0,3,2026-09-08T21:59:46.459213+09:00,2026-09-08T22:00:46.459902+09:00,60.000644,27183,293.0,22.50684156661855,7.886311801168362,interpolated_adjacent_idle_blocks,877.2412015481802,0.0322716845656542,2.207285572,453.0451396,,,,,,,valid
62,inference,19.0,1,2026-09-08T22:00:52.137229+09:00,2026-09-08T22:01:52.138343+09:00,60.001063,35925,294.0,21.88207060370324,7.887683682919111,interpolated_adjacent_idle_blocks,839.6780912803443,0.0233730853522712,1.670175724,598.7393933,,,,,,,valid
63,inference,19.0,2,2026-09-08T22:02:52.470668+09:00,2026-09-08T22:03:52.471255+09:00,60.000554,36214,294.0,21.95284410666973,7.89019719297827,interpolated_adjacent_idle_blocks,843.7666055278777,0.023299458925495,1.6568331,603.5610948,,,,,,,valid
64,inference,19.0,3,2026-09-08T22:04:52.814981+09:00,2026-09-08T22:05:52.816275+09:00,60.001265,36102,293.0,22.11676610690248,7.892710943056826,interpolated_adjacent_idle_blocks,853.4613032605216,0.0236402776372644,1.661992831,601.6873124,,,,,,,valid
65,inference,20.0,1,2026-09-08T22:05:58.388271+09:00,2026-09-08T22:06:58.388922+09:00,60.000609,53507,294.0,21.49079397483114,7.89408062614703,interpolated_adjacent_idle_blocks,815.8110813194758,0.0152468103485427,1.121359983,891.7742878,,,,,,,valid
66,inference,20.0,2,2026-09-08T22:07:58.617490+09:00,2026-09-08T22:08:58.618541+09:00,60.001025,53447,293.0,21.987320788855463,7.896591968944977,interpolated_adjacent_idle_blocks,845.4581721916695,0.0158186272792049,1.122626619,890.7681175,,,,,,,valid
67,inference,20.0,3,2026-09-08T22:09:58.841360+09:00,2026-09-08T22:10:58.842239+09:00,60.000853,53761,294.0,20.812343186128075,7.899103194038997,interpolated_adjacent_idle_blocks,774.8054145190579,0.0144120350164442,1.116066533,896.00393,,,,,,,valid
68,idle,,1,2026-09-08T22:11:04.160758+09:00,2026-09-08T22:12:04.161228+09:00,60.000402,0,291.0,7.971866008066215,,,,,,,,,,,,,valid
69,idle,,2,2026-09-08T22:13:04.162734+09:00,2026-09-08T22:14:04.163337+09:00,60.000571,0,291.0,7.9395330688777745,,,,,,,,,,,,,valid
70,idle,,3,2026-09-08T22:15:04.165181+09:00,2026-09-08T22:16:04.165911+09:00,60.0007,0,291.0,7.788124167245953,,,,,,,,,,,,,valid
71,inference,21.0,1,2026-09-08T22:16:09.610171+09:00,2026-09-08T22:17:09.610348+09:00,60.000133,125711,293.0,20.78530255083521,7.898463719687653,interpolated_adjacent_idle_blocks,773.2120438184181,0.0061507111057776,0.47728626,2095.178689,,,,,,,valid
72,inference,21.0,2,2026-09-08T22:18:09.710808+09:00,2026-09-08T22:19:09.711283+09:00,60.000448,125378,294.0,21.022729199257803,7.893797122802981,interpolated_adjacent_idle_blocks,787.7418063488594,0.0062829348557869,0.478556432,2089.61772,,,,,,,valid
73,inference,21.0,3,2026-09-08T22:20:09.809560+09:00,2026-09-08T22:21:09.809802+09:00,60.000217,125242,294.0,21.06444354246226,7.889130609478817,interpolated_adjacent_idle_blocks,790.521635021913,0.0063119531388983,0.479074246,2087.359128,,,,,,,valid
74,inference,22.0,1,2026-09-08T22:21:15.211998+09:00,2026-09-08T22:22:15.212392+09:00,60.000353,155313,293.0,19.24794388319433,7.8865893507724225,interpolated_adjacent_idle_blocks,681.6852825034647,0.0043891064012894,0.386318936,2588.534775,,,,,,,valid
75,inference,22.0,2,2026-09-08T22:23:15.289703+09:00,2026-09-08T22:24:15.289965+09:00,60.000236,155818,294.0,19.520346846309344,7.881923653274879,interpolated_adjacent_idle_blocks,698.3081382499415,0.0044815627093785,0.385066143,2596.956439,,,,,,,valid
76,inference,22.0,3,2026-09-08T22:25:15.380338+09:00,2026-09-08T22:26:15.380500+09:00,60.000136,156084,293.0,19.53468545518717,7.877257452756048,interpolated_adjacent_idle_blocks,699.4472655560756,0.0044812233512472,0.384409266,2601.394112,,,,,,,valid
77,inference,23.0,1,2026-09-08T22:26:20.977031+09:00,2026-09-08T22:27:20.977565+09:00,60.00049,46223,294.0,21.36185501771493,7.874708641865787,interpolated_adjacent_idle_blocks,809.2353912526728,0.0175072018530314,1.298065684,770.3770406,,,,,,,valid
78,inference,23.0,2,2026-09-08T22:28:21.238149+09:00,2026-09-08T22:29:21.239234+09:00,60.001058,46157,294.0,21.50055275245044,7.870035804474887,interpolated_adjacent_idle_blocks,817.8454379654643,0.0177187737063817,1.299934088,769.2697724,,,,,,,valid
79,inference,23.0,3,2026-09-08T22:30:21.496097+09:00,2026-09-08T22:31:21.496493+09:00,60.000369,46328,294.0,21.61973364429895,7.865363114333905,interpolated_adjacent_idle_blocks,825.2673071606282,0.0178135750984421,1.295121069,772.128586,,,,,,,valid
80,inference,24.0,1,2026-09-08T22:31:26.960161+09:00,2026-09-08T22:32:26.960568+09:00,60.000361,97894,294.0,21.02730603281398,7.862819463851568,interpolated_adjacent_idle_blocks,789.873946517396,0.0080686655619077,0.612911523,1631.556861,,,,,,,valid
81,inference,24.0,2,2026-09-08T22:33:27.082657+09:00,2026-09-08T22:34:27.083115+09:00,60.00042,98324,293.0,21.081702502819027,7.858152022403614,interpolated_adjacent_idle_blocks,793.4185827161266,0.0080694294649945,0.610231678,1638.721876,,,,,,,valid
82,inference,24.0,3,2026-09-08T22:35:27.206121+09:00,2026-09-08T22:36:27.206181+09:00,60.00003,98426,294.0,20.32941580954591,7.853484552089302,interpolated_adjacent_idle_blocks,748.5562497253343,0.0076052694382107,0.609595335,1640.432502,,,,,,,valid
83,inference,25.0,1,2026-09-08T22:36:33.350514+09:00,2026-09-08T22:37:33.350606+09:00,60.000039,15556,294.0,20.851969304951304,7.850914466554816,interpolated_adjacent_idle_blocks,780.0637973449279,0.0501455256714404,3.857035176,259.2664973,,,,,,,valid
84,inference,25.0,2,2026-09-08T22:38:34.103197+09:00,2026-09-08T22:39:34.103641+09:00,60.000412,15615,294.0,20.99127867928644,7.846222532929155,interpolated_adjacent_idle_blocks,788.7087845445694,0.0505096884114357,3.842485559,260.248213,,,,,,,valid
85,inference,25.0,3,2026-09-08T22:40:34.877474+09:00,2026-09-08T22:41:34.878238+09:00,60.000733,15436,294.0,21.35954097506335,7.841529760882188,interpolated_adjacent_idle_blocks,811.0905815530896,0.052545386211006,3.887064842,257.2635242,,,,,,,valid
86,inference,26.0,1,2026-09-08T22:41:40.276769+09:00,2026-09-08T22:42:40.276953+09:00,60.000138,328284,294.0,19.905552289362976,7.838988638522085,interpolated_adjacent_idle_blocks,723.9954842362373,0.0022053937573449,0.182768998,5471.387443,,,,,,,valid
87,inference,26.0,2,2026-09-08T22:43:40.316195+09:00,2026-09-08T22:44:40.316342+09:00,60.00011,329691,293.0,20.522942458677047,7.834324426539532,interpolated_adjacent_idle_blocks,761.3184776762346,0.0023091879295347,0.181988923,5494.839917,,,,,,,valid
88,inference,26.0,3,2026-09-08T22:45:40.355041+09:00,2026-09-08T22:46:40.355170+09:00,60.0001,329337,293.0,19.944006128388104,7.829660236725527,interpolated_adjacent_idle_blocks,726.8619649343439,0.0022070461713513,0.182184511,5488.940833,,,,,,,valid
89,inference,27.0,1,2026-09-08T22:46:45.797477+09:00,2026-09-08T22:47:45.798003+09:00,60.000477,108822,293.0,20.353147632309383,7.8271174191061474,interpolated_adjacent_idle_blocks,751.5677877086059,0.0069063956526125,0.551363486,1813.685572,,,,,,,valid
90,inference,27.0,2,2026-09-08T22:48:45.908471+09:00,2026-09-08T22:49:45.908840+09:00,60.000337,109399,294.0,19.5586704008052,7.822450428625546,interpolated_adjacent_idle_blocks,704.17715343691,0.0064367787039818,0.548454167,1823.306414,,,,,,,valid
91,inference,27.0,3,2026-09-08T22:50:46.019887+09:00,2026-09-08T22:51:46.020406+09:00,60.000489,109408,294.0,20.305465240088303,7.817783415800382,interpolated_adjacent_idle_blocks,749.2670159336876,0.0068483750359542,0.548410438,1823.451799,,,,,,,valid
92,inference,28.0,1,2026-09-08T22:51:51.459721+09:00,2026-09-08T22:52:51.460108+09:00,60.000343,140150,295.0,21.02183736370302,7.815240709551782,interpolated_adjacent_idle_blocks,792.4003291117268,0.0056539445530626,0.428115183,2335.819984,,,,,,,valid
93,inference,28.0,2,2026-09-08T22:53:51.548081+09:00,2026-09-08T22:54:51.548131+09:00,60.000024,140522,294.0,20.14326002404989,7.810574602042651,interpolated_adjacent_idle_blocks,739.9614213048847,0.0052658047943018,0.426979577,2342.032393,,,,,,,valid
94,inference,28.0,3,2026-09-08T22:55:51.635690+09:00,2026-09-08T22:56:51.635746+09:00,60.000031,140607,293.0,20.14813963887201,7.805908517044832,interpolated_adjacent_idle_blocks,740.5342499187955,0.005266695469776,0.426721507,2343.448789,,,,,,,valid
95,inference,29.0,1,2026-09-08T22:56:57.311989+09:00,2026-09-08T22:57:57.312453+09:00,60.000418,34652,294.0,21.512372627797845,7.803356612303614,interpolated_adjacent_idle_blocks,822.5466912983484,0.0237373511283143,1.731513855,577.5293089,,,,,,,valid
96,inference,29.0,2,2026-09-08T22:58:57.681331+09:00,2026-09-08T22:59:57.682775+09:00,60.001417,34871,294.0,22.00962646251072,7.798679561452854,interpolated_adjacent_idle_blocks,852.6769509752305,0.0244523228750317,1.720668091,581.169608,,,,,,,valid
97,inference,29.0,3,2026-09-08T23:00:58.026593+09:00,2026-09-08T23:01:58.028266+09:00,60.001622,34407,294.0,21.959665934867488,7.794003460838849,interpolated_adjacent_idle_blocks,849.9627251462513,0.0247031919419377,1.743878342,573.4344972,,,,,,,valid
98,inference,30.0,1,2026-09-08T23:02:03.985423+09:00,2026-09-08T23:03:03.985479+09:00,60.000011,19136,293.0,20.44042937603743,7.791440617508389,interpolated_adjacent_idle_blocks,758.9394646506188,0.0396602981109228,3.135452096,318.9332733,,,,,,,valid
99,inference,30.0,2,2026-09-08T23:04:04.597455+09:00,2026-09-08T23:05:04.600079+09:00,60.002593,19075,295.0,20.86186088686123,7.786754105931386,interpolated_adjacent_idle_blocks,784.5403106076737,0.0411292430200615,3.145614307,317.9029285,,,,,,,valid
100,inference,30.0,3,2026-09-08T23:06:05.219824+09:00,2026-09-08T23:07:05.220002+09:00,60.000152,19229,294.0,20.63541550950056,7.782067290108906,interpolated_adjacent_idle_blocks,771.2028468724284,0.0401062378112449,3.120294945,320.4825241,,,,,,,valid
101,idle,,1,2026-09-08T23:07:10.515728+09:00,2026-09-08T23:08:10.516234+09:00,60.000443,0,291.0,7.873047339873701,,,,,,,,,,,,,valid
102,idle,,2,2026-09-08T23:09:10.518214+09:00,2026-09-08T23:10:10.518857+09:00,60.000613,0,292.0,7.739266881118054,,,,,,,,,,,,,valid
103,idle,,3,2026-09-08T23:11:10.520181+09:00,2026-09-08T23:12:10.520562+09:00,60.000352,0,291.0,7.729773361531802,,,,,,,,,,,,,valid
104,inference,31.0,1,2026-09-08T23:12:16.353067+09:00,2026-09-08T23:13:16.355168+09:00,60.002055,23440,294.0,21.32782127556673,7.781226879469922,interpolated_adjacent_idle_blocks,812.8235020172926,0.0346767705638776,2.559814612,390.65329,,,,,,,valid
105,inference,31.0,2,2026-09-08T23:14:16.868203+09:00,2026-09-08T23:15:16.870879+09:00,60.002646,23544,294.0,21.08890209095723,7.7830128464776,interpolated_adjacent_idle_blocks,798.3885620517187,0.0339104893837801,2.548532344,392.3826992,,,,,,,valid
106,inference,31.0,3,2026-09-08T23:16:17.370666+09:00,2026-09-08T23:17:17.372681+09:00,60.001989,23496,294.0,21.043189828085307,7.784798616522299,interpolated_adjacent_idle_blocks,795.5298436339002,0.0338580968519705,2.553710802,391.5870189,,,,,,,valid
107,inference,32.0,1,2026-09-08T23:17:23.337386+09:00,2026-09-08T23:18:23.338018+09:00,60.000588,19533,294.0,21.360795226387907,7.785776193885926,interpolated_adjacent_idle_blocks,814.5091240613101,0.0416991309098095,3.071754897,325.5468075,,,,,,,valid
108,inference,32.0,2,2026-09-08T23:19:23.952551+09:00,2026-09-08T23:20:23.955407+09:00,60.002829,19593,294.0,21.288541404861014,7.787563655485273,interpolated_adjacent_idle_blocks,810.0968592285976,0.0413462389235235,3.062462548,326.5346055,,,,,,,valid
109,inference,32.0,3,2026-09-08T23:21:24.572437+09:00,2026-09-08T23:22:24.575489+09:00,60.003024,19446,293.0,20.97917967243453,7.789351172019152,interpolated_adjacent_idle_blocks,791.4295960663079,0.0406988376049731,3.085622951,324.0836667,,,,,,,valid
110,inference,33.0,1,2026-09-08T23:22:29.965927+09:00,2026-09-08T23:23:29.966035+09:00,60.000062,204723,294.0,19.83075671265304,7.790320242889943,interpolated_adjacent_idle_blocks,722.4269346928468,0.0035288020139058,0.293079243,3412.04648,,,,,,,valid
111,inference,33.0,2,2026-09-08T23:24:30.026947+09:00,2026-09-08T23:25:30.027071+09:00,60.000097,205272,293.0,19.729486340172475,7.792099476025676,interpolated_adjacent_idle_blocks,716.2443697753337,0.0034892453416702,0.292295572,3421.194492,,,,,,,valid
112,inference,33.0,3,2026-09-08T23:26:30.087706+09:00,2026-09-08T23:27:30.087996+09:00,60.000267,205494,294.0,19.49850554640855,7.793878706405495,interpolated_adjacent_idle_blocks,702.2807355355494,0.0034175242855535,0.291980627,3424.884759,,,,,,,valid
113,inference,34.0,1,2026-09-08T23:27:39.082019+09:00,2026-09-08T23:28:39.089098+09:00,60.006992,3321,294.0,21.309122455704223,7.794901211453787,interpolated_adjacent_idle_blocks,810.9477660899659,0.2441878247786708,18.06895266,55.34355082,,,,,,,valid
114,inference,34.0,2,2026-09-08T23:29:42.618655+09:00,2026-09-08T23:30:42.627591+09:00,60.008906,3334,293.0,21.542418252826923,7.796731964796061,interpolated_adjacent_idle_blocks,824.863596363933,0.2474095969897819,17.99907199,55.55841995,,,,,,,valid
115,inference,34.0,3,2026-09-08T23:31:46.159598+09:00,2026-09-08T23:32:46.172330+09:00,60.012705,3331,294.0,21.523275670884708,7.7985627963356,interpolated_adjacent_idle_blocks,823.6571449500175,0.2472702326478587,18.01642309,55.50491322,,,,,,,valid
116,inference,35.0,1,2026-09-08T23:32:52.169914+09:00,2026-09-08T23:33:52.172755+09:00,60.002794,17838,294.0,21.225445760313416,7.799540956726748,interpolated_adjacent_idle_blocks,805.5918001932212,0.0451615539967048,3.3637624,297.2861579,,,,,,,valid
117,inference,35.0,2,2026-09-08T23:34:52.831873+09:00,2026-09-08T23:35:52.834770+09:00,60.00287,17924,293.0,21.62978958639927,7.801329095718903,interpolated_adjacent_idle_blocks,829.7473171224302,0.046292530524572,3.347627198,298.7190451,,,,,,,valid
118,inference,35.0,3,2026-09-08T23:36:53.487500+09:00,2026-09-08T23:37:53.489298+09:00,60.001771,18032,294.0,21.85517407064192,7.803117132314759,interpolated_adjacent_idle_blocks,843.1483024924673,0.0467584462340543,3.327516155,300.5244614,,,,,,,valid
119,inference,36.0,1,2026-09-08T23:37:59.466782+09:00,2026-09-08T23:38:59.468385+09:00,60.00155,19045,294.0,20.29389443176581,7.804094904648627,interpolated_adjacent_idle_blocks,749.4073308162981,0.0393492953959725,3.150514571,317.4084669,,,,,,,valid
120,inference,36.0,2,2026-09-08T23:40:00.077969+09:00,2026-09-08T23:41:00.080536+09:00,60.00254,19307,294.0,21.75393501377897,7.805882297954331,interpolated_adjacent_idle_blocks,836.9185910033766,0.0433479355157909,3.10781269,321.7697139,,,,,,,valid
121,inference,36.0,3,2026-09-08T23:42:00.704872+09:00,2026-09-08T23:43:00.707393+09:00,60.002491,19239,294.0,21.710884278818742,7.807669916679583,interpolated_adjacent_idle_blocks,834.2274946353257,0.0433612710970074,3.118794672,320.6366898,,,,,,,valid
122,inference,37.0,1,2026-09-08T23:43:06.851949+09:00,2026-09-08T23:44:06.853103+09:00,60.001109,14740,293.0,21.83965911020236,7.808650166950199,interpolated_adjacent_idle_blocks,841.8760969840478,0.0571150676379951,4.07063154,245.6621264,,,,,,,valid
123,inference,37.0,2,2026-09-08T23:45:07.645649+09:00,2026-09-08T23:46:07.646400+09:00,60.000724,14788,294.0,21.86844411083518,7.810440254863941,interpolated_adjacent_idle_blocks,843.4904093530661,0.057038842937048,4.057392724,246.4636943,,,,,,,valid
124,inference,37.0,3,2026-09-08T23:47:08.438611+09:00,2026-09-08T23:48:08.440306+09:00,60.001669,14783,294.0,21.99194858244136,7.812230341820181,interpolated_adjacent_idle_blocks,850.8067603870143,0.0575530515042287,4.058828979,246.3764808,,,,,,,valid
125,inference,38.0,1,2026-09-08T23:48:13.964767+09:00,2026-09-08T23:49:13.964848+09:00,60.000038,59716,294.0,21.927253404979965,7.813201388581641,interpolated_adjacent_idle_blocks,846.843657317876,0.014181185232063,1.004756472,995.2660446,,,,,,,valid
126,inference,38.0,2,2026-09-08T23:50:14.159763+09:00,2026-09-08T23:51:14.160553+09:00,60.000762,60659,294.0,21.188238081890677,7.814982612299178,interpolated_adjacent_idle_blocks,802.4055185961577,0.0132281362797962,0.989148547,1010.970499,,,,,,,valid
127,inference,38.0,3,2026-09-08T23:52:14.354689+09:00,2026-09-08T23:53:14.355127+09:00,60.000408,60795,294.0,20.90057510105005,7.816763827112997,interpolated_adjacent_idle_blocks,785.0340146312228,0.0129128055700505,0.986929979,1013.243108,,,,,,,valid
128,inference,39.0,1,2026-09-08T23:53:20.134437+09:00,2026-09-08T23:54:20.135884+09:00,60.001394,28301,294.0,21.031239703848108,7.817738651390231,interpolated_adjacent_idle_blocks,792.8284827679397,0.0280141508345266,2.120115696,471.6723725,,,,,,,valid
129,inference,39.0,2,2026-09-08T23:55:20.556462+09:00,2026-09-08T23:56:20.556640+09:00,60.000145,28410,294.0,21.96358178441665,7.819523224884651,interpolated_adjacent_idle_blocks,848.6455644604112,0.0298713679852309,2.111937526,473.4988549,,,,,,,valid
130,inference,39.0,3,2026-09-08T23:57:20.986687+09:00,2026-09-08T23:58:20.988432+09:00,60.001713,28332,294.0,20.285930225631933,7.821307940909235,interpolated_adjacent_idle_blocks,747.8986889813357,0.0263976665601205,2.117807169,472.1865214,,,,,,,valid
131,inference,40.0,1,2026-09-08T23:58:26.638749+09:00,2026-09-08T23:59:26.639380+09:00,60.000584,45263,295.0,21.46707421497275,7.822280857225523,interpolated_adjacent_idle_blocks,818.6955700241547,0.0180875233639872,1.325598928,754.375987,,,,,,,valid
132,inference,40.0,2,2026-09-09T00:00:26.903572+09:00,2026-09-09T00:01:26.904772+09:00,60.001172,45281,294.0,22.12483382594583,7.824063114700147,interpolated_adjacent_idle_blocks,858.0630031780147,0.018949736162585,1.325084963,754.6685896,,,,,,,valid
133,inference,40.0,3,2026-09-09T00:02:27.173602+09:00,2026-09-09T00:03:27.174276+09:00,60.000631,45476,294.0,22.143938788466563,7.825845441228058,interpolated_adjacent_idle_blocks,859.0946355512124,0.0188911653520804,1.319391134,757.92536,,,,,,,valid
134,idle,,1,2026-09-09T00:03:32.476823+09:00,2026-09-09T00:04:32.477663+09:00,60.000773,0,290.0,7.954848100890376,,,,,,,,,,,,,valid
135,idle,,2,2026-09-09T00:05:32.479740+09:00,2026-09-09T00:06:32.479948+09:00,60.000174,0,291.0,7.785578828331079,,,,,,,,,,,,,valid
136,idle,,3,2026-09-09T00:07:32.481812+09:00,2026-09-09T00:08:32.482583+09:00,60.00072,0,291.0,7.738678413113111,,,,,,,,,,,,,valid
137,idle,,1,2026-09-09T07:54:50.512174+09:00,2026-09-09T07:55:50.513708+09:00,60.000726,0,,,,,,,,,,,,,,,excluded: HWiNFO log does not cover this trial's full time interval.
138,idle,,1,2026-09-09T07:57:36.720516+09:00,2026-09-09T07:58:36.721005+09:00,60.000429,0,291.0,6.411509104034813,,,,,,,,,,,,,valid
139,idle,,2,2026-09-09T07:59:36.722751+09:00,2026-09-09T08:00:36.723079+09:00,60.000296,0,291.0,6.3213431725805656,,,,,,,,,,,,,valid
140,idle,,3,2026-09-09T08:01:36.724645+09:00,2026-09-09T08:02:36.725412+09:00,60.000729,0,291.0,6.356083643137611,,,,,,,,,,,,,valid
141,inference,41.0,1,2026-09-09T08:02:42.269855+09:00,2026-09-09T08:03:42.269943+09:00,60.000041,152045,293.0,17.46784414371181,6.360709190004807,interpolated_adjacent_idle_blocks,666.4285526149533,0.004383100743957,0.3946202821533193,2534.081610157777,,,,,,,valid
142,inference,41.0,2,2026-09-09T08:04:42.351090+09:00,2026-09-09T08:05:42.351511+09:00,60.000393,151892,293.0,18.27468984362049,6.353042148964129,interpolated_adjacent_idle_blocks,715.3035468869255,0.004709290462216,0.3950200965159581,2531.516772994363,,,,,,,valid
143,inference,41.0,3,2026-09-09T08:06:42.432664+09:00,2026-09-09T08:07:42.432887+09:00,60.000197,151917,292.0,17.769041064636365,6.345375103234855,interpolated_adjacent_idle_blocks,685.4222081462849,0.0045118203239024,0.3949538043800363,2531.9416825714898,,,,,,,valid
144,inference,42.0,1,2026-09-09T08:07:47.943711+09:00,2026-09-09T08:08:47.943781+09:00,60.000028,64632,294.0,19.45599486977362,6.341192313114893,interpolated_adjacent_idle_blocks,786.8885206139951,0.0121749059384514,0.9283331430251256,1077.1995026928978,,,,,,,valid
145,inference,42.0,2,2026-09-09T08:09:48.124888+09:00,2026-09-09T08:10:48.125192+09:00,60.00026,64920,293.0,19.642138059774265,6.333518894076036,interpolated_adjacent_idle_blocks,798.5206101828767,0.0123000710132913,0.924218418052964,1081.9953167636324,,,,,,,valid
146,inference,42.0,3,2026-09-09T08:11:48.305814+09:00,2026-09-09T08:12:48.306690+09:00,60.000849,64785,293.0,17.807383530410842,6.325845480273793,interpolated_adjacent_idle_blocks,688.9020308340275,0.0106336656762217,0.926153421316654,1079.734714555568,,,,,,,valid
147,inference,43.0,1,2026-09-09T08:12:53.691499+09:00,2026-09-09T08:13:53.691587+09:00,60.000046,177685,293.0,17.681981703589194,6.321670714625712,interpolated_adjacent_idle_blocks,681.6191819121143,0.003836109868093,0.3376764842276958,2961.414391313368,,,,,,,valid
148,inference,43.0,2,2026-09-09T08:14:53.760081+09:00,2026-09-09T08:15:53.760183+09:00,60.000074,179095,293.0,17.058580614619462,6.3140044916537725,interpolated_adjacent_idle_blocks,644.6753624765744,0.003599627920805,0.3350181428850511,2984.9129703495264,,,,,,,valid
149,inference,43.0,3,2026-09-09T08:16:53.833646+09:00,2026-09-09T08:17:53.833983+09:00,60.000311,178432,293.0,17.350339539689905,6.3063379434637366,interpolated_adjacent_idle_blocks,662.6435304580666,0.0037137034302034,0.3362642995651002,2973.85122742238,,,,,,,valid
150,inference,44.0,1,2026-09-09T08:17:59.141507+09:00,2026-09-09T08:18:59.141592+09:00,60.000045,934856,293.0,17.75393994918084,6.302168129673719,interpolated_adjacent_idle_blocks,687.1068245001591,0.0007349868049198,0.0641810554780659,15580.92169957774,,,,,,,valid
151,inference,44.0,2,2026-09-09T08:19:59.156998+09:00,2026-09-09T08:20:59.157091+09:00,60.00006,937367,293.0,17.925300518907857,6.294505296693996,interpolated_adjacent_idle_blocks,697.8484111805451,0.0007444772550991,0.0640091446573235,15622.76773660319,,,,,,,valid
152,inference,44.0,3,2026-09-09T08:21:59.171793+09:00,2026-09-09T08:22:59.171844+09:00,60.000027,939540,293.0,17.78779820464692,6.2868425097325416,interpolated_adjacent_idle_blocks,690.0576522206663,0.0007344633035535,0.0638610676501249,15658.992822962042,,,,,,,valid
153,inference,45.0,1,2026-09-09T08:23:04.840897+09:00,2026-09-09T08:24:04.842612+09:00,60.001664,33553,292.0,18.996492507089556,6.282649569882144,interpolated_adjacent_idle_blocks,762.8517320670919,0.0227357235438587,1.7882652639107932,559.2011544266536,,,,,,,valid
154,inference,45.0,2,2026-09-09T08:25:05.190645+09:00,2026-09-09T08:26:05.191379+09:00,60.000704,33774,293.0,19.50687215703625,6.274965426592342,interpolated_adjacent_idle_blocks,793.9237190889726,0.023506949697666,1.776535308225312,562.8934000748683,,,,,,,valid
155,inference,45.0,3,2026-09-09T08:27:05.538992+09:00,2026-09-09T08:28:05.539825+09:00,60.000801,33814,292.0,19.545802030429236,6.267281338271765,interpolated_adjacent_idle_blocks,796.7218776245224,0.0235618938198533,1.7744366564144756,563.5591422128615,,,,,,,valid
156,inference,46.0,1,2026-09-09T08:28:11.895424+09:00,2026-09-09T08:29:11.895932+09:00,60.000465,11657,293.0,19.35926374511097,6.263044576911617,interpolated_adjacent_idle_blocks,785.7792398338745,0.0674083589117161,5.147161774041303,194.28182829677183,,,,,,,valid
157,inference,46.0,2,2026-09-09T08:30:12.898242+09:00,2026-09-09T08:31:12.901127+09:00,60.002859,11694,290.0,19.659041967633705,6.255318628756541,interpolated_adjacent_idle_blocks,804.2617215776556,0.0687755876156709,5.131080844877679,194.8907121582956,,,,,,,valid
158,inference,46.0,3,2026-09-09T08:32:13.899278+09:00,2026-09-09T08:33:13.904171+09:00,60.004867,11696,293.0,19.73751678336216,6.247592806158424,interpolated_adjacent_idle_blocks,809.461094092221,0.0692083698779258,5.130375111149276,194.91752129913672,,,,,,,valid
159,inference,47.0,1,2026-09-09T08:33:19.609807+09:00,2026-09-09T08:34:19.611729+09:00,60.001877,32005,293.0,19.74967299043545,6.243397369341202,interpolated_adjacent_idle_blocks,810.4018885449957,0.0253211025947506,1.8747657334791772,533.399977470362,,,,,,,valid
160,inference,47.0,2,2026-09-09T08:35:19.976609+09:00,2026-09-09T08:36:19.977178+09:00,60.000543,32113,293.0,20.183164511685742,6.235712149044267,interpolated_adjacent_idle_blocks,836.8547152251215,0.0260596865825404,1.8684191230965832,535.2118203236286,,,,,,,valid
161,inference,47.0,3,2026-09-09T08:37:20.343218+09:00,2026-09-09T08:38:20.343469+09:00,60.000193,32124,293.0,20.59035078357737,6.228026908029216,interpolated_adjacent_idle_blocks,861.7422044613977,0.0268254950959219,1.8677684223634032,535.3982795868441,,,,,,,valid
162,inference,48.0,1,2026-09-09T08:38:25.707710+09:00,2026-09-09T08:39:25.707945+09:00,60.000191,305427,293.0,18.756866727994996,6.223853470882752,interpolated_adjacent_idle_blocks,751.9831892322666,0.0024620717527666,0.196446912355489,5090.433786968394,,,,,,,valid
163,inference,48.0,2,2026-09-09T08:40:25.751745+09:00,2026-09-09T08:41:25.751942+09:00,60.000153,307377,293.0,18.48519131667885,6.216188816870447,interpolated_adjacent_idle_blocks,736.1420271458868,0.0023949157781678,0.1952005283414157,5122.936953587281,,,,,,,valid
164,inference,48.0,3,2026-09-09T08:42:25.794665+09:00,2026-09-09T08:43:25.794762+09:00,60.000072,305266,292.0,19.01448251640734,6.208524236018512,interpolated_adjacent_idle_blocks,768.3584188523259,0.0025170127654318,0.1965501313608404,5087.760527435773,,,,,,,valid
165,inference,49.0,1,2026-09-09T08:43:31.253585+09:00,2026-09-09T08:44:31.253865+09:00,60.000233,93699,293.0,17.25034505041019,6.204344763415417,interpolated_adjacent_idle_blocks,662.7625909377532,0.0070733155203124,0.6403508329864801,1561.6439434242343,,,,,,,valid
166,inference,49.0,2,2026-09-09T08:45:31.378019+09:00,2026-09-09T08:46:31.378675+09:00,60.000626,94525,293.0,18.380373242213174,6.196674962816069,interpolated_adjacent_idle_blocks,731.0295237589494,0.0077337161995128,0.634759332451734,1575.4002326165692,,,,,,,valid
167,inference,49.0,3,2026-09-09T08:47:31.504858+09:00,2026-09-09T08:48:31.504887+09:00,60.000003,94297,293.0,17.597128479196154,6.189005040663337,interpolated_adjacent_idle_blocks,684.4874405363395,0.0072588464164961,0.636287501193048,1571.6166011826194,,,,,,,valid
168,inference,50.0,1,2026-09-09T08:48:37.063153+09:00,2026-09-09T08:49:37.063813+09:00,60.000617,51538,293.0,20.530991823858237,6.184819208801225,interpolated_adjacent_idle_blocks,860.779208491924,0.0167018357035958,1.1642015056851138,858.9578308537886,,,,,,,valid
169,inference,50.0,2,2026-09-09T08:50:37.290628+09:00,2026-09-09T08:51:37.291590+09:00,60.000935,51960,290.0,19.730665299461677,6.177142831516814,interpolated_adjacent_idle_blocks,813.2240206201991,0.0156509626755234,1.1547524076212623,865.98650360033,,,,,,,valid
170,inference,50.0,3,2026-09-09T08:52:37.515555+09:00,2026-09-09T08:53:37.516331+09:00,60.000749,52012,293.0,19.95662155475332,6.1694666325056255,interpolated_adjacent_idle_blocks,827.2396219138984,0.0159047839328212,1.1535943359224696,866.8558511951705,,,,,,,valid
171,idle,,1,2026-09-09T08:53:42.800594+09:00,2026-09-09T08:54:42.801174+09:00,60.000523,0,290.0,6.147788535710384,,,,,,,,,,,,,valid
172,idle,,2,2026-09-09T08:55:42.802956+09:00,2026-09-09T08:56:42.803436+09:00,60.000433,0,291.0,6.137405677385348,,,,,,,,,,,,,valid
173,idle,,3,2026-09-09T08:57:42.805266+09:00,2026-09-09T08:58:42.805646+09:00,60.000349,0,290.0,6.216447145492191,,,,,,,,,,,,,valid
174,inference,51.0,1,2026-09-09T08:58:48.267973+09:00,2026-09-09T08:59:48.268320+09:00,60.000301,84017,293.0,18.35858125515617,6.16851334123023,interpolated_adjacent_idle_blocks,731.4077440459985,0.0087054732262042,0.7141447695109419,1400.2763062800511,,,,,,,valid
175,inference,51.0,2,2026-09-09T09:00:48.409465+09:00,2026-09-09T09:01:48.409982+09:00,60.000488,83733,292.0,18.102136606141585,6.172916147458894,interpolated_adjacent_idle_blocks,715.7590489805452,0.0085481118433657,0.7165691925525542,1395.5386449671553,,,,,,,valid
176,inference,51.0,3,2026-09-09T09:02:48.550218+09:00,2026-09-09T09:03:48.550520+09:00,60.000276,83744,293.0,18.29188008249042,6.177318919550999,interpolated_adjacent_idle_blocks,726.8770133952461,0.0086797503510131,0.716472541316381,1395.7269013585524,,,,,,,valid
177,inference,52.0,1,2026-09-09T09:03:53.936581+09:00,2026-09-09T09:04:53.936880+09:00,60.000256,167768,293.0,19.305657775182716,6.179715121484114,interpolated_adjacent_idle_blocks,787.5599194632352,0.004694339322536,0.3576382611701745,2796.1214125358124,,,,,,,valid
178,inference,52.0,2,2026-09-09T09:05:54.009234+09:00,2026-09-09T09:06:54.009557+09:00,60.000295,167997,290.0,18.130443557175283,6.184115402315081,interpolated_adjacent_idle_blocks,716.7832134584178,0.0042666429368287,0.3571509890057522,2799.936247646493,,,,,,,valid
179,inference,52.0,3,2026-09-09T09:07:54.083776+09:00,2026-09-09T09:08:54.084106+09:00,60.000304,167986,293.0,19.06828675004214,6.188515752048251,interpolated_adjacent_idle_blocks,772.7901753300167,0.0046003248802282,0.357174431797877,2799.75247658795,,,,,,,valid
180,inference,53.0,1,2026-09-09T09:08:59.618741+09:00,2026-09-09T09:09:59.619273+09:00,60.000489,56745,293.0,19.453745571134867,6.190917403537563,interpolated_adjacent_idle_blocks,795.7761755788122,0.0140237232457275,1.0573704996035218,945.7422922002896,,,,,,,valid
181,inference,53.0,2,2026-09-09T09:10:59.826764+09:00,2026-09-09T09:11:59.827147+09:00,60.000358,56907,292.0,18.83895786087763,6.195322642068189,interpolated_adjacent_idle_blocks,758.6226395499748,0.0133309195626192,1.0543581211449928,948.4443472717204,,,,,,,valid
182,inference,53.0,3,2026-09-09T09:13:00.037470+09:00,2026-09-09T09:14:00.038157+09:00,60.000661,57072,293.0,18.824423130152912,6.1997279872286,interpolated_adjacent_idle_blocks,757.4900534989483,0.0132725338782406,1.0513151948416093,951.1895242327012,,,,,,,valid
183,inference,54.0,1,2026-09-09T09:14:06.253945+09:00,2026-09-09T09:15:06.256253+09:00,60.002264,13372,294.0,19.215696161743143,6.202154639881643,interpolated_adjacent_idle_blocks,780.8419539696956,0.0583938045146347,4.48715702961419,222.85825822458037,,,,,,,valid
184,inference,54.0,2,2026-09-09T09:16:07.126436+09:00,2026-09-09T09:17:07.130605+09:00,60.004141,13467,292.0,19.868947979668636,6.206584265878068,interpolated_adjacent_idle_blocks,819.7983986755726,0.0608746119162079,4.455642741516279,224.43451102628003,,,,,,,valid
185,inference,54.0,3,2026-09-09T09:18:08.002456+09:00,2026-09-09T09:19:08.005681+09:00,60.003199,13426,292.0,19.485982940545966,6.211013969802309,interpolated_adjacent_idle_blocks,796.5406048703569,0.0593282142760581,4.469179152390968,223.7547356912308,,,,,,,valid
186,inference,55.0,1,2026-09-09T09:19:13.527811+09:00,2026-09-09T09:20:13.528026+09:00,60.000172,61570,291.0,18.4105386806968,6.213415210263677,interpolated_adjacent_idle_blocks,731.8295061312243,0.011886137828995,0.9745033587786608,1026.1637284178212,,,,,,,valid
187,inference,55.0,2,2026-09-09T09:21:13.715680+09:00,2026-09-09T09:22:13.716054+09:00,60.000346,62461,293.0,18.61140385769533,6.217819715858687,interpolated_adjacent_idle_blocks,743.6193366903116,0.0119053383181555,0.9606049550920012,1041.0106617701404,,,,,,,valid
188,inference,55.0,3,2026-09-09T09:23:13.903856+09:00,2026-09-09T09:24:13.904089+09:00,60.000205,62331,293.0,18.451240795301945,6.222224227211567,interpolated_adjacent_idle_blocks,733.7435010338193,0.0117717267657156,0.9626061670757772,1038.8464506079556,,,,,,,valid
189,inference,56.0,1,2026-09-09T09:24:19.409403+09:00,2026-09-09T09:25:19.410094+09:00,60.000647,71807,293.0,18.07691495694966,6.224624805308345,interpolated_adjacent_idle_blocks,711.1450775302071,0.0099035620138733,0.8355821396243,1196.7704341426286,,,,,,,valid
190,inference,56.0,2,2026-09-09T09:26:19.573946+09:00,2026-09-09T09:27:19.574423+09:00,60.000451,72290,293.0,19.75083163169645,6.229028449241369,interpolated_adjacent_idle_blocks,811.3142892805399,0.01122305006613,0.8299965500069232,1204.824285102943,,,,,,,valid
191,inference,56.0,3,2026-09-09T09:28:19.739762+09:00,2026-09-09T09:29:19.740562+09:00,60.000611,72271,293.0,19.523503162733316,6.233432149669657,interpolated_adjacent_idle_blocks,797.4123810172084,0.0110336425539595,0.8302169749968795,1204.5044007968622,,,,,,,valid
192,inference,57.0,1,2026-09-09T09:29:25.996467+09:00,2026-09-09T09:30:26.000298+09:00,60.003789,12777,293.0,19.794556846988822,6.235860302470285,interpolated_adjacent_idle_blocks,813.5731665723192,0.063674819329445,4.696234538624079,212.9365541212905,,,,,,,valid
193,inference,57.0,2,2026-09-09T09:31:26.909596+09:00,2026-09-09T09:32:26.911538+09:00,60.001915,12813,292.0,20.451510947628023,6.240291349000184,interpolated_adjacent_idle_blocks,852.7003904032017,0.0665496285337705,4.682893506595192,213.5431861928189,,,,,,,valid
194,inference,57.0,3,2026-09-09T09:33:27.820202+09:00,2026-09-09T09:34:27.822899+09:00,60.002673,12855,292.0,20.10474724228899,6.24472235153787,interpolated_adjacent_idle_blocks,831.6385412916002,0.0646937799526721,4.667652477635134,214.24045701591092,,,,,,,valid
195,inference,58.0,1,2026-09-09T09:34:33.189046+09:00,2026-09-09T09:35:33.189200+09:00,60.000116,213731,291.0,17.935220371532772,6.247117864912026,interpolated_adjacent_idle_blocks,701.2875062171356,0.0032811688815246,0.2807272501415089,3562.176452396125,,,,,,,valid
196,inference,58.0,2,2026-09-09T09:36:33.245327+09:00,2026-09-09T09:37:33.245419+09:00,60.000062,215165,292.0,18.131049967128455,6.251517544181146,interpolated_adjacent_idle_blocks,712.772681907849,0.0033126794874066,0.2788560514024188,3586.079609787252,,,,,,,valid
197,inference,58.0,3,2026-09-09T09:38:33.302414+09:00,2026-09-09T09:39:33.302490+09:00,60.000024,215165,293.0,17.79262019112573,6.255917253829794,interpolated_adjacent_idle_blocks,692.2024531186269,0.00321707737373,0.2788558724699618,3586.0819108542155,,,,,,,valid
198,inference,59.0,1,2026-09-09T09:39:38.711072+09:00,2026-09-09T09:40:38.711502+09:00,60.000387,114650,291.0,19.33503228991475,6.258314279347823,interpolated_adjacent_idle_blocks,784.6081413238858,0.0068435075562484,0.523335251635386,1910.8210212766485,,,,,,,valid
199,inference,59.0,2,2026-09-09T09:41:38.816628+09:00,2026-09-09T09:42:38.816883+09:00,60.000213,115371,290.0,19.154793536134395,6.26271576231517,interpolated_adjacent_idle_blocks,773.5274124417194,0.0067046953952182,0.5200632143259581,1922.8431707020015,,,,,,,valid
200,inference,59.0,3,2026-09-09T09:43:38.920671+09:00,2026-09-09T09:44:38.921147+09:00,60.000428,115212,292.0,19.468094773524843,6.267117197087671,interpolated_adjacent_idle_blocks,792.064304604633,0.0068748420703106,0.5207828030066457,1920.186293070125,,,,,,,valid
201,inference,60.0,1,2026-09-09T09:44:45.266500+09:00,2026-09-09T09:45:45.268850+09:00,60.002306,11710,293.0,18.957905467160455,6.26954859479241,interpolated_adjacent_idle_blocks,761.3306716930304,0.0650154288380043,5.1240227241676255,195.15916572412263,,,,,,,valid
202,inference,60.0,2,2026-09-09T09:46:46.260684+09:00,2026-09-09T09:47:46.260995+09:00,60.000282,11796,293.0,18.91291162657945,6.273982608992471,interpolated_adjacent_idle_blocks,758.3393052332017,0.0642878353029163,5.086493930146145,196.5990746736757,,,,,,,valid
203,inference,60.0,3,2026-09-09T09:48:47.260469+09:00,2026-09-09T09:49:47.263792+09:00,60.003296,11737,293.0,18.94917658223851,6.27841692100278,interpolated_adjacent_idle_blocks,760.2873424979872,0.06477697388583,5.112319698390123,195.60592040339367,,,,,,,valid
204,idle,,1,2026-09-09T09:49:52.551197+09:00,2026-09-09T09:50:52.551815+09:00,60.000547,0,291.0,6.350454585876854,,,,,,,,,,,,,valid
205,idle,,2,2026-09-09T09:51:52.553680+09:00,2026-09-09T09:52:52.554345+09:00,60.000633,0,291.0,6.246276837096991,,,,,,,,,,,,,valid
206,idle,,3,2026-09-09T09:53:52.555955+09:00,2026-09-09T09:54:52.556316+09:00,60.000324,0,291.0,6.242398945036126,,,,,,,,,,,,,valid
207,inference,61.0,1,2026-09-09T09:54:58.047712+09:00,2026-09-09T09:55:58.048587+09:00,60.000833,72905,292.0,19.82186813655417,6.278492738795321,interpolated_adjacent_idle_blocks,812.6138054972373,0.0111462012961694,0.823000246896722,1215.0664641604776,,,,,,,valid
208,inference,61.0,2,2026-09-09T09:56:58.213436+09:00,2026-09-09T09:57:58.213965+09:00,60.000479,72403,293.0,19.448593222517392,6.27437091065652,interpolated_adjacent_idle_blocks,790.4596491641396,0.0109174985727682,0.8287015634710868,1206.707027088757,,,,,,,valid
209,inference,61.0,3,2026-09-09T09:58:58.376007+09:00,2026-09-09T09:59:58.376538+09:00,60.0005,72886,290.0,17.930452526079495,6.270249184677975,interpolated_adjacent_idle_blocks,699.618030585762,0.0095987985427347,0.8232102132097543,1214.756551793654,,,,,,,valid
210,inference,62.0,1,2026-09-09T10:00:07.233700+09:00,2026-09-09T10:01:07.249869+09:00,60.016125,3398,293.0,19.749453948541987,6.267887011800271,interpolated_adjacent_idle_blocks,809.1114064713579,0.2381140101446021,17.66219087698613,56.61811759168575,,,,,,,valid
211,inference,62.0,2,2026-09-09T10:02:10.726572+09:00,2026-09-09T10:03:10.735429+09:00,60.00883,3417,293.0,20.27902470659091,6.263651177805169,interpolated_adjacent_idle_blocks,841.0461674754036,0.2461358406424945,17.561846649107068,56.94162009157761,,,,,,,valid
212,inference,62.0,3,2026-09-09T10:04:14.166182+09:00,2026-09-09T10:05:14.173541+09:00,60.007333,3414,293.0,20.186605355087845,6.259417071039686,interpolated_adjacent_idle_blocks,835.7334251145767,0.2447959651770875,17.576840451084845,56.893046437039246,,,,,,,valid
213,inference,63.0,1,2026-09-09T10:05:19.668002+09:00,2026-09-09T10:06:19.668910+09:00,60.000866,65754,292.0,17.606168412881413,6.257170387623663,interpolated_adjacent_idle_blocks,680.9497097477549,0.0103560195539093,0.9125051920795374,1095.8841754325451,,,,,,,valid
214,inference,63.0,2,2026-09-09T10:07:19.850469+09:00,2026-09-09T10:08:19.851311+09:00,60.000813,66347,293.0,19.19627380209963,6.25304798036412,interpolated_adjacent_idle_blocks,776.6040721467236,0.0117051874560526,0.9043485523083452,1105.7683428004664,,,,,,,valid
215,inference,63.0,3,2026-09-09T10:09:20.029606+09:00,2026-09-09T10:10:20.030219+09:00,60.000569,66287,292.0,19.36390793393933,6.248925690132535,interpolated_adjacent_idle_blocks,786.9063970533048,0.0118712024537738,0.9051634377781757,1104.7728600865842,,,,,,,valid
216,inference,64.0,1,2026-09-09T10:10:25.538729+09:00,2026-09-09T10:11:25.538783+09:00,60.00001,222810,293.0,18.75193700374593,6.246678655166488,interpolated_adjacent_idle_blocks,750.3156259673497,0.0033675132443218,0.2692877810690719,3713.499350137619,,,,,,,valid
217,inference,64.0,2,2026-09-09T10:12:25.594199+09:00,2026-09-09T10:13:25.594465+09:00,60.000239,223006,290.0,18.914880055587798,6.242560599294297,interpolated_adjacent_idle_blocks,760.3421960619598,0.0034095145245507,0.2690521286422826,3716.751861605031,,,,,,,valid
218,inference,64.0,3,2026-09-09T10:14:25.649794+09:00,2026-09-09T10:15:25.649863+09:00,60.000043,223826,292.0,18.788573536072047,6.238442546153576,interpolated_adjacent_idle_blocks,753.0083990507408,0.0033642579461311,0.2680655620884234,3730.430690944712,,,,,,,valid
219,inference,65.0,1,2026-09-09T10:15:31.062425+09:00,2026-09-09T10:16:31.062578+09:00,60.000114,133019,292.0,18.1764813822174,6.236198809952968,interpolated_adjacent_idle_blocks,716.4183155280791,0.0053858344712265,0.4510642389433255,2216.9791210729213,,,,,,,valid
220,inference,65.0,2,2026-09-09T10:17:31.152460+09:00,2026-09-09T10:18:31.152792+09:00,60.000305,133762,292.0,17.407070029527095,6.23207956902345,interpolated_adjacent_idle_blocks,670.5028360023091,0.0050126555823201,0.4485601680596555,2229.3553266794006,,,,,,,valid
221,inference,65.0,3,2026-09-09T10:19:31.242422+09:00,2026-09-09T10:20:31.242652+09:00,60.000204,133827,292.0,17.562653767166232,6.22796033542147,interpolated_adjacent_idle_blocks,680.0839181821459,0.0050818139701416,0.4483415484169812,2230.442401626243,,,,,,,valid
222,inference,66.0,1,2026-09-09T10:20:36.765075+09:00,2026-09-09T10:21:36.765524+09:00,60.000407,61725,292.0,19.08175763678707,6.225712823020609,interpolated_adjacent_idle_blocks,771.3679212362271,0.0124968476506476,0.972060051842807,1028.743026836897,,,,,,,valid
223,inference,66.0,2,2026-09-09T10:22:36.954885+09:00,2026-09-09T10:23:36.955798+09:00,60.000885,62116,293.0,18.314822802775,6.22159015479935,interpolated_adjacent_idle_blocks,725.6046613894323,0.0116814453826619,0.9659489567904735,1035.2513898070415,,,,,,,valid
224,inference,66.0,3,2026-09-09T10:24:37.150089+09:00,2026-09-09T10:25:37.150373+09:00,60.000259,62168,292.0,18.54801192216257,6.21746732030189,interpolated_adjacent_idle_blocks,739.8358697226927,0.0119005898488401,0.9651309242697634,1036.12885552975,,,,,,,valid
225,inference,67.0,1,2026-09-09T10:25:42.512408+09:00,2026-09-09T10:26:42.512539+09:00,60.000093,264352,293.0,18.703541682199276,6.215225313923344,interpolated_adjacent_idle_blocks,749.3001435099778,0.0028344788142702,0.2269704511409034,4405.859859613177,,,,,,,valid
226,inference,67.0,2,2026-09-09T10:27:42.559538+09:00,2026-09-09T10:28:42.559675+09:00,60.000111,264656,293.0,18.439127174121257,6.211107547660593,interpolated_adjacent_idle_blocks,733.6825348978184,0.0027722119842278,0.2267098082038341,4410.92517312221,,,,,,,valid
227,inference,67.0,3,2026-09-09T10:29:42.605810+09:00,2026-09-09T10:30:42.605862+09:00,60.000027,265221,293.0,18.387486913802377,6.206989812392667,interpolated_adjacent_idle_blocks,730.8301549580043,0.0027555516152868,0.2262265329668347,4420.347988741895,,,,,,,valid
228,inference,68.0,1,2026-09-09T10:30:48.158773+09:00,2026-09-09T10:31:48.159653+09:00,60.000839,52530,293.0,18.64086458544399,6.204741249864199,interpolated_adjacent_idle_blocks,746.177834042266,0.0142047940994149,1.1422204264230016,875.48775776285,,,,,,,valid
229,inference,68.0,2,2026-09-09T10:32:48.381954+09:00,2026-09-09T10:33:48.383043+09:00,60.001062,52892,293.0,18.209587169766223,6.200617441352284,interpolated_adjacent_idle_blocks,720.5509372306879,0.0136230609020397,1.1344071371851698,881.5177260620226,,,,,,,valid
230,inference,68.0,3,2026-09-09T10:34:48.604036+09:00,2026-09-09T10:35:48.604062+09:00,60.000001,52936,290.0,19.03035652120183,6.196493692343893,interpolated_adjacent_idle_blocks,770.0317825653391,0.0145464671030175,1.133444187320479,882.2666446100466,,,,,,,valid
231,inference,69.0,1,2026-09-09T10:35:54.690124+09:00,2026-09-09T10:36:54.691912+09:00,60.001739,15871,293.0,18.82426197442087,6.194226826953535,interpolated_adjacent_idle_blocks,757.8240724791616,0.0477489806867343,3.780589717094223,264.5089985507881,,,,,,,valid
232,inference,69.0,2,2026-09-09T10:37:55.429440+09:00,2026-09-09T10:38:55.431000+09:00,60.001533,15967,293.0,19.51781756898229,6.190085321859791,interpolated_adjacent_idle_blocks,799.6843662408851,0.0500835702537035,3.757846345587733,266.10986933357395,,,,,,,valid
233,inference,69.0,3,2026-09-09T10:39:56.163218+09:00,2026-09-09T10:40:56.164768+09:00,60.001525,15947,292.0,19.197494674830534,6.185944002996702,interpolated_adjacent_idle_blocks,780.7128829248045,0.0489567243321505,3.762558807298845,265.7765768498124,,,,,,,valid
234,inference,70.0,1,2026-09-09T10:41:01.539503+09:00,2026-09-09T10:42:01.539622+09:00,60.000073,253344,294.0,21.50100758967318,6.183701539481273,interpolated_adjacent_idle_blocks,919.039481174856,0.0036276346831772,0.2368324235032186,4222.394827566377,,,,,,,valid
235,inference,70.0,2,2026-09-09T10:43:01.594389+09:00,2026-09-09T10:44:01.594527+09:00,60.00011,254621,293.0,21.64638584746786,6.179583506957426,interpolated_adjacent_idle_blocks,928.0098417788836,0.0036446712634813,0.2356447806740157,4243.675574479926,,,,,,,valid
236,inference,70.0,3,2026-09-09T10:45:01.649736+09:00,2026-09-09T10:46:01.649949+09:00,60.000182,253532,292.0,21.599523692827283,6.175465457660391,interpolated_adjacent_idle_blocks,925.4463012886124,0.0036502149680853,0.2366572361674233,4225.520487751109,,,,,,,valid
237,idle,,1,2026-09-09T10:46:06.946873+09:00,2026-09-09T10:47:06.947290+09:00,60.000348,0,290.0,6.231963775410313,,,,,,,,,,,,,valid
238,idle,,2,2026-09-09T10:48:06.949128+09:00,2026-09-09T10:49:06.949705+09:00,60.000517,0,291.0,6.153994026820525,,,,,,,,,,,,,valid
239,idle,,3,2026-09-09T10:50:06.951366+09:00,2026-09-09T10:51:06.951712+09:00,60.00031,0,290.0,6.136806407706557,,,,,,,,,,,,,valid
240,inference,71.0,1,2026-09-09T10:51:12.311468+09:00,2026-09-09T10:52:12.311603+09:00,60.000063,292733,293.0,18.5209293359752,6.173782828277845,interpolated_adjacent_idle_blocks,740.8295683320712,0.0025307347252686,0.2049651491290681,4878.878210511253,,,,,,,valid
241,inference,71.0,2,2026-09-09T10:53:12.355669+09:00,2026-09-09T10:54:12.355861+09:00,60.000165,292303,293.0,18.310085595248257,6.172180768754385,interpolated_adjacent_idle_blocks,728.2762923439287,0.0024915115217562,0.2052670167599926,4871.7032857219565,,,,,,,valid
242,inference,71.0,3,2026-09-09T10:55:12.398484+09:00,2026-09-09T10:56:12.398621+09:00,60.000114,293008,293.0,18.88921829308462,6.170578728474654,interpolated_adjacent_idle_blocks,763.1198238015083,0.0026044334072841,0.204772955004649,4883.457388097449,,,,,,,valid
243,inference,72.0,1,2026-09-09T10:56:17.851741+09:00,2026-09-09T10:57:17.851903+09:00,60.000119,91910,293.0,18.2616306894824,6.169705216818617,interpolated_adjacent_idle_blocks,725.5169672989582,0.007893776164715,0.6528138243933586,1531.830305415593,,,,,,,valid
244,inference,72.0,2,2026-09-09T10:58:17.981615+09:00,2026-09-09T10:59:17.982223+09:00,60.000584,92579,292.0,18.43660639499052,6.168102011341899,interpolated_adjacent_idle_blocks,736.1174278254774,0.0079512354618809,0.6481014517331526,1542.968307393542,,,,,,,valid
245,inference,72.0,3,2026-09-09T11:00:18.110078+09:00,2026-09-09T11:01:18.110672+09:00,60.000569,92536,293.0,19.681839461829373,6.166498827768924,interpolated_adjacent_idle_blocks,810.9281282724478,0.0087633799631759,0.6484024466153135,1542.252046117407,,,,,,,valid
246,inference,73.0,1,2026-09-09T11:01:23.642949+09:00,2026-09-09T11:02:23.643089+09:00,60.000096,58064,293.0,19.21926279967787,6.165624256810503,interpolated_adjacent_idle_blocks,783.2195657213423,0.0134889013109903,1.0333441667815015,967.7317898011108,,,,,,,valid
247,inference,73.0,2,2026-09-09T11:03:23.844614+09:00,2026-09-09T11:04:23.845423+09:00,60.000781,58457,293.0,19.19374941668841,6.1640200917596095,interpolated_adjacent_idle_blocks,781.7939357143309,0.0133738292371201,1.0264088389756405,974.2706434582186,,,,,,,valid
248,inference,73.0,3,2026-09-09T11:05:24.046066+09:00,2026-09-09T11:06:24.046448+09:00,60.000356,58493,293.0,20.260522443196127,6.162415936858766,interpolated_adjacent_idle_blocks,845.8914093061578,0.0144614126358052,1.0257698545124647,974.8775474351283,,,,,,,valid
249,inference,74.0,1,2026-09-09T11:06:29.571275+09:00,2026-09-09T11:07:29.571727+09:00,60.000409,60484,293.0,16.563824358631237,6.161541464661275,interpolated_adjacent_idle_blocks,624.1412281719013,0.0103191129583344,0.9920046458567592,1008.05979505906,,,,,,,valid
250,inference,74.0,2,2026-09-09T11:08:29.764414+09:00,2026-09-09T11:09:29.765297+09:00,60.000856,60873,291.0,18.13968766429344,6.159937414980484,interpolated_adjacent_idle_blocks,718.7952696249906,0.011808113114599,0.9856727284674444,1014.5355259598508,,,,,,,valid
251,inference,74.0,3,2026-09-09T11:10:29.957683+09:00,2026-09-09T11:11:29.958383+09:00,60.000672,60891,293.0,18.741211255762707,6.158333367657432,interpolated_adjacent_idle_blocks,754.9811289802574,0.0123988952222866,0.985378325204035,1014.8386405728352,,,,,,,valid
252,inference,75.0,1,2026-09-09T11:11:35.466470+09:00,2026-09-09T11:12:35.467225+09:00,60.000713,66249,292.0,19.43609320509461,6.157459114723273,interpolated_adjacent_idle_blocks,796.727513088387,0.0120262571976692,0.9056848118462472,1104.1368773331756,,,,,,,valid
253,inference,75.0,2,2026-09-09T11:13:35.647051+09:00,2026-09-09T11:14:35.647577+09:00,60.000501,66493,292.0,19.77169421771856,6.155855237036493,interpolated_adjacent_idle_blocks,816.9571603762533,0.0122863633822545,0.9023581519859116,1108.207420522769,,,,,,,valid
254,inference,75.0,3,2026-09-09T11:15:35.823448+09:00,2026-09-09T11:16:35.824002+09:00,60.000529,66566,292.0,19.61069866655805,6.154251413475884,interpolated_adjacent_idle_blocks,807.3939536455268,0.0121292244335776,0.9013690036955496,1109.423550066699,,,,,,,valid
255,inference,76.0,1,2026-09-09T11:16:41.210513+09:00,2026-09-09T11:17:41.210839+09:00,60.000284,172569,293.0,16.72143140239532,6.153378786875482,interpolated_adjacent_idle_blocks,634.0861582581331,0.0036743920301915,0.3476886607675659,2876.1363623201737,,,,,,,valid
256,inference,76.0,2,2026-09-09T11:18:41.279990+09:00,2026-09-09T11:19:41.280354+09:00,60.000337,173484,292.0,17.540189846510053,6.151776390160395,interpolated_adjacent_idle_blocks,683.3086452763142,0.003938741585831,0.3458551647413793,2891.3837407857472,,,,,,,valid
257,inference,76.0,3,2026-09-09T11:20:41.349201+09:00,2026-09-09T11:21:41.349505+09:00,60.000272,173874,292.0,16.702971570346325,6.150173997645328,interpolated_adjacent_idle_blocks,633.1707247229997,0.0036415491949515,0.345079035393482,2897.886853253005,,,,,,,valid
258,inference,77.0,1,2026-09-09T11:21:46.840934+09:00,2026-09-09T11:22:46.841034+09:00,60.000059,68060,293.0,19.050317794717238,6.1492999740322745,interpolated_adjacent_idle_blocks,774.0618304011491,0.0113732270114773,0.8815759432852757,1134.3322235783862,,,,,,,valid
259,inference,77.0,2,2026-09-09T11:23:47.013461+09:00,2026-09-09T11:24:47.014123+09:00,60.000635,68347,293.0,18.434153400045545,6.147696198552352,interpolated_adjacent_idle_blocks,737.1952339899144,0.0107860657232931,0.8778824937451891,1139.104614939794,,,,,,,valid
260,inference,77.0,3,2026-09-09T11:25:47.189257+09:00,2026-09-09T11:26:47.189715+09:00,60.000432,68259,291.0,19.957165031277103,6.146092384559517,interpolated_adjacent_idle_blocks,828.6703251864385,0.0121400888554833,0.8790112922837898,1137.6418127711024,,,,,,,valid
261,inference,78.0,1,2026-09-09T11:26:53.010872+09:00,2026-09-09T11:27:53.011735+09:00,60.00082,23583,293.0,18.61881103581218,6.145213954418836,interpolated_adjacent_idle_blocks,748.4260532332073,0.031735828912064,2.544240329898606,393.04463035528266,,,,,,,valid
262,inference,78.0,2,2026-09-09T11:28:53.504016+09:00,2026-09-09T11:29:53.505450+09:00,60.001407,23766,293.0,18.49632499530376,6.143605900060085,interpolated_adjacent_idle_blocks,741.1805259903874,0.0311865911802738,2.5246741900194336,396.0907129930704,,,,,,,valid
263,inference,78.0,3,2026-09-09T11:30:54.002256+09:00,2026-09-09T11:31:54.003616+09:00,60.00133,23761,292.0,18.377799506957167,6.141997782001026,interpolated_adjacent_idle_blocks,734.1643771136628,0.0308978737053854,2.5252022095028352,396.0078904718214,,,,,,,valid
264,inference,79.0,1,2026-09-09T11:31:59.401678+09:00,2026-09-09T11:32:59.401921+09:00,60.000167,212067,291.0,18.170781696314837,6.14112499642031,interpolated_adjacent_idle_blocks,721.7814109463403,0.0034035536455287,0.2829302380851527,3534.440174256076,,,,,,,valid
265,inference,79.0,2,2026-09-09T11:33:59.459214+09:00,2026-09-09T11:34:59.459482+09:00,60.000243,213267,290.0,17.830629833391853,6.139522759150084,interpolated_adjacent_idle_blocks,701.4692653935251,0.00328915990469,0.2813386182578785,3554.4355986115893,,,,,,,valid
266,inference,79.0,3,2026-09-09T11:35:59.516864+09:00,2026-09-09T11:36:59.517142+09:00,60.000254,213078,292.0,18.13354983072364,6.1379205204543945,interpolated_adjacent_idle_blocks,719.7408055059996,0.0033778278635335,0.2815882160523278,3551.284972145883,,,,,,,valid
267,inference,80.0,1,2026-09-09T11:37:04.999613+09:00,2026-09-09T11:38:04.999738+09:00,60.000082,75567,293.0,18.78874287497017,6.137046616398737,interpolated_adjacent_idle_blocks,759.1028129533793,0.0100454274081726,0.7939984689083022,1259.4482724569193,,,,,,,valid
268,inference,80.0,2,2026-09-09T11:39:05.154635+09:00,2026-09-09T11:40:05.155117+09:00,60.000456,76094,293.0,19.387312556195788,6.135443075903585,interpolated_adjacent_idle_blocks,795.1182116700152,0.0104491577742005,0.7885044234762074,1268.223703288044,,,,,,,valid
269,inference,80.0,3,2026-09-09T11:41:05.311446+09:00,2026-09-09T11:42:05.311957+09:00,60.000482,76143,293.0,19.58525686221904,6.133839513724237,interpolated_adjacent_idle_blocks,807.0915244928499,0.0105996811853072,0.7879973470969505,1269.0398053801646,,,,,,,valid
270,idle,,1,2026-09-09T11:42:10.599316+09:00,2026-09-09T11:43:10.599803+09:00,60.000431,0,290.0,6.05968658101138,,,,,,,,,,,,,valid
271,idle,,2,2026-09-09T11:44:10.602631+09:00,2026-09-09T11:45:10.602755+09:00,60.000091,0,291.0,6.179874197823269,,,,,,,,,,,,,valid
272,idle,,3,2026-09-09T11:46:10.604107+09:00,2026-09-09T11:47:10.604718+09:00,60.000571,0,291.0,6.160545161710335,,,,,,,,,,,,,valid
273,inference,81.0,1,2026-09-09T11:47:16.523798+09:00,2026-09-09T11:48:16.525586+09:00,60.001745,19259,290.0,20.098638248249276,6.135980409772937,interpolated_adjacent_idle_blocks,837.7838351465082,0.0435009001062624,3.115517160808006,320.97399833954086,,,,,,,valid
274,inference,81.0,2,2026-09-09T11:49:17.135371+09:00,2026-09-09T11:50:17.136037+09:00,60.000639,19273,293.0,19.945435456375456,6.144750332994756,interpolated_adjacent_idle_blocks,828.0499260406358,0.0429642466684291,3.1131966481609155,321.213245745571,,,,,,,valid
275,inference,81.0,3,2026-09-09T11:51:17.742952+09:00,2026-09-09T11:52:17.745303+09:00,60.00232,19234,293.0,20.195334476395374,6.15352006799961,interpolated_adjacent_idle_blocks,842.5414415131734,0.0438047957529985,3.1195965373819985,320.5542729699308,,,,,,,valid
276,inference,82.0,1,2026-09-09T11:52:23.231443+09:00,2026-09-09T11:53:23.232141+09:00,60.000653,65850,293.0,19.431570685177416,6.158281837094012,interpolated_adjacent_idle_blocks,796.4059983426221,0.0120942444698955,0.9111716507212914,1097.4880520134614,,,,,,,valid
277,inference,82.0,2,2026-09-09T11:54:23.409800+09:00,2026-09-09T11:55:23.410662+09:00,60.000821,66222,293.0,19.411442694270885,6.167020306880968,interpolated_adjacent_idle_blocks,794.6762169141753,0.0120001844842223,0.9060557080728792,1103.6848960721566,,,,,,,valid
278,inference,82.0,3,2026-09-09T11:56:23.593933+09:00,2026-09-09T11:57:23.594582+09:00,60.000624,66247,294.0,18.319003405468024,6.175759182937108,interpolated_adjacent_idle_blocks,728.6022307362498,0.0109982675553043,0.90571081105561,1104.1051821325786,,,,,,,valid
279,inference,83.0,1,2026-09-09T11:57:28.969180+09:00,2026-09-09T11:58:28.969573+09:00,60.000351,160364,293.0,18.34043010995931,6.1805127685722026,interpolated_adjacent_idle_blocks,729.5993086142134,0.0045496452359271,0.3741509977301599,2672.7177157528427,,,,,,,valid
280,inference,83.0,2,2026-09-09T11:59:29.044454+09:00,2026-09-09T12:00:29.044629+09:00,60.00015,161374,290.0,19.363119874788637,6.189243729044924,interpolated_adjacent_idle_blocks,790.4345448260444,0.0048981530161367,0.3718080378499767,2689.559929318948,,,,,,,valid
281,inference,83.0,3,2026-09-09T12:01:29.119209+09:00,2026-09-09T12:02:29.119467+09:00,60.000232,160901,292.0,18.558942038868636,6.197974662716189,interpolated_adjacent_idle_blocks,741.6609103135777,0.0046094238712846,0.3729015481569319,2681.6729641979387,,,,,,,valid
282,inference,84.0,1,2026-09-09T12:02:34.656075+09:00,2026-09-09T12:03:34.656312+09:00,60.000194,55130,293.0,18.65033295126358,6.2027400086090045,interpolated_adjacent_idle_blocks,746.8579913923054,0.0135472155159133,1.088340172320065,918.8303670425524,,,,,,,valid
283,inference,84.0,2,2026-09-09T12:04:34.868710+09:00,2026-09-09T12:05:34.869387+09:00,60.000651,55404,291.0,19.09662695173508,6.211480980865051,interpolated_adjacent_idle_blocks,773.1171464822286,0.0139541756277927,1.0829660439679414,923.3899858356064,,,,,,,valid
284,inference,84.0,3,2026-09-09T12:06:35.081344+09:00,2026-09-09T12:07:35.082031+09:00,60.000644,55510,293.0,19.62738040319292,6.220221937397345,interpolated_adjacent_idle_blocks,804.4381421577862,0.0144917698100844,1.0808979319041845,925.1567335671843,,,,,,,valid
285,inference,85.0,1,2026-09-09T12:07:42.122029+09:00,2026-09-09T12:08:42.127140+09:00,60.005068,6965,291.0,19.49445928927856,6.225096791289744,interpolated_adjacent_idle_blocks,796.2289990084687,0.114318592822465,8.615228657573985,116.07352976300412,,,,,,,valid
286,inference,85.0,2,2026-09-09T12:09:43.807347+09:00,2026-09-09T12:10:43.815821+09:00,60.008447,7001,293.0,19.526441499527483,6.233944952196461,interpolated_adjacent_idle_blocks,797.6620745581964,0.1139354484442503,8.571410812741169,116.66690838263489,,,,,,,valid
287,inference,85.0,3,2026-09-09T12:11:45.481714+09:00,2026-09-09T12:12:45.489340+09:00,60.0076,7004,290.0,19.549592672888654,6.242792163749088,interpolated_adjacent_idle_blocks,798.5091622322434,0.1140075902673106,8.567618446602143,116.71854976181775,,,,,,,valid
288,inference,86.0,1,2026-09-09T12:12:50.855526+09:00,2026-09-09T12:13:50.855779+09:00,60.000211,236888,293.0,18.2114370441861,6.24754538628164,interpolated_adjacent_idle_blocks,717.8360238554072,0.0030302760116823,0.2532851415014813,3948.119475433784,,,,,,,valid
289,inference,86.0,2,2026-09-09T12:14:50.907147+09:00,2026-09-09T12:15:50.907422+09:00,60.000241,237910,293.0,18.13891546388352,6.256274635621712,interpolated_adjacent_idle_blocks,712.961313412148,0.002996769002615,0.2521972224791016,3965.150726760542,,,,,,,valid
290,inference,86.0,3,2026-09-09T12:16:50.959254+09:00,2026-09-09T12:17:50.959331+09:00,60.000037,237954,291.0,18.71932083724013,6.265003912283321,interpolated_adjacent_idle_blocks,747.2594763071345,0.0031403526576865,0.2521497285189635,3965.8975874122057,,,,,,,valid
291,inference,87.0,1,2026-09-09T12:17:56.350948+09:00,2026-09-09T12:18:56.351310+09:00,60.00032,161551,292.0,18.147397087417776,6.269758713501475,interpolated_adjacent_idle_blocks,712.6621032792577,0.0044113753754495,0.3714017214378287,2692.5023290916447,,,,,,,valid
292,inference,87.0,2,2026-09-09T12:19:56.426228+09:00,2026-09-09T12:20:56.426362+09:00,60.000107,162486,293.0,19.175718726774328,6.278489674043541,interpolated_adjacent_idle_blocks,773.8351231673557,0.0047624726017463,0.3692632417562165,2708.0951660501014,,,,,,,valid
293,inference,87.0,3,2026-09-09T12:21:56.501187+09:00,2026-09-09T12:22:56.501444+09:00,60.000232,162572,293.0,18.233363549481023,6.287220624010646,interpolated_adjacent_idle_blocks,716.7713470333812,0.0044089470944158,0.3690686717269841,2709.5228519958005,,,,,,,valid
294,inference,88.0,1,2026-09-09T12:23:04.754093+09:00,2026-09-09T12:24:04.766244+09:00,60.012105,3967,292.0,22.80212084268212,6.292183893034095,interpolated_adjacent_idle_blocks,990.7960697656569,0.249759533593561,15.127830829342289,66.10333042992372,,,,,,,valid
295,inference,88.0,2,2026-09-09T12:25:07.738505+09:00,2026-09-09T12:26:07.751852+09:00,60.01332,4042,292.0,21.312085078206525,6.301126435482002,interpolated_adjacent_idle_blocks,900.8574645325924,0.2228741871678853,14.84743201385446,67.35171436157299,,,,,,,valid
296,inference,88.0,3,2026-09-09T12:27:10.866579+09:00,2026-09-09T12:28:10.872159+09:00,60.005553,3895,291.0,23.219822149450604,6.31007909809791,interpolated_adjacent_idle_blocks,1014.6784828843256,0.2605079545274263,15.405790269577263,64.91065907698092,,,,,,,valid
297,inference,89.0,1,2026-09-09T12:28:17.164847+09:00,2026-09-09T12:29:17.167251+09:00,60.002341,23274,292.0,22.426017501365127,6.314899692699313,interpolated_adjacent_idle_blocks,966.7047846467387,0.0415358247248749,2.578084596545757,387.8848666718884,,,,,,,valid
298,inference,89.0,2,2026-09-09T12:30:17.717375+09:00,2026-09-09T12:31:17.717852+09:00,60.00044,22997,291.0,24.07882246936845,6.323665293362622,interpolated_adjacent_idle_blocks,1065.3172428295074,0.0463241832773625,2.609055094142547,383.2805226095254,,,,,,,valid
299,inference,89.0,3,2026-09-09T12:32:18.201386+09:00,2026-09-09T12:33:18.203149+09:00,60.001738,24436,291.0,20.417786977186008,6.332426028781247,interpolated_adjacent_idle_blocks,845.1461372616142,0.0345861080889513,2.455464785562387,407.2548732442787,,,,,,,valid
300,inference,90.0,1,2026-09-09T12:33:24.571473+09:00,2026-09-09T12:34:24.574711+09:00,60.003193,11862,293.0,19.87622973181235,6.337252014601607,interpolated_adjacent_idle_blocks,812.3818929884958,0.068486081014036,5.05843813859369,197.68947896593488,,,,,,,valid
301,inference,90.0,2,2026-09-09T12:35:25.551938+09:00,2026-09-09T12:36:25.554207+09:00,60.002242,11953,293.0,20.2278851085417,6.346048766429265,interpolated_adjacent_idle_blocks,832.9413036038252,0.0696847070696749,5.019847946122215,199.2092212220274,,,,,,,valid
302,inference,90.0,3,2026-09-09T12:37:26.530550+09:00,2026-09-09T12:38:26.532122+09:00,60.001543,11944,293.0,20.347470068716696,6.354845393403043,interpolated_adjacent_idle_blocks,839.5790711386932,0.0702929563913842,5.023571893838201,199.0615484624749,,,,,,,valid
303,idle,,1,2026-09-09T12:38:31.822336+09:00,2026-09-09T12:39:31.822995+09:00,60.000597,0,290.0,6.489032727405928,,,,,,,,,,,,,valid
304,idle,,2,2026-09-09T12:40:31.824534+09:00,2026-09-09T12:41:31.824967+09:00,60.000401,0,290.0,6.3490443076197005,,,,,,,,,,,,,valid
305,idle,,3,2026-09-09T12:42:31.826797+09:00,2026-09-09T12:43:31.827162+09:00,60.000333,0,290.0,6.234156861698844,,,,,,,,,,,,,valid
306,inference,91.0,1,2026-09-09T12:43:37.210934+09:00,2026-09-09T12:44:37.211005+09:00,60.000029,183408,293.0,18.48515224835871,6.355960273738172,interpolated_adjacent_idle_blocks,727.7518702237994,0.0039679396221746,0.3271396531230866,3056.7984970741195,,,,,,,valid
307,inference,91.0,2,2026-09-09T12:45:37.277694+09:00,2026-09-09T12:46:37.277909+09:00,60.000188,183827,292.0,18.852422104901407,6.351035908422552,interpolated_adjacent_idle_blocks,750.0855220493363,0.0040803882022191,0.3263948620170075,3063.773718190125,,,,,,,valid
308,inference,91.0,3,2026-09-09T12:47:37.344018+09:00,2026-09-09T12:48:37.344045+09:00,60.0,183664,293.0,18.5439219618626,6.346111567807142,interpolated_adjacent_idle_blocks,731.8686236433273,0.0039848235018475,0.3266835111943319,3061.0666462597715,,,,,,,valid
309,inference,92.0,1,2026-09-09T12:48:42.723368+09:00,2026-09-09T12:49:42.723452+09:00,60.000044,198203,291.0,18.298501049120524,6.34343012831416,interpolated_adjacent_idle_blocks,717.3047812715024,0.0036190409896495,0.302720162156957,3303.3808943373624,,,,,,,valid
310,inference,92.0,2,2026-09-09T12:50:42.785141+09:00,2026-09-09T12:51:42.785419+09:00,60.000251,199407,291.0,17.775300661190286,6.338505966516149,interpolated_adjacent_idle_blocks,686.2105523159166,0.0034412560858742,0.3008934039426783,3323.436096959124,,,,,,,valid
311,inference,92.0,3,2026-09-09T12:52:42.846637+09:00,2026-09-09T12:53:42.846861+09:00,60.0002,199675,291.0,17.808572757200754,6.333581821165389,interpolated_adjacent_idle_blocks,688.5017511603089,0.0034481119377003,0.3004892936021031,3327.905590287564,,,,,,,valid
312,inference,93.0,1,2026-09-09T12:53:48.184729+09:00,2026-09-09T12:54:48.184870+09:00,60.000101,496126,293.0,18.21646304380413,6.3309020766779,interpolated_adjacent_idle_blocks,713.1348584692314,0.001437406744394,0.1209372240116408,8268.75272003717,,,,,,,valid
313,inference,93.0,2,2026-09-09T12:55:48.210775+09:00,2026-09-09T12:56:48.210817+09:00,60.000017,498783,293.0,18.44977512501215,6.325979386185179,interpolated_adjacent_idle_blocks,727.4279504341457,0.0014584056602453,0.1202928257378498,8313.047713911608,,,,,,,valid
314,inference,93.0,3,2026-09-09T12:57:48.236598+09:00,2026-09-09T12:58:48.236714+09:00,60.000093,500075,293.0,18.24709104482732,6.321056701275919,interpolated_adjacent_idle_blocks,715.5631697342783,0.0014309117027131,0.1199821878718178,8334.570470313,,,,,,,valid
315,inference,94.0,1,2026-09-09T12:58:53.666384+09:00,2026-09-09T12:59:53.666873+09:00,60.000447,108255,292.0,18.383897608907915,6.3183731867599136,interpolated_adjacent_idle_blocks,723.9368586182968,0.0066873295332159,0.5542510498360499,1804.2365464094385,,,,,,,valid
316,inference,94.0,2,2026-09-09T13:00:53.779899+09:00,2026-09-09T13:01:53.779937+09:00,60.000011,108835,293.0,19.68883617904272,6.313446916056762,interpolated_adjacent_idle_blocks,802.5235029084392,0.0073737630625115,0.5512933412964782,1813.9163401616588,,,,,,,valid
317,inference,94.0,3,2026-09-09T13:02:53.889840+09:00,2026-09-09T13:03:53.889974+09:00,60.000107,109151,293.0,19.6133266206604,6.308520780725626,interpolated_adjacent_idle_blocks,798.2897740103115,0.0073136276718519,0.5496981914962037,1819.1800800328924,,,,,,,valid
318,inference,95.0,1,2026-09-09T13:03:59.286057+09:00,2026-09-09T13:04:59.286158+09:00,60.000059,167029,292.0,19.239443831872343,6.305838651308635,interpolated_adjacent_idle_blocks,776.017073916528,0.0046460020350749,0.3592194133952858,2783.81391069084,,,,,,,valid
319,inference,95.0,2,2026-09-09T13:05:59.357953+09:00,2026-09-09T13:06:59.358117+09:00,60.000137,168175,293.0,18.54243883867846,6.300914077009287,interpolated_adjacent_idle_blocks,734.4931627890428,0.0043674337017335,0.3567720368663892,2802.9102526734714,,,,,,,valid
320,inference,95.0,3,2026-09-09T13:07:59.430831+09:00,2026-09-09T13:08:59.431001+09:00,60.000143,168123,293.0,19.413221779657803,6.29598946361594,interpolated_adjacent_idle_blocks,787.0358147267331,0.0046813096050316,0.356882419419144,2802.043321796528,,,,,,,valid
321,inference,96.0,1,2026-09-09T13:09:04.767209+09:00,2026-09-09T13:10:04.767268+09:00,60.00002,1079333,292.0,18.156033316355305,6.293309790002215,interpolated_adjacent_idle_blocks,711.763648835656,0.0006594476855943,0.0555899061735358,17988.877277077678,,,,,,,valid
322,inference,96.0,2,2026-09-09T13:11:04.780821+09:00,2026-09-09T13:12:04.780871+09:00,60.000011,1087974,293.0,18.158663815851217,6.288387607614139,interpolated_adjacent_idle_blocks,712.216703067263,0.0006546265839691,0.0551483869099787,18132.896645414963,,,,,,,valid
323,inference,96.0,3,2026-09-09T13:13:04.793519+09:00,2026-09-09T13:14:04.793557+09:00,60.000014,1089887,292.0,18.21516435905528,6.283465462775077,interpolated_adjacent_idle_blocks,715.9021008205965,0.0006568590145772,0.055051591220002,18164.77921598507,,,,,,,valid
324,inference,97.0,1,2026-09-09T13:14:10.225765+09:00,2026-09-09T13:15:10.226018+09:00,60.000211,113992,291.0,17.635110989448858,6.280781850602302,interpolated_adjacent_idle_blocks,681.2621440942418,0.0059764031168348,0.5263545801459836,1899.859975993088,,,,,,,valid
325,inference,97.0,2,2026-09-09T13:16:10.333214+09:00,2026-09-09T13:17:10.333747+09:00,60.000478,114905,293.0,18.95860161533333,6.2758558137102085,interpolated_adjacent_idle_blocks,760.9708104498804,0.0066226083325345,0.5221746477524998,1915.068079816046,,,,,,,valid
326,inference,97.0,3,2026-09-09T13:18:10.438751+09:00,2026-09-09T13:19:10.438790+09:00,60.00001,115112,292.0,19.11130798735596,6.270929871091562,interpolated_adjacent_idle_blocks,770.4228153796449,0.0066928106138338,0.5212315822850385,1918.5330167755344,,,,,,,valid
327,inference,98.0,1,2026-09-09T13:19:15.851736+09:00,2026-09-09T13:20:15.851781+09:00,60.000003,115630,293.0,18.56320592659263,6.268247053168428,interpolated_adjacent_idle_blocks,737.6975692903288,0.0063798112020265,0.5188965035026032,1927.1665799439777,,,,,,,valid
328,inference,98.0,2,2026-09-09T13:21:15.954987+09:00,2026-09-09T13:22:15.955364+09:00,60.000351,116080,292.0,18.76686727422978,6.263321187378583,interpolated_adjacent_idle_blocks,750.2171539557485,0.0064629320637125,0.5168879272915176,1934.655361830523,,,,,,,valid
329,inference,98.0,3,2026-09-09T13:23:16.059124+09:00,2026-09-09T13:24:16.059478+09:00,60.000328,116233,293.0,18.83510263775052,6.258395292527367,interpolated_adjacent_idle_blocks,754.6065658733985,0.0064921886716629,0.5162073430093231,1937.206073378036,,,,,,,valid
330,inference,99.0,1,2026-09-09T13:24:21.788503+09:00,2026-09-09T13:25:21.790020+09:00,60.001442,29365,293.0,19.50653847492128,6.255699474441496,interpolated_adjacent_idle_blocks,795.0694477386259,0.0270754111268049,2.043297885237407,489.4049013728666,,,,,,,valid
331,inference,99.0,2,2026-09-09T13:26:22.190107+09:00,2026-09-09T13:27:22.191380+09:00,60.00124,29439,293.0,19.820902454057716,6.250761383944492,interpolated_adjacent_idle_blocks,814.2252911817202,0.0276580485472237,2.03815481164446,490.6398641981286,,,,,,,valid
332,inference,99.0,3,2026-09-09T13:28:22.586886+09:00,2026-09-09T13:29:22.587223+09:00,60.000311,29533,293.0,19.80201742373603,6.245823505530967,interpolated_adjacent_idle_blocks,813.3758510686123,0.0275412538878072,2.0316361730944,492.2141145365082,,,,,,,valid
333,inference,100.0,1,2026-09-09T13:29:28.005543+09:00,2026-09-09T13:30:28.005789+09:00,60.000197,124004,292.0,17.183386287209313,6.243140456964972,interpolated_adjacent_idle_blocks,656.4169050430892,0.0052935139595746,0.4838569481629135,2066.726547581378,,,,,,,valid
334,inference,100.0,2,2026-09-09T13:31:28.102115+09:00,2026-09-09T13:32:28.102509+09:00,60.000363,125605,293.0,18.354372894949925,6.238214868871595,interpolated_adjacent_idle_blocks,726.9738797300631,0.0057877781913941,0.4776908777517152,2093.404012039268,,,,,,,valid
335,inference,100.0,3,2026-09-09T13:33:28.199536+09:00,2026-09-09T13:34:28.199838+09:00,60.000275,124766,293.0,18.157921366672905,6.233289250885683,interpolated_adjacent_idle_blocks,715.4812062210652,0.0057345847925,0.4809024525912633,2079.423788778089,,,,,,,valid
336,idle,,1,2026-09-09T13:34:33.486280+09:00,2026-09-09T13:35:33.486669+09:00,60.00031,0,291.0,6.427443765088624,,,,,,,,,,,,,valid
337,idle,,2,2026-09-09T13:36:33.488861+09:00,2026-09-09T13:37:33.489153+09:00,60.000261,0,290.0,6.106768921370955,,,,,,,,,,,,,valid
338,idle,,3,2026-09-09T13:38:33.490329+09:00,2026-09-09T13:39:33.490844+09:00,60.000486,0,292.0,6.161313487106413,,,,,,,,,,,,,valid
339,idle,,1,2026-09-09T19:23:44.632908+09:00,2026-09-09T19:24:44.635193+09:00,60.000708,0,290.0,6.268366040770734,,,,,,,,,,,,,valid
340,idle,,2,2026-09-09T19:25:44.638627+09:00,2026-09-09T19:26:44.638873+09:00,60.000212,0,289.0,6.188160406623518,,,,,,,,,,,,,valid
341,idle,,3,2026-09-09T19:27:44.640305+09:00,2026-09-09T19:28:44.641046+09:00,60.000704,0,292.0,5.67815137137922,,,,,,,,,,,,,valid
342,inference,101.0,1,2026-09-09T19:28:50.988809+09:00,2026-09-09T19:29:50.990979+09:00,60.002125,16085,293.0,22.401870931162428,6.0415563150728415,interpolated_adjacent_idle_blocks,981.6536426339344,0.0610291353828992,3.730315536213868,268.07383726443766,,,,,,,valid
343,inference,101.0,2,2026-09-09T19:30:51.730773+09:00,2026-09-09T19:31:51.733920+09:00,60.00312,15950,293.0,22.168837514709026,6.03047521288017,interpolated_adjacent_idle_blocks,968.3520898001128,0.0607117297680321,3.7619511034482858,265.81951027576577,,,,,,,valid
344,inference,101.0,3,2026-09-09T19:32:52.576698+09:00,2026-09-09T19:33:52.579145+09:00,60.002412,15831,293.0,22.25247449881858,6.019384646675527,interpolated_adjacent_idle_blocks,974.0245453413064,0.0615264067551832,3.790184574568873,263.8393936563758,,,,,,,valid
345,inference,102.0,1,2026-09-09T19:33:58.006410+09:00,2026-09-09T19:34:58.006669+09:00,60.000213,101592,293.0,21.480062642952948,6.01337995498561,interpolated_adjacent_idle_blocks,928.0042556814528,0.0091346194157163,0.5905997834475174,1693.1939835173732,,,,,,,valid
346,inference,102.0,2,2026-09-09T19:35:58.128590+09:00,2026-09-09T19:36:58.128862+09:00,60.000245,100573,291.0,24.012932356706408,6.002355777514508,interpolated_adjacent_idle_blocks,1080.6390073427758,0.0107448222419812,0.596584025533693,1676.20981655588,,,,,,,valid
347,inference,102.0,3,2026-09-09T19:37:58.246686+09:00,2026-09-09T19:38:58.247231+09:00,60.00052,102663,294.0,19.94717452319715,5.9913319629363615,interpolated_adjacent_idle_blocks,837.3578106537784,0.0081563738703698,0.5844415193399768,1711.0351795836184,,,,,,,valid
348,inference,103.0,1,2026-09-09T19:39:04.673150+09:00,2026-09-09T19:40:04.674523+09:00,60.00133,11195,293.0,21.827672221690136,5.9852356562120335,interpolated_adjacent_idle_blocks,950.5672643693184,0.0849099834184295,5.35965432782492,186.57919687253872,,,,,,,valid
349,inference,103.0,2,2026-09-09T19:41:05.731272+09:00,2026-09-09T19:42:05.735146+09:00,60.003847,11220,293.0,21.731883599369407,5.974125468799917,interpolated_adjacent_idle_blocks,945.5261079296976,0.0842714891202939,5.34793642602495,186.98801188691144,,,,,,,valid
350,inference,103.0,3,2026-09-09T19:43:06.794195+09:00,2026-09-09T19:44:06.797844+09:00,60.003624,11085,293.0,21.78621546893412,5.963014965866763,interpolated_adjacent_idle_blocks,949.4493734626644,0.0856517251657793,5.413046847090659,184.73884085031855,,,,,,,valid
351,inference,104.0,1,2026-09-09T19:44:12.280122+09:00,2026-09-09T19:45:12.280435+09:00,60.000239,73587,293.0,19.88596136206663,5.957005167724845,interpolated_adjacent_idle_blocks,835.7407006810377,0.0113571785869927,0.8153646595186667,1226.4451105721566,,,,,,,valid
352,inference,104.0,2,2026-09-09T19:46:12.445587+09:00,2026-09-09T19:47:12.445817+09:00,60.000198,73307,292.0,19.65013111447332,5.945977022215653,interpolated_adjacent_idle_blocks,822.2519589579704,0.0112165544758068,0.8184784277081321,1221.7792994253457,,,,,,,valid
353,inference,104.0,3,2026-09-09T19:48:12.610060+09:00,2026-09-09T19:49:12.610903+09:00,60.0008,73714,293.0,21.73491977670944,5.934948935806483,interpolated_adjacent_idle_blocks,948.01089043085,0.0128606627022119,0.8139674892150757,1228.5502962339676,,,,,,,valid
354,inference,105.0,1,2026-09-09T19:49:18.057786+09:00,2026-09-09T19:50:18.057919+09:00,60.000093,106970,294.0,19.113464703825983,5.928942523060893,interpolated_adjacent_idle_blocks,791.0725570064684,0.0073952749089134,0.5609057997569409,1782.8305580604322,,,,,,,valid
355,inference,105.0,2,2026-09-09T19:51:18.172444+09:00,2026-09-09T19:52:18.172865+09:00,60.000395,107154,293.0,20.606332422718687,5.9179190233036,interpolated_adjacent_idle_blocks,881.3106058881979,0.0082247102850868,0.5599454570058023,1785.8882280201046,,,,,,,valid
356,inference,105.0,3,2026-09-09T19:53:18.285708+09:00,2026-09-09T19:54:18.285984+09:00,60.000251,106490,294.0,19.530238733945588,5.906895671372946,interpolated_adjacent_idle_blocks,817.4040032134671,0.0076758756992531,0.5634355432434964,1774.8259086449507,,,,,,,valid
357,inference,106.0,1,2026-09-09T19:54:23.674943+09:00,2026-09-09T19:55:23.675305+09:00,60.000309,165849,293.0,20.140608277982697,5.9008945901014345,interpolated_adjacent_idle_blocks,854.3872213444054,0.0051515970632587,0.3617767318464397,2764.1357554870656,,,,,,,valid
358,inference,106.0,2,2026-09-09T19:56:23.750293+09:00,2026-09-09T19:57:23.750328+09:00,60.000003,166031,292.0,19.940949196492024,5.889874726056744,interpolated_adjacent_idle_blocks,843.0645103793403,0.0050777536145619,0.3613783179044866,2767.183171914324,,,,,,,valid
359,inference,106.0,3,2026-09-09T19:58:23.825084+09:00,2026-09-09T19:59:23.825166+09:00,60.000054,164762,293.0,19.771623933806826,5.878854896146091,interpolated_adjacent_idle_blocks,833.566892469172,0.0050592180992532,0.3641619657445281,2746.030871058989,,,,,,,valid
360,inference,107.0,1,2026-09-09T19:59:29.607665+09:00,2026-09-09T20:00:29.609032+09:00,60.001326,25645,293.0,22.253052508828382,5.872817660649147,interpolated_adjacent_idle_blocks,982.8358110821628,0.0383246563104762,2.339689046597768,427.4072238164037,,,,,,,valid
361,inference,107.0,2,2026-09-09T20:01:30.064508+09:00,2026-09-09T20:02:30.066030+09:00,60.001495,25733,293.0,21.66948716164058,5.861762763069493,interpolated_adjacent_idle_blocks,948.487096462241,0.0368587843027334,2.3316945245404788,428.8726458269984,,,,,,,valid
362,inference,107.0,3,2026-09-09T20:03:30.523248+09:00,2026-09-09T20:04:30.524375+09:00,60.001095,25766,293.0,22.171166597126117,5.850707716656682,interpolated_adjacent_idle_blocks,979.24540373064,0.0380053327536536,2.328692641465488,429.4254991808117,,,,,,,valid
363,inference,108.0,1,2026-09-09T20:04:36.121077+09:00,2026-09-09T20:05:36.121345+09:00,60.000226,42131,293.0,20.461201562579685,5.844687535071861,interpolated_adjacent_idle_blocks,876.9941449826395,0.0208158872322669,1.424134867437278,702.1806872824438,,,,,,,valid
364,inference,108.0,2,2026-09-09T20:06:36.405827+09:00,2026-09-09T20:07:36.405874+09:00,60.000019,42233,294.0,21.36738992832685,5.833648448553393,interpolated_adjacent_idle_blocks,932.0247839274956,0.022068637888085,1.4206904316529745,703.8831104370142,,,,,,,valid
365,inference,108.0,3,2026-09-09T20:08:36.690631+09:00,2026-09-09T20:09:36.692040+09:00,60.001383,41900,293.0,20.472322480530256,5.822609284423751,interpolated_adjacent_idle_blocks,879.0030523197404,0.0209785931341226,1.4320139045346048,698.3172417763593,,,,,,,valid
366,inference,109.0,1,2026-09-09T20:09:42.790239+09:00,2026-09-09T20:10:42.790840+09:00,60.00056,15411,294.0,21.89102488798332,5.816543049895807,interpolated_adjacent_idle_blocks,964.47791199508,0.0625837331772811,3.893359269353056,256.8476040399339,,,,,,,valid
367,inference,109.0,2,2026-09-09T20:11:43.563346+09:00,2026-09-09T20:12:43.565930+09:00,60.002558,15450,293.0,21.615992793088544,5.805459043421689,interpolated_adjacent_idle_blocks,948.672468325343,0.0614027487589218,3.883660705501607,257.4890228138098,,,,,,,valid
368,inference,109.0,3,2026-09-09T20:13:44.323675+09:00,2026-09-09T20:14:44.325109+09:00,60.00141,15406,293.0,22.04438026770317,5.794376353405496,interpolated_adjacent_idle_blocks,975.0231473633796,0.063288533517031,3.8946780215500447,256.76063450349346,,,,,,,valid
369,inference,110.0,1,2026-09-09T20:14:49.674019+09:00,2026-09-09T20:15:49.674210+09:00,60.000148,400246,292.0,19.885731296571368,5.788378902288866,interpolated_adjacent_idle_blocks,845.8432300651045,0.0021133083905026,0.1499081764714702,6670.750212149468,,,,,,,valid
370,inference,110.0,2,2026-09-09T20:16:49.706639+09:00,2026-09-09T20:17:49.706785+09:00,60.00012,401327,293.0,20.161395994450658,5.777362946854031,interpolated_adjacent_idle_blocks,863.0437089397633,0.0021504750713003,0.1495043201678424,6688.769922349672,,,,,,,valid
371,inference,110.0,3,2026-09-09T20:18:49.738965+09:00,2026-09-09T20:19:49.739008+09:00,60.000018,402366,293.0,20.08720547817674,5.766347021045791,interpolated_adjacent_idle_blocks,859.2517652033093,0.0021354979426773,0.1491180114622011,6706.098010524254,,,,,,,valid
372,idle,,1,2026-09-09T20:19:55.018462+09:00,2026-09-09T20:20:55.019129+09:00,60.000603,0,293.0,5.951596432896526,,,,,,,,,,,,,valid
373,idle,,2,2026-09-09T20:21:55.020843+09:00,2026-09-09T20:22:55.021265+09:00,60.000383,0,292.0,5.661708003263768,,,,,,,,,,,,,valid
374,idle,,3,2026-09-09T20:23:55.023091+09:00,2026-09-09T20:24:55.023499+09:00,60.000378,0,292.0,5.676022638930248,,,,,,,,,,,,,valid
375,inference,111.0,1,2026-09-09T20:25:00.965141+09:00,2026-09-09T20:26:00.966471+09:00,60.001289,19186,294.0,22.46761816902113,5.764664993167084,interpolated_adjacent_idle_blocks,1002.1987206578864,0.0522359387395958,3.12734748253931,319.759798226205,,,,,,,valid
376,inference,111.0,2,2026-09-09T20:27:01.580697+09:00,2026-09-09T20:28:01.583787+09:00,60.003063,19110,291.0,20.92225330996888,5.7698857836087605,interpolated_adjacent_idle_blocks,909.1884632833404,0.0475765810195363,3.139877687074819,318.48374352811896,,,,,,,valid
377,inference,111.0,3,2026-09-09T20:29:02.206507+09:00,2026-09-09T20:30:02.208935+09:00,60.002399,18965,293.0,21.884758310722265,5.775106965468855,interpolated_adjacent_idle_blocks,966.6177277687818,0.0509685066052613,3.163849122066947,316.0706978804029,,,,,,,valid
378,inference,112.0,1,2026-09-09T20:30:10.906723+09:00,2026-09-09T20:31:10.916625+09:00,60.00986,3562,293.0,21.71089848467724,5.778080763677076,interpolated_adjacent_idle_blocks,956.1261608427392,0.2684239643017235,16.84723759124104,59.35691205066787,,,,,,,valid
379,inference,112.0,2,2026-09-09T20:32:14.197168+09:00,2026-09-09T20:33:14.202922+09:00,60.005727,3566,294.0,21.8073644534358,5.783417206790944,interpolated_adjacent_idle_blocks,961.5286039445728,0.2696378586496278,16.827180762759493,59.42766135924066,,,,,,,valid
380,inference,112.0,3,2026-09-09T20:34:17.494059+09:00,2026-09-09T20:35:17.500549+09:00,60.006462,3568,293.0,21.83586620579526,5.788754034605062,interpolated_adjacent_idle_blocks,962.930426710262,0.269879603898616,16.817954484304924,59.4602631927226,,,,,,,valid
381,inference,113.0,1,2026-09-09T20:35:22.862710+09:00,2026-09-09T20:36:22.862975+09:00,60.000225,236615,293.0,19.873572589109312,5.791583332090768,interpolated_adjacent_idle_blocks,844.9225238686954,0.0035708747284352,0.2535774342286007,3943.568571241624,,,,,,,valid
382,inference,113.0,2,2026-09-09T20:37:22.916056+09:00,2026-09-09T20:38:22.916303+09:00,60.00022,236388,293.0,19.75479385196968,5.796779749215374,interpolated_adjacent_idle_blocks,837.4839169283607,0.0035428360023705,0.2538209194206163,3939.785586951019,,,,,,,valid
383,inference,113.0,3,2026-09-09T20:39:22.969902+09:00,2026-09-09T20:40:22.970097+09:00,60.00017,235822,292.0,19.959955967669536,5.801976187258148,interpolated_adjacent_idle_blocks,849.4811936812459,0.003602213507142,0.2544299077270174,3930.355550311006,,,,,,,valid
384,inference,114.0,1,2026-09-09T20:40:29.713422+09:00,2026-09-09T20:41:29.720377+09:00,60.006912,8475,292.0,21.74344485703189,5.804865275911866,interpolated_adjacent_idle_blocks,956.424942329266,0.1128525005698249,7.080461557522156,141.23373058040514,,,,,,,valid
385,inference,114.0,2,2026-09-09T20:42:31.108772+09:00,2026-09-09T20:43:31.115703+09:00,60.006888,8511,294.0,21.989110105046063,5.810119780534896,interpolated_adjacent_idle_blocks,970.8508603560254,0.1140701281113882,7.050509740335953,141.83371654378433,,,,,,,valid
386,inference,114.0,3,2026-09-09T20:44:32.515343+09:00,2026-09-09T20:45:32.519292+09:00,60.003915,8454,293.0,21.907138678642195,5.815374706833898,interpolated_adjacent_idle_blocks,965.5688375644472,0.1142144354819549,7.097695197539618,140.8908064052462,,,,,,,valid
387,inference,115.0,1,2026-09-09T20:45:38.162963+09:00,2026-09-09T20:46:38.164359+09:00,60.001355,39307,291.0,21.65034364823255,5.81821615874435,interpolated_adjacent_idle_blocks,949.9491019020404,0.0241674282418409,1.526480146029974,655.1018711909038,,,,,,,valid
388,inference,115.0,2,2026-09-09T20:47:38.462972+09:00,2026-09-09T20:48:38.464192+09:00,60.001179,39644,293.0,20.802556005503888,5.823423249076995,interpolated_adjacent_idle_blocks,898.7656257831336,0.0226709117592355,1.513499611542719,660.7203545831732,,,,,,,valid
389,inference,115.0,3,2026-09-09T20:49:38.767498+09:00,2026-09-09T20:50:38.767781+09:00,60.000258,39608,293.0,22.140519792962287,5.828630518457588,interpolated_adjacent_idle_blocks,978.7175649377148,0.0247100980846726,1.514851999596042,660.1304947722055,,,,,,,valid
390,inference,116.0,1,2026-09-09T20:50:44.580326+09:00,2026-09-09T20:51:44.582752+09:00,60.002382,24124,293.0,22.3353760278993,5.831479222903761,interpolated_adjacent_idle_blocks,990.2731205819218,0.0410492920154999,2.487248474548142,402.0507039135565,,,,,,,valid
391,inference,116.0,2,2026-09-09T20:52:45.069253+09:00,2026-09-09T20:53:45.069517+09:00,60.000237,24193,293.0,22.36924897716136,5.836694447420729,interpolated_adjacent_idle_blocks,991.9571899998614,0.0410018265613963,2.4800659984293243,403.2150759831876,,,,,,,valid
392,inference,116.0,3,2026-09-09T20:54:45.554307+09:00,2026-09-09T20:55:45.554764+09:00,60.00043,24193,292.0,22.367179476839127,5.841909555262419,interpolated_adjacent_idle_blocks,991.5233011606688,0.0409838920828615,2.480073984210317,403.21377763994855,,,,,,,valid
393,inference,117.0,1,2026-09-09T20:55:51.296514+09:00,2026-09-09T20:56:51.296731+09:00,60.000172,27824,293.0,20.358341571314572,5.844755151364007,interpolated_adjacent_idle_blocks,870.8176815338984,0.0312973577319543,2.1564179161874595,463.7320031953718,,,,,,,valid
394,inference,117.0,2,2026-09-09T20:57:51.745322+09:00,2026-09-09T20:58:51.746427+09:00,60.001078,27865,292.0,21.40516966563554,5.849968705368795,interpolated_adjacent_idle_blocks,933.3288261226398,0.0334946644939041,2.153277520186617,464.4083220231331,,,,,,,valid
395,inference,117.0,3,2026-09-09T20:59:52.172210+09:00,2026-09-09T21:00:52.172686+09:00,60.000452,27915,293.0,20.63069303674928,5.855181277767727,interpolated_adjacent_idle_blocks,886.5373840702084,0.0317584590388754,2.149398241089001,465.2464959184791,,,,,,,valid
396,inference,118.0,1,2026-09-09T21:00:57.655741+09:00,2026-09-09T21:01:57.655878+09:00,60.00009,74451,293.0,19.70283765875033,5.858015675116853,interpolated_adjacent_idle_blocks,830.6905650519873,0.0111575474480126,0.8059003975769259,1240.8481283874123,,,,,,,valid
397,inference,118.0,2,2026-09-09T21:02:57.816091+09:00,2026-09-09T21:03:57.816373+09:00,60.000251,74875,293.0,21.128941443321366,5.863216727374841,interpolated_adjacent_idle_blocks,915.9473146536952,0.0122330192274283,0.8013389048414054,1247.9114566363307,,,,,,,valid
398,inference,118.0,3,2026-09-09T21:04:57.975882+09:00,2026-09-09T21:05:57.976663+09:00,60.000751,74958,293.0,21.88506450026676,5.868417763079923,interpolated_adjacent_idle_blocks,961.0108327329098,0.0128206573378813,0.8004582659622725,1249.284369370398,,,,,,,valid
399,inference,119.0,1,2026-09-09T21:06:03.430740+09:00,2026-09-09T21:07:03.431145+09:00,60.000365,93593,290.0,19.781951600959346,5.871250918548364,interpolated_adjacent_idle_blocks,834.6471183504079,0.0089178370001005,0.6410774790849809,1559.8738570996354,,,,,,,valid
400,inference,119.0,2,2026-09-09T21:08:03.559430+09:00,2026-09-09T21:09:03.559879+09:00,60.000422,93704,292.0,19.817207426203087,5.876450598225827,interpolated_adjacent_idle_blocks,836.451292678017,0.0089265270711817,0.6403186800990326,1561.7223596308927,,,,,,,valid
401,inference,119.0,3,2026-09-09T21:10:03.688332+09:00,2026-09-09T21:11:03.688932+09:00,60.000572,93766,290.0,21.18779888659905,5.881650289399509,interpolated_adjacent_idle_blocks,918.37767094897,0.0097943569198746,0.6398968901307533,1562.7517736422585,,,,,,,valid
402,inference,120.0,1,2026-09-09T21:11:09.038534+09:00,2026-09-09T21:12:09.038613+09:00,60.000028,300365,292.0,19.900890361176955,5.88447891177642,interpolated_adjacent_idle_blocks,840.9850794235527,0.0027998770809633,0.1997570545835897,5006.081022192601,,,,,,,valid
403,inference,120.0,2,2026-09-09T21:13:09.080859+09:00,2026-09-09T21:14:09.081073+09:00,60.000185,300715,291.0,20.18821887693772,5.889674855182471,interpolated_adjacent_idle_blocks,857.915286535959,0.0028529181668222,0.1995250812230825,5011.90123001094,,,,,,,valid
404,inference,120.0,3,2026-09-09T21:15:09.122936+09:00,2026-09-09T21:16:09.123088+09:00,60.000124,299208,292.0,19.770418563623977,5.894870783593902,interpolated_adjacent_idle_blocks,832.5345873697293,0.0027824609882413,0.2005298117028966,4986.78970227924,,,,,,,valid
405,idle,,1,2026-09-09T21:16:14.400315+09:00,2026-09-09T21:17:14.401073+09:00,60.000697,0,292.0,6.010384724064181,,,,,,,,,,,,,valid
406,idle,,2,2026-09-09T21:18:14.402956+09:00,2026-09-09T21:19:14.403650+09:00,60.000664,0,293.0,6.091825879969488,,,,,,,,,,,,,valid
407,idle,,3,2026-09-09T21:20:14.405440+09:00,2026-09-09T21:21:14.406201+09:00,60.000732,0,294.0,5.586982888185649,,,,,,,,,,,,,valid
408,inference,121.0,1,2026-09-09T21:21:21.524198+09:00,2026-09-09T21:22:21.527924+09:00,60.003663,6697,293.0,22.505739442071555,5.896257804856196,interpolated_adjacent_idle_blocks,996.6297387641588,0.1488173419089381,8.959782424966487,111.60985307115205,,,,,,,valid
409,inference,121.0,2,2026-09-09T21:23:23.287304+09:00,2026-09-09T21:24:23.291927+09:00,60.004595,6697,290.0,22.436830555711044,5.895798795555344,interpolated_adjacent_idle_blocks,992.53791165028,0.1482063478647573,8.959921681349797,111.60811841486448,,,,,,,valid
410,inference,121.0,3,2026-09-09T21:25:25.039306+09:00,2026-09-09T21:26:25.046811+09:00,60.007478,6689,291.0,22.29701444033568,5.895339824372749,interpolated_adjacent_idle_blocks,984.2231286805538,0.1471405484647262,8.971068694872134,111.46943959660015,,,,,,,valid
411,inference,122.0,1,2026-09-09T21:26:30.419949+09:00,2026-09-09T21:27:30.420118+09:00,60.00012,266392,292.0,19.642576015188,5.89509337427757,interpolated_adjacent_idle_blocks,824.8506081525429,0.0030963790509945,0.225232440163366,4439.85777215164,,,,,,,valid
412,inference,122.0,2,2026-09-09T21:28:30.467774+09:00,2026-09-09T21:29:30.467960+09:00,60.000161,266138,291.0,19.440129808585347,5.894640832691621,interpolated_adjacent_idle_blocks,812.7315193773486,0.0030537973509132,0.2254475520218785,4435.621460653319,,,,,,,valid
413,inference,122.0,3,2026-09-09T21:30:30.515956+09:00,2026-09-09T21:31:30.516188+09:00,60.000206,265999,292.0,19.23832253710877,5.8941882897054025,interpolated_adjacent_idle_blocks,800.6508037358569,0.0030099767432804,0.2255655314493629,4433.301460442724,,,,,,,valid
414,inference,123.0,1,2026-09-09T21:31:36.180719+09:00,2026-09-09T21:32:36.181824+09:00,60.001058,35686,293.0,22.268811347214232,5.893940753096142,interpolated_adjacent_idle_blocks,982.509560260174,0.0275320730891714,1.681361262119594,594.7561791327097,,,,,,,valid
415,inference,123.0,2,2026-09-09T21:33:36.511346+09:00,2026-09-09T21:34:36.512232+09:00,60.000856,35811,292.0,22.099310946865547,5.893487145882419,interpolated_adjacent_idle_blocks,972.3633002441612,0.0271526430494585,1.6754867498813373,596.8414850614741,,,,,,,valid
416,inference,123.0,3,2026-09-09T21:35:36.852189+09:00,2026-09-09T21:36:36.852637+09:00,60.000422,35867,293.0,22.10900819257326,5.893033500570216,interpolated_adjacent_idle_blocks,972.9653246615026,0.027127033893593,1.6728586639529517,597.7791319423292,,,,,,,valid
417,inference,124.0,1,2026-09-09T21:36:42.511687+09:00,2026-09-09T21:37:42.512659+09:00,60.000933,36954,293.0,21.69883075896889,5.892785984467087,interpolated_adjacent_idle_blocks,948.3774335098826,0.0256637287847021,1.6236654408183335,615.8904259833208,,,,,,,valid
418,inference,124.0,2,2026-09-09T21:38:42.832590+09:00,2026-09-09T21:39:42.833620+09:00,60.001002,37101,293.0,22.507652296787484,5.892332413388056,interpolated_adjacent_idle_blocks,996.9358415544888,0.0268708617437397,1.6172340934206575,618.3396726969016,,,,,,,valid
419,inference,124.0,3,2026-09-09T21:40:43.153799+09:00,2026-09-09T21:41:43.154124+09:00,60.000302,37048,290.0,22.407444015500943,5.891878842593032,interpolated_adjacent_idle_blocks,990.9388980751568,0.0267474330078589,1.619528768084665,617.4635608249488,,,,,,,valid
420,inference,125.0,1,2026-09-09T21:41:52.307415+09:00,2026-09-09T21:42:52.325468+09:00,60.018002,3137,293.0,21.32848545676757,5.891618122366483,interpolated_adjacent_idle_blocks,926.489934549819,0.2953426632291422,19.13229273190984,52.267651034428695,,,,,,,valid
421,inference,125.0,2,2026-09-09T21:43:56.065889+09:00,2026-09-09T21:44:56.068540+09:00,60.002621,3147,293.0,21.36605003152656,5.891151621893726,interpolated_adjacent_idle_blocks,928.534464286702,0.2950538494714655,19.06660972354621,52.44770908406727,,,,,,,valid
422,inference,125.0,3,2026-09-09T21:45:59.778687+09:00,2026-09-09T21:46:59.783830+09:00,60.005114,3150,293.0,21.38759022758203,5.890685259876912,interpolated_adjacent_idle_blocks,929.893549234312,0.295204301344226,19.04924241269847,52.49552598130554,,,,,,,valid
423,inference,126.0,1,2026-09-09T21:47:05.152111+09:00,2026-09-09T21:48:05.152228+09:00,60.00003,209206,292.0,20.732617101738988,5.890438832640822,interpolated_adjacent_idle_blocks,890.531141411238,0.0042567189345011,0.2867988002256127,3486.764934906776,,,,,,,valid
424,inference,126.0,2,2026-09-09T21:49:05.210497+09:00,2026-09-09T21:50:05.210585+09:00,60.00006,215363,293.0,20.91306549418716,5.889986251330532,interpolated_adjacent_idle_blocks,901.3856559561524,0.0041854248685064,0.2785996661450646,3589.3797499359102,,,,,,,valid
425,inference,126.0,3,2026-09-09T21:51:05.270743+09:00,2026-09-09T21:52:05.270807+09:00,60.000039,213112,293.0,20.11797082404154,5.88953366299912,interpolated_adjacent_idle_blocks,853.7067845715945,0.0040059066808607,0.2815422843387473,3551.864340195576,,,,,,,valid
426,inference,127.0,1,2026-09-09T21:52:10.797638+09:00,2026-09-09T21:53:10.797902+09:00,60.000223,73265,293.0,21.91824184429504,5.889286647376498,interpolated_adjacent_idle_blocks,961.7408862721212,0.0131268803149132,0.8189479669692379,1221.0787990607016,,,,,,,valid
427,inference,127.0,2,2026-09-09T21:54:10.964023+09:00,2026-09-09T21:55:10.964086+09:00,60.000037,73452,293.0,20.090543019438734,5.888833659268064,interpolated_adjacent_idle_blocks,852.1030870734864,0.011600815322571,0.8168604939280046,1224.1992450771363,,,,,,,valid
428,inference,127.0,3,2026-09-09T21:56:11.130080+09:00,2026-09-09T21:57:11.130174+09:00,60.00007,73549,293.0,22.171911010005537,5.888380671959527,interpolated_adjacent_idle_blocks,977.0129601298844,0.0132838374434714,0.8157836231627837,1225.8152426779682,,,,,,,valid
429,inference,128.0,1,2026-09-09T21:57:16.882051+09:00,2026-09-09T21:58:16.883745+09:00,60.001634,27409,293.0,20.607491805657013,5.888132805235317,interpolated_adjacent_idle_blocks,883.1855914579085,0.0322224667612064,2.189121613338642,456.8042240809519,,,,,,,valid
430,inference,128.0,2,2026-09-09T21:59:17.315128+09:00,2026-09-09T22:00:17.316297+09:00,60.001142,27501,293.0,22.08857695978545,5.887678812394667,interpolated_adjacent_idle_blocks,972.0723902691308,0.0353468015806381,2.1817803825315307,458.34127394604906,,,,,,,valid
431,inference,128.0,3,2026-09-09T22:01:17.754173+09:00,2026-09-09T22:02:17.754218+09:00,60.000019,27447,293.0,21.806592836643087,5.887224798185073,interpolated_adjacent_idle_blocks,955.1623847754736,0.0348002471955213,2.1860319634203966,457.4498528536336,,,,,,,valid
432,inference,129.0,1,2026-09-09T22:02:23.174106+09:00,2026-09-09T22:03:23.174223+09:00,60.000076,120806,293.0,19.84485397820844,5.886978186018105,interpolated_adjacent_idle_blocks,837.4736083299804,0.0069323842220583,0.4966647037398802,2013.4307762762485,,,,,,,valid
433,inference,129.0,2,2026-09-09T22:04:23.273639+09:00,2026-09-09T22:05:23.273806+09:00,60.000141,121202,293.0,19.88347639479908,5.886525449445937,interpolated_adjacent_idle_blocks,839.8190302912718,0.0069290855785488,0.4950425025989657,2020.0285727993355,,,,,,,valid
434,inference,129.0,3,2026-09-09T22:06:23.373809+09:00,2026-09-09T22:07:23.374015+09:00,60.000182,121164,293.0,21.077617950690545,5.886072710494749,interpolated_adjacent_idle_blocks,911.4954792729816,0.0075228242652353,0.4951980943184512,2019.3938778708657,,,,,,,valid
435,inference,130.0,1,2026-09-09T22:07:28.782064+09:00,2026-09-09T22:08:28.782375+09:00,60.000244,138229,293.0,19.93535005859045,5.885826142287083,interpolated_adjacent_idle_blocks,842.9748630620377,0.0060983937022045,0.4340640784495336,2303.807317048616,,,,,,,valid
436,inference,130.0,2,2026-09-09T22:09:28.870816+09:00,2026-09-09T22:10:28.871077+09:00,60.000236,138871,292.0,19.8917367905452,5.885373446545632,interpolated_adjacent_idle_blocks,840.3851061417234,0.0060515522041443,0.4320573474663602,2314.507566794381,,,,,,,valid
437,inference,130.0,3,2026-09-09T22:11:28.960136+09:00,2026-09-09T22:12:28.960469+09:00,60.000309,138812,292.0,19.855926922322503,5.884920748433249,interpolated_adjacent_idle_blocks,838.2646874742629,0.0060388488565416,0.4322415122611835,2313.5214264097485,,,,,,,valid
438,idle,,1,2026-09-09T22:12:34.240513+09:00,2026-09-09T22:13:34.240697+09:00,60.000118,0,292.0,5.896965993801433,,,,,,,,,,,,,valid
439,idle,,2,2026-09-09T22:14:34.242452+09:00,2026-09-09T22:15:34.243077+09:00,60.000596,0,293.0,5.894144917569565,,,,,,,,,,,,,valid
440,idle,,3,2026-09-09T22:16:34.244988+09:00,2026-09-09T22:17:34.245493+09:00,60.000474,0,292.0,5.863252402136934,,,,,,,,,,,,,valid
441,inference,131.0,1,2026-09-09T22:17:39.615732+09:00,2026-09-09T22:18:39.615841+09:00,60.000067,230863,293.0,20.078089533303853,5.883861558748567,interpolated_adjacent_idle_blocks,851.6546294865916,0.0036890044289755,0.2598946873253859,3847.712357228791,,,,,,,valid
442,inference,131.0,2,2026-09-09T22:19:39.669792+09:00,2026-09-09T22:20:39.669943+09:00,60.000124,228540,293.0,20.434829484104352,5.880717862743199,interpolated_adjacent_idle_blocks,873.2485019915102,0.0038209875820053,0.2625366417257412,3808.992121734571,,,,,,,valid
443,inference,131.0,3,2026-09-09T22:21:39.723503+09:00,2026-09-09T22:22:39.723790+09:00,60.000262,230186,292.0,20.00237683996543,5.877574174641659,interpolated_adjacent_idle_blocks,847.4918606177245,0.0036817697888565,0.2606599089432018,3836.416593768938,,,,,,,valid
444,inference,132.0,1,2026-09-09T22:22:45.596269+09:00,2026-09-09T22:23:45.598557+09:00,60.002243,21865,293.0,21.9095062143437,5.875849226229254,interpolated_adjacent_idle_blocks,962.0553827794912,0.0439997888305278,2.7442141916305185,364.4030422442478,,,,,,,valid
445,inference,132.0,2,2026-09-09T22:24:46.155921+09:00,2026-09-09T22:25:46.157717+09:00,60.001769,21899,292.0,21.55632021315253,5.872692297956647,interpolated_adjacent_idle_blocks,941.0454192495351,0.042972072663114,2.7399319146993206,364.9725727253116,,,,,,,valid
446,inference,132.0,3,2026-09-09T22:26:46.694693+09:00,2026-09-09T22:27:46.696215+09:00,60.001498,21964,294.0,22.282711924358978,5.869535913574707,interpolated_adjacent_idle_blocks,984.8151475847204,0.044837695664939,2.731811049899868,366.05752804047495,,,,,,,valid
447,inference,133.0,1,2026-09-09T22:27:52.903476+09:00,2026-09-09T22:28:52.904015+09:00,60.000497,13626,293.0,22.23381853748031,5.867802205399715,interpolated_adjacent_idle_blocks,981.9691138349529,0.0720658383850691,4.403383010421264,227.0981192490752,,,,,,,valid
448,inference,133.0,2,2026-09-09T22:29:53.754623+09:00,2026-09-09T22:30:53.754727+09:00,60.000078,13687,294.0,22.48866683958346,5.86463764339139,interpolated_adjacent_idle_blocks,997.4430484458014,0.0728752135928838,4.383727478629292,228.1163701153889,,,,,,,valid
449,inference,133.0,3,2026-09-09T22:31:54.619303+09:00,2026-09-09T22:32:54.621272+09:00,60.001943,13673,292.0,22.09095266566058,5.861472696892481,interpolated_adjacent_idle_blocks,973.8003320056654,0.0712206781251858,4.3883524683683,227.87595281101596,,,,,,,valid
450,inference,134.0,1,2026-09-09T22:33:01.226080+09:00,2026-09-09T22:34:01.231996+09:00,60.005873,9416,293.0,21.72177172324971,5.859728502430731,interpolated_adjacent_idle_blocks,951.8157510289748,0.1010849353259319,6.372756287170748,156.9179731560016,,,,,,,valid
451,inference,134.0,2,2026-09-09T22:35:02.469622+09:00,2026-09-09T22:36:02.474011+09:00,60.004361,9445,292.0,22.16217702867094,5.856553679588251,interpolated_adjacent_idle_blocks,978.4085097683868,0.1035901016165576,6.353029264160991,157.40522488086862,,,,,,,valid
452,inference,134.0,3,2026-09-09T22:37:03.706347+09:00,2026-09-09T22:38:03.710050+09:00,60.003677,9455,293.0,22.17901999577238,5.85337902424322,interpolated_adjacent_idle_blocks,979.5984876736018,0.1036063974271392,6.346237662612326,157.5736764305745,,,,,,,valid
453,inference,135.0,1,2026-09-09T22:38:09.106281+09:00,2026-09-09T22:39:09.106359+09:00,60.000018,239452,293.0,20.08882463488992,5.8516665309133895,interpolated_adjacent_idle_blocks,854.2297425074378,0.003567436239862,0.2505722161435323,3990.8654494526313,,,,,,,valid
454,inference,135.0,2,2026-09-09T22:40:09.158775+09:00,2026-09-09T22:41:09.159014+09:00,60.000208,239914,292.0,20.92112062487423,5.848522874352239,interpolated_adjacent_idle_blocks,904.3590001316516,0.0037695132427938,0.2500904820060468,3998.55281168126,,,,,,,valid
455,inference,135.0,3,2026-09-09T22:42:09.211719+09:00,2026-09-09T22:43:09.211770+09:00,60.000019,238199,292.0,20.245265405720986,5.845379210580251,interpolated_adjacent_idle_blocks,863.9934453062817,0.003627191740126,0.2518903043253739,3969.982102638898,,,,,,,valid
456,inference,136.0,1,2026-09-09T22:43:16.787247+09:00,2026-09-09T22:44:16.787624+09:00,60.000336,5380,293.0,21.02518808262253,5.843609696140556,interpolated_adjacent_idle_blocks,910.8998041992564,0.1693122312638023,11.152478884758436,89.66616393837361,,,,,,,valid
457,inference,136.0,2,2026-09-09T22:45:18.951266+09:00,2026-09-09T22:46:18.953213+09:00,60.00192,5402,293.0,21.25460116010772,5.840410729448271,interpolated_adjacent_idle_blocks,924.8810210851937,0.1712108517373553,11.10735292484246,90.03045160862966,,,,,,,valid
458,inference,136.0,3,2026-09-09T22:47:21.116329+09:00,2026-09-09T22:48:21.118612+09:00,60.002258,5404,293.0,21.24028320694783,5.837211751574506,interpolated_adjacent_idle_blocks,924.2190674577456,0.1710249939781172,11.103304663212407,90.06327668493248,,,,,,,valid
459,inference,137.0,1,2026-09-09T22:48:27.045655+09:00,2026-09-09T22:49:27.045924+09:00,60.000219,20296,293.0,22.19968213784808,5.835485374667141,interpolated_adjacent_idle_blocks,981.8553895499476,0.0483767929419564,2.9562583316909894,338.2654314340644,,,,,,,valid
460,inference,137.0,2,2026-09-09T22:50:27.619575+09:00,2026-09-09T22:51:27.620801+09:00,60.001196,20352,292.0,21.839533728722223,5.8323280538003415,interpolated_adjacent_idle_blocks,960.4514851133002,0.0471919951411802,2.948171958529815,339.19324044404686,,,,,,,valid
461,inference,137.0,3,2026-09-09T22:52:28.194254+09:00,2026-09-09T22:53:28.196014+09:00,60.001731,20352,290.0,21.817788029901056,5.829170718599272,interpolated_adjacent_idle_blocks,959.344714974673,0.0471376137467901,2.9481982802672806,339.1902121011145,,,,,,,valid
462,inference,138.0,1,2026-09-09T22:53:33.687431+09:00,2026-09-09T22:54:33.687601+09:00,60.000121,69955,293.0,18.95195191339947,5.827455756984232,interpolated_adjacent_idle_blocks,787.4713574489492,0.0112568273525687,0.8576959631191464,1165.9143134629462,,,,,,,valid
463,inference,138.0,2,2026-09-09T22:55:33.859155+09:00,2026-09-09T22:56:33.859503+09:00,60.000318,70191,290.0,20.722472368191102,5.824308978093081,interpolated_adjacent_idle_blocks,893.8945410218396,0.0127351731849074,0.8548149777037098,1169.8437978781103,,,,,,,valid
464,inference,138.0,3,2026-09-09T22:57:34.033823+09:00,2026-09-09T22:58:34.034250+09:00,60.000397,70284,290.0,20.70407144820689,5.821162123397611,interpolated_adjacent_idle_blocks,892.9804680035584,0.0127053165443565,0.8536850108132497,1171.3922434310584,,,,,,,valid
465,inference,139.0,1,2026-09-09T22:58:39.545652+09:00,2026-09-09T22:59:39.546469+09:00,60.000777,60725,293.0,21.42158151346346,5.819446647453215,interpolated_adjacent_idle_blocks,936.1402148194056,0.015416059527697,0.9880737241663292,1012.0702287106494,,,,,,,valid
466,inference,139.0,2,2026-09-09T23:00:39.742007+09:00,2026-09-09T23:01:39.742246+09:00,60.000193,61347,292.0,22.75412327714551,5.816299233477714,interpolated_adjacent_idle_blocks,1016.2727116201085,0.0165659724455981,0.9780460870132252,1022.4467060175232,,,,,,,valid
467,inference,139.0,3,2026-09-09T23:02:39.937858+09:00,2026-09-09T23:03:39.938340+09:00,60.000456,61431,293.0,22.405193854926427,5.813151821949529,interpolated_adjacent_idle_blocks,995.5300879497808,0.0162056630683169,0.9767129901841272,1023.8422239182904,,,,,,,valid
468,inference,140.0,1,2026-09-09T23:03:47.785685+09:00,2026-09-09T23:04:47.787838+09:00,60.002104,4788,294.0,20.90390598763397,5.811375159566039,interpolated_adjacent_idle_blocks,905.583604368938,0.1891360911380405,12.5317678153717,79.7972013791527,,,,,,,valid
469,inference,140.0,2,2026-09-09T23:05:50.249730+09:00,2026-09-09T23:06:50.259209+09:00,60.009448,4808,294.0,21.104845209092492,5.8081682611337975,interpolated_adjacent_idle_blocks,917.9451398813262,0.1909203701916235,12.481166389351229,80.12071699109687,,,,,,,valid
470,inference,140.0,3,2026-09-09T23:07:52.719836+09:00,2026-09-09T23:08:52.720627+09:00,60.000761,4796,292.0,20.99275339276396,5.804961413651896,interpolated_adjacent_idle_blocks,911.2790766564198,0.1900081477598873,12.510584049207312,79.93231939186416,,,,,,,valid
471,idle,,1,2026-09-09T23:08:57.994119+09:00,2026-09-09T23:09:57.994777+09:00,60.000599,0,293.0,5.693038395714046,,,,,,,,,,,,,valid
472,idle,,2,2026-09-09T23:10:57.996652+09:00,2026-09-09T23:11:57.997074+09:00,60.00039,0,293.0,5.7658283957029965,,,,,,,,,,,,,valid
473,idle,,3,2026-09-09T23:12:57.999215+09:00,2026-09-09T23:13:57.999543+09:00,60.000227,0,293.0,5.953247230885537,,,,,,,,,,,,,valid
474,idle,,1,2026-09-09T23:49:49.400453+09:00,2026-09-09T23:50:49.400880+09:00,60.000365,0,291.0,5.919166666530955,,,,,,,,,,,,,valid
475,idle,,2,2026-09-09T23:51:49.402563+09:00,2026-09-09T23:52:49.402909+09:00,60.000314,0,290.0,6.005221212288977,,,,,,,,,,,,,valid
476,idle,,3,2026-09-09T23:53:49.404901+09:00,2026-09-09T23:54:49.405579+09:00,60.000632,0,290.0,5.893354963511686,,,,,,,,,,,,,valid
477,inference,141.0,1,2026-09-09T23:54:55.800882+09:00,2026-09-09T23:55:55.801760+09:00,60.000837,11420,293.0,22.240629923047948,5.938420321548886,interpolated_adjacent_idle_blocks,978.1462210393802,0.0856520333659702,5.254013774080406,190.33067726873765,,,,,,,valid
478,inference,141.0,2,2026-09-09T23:56:56.833619+09:00,2026-09-09T23:57:56.834417+09:00,60.00077,11359,293.0,22.291019103339853,5.935669479190565,interpolated_adjacent_idle_blocks,981.333571068168,0.0863926024357925,5.282222915749582,189.31423681843867,,,,,,,valid
479,inference,141.0,3,2026-09-09T23:58:57.875891+09:00,2026-09-09T23:59:57.876670+09:00,60.000752,11247,292.0,21.88040413172578,5.932918419440845,interpolated_adjacent_idle_blocks,956.8611352463516,0.0850770103357652,5.334822761625368,187.44765190574552,,,,,,,valid
480,inference,142.0,1,2026-09-10T00:00:03.306747+09:00,2026-09-10T00:01:03.307085+09:00,60.000296,146199,290.0,20.026979352722005,5.931431305889279,interpolated_adjacent_idle_blocks,845.7370550921855,0.0057848347464222,0.4104015492582216,2436.637975191481,,,,,,,valid
481,inference,142.0,2,2026-09-10T00:02:03.391001+09:00,2026-09-10T00:03:03.391107+09:00,60.000078,146236,292.0,21.1288308798685,5.928702022468857,interpolated_adjacent_idle_blocks,912.0089170540294,0.0062365554108019,0.4102962198090821,2437.2634982240806,,,,,,,valid
482,inference,142.0,3,2026-09-10T00:04:03.474794+09:00,2026-09-10T00:05:03.474889+09:00,60.00007,146192,292.0,20.1698671147177,5.925972747019489,interpolated_adjacent_idle_blocks,854.6346591344985,0.0058459741923942,0.4104196556583158,2436.5304785317685,,,,,,,valid
483,inference,143.0,1,2026-09-10T00:05:08.848289+09:00,2026-09-10T00:06:08.848353+09:00,60.000018,227246,293.0,19.263785275699338,5.924486932522161,interpolated_adjacent_idle_blocks,800.3581406980009,0.0035219900050958,0.2640311301408901,3787.432184479112,,,,,,,valid
484,inference,143.0,2,2026-09-10T00:07:08.902715+09:00,2026-09-10T00:08:08.902773+09:00,60.000031,228430,292.0,19.344493556927,5.921758324473822,interpolated_adjacent_idle_blocks,805.3645300519829,0.003525651315729,0.2626626568314185,3807.1647186673263,,,,,,,valid
485,inference,143.0,3,2026-09-10T00:09:08.957592+09:00,2026-09-10T00:10:08.957764+09:00,60.000125,228585,292.0,19.394400482002982,5.919029704807576,interpolated_adjacent_idle_blocks,808.5239310530718,0.0035370821841025,0.2624849631428016,3809.742043988869,,,,,,,valid
486,inference,144.0,1,2026-09-10T00:10:14.747305+09:00,2026-09-10T00:11:14.749067+09:00,60.001714,27647,293.0,21.679149894919323,5.917534412038672,interpolated_adjacent_idle_blocks,945.7239443817768,0.0342071090672325,2.1702793720837805,460.7701722013125,,,,,,,valid
487,inference,144.0,2,2026-09-10T00:12:15.172309+09:00,2026-09-10T00:13:15.173309+09:00,60.000969,27805,293.0,21.68136653488429,5.914797390046854,interpolated_adjacent_idle_blocks,946.0094264957476,0.0340229968169662,2.157920122280188,463.4091826083628,,,,,,,valid
488,inference,144.0,3,2026-09-10T00:14:15.601735+09:00,2026-09-10T00:15:15.603095+09:00,60.001315,27782,293.0,21.44747112140547,5.912060254802124,interpolated_adjacent_idle_blocks,932.1450810614904,0.0335521229955183,2.1597190771003074,463.0231823217604,,,,,,,valid
489,inference,145.0,1,2026-09-10T00:15:22.158256+09:00,2026-09-10T00:16:22.163908+09:00,60.005608,9666,291.0,21.60919599565287,5.910547503251685,interpolated_adjacent_idle_blocks,942.0069475648164,0.0974557156595092,6.207904789985603,161.08494473258813,,,,,,,valid
490,inference,145.0,2,2026-09-10T00:17:23.384522+09:00,2026-09-10T00:18:23.385622+09:00,60.001073,9719,292.0,22.11393572124167,5.907792313173726,interpolated_adjacent_idle_blocks,972.3859936759536,0.1000500044938731,6.1735850293242445,161.98043685314872,,,,,,,valid
491,inference,145.0,3,2026-09-10T00:19:24.589808+09:00,2026-09-10T00:20:24.591788+09:00,60.001956,9720,290.0,21.98972121812116,5.905037538202906,interpolated_adjacent_idle_blocks,965.112482436373,0.099291407658063,6.173040720164459,161.99471951213025,,,,,,,valid
492,inference,146.0,1,2026-09-10T00:20:30.309895+09:00,2026-09-10T00:21:30.310470+09:00,60.000521,30913,293.0,21.21097781343189,5.903543861937775,interpolated_adjacent_idle_blocks,918.4540122627355,0.0297109310730998,1.940947869828172,515.2121886140753,,,,,,,valid
493,inference,146.0,2,2026-09-10T00:22:30.689055+09:00,2026-09-10T00:23:30.689587+09:00,60.000504,31322,293.0,20.94747351419016,5.900807873722861,interpolated_adjacent_idle_blocks,902.8075219475206,0.0288234315161075,1.915602566885902,522.0289517703295,,,,,,,valid
494,inference,146.0,3,2026-09-10T00:24:31.068932+09:00,2026-09-10T00:25:31.069576+09:00,60.000619,31275,290.0,20.827636861657208,5.898071867452507,interpolated_adjacent_idle_blocks,895.7831410530134,0.0286421467962594,1.918485035971182,521.2446181493287,,,,,,,valid
495,inference,147.0,1,2026-09-10T00:25:36.435409+09:00,2026-09-10T00:26:36.435596+09:00,60.000136,267469,292.0,19.091266376656343,5.896586217296532,interpolated_adjacent_idle_blocks,791.6826040380903,0.0029599041535209,0.2243255693183138,4457.8065845941,,,,,,,valid
496,inference,147.0,2,2026-09-10T00:27:36.485044+09:00,2026-09-10T00:28:36.485260+09:00,60.00019,268791,292.0,19.05483102500173,5.893857717737979,interpolated_adjacent_idle_blocks,789.6608990207537,0.0029378249235307,0.223222466154007,4479.835821319498,,,,,,,valid
497,inference,147.0,3,2026-09-10T00:29:36.531631+09:00,2026-09-10T00:30:36.531846+09:00,60.00019,269330,293.0,18.950804705053542,5.891129287794744,interpolated_adjacent_idle_blocks,783.5830063738572,0.0029093788526115,0.2227757397987555,4488.819118739544,,,,,,,valid
498,inference,148.0,1,2026-09-10T00:30:41.976044+09:00,2026-09-10T00:31:41.976650+09:00,60.000564,101539,293.0,20.650647112855737,5.889641856669011,interpolated_adjacent_idle_blocks,885.6686405781679,0.0087224479321065,0.5909115098631719,1692.3007646805772,,,,,,,valid
499,inference,148.0,2,2026-09-10T00:32:42.094593+09:00,2026-09-10T00:33:42.094754+09:00,60.000126,102058,293.0,19.582429317806696,5.886911796208988,interpolated_adjacent_idle_blocks,821.7327769310702,0.0080516253202205,0.5879022281447764,1700.9631059839096,,,,,,,valid
500,inference,148.0,3,2026-09-10T00:34:42.215446+09:00,2026-09-10T00:35:42.215939+09:00,60.000462,102231,292.0,20.12144441705242,5.88418167455988,interpolated_adjacent_idle_blocks,854.2423421649395,0.0083560010384808,0.5869106435425651,1703.8368804560214,,,,,,,valid
501,inference,149.0,1,2026-09-10T00:35:47.625193+09:00,2026-09-10T00:36:47.625381+09:00,60.000129,137802,292.0,19.200030635958026,5.882695039233632,interpolated_adjacent_idle_blocks,799.0418537397554,0.0057984779157033,0.4354082567742167,2296.695077416861,,,,,,,valid
502,inference,149.0,2,2026-09-10T00:37:47.714853+09:00,2026-09-10T00:38:47.715090+09:00,60.000205,138717,292.0,19.8646901237445,5.879965629755676,interpolated_adjacent_idle_blocks,839.0863365078508,0.0060489077510892,0.4325367856859571,2311.942089304859,,,,,,,valid
503,inference,149.0,3,2026-09-10T00:39:47.801837+09:00,2026-09-10T00:40:47.801877+09:00,60.00001,138863,293.0,18.890871789187123,5.877236283894426,interpolated_adjacent_idle_blocks,780.8182604539169,0.005622939591208,0.4320806125461823,2314.3829437455183,,,,,,,valid
504,inference,150.0,1,2026-09-10T00:40:53.465880+09:00,2026-09-10T00:41:53.466542+09:00,60.00062,34923,292.0,22.9280178686515,5.875743858374934,interpolated_adjacent_idle_blocks,1023.1470130264804,0.0292972256972906,1.7180832087736382,582.0439865155289,,,,,,,valid
505,inference,150.0,2,2026-09-10T00:42:53.805831+09:00,2026-09-10T00:43:53.805897+09:00,60.000025,35059,293.0,22.14599632611691,5.8730087675890905,interpolated_adjacent_idle_blocks,976.3796603363584,0.0278496152296516,1.7114014946232794,584.3164232015142,,,,,,,valid
506,inference,150.0,3,2026-09-10T00:44:54.143201+09:00,2026-09-10T00:45:54.143572+09:00,60.000346,35050,292.0,23.257681901694426,5.870273725220221,interpolated_adjacent_idle_blocks,1043.2505066316812,0.0297646364231578,1.7118500884451158,584.163301886035,,,,,,,valid
507,idle,,1,2026-09-10T00:45:59.423346+09:00,2026-09-10T00:46:59.423882+09:00,60.000477,0,292.0,5.89250976198472,,,,,,,,,,,,,valid
508,idle,,2,2026-09-10T00:47:59.425527+09:00,2026-09-10T00:48:59.426362+09:00,60.000801,0,292.0,5.866278066155198,,,,,,,,,,,,,valid
509,idle,,3,2026-09-10T00:49:59.428189+09:00,2026-09-10T00:50:59.428712+09:00,60.000493,0,292.0,5.849627831496036,,,,,,,,,,,,,valid
510,inference,151.0,1,2026-09-10T00:51:05.341041+09:00,2026-09-10T00:52:05.341280+09:00,60.000192,20078,293.0,21.746860574280003,5.871135018812003,interpolated_adjacent_idle_blocks,952.5465814673868,0.0474423040874283,2.9883550204203746,334.6322619523731,,,,,,,valid
511,inference,151.0,2,2026-09-10T00:53:05.927624+09:00,2026-09-10T00:54:05.929743+09:00,60.002092,20098,293.0,22.47633667344132,5.876719542116396,interpolated_adjacent_idle_blocks,996.011754278534,0.0495577547158191,2.985475788635777,334.9549856697894,,,,,,,valid
512,inference,151.0,3,2026-09-10T00:55:06.508621+09:00,2026-09-10T00:56:06.511597+09:00,60.002951,20100,290.0,21.86795404395125,5.882303783037187,interpolated_adjacent_idle_blocks,959.1861893087636,0.0477207059357593,2.985221462686648,334.98352216053587,,,,,,,valid
513,inference,152.0,1,2026-09-10T00:56:12.072758+09:00,2026-09-10T00:57:12.073790+09:00,60.000978,51058,293.0,20.93475164257965,5.885340075804816,interpolated_adjacent_idle_blocks,902.9794123310024,0.0176853659040895,1.1751533217126076,850.9527918813621,,,,,,,valid
514,inference,152.0,2,2026-09-10T00:58:12.305206+09:00,2026-09-10T00:59:12.306283+09:00,60.001046,51379,293.0,21.244884703441336,5.890908156290329,interpolated_adjacent_idle_blocks,921.2546530885288,0.017930567996429,1.16781264719051,856.3017384730085,,,,,,,valid
515,inference,152.0,3,2026-09-10T01:00:12.537928+09:00,2026-09-10T01:01:12.538857+09:00,60.0009,51379,293.0,20.991828553307503,5.896476244990637,interpolated_adjacent_idle_blocks,905.7347243160896,0.0176285004440742,1.1678097997236312,856.3038263907836,,,,,,,valid
516,inference,153.0,1,2026-09-10T01:01:17.901531+09:00,2026-09-10T01:02:17.901585+09:00,60.000014,310759,292.0,19.809217975606305,5.899503275576175,interpolated_adjacent_idle_blocks,834.5830767378136,0.0026856280163657,0.1930757065764818,5179.315501320599,,,,,,,valid
517,inference,153.0,2,2026-09-10T01:03:17.943173+09:00,2026-09-10T01:04:17.943258+09:00,60.000057,311759,293.0,20.429613083606583,5.905062519326514,interpolated_adjacent_idle_blocks,871.4738617561864,0.0027953446789224,0.192456536298871,5195.97837117401,,,,,,,valid
518,inference,153.0,3,2026-09-10T01:05:17.984798+09:00,2026-09-10T01:06:17.984984+09:00,60.000161,312117,293.0,20.052007863670973,5.910621763915999,interpolated_adjacent_idle_blocks,848.4854427484605,0.0027184851922466,0.1922361201088075,5201.936032801692,,,,,,,valid
519,inference,154.0,1,2026-09-10T01:06:26.524982+09:00,2026-09-10T01:07:26.538449+09:00,60.013424,3727,293.0,22.642038979283168,5.913796232792556,interpolated_adjacent_idle_blocks,1003.9191247200656,0.2693638649637954,16.10234083713424,62.10277189598799,,,,,,,valid
520,inference,154.0,2,2026-09-10T01:08:29.668821+09:00,2026-09-10T01:09:29.672110+09:00,60.003263,3755,291.0,22.3169007462894,5.919498905859061,interpolated_adjacent_idle_blocks,983.8976151480256,0.2620233329289017,15.979563941411264,62.57993044531623,,,,,,,valid
521,inference,154.0,3,2026-09-10T01:10:32.792380+09:00,2026-09-10T01:11:32.803464+09:00,60.011035,3755,293.0,20.970928413506645,5.925201055916909,interpolated_adjacent_idle_blocks,902.9096710567752,0.2404553052081957,15.981633768309363,62.57182554032374,,,,,,,valid
522,inference,155.0,1,2026-09-10T01:11:38.516892+09:00,2026-09-10T01:12:38.516987+09:00,60.000053,31293,293.0,21.10727317985681,5.928244566354155,interpolated_adjacent_idle_blocks,910.742521298676,0.0291037139711333,1.9173634135429136,521.5495366901755,,,,,,,valid
523,inference,155.0,2,2026-09-10T01:13:38.891346+09:00,2026-09-10T01:14:38.892523+09:00,60.001151,31526,293.0,22.2065334747912,5.93381924727339,interpolated_adjacent_idle_blocks,976.3815835451444,0.0309706776484534,1.9032275296580967,525.4232530882127,,,,,,,valid
524,inference,155.0,3,2026-09-10T01:15:39.264361+09:00,2026-09-10T01:16:39.264458+09:00,60.000073,31489,293.0,21.487982324055057,5.939393811507194,interpolated_adjacent_idle_blocks,932.9164457998332,0.0296267409508029,1.9054295976373803,524.816031639238,,,,,,,valid
525,inference,156.0,1,2026-09-10T01:16:44.657283+09:00,2026-09-10T01:17:44.657373+09:00,60.000051,153595,293.0,20.648469830789427,5.9424222199922045,interpolated_adjacent_idle_blocks,882.3636066562615,0.0057447417341466,0.3906380500667191,2559.9144779398853,,,,,,,valid
526,inference,156.0,2,2026-09-10T01:18:44.737202+09:00,2026-09-10T01:19:44.737422+09:00,60.000191,154261,291.0,19.75729511105829,5.94798323866839,interpolated_adjacent_idle_blocks,828.5613499219619,0.005371165426919,0.3889524338620817,2571.008465149724,,,,,,,valid
527,inference,156.0,3,2026-09-10T01:20:44.815902+09:00,2026-09-10T01:21:44.815985+09:00,60.000058,154276,292.0,19.939497277501047,5.953544194728841,interpolated_adjacent_idle_blocks,839.1579961516113,0.0054393294883948,0.3889137519769857,2571.26418111123,,,,,,,valid
528,inference,157.0,1,2026-09-10T01:21:50.854745+09:00,2026-09-10T01:22:50.856803+09:00,60.002012,16859,293.0,22.274166439343325,5.95660256231962,interpolated_adjacent_idle_blocks,979.086663559943,0.058075014150302,3.559049261522075,280.973913682874,,,,,,,valid
529,inference,157.0,2,2026-09-10T01:23:51.555762+09:00,2026-09-10T01:24:51.557190+09:00,60.001397,16953,292.0,22.13933048366481,5.962192327061123,interpolated_adjacent_idle_blocks,970.650888858226,0.0572554054655946,3.53927902436139,282.5434200346595,,,,,,,valid
530,inference,157.0,3,2026-09-10T01:25:52.250132+09:00,2026-09-10T01:26:52.252158+09:00,60.001996,16961,293.0,22.682526369151255,5.967781812389162,interpolated_adjacent_idle_blocks,1002.9180360358612,0.0591308316747751,3.537644938388136,282.6739306561478,,,,,,,valid
531,inference,158.0,1,2026-09-10T01:26:57.899304+09:00,2026-09-10T01:27:57.901046+09:00,60.0017,37245,293.0,22.376996356559573,5.970822081647869,interpolated_adjacent_idle_blocks,984.3983469909696,0.0264303489593494,1.6110001449859075,620.7324084435435,,,,,,,valid
532,inference,158.0,2,2026-09-10T01:28:58.214311+09:00,2026-09-10T01:29:58.214577+09:00,60.000239,37505,294.0,22.478181797072956,5.976393950291438,interpolated_adjacent_idle_blocks,990.1112147341862,0.0263994458001382,1.599793054259451,625.0808486369526,,,,,,,valid
533,inference,158.0,3,2026-09-10T01:30:58.530648+09:00,2026-09-10T01:31:58.532265+09:00,60.001592,37433,293.0,22.096823270170404,5.981965945999346,interpolated_adjacent_idle_blocks,966.9170943031236,0.0258306065317533,1.6029063152832437,623.8667790283762,,,,,,,valid
534,inference,159.0,1,2026-09-10T01:32:04.007969+09:00,2026-09-10T01:33:04.008226+09:00,60.000217,81363,293.0,20.07373991239361,5.984998231746447,interpolated_adjacent_idle_blocks,845.3275580957741,0.0103895819733266,0.7374385986259363,1356.0451024170586,,,,,,,valid
535,inference,159.0,2,2026-09-10T01:34:04.154001+09:00,2026-09-10T01:35:04.154086+09:00,60.000059,81247,292.0,19.002360351903334,5.990562305211432,interpolated_adjacent_idle_blocks,780.708650497599,0.0096090766489544,0.7384895331520246,1354.1153328630064,,,,,,,valid
536,inference,159.0,3,2026-09-10T01:36:04.300196+09:00,2026-09-10T01:37:04.300360+09:00,60.000139,81931,293.0,20.27250099475689,5.996126392014418,interpolated_adjacent_idle_blocks,856.5844605806178,0.0104549494157354,0.7323252322075937,1365.513512330445,,,,,,,valid
537,inference,160.0,1,2026-09-10T01:37:09.696099+09:00,2026-09-10T01:38:09.696223+09:00,60.000053,162629,293.0,19.58227399164679,5.999154937788097,interpolated_adjacent_idle_blocks,814.9878631368315,0.0050113317005997,0.3689382176610516,2710.480921005352,,,,,,,valid
538,inference,160.0,2,2026-09-10T01:39:09.771425+09:00,2026-09-10T01:40:09.771841+09:00,60.000375,163072,293.0,21.1238615983886,6.004715747528021,interpolated_adjacent_idle_blocks,907.1544207313286,0.0055629073092335,0.3679379341640386,2717.8496891656946,,,,,,,valid
539,inference,160.0,3,2026-09-10T01:41:09.847572+09:00,2026-09-10T01:42:09.847823+09:00,60.000226,161985,293.0,19.62190595088385,6.010276584694763,interpolated_adjacent_idle_blocks,816.700838199582,0.0050418300348771,0.3704060622897189,2699.739830979965,,,,,,,valid
540,idle,,1,2026-09-10T01:42:15.130757+09:00,2026-09-10T01:43:15.131299+09:00,60.000473,0,291.0,6.008580868845296,,,,,,,,,,,,,valid
541,idle,,2,2026-09-10T01:44:15.133335+09:00,2026-09-10T01:45:15.133723+09:00,60.000358,0,291.0,5.987670584559676,,,,,,,,,,,,,valid
542,idle,,3,2026-09-10T01:46:15.135668+09:00,2026-09-10T01:47:15.136164+09:00,60.000465,0,292.0,6.0394802344109735,,,,,,,,,,,,,valid
543,inference,161.0,1,2026-09-10T01:47:21.840328+09:00,2026-09-10T01:48:21.846448+09:00,60.006076,8660,292.0,22.266114980799877,6.011821832130448,interpolated_adjacent_idle_blocks,975.3563500053368,0.1126277540421867,6.929108048498754,144.3187193792797,,,,,,,valid
544,inference,161.0,2,2026-09-10T01:49:23.191335+09:00,2026-09-10T01:50:23.196756+09:00,60.005334,8657,292.0,19.39401081833702,6.011528450314554,interpolated_adjacent_idle_blocks,803.020324242299,0.0927596539496706,6.931423622502017,144.2705069639118,,,,,,,valid
545,inference,161.0,3,2026-09-10T01:51:24.546201+09:00,2026-09-10T01:52:24.550658+09:00,60.004432,8655,293.0,22.405866234639863,6.01123505948938,interpolated_adjacent_idle_blocks,983.7505315143976,0.1136626841726629,6.932921143847265,144.2393443184431,,,,,,,valid
546,inference,162.0,1,2026-09-10T01:52:30.074411+09:00,2026-09-10T01:53:30.074992+09:00,60.000539,61365,290.0,22.447177559804192,6.011076640762878,interpolated_adjacent_idle_blocks,986.1749142008744,0.0160706414764258,0.9777648333740232,1022.7408123784212,,,,,,,valid
547,inference,162.0,2,2026-09-10T01:54:30.273657+09:00,2026-09-10T01:55:30.274050+09:00,60.000368,61437,292.0,21.968702871635287,6.010786042868416,interpolated_adjacent_idle_blocks,957.4808822394052,0.0155847597089604,0.9766161808030916,1023.9437146921724,,,,,,,valid
548,inference,162.0,3,2026-09-10T01:56:30.470710+09:00,2026-09-10T01:57:30.471530+09:00,60.000794,61467,293.0,22.029850021878552,6.010495449533352,interpolated_adjacent_idle_blocks,961.1739937082424,0.0156372361382244,0.9761464590755852,1024.4364364615983,,,,,,,valid
549,inference,163.0,1,2026-09-10T01:57:35.844328+09:00,2026-09-10T01:58:35.844599+09:00,60.00023,186877,293.0,19.94048836472691,6.010337400532064,interpolated_adjacent_idle_blocks,835.8122617864126,0.0044725261096144,0.3210680281682642,3114.6047325394966,,,,,,,valid
550,inference,163.0,2,2026-09-10T01:59:35.909437+09:00,2026-09-10T02:00:35.909781+09:00,60.000318,188003,292.0,20.945564481558943,6.010047126617224,interpolated_adjacent_idle_blocks,896.135790791022,0.0047666036754255,0.3191455370392915,3133.3667056007907,,,,,,,valid
551,inference,163.0,3,2026-09-10T02:01:35.974638+09:00,2026-09-10T02:02:35.974746+09:00,60.00008,187904,292.0,21.22347832424124,6.009756852853404,interpolated_adjacent_idle_blocks,912.8245053809876,0.0048579301418862,0.3193124164466975,3131.729142035818,,,,,,,valid
552,inference,164.0,1,2026-09-10T02:02:41.497750+09:00,2026-09-10T02:03:41.497968+09:00,60.000177,58517,293.0,21.108965934689817,6.0095984416329085,interpolated_adjacent_idle_blocks,905.9647221714608,0.0154820773821532,1.0253460908795666,975.2804530050688,,,,,,,valid
553,inference,164.0,2,2026-09-10T02:04:41.702224+09:00,2026-09-10T02:05:41.702684+09:00,60.000432,58805,293.0,21.72954582306447,6.009307830579592,interpolated_adjacent_idle_blocks,943.2210706919054,0.0160398107421461,1.020328754357625,980.0762702503436,,,,,,,valid
554,inference,164.0,3,2026-09-10T02:06:41.905548+09:00,2026-09-10T02:07:41.905648+09:00,60.000074,58896,290.0,21.93057563847694,6.009017223034304,interpolated_adjacent_idle_blocks,955.294683121881,0.0162200265403742,1.01874615593589,981.5987959054742,,,,,,,valid
555,inference,165.0,1,2026-09-10T02:07:47.375931+09:00,2026-09-10T02:08:47.376244+09:00,60.000269,93711,293.0,20.49617321058518,6.008858939169189,interpolated_adjacent_idle_blocks,869.2427533724986,0.0092757814277139,0.6402692213294077,1561.842997737224,,,,,,,valid
556,inference,165.0,2,2026-09-10T02:09:47.502998+09:00,2026-09-10T02:10:47.503070+09:00,60.000044,94253,293.0,20.732067782359632,6.008568515842081,interpolated_adjacent_idle_blocks,883.4106038250208,0.0093727584673699,0.6365849829713617,1570.8821708805333,,,,,,,valid
557,inference,165.0,3,2026-09-10T02:11:47.630059+09:00,2026-09-10T02:12:47.630125+09:00,60.00004,94496,293.0,20.176365477351684,6.008278092245215,interpolated_adjacent_idle_blocks,850.0858098298836,0.0089959978182132,0.6349479332458329,1574.9322860034097,,,,,,,valid
558,inference,166.0,1,2026-09-10T02:12:53.039741+09:00,2026-09-10T02:13:53.040168+09:00,60.00039,148652,293.0,19.912000107351197,6.008119954954127,interpolated_adjacent_idle_blocks,834.2382316570834,0.0056120215782975,0.4036298906169954,2477.5172088255986,,,,,,,valid
559,inference,166.0,2,2026-09-10T02:14:53.121255+09:00,2026-09-10T02:15:53.121511+09:00,60.000232,148891,291.0,20.24069799052341,6.007829641673398,interpolated_adjacent_idle_blocks,853.9754029564579,0.0057355743661904,0.4029809175840085,2481.507079777623,,,,,,,valid
560,inference,166.0,3,2026-09-10T02:16:53.207696+09:00,2026-09-10T02:17:53.207722+09:00,60.000001,149665,292.0,20.94338437303336,6.007539316552065,interpolated_adjacent_idle_blocks,896.1507183247229,0.0059877106760079,0.4008953382554292,2494.4166334078272,,,,,,,valid
561,inference,167.0,1,2026-09-10T02:17:58.566173+09:00,2026-09-10T02:18:58.566218+09:00,60.000009,326471,293.0,20.029670358879603,6.007381303469161,interpolated_adjacent_idle_blocks,841.337469525228,0.0025770664761195,0.1837835798585484,5441.182508087304,,,,,,,valid
562,inference,167.0,2,2026-09-10T02:19:58.604640+09:00,2026-09-10T02:20:58.604702+09:00,60.000029,329484,292.0,19.617478163380483,6.007091094032645,interpolated_adjacent_idle_blocks,816.6236188620951,0.0024784924878358,0.1821030119823755,5491.397364129172,,,,,,,valid
563,inference,167.0,3,2026-09-10T02:21:58.643369+09:00,2026-09-10T02:22:58.643505+09:00,60.000111,329548,291.0,19.86752591950328,6.006800883894061,interpolated_adjacent_idle_blocks,831.6450406770321,0.002523593044646,0.1820678972410714,5492.456469005767,,,,,,,valid
564,inference,168.0,1,2026-09-10T02:23:04.123047+09:00,2026-09-10T02:24:04.123512+09:00,60.000424,79215,293.0,19.622819385649787,6.0066425774164,interpolated_adjacent_idle_blocks,816.9763817529699,0.010313405059054,0.7574376557470289,1320.240672499629,,,,,,,valid
565,inference,168.0,2,2026-09-10T02:25:04.275143+09:00,2026-09-10T02:26:04.275750+09:00,60.00058,79797,292.0,21.901555398432617,6.00635209311554,interpolated_adjacent_idle_blocks,953.7214175369415,0.0119518455272371,0.7519152349085793,1329.9371439409442,,,,,,,valid
566,inference,168.0,3,2026-09-10T02:27:04.425954+09:00,2026-09-10T02:28:04.426271+09:00,60.000292,78644,293.0,22.321409494011885,6.006061612442601,interpolated_adjacent_idle_blocks,978.9256369757386,0.0124475565456454,0.7629353987589702,1310.7269653848166,,,,,,,valid
567,inference,169.0,1,2026-09-10T02:28:10.180914+09:00,2026-09-10T02:29:10.181165+09:00,60.000199,28377,294.0,22.21294884119536,6.005902640911692,interpolated_adjacent_idle_blocks,972.425997219214,0.0342681043527932,2.1143954117771027,472.9484345406908,,,,,,,valid
568,inference,169.0,2,2026-09-10T02:30:10.592972+09:00,2026-09-10T02:31:10.594483+09:00,60.001479,28555,293.0,22.581776603867368,6.005611526764677,interpolated_adjacent_idle_blocks,994.5944207743104,0.0348308324557629,2.101259982489831,475.9049371963373,,,,,,,valid
569,inference,169.0,3,2026-09-10T02:32:11.004267+09:00,2026-09-10T02:33:11.005439+09:00,60.001132,28530,293.0,22.49211146492365,6.005320416396027,interpolated_adjacent_idle_blocks,989.226125959124,0.0346731905348448,2.103089095688765,475.4910298617179,,,,,,,valid
570,inference,170.0,1,2026-09-10T02:33:16.421622+09:00,2026-09-10T02:34:16.421790+09:00,60.000127,164362,293.0,19.899188832848047,6.005162262204611,interpolated_adjacent_idle_blocks,833.6433587799805,0.0050719957093487,0.3650486535817148,2739.360877484112,,,,,,,valid
571,inference,170.0,2,2026-09-10T02:35:16.495598+09:00,2026-09-10T02:36:16.495834+09:00,60.000208,166498,293.0,20.078220286251263,6.004871966858289,interpolated_adjacent_idle_blocks,844.4038264200292,0.0050715553725572,0.3603659395308221,2774.957037565616,,,,,,,valid
572,inference,170.0,3,2026-09-10T02:37:16.569346+09:00,2026-09-10T02:38:16.569514+09:00,60.000141,166358,291.0,20.081757251951,6.004581672228444,interpolated_adjacent_idle_blocks,844.63251966511,0.0050771980888512,0.3606688052272881,2772.6268130392223,,,,,,,valid
573,idle,,1,2026-09-10T02:38:21.858952+09:00,2026-09-10T02:39:21.859388+09:00,60.000381,0,292.0,6.203559000462663,,,,,,,,,,,,,valid
574,idle,,2,2026-09-10T02:40:21.861049+09:00,2026-09-10T02:41:21.861601+09:00,60.000521,0,290.0,5.803243937493278,,,,,,,,,,,,,valid
575,idle,,3,2026-09-10T02:42:21.864082+09:00,2026-09-10T02:43:21.864719+09:00,60.000589,0,292.0,6.006686588979638,,,,,,,,,,,,,valid
576,inference,171.0,1,2026-09-10T02:43:27.584080+09:00,2026-09-10T02:44:27.584635+09:00,60.000509,31248,293.0,22.940580231356478,6.003899196942984,interpolated_adjacent_idle_blocks,1016.209482835456,0.0325207847809605,1.920139189708165,520.7955784455326,,,,,,,valid
577,inference,171.0,2,2026-09-10T02:45:27.962112+09:00,2026-09-10T02:46:27.962534+09:00,60.000376,31219,293.0,21.49164457819916,6.001886727822688,interpolated_adjacent_idle_blocks,929.3912951715398,0.0297700533384009,1.921918575226624,520.3134060359891,,,,,,,valid
578,inference,171.0,3,2026-09-10T02:47:28.343699+09:00,2026-09-10T02:48:28.344198+09:00,60.000471,31167,293.0,22.97341861475723,5.999874197515417,interpolated_adjacent_idle_blocks,1018.4206595739292,0.0326762492243054,1.9251282061154904,519.4459240809695,,,,,,,valid
579,inference,172.0,1,2026-09-10T02:48:33.986260+09:00,2026-09-10T02:49:33.986381+09:00,60.000079,40880,293.0,22.72795165833972,5.998776793630884,interpolated_adjacent_idle_blocks,1003.7518134873444,0.0245536157898078,1.4677122969667964,681.3324396522535,,,,,,,valid
580,inference,172.0,2,2026-09-10T02:50:34.277101+09:00,2026-09-10T02:51:34.278054+09:00,60.000923,40770,292.0,22.343884374189592,5.996765774097064,interpolated_adjacent_idle_blocks,980.8422043960196,0.0240579397693406,1.4716929948491295,679.4895426559498,,,,,,,valid
581,inference,172.0,3,2026-09-10T02:52:34.566365+09:00,2026-09-10T02:53:34.567239+09:00,60.000848,41046,292.0,22.8217741634262,5.994754788538736,interpolated_adjacent_idle_blocks,1009.6354318056776,0.0245976570629459,1.461795251668833,684.0903326634613,,,,,,,valid
582,inference,173.0,1,2026-09-10T02:53:39.982068+09:00,2026-09-10T02:54:39.982328+09:00,60.000217,137509,293.0,20.856783549546645,5.993661179223282,interpolated_adjacent_idle_blocks,891.7905675169561,0.0064853250879357,0.4363366572369816,2291.8083626810285,,,,,,,valid
583,inference,173.0,2,2026-09-10T02:55:40.072043+09:00,2026-09-10T02:56:40.072162+09:00,60.000086,138099,292.0,20.105600692140687,5.991653525881945,interpolated_adjacent_idle_blocks,846.8380437749807,0.0061321084423129,0.4344715443268849,2301.646708645265,,,,,,,valid
584,inference,173.0,3,2026-09-10T02:57:40.159938+09:00,2026-09-10T02:58:40.160050+09:00,60.00006,138317,293.0,20.27815206068334,5.989645906193247,interpolated_adjacent_idle_blocks,857.3112265797747,0.00619816238481,0.4337865938387698,2305.281016526022,,,,,,,valid
585,inference,174.0,1,2026-09-10T02:58:45.729609+09:00,2026-09-10T02:59:45.730605+09:00,60.000949,49138,293.0,20.57905313253856,5.988549710335974,interpolated_adjacent_idle_blocks,875.4440517199027,0.0178160293809252,1.2210702389189738,818.9537080891516,,,,,,,valid
586,inference,174.0,2,2026-09-10T03:00:45.969419+09:00,2026-09-10T03:01:45.970603+09:00,60.001155,49443,293.0,21.91189760475581,5.986539549313109,interpolated_adjacent_idle_blocks,955.5398771151164,0.0193260901869853,1.2135419594280057,824.0341359695079,,,,,,,valid
587,inference,174.0,3,2026-09-10T03:02:46.209721+09:00,2026-09-10T03:03:46.210565+09:00,60.000815,49468,293.0,22.705109121124124,5.98452938447976,interpolated_adjacent_idle_blocks,1003.2484114711472,0.0202807554675981,1.2129217837793704,824.4554705614054,,,,,,,valid
588,inference,175.0,1,2026-09-10T03:03:51.621037+09:00,2026-09-10T03:04:51.621395+09:00,60.000318,137243,293.0,19.488683605053048,5.983435847435967,interpolated_adjacent_idle_blocks,810.3191601258118,0.0059042658651137,0.4371830811043121,2287.371225515013,,,,,,,valid
589,inference,175.0,2,2026-09-10T03:05:51.709608+09:00,2026-09-10T03:06:51.709685+09:00,60.000035,138340,293.0,19.169914665763933,5.981428218735233,interpolated_adjacent_idle_blocks,791.3096484187477,0.0057200350471212,0.4337142894318304,2305.665329380798,,,,,,,valid
590,inference,175.0,3,2026-09-10T03:07:51.801083+09:00,2026-09-10T03:08:51.801163+09:00,60.000056,137205,293.0,20.180627461886637,5.979420539115104,interpolated_adjacent_idle_blocks,852.0732106338794,0.006210219821682,0.4373022521045195,2286.747884758184,,,,,,,valid
591,inference,176.0,1,2026-09-10T03:08:57.207366+09:00,2026-09-10T03:09:57.207517+09:00,60.000112,139026,292.0,19.88798647115328,5.978327081561368,interpolated_adjacent_idle_blocks,834.5811212573662,0.0060030578543392,0.4315747522046334,2317.0956940637825,,,,,,,valid
592,inference,176.0,2,2026-09-10T03:10:57.293499+09:00,2026-09-10T03:11:57.293901+09:00,60.00035,139937,293.0,19.939679490304,5.976319489171842,interpolated_adjacent_idle_blocks,837.8064872439297,0.0059870262135384,0.4287668743791791,2332.269724539522,,,,,,,valid
593,inference,176.0,3,2026-09-10T03:12:57.380549+09:00,2026-09-10T03:13:57.380743+09:00,60.000165,140313,292.0,20.019104345039302,5.974311885291074,interpolated_adjacent_idle_blocks,842.6898649756497,0.0060057860994751,0.4276165765110788,2338.54358069791,,,,,,,valid
594,inference,177.0,1,2026-09-10T03:14:02.741442+09:00,2026-09-10T03:15:02.741620+09:00,60.000139,340779,293.0,19.735497713045845,5.973219187287298,interpolated_adjacent_idle_blocks,825.738624502228,0.0024230912835069,0.1760675948341964,5679.636851640438,,,,,,,valid
595,inference,177.0,2,2026-09-10T03:16:02.779161+09:00,2026-09-10T03:17:02.779319+09:00,60.000128,342149,293.0,19.556285958442217,5.971212406542955,interpolated_adjacent_idle_blocks,815.1061520033702,0.0023823134131719,0.1753625715696957,5702.471120541031,,,,,,,valid
596,inference,177.0,3,2026-09-10T03:18:02.820048+09:00,2026-09-10T03:19:02.820239+09:00,60.000165,343621,292.0,20.059037221728687,5.969205572396026,interpolated_adjacent_idle_blocks,845.3922237821819,0.0024602460960831,0.1746114614648153,5727.0009174140205,,,,,,,valid
597,inference,178.0,1,2026-09-10T03:19:08.428012+09:00,2026-09-10T03:20:08.428424+09:00,60.000344,43572,293.0,20.77809761114786,5.968108741901741,interpolated_adjacent_idle_blocks,888.6044267909382,0.0203939324977264,1.3770390089966351,726.1958401081457,,,,,,,valid
598,inference,178.0,2,2026-09-10T03:21:08.703904+09:00,2026-09-10T03:22:08.704864+09:00,60.000933,43784,292.0,21.748467659719736,5.966097974657078,interpolated_adjacent_idle_blocks,946.9569060546758,0.0216279212966991,1.3703849237164152,729.7219800755325,,,,,,,valid
599,inference,178.0,3,2026-09-10T03:23:08.980803+09:00,2026-09-10T03:24:08.980966+09:00,60.000139,43681,293.0,21.91338556010925,5.964087201816265,interpolated_adjacent_idle_blocks,956.9601184500508,0.0219079260651095,1.373598104439044,728.0149825253177,,,,,,,valid
600,inference,179.0,1,2026-09-10T03:24:14.726608+09:00,2026-09-10T03:25:14.726677+09:00,60.000028,29846,293.0,22.75477867309686,5.96298806953417,interpolated_adjacent_idle_blocks,1007.5079063838984,0.0337568822081316,2.010320568920578,497.43310368502097,,,,,,,valid
601,inference,179.0,2,2026-09-10T03:26:15.134695+09:00,2026-09-10T03:27:15.134824+09:00,60.000102,29987,294.0,22.32777037555068,5.960975096345749,interpolated_adjacent_idle_blocks,982.0093861654144,0.0327478369348522,2.000870447193748,499.7824828701507,,,,,,,valid
602,inference,179.0,3,2026-09-10T03:28:15.531645+09:00,2026-09-10T03:29:15.532526+09:00,60.000843,30036,293.0,23.121495620892222,5.958962303557468,interpolated_adjacent_idle_blocks,1029.7664670556717,0.0342844076127204,1.997630942868612,500.5929666688048,,,,,,,valid
603,inference,180.0,1,2026-09-10T03:29:20.939440+09:00,2026-09-10T03:30:20.939722+09:00,60.000244,142394,293.0,20.776404980531535,5.957868826321542,interpolated_adjacent_idle_blocks,889.1157849754213,0.0062440537169783,0.4213677802435516,2373.2236940897515,,,,,,,valid
604,inference,180.0,2,2026-09-10T03:31:21.024902+09:00,2026-09-10T03:32:21.024934+09:00,60.000004,143442,293.0,19.966527998140272,5.955861249337375,interpolated_adjacent_idle_blocks,840.6400609708408,0.0058604875905999,0.4182875559459708,2390.699856557931,,,,,,,valid
605,inference,180.0,3,2026-09-10T03:33:21.110031+09:00,2026-09-10T03:34:21.110319+09:00,60.000264,143533,293.0,20.014568453375407,5.953853673696444,interpolated_adjacent_idle_blocks,843.6465988094396,0.0058777187044752,0.4180241742317135,2392.20614893361,,,,,,,valid
606,idle,,1,2026-09-10T03:34:26.398709+09:00,2026-09-10T03:35:26.399555+09:00,60.000787,0,290.0,6.002893547102836,,,,,,,,,,,,,valid
607,idle,,2,2026-09-10T03:36:26.401522+09:00,2026-09-10T03:37:26.402022+09:00,60.000469,0,292.0,6.0273902805121375,,,,,,,,,,,,,valid
608,idle,,3,2026-09-10T03:38:26.403405+09:00,2026-09-10T03:39:26.403907+09:00,60.000472,0,292.0,5.829507084019614,,,,,,,,,,,,,valid
609,inference,181.0,1,2026-09-10T03:39:31.846889+09:00,2026-09-10T03:40:31.847502+09:00,60.000568,94809,292.0,21.74952155737521,5.954457901710357,interpolated_adjacent_idle_blocks,947.712790936048,0.0099960213791522,0.632857300467272,1580.1350466553,,,,,,,valid
610,inference,181.0,2,2026-09-10T03:41:31.976816+09:00,2026-09-10T03:42:31.977316+09:00,60.000466,94642,292.0,21.630578424401698,5.958505397308152,interpolated_adjacent_idle_blocks,940.3316848116432,0.0099356700493612,0.6339729285095471,1577.354418509592,,,,,,,valid
611,inference,181.0,3,2026-09-10T03:43:32.106996+09:00,2026-09-10T03:44:32.107432+09:00,60.00041,94715,291.0,21.72298497604247,5.962552902256311,interpolated_adjacent_idle_blocks,945.6323862043196,0.0099839770490874,0.6334837121892274,1578.5725516827351,,,,,,,valid
612,inference,182.0,1,2026-09-10T03:44:37.699434+09:00,2026-09-10T03:45:37.699670+09:00,60.000196,46451,293.0,21.113625448736556,5.964762882994093,interpolated_adjacent_idle_blocks,908.9347231216104,0.0195676029175176,1.291687918451717,774.1808107941824,,,,,,,valid
613,inference,182.0,2,2026-09-10T03:46:37.954667+09:00,2026-09-10T03:47:37.955190+09:00,60.000495,46627,293.0,20.63600631739099,5.968814607221073,interpolated_adjacent_idle_blocks,880.0387628700917,0.0188740164040168,1.2868186973212867,777.1102503263712,,,,,,,valid
614,inference,182.0,3,2026-09-10T03:48:38.207047+09:00,2026-09-10T03:49:38.207545+09:00,60.000468,47045,293.0,20.654825062535583,5.972866230072127,interpolated_adjacent_idle_blocks,880.9244011045412,0.0187251440345316,1.275384580720642,784.0772227581434,,,,,,,valid
615,inference,183.0,1,2026-09-10T03:49:47.450726+09:00,2026-09-10T03:50:47.460813+09:00,60.010043,3059,292.0,22.237866578135414,5.975199395764069,interpolated_adjacent_idle_blocks,975.9233569087932,0.3190334609051302,19.61753605753531,50.97480117111287,,,,,,,valid
616,inference,183.0,2,2026-09-10T03:51:51.255577+09:00,2026-09-10T03:52:51.266691+09:00,60.011087,3071,294.0,22.53484898788052,5.979370728560047,interpolated_adjacent_idle_blocks,993.5122461466896,0.3235142449191434,19.54122012373785,51.173877253715695,,,,,,,valid
617,inference,183.0,3,2026-09-10T03:53:55.084081+09:00,2026-09-10T03:54:55.099580+09:00,60.015474,3068,293.0,22.5226973292204,5.983542914849731,interpolated_adjacent_idle_blocks,992.605191737648,0.3235349386367823,19.561758279010057,51.120149106075445,,,,,,,valid
618,inference,184.0,1,2026-09-10T03:55:01.056578+09:00,2026-09-10T03:56:01.056801+09:00,60.000158,18951,293.0,22.355349114912453,5.9857654468105626,interpolated_adjacent_idle_blocks,982.177606480333,0.0518272179030306,3.166068191652219,315.8491666846089,,,,,,,valid
619,inference,184.0,2,2026-09-10T03:57:01.669422+09:00,2026-09-10T03:58:01.670795+09:00,60.001344,19109,293.0,22.226353793746867,5.989829234443177,interpolated_adjacent_idle_blocks,974.2132954472293,0.0509819088098398,3.139952085404765,318.47619734334006,,,,,,,valid
620,inference,184.0,3,2026-09-10T03:59:02.295578+09:00,2026-09-10T04:00:02.295683+09:00,60.000063,19001,292.0,20.707750319473742,5.993893429868882,interpolated_adjacent_idle_blocks,882.8323403492757,0.0464624146281393,3.157731866743909,316.6829997605682,,,,,,,valid
621,inference,185.0,1,2026-09-10T04:00:07.827567+09:00,2026-09-10T04:01:07.827651+09:00,60.00004,57981,293.0,21.397575044517183,5.996101376934933,interpolated_adjacent_idle_blocks,924.0890361138818,0.0159377905885355,1.034822433210922,966.3493638199626,,,,,,,valid
622,inference,185.0,2,2026-09-10T04:02:08.031498+09:00,2026-09-10T04:03:08.031907+09:00,60.000384,58394,293.0,21.571977291846807,6.000151373304875,interpolated_adjacent_idle_blocks,934.3155346936684,0.0160001975321722,1.0275093948008291,973.2271111680088,,,,,,,valid
623,inference,185.0,3,2026-09-10T04:04:08.241066+09:00,2026-09-10T04:05:08.241188+09:00,60.000095,58351,292.0,23.071231367417123,6.004201549291748,interpolated_adjacent_idle_blocks,1024.0234104553551,0.0175493720836893,1.028261647615336,972.5151203675854,,,,,,,valid
624,inference,186.0,1,2026-09-10T04:05:13.587311+09:00,2026-09-10T04:06:13.587359+09:00,60.000006,578642,291.0,19.394012453043697,6.006403237254003,interpolated_adjacent_idle_blocks,803.2566332730369,0.0013881754751176,0.1036910670155319,9644.032304636325,,,,,,,valid
625,inference,186.0,2,2026-09-10T04:07:13.610596+09:00,2026-09-10T04:08:13.610680+09:00,60.000033,581582,291.0,19.47107830397313,6.010447142312565,interpolated_adjacent_idle_blocks,807.6383139004622,0.0013886920742052,0.1031669353590737,9693.028066787949,,,,,,,valid
626,inference,186.0,3,2026-09-10T04:09:13.633220+09:00,2026-09-10T04:10:13.633268+09:00,60.000006,582435,292.0,19.403866393759067,6.01449102388276,interpolated_adjacent_idle_blocks,803.3626025288305,0.0013793171813658,0.103015796955883,9707.24907781138,,,,,,,valid
627,inference,187.0,1,2026-09-10T04:10:18.982628+09:00,2026-09-10T04:11:18.982822+09:00,60.000146,341895,293.0,19.79533314411573,6.016692822121456,interpolated_adjacent_idle_blocks,826.7204310011437,0.0024180535866308,0.1754929039617365,5698.236096304125,,,,,,,valid
628,inference,187.0,2,2026-09-10T04:12:19.020292+09:00,2026-09-10T04:13:19.020391+09:00,60.000073,342805,293.0,20.31123986902176,6.020737209430592,interpolated_adjacent_idle_blocks,857.4312027821643,0.0025012214022028,0.1750268330391897,5713.409667739879,,,,,,,valid
629,inference,187.0,3,2026-09-10T04:14:19.057628+09:00,2026-09-10T04:15:19.057776+09:00,60.000124,343595,293.0,19.869534102841502,6.024781588128398,interpolated_adjacent_idle_blocks,830.686867632098,0.0024176337479651,0.1746245547810684,5726.571507963055,,,,,,,valid
630,inference,188.0,1,2026-09-10T04:15:24.907603+09:00,2026-09-10T04:16:24.909678+09:00,60.002033,23006,292.0,22.314485437003427,6.02700028179752,interpolated_adjacent_idle_blocks,977.282221769675,0.0424794497856939,2.608103668608218,383.420341774082,,,,,,,valid
631,inference,188.0,2,2026-09-10T04:17:25.412478+09:00,2026-09-10T04:18:25.412833+09:00,60.000328,23198,293.0,22.11835025413489,6.031060383322805,interpolated_adjacent_idle_blocks,965.2426688798027,0.0416088744236487,2.586444008104262,386.63121910493305,,,,,,,valid
632,inference,188.0,3,2026-09-10T04:19:25.921485+09:00,2026-09-10T04:20:25.923142+09:00,60.001634,23194,293.0,22.76150037007949,6.0351206749801625,interpolated_adjacent_idle_blocks,1003.6101126103812,0.0432702471591955,2.5869463525051817,386.5561413871635,,,,,,,valid
633,inference,189.0,1,2026-09-10T04:20:31.378153+09:00,2026-09-10T04:21:31.378720+09:00,60.000524,89638,293.0,20.082458584726965,6.037326066272408,interpolated_adjacent_idle_blocks,842.715310756713,0.0094013176415885,0.6693648229545002,1493.9536194718355,,,,,,,valid
634,inference,189.0,2,2026-09-10T04:22:31.510552+09:00,2026-09-10T04:23:31.510660+09:00,60.000082,89496,293.0,20.11141089501865,6.0413736393239805,interpolated_adjacent_idle_blocks,844.2033890847352,0.0094328616819157,0.6704219361758694,1491.597971426868,,,,,,,valid
635,inference,189.0,3,2026-09-10T04:24:31.644464+09:00,2026-09-10T04:25:31.644704+09:00,60.000212,89649,293.0,19.992053203507805,6.045421273329635,interpolated_adjacent_idle_blocks,836.8008724966594,0.0093341908163689,0.6692792122611493,1494.144718198427,,,,,,,valid
636,inference,190.0,1,2026-09-10T04:25:38.415073+09:00,2026-09-10T04:26:38.420081+09:00,60.004963,8248,291.0,22.40467364717447,6.047671033465988,interpolated_adjacent_idle_blocks,981.5013366264808,0.1189987071564598,7.275092495150176,137.45529705177412,,,,,,,valid
637,inference,190.0,2,2026-09-10T04:27:39.834490+09:00,2026-09-10T04:28:39.838151+09:00,60.003633,8300,290.0,22.666279944723406,6.051761954637852,interpolated_adjacent_idle_blocks,996.9314399489912,0.1201122216806013,7.2293533975896995,138.32495729609852,,,,,,,valid
638,inference,190.0,3,2026-09-10T04:29:41.259922+09:00,2026-09-10T04:30:41.264252+09:00,60.00429,8289,293.0,21.11486459123336,6.0558531124285135,interpolated_adjacent_idle_blocks,903.6052918875348,0.1090125819625449,7.239026384365077,138.14012367185322,,,,,,,valid
639,idle,,1,2026-09-10T04:30:46.550185+09:00,2026-09-10T04:31:46.550731+09:00,60.000479,0,293.0,5.986361262067137,,,,,,,,,,,,,valid
640,idle,,2,2026-09-10T04:32:46.552135+09:00,2026-09-10T04:33:46.552537+09:00,60.000371,0,290.0,5.98627108134202,,,,,,,,,,,,,valid
641,idle,,3,2026-09-10T04:34:46.554023+09:00,2026-09-10T04:35:46.554402+09:00,60.00035,0,291.0,6.198494020915383,,,,,,,,,,,,,valid
642,inference,191.0,1,2026-09-10T04:35:52.262898+09:00,2026-09-10T04:36:52.264811+09:00,60.001865,29827,291.0,22.001641142860315,6.057272690226152,interpolated_adjacent_idle_blocks,956.691843405214,0.0320746921716972,2.011662771984943,497.1012109615582,,,,,,,valid
643,inference,191.0,2,2026-09-10T04:37:52.656629+09:00,2026-09-10T04:38:52.657865+09:00,60.001206,29858,292.0,22.7852174915496,6.05805024487399,interpolated_adjacent_idle_blocks,1003.6502077642364,0.0336141137304654,2.009552083193593,497.6233302750698,,,,,,,valid
644,inference,191.0,3,2026-09-10T04:39:53.052790+09:00,2026-09-10T04:40:53.054399+09:00,60.00158,30016,292.0,22.61396341024146,6.058827818606287,interpolated_adjacent_idle_blocks,993.334292612345,0.0330934932240253,1.9989865405116092,500.2534933247052,,,,,,,valid
645,inference,192.0,1,2026-09-10T04:40:58.534784+09:00,2026-09-10T04:41:58.535373+09:00,60.000546,82340,293.0,21.264613695836665,6.059250727464473,interpolated_adjacent_idle_blocks,912.3300802305124,0.0110800349797244,0.7286925710468539,1372.3208383521471,,,,,,,valid
646,inference,192.0,2,2026-09-10T04:42:58.681981+09:00,2026-09-10T04:43:58.682714+09:00,60.000706,82651,293.0,20.09750377196621,6.060026692535773,interpolated_adjacent_idle_blocks,842.2585352246444,0.0101905425853848,0.72595256923688,1377.5004626696175,,,,,,,valid
647,inference,192.0,3,2026-09-10T04:44:58.828110+09:00,2026-09-10T04:45:58.828170+09:00,60.000033,82700,292.0,22.263169994415325,6.060802648071004,interpolated_adjacent_idle_blocks,972.1425754587816,0.0117550492800336,0.7255143095525957,1378.332566061546,,,,,,,valid
648,inference,193.0,1,2026-09-10T04:46:04.246057+09:00,2026-09-10T04:47:04.246372+09:00,60.00027,89833,293.0,21.19514941358461,6.061225147401704,interpolated_adjacent_idle_blocks,908.039542130526,0.0101080843579812,0.6679090122783287,1497.2099217359917,,,,,,,valid
649,inference,193.0,2,2026-09-10T04:48:04.383113+09:00,2026-09-10T04:49:04.383405+09:00,60.000267,90208,293.0,21.36673511605016,6.062001046438065,interpolated_adjacent_idle_blocks,918.2881305407224,0.0101796750902439,0.6651324350390296,1503.459983787019,,,,,,,valid
650,inference,193.0,3,2026-09-10T04:50:04.517059+09:00,2026-09-10T04:51:04.517727+09:00,60.000625,90435,293.0,21.88428126995155,6.062776926679453,interpolated_adjacent_idle_blocks,949.3001490365402,0.0104970437224143,0.6634668513297459,1507.2343071786652,,,,,,,valid
651,inference,194.0,1,2026-09-10T04:51:10.410881+09:00,2026-09-10T04:52:10.411136+09:00,60.000204,19764,292.0,22.13799582282681,6.063202497266896,interpolated_adjacent_idle_blocks,964.4908787914331,0.0488003885241567,3.0358330246915006,329.39888059278866,,,,,,,valid
652,inference,194.0,2,2026-09-10T04:53:11.046207+09:00,2026-09-10T04:54:11.048377+09:00,60.002142,19853,293.0,22.57661197224857,6.063981620614467,interpolated_adjacent_idle_blocks,990.7931911522596,0.0499064721277519,3.0223211756409523,330.8715195657282,,,,,,,valid
653,inference,194.0,3,2026-09-10T04:55:11.638277+09:00,2026-09-10T04:56:11.638893+09:00,60.00059,19910,292.0,22.9761663895222,6.064760453392911,interpolated_adjacent_idle_blocks,1014.6943338972596,0.0509640549421024,3.0135906680062687,331.8300692315257,,,,,,,valid
654,inference,195.0,1,2026-09-10T04:56:18.295029+09:00,2026-09-10T04:57:18.296985+09:00,60.001909,9154,293.0,22.099179260946467,6.0651909569866,interpolated_adjacent_idle_blocks,962.0699071212644,0.1050983075290872,6.554720264364618,152.56181189555846,,,,,,,valid
655,inference,195.0,2,2026-09-10T04:58:19.570667+09:00,2026-09-10T04:59:19.571286+09:00,60.000591,9202,293.0,22.215061296827237,6.065974205255082,interpolated_adjacent_idle_blocks,968.9547696048004,0.1052982796788524,6.520385883503897,153.36515627547865,,,,,,,valid
656,inference,195.0,3,2026-09-10T05:00:20.843923+09:00,2026-09-10T05:01:20.844264+09:00,60.000316,9219,292.0,22.44665755837216,6.066757441559207,interpolated_adjacent_idle_blocks,982.799183057214,0.1066058339361334,6.508332302852946,153.6491920613284,,,,,,,valid
657,inference,196.0,1,2026-09-10T05:01:26.573086+09:00,2026-09-10T05:02:26.573263+09:00,60.000135,29073,294.0,21.97273420419989,6.067181949509983,interpolated_adjacent_idle_blocks,954.335282530949,0.0328254835252966,2.0637751487635017,484.5489105725224,,,,,,,valid
658,inference,196.0,2,2026-09-10T05:03:26.981654+09:00,2026-09-10T05:04:26.981935+09:00,60.000254,29155,290.0,22.17500060332136,6.067959602502684,interpolated_adjacent_idle_blocks,966.4265512375346,0.0331478837673652,2.0579747659063954,485.914607198582,,,,,,,valid
659,inference,196.0,3,2026-09-10T05:05:27.403569+09:00,2026-09-10T05:06:27.404417+09:00,60.000823,29241,293.0,22.82087622664353,6.068737343193972,interpolated_adjacent_idle_blocks,1005.1421200172748,0.0343744099044928,2.051941568345744,487.3433120252984,,,,,,,valid
660,inference,197.0,1,2026-09-10T05:06:32.901755+09:00,2026-09-10T05:07:32.902457+09:00,60.000651,69147,293.0,19.776892108061823,6.06916035944959,interpolated_adjacent_idle_blocks,822.4728286501024,0.0118945554926475,0.8677260242672156,1152.4374883702355,,,,,,,valid
661,inference,197.0,2,2026-09-10T05:08:33.076311+09:00,2026-09-10T05:09:33.077142+09:00,60.000804,69493,291.0,21.23737561105986,6.069936501168394,interpolated_adjacent_idle_blocks,910.0585412145324,0.0130956864894958,0.8634078828083832,1158.2011467712423,,,,,,,valid
662,inference,197.0,3,2026-09-10T05:10:33.254926+09:00,2026-09-10T05:11:33.255546+09:00,60.000596,68779,292.0,21.3395527071437,6.0707126680061885,interpolated_adjacent_idle_blocks,916.139502576914,0.0133200468540821,0.8723679582430178,1146.3052838552644,,,,,,,valid
663,inference,198.0,1,2026-09-10T05:11:38.911372+09:00,2026-09-10T05:12:38.912314+09:00,60.0009,35752,293.0,22.08092759949752,6.071136707885737,interpolated_adjacent_idle_blocks,960.6018623085096,0.0268684790307817,1.6782529760571396,595.8577248284604,,,,,,,valid
664,inference,198.0,2,2026-09-10T05:13:39.239020+09:00,2026-09-10T05:14:39.239376+09:00,60.000311,35945,290.0,21.737521686781665,6.071913836035794,interpolated_adjacent_idle_blocks,939.941343048794,0.0261494322728834,1.669225513979605,599.0802271023867,,,,,,,valid
665,inference,198.0,3,2026-09-10T05:15:39.575329+09:00,2026-09-10T05:16:39.575939+09:00,60.000585,35901,292.0,22.57693778554332,6.07269102283122,interpolated_adjacent_idle_blocks,990.2644607470822,0.0275831999316755,1.6712789420908576,598.3441631526498,,,,,,,valid
666,inference,199.0,1,2026-09-10T05:16:45.529121+09:00,2026-09-10T05:17:45.530036+09:00,60.000874,19038,293.0,22.54394598448092,6.073116983051748,interpolated_adjacent_idle_blocks,988.2641355902978,0.051910081709754,3.151637472423526,317.29537700636183,,,,,,,valid
667,inference,199.0,2,2026-09-10T05:18:46.147668+09:00,2026-09-10T05:19:46.149556+09:00,60.001858,19042,290.0,22.61793113977976,6.073895994990672,interpolated_adjacent_idle_blocks,992.672847504644,0.0521307030513939,3.1510270822393123,317.3568407699432,,,,,,,valid
668,inference,199.0,3,2026-09-10T05:20:46.770553+09:00,2026-09-10T05:21:46.773192+09:00,60.002613,19040,293.0,22.49991971664613,6.074675034228964,interpolated_adjacent_idle_blocks,985.557600109385,0.0517624789973416,3.151397725840437,317.319515655014,,,,,,,valid
669,inference,200.0,1,2026-09-10T05:21:52.718980+09:00,2026-09-10T05:22:52.719820+09:00,60.000739,19167,293.0,19.807284684809744,6.075100953005388,interpolated_adjacent_idle_blocks,823.9411719920392,0.0429874874519767,3.130418881410785,319.44606708650133,,,,,,,valid
670,inference,200.0,2,2026-09-10T05:23:53.339950+09:00,2026-09-10T05:24:53.340507+09:00,60.000512,19285,293.0,22.38011330526317,6.075879976537574,interpolated_adjacent_idle_blocks,978.262347491,0.0507265930770547,3.1112528804769086,321.41392500590143,,,,,,,valid
671,inference,200.0,3,2026-09-10T05:25:53.946285+09:00,2026-09-10T05:26:53.947889+09:00,60.001579,19296,291.0,22.84277150305028,6.076658909844338,interpolated_adjacent_idle_blocks,1005.9932292841412,0.0521348066585894,3.1095345874792275,321.591534638841,,,,,,,valid
672,idle,,1,2026-09-10T05:26:59.238686+09:00,2026-09-10T05:27:59.239365+09:00,60.000612,0,291.0,6.307703405903337,,,,,,,,,,,,,valid
673,idle,,2,2026-09-10T05:28:59.240963+09:00,2026-09-10T05:29:59.241572+09:00,60.000551,0,291.0,5.905663771657402,,,,,,,,,,,,,valid
674,idle,,3,2026-09-10T05:30:59.243228+09:00,2026-09-10T05:31:59.243757+09:00,60.000499,0,291.0,6.017293052695491,,,,,,,,,,,,,valid
675,inference,201.0,1,2026-09-10T05:32:04.872738+09:00,2026-09-10T05:33:04.872904+09:00,60.000103,39075,294.0,20.654130082553127,6.076242261385769,interpolated_adjacent_idle_blocks,874.6747707924872,0.0223845110887392,1.5355112731927258,651.2488820226899,,,,,,,valid
676,inference,201.0,2,2026-09-10T05:34:05.174485+09:00,2026-09-10T05:35:05.175418+09:00,60.000905,39440,293.0,20.544139890861057,6.074065834767052,interpolated_adjacent_idle_blocks,868.2175387826612,0.0220136292794792,1.5213211232251913,657.3234176095617,,,,,,,valid
677,inference,201.0,3,2026-09-10T05:36:05.477358+09:00,2026-09-10T05:37:05.477763+09:00,60.000379,39420,293.0,21.509706271270677,6.071889399495833,interpolated_adjacent_idle_blocks,926.2748632390848,0.023497586586481,1.52207963723997,656.99584669126,,,,,,,valid
678,inference,202.0,1,2026-09-10T05:37:11.106724+09:00,2026-09-10T05:38:11.108044+09:00,60.001279,40628,293.0,22.58962333096844,6.070702068116913,interpolated_adjacent_idle_blocks,991.1564034713864,0.0243958945424679,1.4768454932559176,677.1189028009671,,,,,,,valid
679,inference,202.0,2,2026-09-10T05:39:11.402002+09:00,2026-09-10T05:40:11.403174+09:00,60.00114,40697,290.0,21.766283302536387,6.068525766812829,interpolated_adjacent_idle_blocks,941.883347587004,0.0231438029237291,1.4743381600609644,678.2704450644143,,,,,,,valid
680,inference,202.0,3,2026-09-10T05:41:11.693503+09:00,2026-09-10T05:42:11.693892+09:00,60.000366,40779,293.0,22.4048453645291,6.066349539581243,interpolated_adjacent_idle_blocks,980.3157293863432,0.0240397196936252,1.4713545182569323,679.645855293032,,,,,,,valid
681,inference,203.0,1,2026-09-10T05:42:17.032634+09:00,2026-09-10T05:43:17.032746+09:00,60.000073,632799,293.0,19.703994302951383,6.065167469721807,interpolated_adjacent_idle_blocks,818.3306056281335,0.0012931920019281,0.0948169537246415,10546.63708036968,,,,,,,valid
682,inference,203.0,2,2026-09-10T05:44:17.053786+09:00,2026-09-10T05:45:17.053828+09:00,60.000016,635427,293.0,19.98593721753342,6.062996127017668,interpolated_adjacent_idle_blocks,835.3766881980025,0.0013146698018781,0.0944247199127431,10590.447087627992,,,,,,,valid
683,inference,203.0,3,2026-09-10T05:46:17.075002+09:00,2026-09-10T05:47:17.075106+09:00,60.000077,635852,293.0,20.02445118483201,6.060824781962776,interpolated_adjacent_idle_blocks,837.818659371387,0.0013176315547822,0.0943617024087342,10597.519697858255,,,,,,,valid
684,inference,204.0,1,2026-09-10T05:47:22.548538+09:00,2026-09-10T05:48:22.548846+09:00,60.000265,118504,293.0,20.3691943793328,6.059640276186653,interpolated_adjacent_idle_blocks,858.577038220606,0.0072451312885692,0.5063142569027216,1975.057953369325,,,,,,,valid
685,inference,204.0,2,2026-09-10T05:49:22.652726+09:00,2026-09-10T05:50:22.653016+09:00,60.000264,119309,293.0,22.006937197338157,6.057467430776612,interpolated_adjacent_idle_blocks,956.972396653711,0.0080209573180037,0.5028980521167705,1988.4745939875,,,,,,,valid
686,inference,204.0,3,2026-09-10T05:51:22.754888+09:00,2026-09-10T05:52:22.755214+09:00,60.000296,118874,292.0,20.606378734539696,6.055294621533686,interpolated_adjacent_idle_blocks,873.0693539012582,0.0073444937825029,0.5047385996937988,1981.223549391018,,,,,,,valid
687,inference,205.0,1,2026-09-10T05:52:28.227254+09:00,2026-09-10T05:53:28.227438+09:00,60.000143,75875,292.0,21.5504873639455,6.054110140058759,interpolated_adjacent_idle_blocks,929.7848494151476,0.0122541660548948,0.7907761871499045,1264.5803152016688,,,,,,,valid
688,inference,205.0,2,2026-09-10T05:54:28.385617+09:00,2026-09-10T05:55:28.385969+09:00,60.000311,76256,292.0,21.978768765345983,6.0519363128700485,interpolated_adjacent_idle_blocks,955.6149003934491,0.0125316683328977,0.7868274103021851,1270.9267456962957,,,,,,,valid
689,inference,205.0,3,2026-09-10T05:56:28.543656+09:00,2026-09-10T05:57:28.543939+09:00,60.00026,76428,292.0,21.8167223956278,6.049762493686844,interpolated_adjacent_idle_blocks,946.0216935260316,0.0123779464793797,0.7850559964934111,1273.794486592897,,,,,,,valid
690,inference,206.0,1,2026-09-10T05:57:34.279869+09:00,2026-09-10T05:58:34.280923+09:00,60.001011,29546,290.0,23.14483284721045,6.048573230604389,interpolated_adjacent_idle_blocks,1025.7928613148365,0.0347185020413875,2.030765958166936,492.4250359714748,,,,,,,valid
691,inference,206.0,2,2026-09-10T05:59:34.682254+09:00,2026-09-10T06:00:34.683094+09:00,60.000813,29769,292.0,22.645098907851004,6.04639499218788,interpolated_adjacent_idle_blocks,995.9357296860708,0.0334554647346592,2.015546803722144,496.1432789123445,,,,,,,valid
692,inference,206.0,3,2026-09-10T06:01:35.079010+09:00,2026-09-10T06:02:35.079541+09:00,60.000507,29749,292.0,22.624913049608576,6.044216856462687,interpolated_adjacent_idle_blocks,994.8501780017234,0.0334414662006024,2.0168915526570803,495.8124787039672,,,,,,,valid
693,inference,207.0,1,2026-09-10T06:02:41.525184+09:00,2026-09-10T06:03:41.527464+09:00,60.002236,10760,292.0,22.393732682687677,6.043014740394007,interpolated_adjacent_idle_blocks,981.0796367429392,0.0911784049017601,5.576416031598216,179.32664893250396,,,,,,,valid
694,inference,207.0,2,2026-09-10T06:04:42.631282+09:00,2026-09-10T06:05:42.633080+09:00,60.001771,10749,293.0,22.65067096274769,6.040823773283652,interpolated_adjacent_idle_blocks,996.6202474072148,0.0927174851062624,5.582079319006407,179.14471343950677,,,,,,,valid
695,inference,207.0,3,2026-09-10T06:06:43.707114+09:00,2026-09-10T06:07:43.709328+09:00,60.002187,10844,293.0,22.533324417736765,6.038633345613263,interpolated_adjacent_idle_blocks,989.7175382167848,0.0912686774452955,5.533215308004122,180.7267464458578,,,,,,,valid
696,inference,208.0,1,2026-09-10T06:07:49.244998+09:00,2026-09-10T06:08:49.246132+09:00,60.001092,54479,292.0,22.58908353464965,6.0374476873117295,interpolated_adjacent_idle_blocks,993.1162252266204,0.0182293402086422,1.1013618531910347,907.9668022845048,,,,,,,valid
697,inference,208.0,2,2026-09-10T06:09:49.465237+09:00,2026-09-10T06:10:49.465597+09:00,60.000334,54804,293.0,22.509056584654623,6.035272749225376,interpolated_adjacent_idle_blocks,988.432532369556,0.0180357735269242,1.0948166867382243,913.3949200018948,,,,,,,valid
698,inference,208.0,3,2026-09-10T06:11:49.682972+09:00,2026-09-10T06:12:49.683540+09:00,60.000542,54779,292.0,22.076121092943552,6.033097847551995,interpolated_adjacent_idle_blocks,962.5900900420924,0.0175722464820842,1.0953201482319386,912.97508003865,,,,,,,valid
699,inference,209.0,1,2026-09-10T06:12:55.183954+09:00,2026-09-10T06:13:55.184527+09:00,60.000496,67220,293.0,20.507513175782734,6.031912847047692,interpolated_adjacent_idle_blocks,868.5431996218656,0.0129209044870851,0.8925988664087927,1120.3240757220722,,,,,,,valid
700,inference,209.0,2,2026-09-10T06:14:55.364662+09:00,2026-09-10T06:15:55.365577+09:00,60.000889,67534,293.0,22.04831116566369,6.029738614032459,interpolated_adjacent_idle_blocks,961.1285936088724,0.0142317735305012,0.8884545354932272,1125.5499972712146,,,,,,,valid
701,inference,209.0,3,2026-09-10T06:16:55.545965+09:00,2026-09-10T06:17:55.546862+09:00,60.000869,67615,292.0,22.796507263481576,6.027564373512065,interpolated_adjacent_idle_blocks,1006.151145609542,0.0148805907802934,0.8873899134806754,1126.9003453934083,,,,,,,valid
702,inference,210.0,1,2026-09-10T06:18:00.983448+09:00,2026-09-10T06:19:00.983568+09:00,60.000077,109247,292.0,19.773403290948355,6.026380528854421,interpolated_adjacent_idle_blocks,824.8224242463887,0.0075500693313902,0.5492148708888753,1820.78099666448,,,,,,,valid
703,inference,210.0,2,2026-09-10T06:20:01.096084+09:00,2026-09-10T06:21:01.096514+09:00,60.000402,109928,292.0,21.416557394853392,6.024207527643261,interpolated_adjacent_idle_blocks,923.5471797572544,0.0084013825390915,0.5458154619387109,1832.121055068772,,,,,,,valid
704,inference,210.0,3,2026-09-10T06:22:01.206699+09:00,2026-09-10T06:23:01.207054+09:00,60.000329,110055,291.0,19.98104601330555,6.022034566485511,interpolated_adjacent_idle_blocks,837.5452793239685,0.007610242872418,0.5451849402571368,1834.2399544792072,,,,,,,valid
705,idle,,1,2026-09-10T06:23:06.482157+09:00,2026-09-10T06:24:06.482739+09:00,60.000521,0,292.0,6.104382848618586,,,,,,,,,,,,,valid
706,idle,,2,2026-09-10T06:25:06.484833+09:00,2026-09-10T06:26:06.485116+09:00,60.00025,0,292.0,6.114085839586156,,,,,,,,,,,,,valid
707,idle,,3,2026-09-10T06:27:06.487217+09:00,2026-09-10T06:28:06.487938+09:00,60.000685,0,292.0,5.845721378893502,,,,,,,,,,,,,valid
708,inference,211.0,1,2026-09-10T06:28:12.063407+09:00,2026-09-10T06:29:12.064689+09:00,60.001241,48321,293.0,21.743438110550606,6.0198832764567785,interpolated_adjacent_idle_blocks,943.4328029771788,0.0195242814299616,1.2417218414353777,805.3333416798424,,,,,,,valid
709,inference,211.0,2,2026-09-10T06:30:12.316194+09:00,2026-09-10T06:31:12.317035+09:00,60.0008,48229,290.0,21.70626426792972,6.014768728545133,interpolated_adjacent_idle_blocks,941.5022855595068,0.0195214971398848,1.2440813680564935,803.805945235079,,,,,,,valid
710,inference,211.0,3,2026-09-10T06:32:12.565809+09:00,2026-09-10T06:33:12.567052+09:00,60.001216,48242,293.0,21.62445379095408,6.009654297632859,interpolated_adjacent_idle_blocks,936.9069571954572,0.019420980829888,1.243754734463817,804.0170399279731,,,,,,,valid
711,inference,212.0,1,2026-09-10T06:33:18.022915+09:00,2026-09-10T06:34:18.023417+09:00,60.00046,83591,293.0,21.34474147909444,6.006870310412699,interpolated_adjacent_idle_blocks,920.2793255416422,0.0110093111165274,0.7177861300857592,1393.1726430552824,,,,,,,valid
712,inference,212.0,2,2026-09-10T06:35:18.167038+09:00,2026-09-10T06:36:18.167661+09:00,60.000596,84035,293.0,21.623289668726983,6.001760372233672,interpolated_adjacent_idle_blocks,937.3010682210596,0.0111536986758024,0.7139953126674132,1400.569418676017,,,,,,,valid
713,inference,212.0,3,2026-09-10T06:37:18.313505+09:00,2026-09-10T06:38:18.314028+09:00,60.000497,83997,293.0,19.899541363237027,5.996650339049697,interpolated_adjacent_idle_blocks,834.1803711880789,0.0099310733858123,0.7143171434693428,1399.9384015104745,,,,,,,valid
714,inference,213.0,1,2026-09-10T06:38:24.479775+09:00,2026-09-10T06:39:24.482191+09:00,60.002371,14250,293.0,20.12056125816864,5.993836133846966,interpolated_adjacent_idle_blocks,847.6370019245701,0.0594832983806715,4.210692680701756,237.4906163499302,,,,,,,valid
715,inference,213.0,2,2026-09-10T06:40:25.297234+09:00,2026-09-10T06:41:25.298935+09:00,60.001673,14334,294.0,21.71022113983805,5.988697575307822,interpolated_adjacent_idle_blocks,943.3177159807371,0.0658098029845637,4.185968564252958,238.89333726481613,,,,,,,valid
716,inference,213.0,3,2026-09-10T06:42:26.111986+09:00,2026-09-10T06:43:26.112255+09:00,60.000243,14342,290.0,21.59400102018447,5.983559147143171,interpolated_adjacent_idle_blocks,936.6303057198533,0.0653068125589076,4.183533886487395,239.0323652522452,,,,,,,valid
717,inference,214.0,1,2026-09-10T06:43:31.755005+09:00,2026-09-10T06:44:31.755149+09:00,60.000102,36629,293.0,22.686670613150174,5.980767239629414,interpolated_adjacent_idle_blocks,1002.3559064133896,0.0273650906771517,1.6380491386607514,610.4822965308523,,,,,,,valid
718,inference,214.0,2,2026-09-10T06:45:32.080015+09:00,2026-09-10T06:46:32.080283+09:00,60.000239,36876,292.0,23.02632886532141,5.975649607945742,interpolated_adjacent_idle_blocks,1023.0448305548828,0.0277428362771147,1.6270809957695886,614.5975539017421,,,,,,,valid
719,inference,214.0,3,2026-09-10T06:47:32.409305+09:00,2026-09-10T06:48:32.410601+09:00,60.001255,36829,291.0,22.57927124865093,5.970531774996382,interpolated_adjacent_idle_blocks,996.5452123873122,0.0270587095057512,1.6291850253875444,613.8038248676659,,,,,,,valid
720,inference,215.0,1,2026-09-10T06:48:37.788453+09:00,2026-09-10T06:49:37.788504+09:00,60.000005,211617,293.0,20.65783594289732,5.967751114186569,interpolated_adjacent_idle_blocks,881.4051631730692,0.0041650962029188,0.2835311189554723,3526.9497178440124,,,,,,,valid
721,inference,215.0,2,2026-09-10T06:50:37.846803+09:00,2026-09-10T06:51:37.846897+09:00,60.000058,212712,293.0,20.125567013915585,5.962644825732844,interpolated_adjacent_idle_blocks,849.7761527404512,0.0039949610399998,0.2820718050697824,3545.1965847937463,,,,,,,valid
722,inference,215.0,3,2026-09-10T06:52:37.904760+09:00,2026-09-10T06:53:37.904978+09:00,60.000184,211139,293.0,19.9205522397483,5.957538552266558,interpolated_adjacent_idle_blocks,837.7833904434231,0.0039679234553702,0.2841738570325559,3518.972541817726,,,,,,,valid
723,inference,216.0,1,2026-09-10T06:53:43.494210+09:00,2026-09-10T06:54:43.495281+09:00,60.001022,46718,293.0,21.788069128102613,5.954748902329583,interpolated_adjacent_idle_blocks,950.0153951996526,0.0203351041397245,1.2843234213793606,778.6200760288262,,,,,,,valid
724,inference,216.0,2,2026-09-10T06:55:43.748524+09:00,2026-09-10T06:56:43.749088+09:00,60.000537,47341,292.0,22.329634941769346,5.949634290888638,interpolated_adjacent_idle_blocks,982.808835113192,0.0207602043706975,1.2674117002174627,789.009601085756,,,,,,,valid
725,inference,216.0,3,2026-09-10T06:57:44.002395+09:00,2026-09-10T06:58:44.002963+09:00,60.000543,47356,293.0,22.37640889990435,5.94451968742815,interpolated_adjacent_idle_blocks,985.9222752644145,0.0208193740025427,1.2670103788326392,789.2595172908929,,,,,,,valid
726,inference,217.0,1,2026-09-10T06:58:50.494599+09:00,2026-09-10T06:59:50.499812+09:00,60.00517,10304,292.0,21.675423290336266,5.941691561166122,interpolated_adjacent_idle_blocks,944.1052471432484,0.0916251210348649,5.82348309394434,171.71853749174082,,,,,,,valid
727,inference,217.0,2,2026-09-10T07:00:51.638246+09:00,2026-09-10T07:01:51.641926+09:00,60.003652,10360,293.0,21.582135306336493,5.936539146678875,interpolated_adjacent_idle_blocks,938.7929072966322,0.0906170759938834,5.791858339768577,172.65615651089223,,,,,,,valid
728,inference,217.0,3,2026-09-10T07:02:52.788337+09:00,2026-09-10T07:03:52.789503+09:00,60.001141,10382,292.0,21.76839317988612,5.931386478997203,interpolated_adjacent_idle_blocks,950.2384720779804,0.0915274968289328,5.779343170872579,173.03004345544298,,,,,,,valid
729,inference,218.0,1,2026-09-10T07:03:58.144198+09:00,2026-09-10T07:04:58.144287+09:00,60.00005,359657,292.0,20.03514990465624,5.928606805036217,interpolated_adjacent_idle_blocks,846.3932913043564,0.002353334680833,0.1668257537042324,5994.278328110616,,,,,,,valid
730,inference,218.0,2,2026-09-10T07:05:58.181073+09:00,2026-09-10T07:06:58.181227+09:00,60.000126,357226,290.0,19.828842615670947,5.923501429487879,interpolated_adjacent_idle_blocks,834.3222232439734,0.0023355585070626,0.1679612525403939,5953.754124091831,,,,,,,valid
731,inference,218.0,3,2026-09-10T07:07:58.216526+09:00,2026-09-10T07:08:58.216625+09:00,60.000074,361804,292.0,20.456803799764224,5.918396116961822,interpolated_adjacent_idle_blocks,872.3055368103126,0.0024109892008112,0.1658358506262968,6030.059219543861,,,,,,,valid
732,inference,219.0,1,2026-09-10T07:09:03.613478+09:00,2026-09-10T07:10:03.613659+09:00,60.000137,162843,290.0,19.411532579857848,5.915614670700696,interpolated_adjacent_idle_blocks,809.7569234901827,0.0049726234685567,0.3684538899430367,2714.0438119803835,,,,,,,valid
733,inference,219.0,2,2026-09-10T07:11:03.690344+09:00,2026-09-10T07:12:03.690680+09:00,60.000309,163537,291.0,20.61714044689003,5.910507592333902,interpolated_adjacent_idle_blocks,882.4025156229199,0.0053957362286389,0.3668913395745028,2725.602629813329,,,,,,,valid
734,inference,219.0,3,2026-09-10T07:13:03.766259+09:00,2026-09-10T07:14:03.766615+09:00,60.000332,163578,292.0,19.63343179138834,5.905400557306969,interpolated_adjacent_idle_blocks,823.686431751252,0.005035435277062,0.3667995188839634,2726.2849281881117,,,,,,,valid
735,inference,220.0,1,2026-09-10T07:14:09.893685+09:00,2026-09-10T07:15:09.895285+09:00,60.00156,14876,292.0,22.58845484788979,5.902588018011816,interpolated_adjacent_idle_blocks,1001.178039744933,0.0673015622307699,4.033447129604761,247.92688930026716,,,,,,,valid
736,inference,220.0,2,2026-09-10T07:16:10.677831+09:00,2026-09-10T07:17:10.680784+09:00,60.002919,14925,290.0,22.775926354822328,5.897450832354523,interpolated_adjacent_idle_blocks,1012.7577996181184,0.0678564689861385,4.020296107202307,248.7378972430696,,,,,,,valid
737,inference,220.0,3,2026-09-10T07:18:11.504766+09:00,2026-09-10T07:19:11.507707+09:00,60.002917,14988,292.0,22.89892811226537,5.892311855830108,interpolated_adjacent_idle_blocks,1020.4465836857356,0.0680842396374256,4.003397184414063,249.78785614706877,,,,,,,valid
738,idle,,1,2026-09-10T07:19:16.791967+09:00,2026-09-10T07:20:16.792511+09:00,60.000487,0,293.0,5.828518312910481,,,,,,,,,,,,,valid
739,idle,,2,2026-09-10T07:21:16.794174+09:00,2026-09-10T07:22:16.794773+09:00,60.00057,0,291.0,6.118350318935542,,,,,,,,,,,,,valid
740,idle,,3,2026-09-10T07:23:16.796803+09:00,2026-09-10T07:24:16.797378+09:00,60.000546,0,292.0,5.725564495483005,,,,,,,,,,,,,valid
741,idle,,1,2026-09-10T13:04:05.536131+09:00,2026-09-10T13:05:05.536861+09:00,60.000669,0,291.0,6.019925268272779,,,,,,,,,,,,,valid
742,idle,,2,2026-09-10T13:06:05.538946+09:00,2026-09-10T13:07:05.539351+09:00,60.000368,0,291.0,5.950027519399029,,,,,,,,,,,,,valid
743,idle,,3,2026-09-10T13:08:05.541418+09:00,2026-09-10T13:09:05.542197+09:00,60.000748,0,291.0,6.021610316808224,,,,,,,,,,,,,valid
744,inference,221.0,1,2026-09-10T13:09:12.752557+09:00,2026-09-10T13:10:12.756576+09:00,60.003974,6346,292.0,22.664364380726788,5.996406505906532,interpolated_adjacent_idle_blocks,1000.14371095381,0.1576022235981421,9.45540091396168,105.75966149921972,,,,,,,valid
745,inference,221.0,2,2026-09-10T13:11:14.964290+09:00,2026-09-10T13:12:14.971346+09:00,60.007008,6122,293.0,22.08137360390752,5.993840601043949,interpolated_adjacent_idle_blocks,965.3647216030986,0.1576878016339592,9.801863459653912,102.02141706178269,,,,,,,valid
746,inference,221.0,3,2026-09-10T13:13:16.841568+09:00,2026-09-10T13:14:16.850106+09:00,60.008513,6298,292.0,22.42708582882478,5.991281734475897,interpolated_adjacent_idle_blocks,986.2881636611882,0.1566033921341994,9.528185614480895,104.95177575888157,,,,,,,valid
747,inference,222.0,1,2026-09-10T13:14:22.756525+09:00,2026-09-10T13:15:22.756768+09:00,60.000202,30448,293.0,22.191193570786258,5.9898979167221365,interpolated_adjacent_idle_blocks,972.0810119055692,0.0319259396973715,1.970579410798809,507.46495904706137,,,,,,,valid
748,inference,222.0,2,2026-09-10T13:16:23.151165+09:00,2026-09-10T13:17:23.152783+09:00,60.001587,30440,291.0,22.822161185308914,5.9873701797295285,interpolated_adjacent_idle_blocks,1010.114177148089,0.0331837771730646,1.971142792378311,507.3199181036679,,,,,,,valid
749,inference,222.0,3,2026-09-10T13:18:23.549463+09:00,2026-09-10T13:19:23.550875+09:00,60.001374,30592,293.0,21.619643411070925,5.984842382528703,interpolated_adjacent_idle_blocks,938.1095439291464,0.0306651916817843,1.9613419717572056,509.8549943863588,,,,,,,valid
750,inference,223.0,1,2026-09-10T13:19:33.422264+09:00,2026-09-10T13:20:33.429114+09:00,60.006806,2620,293.0,22.34498979058533,5.983375324451957,interpolated_adjacent_idle_blocks,981.808225116059,0.3747359637847554,22.9033611068696,43.6617139001516,,,,,,,valid
751,inference,223.0,2,2026-09-10T13:21:37.908699+09:00,2026-09-10T13:22:37.928780+09:00,60.020056,2627,293.0,22.358457279812438,5.980761554502253,interpolated_adjacent_idle_blocks,982.9902145840776,0.3741873675615065,22.84737563760932,43.7687030607528,,,,,,,valid
752,inference,223.0,3,2026-09-10T13:23:42.404184+09:00,2026-09-10T13:24:42.416189+09:00,60.011978,2624,292.0,22.393643470251693,5.978147818215691,interpolated_adjacent_idle_blocks,985.1263639290804,0.3754292545461434,22.87041836890273,43.72460459051838,,,,,,,valid
753,inference,224.0,1,2026-09-10T13:24:48.117751+09:00,2026-09-10T13:25:48.118201+09:00,60.000403,32932,293.0,22.59728627052327,5.976768262931395,interpolated_adjacent_idle_blocks,997.2377785242696,0.0302817253286854,1.8219483572209545,548.8629773926826,,,,,,,valid
754,inference,224.0,2,2026-09-10T13:26:48.480062+09:00,2026-09-10T13:27:48.480518+09:00,60.00043,33025,293.0,22.39684560281644,5.974241219064112,interpolated_adjacent_idle_blocks,985.3633247450248,0.0298368909839523,1.8168184647993495,550.4127238768681,,,,,,,valid
755,inference,224.0,3,2026-09-10T13:28:48.840848+09:00,2026-09-10T13:29:48.842397+09:00,60.001524,33059,293.0,22.34092470587196,5.971714195805179,interpolated_adjacent_idle_blocks,982.177577280824,0.0297098392958293,1.814983030339896,550.9693387120693,,,,,,,valid
756,inference,225.0,1,2026-09-10T13:29:54.380129+09:00,2026-09-10T13:30:54.380507+09:00,60.000337,57000,292.0,23.312978563152274,5.970338190693301,interpolated_adjacent_idle_blocks,1040.564266817344,0.0182555134529358,1.0526374894735022,949.9946657801156,,,,,,,valid
757,inference,225.0,2,2026-09-10T13:31:54.591586+09:00,2026-09-10T13:32:54.591706+09:00,60.000092,57038,292.0,22.84122770348052,5.96781431682269,interpolated_adjacent_idle_blocks,1012.4063555535012,0.0177496818884515,1.0519319050457947,950.6318756977582,,,,,,,valid
758,inference,225.0,3,2026-09-10T13:33:54.801862+09:00,2026-09-10T13:34:54.802573+09:00,60.000686,57032,292.0,22.338249114359886,5.965290458840079,interpolated_adjacent_idle_blocks,982.388751180826,0.0172252200726053,1.0520529825360696,950.522470445746,,,,,,,valid
759,inference,226.0,1,2026-09-10T13:35:00.276232+09:00,2026-09-10T13:36:00.276363+09:00,60.00009,76748,293.0,21.824933923916,5.963915810355287,interpolated_adjacent_idle_blocks,951.6625143052728,0.0123998347097679,0.7817805011205582,1279.131416768081,,,,,,,valid
760,inference,226.0,2,2026-09-10T13:37:00.434646+09:00,2026-09-10T13:38:00.434695+09:00,60.000008,76847,291.0,22.07131238192777,5.961393048294378,interpolated_adjacent_idle_blocks,966.5952888973582,0.0125781785742756,0.7807722929978497,1280.7831540235688,,,,,,,valid
761,inference,226.0,3,2026-09-10T13:39:00.591962+09:00,2026-09-10T13:40:00.592234+09:00,60.000248,76917,293.0,20.686271584712333,5.958870306080958,interpolated_adjacent_idle_blocks,883.6477291133997,0.0114883280563906,0.7800648478229245,1281.9447034318882,,,,,,,valid
762,inference,227.0,1,2026-09-10T13:40:05.976219+09:00,2026-09-10T13:41:05.976370+09:00,60.000111,184429,292.0,21.077356810368062,5.957497544729326,interpolated_adjacent_idle_blocks,907.1932342427028,0.0049189294213095,0.3253290480347516,3073.8109801162923,,,,,,,valid
763,inference,227.0,2,2026-09-10T13:42:06.044346+09:00,2026-09-10T13:43:06.044451+09:00,60.00008,185337,292.0,20.337343400954957,5.954976677890743,interpolated_adjacent_idle_blocks,862.9431539731904,0.0046560759803665,0.3237350356377855,3088.945865960769,,,,,,,valid
764,inference,227.0,3,2026-09-10T13:44:06.111715+09:00,2026-09-10T13:45:06.112068+09:00,60.00031,185417,292.0,21.25282000024414,5.952455823881697,interpolated_adjacent_idle_blocks,918.0265936946412,0.0049511457616865,0.3235965947027595,3090.267377252695,,,,,,,valid
765,inference,228.0,1,2026-09-10T13:45:12.063817+09:00,2026-09-10T13:46:12.064436+09:00,60.000576,19175,292.0,22.581998489708404,5.951071136387502,interpolated_adjacent_idle_blocks,997.8652206134096,0.0520399072027853,3.129104365058294,319.58026429756694,,,,,,,valid
766,inference,228.0,2,2026-09-10T13:47:12.673937+09:00,2026-09-10T13:48:12.676980+09:00,60.003016,19206,292.0,22.775806391370644,5.948538864311552,interpolated_adjacent_idle_blocks,1009.6868026624072,0.0525714257347915,3.1241808028736666,320.0839077815809,,,,,,,valid
767,inference,228.0,3,2026-09-10T13:49:13.289163+09:00,2026-09-10T13:50:13.290004+09:00,60.000816,19254,292.0,23.14897563299206,5.946006533589155,interpolated_adjacent_idle_blocks,1032.1921835869591,0.0536092335923423,3.1162779786019152,320.89563474970845,,,,,,,valid
768,inference,229.0,1,2026-09-10T13:50:18.773002+09:00,2026-09-10T13:51:18.773251+09:00,60.000184,76658,293.0,20.027915470579728,5.944631686429259,interpolated_adjacent_idle_blocks,844.9996183732444,0.0110229802287203,0.7826995695165676,1277.6294237872744,,,,,,,valid
769,inference,229.0,2,2026-09-10T13:52:18.931807+09:00,2026-09-10T13:53:18.932274+09:00,60.000442,75816,292.0,21.77650907813874,5.942108913005477,interpolated_adjacent_idle_blocks,950.0710087128688,0.0125312731971202,0.7913955088636087,1263.590693654471,,,,,,,valid
770,inference,229.0,3,2026-09-10T13:54:19.088231+09:00,2026-09-10T13:55:19.088930+09:00,60.000673,76858,293.0,21.57326855139038,5.939586189428171,interpolated_adjacent_idle_blocks,938.031463185962,0.0122047342265731,0.7806692003435599,1280.952290112017,,,,,,,valid
771,inference,230.0,1,2026-09-10T13:55:27.826680+09:00,2026-09-10T13:56:27.830706+09:00,60.003983,3517,292.0,22.13060243998058,5.938142969590637,interpolated_adjacent_idle_blocks,971.612062789467,0.2762616044326036,17.06112678418738,58.61277585293027,,,,,,,valid
772,inference,230.0,2,2026-09-10T13:57:31.155590+09:00,2026-09-10T13:58:31.174598+09:00,60.018981,3536,293.0,22.610378954794424,5.935553483850438,interpolated_adjacent_idle_blocks,1000.8060331189032,0.2830333804069296,16.97369375000052,58.91469557119642,,,,,,,valid
773,inference,230.0,3,2026-09-10T13:59:34.486309+09:00,2026-09-10T14:00:34.490001+09:00,60.003667,3528,293.0,22.522460878607117,5.932964278187572,interpolated_adjacent_idle_blocks,995.4306297092062,0.2821515390332217,17.00784206349497,58.796406755585096,,,,,,,valid
774,idle,,1,2026-09-10T14:00:39.772393+09:00,2026-09-10T14:01:39.772810+09:00,60.000357,0,291.0,6.008380667436038,,,,,,,,,,,,,valid
775,idle,,2,2026-09-10T14:02:39.774761+09:00,2026-09-10T14:03:39.775295+09:00,60.000503,0,291.0,5.989894697290371,,,,,,,,,,,,,valid
776,idle,,3,2026-09-10T14:04:39.776873+09:00,2026-09-10T14:05:39.777462+09:00,60.000515,0,290.0,5.798395271564713,,,,,,,,,,,,,valid
777,inference,231.0,1,2026-09-10T14:05:46.452676+09:00,2026-09-10T14:06:46.457269+09:00,60.004552,8846,292.0,22.990922009691364,5.9326654105274725,interpolated_adjacent_idle_blocks,1023.5730451338728,0.1157102696285183,6.783241193759379,147.42214988905388,,,,,,,valid
778,inference,231.0,2,2026-09-10T14:07:47.783098+09:00,2026-09-10T14:08:47.789632+09:00,60.006507,8828,293.0,23.021933562640324,5.934127360483106,interpolated_adjacent_idle_blocks,1025.3795624843906,0.1161508339923414,6.797293486633153,147.11737869881526,,,,,,,valid
779,inference,231.0,3,2026-09-10T14:09:49.126748+09:00,2026-09-10T14:10:49.132408+09:00,60.005634,8812,293.0,22.84600383269716,5.935589452867332,interpolated_adjacent_idle_blocks,1014.7201360644058,0.1151520808062194,6.809536336813723,146.8528766920295,,,,,,,valid
780,inference,232.0,1,2026-09-10T14:10:54.520639+09:00,2026-09-10T14:11:54.520920+09:00,60.000243,190880,292.0,20.50999788354208,5.936377366548493,interpolated_adjacent_idle_blocks,874.4207724094008,0.0045809973407868,0.314334883696559,3181.3204701942755,,,,,,,valid
781,inference,232.0,2,2026-09-10T14:12:54.585820+09:00,2026-09-10T14:13:54.586121+09:00,60.00027,191383,293.0,20.622799602614094,5.9378240597471486,interpolated_adjacent_idle_blocks,881.1024975154137,0.0046038702367264,0.3135088800990897,3189.7023130060406,,,,,,,valid
782,inference,232.0,3,2026-09-10T14:14:54.650924+09:00,2026-09-10T14:15:54.650999+09:00,60.000048,191298,291.0,20.826640778867542,5.93927075053843,interpolated_adjacent_idle_blocks,893.242916293508,0.0046693792736646,0.3136470203556723,3188.2974653035462,,,,,,,valid
783,inference,233.0,1,2026-09-10T14:16:00.562436+09:00,2026-09-10T14:17:00.564858+09:00,60.002372,21866,293.0,21.932876787816312,5.940064947702328,interpolated_adjacent_idle_blocks,959.6066453565238,0.0438857882263113,2.7440945989203285,364.4189236017784,,,,,,,valid
784,inference,233.0,2,2026-09-10T14:18:01.102759+09:00,2026-09-10T14:19:01.104867+09:00,60.002076,21994,293.0,21.86854524448942,5.941517363985712,interpolated_adjacent_idle_blocks,955.6547373401024,0.0434507018887015,2.7281110984814267,366.5539869533316,,,,,,,valid
785,inference,233.0,3,2026-09-10T14:20:01.642971+09:00,2026-09-10T14:21:01.644064+09:00,60.00107,22024,292.0,21.62591734940546,5.9429697747103045,interpolated_adjacent_idle_blocks,940.9936352356142,0.0427258279711048,2.724349359789353,367.0601189259075,,,,,,,valid
786,inference,234.0,1,2026-09-10T14:21:07.140800+09:00,2026-09-10T14:22:07.141072+09:00,60.00023,72483,293.0,21.6918129206934,5.943758968223502,interpolated_adjacent_idle_blocks,944.886859200603,0.013035978908166,0.8277834788847639,1208.045371172732,,,,,,,valid
787,inference,234.0,2,2026-09-10T14:23:07.306639+09:00,2026-09-10T14:24:07.307076+09:00,60.00041,72346,291.0,21.856174577412663,5.945206875151975,interpolated_adjacent_idle_blocks,954.6645856323992,0.0131958171237165,0.8293535247283061,1205.7584253079494,,,,,,,valid
788,inference,234.0,3,2026-09-10T14:25:07.472811+09:00,2026-09-10T14:26:07.473411+09:00,60.000568,72469,290.0,21.790221030331416,5.94665478607933,interpolated_adjacent_idle_blocks,950.622973800752,0.0131176499441244,0.827948061929982,1207.805230764062,,,,,,,valid
789,inference,235.0,1,2026-09-10T14:26:13.070040+09:00,2026-09-10T14:27:13.071338+09:00,60.001251,46990,293.0,22.629297230022026,5.947445186436339,interpolated_adjacent_idle_blocks,1000.9319916120476,0.0213009574720588,1.2768940327727427,783.1503432031283,,,,,,,valid
790,inference,235.0,2,2026-09-10T14:28:13.325670+09:00,2026-09-10T14:29:13.326612+09:00,60.000909,47092,292.0,22.595789307153243,5.948894172135215,interpolated_adjacent_idle_blocks,998.8288401287596,0.0212101596901545,1.2741210715195506,784.8547695764686,,,,,,,valid
791,inference,235.0,3,2026-09-10T14:30:13.592347+09:00,2026-09-10T14:31:13.592857+09:00,60.00048,47146,292.0,22.216175612023413,5.950343290483806,interpolated_adjacent_idle_blocks,975.9577468918908,0.0207007539747145,1.2726526110381036,785.7603805835902,,,,,,,valid
792,inference,236.0,1,2026-09-10T14:31:18.976644+09:00,2026-09-10T14:32:18.976897+09:00,60.000208,215904,292.0,20.005769683505253,5.951131119424278,interpolated_adjacent_idle_blocks,843.2812372096798,0.0039058157199944,0.2779022537794537,3598.387513595377,,,,,,,valid
793,inference,236.0,2,2026-09-10T14:33:19.035614+09:00,2026-09-10T14:34:19.035885+09:00,60.000234,215947,291.0,20.07625763977292,5.952577737776031,interpolated_adjacent_idle_blocks,847.4240990609101,0.0039242226058287,0.2778470370044836,3599.102624167495,,,,,,,valid
794,inference,236.0,3,2026-09-10T14:35:19.095119+09:00,2026-09-10T14:36:19.095312+09:00,60.000138,214146,292.0,19.775662089013924,5.954024361996834,interpolated_adjacent_idle_blocks,829.3001710070316,0.0038725923949409,0.2801833249278099,3569.0917732440103,,,,,,,valid
795,inference,237.0,1,2026-09-10T14:36:25.162552+09:00,2026-09-10T14:37:25.165238+09:00,60.002642,16020,292.0,22.85922541848793,5.954820438767705,interpolated_adjacent_idle_blocks,1014.30896022117,0.0633151660562528,3.7454832771540265,266.9882431726785,,,,,,,valid
796,inference,237.0,2,2026-09-10T14:38:25.896514+09:00,2026-09-10T14:39:25.898456+09:00,60.001916,16067,292.0,22.72377609332409,5.956275185661349,interpolated_adjacent_idle_blocks,1006.0821809915036,0.0626179237562397,3.734481633160941,267.77478060685485,,,,,,,valid
797,inference,237.0,3,2026-09-10T14:40:26.649673+09:00,2026-09-10T14:41:26.652869+09:00,60.003171,16097,292.0,21.47010644539781,5.95773017590079,interpolated_adjacent_idle_blocks,930.7917659149718,0.0578239278073536,3.7275996396848474,268.2691535200776,,,,,,,valid
798,inference,238.0,1,2026-09-10T14:41:33.280870+09:00,2026-09-10T14:42:33.282800+09:00,60.001887,9310,292.0,22.301434091411444,5.958533022949408,interpolated_adjacent_idle_blocks,980.6049031620385,0.1053281313815293,6.444885832437381,155.16178656989672,,,,,,,valid
799,inference,238.0,2,2026-09-10T14:43:34.537846+09:00,2026-09-10T14:44:34.540186+09:00,60.002312,9348,293.0,22.87894939724957,5.9599940787123735,interpolated_adjacent_idle_blocks,1015.1764357369284,0.1085982494369842,6.418732584509886,155.79399621870317,,,,,,,valid
800,inference,238.0,3,2026-09-10T14:45:35.813056+09:00,2026-09-10T14:46:35.817056+09:00,60.003973,9313,292.0,22.65299615231521,5.961455361710694,interpolated_adjacent_idle_blocks,1001.5587629278324,0.1075441600910375,6.443033705572661,155.20638967557898,,,,,,,valid
801,inference,239.0,1,2026-09-10T14:46:41.261903+09:00,2026-09-10T14:47:41.262152+09:00,60.000208,105868,293.0,19.67755831836457,5.962243947379372,interpolated_adjacent_idle_blocks,822.9217150445013,0.0077730921056835,0.5667454566063179,1764.4605498701628,,,,,,,valid
802,inference,239.0,2,2026-09-10T14:48:41.380513+09:00,2026-09-10T14:49:41.380696+09:00,60.000156,105821,292.0,19.829030376691676,5.963691283840812,interpolated_adjacent_idle_blocks,831.9225085639501,0.0078616012753985,0.5669966878029731,1763.6787330713512,,,,,,,valid
803,inference,239.0,3,2026-09-10T14:50:41.494150+09:00,2026-09-10T14:51:41.494197+09:00,60.000021,105693,292.0,19.7095598196006,5.965138559959917,interpolated_adjacent_idle_blocks,824.6655642112872,0.0078024615084375,0.5676820716603878,1761.5493775858467,,,,,,,valid
804,inference,240.0,1,2026-09-10T14:51:46.917896+09:00,2026-09-10T14:52:46.918023+09:00,60.000058,121834,293.0,19.311523114187565,5.965926866261255,interpolated_adjacent_idle_blocks,800.7365489201609,0.0065723570507424,0.4924738447396303,2030.564690250093,,,,,,,valid
805,inference,240.0,2,2026-09-10T14:53:47.019289+09:00,2026-09-10T14:54:47.019449+09:00,60.000134,122754,292.0,20.96084778432447,5.967373995866702,interpolated_adjacent_idle_blocks,899.6104364329539,0.0073285631134867,0.488783532919499,2045.895437653168,,,,,,,valid
806,inference,240.0,3,2026-09-10T14:55:47.117782+09:00,2026-09-10T14:56:47.118135+09:00,60.000328,122716,293.0,20.499218898557597,5.9688210914931386,interpolated_adjacent_idle_blocks,871.828634394348,0.0071044414289444,0.4889364712018741,2045.255485936364,,,,,,,valid
807,idle,,1,2026-09-10T14:56:52.419389+09:00,2026-09-10T14:57:52.419927+09:00,60.000473,0,291.0,6.012575112986507,,,,,,,,,,,,,valid
808,idle,,2,2026-09-10T14:58:52.421847+09:00,2026-09-10T14:59:52.422278+09:00,60.000389,0,291.0,5.917029765526497,,,,,,,,,,,,,valid
809,idle,,3,2026-09-10T15:00:52.423952+09:00,2026-09-10T15:01:52.424432+09:00,60.00045,0,291.0,5.978134391523652,,,,,,,,,,,,,valid
810,inference,241.0,1,2026-09-10T15:01:58.657520+09:00,2026-09-10T15:02:58.658868+09:00,60.001307,12922,291.0,22.75383499529368,5.969738025543967,interpolated_adjacent_idle_blocks,1007.0677549997222,0.0779343565237364,4.643345201980835,215.36197644176949,,,,,,,valid
811,inference,241.0,2,2026-09-10T15:03:59.575409+09:00,2026-09-10T15:04:59.579546+09:00,60.004091,12892,292.0,22.96750111259492,5.9713785225013645,interpolated_adjacent_idle_blocks,1019.8368865431294,0.0791061810846361,4.654366390009234,214.85201554964303,,,,,,,valid
812,inference,241.0,3,2026-09-10T15:06:00.492042+09:00,2026-09-10T15:07:00.496500+09:00,60.004433,12883,293.0,22.91307569163812,5.973018985679881,interpolated_adjacent_idle_blocks,1016.4784976288717,0.0789007605083343,4.657644430645865,214.7008031399538,,,,,,,valid
813,inference,242.0,1,2026-09-10T15:07:05.886973+09:00,2026-09-10T15:08:05.887072+09:00,60.000057,149507,292.0,20.63328830404584,5.973906161048364,interpolated_adjacent_idle_blocks,879.5637641646305,0.0058830941973595,0.4013193837077744,2491.7809619885247,,,,,,,valid
814,inference,242.0,2,2026-09-10T15:09:05.969621+09:00,2026-09-10T15:10:05.969915+09:00,60.000266,149425,292.0,21.056815299597663,5.975535308800411,interpolated_adjacent_idle_blocks,904.8808110683128,0.0060557524582118,0.401541011878872,2490.405638320346,,,,,,,valid
815,inference,242.0,3,2026-09-10T15:11:06.055117+09:00,2026-09-10T15:12:06.055320+09:00,60.000176,149475,291.0,21.3802812340209,5.977164493248941,interpolated_adjacent_idle_blocks,924.1897153948638,0.0061829049365771,0.4014060919886156,2491.2427089630746,,,,,,,valid
816,inference,243.0,1,2026-09-10T15:12:11.626451+09:00,2026-09-10T15:13:11.626743+09:00,60.000251,49889,293.0,22.975218425436605,5.978054092028025,interpolated_adjacent_idle_blocks,1019.8341262927624,0.0204420639077304,1.202674962416694,831.4798522042626,,,,,,,valid
817,inference,243.0,2,2026-09-10T15:14:11.865759+09:00,2026-09-10T15:15:11.865920+09:00,60.000126,50556,293.0,22.36054949326031,5.979685362955531,interpolated_adjacent_idle_blocks,982.8539118071672,0.0194408954784232,1.18680524764617,842.5982291393918,,,,,,,valid
818,inference,243.0,3,2026-09-10T15:16:12.107379+09:00,2026-09-10T15:17:12.107634+09:00,60.000231,50683,293.0,22.734417125842096,5.981316666775637,interpolated_adjacent_idle_blocks,1005.1898975101938,0.0198328807984964,1.1838334471123475,844.7134201514906,,,,,,,valid
819,inference,244.0,1,2026-09-10T15:17:17.533093+09:00,2026-09-10T15:18:17.533196+09:00,60.00006,123148,292.0,21.24627143872952,5.982204288311266,interpolated_adjacent_idle_blocks,915.8449448691242,0.0074369453411271,0.4872191192710557,2052.464610781556,,,,,,,valid
820,inference,244.0,2,2026-09-10T15:19:17.636357+09:00,2026-09-10T15:20:17.636437+09:00,60.000053,123467,292.0,19.74340927449621,5.9838337142773295,interpolated_adjacent_idle_blocks,825.5752628706376,0.0066866066468824,0.4859602379582708,2057.781525915438,,,,,,,valid
821,inference,244.0,3,2026-09-10T15:21:17.737310+09:00,2026-09-10T15:22:17.737698+09:00,60.000364,123507,292.0,19.821250870697284,5.985463111138503,interpolated_adjacent_idle_blocks,830.1523018002713,0.0067215000105279,0.4858053681168173,2058.437525868464,,,,,,,valid
822,inference,245.0,1,2026-09-10T15:22:23.144515+09:00,2026-09-10T15:23:23.144595+09:00,60.000035,143458,292.0,20.35957082663115,5.986350480508312,interpolated_adjacent_idle_blocks,862.3937238300823,0.006011471816351,0.4182411235344515,2390.965267951772,,,,,,,valid
823,inference,245.0,2,2026-09-10T15:24:23.230457+09:00,2026-09-10T15:25:23.230787+09:00,60.000288,144919,292.0,19.495465596029927,5.987979673321506,interpolated_adjacent_idle_blocks,810.4530455184511,0.0055924554097009,0.4140263768035898,2415.3050530748924,,,,,,,valid
824,inference,245.0,3,2026-09-10T15:26:23.315795+09:00,2026-09-10T15:27:23.316058+09:00,60.000235,145111,293.0,19.91417410985565,5.989608855790465,interpolated_adjacent_idle_blocks,835.4771875167461,0.0057575041693375,0.4134781973799177,2418.5072062727563,,,,,,,valid
825,inference,246.0,1,2026-09-10T15:27:28.735277+09:00,2026-09-10T15:28:28.735558+09:00,60.000234,128583,292.0,20.63675748878273,5.990496393928522,interpolated_adjacent_idle_blocks,878.7790929163489,0.0068343334104535,0.466626491060192,2143.041638566136,,,,,,,valid
826,inference,246.0,2,2026-09-10T15:29:28.833439+09:00,2026-09-10T15:30:28.833730+09:00,60.000243,128580,291.0,21.837226369219163,5.9921257509039005,interpolated_adjacent_idle_blocks,950.709887458366,0.0073939173079667,0.4666374451703216,2142.9913316000657,,,,,,,valid
827,inference,246.0,3,2026-09-10T15:31:28.929802+09:00,2026-09-10T15:32:28.929963+09:00,60.000118,128631,292.0,20.608628798191564,5.993755082520051,interpolated_adjacent_idle_blocks,876.8941474953892,0.006817129210652,0.4664514619337196,2143.845783770091,,,,,,,valid
828,inference,247.0,1,2026-09-10T15:32:34.683520+09:00,2026-09-10T15:33:34.684449+09:00,60.000881,29568,290.0,22.695438593210024,5.994647160286553,interpolated_adjacent_idle_blocks,1002.0621993726606,0.0338900906173113,2.0292505817100057,492.7927625169492,,,,,,,valid
829,inference,247.0,2,2026-09-10T15:34:35.088712+09:00,2026-09-10T15:35:35.090476+09:00,60.001733,29730,293.0,22.408993951608288,5.996280688292063,interpolated_adjacent_idle_blocks,984.7912390310588,0.0331244950901802,2.018221775983867,495.48568541854513,,,,,,,valid
830,inference,247.0,3,2026-09-10T15:36:35.491550+09:00,2026-09-10T15:37:35.492965+09:00,60.001384,29686,293.0,22.70011595150368,5.997914176334147,interpolated_adjacent_idle_blocks,1002.1552223574288,0.0337585131832321,2.0212013878597967,494.7552510137928,,,,,,,valid
831,inference,248.0,1,2026-09-10T15:37:41.018716+09:00,2026-09-10T15:38:41.018922+09:00,60.000167,57222,293.0,22.80962335524081,5.998803167086932,interpolated_adjacent_idle_blocks,1008.652018696204,0.0176269969364266,1.0485506710705987,953.6973534898156,,,,,,,valid
832,inference,248.0,2,2026-09-10T15:39:41.225999+09:00,2026-09-10T15:40:41.226401+09:00,60.000359,57697,292.0,21.831345435265742,6.000434005752817,interpolated_adjacent_idle_blocks,949.8603690679788,0.0164629074140419,1.039921644106255,961.6109114253842,,,,,,,valid
833,inference,248.0,3,2026-09-10T15:41:41.434519+09:00,2026-09-10T15:42:41.435617+09:00,60.00105,57658,293.0,22.84443806308288,6.002064864592874,interpolated_adjacent_idle_blocks,1010.5600764012588,0.0175267972597256,1.040637030420599,960.9498516459915,,,,,,,valid
834,inference,249.0,1,2026-09-10T15:42:48.215230+09:00,2026-09-10T15:43:48.220392+09:00,60.00512,8211,293.0,22.389268225891986,6.00297089780436,interpolated_adjacent_idle_blocks,983.261737527577,0.1197493286478598,7.307894251613609,136.83832381389433,,,,,,,valid
835,inference,249.0,2,2026-09-10T15:44:49.651979+09:00,2026-09-10T15:45:49.655898+09:00,60.003893,8245,293.0,22.41889743592556,6.004618406720824,interpolated_adjacent_idle_blocks,984.9206425405448,0.1194567183190472,7.277609812007302,137.40775142274097,,,,,,,valid
836,inference,249.0,3,2026-09-10T15:46:51.102860+09:00,2026-09-10T15:47:51.103038+09:00,60.000153,8224,293.0,22.347372721848178,6.0062660904218825,interpolated_adjacent_idle_blocks,980.4688980748922,0.1192204399410131,7.295738448443685,137.06631714755596,,,,,,,valid
837,inference,250.0,1,2026-09-10T15:47:57.284356+09:00,2026-09-10T15:48:57.288346+09:00,60.003916,13750,293.0,22.573167755071037,6.007163992449318,interpolated_adjacent_idle_blocks,994.0250982280372,0.0722927344165845,4.363921141818124,229.15171184403528,,,,,,,valid
838,inference,250.0,2,2026-09-10T15:49:58.158208+09:00,2026-09-10T15:50:58.159926+09:00,60.00169,13813,293.0,22.395627674494,6.008803857628783,interpolated_adjacent_idle_blocks,983.2371227441636,0.0711820113475829,4.3438565119818,230.2101824131777,,,,,,,valid
839,inference,250.0,3,2026-09-10T15:51:59.015083+09:00,2026-09-10T15:52:59.018548+09:00,60.003424,13787,293.0,22.12037534700969,6.010443519753288,interpolated_adjacent_idle_blocks,966.6510700419608,0.0701132276812911,4.352174055268928,229.77022226152863,,,,,,,valid
840,idle,,1,2026-09-10T15:53:04.301824+09:00,2026-09-10T15:54:04.302393+09:00,60.000498,0,292.0,6.058238730522376,,,,,,,,,,,,,valid
841,idle,,2,2026-09-10T15:55:04.303749+09:00,2026-09-10T15:56:04.304158+09:00,60.000378,0,291.0,5.951383132668699,,,,,,,,,,,,,valid
842,idle,,3,2026-09-10T15:57:04.306264+09:00,2026-09-10T15:58:04.306790+09:00,60.000468,0,291.0,6.023144705134325,,,,,,,,,,,,,valid
843,inference,251.0,1,2026-09-10T15:58:10.801316+09:00,2026-09-10T15:59:10.805228+09:00,60.003858,10216,293.0,21.390778327758056,6.011194883622428,interpolated_adjacent_idle_blocks,922.8343410810652,0.0903322573493603,5.87351779561422,170.25571979141768,,,,,,,valid
844,inference,251.0,2,2026-09-10T16:00:11.954778+09:00,2026-09-10T16:01:11.956700+09:00,60.001895,10204,293.0,22.72622674496849,6.012099984853298,interpolated_adjacent_idle_blocks,1002.8792788771216,0.0982829555936026,5.880232761661577,170.06129528067018,,,,,,,valid
845,inference,251.0,3,2026-09-10T16:02:13.107564+09:00,2026-09-10T16:03:13.110047+09:00,60.002457,10181,293.0,22.58573709189557,6.013005090563805,interpolated_adjacent_idle_blocks,994.4046392824332,0.0976725900483678,5.893572006678323,169.6763862165163,,,,,,,valid
846,inference,252.0,1,2026-09-10T16:03:18.547329+09:00,2026-09-10T16:04:18.547857+09:00,60.000487,101084,293.0,20.10462997468676,6.013493968161905,interpolated_adjacent_idle_blocks,845.4750227747263,0.0083640835619358,0.5935705660638507,1684.719656217639,,,,,,,valid
847,inference,252.0,2,2026-09-10T16:05:18.669292+09:00,2026-09-10T16:06:18.669522+09:00,60.000188,101410,292.0,20.258755272812365,6.014391369627861,interpolated_adjacent_idle_blocks,854.664512131484,0.0084278129585986,0.5916594773691193,1690.1613820953446,,,,,,,valid
848,inference,252.0,3,2026-09-10T16:07:18.794877+09:00,2026-09-10T16:08:18.795121+09:00,60.000216,100431,292.0,20.409956139806244,6.015288799321774,interpolated_adjacent_idle_blocks,863.6831496772138,0.0085997665031435,0.5974272475629995,1673.843976951434,,,,,,,valid
849,inference,253.0,1,2026-09-10T16:08:24.363898+09:00,2026-09-10T16:09:24.364928+09:00,60.000985,49667,293.0,21.51552023381484,6.015778652798901,interpolated_adjacent_idle_blocks,929.9997621064134,0.018724701755822,1.2080654217087468,827.7697399744719,,,,,,,valid
850,inference,253.0,2,2026-09-10T16:10:24.610086+09:00,2026-09-10T16:11:24.610341+09:00,60.000228,49625,292.0,22.06548011663864,6.016676980540125,interpolated_adjacent_idle_blocks,962.9318472930258,0.0194041682074161,1.2090726005035437,827.0801931856938,,,,,,,valid
851,inference,253.0,3,2026-09-10T16:12:24.854317+09:00,2026-09-10T16:13:24.855172+09:00,60.00083,49722,292.0,23.42854232214061,6.017575298796627,interpolated_adjacent_idle_blocks,1044.6724725032686,0.0210102665319832,1.2067259945296596,828.6885378563222,,,,,,,valid
852,inference,254.0,1,2026-09-10T16:13:30.380057+09:00,2026-09-10T16:14:30.380893+09:00,60.000795,62150,293.0,22.74949871506969,6.018064825926293,interpolated_adjacent_idle_blocks,1003.8993348385457,0.0161528452910465,0.9654190667739329,1035.819608723519,,,,,,,valid
853,inference,254.0,2,2026-09-10T16:15:30.573646+09:00,2026-09-10T16:16:30.573827+09:00,60.000154,62248,293.0,22.743530956891973,6.0189627611621175,interpolated_adjacent_idle_blocks,1003.4766673272936,0.0161206250373874,0.9638888622926546,1037.4640055716106,,,,,,,valid
854,inference,254.0,3,2026-09-10T16:17:30.766992+09:00,2026-09-10T16:18:30.767093+09:00,60.000075,62299,292.0,22.857961114436897,6.019860696729239,interpolated_adjacent_idle_blocks,1010.2872879199908,0.0162167496736703,0.9630985232508196,1038.3153705029306,,,,,,,valid
855,inference,255.0,1,2026-09-10T16:18:37.165249+09:00,2026-09-10T16:19:37.166868+09:00,60.001577,11016,293.0,22.48381710865982,6.020356747965377,interpolated_adjacent_idle_blocks,987.8335845186552,0.0896726202358982,5.4467662490924775,183.5951745068217,,,,,,,valid
856,inference,255.0,2,2026-09-10T16:20:38.222054+09:00,2026-09-10T16:21:38.225632+09:00,60.003536,11079,292.0,22.96326529113895,6.021261141846171,interpolated_adjacent_idle_blocks,1016.5801558842386,0.0917573928950481,5.415970412492584,184.63911798583325,,,,,,,valid
857,inference,255.0,3,2026-09-10T16:22:39.299110+09:00,2026-09-10T16:23:39.302055+09:00,60.002905,11066,293.0,21.1297916404868,6.022165677333418,interpolated_adjacent_idle_blocks,906.5014454426256,0.0819177160168647,5.422275935296444,184.4244025816677,,,,,,,valid
858,inference,256.0,1,2026-09-10T16:23:45.006365+09:00,2026-09-10T16:24:45.007241+09:00,60.000834,31843,292.0,23.17387262570977,6.0226565528610205,interpolated_adjacent_idle_blocks,1029.0872684851297,0.0323175350464821,1.884270750243446,530.7092942300362,,,,,,,valid
859,inference,256.0,2,2026-09-10T16:25:45.383271+09:00,2026-09-10T16:26:45.384224+09:00,60.000927,31937,291.0,22.848974478459365,6.023555860348188,interpolated_adjacent_idle_blocks,1009.5407142497296,0.0316103802564339,1.8787277014120896,532.2751132313532,,,,,,,valid
860,inference,256.0,3,2026-09-10T16:27:45.758040+09:00,2026-09-10T16:28:45.759106+09:00,60.00104,31851,292.0,22.604556117614184,6.024455152004332,interpolated_adjacent_idle_blocks,994.8233012415956,0.0312336598926751,1.8838039716180064,530.8407961052849,,,,,,,valid
861,inference,257.0,1,2026-09-10T16:28:52.542761+09:00,2026-09-10T16:29:52.544930+09:00,60.002112,8403,293.0,20.203917963019077,6.024954088872256,interpolated_adjacent_idle_blocks,850.7677784205111,0.1012457191979663,7.140558336308421,140.04507111372294,,,,,,,valid
862,inference,257.0,2,2026-09-10T16:30:53.944898+09:00,2026-09-10T16:31:53.946407+09:00,60.001484,8461,293.0,21.451257745446537,6.025861052861537,interpolated_adjacent_idle_blocks,925.5466928437916,0.1093897521384932,7.091535728637997,141.0131794107255,,,,,,,valid
863,inference,257.0,3,2026-09-10T16:32:55.354771+09:00,2026-09-10T16:33:55.362097+09:00,60.007299,8446,292.0,19.976053912659417,6.026768098839781,interpolated_adjacent_idle_blocks,837.0589646663334,0.0991071471307522,7.104818718918909,140.7495447191597,,,,,,,valid
864,inference,258.0,1,2026-09-10T16:34:01.306704+09:00,2026-09-10T16:35:01.306914+09:00,60.000158,19689,290.0,21.924353471284125,6.027260783444942,interpolated_adjacent_idle_blocks,953.8280730109956,0.0484447190314894,3.047394885468765,328.14913642088595,,,,,,,valid
865,inference,258.0,2,2026-09-10T16:36:01.905829+09:00,2026-09-10T16:37:01.908146+09:00,60.00229,19771,293.0,21.9464671741492,6.028161758659704,interpolated_adjacent_idle_blocks,955.1347778487714,0.0483098870997304,3.034863663952263,329.5040933396373,,,,,,,valid
866,inference,258.0,3,2026-09-10T16:38:02.513394+09:00,2026-09-10T16:39:02.514102+09:00,60.000681,19760,292.0,20.291809631159047,6.029062783048963,interpolated_adjacent_idle_blocks,855.7745238172087,0.0433084273186846,3.036471685222732,329.32959818680075,,,,,,,valid
867,inference,259.0,1,2026-09-10T16:39:07.845494+09:00,2026-09-10T16:40:07.845612+09:00,60.000081,715601,293.0,20.53499720717415,6.029550861404728,interpolated_adjacent_idle_blocks,870.3279556873194,0.0012162195912069,0.0838457194721685,11926.667291965168,,,,,,,valid
868,inference,259.0,2,2026-09-10T16:41:07.864257+09:00,2026-09-10T16:42:07.864330+09:00,60.000047,715143,292.0,20.044809565676363,6.030447492835948,interpolated_adjacent_idle_blocks,840.8623830454425,0.0011757961457295,0.0838993693569067,11919.040723012042,,,,,,,valid
869,inference,259.0,3,2026-09-10T16:43:07.884069+09:00,2026-09-10T16:44:07.884122+09:00,60.000028,715655,293.0,20.00206344331538,6.03134413219515,interpolated_adjacent_idle_blocks,838.2435498473544,0.0011712955961285,0.0838393190853053,11927.57778701082,,,,,,,valid
870,inference,260.0,1,2026-09-10T16:44:13.497361+09:00,2026-09-10T16:45:13.497555+09:00,60.000153,41979,293.0,22.981140525369963,6.031834314002178,interpolated_adjacent_idle_blocks,1016.9609659259172,0.0242254690661025,1.4292897258153818,699.6482112326944,,,,,,,valid
871,inference,260.0,2,2026-09-10T16:46:13.784936+09:00,2026-09-10T16:47:13.785926+09:00,60.000964,42183,293.0,21.984917426392748,6.032732956803598,interpolated_adjacent_idle_blocks,957.1464460811776,0.0226903360614744,1.4223967830643245,703.0387103700145,,,,,,,valid
872,inference,260.0,3,2026-09-10T16:48:14.067423+09:00,2026-09-10T16:49:14.068824+09:00,60.001376,42247,293.0,22.9552784697128,6.033631560157482,interpolated_adjacent_idle_blocks,1015.3220987594666,0.0240329987634498,1.420251750420098,704.1005228152043,,,,,,,valid
873,idle,,1,2026-09-10T16:49:19.347489+09:00,2026-09-10T16:50:19.347990+09:00,60.00044,0,292.0,5.91377187173054,,,,,,,,,,,,,valid
874,idle,,2,2026-09-10T16:51:19.350015+09:00,2026-09-10T16:52:19.350355+09:00,60.000307,0,292.0,5.91646236021104,,,,,,,,,,,,,valid
875,idle,,3,2026-09-10T16:53:19.352040+09:00,2026-09-10T16:54:19.352597+09:00,60.000527,0,291.0,6.271450534987147,,,,,,,,,,,,,valid
876,inference,261.0,1,2026-09-10T16:54:24.714876+09:00,2026-09-10T16:55:24.715096+09:00,60.000175,273723,292.0,19.538580708786125,6.0324367150683145,interpolated_adjacent_idle_blocks,810.3710031982675,0.0029605513720011,0.2192003430475245,4562.036656042966,,,,,,,valid
877,inference,261.0,2,2026-09-10T16:56:24.761338+09:00,2026-09-10T16:57:24.761544+09:00,60.000181,273756,292.0,19.70513493798948,6.027485782293406,interpolated_adjacent_idle_blocks,820.6614249962615,0.0029977842494639,0.2191739402971891,4562.586220989817,,,,,,,valid
878,inference,261.0,3,2026-09-10T16:58:24.807548+09:00,2026-09-10T16:59:24.807619+09:00,60.000046,273529,292.0,19.542718387860297,6.022534862409314,interpolated_adjacent_idle_blocks,811.211633455501,0.0029657244147988,0.2193553363628701,4558.813186772639,,,,,,,valid
879,inference,262.0,1,2026-09-10T16:59:30.770663+09:00,2026-09-10T17:00:30.771573+09:00,60.000869,18412,290.0,21.56234934885439,6.019814407024154,interpolated_adjacent_idle_blocks,932.5656029726788,0.0506498806741624,3.258791505539724,306.86222125596805,,,,,,,valid
880,inference,262.0,2,2026-09-10T17:01:31.422692+09:00,2026-09-10T17:02:31.423152+09:00,60.000433,18466,293.0,21.1316764057322,6.014838508569611,interpolated_adjacent_idle_blocks,907.0168194205646,0.0491182074851383,3.249238243257708,307.7644435815188,,,,,,,valid
881,inference,262.0,3,2026-09-10T17:03:32.070080+09:00,2026-09-10T17:04:32.072976+09:00,60.002871,18456,293.0,21.185918310635746,6.009862742012425,interpolated_adjacent_idle_blocks,910.6069045729364,0.0493393424671075,3.2511308409190893,307.5852830694755,,,,,,,valid
882,inference,263.0,1,2026-09-10T17:04:38.385337+09:00,2026-09-10T17:05:38.386456+09:00,60.001077,11998,293.0,22.87453420670197,6.007127817593616,interpolated_adjacent_idle_blocks,1012.0625495431824,0.0843526045626923,5.000923253875233,199.9630766629135,,,,,,,valid
883,inference,263.0,2,2026-09-10T17:06:39.361402+09:00,2026-09-10T17:07:39.363913+09:00,60.002482,12065,293.0,22.87278081309586,6.002138517329461,interpolated_adjacent_idle_blocks,1012.280410680162,0.0839022304749409,4.973268321591258,201.0750145248624,,,,,,,valid
884,inference,263.0,3,2026-09-10T17:08:40.341552+09:00,2026-09-10T17:09:40.345973+09:00,60.004391,12049,292.0,21.571530258103813,5.997149037911451,interpolated_adjacent_idle_blocks,934.5312603194797,0.077560898026349,4.980030832434124,200.80196963584328,,,,,,,valid
885,inference,264.0,1,2026-09-10T17:09:45.992023+09:00,2026-09-10T17:10:45.992485+09:00,60.000417,37510,292.0,22.45297319375607,5.994441575467869,interpolated_adjacent_idle_blocks,987.5187603049768,0.0263268131246328,1.5995845667822897,625.1623207465618,,,,,,,valid
886,inference,264.0,2,2026-09-10T17:11:46.305191+09:00,2026-09-10T17:12:46.306155+09:00,60.000935,37726,293.0,22.021010014932497,5.989479632616807,interpolated_adjacent_idle_blocks,961.9068124198488,0.0254971852944878,1.5904398929118422,628.7568643472337,,,,,,,valid
887,inference,264.0,3,2026-09-10T17:13:46.622141+09:00,2026-09-10T17:14:46.622348+09:00,60.000168,37708,293.0,21.083226971155643,5.984517559766123,interpolated_adjacent_idle_blocks,905.9251012665522,0.0240247454457025,1.591178739259904,628.4649080122352,,,,,,,valid
888,inference,265.0,1,2026-09-10T17:14:52.009555+09:00,2026-09-10T17:15:52.009663+09:00,60.000066,197661,292.0,19.366038588963224,5.981820866661931,interpolated_adjacent_idle_blocks,803.0539466964473,0.0040627839922718,0.3035503493355024,3294.346398181011,,,,,,,valid
889,inference,265.0,2,2026-09-10T17:16:52.072251+09:00,2026-09-10T17:17:52.072424+09:00,60.000146,198758,292.0,20.28894552108012,5.976869262748362,interpolated_adjacent_idle_blocks,858.7266650630391,0.0043204634030481,0.3018753770917032,3312.62526157018,,,,,,,valid
890,inference,265.0,3,2026-09-10T17:18:52.134649+09:00,2026-09-10T17:19:52.134962+09:00,60.000285,198585,293.0,19.70028677641051,5.9719176695722265,interpolated_adjacent_idle_blocks,823.7060589954924,0.0041478765213661,0.3021390598484448,3309.7342677295924,,,,,,,valid
891,inference,266.0,1,2026-09-10T17:19:58.354858+09:00,2026-09-10T17:20:58.358125+09:00,60.003226,13754,293.0,22.36879956735364,5.969186567561184,interpolated_adjacent_idle_blocks,984.0296851390848,0.0715449821971124,4.362601875818107,229.22100811971816,,,,,,,valid
892,inference,266.0,2,2026-09-10T17:21:59.210490+09:00,2026-09-10T17:22:59.212798+09:00,60.002281,13865,293.0,22.46955703563836,5.964202282641348,interpolated_adjacent_idle_blocks,990.3589338940122,0.0714287006054101,4.327607738910635,231.07454749392892,,,,,,,valid
893,inference,266.0,3,2026-09-10T17:24:00.061849+09:00,2026-09-10T17:25:00.063748+09:00,60.001874,13855,292.0,22.331126311041228,5.959218162617787,interpolated_adjacent_idle_blocks,982.3451698612766,0.0709018527507236,4.3307018260550425,230.90945536440407,,,,,,,valid
894,inference,267.0,1,2026-09-10T17:25:05.426465+09:00,2026-09-10T17:26:05.426563+09:00,60.000041,306341,292.0,20.00476236488035,5.956522444849993,interpolated_adjacent_idle_blocks,842.8949711796581,0.0027514925236245,0.1958603037138167,5105.679818924206,,,,,,,valid
895,inference,267.0,2,2026-09-10T17:27:05.469746+09:00,2026-09-10T17:28:05.469937+09:00,60.000164,306237,293.0,20.4124242480692,5.951571641071759,interpolated_adjacent_idle_blocks,867.6535279996739,0.0028332746467594,0.1959272184615471,5103.936083266863,,,,,,,valid
896,inference,267.0,3,2026-09-10T17:29:05.512783+09:00,2026-09-10T17:30:05.512968+09:00,60.000162,306520,292.0,19.908705976245777,5.946620849387884,interpolated_adjacent_idle_blocks,837.7273694692642,0.0027330267828176,0.1957463183479296,5108.652915875273,,,,,,,valid
897,inference,268.0,1,2026-09-10T17:30:11.240693+09:00,2026-09-10T17:31:11.242533+09:00,60.001792,29362,290.0,23.653246980148385,5.943910077465231,interpolated_adjacent_idle_blocks,1062.5919492927187,0.0361893586708234,2.043518547782591,489.3520546143776,,,,,,,valid
898,inference,268.0,2,2026-09-10T17:32:11.651444+09:00,2026-09-10T17:33:11.652467+09:00,60.000991,29446,293.0,23.07648998951188,5.938944137310156,interpolated_adjacent_idle_blocks,1028.2697344400428,0.0349205234816288,2.037661858996428,490.7585601531116,,,,,,,valid
899,inference,268.0,3,2026-09-10T17:34:12.064778+09:00,2026-09-10T17:35:12.065246+09:00,60.000438,29351,292.0,23.45929297162491,5.933978085238001,interpolated_adjacent_idle_blocks,1051.526569271135,0.0358259197053298,2.0442382814896,489.1797639516456,,,,,,,valid
900,inference,269.0,1,2026-09-10T17:35:17.441657+09:00,2026-09-10T17:36:17.441708+09:00,60.000009,225662,293.0,19.32502279379812,5.9312818331846415,interpolated_adjacent_idle_blocks,803.6245781804771,0.0035611869884184,0.2658844178461574,3761.0327378365096,,,,,,,valid
901,inference,269.0,2,2026-09-10T17:37:17.496041+09:00,2026-09-10T17:38:17.496215+09:00,60.000148,227202,293.0,20.015479609012747,5.9263305708728335,interpolated_adjacent_idle_blocks,845.3510274824525,0.0037207024035107,0.264082832457415,3786.690678430436,,,,,,,valid
902,inference,269.0,3,2026-09-10T17:39:17.551014+09:00,2026-09-10T17:40:17.551110+09:00,60.000068,227432,293.0,19.192965683437947,5.921379288413592,interpolated_adjacent_idle_blocks,796.2960861693361,0.0035012491037731,0.2638154186746401,3790.5290184471214,,,,,,,valid
903,inference,270.0,1,2026-09-10T17:40:22.908922+09:00,2026-09-10T17:41:22.909060+09:00,60.000101,367255,293.0,20.6202981353382,5.918683809307837,interpolated_adjacent_idle_blocks,882.0983444248685,0.002401868849777,0.1633744961947674,6120.906403945979,,,,,,,valid
904,inference,270.0,2,2026-09-10T17:42:22.943573+09:00,2026-09-10T17:43:22.943754+09:00,60.000156,367350,293.0,20.38105922131502,5.913733362460718,interpolated_adjacent_idle_blocks,868.041808434092,0.0023629830092121,0.1633323971689394,6122.484071336263,,,,,,,valid
905,inference,270.0,3,2026-09-10T17:44:22.979031+09:00,2026-09-10T17:45:22.979061+09:00,60.000005,367733,292.0,20.322629471685765,5.908782886351148,interpolated_adjacent_idle_blocks,864.8308671893101,0.0023517902042767,0.1631618723367032,6128.882843023432,,,,,,,valid
906,idle,,1,2026-09-10T17:45:28.264069+09:00,2026-09-10T17:46:28.264377+09:00,60.000251,0,291.0,5.799710665719816,,,,,,,,,,,,,valid
907,idle,,2,2026-09-10T17:47:28.266404+09:00,2026-09-10T17:48:28.267136+09:00,60.000701,0,291.0,5.80009997609463,,,,,,,,,,,,,valid
908,idle,,3,2026-09-10T17:49:28.268967+09:00,2026-09-10T17:50:28.269650+09:00,60.000652,0,291.0,6.122171731186918,,,,,,,,,,,,,valid
909,inference,271.0,1,2026-09-10T17:50:33.676781+09:00,2026-09-10T17:51:33.677096+09:00,60.000275,145071,292.0,20.03792545970147,5.908930179822395,interpolated_adjacent_idle_blocks,847.7436022664464,0.0058436462302351,0.4135924809231134,2417.838926297839,,,,,,,valid
910,inference,271.0,2,2026-09-10T17:52:33.761453+09:00,2026-09-10T17:53:33.761682+09:00,60.000201,144722,293.0,19.149664925844075,5.914365134572913,interpolated_adjacent_idle_blocks,794.1206477715277,0.0054872144371382,0.4145893589088327,2412.025245008514,,,,,,,valid
911,inference,271.0,3,2026-09-10T17:54:33.845759+09:00,2026-09-10T17:55:33.845922+09:00,60.000129,144243,293.0,19.17364994417107,5.919800073202162,interpolated_adjacent_idle_blocks,795.2327020047678,0.0055131458857952,0.4159656219019905,2404.044823289794,,,,,,,valid
912,inference,272.0,1,2026-09-10T17:55:39.218928+09:00,2026-09-10T17:56:39.219249+09:00,60.000279,217339,293.0,19.532885058685185,5.922758825276462,interpolated_adjacent_idle_blocks,816.6113712297424,0.0037573163179629,0.2760677034494353,3622.2998471212354,,,,,,,valid
913,inference,272.0,2,2026-09-10T17:57:39.276195+09:00,2026-09-10T17:58:39.276448+09:00,60.000228,217729,293.0,19.32650492573179,5.928192540092112,interpolated_adjacent_idle_blocks,803.9017979536046,0.0036922127872428,0.2755729723647384,3628.802895359549,,,,,,,valid
914,inference,272.0,3,2026-09-10T17:59:39.333947+09:00,2026-09-10T18:00:39.334145+09:00,60.00017,217350,292.0,20.01860646619331,5.933626277158133,interpolated_adjacent_idle_blocks,845.1012057887427,0.0038882043054462,0.2760532307338258,3622.489754391656,,,,,,,valid
915,inference,273.0,1,2026-09-10T18:00:44.907705+09:00,2026-09-10T18:01:44.907942+09:00,60.000196,46238,293.0,22.761117909606742,5.9365941050748345,interpolated_adjacent_idle_blocks,1009.4747258785802,0.0218321451161075,1.2976382131581352,770.6308197924009,,,,,,,valid
916,inference,273.0,2,2026-09-10T18:02:45.173779+09:00,2026-09-10T18:03:45.173959+09:00,60.000137,46370,293.0,21.60183191340906,5.942037270622512,interpolated_adjacent_idle_blocks,939.589823959059,0.0202628816898654,1.2939430105674583,772.8315635488848,,,,,,,valid
917,inference,273.0,3,2026-09-10T18:04:45.431484+09:00,2026-09-10T18:05:45.432642+09:00,60.001131,46253,290.0,22.187533973445632,5.947480080811684,interpolated_adjacent_idle_blocks,974.4216010589896,0.0210672086363909,1.2972376170191449,770.8687960327948,,,,,,,valid
918,inference,274.0,1,2026-09-10T18:05:50.815875+09:00,2026-09-10T18:06:50.816182+09:00,60.000268,187099,292.0,20.63002736411644,5.950439317948401,interpolated_adjacent_idle_blocks,880.7792168996784,0.0047075570521471,0.3206872725134226,3118.302738248348,,,,,,,valid
919,inference,274.0,2,2026-09-10T18:07:50.882598+09:00,2026-09-10T18:08:50.882785+09:00,60.00016,187620,292.0,21.34612208721537,5.955873459556823,interpolated_adjacent_idle_blocks,923.4173800992932,0.0049217427784846,0.319796185907758,3126.991640508308,,,,,,,valid
920,inference,274.0,3,2026-09-10T18:09:50.948755+09:00,2026-09-10T18:10:50.948900+09:00,60.000103,187585,292.0,20.65649339710547,5.961307577328644,interpolated_adjacent_idle_blocks,881.7126627907492,0.0047003367155729,0.319855549217688,3126.4112892392486,,,,,,,valid
921,inference,275.0,1,2026-09-10T18:10:56.580358+09:00,2026-09-10T18:11:56.580765+09:00,60.000366,38526,293.0,20.97007756215472,5.9642780283181285,interpolated_adjacent_idle_blocks,900.3534641528247,0.0233700219112501,1.557399304365998,642.0960874944593,,,,,,,valid
922,inference,275.0,2,2026-09-10T18:12:56.886411+09:00,2026-09-10T18:13:56.887524+09:00,60.001085,39127,293.0,21.90621341009319,5.969723020543619,interpolated_adjacent_idle_blocks,956.206714465047,0.02443853897475,1.5334956756203777,652.1048711764046,,,,,,,valid
923,inference,275.0,3,2026-09-10T18:14:57.193900+09:00,2026-09-10T18:15:57.194611+09:00,60.000686,39047,291.0,21.43839969038713,5.975168052705398,interpolated_adjacent_idle_blocks,927.804506037807,0.0237612238081749,1.5366272901890654,650.775894964719,,,,,,,valid
924,inference,276.0,1,2026-09-10T18:16:02.808449+09:00,2026-09-10T18:17:02.809406+09:00,60.000917,42760,293.0,23.10392174165789,5.978137731471025,interpolated_adjacent_idle_blocks,1027.5627449551494,0.0240309341663973,1.403201983161741,712.6557772864367,,,,,,,valid
925,inference,276.0,2,2026-09-10T18:18:03.091395+09:00,2026-09-10T18:19:03.091810+09:00,60.000388,42687,292.0,22.50525258028938,5.983581649646694,interpolated_adjacent_idle_blocks,991.3066662468824,0.0232226829303273,1.405589244969221,711.4453981340029,,,,,,,valid
926,inference,276.0,3,2026-09-10T18:20:03.369805+09:00,2026-09-10T18:21:03.370958+09:00,60.001128,42746,293.0,22.241073761034663,5.989025391513525,interpolated_adjacent_idle_blocks,975.1412344818292,0.0228124557732145,1.4036664951107358,712.4199398384226,,,,,,,valid
927,inference,277.0,1,2026-09-10T18:21:09.350356+09:00,2026-09-10T18:22:09.351342+09:00,60.000943,18227,293.0,22.72534490165955,5.992011625958398,interpolated_adjacent_idle_blocks,1004.0157760753482,0.055083983983944,3.2918715861090373,303.77855692177565,,,,,,,valid
928,inference,277.0,2,2026-09-10T18:23:10.006516+09:00,2026-09-10T18:24:10.009516+09:00,60.002973,18421,293.0,22.943008521687005,5.997472493413968,interpolated_adjacent_idle_blocks,1016.7825407749943,0.0551969242047117,3.2573135660393677,307.0014537212394,,,,,,,valid
929,inference,277.0,3,2026-09-10T18:25:10.654533+09:00,2026-09-10T18:26:10.656320+09:00,60.001762,18416,293.0,22.74824554823004,6.00293291929354,interpolated_adjacent_idle_blocks,1004.7482629770424,0.0545584417342008,3.25813214053055,306.9243225467096,,,,,,,valid
930,inference,278.0,1,2026-09-10T18:26:16.336705+09:00,2026-09-10T18:27:16.337853+09:00,60.001103,33842,292.0,22.4640954380505,6.005905638601579,interpolated_adjacent_idle_blocks,987.509541350284,0.029179999448918,1.7729774481413867,564.0229665911997,,,,,,,valid
931,inference,278.0,2,2026-09-10T18:28:16.691726+09:00,2026-09-10T18:29:16.692435+09:00,60.000679,33994,292.0,22.022370055699323,6.011352821193791,interpolated_adjacent_idle_blocks,960.6719055510342,0.0282600431120501,1.7650373212920525,566.5602579258633,,,,,,,valid
932,inference,278.0,3,2026-09-10T18:30:17.045779+09:00,2026-09-10T18:31:17.046400+09:00,60.00059,33678,293.0,22.10935418279699,6.016799967917799,interpolated_adjacent_idle_blocks,965.5627474997384,0.0286704301769623,1.78159600926418,561.2944768623565,,,,,,,valid
933,inference,279.0,1,2026-09-10T18:31:22.630759+09:00,2026-09-10T18:32:22.631836+09:00,60.001035,45099,293.0,22.64299343727698,6.019768313161035,interpolated_adjacent_idle_blocks,997.4107124849604,0.0221160272397383,1.3304293886781051,751.6370342612358,,,,,,,valid
934,inference,279.0,2,2026-09-10T18:33:22.896773+09:00,2026-09-10T18:34:22.897022+09:00,60.000209,45372,293.0,21.906068333671897,6.025211458540941,interpolated_adjacent_idle_blocks,952.8547316069444,0.0210009418056718,1.3224060786388572,756.197370953779,,,,,,,valid
935,inference,279.0,3,2026-09-10T18:35:23.165960+09:00,2026-09-10T18:36:23.166793+09:00,60.000808,45413,293.0,21.016256551917525,6.030654779485127,interpolated_adjacent_idle_blocks,899.148214712176,0.0197993573362732,1.321225380397652,756.873138252179,,,,,,,valid
936,inference,280.0,1,2026-09-10T18:36:30.160594+09:00,2026-09-10T18:37:30.163727+09:00,60.003079,7115,292.0,22.59126812347399,6.033686966504515,interpolated_adjacent_idle_blocks,993.505850210551,0.1396353970780816,8.433321040056699,118.57724794896184,,,,,,,valid
937,inference,280.0,2,2026-09-10T18:38:31.811774+09:00,2026-09-10T18:39:31.817089+09:00,60.005274,7206,293.0,21.55197293417556,6.039192871755138,interpolated_adjacent_idle_blocks,930.8486181472742,0.1291768828958193,8.327126505690682,120.0894449383721,,,,,,,valid
938,inference,280.0,3,2026-09-10T18:40:33.441711+09:00,2026-09-10T18:41:33.448711+09:00,60.006974,7198,290.0,22.92180075569865,6.044697804291166,interpolated_adjacent_idle_blocks,1012.7438780004322,0.1406979547097016,8.336617643790222,119.95272456148686,,,,,,,valid
939,idle,,1,2026-09-10T18:41:38.735782+09:00,2026-09-10T18:42:38.736176+09:00,60.000332,0,292.0,6.146347354954102,,,,,,,,,,,,,valid
940,idle,,2,2026-09-10T18:43:38.738230+09:00,2026-09-10T18:44:38.738927+09:00,60.000666,0,291.0,6.1184551637244535,,,,,,,,,,,,,valid
941,idle,,3,2026-09-10T18:45:38.740563+09:00,2026-09-10T18:46:38.741055+09:00,60.000462,0,290.0,5.874082552740134,,,,,,,,,,,,,valid
942,inference,281.0,1,2026-09-10T18:46:44.894055+09:00,2026-09-10T18:47:44.897478+09:00,60.003375,14247,293.0,22.369520723894983,6.045133107582813,interpolated_adjacent_idle_blocks,979.5183517869352,0.0687526041824198,4.211649792938666,237.43664577159743,,,,,,,valid
943,inference,281.0,2,2026-09-10T18:48:45.727018+09:00,2026-09-10T18:49:45.729169+09:00,60.002124,14203,290.0,22.402972085494977,6.041249846289081,interpolated_adjacent_idle_blocks,981.7380866503896,0.069121881760923,4.224609181158415,236.70828640432805,,,,,,,valid
944,inference,281.0,3,2026-09-10T18:50:46.560246+09:00,2026-09-10T18:51:46.560403+09:00,60.000132,14192,293.0,22.38471038386203,6.037366588083217,interpolated_adjacent_idle_blocks,980.8427855961096,0.0691123721530517,4.227743214486947,236.53281414381124,,,,,,,valid
945,inference,282.0,1,2026-09-10T18:51:52.046057+09:00,2026-09-10T18:52:52.046531+09:00,60.000416,74147,293.0,20.51982088518796,6.03526202603488,interpolated_adjacent_idle_blocks,869.0795571256704,0.0117210346625712,0.8092089443943358,1235.7747735332616,,,,,,,valid
946,inference,282.0,2,2026-09-10T18:53:52.210025+09:00,2026-09-10T18:54:52.210617+09:00,60.000565,74148,292.0,20.766430423398983,6.031400242305753,interpolated_adjacent_idle_blocks,884.1101361576461,0.0119235870982042,0.8092000525974893,1235.7883526948042,,,,,,,valid
947,inference,282.0,3,2026-09-10T18:55:52.372665+09:00,2026-09-10T18:56:52.373452+09:00,60.000761,73857,293.0,21.947982044429757,6.027538500021473,interpolated_adjacent_idle_blocks,955.238728122034,0.0129336248171741,0.812390982574454,1230.934391751883,,,,,,,valid
948,inference,283.0,1,2026-09-10T18:56:57.730888+09:00,2026-09-10T18:57:57.731072+09:00,60.000145,336415,292.0,19.20389932222528,6.025438053119365,interpolated_adjacent_idle_blocks,790.709587023239,0.0023503993193622,0.1783515749892213,5606.903107306087,,,,,,,valid
949,inference,283.0,2,2026-09-10T18:58:57.769213+09:00,2026-09-10T18:59:57.769360+09:00,60.00012,336890,292.0,19.293867155902376,6.021580309738057,interpolated_adjacent_idle_blocks,796.3388034442808,0.0023637947206633,0.1781000323548064,5614.822113046137,,,,,,,valid
950,inference,283.0,3,2026-09-10T19:00:57.808598+09:00,2026-09-10T19:01:57.808628+09:00,60.000006,337040,292.0,19.38186005642902,6.017722533585513,interpolated_adjacent_idle_blocks,801.8483315554354,0.0023790895192126,0.1780204308094055,5617.332771599866,,,,,,,valid
951,inference,284.0,1,2026-09-10T19:02:03.291674+09:00,2026-09-10T19:03:03.291758+09:00,60.000041,73075,292.0,20.345811354477263,6.015618063652162,interpolated_adjacent_idle_blocks,859.812184987431,0.0117661605882645,0.8210747971263097,1217.915838483793,,,,,,,valid
952,inference,284.0,2,2026-09-10T19:04:03.454021+09:00,2026-09-10T19:05:03.454384+09:00,60.000337,74225,292.0,20.28084094590753,6.011756329428518,interpolated_adjacent_idle_blocks,856.1498856702569,0.0115345218682419,0.8083575250927213,1237.0763789021407,,,,,,,valid
953,inference,284.0,3,2026-09-10T19:06:03.618330+09:00,2026-09-10T19:07:03.619279+09:00,60.000923,74267,293.0,20.803347964979302,6.007894527225823,interpolated_adjacent_idle_blocks,887.7408624687321,0.0119533690935238,0.8079082661209033,1237.764288266795,,,,,,,valid
954,inference,285.0,1,2026-09-10T19:07:08.984634+09:00,2026-09-10T19:08:08.984825+09:00,60.000152,310749,292.0,20.509788023574156,6.005793823118935,interpolated_adjacent_idle_blocks,870.2418566344315,0.0028004655095734,0.1930823658322587,5179.136870887293,,,,,,,valid
955,inference,285.0,2,2026-09-10T19:09:09.025930+09:00,2026-09-10T19:10:09.025971+09:00,60.000015,311768,292.0,20.93900875987107,6.001935986074876,interpolated_adjacent_idle_blocks,896.2245904838632,0.0028746522750374,0.1924508442174831,5196.132051621083,,,,,,,valid
956,inference,285.0,3,2026-09-10T19:11:09.067369+09:00,2026-09-10T19:12:09.067501+09:00,60.000108,310149,290.0,20.045104008968067,5.998078140564083,interpolated_adjacent_idle_blocks,842.8230691830329,0.0027174779515105,0.1934557515903862,5169.14070416139,,,,,,,valid
957,inference,286.0,1,2026-09-10T19:12:15.318331+09:00,2026-09-10T19:13:15.319970+09:00,60.0016,13029,291.0,22.169615582246013,5.995948969271463,interpolated_adjacent_idle_blocks,970.445874645054,0.0744835271045401,4.605234484611559,217.14420912583515,,,,,,,valid
958,inference,286.0,2,2026-09-10T19:14:16.209430+09:00,2026-09-10T19:15:16.211968+09:00,60.00251,13152,292.0,21.37069533356138,5.99206380474051,interpolated_adjacent_idle_blocks,922.7564920943896,0.0701609254937948,4.562234671532406,219.19082905573347,,,,,,,valid
959,inference,286.0,3,2026-09-10T19:16:17.117309+09:00,2026-09-10T19:17:17.120561+09:00,60.003213,13150,293.0,22.70399770466764,5.988178103916749,interpolated_adjacent_idle_blocks,1003.0028839734304,0.0762739835721239,4.562981946768103,219.15493238106853,,,,,,,valid
960,inference,287.0,1,2026-09-10T19:17:22.533053+09:00,2026-09-10T19:18:22.533286+09:00,60.00017,130870,292.0,20.535441276487724,5.986075847256279,interpolated_adjacent_idle_blocks,872.9643991460096,0.006670469925468,0.4584715343471506,2181.160497617304,,,,,,,valid
961,inference,287.0,2,2026-09-10T19:19:22.626775+09:00,2026-09-10T19:20:22.626908+09:00,60.000099,132030,292.0,20.72332511901297,5.982216324566197,interpolated_adjacent_idle_blocks,884.4679870365769,0.0066989925549994,0.4544429197910278,2200.49638018311,,,,,,,valid
962,inference,287.0,3,2026-09-10T19:21:22.721188+09:00,2026-09-10T19:22:22.721521+09:00,60.000303,130374,292.0,20.35224911467257,5.97835677485153,interpolated_adjacent_idle_blocks,862.4378956786416,0.0066151065065016,0.4602167809532955,2172.889041396089,,,,,,,valid
963,inference,288.0,1,2026-09-10T19:22:28.203162+09:00,2026-09-10T19:23:28.203271+09:00,60.000066,81936,293.0,20.724506199012296,5.976252344799938,interpolated_adjacent_idle_blocks,884.8962046374959,0.0107998462780401,0.7322796633957851,1365.5984864617446,,,,,,,valid
964,inference,288.0,2,2026-09-10T19:24:28.352030+09:00,2026-09-10T19:25:28.352156+09:00,60.000099,81343,293.0,21.906734610264767,5.972391047973068,interpolated_adjacent_idle_blocks,956.0621912375146,0.0117534660786732,0.7376184723946767,1355.7144206997723,,,,,,,valid
965,inference,288.0,3,2026-09-10T19:26:28.500368+09:00,2026-09-10T19:27:28.500657+09:00,60.00025,82249,293.0,21.547052683662944,5.968529765826977,interpolated_adjacent_idle_blocks,934.7152697008876,0.0113644575581573,0.7294951950783549,1370.810948100337,,,,,,,valid
966,inference,289.0,1,2026-09-10T19:27:33.926168+09:00,2026-09-10T19:28:33.926275+09:00,60.000067,114502,292.0,20.69217781376189,5.966427140407735,interpolated_adjacent_idle_blocks,883.5460270265444,0.007716424403299,0.5240088985345241,1908.3645388402028,,,,,,,valid
967,inference,289.0,2,2026-09-10T19:29:34.032571+09:00,2026-09-10T19:30:34.032800+09:00,60.000202,114903,292.0,20.92706509047352,5.962567206609892,interpolated_adjacent_idle_blocks,897.8728958603904,0.0078141814910001,0.5221813338206497,1915.0435590703512,,,,,,,valid
968,inference,289.0,3,2026-09-10T19:31:34.139104+09:00,2026-09-10T19:32:34.139470+09:00,60.000341,114704,291.0,20.80010154752681,5.958707268398622,interpolated_adjacent_idle_blocks,890.4887176631405,0.0077633623732663,0.523088481657203,1911.7224620046836,,,,,,,valid
969,inference,290.0,1,2026-09-10T19:32:39.620590+09:00,2026-09-10T19:33:39.621222+09:00,60.000581,78822,293.0,20.061582633270216,5.956602846162475,interpolated_adjacent_idle_blocks,846.3069822197208,0.0107369387001055,0.7612161756870326,1313.6872703702782,,,,,,,valid
970,inference,290.0,2,2026-09-10T19:34:39.773616+09:00,2026-09-10T19:35:39.773995+09:00,60.000353,79303,291.0,22.439427163018667,5.952741420035955,interpolated_adjacent_idle_blocks,989.2069643790298,0.0124737647299475,0.7565962611754674,1321.70888400423,,,,,,,valid
971,inference,290.0,3,2026-09-10T19:36:39.927177+09:00,2026-09-10T19:37:39.927584+09:00,60.000383,79207,291.0,20.44315041002608,5.94887997221008,interpolated_adjacent_idle_blocks,869.6617775745378,0.0109796075798166,0.7575136389461088,1320.1082443759697,,,,,,,valid
972,idle,,1,2026-09-10T19:37:45.217175+09:00,2026-09-10T19:38:45.217479+09:00,60.000231,0,292.0,6.144393780142386,,,,,,,,,,,,,valid
973,idle,,2,2026-09-10T19:39:45.218778+09:00,2026-09-10T19:40:45.219544+09:00,60.000736,0,292.0,5.860860460860644,,,,,,,,,,,,,valid
974,idle,,3,2026-09-10T19:41:45.221803+09:00,2026-09-10T19:42:45.222242+09:00,60.0004,0,291.0,5.837984327915627,,,,,,,,,,,,,valid
975,inference,291.0,1,2026-09-10T19:42:51.931593+09:00,2026-09-10T19:43:51.935728+09:00,60.004086,8527,292.0,22.052321382696636,5.9484492188973945,interpolated_adjacent_idle_blocks,966.2981302496156,0.1133221684355125,7.036951530432572,142.10698989119348,,,,,,,valid
976,inference,291.0,2,2026-09-10T19:44:53.335733+09:00,2026-09-10T19:45:53.340751+09:00,60.004986,8494,293.0,20.80996821865624,5.950775282053014,interpolated_adjacent_idle_blocks,891.6256641321754,0.1049712342985843,7.064396785966824,141.55490274646874,,,,,,,valid
977,inference,291.0,3,2026-09-10T19:46:54.725358+09:00,2026-09-10T19:47:54.730453+09:00,60.005066,8511,293.0,22.267204855937308,5.953101059384026,interpolated_adjacent_idle_blocks,978.9288750430302,0.1150192544992398,7.050295605686422,141.83802437921173,,,,,,,valid
978,inference,292.0,1,2026-09-10T19:48:00.522120+09:00,2026-09-10T19:49:00.522511+09:00,60.00035,25690,293.0,22.703229103808297,5.954361653926458,interpolated_adjacent_idle_blocks,1004.9379090965176,0.0391178633357928,2.335552748151142,428.16416832872426,,,,,,,valid
979,inference,292.0,2,2026-09-10T19:50:00.979223+09:00,2026-09-10T19:51:00.979730+09:00,60.00048,25828,293.0,22.862248028232155,5.9566695648829135,interpolated_adjacent_idle_blocks,1014.3428224786168,0.039272991423208,2.3230788291777307,430.4632229608656,,,,,,,valid
980,inference,292.0,3,2026-09-10T19:52:01.437234+09:00,2026-09-10T19:53:01.437661+09:00,60.000404,25877,293.0,22.33439581795227,5.958977491361448,interpolated_adjacent_idle_blocks,982.5317152644534,0.0379693053779206,2.3186769718284888,431.28042937840047,,,,,,,valid
981,inference,293.0,1,2026-09-10T19:53:06.791871+09:00,2026-09-10T19:54:06.791938+09:00,60.000025,348316,292.0,20.088694244663813,5.9602296565789175,interpolated_adjacent_idle_blocks,847.7082284967084,0.0024337332436543,0.1722574481218304,5805.264218779918,,,,,,,valid
982,inference,293.0,2,2026-09-10T19:55:06.828482+09:00,2026-09-10T19:56:06.828658+09:00,60.000146,352333,293.0,20.63066723986715,5.962529511009822,interpolated_adjacent_idle_blocks,880.0904052795481,0.0024978937689048,0.1702938595022159,5872.202338493522,,,,,,,valid
983,inference,293.0,3,2026-09-10T19:57:06.868223+09:00,2026-09-10T19:58:06.868303+09:00,60.000052,352679,293.0,20.54695514754016,5.9648294234498165,interpolated_adjacent_idle_blocks,874.9283017159582,0.0024808063471767,0.1701265227019536,5877.978248881924,,,,,,,valid
984,inference,294.0,1,2026-09-10T19:58:12.273928+09:00,2026-09-10T19:59:12.274190+09:00,60.000221,139825,292.0,21.37656027274728,5.966082572300258,interpolated_adjacent_idle_blocks,924.6320677423928,0.0066127807455204,0.429109392454806,2330.4080907651546,,,,,,,valid
985,inference,294.0,2,2026-09-10T20:00:12.363246+09:00,2026-09-10T20:01:12.363560+09:00,60.000288,140674,290.0,20.701075612320416,5.968383436031753,interpolated_adjacent_idle_blocks,883.9657735926667,0.006283789282971,0.4265200953978338,2344.5554167084592,,,,,,,valid
986,inference,294.0,3,2026-09-10T20:02:12.450864+09:00,2026-09-10T20:03:12.451080+09:00,60.000191,140444,292.0,20.89124103281306,5.970684265759023,interpolated_adjacent_idle_blocks,895.2362558495847,0.0063743289556662,0.4272179032212176,2340.725874220187,,,,,,,valid
987,inference,295.0,1,2026-09-10T20:03:17.799900+09:00,2026-09-10T20:04:17.799981+09:00,60.000042,390433,293.0,20.18490214406356,5.971936325821028,interpolated_adjacent_idle_blocks,852.7785460391162,0.0021841866492819,0.1536756424277671,6507.2121007727965,,,,,,,valid
988,inference,295.0,2,2026-09-10T20:05:17.833052+09:00,2026-09-10T20:06:17.833085+09:00,60.000007,391855,291.0,20.27496247582926,5.974236112471883,interpolated_adjacent_idle_blocks,858.0436819065271,0.0021896969080566,0.1531178793175844,6530.915948266778,,,,,,,valid
989,inference,295.0,3,2026-09-10T20:07:17.866459+09:00,2026-09-10T20:08:17.866523+09:00,60.00004,392242,292.0,20.15935748022383,5.976535904768792,interpolated_adjacent_idle_blocks,850.9698618401651,0.0021695021487759,0.1529668933974447,6537.362286633879,,,,,,,valid
990,inference,296.0,1,2026-09-10T20:08:23.382276+09:00,2026-09-10T20:09:23.383008+09:00,60.000663,64118,293.0,20.08245144325698,5.9777911679840585,interpolated_adjacent_idle_blocks,846.2889679061377,0.0131989295970887,0.9357850088898658,1068.6215215034415,,,,,,,valid
991,inference,296.0,2,2026-09-10T20:10:23.574046+09:00,2026-09-10T20:11:23.575008+09:00,60.000934,64369,291.0,20.96843725300201,5.9800939963548965,interpolated_adjacent_idle_blocks,899.3145945114286,0.0139712376223248,0.9321402196708746,1072.7999703232265,,,,,,,valid
992,inference,296.0,3,2026-09-10T20:12:23.759924+09:00,2026-09-10T20:13:23.760472+09:00,60.000504,64340,293.0,21.862398463974625,5.98239670567897,interpolated_adjacent_idle_blocks,952.8081090186254,0.014808954134576,0.9325536882188108,1072.3243204474506,,,,,,,valid
993,inference,297.0,1,2026-09-10T20:13:29.150831+09:00,2026-09-10T20:14:29.150898+09:00,60.000025,188000,293.0,21.321276612300103,5.983649564657552,interpolated_adjacent_idle_blocks,920.2580062992292,0.0048949893952086,0.3191490670212667,3133.3320486672906,,,,,,,valid
994,inference,297.0,2,2026-09-10T20:15:29.217806+09:00,2026-09-10T20:16:29.218081+09:00,60.000249,188759,292.0,21.312719654855893,5.98595000180138,interpolated_adjacent_idle_blocks,919.6099955489144,0.0048718736354235,0.3178669557478158,3145.9702932863643,,,,,,,valid
995,inference,297.0,3,2026-09-10T20:17:29.283704+09:00,2026-09-10T20:18:29.283861+09:00,60.000132,188582,293.0,20.59914540667436,5.988250415182449,interpolated_adjacent_idle_blocks,876.6556281276532,0.0046486707539831,0.3181646843282513,3143.0263924838923,,,,,,,valid
996,inference,298.0,1,2026-09-10T20:18:36.648830+09:00,2026-09-10T20:19:36.658281+09:00,60.00941,5930,293.0,22.581418854297947,5.989541193047455,interpolated_adjacent_idle_blocks,995.668789243822,0.1679036744087389,10.119630657672383,98.81783573216002,,,,,,,valid
997,inference,298.0,2,2026-09-10T20:20:38.619747+09:00,2026-09-10T20:21:38.625554+09:00,60.005781,5959,293.0,22.583985715135057,5.991878072059141,interpolated_adjacent_idle_blocks,995.6223775588396,0.1670787678400469,10.069773653297762,99.30709809673913,,,,,,,valid
998,inference,298.0,3,2026-09-10T20:22:40.607107+09:00,2026-09-10T20:23:40.607434+09:00,60.000301,5972,293.0,22.922217250665145,5.994215248516437,interpolated_adjacent_idle_blocks,1015.685215457525,0.1700745504784871,10.046935884124837,99.53283384440624,,,,,,,valid
999,inference,299.0,1,2026-09-10T20:23:45.939134+09:00,2026-09-10T20:24:45.939233+09:00,60.00006,769262,292.0,20.2214130479492,5.995466981801674,interpolated_adjacent_idle_blocks,853.5576175256158,0.0011095798538412,0.0779969114553844,12821.02049094619,,,,,,,valid
1000,inference,299.0,2,2026-09-10T20:25:45.957257+09:00,2026-09-10T20:26:45.957310+09:00,60.000028,770092,291.0,19.88595254940411,5.997766480526638,interpolated_adjacent_idle_blocks,833.2915530018582,0.001082067536089,0.0779128050934098,12834.860698457687,,,,,,,valid
1001,inference,299.0,3,2026-09-10T20:27:45.975222+09:00,2026-09-10T20:28:45.975259+09:00,60.000014,765139,292.0,19.946978504805585,6.000065976515367,interpolated_adjacent_idle_blocks,836.8149469541884,0.0010936770272515,0.0784171419833542,12752.313776141851,,,,,,,valid
1002,inference,300.0,1,2026-09-10T20:28:51.537724+09:00,2026-09-10T20:29:51.537885+09:00,60.000121,52549,293.0,21.89991884018428,6.001322128979499,interpolated_adjacent_idle_blocks,953.917726402489,0.0181529187311364,1.1417937639155984,875.8149077383823,,,,,,,valid
1003,inference,300.0,2,2026-09-10T20:30:51.763633+09:00,2026-09-10T20:31:51.764270+09:00,60.000596,52323,292.0,20.609177799871414,6.003625613799989,interpolated_adjacent_idle_blocks,876.3418360733888,0.0167486924693421,1.1467346272193353,872.0413391761393,,,,,,,valid
1004,inference,300.0,3,2026-09-10T20:32:51.990871+09:00,2026-09-10T20:33:51.991101+09:00,60.000205,52683,293.0,21.511565580162667,6.0059291156225925,interpolated_adjacent_idle_blocks,930.3413665278796,0.0176592328934927,1.138891196401176,878.0470014694438,,,,,,,valid
1005,idle,,1,2026-09-10T20:33:57.279084+09:00,2026-09-10T20:34:57.279477+09:00,60.000334,0,291.0,6.052021020922211,,,,,,,,,,,,,valid
1006,idle,,2,2026-09-10T20:35:57.281122+09:00,2026-09-10T20:36:57.281504+09:00,60.000351,0,292.0,5.881620670877604,,,,,,,,,,,,,valid
1007,idle,,3,2026-09-10T20:37:57.283320+09:00,2026-09-10T20:38:57.283906+09:00,60.000554,0,291.0,6.086173716206755,,,,,,,,,,,,,valid
1008,idle,,1,2026-09-10T22:57:28.292869+09:00,2026-09-10T22:58:28.294728+09:00,60.000666,0,290.0,6.321346835932835,,,,,,,,,,,,,valid
1009,idle,,2,2026-09-10T22:59:28.357004+09:00,2026-09-10T23:00:28.357352+09:00,60.000302,0,291.0,5.818749636854925,,,,,,,,,,,,,valid
1010,idle,,3,2026-09-10T23:01:28.358532+09:00,2026-09-10T23:02:28.359080+09:00,60.000513,0,291.0,5.924035929424845,,,,,,,,,,,,,valid
1011,inference,301.0,1,2026-09-10T23:02:33.902353+09:00,2026-09-10T23:03:33.902465+09:00,60.000074,241921,292.0,20.52148732317013,6.021615258340548,interpolated_adjacent_idle_blocks,869.993396880308,0.0035961879988934,0.2480151557739913,4032.011660252205,,,,,,,valid
1012,inference,301.0,2,2026-09-10T23:04:33.955057+09:00,2026-09-10T23:05:33.955279+09:00,60.000194,240483,292.0,20.322341835801,6.022416768311738,interpolated_adjacent_idle_blocks,857.9982782348186,0.0035678126031146,0.2494986938785526,4008.0370139603447,,,,,,,valid
1013,inference,301.0,3,2026-09-10T23:06:34.006609+09:00,2026-09-10T23:07:34.006816+09:00,60.000182,240269,292.0,20.434112813874638,6.0232182701745165,interpolated_adjacent_idle_blocks,864.656295404814,0.0035987010201266,0.2497208636986249,4004.4711730888753,,,,,,,valid
1014,inference,302.0,1,2026-09-10T23:07:39.765668+09:00,2026-09-10T23:08:39.767496+09:00,60.001785,29137,290.0,22.820335866426436,6.0236573037430725,interpolated_adjacent_idle_blocks,1007.830695832236,0.0345893776240599,2.0592986649278204,485.6022183819803,,,,,,,valid
1015,inference,302.0,2,2026-09-10T23:09:40.172478+09:00,2026-09-10T23:10:40.173799+09:00,60.001293,29342,293.0,22.71248330569226,6.024461175778793,interpolated_adjacent_idle_blocks,1001.302905407422,0.0341252438622937,2.0448944550471904,489.02279407712655,,,,,,,valid
1016,inference,302.0,3,2026-09-10T23:11:40.578720+09:00,2026-09-10T23:12:40.579335+09:00,60.00057,29376,292.0,22.611917122971896,6.025265043357593,interpolated_adjacent_idle_blocks,995.2085791685436,0.0338782876895609,2.0425030603214536,489.59534966014576,,,,,,,valid
1017,inference,303.0,1,2026-09-10T23:12:46.086075+09:00,2026-09-10T23:13:46.086739+09:00,60.000622,64567,293.0,23.01483102647244,6.025702391223217,interpolated_adjacent_idle_blocks,1019.3582853529643,0.01578760489651,0.9292768984156464,1076.105520006934,,,,,,,valid
1018,inference,303.0,2,2026-09-10T23:14:46.271445+09:00,2026-09-10T23:15:46.271946+09:00,60.000465,64948,292.0,20.226604980140053,6.026504786003007,interpolated_adjacent_idle_blocks,852.012614694813,0.013118381084788,0.9238231308123782,1082.4582830272225,,,,,,,valid
1019,inference,303.0,3,2026-09-10T23:16:46.460462+09:00,2026-09-10T23:17:46.461202+09:00,60.000715,64151,293.0,22.329558834938528,6.027307206473761,interpolated_adjacent_idle_blocks,978.1467538178003,0.0152475682969525,0.9353044317313668,1069.1705995115128,,,,,,,valid
1020,inference,304.0,1,2026-09-10T23:17:52.153299+09:00,2026-09-10T23:18:52.154950+09:00,60.001603,32617,293.0,21.779909188968205,6.027745795552019,interpolated_adjacent_idle_blocks,945.1550543228908,0.0289773754276264,1.8395806787870428,543.6021434294288,,,,,,,valid
1021,inference,304.0,2,2026-09-10T23:19:52.519565+09:00,2026-09-10T23:20:52.519812+09:00,60.000216,32848,291.0,21.328247178108345,6.028549393908929,interpolated_adjacent_idle_blocks,917.9851717866864,0.0279464555463555,1.826601799196286,547.4646967062033,,,,,,,valid
1022,inference,304.0,3,2026-09-10T23:21:52.882695+09:00,2026-09-10T23:22:52.883410+09:00,60.000686,32835,290.0,22.09617816190449,6.029352977575512,interpolated_adjacent_idle_blocks,964.0205329018152,0.0293595411269016,1.8273392995279012,547.2437440919444,,,,,,,valid
1023,inference,305.0,1,2026-09-10T23:22:58.406036+09:00,2026-09-10T23:23:58.406215+09:00,60.00013,64915,292.0,21.996964956683133,6.029790430216976,interpolated_adjacent_idle_blocks,958.0325473206578,0.0147582615315513,0.9242876007085776,1081.914329731763,,,,,,,valid
1024,inference,305.0,2,2026-09-10T23:24:58.595280+09:00,2026-09-10T23:25:58.596047+09:00,60.000736,64422,292.0,21.092919541752646,6.030592853368249,interpolated_adjacent_idle_blocks,903.7506871755064,0.0140286033835569,0.9313702710254064,1073.686836599406,,,,,,,valid
1025,inference,305.0,3,2026-09-10T23:26:58.781491+09:00,2026-09-10T23:27:58.781984+09:00,60.000465,65057,293.0,21.89900872282408,6.031395253392879,interpolated_adjacent_idle_blocks,952.0641866061352,0.0146343081698531,0.9222753078068124,1084.2749356241775,,,,,,,valid
1026,inference,306.0,1,2026-09-10T23:28:05.709228+09:00,2026-09-10T23:29:05.714031+09:00,60.004758,7614,290.0,22.596173229055346,6.031842098397903,interpolated_adjacent_idle_blocks,993.9386809269662,0.1305409352412616,7.880845482007648,126.88993868526522,,,,,,,valid
1027,inference,306.0,2,2026-09-10T23:30:07.247117+09:00,2026-09-10T23:31:07.252462+09:00,60.005319,7659,290.0,22.650327893095174,6.032653525374304,interpolated_adjacent_idle_blocks,997.148851473214,0.1301930867571764,7.834615367542012,127.6386846178684,,,,,,,valid
1028,inference,306.0,3,2026-09-10T23:32:08.784217+09:00,2026-09-10T23:33:08.788837+09:00,60.004595,7651,292.0,22.693809178353977,6.033464942852688,interpolated_adjacent_idle_blocks,999.6972084118396,0.130662293610226,7.842712678081756,127.50690240058488,,,,,,,valid
1029,inference,307.0,1,2026-09-10T23:33:14.338034+09:00,2026-09-10T23:34:14.339133+09:00,60.001057,59053,293.0,22.57874976341376,6.033902588996142,interpolated_adjacent_idle_blocks,992.7083183685204,0.0168104637930083,1.0160543376289062,984.1993316357756,,,,,,,valid
1030,inference,307.0,2,2026-09-10T23:35:14.541210+09:00,2026-09-10T23:36:14.541991+09:00,60.000752,59429,293.0,22.440400586729584,6.03470510213742,interpolated_adjacent_idle_blocks,984.354066158534,0.0165635307031673,1.009620752494656,990.4709243833546,,,,,,,valid
1031,inference,307.0,3,2026-09-10T23:37:14.746296+09:00,2026-09-10T23:38:14.747064+09:00,60.000742,59441,293.0,21.997853005905917,6.035507629048992,interpolated_adjacent_idle_blocks,957.7525666716848,0.0161126590513565,1.009416772934377,990.6710754300204,,,,,,,valid
1032,inference,308.0,1,2026-09-10T23:38:20.113356+09:00,2026-09-10T23:39:20.113581+09:00,60.000189,267405,293.0,20.473538893953428,6.035944038285517,interpolated_adjacent_idle_blocks,866.2584200455024,0.0032394997103476,0.2243794577513425,4456.73596870976,,,,,,,valid
1033,inference,308.0,2,2026-09-10T23:40:20.159518+09:00,2026-09-10T23:41:20.159724+09:00,60.00018,269269,293.0,20.6073456607126,6.036745504149109,interpolated_adjacent_idle_blocks,874.2386321018378,0.0032467110291264,0.2228261689982896,4487.803225695972,,,,,,,valid
1034,inference,308.0,3,2026-09-10T23:42:20.209074+09:00,2026-09-10T23:43:20.209108+09:00,60.000007,269155,292.0,21.54904062435521,6.037546992163597,interpolated_adjacent_idle_blocks,930.689726511952,0.0034578206851515,0.2229199034013562,4485.916173216482,,,,,,,valid
1035,inference,309.0,1,2026-09-10T23:43:26.163080+09:00,2026-09-10T23:44:26.165878+09:00,60.002753,19567,293.0,22.75120352497064,6.037987331073509,interpolated_adjacent_idle_blocks,1002.8389831180098,0.0512515451074773,3.066528001226373,326.1017018595877,,,,,,,valid
1036,inference,309.0,2,2026-09-10T23:45:26.765828+09:00,2026-09-10T23:46:26.766413+09:00,60.00054,19709,292.0,22.659173878978404,6.038792505556771,interpolated_adjacent_idle_blocks,997.2318574112396,0.0505977907256197,3.044321908772512,328.48037427264245,,,,,,,valid
1037,inference,309.0,3,2026-09-10T23:47:27.378108+09:00,2026-09-10T23:48:27.378219+09:00,60.000087,19732,290.0,21.760037109683864,6.039597749483633,interpolated_adjacent_idle_blocks,943.2277292902384,0.0478019323581106,3.040750380093443,328.86619255121815,,,,,,,valid
1038,inference,310.0,1,2026-09-10T23:48:33.243349+09:00,2026-09-10T23:49:33.245577+09:00,60.002179,22013,292.0,22.001977653484765,6.040037493612696,interpolated_adjacent_idle_blocks,957.7511906599324,0.0435084354999287,2.7257610820878804,366.8700116717564,,,,,,,valid
1039,inference,310.0,2,2026-09-10T23:50:33.783821+09:00,2026-09-10T23:51:33.783907+09:00,60.000059,22159,293.0,22.30800111825051,6.040842252559727,interpolated_adjacent_idle_blocks,976.03049170382,0.0440466849453413,2.707706087819832,369.3163022745838,,,,,,,valid
1040,inference,310.0,3,2026-09-10T23:52:34.321237+09:00,2026-09-10T23:53:34.321328+09:00,60.000065,22114,293.0,22.02351854720039,6.041646998269703,interpolated_adjacent_idle_blocks,958.9133317574916,0.0433622742044628,2.713216292846203,368.56626677226143,,,,,,,valid
1041,idle,,1,2026-09-10T23:53:39.584041+09:00,2026-09-10T23:54:39.584585+09:00,60.000474,0,291.0,5.88242318071539,,,,,,,,,,,,,valid
1042,idle,,2,2026-09-10T23:55:39.586060+09:00,2026-09-10T23:56:39.586699+09:00,60.000609,0,290.0,6.174597207293414,,,,,,,,,,,,,valid
1043,idle,,3,2026-09-10T23:57:39.588243+09:00,2026-09-10T23:58:39.588616+09:00,60.000343,0,291.0,6.068626642384225,,,,,,,,,,,,,valid
1044,inference,311.0,1,2026-09-10T23:58:45.109421+09:00,2026-09-10T23:59:45.110466+09:00,60.000989,59299,292.0,20.436651848889674,6.041179458111056,interpolated_adjacent_idle_blocks,863.7425805689115,0.0145658877985954,1.011838123745875,988.3003778291636,,,,,,,valid
1045,inference,311.0,2,2026-09-11T00:00:45.314242+09:00,2026-09-11T00:01:45.314863+09:00,60.000588,58712,292.0,21.089537887586456,6.038800614471491,interpolated_adjacent_idle_blocks,903.0530862204143,0.0153810649649205,1.0219476171821629,978.5237356463736,,,,,,,valid
1046,inference,311.0,3,2026-09-11T00:02:45.517147+09:00,2026-09-11T00:03:45.517493+09:00,60.000322,59179,293.0,21.23190538404674,6.0364218072665805,interpolated_adjacent_idle_blocks,911.7339075525211,0.0154063757000375,1.013878598827356,986.3113800376022,,,,,,,valid
1047,inference,312.0,1,2026-09-11T00:03:51.728835+09:00,2026-09-11T00:04:51.732468+09:00,60.003584,13497,294.0,23.0563518724636,6.0351114485103565,interpolated_adjacent_idle_blocks,1021.335429562874,0.0756712921066069,4.445697888419204,224.9365622897913,,,,,,,valid
1048,inference,312.0,2,2026-09-11T00:05:52.617197+09:00,2026-09-11T00:06:52.617861+09:00,60.000637,13529,292.0,22.754150440514163,6.03271910280643,interpolated_adjacent_idle_blocks,1003.296531814226,0.0741589571893137,4.434964653707083,225.48094022894264,,,,,,,valid
1049,inference,312.0,3,2026-09-11T00:07:53.502224+09:00,2026-09-11T00:08:53.503268+09:00,60.000997,13582,292.0,21.5231777260972,6.030326789960693,interpolated_adjacent_idle_blocks,929.5865025405736,0.0684425344235439,4.417684958032419,226.3629048924728,,,,,,,valid
1050,inference,313.0,1,2026-09-11T00:08:59.094358+09:00,2026-09-11T00:09:59.095276+09:00,60.000876,48118,293.0,22.83559027717271,6.029028725914365,interpolated_adjacent_idle_blocks,1008.4084156234196,0.0209569893932295,1.246952826385267,801.954956787622,,,,,,,valid
1051,inference,313.0,2,2026-09-11T00:10:59.341801+09:00,2026-09-11T00:11:59.343001+09:00,60.001174,48302,293.0,20.9586983983514,6.026649031802553,interpolated_adjacent_idle_blocks,895.9404922188874,0.018548724529396,1.2422088899011017,805.017584505948,,,,,,,valid
1052,inference,313.0,3,2026-09-11T00:12:59.589485+09:00,2026-09-11T00:13:59.589861+09:00,60.00035,48261,290.0,22.374885064651064,6.024269343862267,interpolated_adjacent_idle_blocks,981.04266596283,0.0203278561563753,1.2432471415843922,804.345303963942,,,,,,,valid
1053,inference,314.0,1,2026-09-11T00:14:05.488295+09:00,2026-09-11T00:15:05.489127+09:00,60.000788,20704,293.0,22.58803381977297,6.022965204957558,interpolated_adjacent_idle_blocks,993.9171701629934,0.0480060456995263,2.8980287963681586,345.0621337004004,,,,,,,valid
1054,inference,314.0,2,2026-09-11T00:16:06.052079+09:00,2026-09-11T00:17:06.052855+09:00,60.000749,20797,292.0,22.479231993513235,6.020579253814085,interpolated_adjacent_idle_blocks,987.531491912851,0.0474843242733495,2.885067504929206,346.6123403668983,,,,,,,valid
1055,inference,314.0,3,2026-09-11T00:18:06.623975+09:00,2026-09-11T00:19:06.624725+09:00,60.000725,20780,293.0,22.30424176863847,6.0181931418334536,interpolated_adjacent_idle_blocks,977.1747249935554,0.0470247702114319,2.8874266025018893,346.32914967726725,,,,,,,valid
1056,inference,315.0,1,2026-09-11T00:19:12.187109+09:00,2026-09-11T00:20:12.188021+09:00,60.000869,52015,293.0,23.25688341987945,6.016895648851519,interpolated_adjacent_idle_blocks,1034.4142478110489,0.0198868450987416,1.1535301220801335,866.9041066710278,,,,,,,valid
1057,inference,315.0,2,2026-09-11T00:21:12.419012+09:00,2026-09-11T00:22:12.420118+09:00,60.00108,52144,292.0,22.807042684845623,6.014516263136749,interpolated_adjacent_idle_blocks,1007.569721231068,0.0193228314136059,1.1506804272780913,869.051020851617,,,,,,,valid
1058,inference,315.0,3,2026-09-11T00:23:12.652549+09:00,2026-09-11T00:24:12.652945+09:00,60.000353,52139,293.0,22.356350652226077,6.012136854038122,interpolated_adjacent_idle_blocks,980.6585973987478,0.0188085424998321,1.1507768369166962,868.9782136033637,,,,,,,valid
1059,inference,316.0,1,2026-09-11T00:24:18.212281+09:00,2026-09-11T00:25:18.212794+09:00,60.000471,54025,290.0,23.210753347465715,6.010839428825024,interpolated_adjacent_idle_blocks,1032.002936277897,0.0191023218191188,1.1106056603422598,900.409601452802,,,,,,,valid
1060,inference,316.0,2,2026-09-11T00:26:18.436640+09:00,2026-09-11T00:27:18.437404+09:00,60.000723,53967,292.0,21.37349751881847,6.0084601918497125,interpolated_adjacent_idle_blocks,921.9133485401128,0.0170829089728929,1.1118039431503168,899.4391557620147,,,,,,,valid
1061,inference,316.0,3,2026-09-11T00:28:18.664990+09:00,2026-09-11T00:29:18.665349+09:00,60.000333,53972,293.0,22.99549828861995,6.006080882382552,interpolated_adjacent_idle_blocks,1019.37070185024,0.0188870284934825,1.1116937152595896,899.5283379527714,,,,,,,valid
1062,inference,317.0,1,2026-09-11T00:29:24.124208+09:00,2026-09-11T00:30:24.124767+09:00,60.000512,103546,293.0,20.354241059415337,6.004785445514589,interpolated_adjacent_idle_blocks,860.9746837553192,0.0083149004669936,0.5794575579935584,1725.7519316213952,,,,,,,valid
1063,inference,317.0,2,2026-09-11T00:31:24.240774+09:00,2026-09-11T00:32:24.241158+09:00,60.000342,104670,293.0,21.10141194087625,6.002408345973021,interpolated_adjacent_idle_blocks,905.9453795534232,0.0086552534589989,0.5732334183624592,1744.490059314186,,,,,,,valid
1064,inference,317.0,3,2026-09-11T00:33:24.357279+09:00,2026-09-11T00:34:24.357386+09:00,60.000082,104764,290.0,21.805786763568367,6.000031248639614,interpolated_adjacent_idle_blocks,948.3466269676774,0.0090522185766835,0.5727165973043757,1746.0642920193573,,,,,,,valid
1065,inference,318.0,1,2026-09-11T00:34:30.814019+09:00,2026-09-11T00:35:30.818270+09:00,60.004207,10608,293.0,21.510104976744746,5.998716031834931,interpolated_adjacent_idle_blocks,930.74859310788,0.0877402519898077,5.656505165912885,176.78760483172178,,,,,,,valid
1066,inference,318.0,2,2026-09-11T00:36:31.938445+09:00,2026-09-11T00:37:31.943566+09:00,60.005093,10593,292.0,21.27188068467851,5.99631897644454,interpolated_adjacent_idle_blocks,916.6115009298184,0.0865299255102254,5.664598631171722,176.53501423686043,,,,,,,valid
1067,inference,318.0,3,2026-09-11T00:38:33.054337+09:00,2026-09-11T00:39:33.059768+09:00,60.005405,10684,293.0,21.52544647725393,5.993922095489427,interpolated_adjacent_idle_blocks,931.9754107951536,0.08723094447727,5.616380082366342,178.05062786610256,,,,,,,valid
1068,inference,319.0,1,2026-09-11T00:39:38.525427+09:00,2026-09-11T00:40:38.525610+09:00,60.000141,93112,292.0,20.697623576542966,5.9926264775852935,interpolated_adjacent_idle_blocks,882.3018993420515,0.0094757055947896,0.6443867729186176,1551.8630146157489,,,,,,,valid
1069,inference,319.0,2,2026-09-11T00:41:38.658877+09:00,2026-09-11T00:42:38.659236+09:00,60.000333,93103,293.0,21.96527112227891,5.990249040435733,interpolated_adjacent_idle_blocks,958.5066445929438,0.0102951209369509,0.6444511229498817,1551.7080572730556,,,,,,,valid
1070,inference,319.0,3,2026-09-11T00:43:38.789549+09:00,2026-09-11T00:44:38.790040+09:00,60.000466,93190,291.0,22.305807559813623,5.987871658697801,interpolated_adjacent_idle_blocks,979.0837582250792,0.0105063178262161,0.6438509035303723,1553.1546115984086,,,,,,,valid
1071,inference,320.0,1,2026-09-11T00:44:46.050209+09:00,2026-09-11T00:45:46.053762+09:00,60.003507,6275,293.0,22.54682018611859,5.986540543054059,interpolated_adjacent_idle_blocks,993.67485548458,0.1583545586429609,9.5623117928306,104.57722166618288,,,,,,,valid
1072,inference,320.0,2,2026-09-11T00:46:47.956226+09:00,2026-09-11T00:47:47.956903+09:00,60.000625,6238,293.0,22.387601709735872,5.984128057086841,interpolated_adjacent_idle_blocks,984.2186713299748,0.1577779210211565,9.618567681947347,103.96558334530978,,,,,,,valid
1073,inference,320.0,3,2026-09-11T00:48:49.833194+09:00,2026-09-11T00:49:49.835966+09:00,60.002745,6312,292.0,22.63940459631734,5.9817160968081975,interpolated_adjacent_idle_blocks,999.5070353254798,0.1583502907676615,9.506138339669237,105.1951869695592,,,,,,,valid
1074,idle,,1,2026-09-11T00:49:55.119594+09:00,2026-09-11T00:50:55.120182+09:00,60.000525,0,292.0,5.920023199298728,,,,,,,,,,,,,valid
1075,idle,,2,2026-09-11T00:51:55.121715+09:00,2026-09-11T00:52:55.122434+09:00,60.000679,0,292.0,6.049504059296614,,,,,,,,,,,,,valid
1076,idle,,3,2026-09-11T00:53:55.123957+09:00,2026-09-11T00:54:55.124666+09:00,60.000674,0,293.0,5.97352600826952,,,,,,,,,,,,,valid
1077,inference,321.0,1,2026-09-11T00:55:00.715403+09:00,2026-09-11T00:56:00.716298+09:00,60.00085,47426,292.0,23.194256879049423,5.980710453659175,interpolated_adjacent_idle_blocks,1032.8274170378766,0.0217776624011697,1.2651467507273475,790.4221383211775,,,,,,,valid
1078,inference,321.0,2,2026-09-11T00:57:00.976460+09:00,2026-09-11T00:58:00.977155+09:00,60.000668,47166,291.0,23.408454427545006,5.97967191759532,interpolated_adjacent_idle_blocks,1045.7385930236978,0.0221714496252321,1.2721169465294302,786.091249494148,,,,,,,valid
1079,inference,321.0,3,2026-09-11T00:59:01.234986+09:00,2026-09-11T01:00:01.235076+09:00,60.000064,46856,292.0,23.049264741842578,5.97863340513685,interpolated_adjacent_idle_blocks,1024.2389727227492,0.0218592917176615,1.280520402936809,780.9325003385737,,,,,,,valid
1080,inference,322.0,1,2026-09-11T01:00:06.838636+09:00,2026-09-11T01:01:06.839346+09:00,60.000666,44450,293.0,20.700771357421,5.978066869829956,interpolated_adjacent_idle_blocks,883.3720745766514,0.0198733875045365,1.3498462474691766,740.8251138786343,,,,,,,valid
1081,inference,322.0,2,2026-09-11T01:02:07.109162+09:00,2026-09-11T01:03:07.109803+09:00,60.000614,44552,293.0,21.13969193001225,5.977028251428296,interpolated_adjacent_idle_blocks,909.7691305905362,0.0204203880990872,1.346754673191005,742.5257323448499,,,,,,,valid
1082,inference,322.0,3,2026-09-11T01:04:07.376856+09:00,2026-09-11T01:05:07.377534+09:00,60.000653,44609,290.0,21.443575293548864,5.9759896570273305,interpolated_adjacent_idle_blocks,928.0652385247126,0.0208044394298171,1.3450347060009646,743.4752393662642,,,,,,,valid
1083,inference,323.0,1,2026-09-11T01:05:12.838723+09:00,2026-09-11T01:06:12.839319+09:00,60.000543,87385,293.0,20.94346479328913,5.975424349142788,interpolated_adjacent_idle_blocks,898.0905542947419,0.0102773994884103,0.6866229123990262,1456.4034813607516,,,,,,,valid
1084,inference,323.0,2,2026-09-11T01:07:12.980426+09:00,2026-09-11T01:08:12.980621+09:00,60.000132,87476,293.0,20.64114219555268,5.974386844649683,interpolated_adjacent_idle_blocks,880.007257065886,0.0100599851052389,0.6859039325070823,1457.930116167798,,,,,,,valid
1085,inference,323.0,3,2026-09-11T01:09:13.118654+09:00,2026-09-11T01:10:13.119229+09:00,60.00055,87529,290.0,19.70804916034385,5.973349366794734,interpolated_adjacent_idle_blocks,824.0895416978335,0.009415045775661,0.6854933781946126,1458.803296734543,,,,,,,valid
1086,inference,324.0,1,2026-09-11T01:10:18.673110+09:00,2026-09-11T01:11:18.673244+09:00,60.00008,54255,292.0,20.960616738750733,5.972783260891715,interpolated_adjacent_idle_blocks,899.2712076982193,0.0165749001511053,1.1058903326881944,904.2487943349712,,,,,,,valid
1087,inference,324.0,2,2026-09-11T01:12:18.899360+09:00,2026-09-11T01:13:18.899624+09:00,60.000238,54339,292.0,21.054845668201068,5.971745023985189,interpolated_adjacent_idle_blocks,904.989628430906,0.0166545138561789,1.1041836931118632,905.646412130714,,,,,,,valid
1088,inference,324.0,3,2026-09-11T01:14:19.122184+09:00,2026-09-11T01:15:19.122575+09:00,60.000365,54314,293.0,21.05848940562305,5.97070681667753,interpolated_adjacent_idle_blocks,905.272462377376,0.0166673870894682,1.1046942758772895,905.2278280394391,,,,,,,valid
1089,inference,325.0,1,2026-09-11T01:15:24.957002+09:00,2026-09-11T01:16:24.958902+09:00,60.001856,23243,292.0,23.335116609463007,5.970138281235851,interpolated_adjacent_idle_blocks,1041.9309290934066,0.0448277300302631,2.581502207116167,387.371351937411,,,,,,,valid
1090,inference,325.0,2,2026-09-11T01:17:25.475029+09:00,2026-09-11T01:18:25.476668+09:00,60.001614,23315,293.0,22.429870341689536,5.96909752632349,interpolated_adjacent_idle_blocks,987.6729366092868,0.042362124666922,2.573519776967829,388.57288331322616,,,,,,,valid
1091,inference,325.0,3,2026-09-11T01:19:25.983727+09:00,2026-09-11T01:20:25.984685+09:00,60.000933,23282,293.0,23.053525733092155,5.968056853785995,interpolated_adjacent_idle_blocks,1025.144073500834,0.0440316155614137,2.577138257022688,388.0273001555137,,,,,,,valid
1092,inference,326.0,1,2026-09-11T01:20:31.358500+09:00,2026-09-11T01:21:31.358652+09:00,60.000112,315653,292.0,20.413706280214186,5.967492301144049,interpolated_adjacent_idle_blocks,866.7744567201739,0.0027459724973948,0.1900825010375063,5260.873539341131,,,,,,,valid
1093,inference,326.0,2,2026-09-11T01:22:31.400349+09:00,2026-09-11T01:23:31.400514+09:00,60.000133,315534,291.0,20.24994725012436,5.966455657173762,interpolated_adjacent_idle_blocks,857.0113952814177,0.0027160667163646,0.1901542556427939,5258.888351562886,,,,,,,valid
1094,inference,326.0,3,2026-09-11T01:24:31.440744+09:00,2026-09-11T01:25:31.440832+09:00,60.000064,315579,292.0,20.59839544969244,5.965419026147832,interpolated_adjacent_idle_blocks,877.9795219231676,0.0027821227709168,0.1901269232109704,5259.644363414909,,,,,,,valid
1095,inference,327.0,1,2026-09-11T01:25:37.598951+09:00,2026-09-11T01:26:37.602368+09:00,60.003375,14689,293.0,22.88768883555345,5.96484769015838,interpolated_adjacent_idle_blocks,1015.4275833125698,0.0691284351087596,4.084919021035434,244.80289446387184,,,,,,,valid
1096,inference,327.0,2,2026-09-11T01:27:38.399696+09:00,2026-09-11T01:28:38.403313+09:00,60.003589,14767,292.0,22.436381192691584,5.963804491791198,interpolated_adjacent_idle_blocks,988.4137221318028,0.066933955585549,4.063356748154715,246.1019452584684,,,,,,,valid
1097,inference,327.0,3,2026-09-11T01:29:39.201593+09:00,2026-09-11T01:30:39.204940+09:00,60.003321,14745,293.0,22.4613365733214,5.962761285503396,interpolated_adjacent_idle_blocks,989.9693090376112,0.0671393224169285,4.069401247880607,245.73639685219345,,,,,,,valid
1098,inference,328.0,1,2026-09-11T01:30:44.689831+09:00,2026-09-11T01:31:44.690402+09:00,60.000529,83173,293.0,20.626660384646573,5.962195761522006,interpolated_adjacent_idle_blocks,879.8756348892598,0.0105788613479044,0.7213943070468717,1386.2044518948862,,,,,,,valid
1099,inference,328.0,2,2026-09-11T01:32:44.834749+09:00,2026-09-11T01:33:44.835114+09:00,60.00034,83492,292.0,20.537111104275123,5.961158228424487,interpolated_adjacent_idle_blocks,874.562128375016,0.0104748015184091,0.7186357938486436,1391.525454979795,,,,,,,valid
1100,inference,328.0,3,2026-09-11T01:34:44.980827+09:00,2026-09-11T01:35:44.981127+09:00,60.000274,83564,293.0,21.774139373378084,5.960120684698882,interpolated_adjacent_idle_blocks,948.8454543618728,0.0113547155995628,0.7180158249963374,1392.7269639288256,,,,,,,valid
1101,inference,329.0,1,2026-09-11T01:35:50.598906+09:00,2026-09-11T01:36:50.599381+09:00,60.000429,41380,293.0,21.168767614206743,5.959554026707814,interpolated_adjacent_idle_blocks,912.5593400025646,0.0220531498308981,1.4499862034801294,689.6617344357402,,,,,,,valid
1102,inference,329.0,2,2026-09-11T01:37:50.884473+09:00,2026-09-11T01:38:50.884984+09:00,60.000485,41530,293.0,22.08033881225625,5.9585152779649,interpolated_adjacent_idle_blocks,967.3172311418954,0.0232920113446158,1.4447504141586591,692.1610751586761,,,,,,,valid
1103,inference,329.0,3,2026-09-11T01:39:51.188599+09:00,2026-09-11T01:40:51.189416+09:00,60.000792,41537,292.0,22.832097926246664,5.957476367785038,interpolated_adjacent_idle_blocks,1012.4906582079718,0.0243756327661596,1.444514336615346,692.2741953140517,,,,,,,valid
1104,inference,330.0,1,2026-09-11T01:40:57.419730+09:00,2026-09-11T01:41:57.422954+09:00,60.003181,13309,293.0,22.513546006769104,5.95690440603156,interpolated_adjacent_idle_blocks,993.4511627211843,0.074645064446704,4.508466541437695,221.80490657054145,,,,,,,valid
1105,inference,330.0,2,2026-09-11T01:42:58.312439+09:00,2026-09-11T01:43:58.314318+09:00,60.001852,13356,292.0,22.511062270191704,5.9558604201628045,interpolated_adjacent_idle_blocks,993.34277123556,0.0743742715809793,4.492501654687182,222.5931289210913,,,,,,,valid
1106,inference,330.0,3,2026-09-11T01:44:59.212332+09:00,2026-09-11T01:45:59.212362+09:00,60.000005,13343,291.0,22.352174106863743,5.954816374429229,interpolated_adjacent_idle_blocks,983.8415459328596,0.0737346583176841,4.496740215842924,222.38331591333608,,,,,,,valid
1107,idle,,1,2026-09-11T01:46:04.507492+09:00,2026-09-11T01:47:04.507720+09:00,60.000167,0,292.0,6.132179903152072,,,,,,,,,,,,,valid
1108,idle,,2,2026-09-11T01:48:04.509326+09:00,2026-09-11T01:49:04.509976+09:00,60.00062,0,290.0,5.897696757998602,,,,,,,,,,,,,valid
1109,idle,,3,2026-09-11T01:50:04.511884+09:00,2026-09-11T01:51:04.512633+09:00,60.000716,0,291.0,5.833659603333562,,,,,,,,,,,,,valid
1110,inference,331.0,1,2026-09-11T01:51:10.597278+09:00,2026-09-11T01:52:10.600515+09:00,60.003195,15653,293.0,23.20133820156797,5.954591093105961,interpolated_adjacent_idle_blocks,1034.859929864732,0.0661125618005961,3.8333351242570255,260.8694433398435,,,,,,,valid
1111,inference,331.0,2,2026-09-11T01:53:11.369883+09:00,2026-09-11T01:54:11.372144+09:00,60.002234,15570,292.0,22.940299162151017,5.954857215952576,interpolated_adjacent_idle_blocks,1019.1644622492144,0.0654569339916001,3.853708047527416,259.4903370123254,,,,,,,valid
1112,inference,331.0,3,2026-09-11T01:55:12.132757+09:00,2026-09-11T01:56:12.133639+09:00,60.000841,15586,292.0,22.71600264142257,5.955123316912239,interpolated_adjacent_idle_blocks,1005.6668553701318,0.0645237299737028,3.849662588220308,259.76302522198404,,,,,,,valid
1113,inference,332.0,1,2026-09-11T01:56:17.546759+09:00,2026-09-11T01:57:17.547106+09:00,60.000288,138652,291.0,20.63818037589078,5.955267456881201,interpolated_adjacent_idle_blocks,880.9790038194953,0.0063538860154883,0.4327401552086925,2310.855574560077,,,,,,,valid
1114,inference,332.0,2,2026-09-11T01:58:17.635868+09:00,2026-09-11T01:59:17.636233+09:00,60.000323,138945,293.0,20.5704047065366,5.955532074731343,interpolated_adjacent_idle_blocks,876.8970785121755,0.0063111092771397,0.4318278642628174,2315.737549051221,,,,,,,valid
1115,inference,332.0,3,2026-09-11T02:00:17.724914+09:00,2026-09-11T02:01:17.725118+09:00,60.000178,138585,292.0,21.55490829807195,5.955796692244729,interpolated_adjacent_idle_blocks,935.9494729914992,0.0067536131110257,0.4329485709131563,2309.7431593106853,,,,,,,valid
1116,inference,333.0,1,2026-09-11T02:01:23.194551+09:00,2026-09-11T02:02:23.194762+09:00,60.000169,90255,293.0,21.78792910898584,5.955940955402852,interpolated_adjacent_idle_blocks,949.9219648209772,0.0105248680385682,0.6647849836572982,1504.2457705625732,,,,,,,valid
1117,inference,333.0,2,2026-09-11T02:03:23.328944+09:00,2026-09-11T02:04:23.329416+09:00,60.000422,90382,293.0,20.39583832081462,5.956205673304325,interpolated_adjacent_idle_blocks,866.3840523755949,0.0095858030622866,0.6638536633401603,1506.3560769831852,,,,,,,valid
1118,inference,333.0,3,2026-09-11T02:05:23.465853+09:00,2026-09-11T02:06:23.466450+09:00,60.000571,90373,292.0,22.24876288766513,5.95647039659965,interpolated_adjacent_idle_blocks,977.5468523629412,0.0108168020577267,0.6639214212208714,1506.2023426825433,,,,,,,valid
1119,inference,334.0,1,2026-09-11T02:06:28.826343+09:00,2026-09-11T02:07:28.826481+09:00,60.000089,357713,292.0,20.069159951765776,5.956614418738632,interpolated_adjacent_idle_blocks,846.7539879981812,0.0023671322764288,0.1677324802285392,5961.87451969635,,,,,,,valid
1120,inference,334.0,2,2026-09-11T02:08:28.863622+09:00,2026-09-11T02:09:28.863690+09:00,60.000015,357873,292.0,20.275900502777663,5.956878922282897,interpolated_adjacent_idle_blocks,859.1415096150097,0.0024006882598436,0.1676572828908475,5964.5485287450665,,,,,,,valid
1121,inference,334.0,3,2026-09-11T02:10:28.899404+09:00,2026-09-11T02:11:28.899496+09:00,60.000063,357803,291.0,19.89137914777612,5.957143422632457,interpolated_adjacent_idle_blocks,836.0550213654702,0.0023366350236456,0.1676902175219289,5963.377081726485,,,,,,,valid
1122,inference,335.0,1,2026-09-11T02:11:34.398322+09:00,2026-09-11T02:12:34.398880+09:00,60.000516,75398,290.0,22.251542903466,5.9572877508178514,interpolated_adjacent_idle_blocks,977.6637169945474,0.0129667062388199,0.7957839146928508,1256.6225347567756,,,,,,,valid
1123,inference,335.0,2,2026-09-11T02:13:34.557845+09:00,2026-09-11T02:14:34.557918+09:00,60.000045,75639,293.0,20.97137425533133,5.957552523271476,interpolated_adjacent_idle_blocks,900.8299795455694,0.0119095966306478,0.79324218326521,1260.649044007867,,,,,,,valid
1124,inference,335.0,3,2026-09-11T02:15:34.716450+09:00,2026-09-11T02:16:34.716774+09:00,60.000298,75636,292.0,21.746818142389834,5.957817294512574,interpolated_adjacent_idle_blocks,947.3447559948884,0.0125250509809467,0.7932769805385173,1260.5937453537963,,,,,,,valid
1125,inference,336.0,1,2026-09-11T02:16:40.103220+09:00,2026-09-11T02:17:40.103404+09:00,60.00014,171039,291.0,19.85742362702036,5.957961374911162,interpolated_adjacent_idle_blocks,833.9696810512671,0.0048759036304659,0.3507980033793547,2850.643362751968,,,,,,,valid
1126,inference,336.0,2,2026-09-11T02:18:40.178814+09:00,2026-09-11T02:19:40.179139+09:00,60.000296,171454,292.0,19.795588556395423,5.958225963115861,interpolated_adjacent_idle_blocks,830.2458514561013,0.0048423825134211,0.3499498186102386,2857.5525598822023,,,,,,,valid
1127,inference,336.0,3,2026-09-11T02:20:40.250774+09:00,2026-09-11T02:21:40.250905+09:00,60.000104,171510,292.0,19.24492128085062,5.958490542943723,interpolated_adjacent_idle_blocks,797.1872260632103,0.0046480509944796,0.3498344382251493,2858.495021454725,,,,,,,valid
1128,inference,337.0,1,2026-09-11T02:21:45.631357+09:00,2026-09-11T02:22:45.631557+09:00,60.00014,238276,292.0,20.52147413331902,5.958634609938845,interpolated_adjacent_idle_blocks,873.7724102003438,0.0036670600908204,0.2518094130336309,3971.257420255544,,,,,,,valid
1129,inference,337.0,2,2026-09-11T02:23:45.685584+09:00,2026-09-11T02:24:45.685642+09:00,60.000032,238123,292.0,20.665552945717163,5.958899150749924,interpolated_adjacent_idle_blocks,882.3996983109557,0.003705646654506,0.2519707529301799,3968.714576477437,,,,,,,valid
1130,inference,337.0,3,2026-09-11T02:25:45.742444+09:00,2026-09-11T02:26:45.742565+09:00,60.000089,238253,291.0,20.215387100170847,5.959163697587913,interpolated_adjacent_idle_blocks,855.3746729588588,0.0035901947633769,0.2518335084972403,3970.8774498170415,,,,,,,valid
1131,inference,338.0,1,2026-09-11T02:26:51.163949+09:00,2026-09-11T02:27:51.164153+09:00,60.000158,118128,292.0,20.192950576105428,5.959307854770764,interpolated_adjacent_idle_blocks,854.0208121956298,0.0072296222080762,0.5079249441283502,1968.7948220698229,,,,,,,valid
1132,inference,338.0,2,2026-09-11T02:28:51.271080+09:00,2026-09-11T02:29:51.271528+09:00,60.000421,118186,292.0,21.67252559955124,5.959572512581232,interpolated_adjacent_idle_blocks,942.7838003714498,0.0079771191204664,0.5076779060125928,1969.752845567393,,,,,,,valid
1133,inference,338.0,3,2026-09-11T02:30:51.374915+09:00,2026-09-11T02:31:51.375319+09:00,60.000379,118300,292.0,20.617334644151462,5.95983716281078,interpolated_adjacent_idle_blocks,879.4554040719868,0.0074341116151478,0.5071883220625597,1971.6542288145467,,,,,,,valid
1134,inference,339.0,1,2026-09-11T02:31:57.263094+09:00,2026-09-11T02:32:57.265866+09:00,60.002703,21240,292.0,22.07758094556729,5.959982350833775,interpolated_adjacent_idle_blocks,967.0994815530124,0.0455319906569215,2.824985993408746,353.9840559681354,,,,,,,valid
1135,inference,339.0,2,2026-09-11T02:33:57.831980+09:00,2026-09-11T02:34:57.834238+09:00,60.002212,21320,292.0,20.80981453476304,5.960248025291305,interpolated_adjacent_idle_blocks,891.0068378094231,0.0417920655632937,2.814362640713081,355.3202368215874,,,,,,,valid
1136,inference,339.0,3,2026-09-11T02:35:58.392492+09:00,2026-09-11T02:36:58.393607+09:00,60.00109,21326,292.0,21.62312463739636,5.960513680604255,interpolated_adjacent_idle_blocks,939.7737296534692,0.0440670416230643,2.8135182265773406,355.4268781889162,,,,,,,valid
1137,inference,340.0,1,2026-09-11T02:37:04.380688+09:00,2026-09-11T02:38:04.383304+09:00,60.002575,18071,293.0,21.51340735229087,5.960659088060469,interpolated_adjacent_idle_blocks,933.2049441806043,0.0516410239710367,3.3203793315259325,301.1704086052223,,,,,,,valid
1138,inference,340.0,2,2026-09-11T02:39:05.038177+09:00,2026-09-11T02:40:05.039493+09:00,60.00129,18094,292.0,21.876168339939984,5.960924956890054,interpolated_adjacent_idle_blocks,954.93513364696,0.0527763420828429,3.3160876644192374,301.5601821175421,,,,,,,valid
1139,inference,340.0,3,2026-09-11T02:41:05.702624+09:00,2026-09-11T02:42:05.704155+09:00,60.001505,18118,293.0,21.59126714710788,5.961190842721283,interpolated_adjacent_idle_blocks,937.8281015280338,0.0517622310149041,3.311706849542177,301.9590940358274,,,,,,,valid
1140,idle,,1,2026-09-11T02:42:10.993542+09:00,2026-09-11T02:43:10.994054+09:00,60.000455,0,291.0,5.969617568827703,,,,,,,,,,,,,valid
1141,idle,,2,2026-09-11T02:44:10.996097+09:00,2026-09-11T02:45:10.996500+09:00,60.000371,0,291.0,5.855456793865807,,,,,,,,,,,,,valid
1142,idle,,3,2026-09-11T02:46:10.998340+09:00,2026-09-11T02:47:10.999055+09:00,60.000685,0,292.0,6.05873093058712,,,,,,,,,,,,,valid
1143,inference,341.0,1,2026-09-11T02:47:16.333780+09:00,2026-09-11T02:48:16.333871+09:00,60.000051,1102916,292.0,19.89650569119331,5.960696983459951,interpolated_adjacent_idle_blocks,836.1492331902455,0.0007581259435806,0.0544012884027418,18381.91758615773,,,,,,,valid
1144,inference,341.0,2,2026-09-11T02:49:16.347881+09:00,2026-09-11T02:50:16.347941+09:00,60.000032,1101591,292.0,20.10275731133041,5.958755478373174,interpolated_adjacent_idle_blocks,848.640562585493,0.000770377175,0.054466704611778,18359.840330486164,,,,,,,valid
1145,inference,341.0,3,2026-09-11T02:51:16.360868+09:00,2026-09-11T02:52:16.360928+09:00,60.00003,1100102,291.0,19.90422531687116,5.956813991051607,interpolated_adjacent_idle_blocks,836.8450979715128,0.000760697733457,0.0545404239788731,18335.024318611104,,,,,,,valid
1146,inference,342.0,1,2026-09-11T02:52:21.807588+09:00,2026-09-11T02:53:21.807732+09:00,60.000102,95250,292.0,22.011161808665648,5.955755238479432,interpolated_adjacent_idle_blocks,963.326031862643,0.0101136591271668,0.6299223338583487,1587.4972933169108,,,,,,,valid
1147,inference,342.0,2,2026-09-11T02:54:21.935030+09:00,2026-09-11T02:55:21.935660+09:00,60.000589,95474,292.0,22.009096033717107,5.953811895657676,interpolated_adjacent_idle_blocks,963.3265048459232,0.0100899355305729,0.6284495160986625,1591.2177102273502,,,,,,,valid
1148,inference,342.0,3,2026-09-11T02:56:22.063079+09:00,2026-09-11T02:57:22.063254+09:00,60.000123,95098,293.0,20.345554255970427,5.951868550622019,interpolated_adjacent_idle_blocks,863.6229127442463,0.0090813993222175,0.630929388630731,1584.9634174915218,,,,,,,valid
1149,inference,343.0,1,2026-09-11T02:57:27.561044+09:00,2026-09-11T02:58:27.561326+09:00,60.000225,69672,293.0,22.0273190062513,5.950808968862723,interpolated_adjacent_idle_blocks,964.594219458073,0.0138447901518267,0.8611813181765217,1161.1956493870712,,,,,,,valid
1150,inference,343.0,2,2026-09-11T02:59:27.735284+09:00,2026-09-11T03:00:27.735977+09:00,60.000662,69887,293.0,22.704653863904472,5.948864869577041,interpolated_adjacent_idle_blocks,1005.35843199196,0.0143854855980648,0.8585382345787168,1164.7704897973451,,,,,,,valid
1151,inference,343.0,3,2026-09-11T03:01:27.911303+09:00,2026-09-11T03:02:27.911759+09:00,60.000431,69164,292.0,21.6288930396129,5.94692074675612,interpolated_adjacent_idle_blocks,940.9250965014652,0.0136042608365835,0.8675095598867791,1152.7250490824708,,,,,,,valid
1152,inference,344.0,1,2026-09-11T03:02:33.357747+09:00,2026-09-11T03:03:33.357835+09:00,60.000049,103288,293.0,22.133809095079947,5.945862002306726,interpolated_adjacent_idle_blocks,971.2776187758008,0.0094035862711621,0.5809004773062263,1721.4652751487447,,,,,,,valid
1153,inference,344.0,2,2026-09-11T03:04:33.475586+09:00,2026-09-11T03:05:33.475911+09:00,60.000297,103319,293.0,21.840860899522568,5.943918816845543,interpolated_adjacent_idle_blocks,953.82124635242,0.0092318087317184,0.5807285920305946,1721.9747980779923,,,,,,,valid
1154,inference,344.0,3,2026-09-11T03:06:33.596698+09:00,2026-09-11T03:07:33.597058+09:00,60.000334,101967,293.0,21.88616563680897,5.9419755800712135,interpolated_adjacent_idle_blocks,956.6567287637442,0.0093820228972485,0.5884289436779739,1699.440536948271,,,,,,,valid
1155,inference,345.0,1,2026-09-11T03:07:39.282524+09:00,2026-09-11T03:08:39.284219+09:00,60.001645,34100,293.0,21.81578884479643,5.940912949291241,interpolated_adjacent_idle_blocks,952.5186679011596,0.0279330987654298,1.759579041055687,568.3177491134666,,,,,,,valid
1156,inference,345.0,2,2026-09-11T03:09:39.632832+09:00,2026-09-11T03:10:39.634447+09:00,60.001589,34251,292.0,22.61610495935528,5.938966005670494,interpolated_adjacent_idle_blocks,1000.6548371948844,0.0292153466233068,1.7518200578086849,570.8348842922138,,,,,,,valid
1157,inference,345.0,3,2026-09-11T03:11:39.981147+09:00,2026-09-11T03:12:39.981829+09:00,60.000657,34188,293.0,21.87511283149904,5.937019101194148,interpolated_adjacent_idle_blocks,956.2960951458743,0.0279716887547055,1.755020978120931,569.7937588590432,,,,,,,valid
1158,inference,346.0,1,2026-09-11T03:12:45.368047+09:00,2026-09-11T03:13:45.368124+09:00,60.000038,199133,291.0,20.489071735355825,5.935961321924826,interpolated_adjacent_idle_blocks,873.1871778240558,0.0043849446240656,0.3013063510316988,3318.881253501343,,,,,,,valid
1159,inference,346.0,2,2026-09-11T03:14:45.431807+09:00,2026-09-11T03:15:45.431904+09:00,60.00007,199081,291.0,21.210858608176007,5.93401901306837,interpolated_adjacent_idle_blocks,916.61144508523,0.0046042135868577,0.3013852165701241,3318.0127790618667,,,,,,,valid
1160,inference,346.0,3,2026-09-11T03:16:45.494500+09:00,2026-09-11T03:17:45.494641+09:00,60.00011,198613,292.0,20.364463873514527,5.932076721286725,interpolated_adjacent_idle_blocks,865.944816696255,0.0043599604089171,0.3020955813567382,3310.210614497937,,,,,,,valid
1161,inference,347.0,1,2026-09-11T03:17:51.552076+09:00,2026-09-11T03:18:51.554413+09:00,60.002245,15664,293.0,22.57996620200474,5.931008069624111,interpolated_adjacent_idle_blocks,998.974864853845,0.0637752084304038,3.830582558734175,261.05689791749387,,,,,,,valid
1162,inference,347.0,2,2026-09-11T03:19:52.307523+09:00,2026-09-11T03:20:52.308831+09:00,60.001259,15684,292.0,22.75583564952158,5.929054579623809,interpolated_adjacent_idle_blocks,1009.628049111233,0.0643731222335649,3.825634978321661,261.3945150717721,,,,,,,valid
1163,inference,347.0,3,2026-09-11T03:21:53.064232+09:00,2026-09-11T03:22:53.067101+09:00,60.002842,15739,293.0,22.68516472081752,5.927101048253633,interpolated_adjacent_idle_blocks,1005.5314467707908,0.0638878865728947,3.812366833979201,262.3042439376797,,,,,,,valid
1164,inference,348.0,1,2026-09-11T03:22:58.633537+09:00,2026-09-11T03:23:58.633756+09:00,60.000174,51695,290.0,21.765096454375943,5.926040334704674,interpolated_adjacent_idle_blocks,950.3461231760408,0.0183837145405946,1.160657202824286,861.5808333129277,,,,,,,valid
1165,inference,348.0,2,2026-09-11T03:24:58.865460+09:00,2026-09-11T03:25:58.866040+09:00,60.000544,51776,293.0,22.065629240068024,5.924095302672192,interpolated_adjacent_idle_blocks,968.5008172382118,0.0187055936580309,1.158848588148926,862.9255022844175,,,,,,,valid
1166,inference,348.0,3,2026-09-11T03:26:59.097624+09:00,2026-09-11T03:27:59.098737+09:00,60.001087,51741,293.0,22.20630176766865,5.922150265344087,interpolated_adjacent_idle_blocks,977.0667910121568,0.0188838018401684,1.1596429775226456,862.3343730639476,,,,,,,valid
1167,inference,349.0,1,2026-09-11T03:28:04.606913+09:00,2026-09-11T03:29:04.607058+09:00,60.000102,66965,292.0,22.20524144749694,5.921090509083839,interpolated_adjacent_idle_blocks,977.0507172881818,0.0145904684131737,0.8959919644588981,1116.0814378552086,,,,,,,valid
1168,inference,349.0,2,2026-09-11T03:30:04.787776+09:00,2026-09-11T03:31:04.788336+09:00,60.000533,67035,293.0,22.039463530391643,5.919146302628351,interpolated_adjacent_idle_blocks,967.2276257948796,0.0144286958423939,0.8950627672110911,1117.2400826322837,,,,,,,valid
1169,inference,349.0,3,2026-09-11T03:32:04.971822+09:00,2026-09-11T03:33:04.972435+09:00,60.000588,67039,292.0,22.251067839238644,5.9172020476058815,interpolated_adjacent_idle_blocks,980.0415518110512,0.0146189762945606,0.895010185116034,1117.3057207950706,,,,,,,valid
1170,inference,350.0,1,2026-09-11T03:33:10.470590+09:00,2026-09-11T03:34:10.470954+09:00,60.000322,68705,293.0,20.509327772576867,5.91614245572975,interpolated_adjacent_idle_blocks,875.595818016499,0.012744280882272,0.8733035674260112,1145.077195719486,,,,,,,valid
1171,inference,350.0,2,2026-09-11T03:35:10.646144+09:00,2026-09-11T03:36:10.646179+09:00,60.000007,68937,293.0,21.934134682806217,5.914198341174318,interpolated_adjacent_idle_blocks,961.1962926374684,0.0139431117199394,0.8703600011604529,1148.94985829622,,,,,,,valid
1172,inference,350.0,3,2026-09-11T03:37:10.820332+09:00,2026-09-11T03:38:10.820981+09:00,60.000623,68872,292.0,22.251569117561356,5.912254241090243,interpolated_adjacent_idle_blocks,980.3690719814348,0.0142346537341943,0.8711903676385164,1147.8547481082007,,,,,,,valid
1173,idle,,1,2026-09-11T03:38:16.105981+09:00,2026-09-11T03:39:16.106348+09:00,60.000307,0,291.0,5.906224203387758,,,,,,,,,,,,,valid
1174,idle,,2,2026-09-11T03:40:16.108603+09:00,2026-09-11T03:41:16.108979+09:00,60.000344,0,292.0,5.85518193986102,,,,,,,,,,,,,valid
1175,idle,,3,2026-09-11T03:42:16.110376+09:00,2026-09-11T03:43:16.110822+09:00,60.000419,0,291.0,5.973644034281175,,,,,,,,,,,,,valid
1176,inference,351.0,1,2026-09-11T03:43:21.499910+09:00,2026-09-11T03:44:21.500044+09:00,60.000094,192946,292.0,20.11676222860372,5.9117309951833,interpolated_adjacent_idle_blocks,852.3032092781609,0.0044173147371708,0.310968322743165,3215.7616286399693,,,,,,,valid
1177,inference,351.0,2,2026-09-11T03:45:21.566884+09:00,2026-09-11T03:46:21.567027+09:00,60.000111,193047,292.0,20.211620809413564,5.911892408323851,interpolated_adjacent_idle_blocks,857.9852913352352,0.0044444373201097,0.3108057141525064,3217.4440638157607,,,,,,,valid
1178,inference,351.0,3,2026-09-11T03:47:21.634987+09:00,2026-09-11T03:48:21.635106+09:00,60.000093,193051,292.0,20.36546122482677,5.912053822959948,interpolated_adjacent_idle_blocks,867.2057882788979,0.0044921072062765,0.3107991825993914,3217.511679523826,,,,,,,valid
1179,inference,352.0,1,2026-09-11T03:48:27.197507+09:00,2026-09-11T03:49:27.198577+09:00,60.00102,55897,293.0,22.71997715610311,5.912141963172463,interpolated_adjacent_idle_blocks,1008.4872555677356,0.0180418851739402,1.073421120990377,931.6008232420132,,,,,,,valid
1180,inference,352.0,2,2026-09-11T03:50:27.413395+09:00,2026-09-11T03:51:27.413728+09:00,60.000308,56081,291.0,22.282550544924828,5.91230357600543,interpolated_adjacent_idle_blocks,982.2198601712304,0.0175143071659069,1.06988656051076,934.6785322012116,,,,,,,valid
1181,inference,352.0,3,2026-09-11T03:52:27.635426+09:00,2026-09-11T03:53:27.636257+09:00,60.000806,55669,293.0,21.58378085989225,5.912465197927068,interpolated_adjacent_idle_blocks,940.2915707983344,0.0168907573478656,1.0778136161956906,927.804200070931,,,,,,,valid
1182,inference,353.0,1,2026-09-11T03:53:33.259470+09:00,2026-09-11T03:54:33.260430+09:00,60.000918,44654,292.0,23.18889776565437,5.912553420297883,interpolated_adjacent_idle_blocks,1036.5965204054985,0.0232139678507076,1.3436851905763076,744.2219405358626,,,,,,,valid
1183,inference,353.0,2,2026-09-11T03:55:33.527133+09:00,2026-09-11T03:56:33.527705+09:00,60.000545,44840,293.0,22.18498883453354,5.912715102969637,interpolated_adjacent_idle_blocks,976.345292283018,0.0217739806485954,1.3381031489742223,747.326542626098,,,,,,,valid
1184,inference,353.0,3,2026-09-11T03:57:33.799942+09:00,2026-09-11T03:58:33.800211+09:00,60.000245,44764,292.0,22.17374421742584,5.912876792616551,interpolated_adjacent_idle_blocks,975.6560294010764,0.0217955506523339,1.3403682713789025,746.06361650985,,,,,,,valid
1185,inference,354.0,1,2026-09-11T03:58:39.247130+09:00,2026-09-11T03:59:39.247423+09:00,60.00025,107857,292.0,19.99535703408557,5.912964777158175,interpolated_adjacent_idle_blocks,844.9470560137079,0.007833956590798,0.556294444496056,1797.6091796241003,,,,,,,valid
1186,inference,354.0,2,2026-09-11T04:00:39.360742+09:00,2026-09-11T04:01:39.361305+09:00,60.000535,107993,292.0,19.593989434122108,5.913126253172608,interpolated_adjacent_idle_blocks,820.8591101187719,0.0076010399759129,0.555596516440845,1799.8672965158362,,,,,,,valid
1187,inference,354.0,3,2026-09-11T04:02:39.474334+09:00,2026-09-11T04:03:39.474670+09:00,60.000313,107652,291.0,19.61136336491031,5.913287728826136,interpolated_adjacent_idle_blocks,821.8888256627246,0.0076346823622666,0.5573543724222129,1794.190643295913,,,,,,,valid
1188,inference,355.0,1,2026-09-11T04:03:44.995172+09:00,2026-09-11T04:04:44.995538+09:00,60.000322,72493,293.0,19.93242924227913,5.913375812384141,interpolated_adjacent_idle_blocks,841.1477199289038,0.0116031578211538,0.8276705640545801,1208.2101785778332,,,,,,,valid
1189,inference,355.0,2,2026-09-11T04:05:45.161323+09:00,2026-09-11T04:06:45.162074+09:00,60.000716,72665,293.0,21.87577237937264,5.9135373591069325,interpolated_adjacent_idle_blocks,957.745530176217,0.0131802866603759,0.8257168664420329,1211.0688792260514,,,,,,,valid
1190,inference,355.0,3,2026-09-11T04:07:45.328454+09:00,2026-09-11T04:08:45.328680+09:00,60.000201,72658,292.0,21.550356987951396,5.91369890653551,interpolated_adjacent_idle_blocks,938.2026278532272,0.0129125853705473,0.8257893322138001,1210.9626038873264,,,,,,,valid
1191,inference,356.0,1,2026-09-11T04:08:52.260604+09:00,2026-09-11T04:09:52.260811+09:00,60.000167,7470,292.0,22.850639452804103,5.913788887370513,interpolated_adjacent_idle_blocks,1016.21386238006,0.1360393390067014,8.03215084337404,124.49965389095372,,,,,,,valid
1192,inference,356.0,2,2026-09-11T04:10:53.842527+09:00,2026-09-11T04:11:53.847255+09:00,60.004702,7498,292.0,22.88840938625664,5.913952340179802,interpolated_adjacent_idle_blocks,1018.547236661641,0.1358425228943239,8.002760989597876,124.9568744211925,,,,,,,valid
1193,inference,356.0,3,2026-09-11T04:12:55.415143+09:00,2026-09-11T04:13:55.419884+09:00,60.004715,7500,291.0,22.842715706350248,5.914115777446425,interpolated_adjacent_idle_blocks,1015.795814082894,0.1354394418777192,8.000628733332269,124.99017681370388,,,,,,,valid
1194,inference,357.0,1,2026-09-11T04:14:00.812755+09:00,2026-09-11T04:15:00.812883+09:00,60.000089,367792,292.0,20.46656211671423,5.914203692223622,interpolated_adjacent_idle_blocks,873.1428006293363,0.0023740124870289,0.1631359276439103,6129.857563827259,,,,,,,valid
1195,inference,357.0,2,2026-09-11T04:16:00.848094+09:00,2026-09-11T04:17:00.848282+09:00,60.000162,367769,292.0,20.427715870499192,5.914365062869606,interpolated_adjacent_idle_blocks,870.8033996206059,0.0023677998950988,0.1631463285377435,6129.466773557533,,,,,,,valid
1196,inference,357.0,3,2026-09-11T04:18:00.883196+09:00,2026-09-11T04:19:00.883370+09:00,60.000147,367485,292.0,20.65675557059354,5.914526433147631,interpolated_adjacent_idle_blocks,884.5359153544377,0.0024069986947887,0.1632723713893135,6124.734953567606,,,,,,,valid
1197,inference,358.0,1,2026-09-11T04:19:06.345641+09:00,2026-09-11T04:20:06.345934+09:00,60.00025,71724,293.0,21.893221378173173,5.914614438264088,interpolated_adjacent_idle_blocks,958.7204110462802,0.0133668006670888,0.8365435600356869,1195.3950132104778,,,,,,,valid
1198,inference,358.0,2,2026-09-11T04:21:06.514010+09:00,2026-09-11T04:22:06.514386+09:00,60.000349,71895,292.0,21.787653358475023,5.914775987765468,interpolated_adjacent_idle_blocks,952.378181876776,0.0132467929880628,0.8345552347171766,1198.2430382081195,,,,,,,valid
1199,inference,358.0,3,2026-09-11T04:23:06.687813+09:00,2026-09-11T04:24:06.687856+09:00,60.000018,71693,293.0,22.223571285087115,5.9149375442929735,interpolated_adjacent_idle_blocks,978.5183180030558,0.0136487288578111,0.8369020434351061,1194.882970885637,,,,,,,valid
1200,inference,359.0,1,2026-09-11T04:24:13.541980+09:00,2026-09-11T04:25:13.543791+09:00,60.001757,7880,293.0,22.99579251600121,5.915027421492258,interpolated_adjacent_idle_blocks,1024.875916574808,0.1300603955044172,7.614436180203835,131.32948734928272,,,,,,,valid
1201,inference,359.0,2,2026-09-11T04:26:15.033897+09:00,2026-09-11T04:27:15.040257+09:00,60.006328,7901,293.0,22.78469973982878,5.915190753319596,interpolated_adjacent_idle_blocks,1012.2772894434178,0.1281201480120766,7.594776382735109,131.6694461568689,,,,,,,valid
1202,inference,359.0,3,2026-09-11T04:28:16.539611+09:00,2026-09-11T04:29:16.541005+09:00,60.001342,7927,293.0,22.909225611345445,5.915354097299456,interpolated_adjacent_idle_blocks,1019.6550966183312,0.1286306416826455,7.569237050585267,132.11371150315316,,,,,,,valid
1203,inference,360.0,1,2026-09-11T04:29:25.649267+09:00,2026-09-11T04:30:25.658720+09:00,60.009407,3178,293.0,22.48160882890478,5.915447010914779,interpolated_adjacent_idle_blocks,994.125546963622,0.3128148354196419,18.88275871617575,52.9583635013754,,,,,,,valid
1204,inference,360.0,2,2026-09-11T04:31:29.361358+09:00,2026-09-11T04:32:29.365813+09:00,60.004426,3190,292.0,22.39637082272617,5.915613321035981,interpolated_adjacent_idle_blocks,988.9183939341136,0.3100057661235466,18.81016489028198,53.16274502817552,,,,,,,valid
1205,inference,360.0,3,2026-09-11T04:33:33.072668+09:00,2026-09-11T04:34:33.076317+09:00,60.003623,3187,293.0,22.447632914419486,5.915779632925174,interpolated_adjacent_idle_blocks,991.9710917940976,0.3112554414164097,18.827619548160065,53.11345905636409,,,,,,,valid
1206,idle,,1,2026-09-11T04:34:38.363417+09:00,2026-09-11T04:35:38.363779+09:00,60.000304,0,291.0,5.925474718191521,,,,,,,,,,,,,valid
1207,idle,,2,2026-09-11T04:36:38.365385+09:00,2026-09-11T04:37:38.366042+09:00,60.000624,0,291.0,6.030500697355693,,,,,,,,,,,,,valid
1208,idle,,3,2026-09-11T04:38:38.367969+09:00,2026-09-11T04:39:38.368569+09:00,60.000571,0,290.0,5.791505747830822,,,,,,,,,,,,,valid
1209,inference,361.0,1,2026-09-11T04:39:46.749852+09:00,2026-09-11T04:40:46.752767+09:00,60.002871,3923,293.0,22.117224794475007,5.916182078593902,interpolated_adjacent_idle_blocks,972.1090761465036,0.2477973683779005,15.29514940096992,65.38020478156209,,,,,,,valid
1210,inference,361.0,2,2026-09-11T04:41:49.791354+09:00,2026-09-11T04:42:49.794782+09:00,60.0034,3916,292.0,22.19481630023671,5.917320100517285,interpolated_adjacent_idle_blocks,976.7051154702444,0.2494139722855578,15.322625204287323,65.26296810550431,,,,,,,valid
1211,inference,361.0,3,2026-09-11T04:43:52.851992+09:00,2026-09-11T04:44:52.866989+09:00,60.014972,3879,292.0,21.8853314710969,5.918458350559056,interpolated_adjacent_idle_blocks,958.2514432566314,0.2470356904502788,15.47176395978164,64.63387126377239,,,,,,,valid
1212,inference,362.0,1,2026-09-11T04:44:58.240654+09:00,2026-09-11T04:45:58.240953+09:00,60.000227,235867,291.0,20.21131601919944,5.91906306694604,interpolated_adjacent_idle_blocks,857.5384214766239,0.0036356863040468,0.254381610823048,3931.101767790976,,,,,,,valid
1213,inference,362.0,2,2026-09-11T04:46:58.295495+09:00,2026-09-11T04:47:58.295592+09:00,60.000066,233215,291.0,20.061192665601112,5.920173461725561,interpolated_adjacent_idle_blocks,848.4620855398005,0.0036381111229543,0.2572736140470916,3886.912397541704,,,,,,,valid
1214,inference,362.0,3,2026-09-11T04:48:58.349103+09:00,2026-09-11T04:49:58.349299+09:00,60.000171,235144,292.0,20.088630764119703,5.921283846489289,interpolated_adjacent_idle_blocks,850.0432376741478,0.0036149901238141,0.2551635198006527,3919.055516953416,,,,,,,valid
1215,inference,363.0,1,2026-09-11T04:50:03.861644+09:00,2026-09-11T04:51:03.862406+09:00,60.000721,63679,293.0,21.890829575745588,5.92188977923056,interpolated_adjacent_idle_blocks,958.147901396495,0.0150465287048555,0.9422371770912068,1061.303909793831,,,,,,,valid
1216,inference,363.0,2,2026-09-11T04:52:04.054051+09:00,2026-09-11T04:53:04.054695+09:00,60.000603,63904,291.0,22.3180990089364,5.9230014467522665,interpolated_adjacent_idle_blocks,983.715739974878,0.0153936489104731,0.9389177970081204,1065.0559646291924,,,,,,,valid
1217,inference,363.0,3,2026-09-11T04:54:04.244539+09:00,2026-09-11T04:55:04.245352+09:00,60.000788,63076,292.0,22.00325451246405,5.924113097856628,interpolated_adjacent_idle_blocks,964.76115523988,0.0152952177569896,0.9512459255502068,1051.2528602123512,,,,,,,valid
1218,inference,364.0,1,2026-09-11T04:55:11.117305+09:00,2026-09-11T04:56:11.123551+09:00,60.0062,7768,293.0,22.698589654927584,5.924731633922708,interpolated_adjacent_idle_blocks,1006.5354791800228,0.1295745982466558,7.724794078270661,129.45328896377114,,,,,,,valid
1219,inference,364.0,2,2026-09-11T04:57:12.640667+09:00,2026-09-11T04:58:12.648233+09:00,60.007527,7796,291.0,22.59274466240915,5.9258556181922994,interpolated_adjacent_idle_blocks,1000.1387943268468,0.1282887114323815,7.697220010261137,129.9170348082689,,,,,,,valid
1220,inference,364.0,3,2026-09-11T04:59:14.156766+09:00,2026-09-11T05:00:14.163452+09:00,60.006661,7810,293.0,22.542731204169243,5.92697952511404,interpolated_adjacent_idle_blocks,997.0557782652464,0.1276639920954221,7.683311241998104,130.1522180350906,,,,,,,valid
1221,inference,365.0,1,2026-09-11T05:00:19.561794+09:00,2026-09-11T05:01:19.561945+09:00,60.000111,171205,293.0,20.57201656731146,5.927584430621329,interpolated_adjacent_idle_blocks,878.6675537333751,0.0051322540447613,0.3504577050904135,2853.41136883269,,,,,,,valid
1222,inference,365.0,2,2026-09-11T05:02:19.634875+09:00,2026-09-11T05:03:19.634991+09:00,60.000089,171359,292.0,19.898202062755846,5.928694994873266,interpolated_adjacent_idle_blocks,838.1716673590838,0.0048913197868748,0.3501426181291499,2855.979101724631,,,,,,,valid
1223,inference,365.0,3,2026-09-11T05:04:19.708495+09:00,2026-09-11T05:05:19.708634+09:00,60.000113,171347,291.0,20.56925645798117,5.92980556437787,interpolated_adjacent_idle_blocks,878.3687078741489,0.0051262567064153,0.3501672792637183,2855.7779644707434,,,,,,,valid
1224,inference,366.0,1,2026-09-11T05:05:25.082875+09:00,2026-09-11T05:06:25.082948+09:00,60.000013,247911,291.0,20.490102137355706,5.930410216336978,interpolated_adjacent_idle_blocks,873.5817045371186,0.0035237714524047,0.2420223911000202,4131.8491047662255,,,,,,,valid
1225,inference,366.0,2,2026-09-11T05:07:25.133781+09:00,2026-09-11T05:08:25.134004+09:00,60.000196,247678,292.0,20.89119565070018,5.931520576347895,interpolated_adjacent_idle_blocks,897.5834365574518,0.0036239933969002,0.2422508091150905,4127.953188898997,,,,,,,valid
1226,inference,366.0,3,2026-09-11T05:09:25.186588+09:00,2026-09-11T05:10:25.186672+09:00,60.000058,247868,292.0,20.40129032372548,5.9326309526041525,interpolated_adjacent_idle_blocks,868.1204014495229,0.0035023496435583,0.2420645577484934,4131.129353678478,,,,,,,valid
1227,inference,367.0,1,2026-09-11T05:10:31.129833+09:00,2026-09-11T05:11:31.130490+09:00,60.000616,19648,292.0,22.502782971407942,5.933240868989122,interpolated_adjacent_idle_blocks,994.1827329830644,0.0505996912145289,3.053777295398643,327.4633030728126,,,,,,,valid
1228,inference,367.0,2,2026-09-11T05:12:31.740454+09:00,2026-09-11T05:13:31.742263+09:00,60.001782,19650,293.0,22.6150831089744,5.9343564104769655,interpolated_adjacent_idle_blocks,1000.8733269648224,0.0509350293620774,3.05352581170451,327.49027244730894,,,,,,,valid
1229,inference,367.0,3,2026-09-11T05:14:32.344343+09:00,2026-09-11T05:15:32.345366+09:00,60.000997,19690,292.0,22.629846326877264,5.935471880736249,interpolated_adjacent_idle_blocks,1001.6791110597836,0.0508724789771347,3.0472827526662565,328.161211533468,,,,,,,valid
1230,inference,368.0,1,2026-09-11T05:15:37.927862+09:00,2026-09-11T05:16:37.929013+09:00,60.001111,46968,293.0,22.313207302335982,5.93607846793305,interpolated_adjacent_idle_blocks,982.6459250543112,0.0209216046042903,1.277489154317876,782.785510640172,,,,,,,valid
1231,inference,368.0,2,2026-09-11T05:17:38.182833+09:00,2026-09-11T05:18:38.183245+09:00,60.000386,47167,291.0,21.79127326562364,5.937190711243754,interpolated_adjacent_idle_blocks,951.2510729386591,0.0201677247426942,1.2720839951663818,786.1116119688348,,,,,,,valid
1232,inference,368.0,3,2026-09-11T05:19:38.440230+09:00,2026-09-11T05:20:38.440666+09:00,60.00041,47107,293.0,22.248978650397337,5.938302980520102,interpolated_adjacent_idle_blocks,978.647227569659,0.0207749851947621,1.2737047572549267,785.1113017393357,,,,,,,valid
1233,inference,369.0,1,2026-09-11T05:20:43.870877+09:00,2026-09-11T05:21:43.871353+09:00,60.000433,108708,292.0,20.591745194686126,5.9389081533864285,interpolated_adjacent_idle_blocks,879.1765671564208,0.0080875056771941,0.5519412830703199,1811.78692493744,,,,,,,valid
1234,inference,369.0,2,2026-09-11T05:22:43.984102+09:00,2026-09-11T05:23:43.984590+09:00,60.000418,108650,291.0,22.08650625046868,5.94001908915106,interpolated_adjacent_idle_blocks,968.7959789106905,0.0089166680065411,0.5522357892314753,1810.820702858937,,,,,,,valid
1235,inference,369.0,3,2026-09-11T05:24:44.098800+09:00,2026-09-11T05:25:44.099171+09:00,60.000344,108659,292.0,21.688594064050346,5.94113003794372,interpolated_adjacent_idle_blocks,944.8532586940224,0.0086955821302793,0.5521893658141739,1810.972941366868,,,,,,,valid
1236,inference,370.0,1,2026-09-11T05:25:49.727874+09:00,2026-09-11T05:26:49.728164+09:00,60.000248,40253,294.0,22.85174053902083,5.941737045514937,interpolated_adjacent_idle_blocks,1014.60440329122,0.0252056841301572,1.4905782923011115,670.880560360388,,,,,,,valid
1237,inference,370.0,2,2026-09-11T05:27:50.023227+09:00,2026-09-11T05:28:50.024613+09:00,60.001359,40397,293.0,21.98378078758112,5.942849670808391,interpolated_adjacent_idle_blocks,962.4776666317514,0.0238254738379521,1.4852924474590117,673.2680838112161,,,,,,,valid
1238,inference,370.0,3,2026-09-11T05:29:50.321506+09:00,2026-09-11T05:30:50.321815+09:00,60.00028,40121,292.0,22.200826770466204,5.943962313114578,interpolated_adjacent_idle_blocks,975.4164193631456,0.024311867086143,1.4954831609379668,668.6802139402226,,,,,,,valid
1239,idle,,1,2026-09-11T05:30:55.606576+09:00,2026-09-11T05:31:55.606991+09:00,60.000339,0,291.0,6.074597534081091,,,,,,,,,,,,,valid
1240,idle,,2,2026-09-11T05:32:55.608964+09:00,2026-09-11T05:33:55.609442+09:00,60.000448,0,290.0,5.912158751819395,,,,,,,,,,,,,valid
1241,idle,,3,2026-09-11T05:34:55.610966+09:00,2026-09-11T05:35:55.611483+09:00,60.000486,0,291.0,5.846110010381128,,,,,,,,,,,,,valid
1242,inference,371.0,1,2026-09-11T05:36:01.103414+09:00,2026-09-11T05:37:01.103661+09:00,60.000209,83066,292.0,20.94202836341156,5.944905313503158,interpolated_adjacent_idle_blocks,899.8305173932215,0.0108327175666725,0.7223197132401651,1384.4285039850608,,,,,,,valid
1243,inference,371.0,2,2026-09-11T05:38:01.252298+09:00,2026-09-11T05:39:01.252778+09:00,60.000453,82752,292.0,22.05979989350594,5.946992811884346,interpolated_adjacent_idle_blocks,966.7757239989036,0.0116828079562899,0.7250634776198739,1379.1895894172535,,,,,,,valid
1244,inference,371.0,3,2026-09-11T05:40:01.401034+09:00,2026-09-11T05:41:01.401431+09:00,60.00035,82959,292.0,21.93879615912493,5.949080304946766,interpolated_adjacent_idle_blocks,959.3885476512388,0.0115646108035443,0.7232530490967145,1382.641941501554,,,,,,,valid
1245,inference,372.0,1,2026-09-11T05:41:07.284629+09:00,2026-09-11T05:42:07.285679+09:00,60.000986,22463,292.0,22.79020836753683,5.95022498845224,interpolated_adjacent_idle_blocks,1010.4156069686871,0.0449813296072958,2.671102978230248,374.37717982050793,,,,,,,valid
1246,inference,372.0,2,2026-09-11T05:43:07.815431+09:00,2026-09-11T05:44:07.817096+09:00,60.001626,22519,293.0,21.375543575499385,5.952319125688198,interpolated_adjacent_idle_blocks,925.4185451516266,0.0410950106644001,2.664488929348506,375.3064946096473,,,,,,,valid
1247,inference,372.0,3,2026-09-11T05:45:08.349354+09:00,2026-09-11T05:46:08.351630+09:00,60.002252,22522,293.0,21.40068215207605,5.9544133171101485,interpolated_adjacent_idle_blocks,926.8109150953708,0.0411513593417711,2.6641617840335403,375.352580309894,,,,,,,valid
1248,inference,373.0,1,2026-09-11T05:46:13.754529+09:00,2026-09-11T05:47:13.754761+09:00,60.000194,153064,292.0,21.110426795978416,5.955549664999077,interpolated_adjacent_idle_blocks,909.2955679049236,0.0059406233203426,0.3919941579993071,2551.058426747696,,,,,,,valid
1249,inference,373.0,2,2026-09-11T05:48:13.837067+09:00,2026-09-11T05:49:13.837198+09:00,60.000104,153148,292.0,21.22365226814004,5.957636007765924,interpolated_adjacent_idle_blocks,915.962563288138,0.0059808979763897,0.3917785677905837,2552.4622381450104,,,,,,,valid
1250,inference,373.0,3,2026-09-11T05:50:13.918443+09:00,2026-09-11T05:51:13.918615+09:00,60.000132,153224,292.0,21.233865661366234,5.959722331577408,interpolated_adjacent_idle_blocks,916.4506159742492,0.0059811166395228,0.3915844267216791,2553.7277066198444,,,,,,,valid
1251,inference,374.0,1,2026-09-11T05:51:19.303662+09:00,2026-09-11T05:52:19.303798+09:00,60.000098,208770,292.0,20.30192397348529,5.960858350191474,interpolated_adjacent_idle_blocks,860.4653428220604,0.0041215947828809,0.2873980835369225,3479.4943226249047,,,,,,,valid
1252,inference,374.0,2,2026-09-11T05:53:19.363730+09:00,2026-09-11T05:54:19.363984+09:00,60.000228,208673,292.0,20.4745951144301,5.962944304460378,interpolated_adjacent_idle_blocks,870.7023572545681,0.0041725683593688,0.2875322993391604,3477.870146408992,,,,,,,valid
1253,inference,374.0,3,2026-09-11T05:55:19.423547+09:00,2026-09-11T05:56:19.423734+09:00,60.000162,208649,292.0,20.431849714555334,5.965030252760164,interpolated_adjacent_idle_blocks,868.011511332463,0.0041601517923999,0.2875650566262354,3477.473973132128,,,,,,,valid
1254,inference,375.0,1,2026-09-11T05:56:24.758716+09:00,2026-09-11T05:57:24.758767+09:00,60.000014,765746,292.0,20.519772535593923,5.96616540092294,interpolated_adjacent_idle_blocks,873.2166318307588,0.001140347624187,0.078354982592131,12762.430249080631,,,,,,,valid
1255,inference,375.0,2,2026-09-11T05:58:24.776809+09:00,2026-09-11T05:59:24.776839+09:00,60.000006,768358,292.0,20.41096654585484,5.968250624702043,interpolated_adjacent_idle_blocks,866.5630419254634,0.0011278115695098,0.0780886066130618,12805.96547144344,,,,,,,valid
1256,inference,375.0,3,2026-09-11T06:00:24.794995+09:00,2026-09-11T06:01:24.795046+09:00,60.000027,767440,292.0,20.07591654382552,5.970335850461187,interpolated_adjacent_idle_blocks,846.3352224525388,0.0011028031148396,0.0781820430261683,12790.660889550938,,,,,,,valid
1257,inference,376.0,1,2026-09-11T06:01:30.536219+09:00,2026-09-11T06:02:30.538096+09:00,60.001834,29182,292.0,22.14677390117845,5.971478070569,interpolated_adjacent_idle_blocks,970.5474153291204,0.0332584269525433,2.0561248063873587,486.3517997027693,,,,,,,valid
1258,inference,376.0,2,2026-09-11T06:03:30.955455+09:00,2026-09-11T06:04:30.956174+09:00,60.000693,29211,292.0,20.65050027512192,5.973570254023215,interpolated_adjacent_idle_blocks,880.6259723784268,0.0301470669397975,2.054044486665924,486.8443728904704,,,,,,,valid
1259,inference,376.0,3,2026-09-11T06:05:31.363834+09:00,2026-09-11T06:06:31.365888+09:00,60.002023,29226,291.0,19.21396512925823,5.975662270507858,interpolated_adjacent_idle_blocks,794.3249526117056,0.0271787091155719,2.053035742147579,487.0835804124625,,,,,,,valid
1260,inference,377.0,1,2026-09-11T06:06:37.064430+09:00,2026-09-11T06:07:37.065672+09:00,60.0012,32388,292.0,22.95125312158765,5.97680376182009,interpolated_adjacent_idle_blocks,1018.4873309252856,0.0314464409943585,1.852575024700445,539.7892051155641,,,,,,,valid
1261,inference,377.0,2,2026-09-11T06:08:37.430595+09:00,2026-09-11T06:09:37.430825+09:00,60.000204,32735,292.0,22.99640837132043,5.97889502447283,interpolated_adjacent_idle_blocks,1021.0542723835788,0.0311915158815817,1.832906784787164,545.5814819934334,,,,,,,valid
1262,inference,377.0,3,2026-09-11T06:10:37.801289+09:00,2026-09-11T06:11:37.802467+09:00,60.001125,32380,293.0,22.114254172005964,5.9809863828468375,interpolated_adjacent_idle_blocks,968.0142172758104,0.0298954359875173,1.8530304169243057,539.6565490057193,,,,,,,valid
1263,inference,378.0,1,2026-09-11T06:11:44.697783+09:00,2026-09-11T06:12:44.704541+09:00,60.006667,7625,292.0,22.882167374171523,5.982148707510923,interpolated_adjacent_idle_blocks,1014.1137924240866,0.1329985301539785,7.869726780328717,127.06921446111885,,,,,,,valid
1264,inference,378.0,2,2026-09-11T06:13:46.233863+09:00,2026-09-11T06:14:46.239078+09:00,60.005187,7729,292.0,23.02939258231772,5.9842602919527,interpolated_adjacent_idle_blocks,1022.7963505230912,0.1323323004946424,7.763641751844125,128.80553121381038,,,,,,,valid
1265,inference,378.0,3,2026-09-11T06:15:47.759348+09:00,2026-09-11T06:16:47.766910+09:00,60.007538,7735,291.0,23.00303903158017,5.986371726097837,interpolated_adjacent_idle_blocks,1021.1283099670889,0.1320140025813948,7.757923516482714,128.90047161142675,,,,,,,valid
1266,inference,379.0,1,2026-09-11T06:16:53.175615+09:00,2026-09-11T06:17:53.175980+09:00,60.000321,131724,290.0,21.750216931033265,5.987508221938839,interpolated_adjacent_idle_blocks,945.767582375161,0.0071799184839145,0.4555002968327737,2195.388251013866,,,,,,,valid
1267,inference,379.0,2,2026-09-11T06:18:53.271633+09:00,2026-09-11T06:19:53.271883+09:00,60.000223,130312,292.0,21.244060232853467,5.989594798789501,interpolated_adjacent_idle_blocks,915.2713277896298,0.0070236918149489,0.4604351349070867,2171.858583732526,,,,,,,valid
1268,inference,379.0,3,2026-09-11T06:20:53.365133+09:00,2026-09-11T06:21:53.365500+09:00,60.000341,131897,292.0,20.543936193561336,5.991681333901912,interpolated_adjacent_idle_blocks,873.1402538984725,0.0066198643934166,0.4549030023426919,2198.270828836321,,,,,,,valid
1269,inference,380.0,1,2026-09-11T06:21:59.019652+09:00,2026-09-11T06:22:59.020351+09:00,60.000658,36478,293.0,20.817330440915416,5.992822034598233,interpolated_adjacent_idle_blocks,889.4802589055623,0.0243840193789561,1.6448450435879345,607.9600044382779,,,,,,,valid
1270,inference,380.0,2,2026-09-11T06:23:59.347768+09:00,2026-09-11T06:24:59.348784+09:00,60.000973,36588,292.0,21.49028854496881,5.994912647731557,interpolated_adjacent_idle_blocks,929.7376308349832,0.0254109989842293,1.639908527386124,609.7901092043932,,,,,,,valid
1271,inference,380.0,3,2026-09-11T06:25:59.675868+09:00,2026-09-11T06:26:59.677182+09:00,60.001289,36612,292.0,20.91317893032225,5.997003260417507,interpolated_adjacent_idle_blocks,894.9897671447228,0.0244452574878379,1.6388421473835029,610.1868942024417,,,,,,,valid
1272,idle,,1,2026-09-11T06:27:04.959394+09:00,2026-09-11T06:28:04.959936+09:00,60.000474,0,292.0,6.019442516952611,,,,,,,,,,,,,valid
1273,idle,,2,2026-09-11T06:29:04.961953+09:00,2026-09-11T06:30:04.962570+09:00,60.000576,0,291.0,5.908423582083696,,,,,,,,,,,,,valid
1274,idle,,3,2026-09-11T06:31:04.964249+09:00,2026-09-11T06:32:04.964984+09:00,60.000705,0,290.0,6.064982614290762,,,,,,,,,,,,,valid
1275,inference,381.0,1,2026-09-11T06:32:10.388434+09:00,2026-09-11T06:33:10.388899+09:00,60.000422,96891,293.0,21.39014639911544,5.9955151192139216,interpolated_adjacent_idle_blocks,923.6843733284912,0.0095332319134748,0.6192569216955175,1614.8386315360235,,,,,,,valid
1276,inference,381.0,2,2026-09-11T06:34:10.518649+09:00,2026-09-11T06:35:10.518816+09:00,60.000137,95941,292.0,19.76340589434257,5.988389608648346,interpolated_adjacent_idle_blocks,826.5028643188848,0.0086146992872586,0.6253857777176519,1599.013018251717,,,,,,,valid
1277,inference,381.0,3,2026-09-11T06:36:10.645063+09:00,2026-09-11T06:37:10.645570+09:00,60.000465,96841,292.0,20.0057970962127,5.981264304609464,interpolated_adjacent_idle_blocks,841.4784889039422,0.0086892792195861,0.6195770871841714,1614.0041662043366,,,,,,,valid
1278,inference,382.0,1,2026-09-11T06:37:17.981729+09:00,2026-09-11T06:38:17.990127+09:00,60.008355,5974,293.0,22.307432606213712,5.977269998648102,interpolated_adjacent_idle_blocks,979.9461949625228,0.1640351849619221,10.044920539002412,99.55280344102282,,,,,,,valid
1279,inference,382.0,2,2026-09-11T06:39:19.981643+09:00,2026-09-11T06:40:19.987322+09:00,60.005637,5989,292.0,22.431978310953053,5.970033658750966,interpolated_adjacent_idle_blocks,987.8094751141296,0.1649372975645566,10.019308248454752,99.80728960547022,,,,,,,valid
1280,inference,382.0,3,2026-09-11T06:41:21.982683+09:00,2026-09-11T06:42:21.988424+09:00,60.005716,5984,293.0,22.33673178017748,5.962797169587242,interpolated_adjacent_idle_blocks,982.5296700456483,0.1641927924541524,10.027693231952195,99.72383247760357,,,,,,,valid
1281,inference,383.0,1,2026-09-11T06:42:27.509156+09:00,2026-09-11T06:43:27.509974+09:00,60.000754,61159,293.0,22.266833012164145,5.958910615194942,interpolated_adjacent_idle_blocks,978.4876399916396,0.0159990784674641,0.9810617308980912,1019.3038506196466,,,,,,,valid
1282,inference,383.0,2,2026-09-11T06:44:27.710748+09:00,2026-09-11T06:45:27.710897+09:00,60.000123,61078,292.0,21.96412134147775,5.951780881891023,interpolated_adjacent_idle_blocks,960.7423970930804,0.0157297618961505,0.9823524526014517,1017.9645781428186,,,,,,,valid
1283,inference,383.0,3,2026-09-11T06:46:27.912336+09:00,2026-09-11T06:47:27.913112+09:00,60.00075,60972,292.0,22.21393279457192,5.944651110404272,interpolated_adjacent_idle_blocks,976.169103011322,0.0160101210885541,0.9840705553369704,1016.187299352306,,,,,,,valid
1284,inference,384.0,1,2026-09-11T06:47:33.364401+09:00,2026-09-11T06:48:33.364585+09:00,60.000141,265958,293.0,20.5382931951688,5.940768841073181,interpolated_adjacent_idle_blocks,875.8535194966709,0.0032932023834465,0.2256000605358591,4432.622924057459,,,,,,,valid
1285,inference,384.0,2,2026-09-11T06:49:33.412144+09:00,2026-09-11T06:50:33.412294+09:00,60.000122,263542,292.0,20.78185753174505,5.933648214487742,interpolated_adjacent_idle_blocks,890.8943705169753,0.0033804644820065,0.2276681595343376,4392.357728218806,,,,,,,valid
1286,inference,384.0,3,2026-09-11T06:51:33.465977+09:00,2026-09-11T06:52:33.466052+09:00,60.000049,266221,292.0,20.28190720370049,5.926527227908911,interpolated_adjacent_idle_blocks,861.3235019611136,0.0032353702448759,0.225376845177486,4437.01303571133,,,,,,,valid
1287,inference,385.0,1,2026-09-11T06:52:38.986906+09:00,2026-09-11T06:53:38.987822+09:00,60.000857,62729,292.0,20.731298466497865,5.922640831395547,interpolated_adjacent_idle_blocks,888.5321491257325,0.0141646152357877,0.9565090548231688,1045.4684092717464,,,,,,,valid
1288,inference,385.0,2,2026-09-11T06:54:39.178835+09:00,2026-09-11T06:55:39.179450+09:00,60.000588,63111,292.0,21.265393663996825,5.915511660355038,interpolated_adjacent_idle_blocks,921.0019459491252,0.0145933663854023,0.9507152192168854,1051.8396884649758,,,,,,,valid
1289,inference,385.0,3,2026-09-11T06:56:39.368690+09:00,2026-09-11T06:57:39.369012+09:00,60.000294,62391,292.0,21.88516239067878,5.908382612079402,interpolated_adjacent_idle_blocks,958.6114838892174,0.0153645795689958,0.9616818739881736,1039.844908226166,,,,,,,valid
1290,inference,386.0,1,2026-09-11T06:57:46.166450+09:00,2026-09-11T06:58:46.171415+09:00,60.004921,8112,292.0,20.298423805508005,5.904420367647813,interpolated_adjacent_idle_blocks,863.7110391625295,0.1064732543346313,7.397056360945107,135.18891180548366,,,,,,,valid
1291,inference,386.0,2,2026-09-11T06:59:47.627619+09:00,2026-09-11T07:00:47.631060+09:00,60.003415,8131,292.0,21.905866212450537,5.897215947947406,interpolated_adjacent_idle_blocks,960.5736854108412,0.118137213800374,7.379586188660867,135.5089532711948,,,,,,,valid
1292,inference,386.0,3,2026-09-11T07:01:49.107264+09:00,2026-09-11T07:02:49.113791+09:00,60.006487,8125,292.0,20.293005880712155,5.890010295620344,interpolated_adjacent_idle_blocks,864.2731673378692,0.1063720821338915,7.385413796923911,135.40202722513783,,,,,,,valid
1293,inference,387.0,1,2026-09-11T07:02:54.729511+09:00,2026-09-11T07:03:54.729784+09:00,60.000234,40595,293.0,21.909208567403898,5.886118099856086,interpolated_adjacent_idle_blocks,961.3891774560382,0.0236824529487877,1.4780203005294412,676.5806935410767,,,,,,,valid
1294,inference,387.0,2,2026-09-11T07:04:55.031722+09:00,2026-09-11T07:05:55.032414+09:00,60.000653,40603,292.0,21.424102947169107,5.878982366091891,interpolated_adjacent_idle_blocks,932.7173858283724,0.0229716372146977,1.4777393936410368,676.7093063250325,,,,,,,valid
1295,inference,387.0,3,2026-09-11T07:06:55.328918+09:00,2026-09-11T07:07:55.330252+09:00,60.001309,40324,292.0,21.745376148764898,5.871846923167738,interpolated_adjacent_idle_blocks,952.432531985586,0.0236194953870049,1.4879800788615112,672.0520080921539,,,,,,,valid
1296,inference,388.0,1,2026-09-11T07:08:00.833025+09:00,2026-09-11T07:09:00.833645+09:00,60.000555,68309,292.0,22.16557875736472,5.867961570587134,interpolated_adjacent_idle_blocks,977.8660763841938,0.014315332919296,0.8783696921343933,1138.4727967674423,,,,,,,valid
1297,inference,388.0,2,2026-09-11T07:10:01.015356+09:00,2026-09-11T07:11:01.015734+09:00,60.000352,68287,293.0,22.310271415547955,5.860832967099062,interpolated_adjacent_idle_blocks,986.9720971092676,0.0144532941425054,0.8786496961354464,1138.1099935483812,,,,,,,valid
1298,inference,388.0,3,2026-09-11T07:12:01.200240+09:00,2026-09-11T07:13:01.200360+09:00,60.000095,67422,293.0,23.397379943061733,5.853704212647386,interpolated_adjacent_idle_blocks,1052.622210474055,0.0156124441647244,0.8899186407998471,1123.6982283023235,,,,,,,valid
1299,inference,389.0,1,2026-09-11T07:13:06.731641+09:00,2026-09-11T07:14:06.732233+09:00,60.00055,63120,293.0,20.34733164511106,5.84981720594409,interpolated_adjacent_idle_blocks,869.8588399829597,0.0137810335865487,0.9505790478454968,1051.990365521433,,,,,,,valid
1300,inference,389.0,2,2026-09-11T07:15:06.924492+09:00,2026-09-11T07:16:06.924759+09:00,60.000243,63351,292.0,22.9112059008352,5.84268798092437,interpolated_adjacent_idle_blocks,1024.115222844504,0.0161657309725892,0.9471080709063902,1055.8457167860388,,,,,,,valid
1301,inference,389.0,3,2026-09-11T07:17:07.118185+09:00,2026-09-11T07:18:07.118928+09:00,60.000717,63107,292.0,22.09252686448768,5.835558682197642,interpolated_adjacent_idle_blocks,975.4297471835888,0.0154567599027618,0.95077752705731,1051.7707576608748,,,,,,,valid
1302,inference,390.0,1,2026-09-11T07:18:13.439287+09:00,2026-09-11T07:19:13.439538+09:00,60.000209,11774,293.0,22.755024772808827,5.83162486298921,interpolated_adjacent_idle_blocks,1015.407531579758,0.0862415093918598,5.095991939866781,196.23264946257785,,,,,,,valid
1303,inference,390.0,2,2026-09-11T07:20:14.451761+09:00,2026-09-11T07:21:14.453704+09:00,60.001917,11753,292.0,23.09211694030488,5.8244469622411605,interpolated_adjacent_idle_blocks,1036.093300807171,0.0881556454358181,5.105242669956792,195.87707473432667,,,,,,,valid
1304,inference,390.0,3,2026-09-11T07:22:15.460980+09:00,2026-09-11T07:23:15.463023+09:00,60.002016,11810,292.0,22.61314757437193,5.817269301790399,interpolated_adjacent_idle_blocks,1007.786556845489,0.0853333240343343,5.080610999153073,196.8267202835836,,,,,,,valid
1305,idle,,1,2026-09-11T07:23:20.753604+09:00,2026-09-11T07:24:20.754373+09:00,60.000708,0,291.0,5.850749859571538,,,,,,,,,,,,,valid
1306,idle,,2,2026-09-11T07:25:20.756162+09:00,2026-09-11T07:26:20.756422+09:00,60.000228,0,291.0,5.891830818897654,,,,,,,,,,,,,valid
1307,idle,,3,2026-09-11T07:27:20.757874+09:00,2026-09-11T07:28:20.758153+09:00,60.000242,0,292.0,5.702947008056773,,,,,,,,,,,,,valid
1308,inference,391.0,1,2026-09-11T07:28:26.190841+09:00,2026-09-11T07:29:26.191204+09:00,60.000318,118243,291.0,20.6489652146764,5.81686422641483,interpolated_adjacent_idle_blocks,889.9307759038086,0.0075262871874344,0.5074323004321777,1970.7062383460905,,,,,,,valid
1309,inference,391.0,2,2026-09-11T07:30:26.295918+09:00,2026-09-11T07:31:26.296213+09:00,60.000268,118016,292.0,21.25687061726112,5.822586786118052,interpolated_adjacent_idle_blocks,926.061166256651,0.0078469119971584,0.5084079133337102,1966.924537902732,,,,,,,valid
1310,inference,391.0,3,2026-09-11T07:32:26.402027+09:00,2026-09-11T07:33:26.402403+09:00,60.000349,118008,292.0,20.425832939417887,5.828309398553284,interpolated_adjacent_idle_blocks,875.856506987592,0.0074220095839908,0.5084430640295169,1966.7885565687384,,,,,,,valid
1311,inference,392.0,1,2026-09-11T07:33:32.005488+09:00,2026-09-11T07:34:32.006172+09:00,60.00064,44290,293.0,21.374359443621916,5.831435167407852,interpolated_adjacent_idle_blocks,932.5854040443804,0.0210563423807717,1.3547220546398029,738.1587954334167,,,,,,,valid
1312,inference,392.0,2,2026-09-11T07:35:32.275517+09:00,2026-09-11T07:36:32.276256+09:00,60.000714,44742,292.0,22.531780860556875,5.837165589405968,interpolated_adjacent_idle_blocks,1001.688836224358,0.0223881104158141,1.3410378212863945,745.6911237900414,,,,,,,valid
1313,inference,392.0,3,2026-09-11T07:37:32.543722+09:00,2026-09-11T07:38:32.544325+09:00,60.000577,44416,292.0,21.147483149450952,5.842895919935291,interpolated_adjacent_idle_blocks,918.2840645177712,0.0206746232105045,1.3508775463796752,740.2595466035987,,,,,,,valid
1314,inference,393.0,1,2026-09-11T07:38:38.408844+09:00,2026-09-11T07:39:38.410253+09:00,60.001366,22627,293.0,23.15000401534211,5.846034167839202,interpolated_adjacent_idle_blocks,1038.2618280729862,0.0458859693319037,2.651759654394305,377.10808305830886,,,,,,,valid
1315,inference,393.0,2,2026-09-11T07:40:38.943987+09:00,2026-09-11T07:41:38.946390+09:00,60.002376,22736,292.0,22.89068895710491,5.851777243895135,interpolated_adjacent_idle_blocks,1022.375187246817,0.0449672408183856,2.63909111101402,378.9183313249725,,,,,,,valid
1316,inference,393.0,3,2026-09-11T07:42:39.469132+09:00,2026-09-11T07:43:39.470085+09:00,60.000927,22720,293.0,23.223275903551325,5.857519785349368,interpolated_adjacent_idle_blocks,1041.9614651480392,0.0458609799801073,2.640885853872507,378.6608188815254,,,,,,,valid
1317,inference,394.0,1,2026-09-11T07:43:44.962792+09:00,2026-09-11T07:44:44.963465+09:00,60.000632,73937,293.0,22.212397689654413,5.860640308607212,interpolated_adjacent_idle_blocks,981.1157771734968,0.0132696184207297,0.8115102262734231,1232.2703616344434,,,,,,,valid
1318,inference,394.0,2,2026-09-11T07:45:45.131942+09:00,2026-09-11T07:46:45.132513+09:00,60.000547,73902,291.0,20.755705522633,5.866365920337356,interpolated_adjacent_idle_blocks,893.3685206065009,0.0120885567455075,0.8118934074855922,1231.6887793152157,,,,,,,valid
1319,inference,394.0,3,2026-09-11T07:47:45.297360+09:00,2026-09-11T07:48:45.297535+09:00,60.000148,74149,292.0,22.115148128548032,5.8720913472555525,interpolated_adjacent_idle_blocks,974.5858108499524,0.0131436136812357,0.8091835129265962,1235.8136121474752,,,,,,,valid
1320,inference,395.0,1,2026-09-11T07:48:50.850618+09:00,2026-09-11T07:49:50.851945+09:00,60.001126,51141,293.0,23.383592496396023,5.875214744237514,interpolated_adjacent_idle_blocks,1050.5223795628594,0.0205416863096705,1.1732489744038397,852.3340073730963,,,,,,,valid
1321,inference,395.0,2,2026-09-11T07:50:51.086132+09:00,2026-09-11T07:51:51.087115+09:00,60.000955,51186,292.0,22.97369145926835,5.8809435122203855,interpolated_adjacent_idle_blocks,1025.581200397167,0.0200363615128583,1.1722141874731162,853.0864160206507,,,,,,,valid
1322,inference,395.0,3,2026-09-11T07:52:51.328163+09:00,2026-09-11T07:53:51.328435+09:00,60.000246,51194,291.0,22.206927981206785,5.886672581952581,interpolated_adjacent_idle_blocks,979.2193387380804,0.0191276192276063,1.1720171543536926,853.2298322471643,,,,,,,valid
1323,inference,396.0,1,2026-09-11T07:53:56.781502+09:00,2026-09-11T07:54:56.782129+09:00,60.000581,98243,293.0,20.31050576948012,5.889791199178887,interpolated_adjacent_idle_blocks,865.2512526532389,0.0088072560147108,0.6107364473804618,1637.367483616127,,,,,,,valid
1324,inference,396.0,2,2026-09-11T07:55:56.909254+09:00,2026-09-11T07:56:56.909405+09:00,60.000117,98259,293.0,21.53140126333065,5.895514829539561,interpolated_adjacent_idle_blocks,938.155015426178,0.0095477769509783,0.6106322749059769,1637.6468147773166,,,,,,,valid
1325,inference,396.0,3,2026-09-11T07:57:57.036354+09:00,2026-09-11T07:58:57.036388+09:00,60.000006,98216,292.0,20.792108493057803,5.901238437396548,interpolated_adjacent_idle_blocks,893.4522926848956,0.0090968100175622,0.6108984920989428,1636.9331614556306,,,,,,,valid
1326,inference,397.0,1,2026-09-11T07:59:02.408467+09:00,2026-09-11T08:00:02.408637+09:00,60.000121,463035,292.0,19.9979961844124,5.904353179297272,interpolated_adjacent_idle_blocks,845.6202856377112,0.001826255651598,0.1295800982646852,7717.234462636094,,,,,,,valid
1327,inference,397.0,2,2026-09-11T08:01:02.437216+09:00,2026-09-11T08:02:02.437369+09:00,60.000127,463466,292.0,19.85576818427388,5.9100721034681,interpolated_adjacent_idle_blocks,836.7435359517488,0.001805404357497,0.1294596076087626,7724.417047687029,,,,,,,valid
1328,inference,397.0,3,2026-09-11T08:03:02.466051+09:00,2026-09-11T08:04:02.466121+09:00,60.000044,462992,292.0,20.00394893121201,5.915791030160796,interpolated_adjacent_idle_blocks,845.2900939420206,0.0018257120942522,0.1295919663838328,7716.527713131103,,,,,,,valid
1329,inference,398.0,1,2026-09-11T08:04:08.132927+09:00,2026-09-11T08:05:08.133075+09:00,60.000103,34871,292.0,22.70587754670848,5.9189198150318445,interpolated_adjacent_idle_blocks,1007.2191929572444,0.0288841499514566,1.7206304063547857,581.1823366056481,,,,,,,valid
1330,inference,398.0,2,2026-09-11T08:06:08.477841+09:00,2026-09-11T08:07:08.479226+09:00,60.001358,35238,292.0,22.41674730817975,5.9246538331780645,interpolated_adjacent_idle_blocks,989.5480047630404,0.0280818435996095,1.7027458312051074,587.2867116592829,,,,,,,valid
1331,inference,398.0,3,2026-09-11T08:08:08.818361+09:00,2026-09-11T08:09:08.818692+09:00,60.000305,35282,292.0,23.179496771311584,5.930387587380242,interpolated_adjacent_idle_blocks,1034.9518120141815,0.0293337059127651,1.7005925032592208,588.0303471193006,,,,,,,valid
1332,inference,399.0,1,2026-09-11T08:09:14.207645+09:00,2026-09-11T08:10:14.207730+09:00,60.000042,218973,291.0,20.19750666450632,5.933503138300407,interpolated_adjacent_idle_blocks,855.8408106605027,0.0039084307684532,0.2740065756965421,3649.5474513994295,,,,,,,valid
1333,inference,399.0,2,2026-09-11T08:11:14.266296+09:00,2026-09-11T08:12:14.266434+09:00,60.000112,218987,292.0,20.97202422476053,5.9392234888709545,interpolated_adjacent_idle_blocks,901.9697278270572,0.0041188277287101,0.2739893788216176,3649.77651433363,,,,,,,valid
1334,inference,399.0,3,2026-09-11T08:13:14.323470+09:00,2026-09-11T08:14:14.323638+09:00,60.000142,219048,291.0,20.20638186403912,5.944943768511156,interpolated_adjacent_idle_blocks,855.688310855887,0.0039063963645223,0.2739132162812572,3650.791347625916,,,,,,,valid
1335,inference,400.0,1,2026-09-11T08:14:19.669396+09:00,2026-09-11T08:15:19.669498+09:00,60.00006,556078,292.0,20.283087018244974,5.948057257873299,interpolated_adjacent_idle_blocks,860.1026457240861,0.001546730217207,0.1078986410179777,9267.957321477135,,,,,,,valid
1336,inference,400.0,2,2026-09-11T08:16:19.693327+09:00,2026-09-11T08:17:19.693358+09:00,60.000006,554726,292.0,19.998714411689573,5.95377595120243,interpolated_adjacent_idle_blocks,842.6963918988592,0.0015191218581765,0.1081615179386185,9245.432377969197,,,,,,,valid
1337,inference,400.0,3,2026-09-11T08:18:19.717810+09:00,2026-09-11T08:19:19.717899+09:00,60.000065,555754,291.0,20.290641117093923,5.959494673907902,interpolated_adjacent_idle_blocks,859.86971811568,0.0015472128281859,0.1079615538529695,9262.556570479508,,,,,,,valid
1338,idle,,1,2026-09-11T08:19:25.001865+09:00,2026-09-11T08:20:25.002534+09:00,60.000604,0,290.0,5.972869115523193,,,,,,,,,,,,,valid
1339,idle,,2,2026-09-11T08:21:25.004077+09:00,2026-09-11T08:22:25.004723+09:00,60.000615,0,291.0,6.034147906624889,,,,,,,,,,,,,valid
1340,idle,,3,2026-09-11T08:23:25.007049+09:00,2026-09-11T08:24:25.007437+09:00,60.000354,0,292.0,5.876510090001764,,,,,,,,,,,,,valid
1341,inference,401.0,1,2026-09-11T08:24:30.881019+09:00,2026-09-11T08:25:30.883379+09:00,60.002318,21921,292.0,23.09655001247889,5.9620701028702765,interpolated_adjacent_idle_blocks,1028.108512300947,0.0469006209708018,2.7372071620813783,365.3358846392897,,,,,,,valid
1342,inference,401.0,2,2026-09-11T08:26:31.429752+09:00,2026-09-11T08:27:31.431880+09:00,60.0021,21854,290.0,22.706414749555798,5.965075107555125,interpolated_adjacent_idle_blocks,1004.5155353332884,0.045964836429637,2.74558889905788,364.2205868267968,,,,,,,valid
1343,inference,401.0,3,2026-09-11T08:28:31.976080+09:00,2026-09-11T08:29:31.976923+09:00,60.000749,21836,290.0,23.250284949493288,5.968080039155994,interpolated_adjacent_idle_blocks,1036.9452389917155,0.0474878750225185,2.747790291262016,363.9287915020313,,,,,,,valid
1344,inference,402.0,1,2026-09-11T08:29:37.333252+09:00,2026-09-11T08:30:37.333325+09:00,60.000034,436334,292.0,19.76695859930882,5.969709236202838,interpolated_adjacent_idle_blocks,827.8354308928372,0.0018972517174752,0.1375094164103523,7272.229248765218,,,,,,,valid
1345,inference,402.0,2,2026-09-11T08:31:37.362447+09:00,2026-09-11T08:32:37.362511+09:00,60.000038,436435,292.0,20.058943918568108,5.972701292756415,interpolated_adjacent_idle_blocks,845.1750928259214,0.0019365428822755,0.1374776028503563,7273.912108348986,,,,,,,valid
1346,inference,402.0,3,2026-09-11T08:33:37.392067+09:00,2026-09-11T08:34:37.392209+09:00,60.000113,431959,292.0,19.511171285001577,5.975693360988451,interpolated_adjacent_idle_blocks,812.1302049497929,0.0018801094662914,0.1389023337862825,7199.303083982853,,,,,,,valid
1347,inference,403.0,1,2026-09-11T08:34:44.030352+09:00,2026-09-11T08:35:44.034441+09:00,60.004045,9096,293.0,22.65272383503177,5.977354552082309,interpolated_adjacent_idle_blocks,1000.5896088457172,0.1100032551501448,6.596750725594298,151.58978133282588,,,,,,,valid
1348,inference,403.0,2,2026-09-11T08:36:45.348468+09:00,2026-09-11T08:37:45.349297+09:00,60.000788,9128,292.0,21.25612336095623,5.980378698006471,interpolated_adjacent_idle_blocks,916.5567170637798,0.1004115597133851,6.573267769501134,152.13133483468195,,,,,,,valid
1349,inference,403.0,3,2026-09-11T08:38:46.652642+09:00,2026-09-11T08:39:46.654366+09:00,60.001697,9141,293.0,22.532460377712454,5.983402548165467,interpolated_adjacent_idle_blocks,992.971553523956,0.1086283287959693,6.564018969478475,152.34569014041898,,,,,,,valid
1350,inference,404.0,1,2026-09-11T08:39:52.371079+09:00,2026-09-11T08:40:52.371797+09:00,60.000675,33679,292.0,23.19524102900588,5.985040747795248,interpolated_adjacent_idle_blocks,1032.623633757828,0.0306607569630282,1.7815456248706396,561.3103509895299,,,,,,,valid
1351,inference,404.0,2,2026-09-11T08:41:52.730617+09:00,2026-09-11T08:42:52.731663+09:00,60.001012,33976,293.0,22.706661912614223,5.988041043255581,interpolated_adjacent_idle_blocks,1003.1341714058384,0.0295247872441087,1.7659822198019954,566.2571167404627,,,,,,,valid
1352,inference,404.0,3,2026-09-11T08:43:53.090163+09:00,2026-09-11T08:44:53.090753+09:00,60.000564,33997,290.0,22.092967721294137,5.9910413291354185,interpolated_adjacent_idle_blocks,966.1246650160084,0.0284179387891875,1.7648782098417806,566.6113357984339,,,,,,,valid
1353,inference,405.0,1,2026-09-11T08:44:58.473074+09:00,2026-09-11T08:45:58.473320+09:00,60.000188,215913,292.0,20.83633258861923,5.992671173109503,interpolated_adjacent_idle_blocks,890.6224755389297,0.0041249136251125,0.2778905739811944,3598.5387545662943,,,,,,,valid
1354,inference,405.0,2,2026-09-11T08:46:58.535613+09:00,2026-09-11T08:47:58.535832+09:00,60.000193,215124,292.0,20.721876299670377,5.995664060628585,interpolated_adjacent_idle_blocks,883.5755765014698,0.0041072849914536,0.2789098050427365,3585.388472975244,,,,,,,valid
1355,inference,405.0,3,2026-09-11T08:48:58.594273+09:00,2026-09-11T08:49:58.594411+09:00,60.000113,216499,292.0,21.41281469136674,5.998656850779622,interpolated_adjacent_idle_blocks,924.851212235063,0.0042718498110155,0.2771380629933215,3608.309840947751,,,,,,,valid
1356,inference,406.0,1,2026-09-11T08:50:03.974790+09:00,2026-09-11T08:51:03.974867+09:00,60.000036,247549,290.0,19.79642704144884,6.000286638607952,interpolated_adjacent_idle_blocks,827.7689208315076,0.0033438588757438,0.242376403459458,4125.814170550099,,,,,,,valid
1357,inference,406.0,2,2026-09-11T08:52:04.025402+09:00,2026-09-11T08:53:04.025490+09:00,60.000061,248510,293.0,19.632008371995376,6.0032792292801975,interpolated_adjacent_idle_blocks,817.7245799153885,0.0032905097578181,0.241439221761695,4141.829122473807,,,,,,,valid
1358,inference,406.0,3,2026-09-11T08:54:04.075538+09:00,2026-09-11T08:55:04.075719+09:00,60.000151,248443,290.0,19.572316203904705,6.006271809117923,interpolated_adjacent_idle_blocks,813.9647121599106,0.0032762634172019,0.2415046964495559,4140.706225184627,,,,,,,valid
1359,inference,407.0,1,2026-09-11T08:55:09.572784+09:00,2026-09-11T08:56:09.572876+09:00,60.00004,71075,293.0,21.158817436012736,6.007904506380443,interpolated_adjacent_idle_blocks,909.0553818144548,0.012790086272451,0.8441792430532713,1184.5825495343242,,,,,,,valid
1360,inference,407.0,2,2026-09-11T08:57:09.745959+09:00,2026-09-11T08:58:09.746207+09:00,60.000221,70632,292.0,22.58950313629761,6.010900154087159,interpolated_adjacent_idle_blocks,994.7198428038862,0.0140831328973253,0.8494764568466919,1177.195662034073,,,,,,,valid
1361,inference,407.0,3,2026-09-11T08:59:09.917326+09:00,2026-09-11T09:00:09.918145+09:00,60.000778,71040,293.0,21.767335180943714,6.013895761896928,interpolated_adjacent_idle_blocks,945.2186213186752,0.0133054423045984,0.8446055489863235,1183.9846437193996,,,,,,,valid
1362,inference,408.0,1,2026-09-11T09:00:15.311002+09:00,2026-09-11T09:01:15.311364+09:00,60.000311,169057,291.0,20.661843318130003,6.015525872805539,interpolated_adjacent_idle_blocks,878.7836017241933,0.0051981497466783,0.3549117232650066,2817.602052703446,,,,,,,valid
1363,inference,408.0,2,2026-09-11T09:02:15.385016+09:00,2026-09-11T09:03:15.385354+09:00,60.000307,168898,291.0,20.645317067520065,6.018519046408255,interpolated_adjacent_idle_blocks,877.6123716937011,0.0051961087265314,0.3552458087129883,2814.952282260209,,,,,,,valid
1364,inference,408.0,3,2026-09-11T09:04:15.461586+09:00,2026-09-11T09:05:15.461722+09:00,60.000107,168610,292.0,20.47609734017908,6.02151228150564,interpolated_adjacent_idle_blocks,867.2766501610076,0.0051436845392385,0.3558514150999383,2810.161650528092,,,,,,,valid
1365,inference,409.0,1,2026-09-11T09:05:21.806246+09:00,2026-09-11T09:06:21.809203+09:00,60.002916,11872,292.0,22.943884957939847,6.023166139156715,interpolated_adjacent_idle_blocks,1015.2924699430636,0.0855199182903524,5.05415400943402,197.85704949501195,,,,,,,valid
1366,inference,409.0,2,2026-09-11T09:07:22.804729+09:00,2026-09-11T09:08:22.805804+09:00,60.001048,11936,292.0,22.70368831037607,6.026182334522128,interpolated_adjacent_idle_blocks,1000.6678365774992,0.0838361123137985,5.026897469837295,198.92985802878664,,,,,,,valid
1367,inference,409.0,3,2026-09-11T09:09:23.812277+09:00,2026-09-11T09:10:23.815369+09:00,60.003067,11890,293.0,22.795656995734173,6.029198804459125,interpolated_adjacent_idle_blocks,1006.0389142037756,0.0846121879061207,5.046515298571204,198.1565378951938,,,,,,,valid
1368,inference,410.0,1,2026-09-11T09:10:29.961597+09:00,2026-09-11T09:11:29.962540+09:00,60.000899,15166,290.0,22.184445332410437,6.030847730780994,interpolated_adjacent_idle_blocks,969.23037818201,0.0639081088079922,3.956277106686205,252.76288112123785,,,,,,,valid
1369,inference,410.0,2,2026-09-11T09:12:30.746108+09:00,2026-09-11T09:13:30.749555+09:00,60.00342,15193,293.0,22.159910207634876,6.033858646977394,interpolated_adjacent_idle_blocks,967.6182447357862,0.0636884252442431,3.949412222733685,253.20223456133044,,,,,,,valid
1370,inference,410.0,3,2026-09-11T09:14:31.540564+09:00,2026-09-11T09:15:31.544329+09:00,60.00374,15079,292.0,21.722477384861435,6.03686978383428,interpolated_adjacent_idle_blocks,941.1951202340572,0.0624176086102564,3.979291730219879,251.30100223758768,,,,,,,valid
1371,idle,,1,2026-09-11T09:15:36.825368+09:00,2026-09-11T09:16:36.825646+09:00,60.00022,0,292.0,6.116668646322105,,,,,,,,,,,,,valid
1372,idle,,2,2026-09-11T09:17:36.827673+09:00,2026-09-11T09:18:36.828118+09:00,60.000414,0,291.0,6.069178464034602,,,,,,,,,,,,,valid
1373,idle,,3,2026-09-11T09:19:36.830232+09:00,2026-09-11T09:20:36.831028+09:00,60.000767,0,292.0,5.927401716078606,,,,,,,,,,,,,valid
1374,inference,411.0,1,2026-09-11T09:20:42.303666+09:00,2026-09-11T09:21:42.304072+09:00,60.000366,90905,291.0,22.08788226199525,6.037422493558847,interpolated_adjacent_idle_blocks,963.0334605744598,0.0105938447893345,0.660033723117429,1515.0741014820635,,,,,,,valid
1375,inference,411.0,2,2026-09-11T09:22:42.440162+09:00,2026-09-11T09:23:42.440313+09:00,60.000118,90704,292.0,20.8612892816722,6.036315668697622,interpolated_adjacent_idle_blocks,889.5001661253607,0.0098066255746754,0.6614936221117215,1511.7303728608092,,,,,,,valid
1376,inference,411.0,3,2026-09-11T09:24:42.581650+09:00,2026-09-11T09:25:42.581802+09:00,60.000126,90603,292.0,22.13759854342528,6.035208796665115,interpolated_adjacent_idle_blocks,966.145413706718,0.0106635035672849,0.6622311203823331,1510.0468238681674,,,,,,,valid
1377,inference,412.0,1,2026-09-11T09:25:48.020984+09:00,2026-09-11T09:26:48.021509+09:00,60.000481,109480,291.0,18.82222638514614,6.034605897735037,interpolated_adjacent_idle_blocks,767.2633800901207,0.0070082515536182,0.5480497013152884,1824.652029916368,,,,,,,valid
1378,inference,412.0,2,2026-09-11T09:27:48.139863+09:00,2026-09-11T09:28:48.140386+09:00,60.000497,109716,292.0,19.970964945506577,6.033499234013985,interpolated_adjacent_idle_blocks,836.2548696100141,0.0076219956032849,0.5468709823544298,1828.5848623650231,,,,,,,valid
1379,inference,412.0,3,2026-09-11T09:29:48.252368+09:00,2026-09-11T09:30:48.252795+09:00,60.000382,109675,292.0,20.265122795878405,6.032392629450881,interpolated_adjacent_idle_blocks,853.9692468885748,0.0077863619502035,0.5470743742876532,1827.905029004699,,,,,,,valid
1380,inference,413.0,1,2026-09-11T09:30:53.856603+09:00,2026-09-11T09:31:53.856928+09:00,60.000279,43682,292.0,20.73467729520101,6.031788213463839,interpolated_adjacent_idle_blocks,882.1774470102841,0.0201954454239797,1.3735698640171774,728.0299504208505,,,,,,,valid
1381,inference,413.0,2,2026-09-11T09:32:54.132257+09:00,2026-09-11T09:33:54.132659+09:00,60.000358,44109,292.0,21.532864130557407,6.03068010500121,interpolated_adjacent_idle_blocks,930.136591315253,0.021087229166729,1.3602747285138936,735.1456136309351,,,,,,,valid
1382,inference,413.0,3,2026-09-11T09:34:54.408131+09:00,2026-09-11T09:35:54.409374+09:00,60.001215,44076,292.0,21.67990451435448,6.029571990992247,interpolated_adjacent_idle_blocks,939.0389665557498,0.0213049951573588,1.3613126281876675,734.5851197540953,,,,,,,valid
1383,inference,414.0,1,2026-09-11T09:36:00.118516+09:00,2026-09-11T09:37:00.119632+09:00,60.00104,31030,292.0,21.515724875913183,6.02896659715278,interpolated_adjacent_idle_blocks,929.2216029542344,0.029945910504487,1.933646148888264,517.1577025997972,,,,,,,valid
1384,inference,414.0,2,2026-09-11T09:38:00.502815+09:00,2026-09-11T09:39:00.504379+09:00,60.001536,31380,292.0,21.378585758892577,6.027857486025302,interpolated_adjacent_idle_blocks,921.0672750906638,0.0293520482820479,1.9120948342892088,522.986612414407,,,,,,,valid
1385,inference,414.0,3,2026-09-11T09:40:00.886515+09:00,2026-09-11T09:41:00.886710+09:00,60.000155,31450,292.0,19.946962972788125,6.026748388788914,interpolated_adjacent_idle_blocks,835.2150326732132,0.0265569167781625,1.9077950683620424,524.1653134466694,,,,,,,valid
1386,inference,415.0,1,2026-09-11T09:41:07.680347+09:00,2026-09-11T09:42:07.684445+09:00,60.004054,8060,293.0,22.52187207832985,6.026132994510398,interpolated_adjacent_idle_blocks,989.8112187554126,0.1228053621284631,7.44467172456822,134.3242572670991,,,,,,,valid
1387,inference,415.0,2,2026-09-11T09:43:09.192271+09:00,2026-09-11T09:44:09.194052+09:00,60.001755,7994,293.0,22.42542036829189,6.025013507232028,interpolated_adjacent_idle_blocks,984.053194377633,0.1230989735273496,7.505848761568136,133.22943637237347,,,,,,,valid
1388,inference,415.0,3,2026-09-11T09:45:10.656726+09:00,2026-09-11T09:46:10.662436+09:00,60.005685,8096,292.0,22.89158807533897,6.023894428517361,interpolated_adjacent_idle_blocks,1012.1575116476788,0.1250194554900789,7.411769342886358,134.9205505106249,,,,,,,valid
1389,inference,416.0,1,2026-09-11T09:46:16.094771+09:00,2026-09-11T09:47:16.095067+09:00,60.000235,115221,292.0,20.51874821584678,6.023291568119465,interpolated_adjacent_idle_blocks,869.7308052959513,0.0075483705686979,0.5207404500917118,1920.3424658558445,,,,,,,valid
1390,inference,416.0,2,2026-09-11T09:48:16.202022+09:00,2026-09-11T09:49:16.202541+09:00,60.000492,115317,292.0,20.6910245706738,6.02218501049261,interpolated_adjacent_idle_blocks,880.1375906799351,0.0076323316655821,0.520309166038154,1921.934236935335,,,,,,,valid
1391,inference,416.0,3,2026-09-11T09:50:16.312579+09:00,2026-09-11T09:51:16.312892+09:00,60.000286,115167,292.0,20.57031219650976,6.021078424382868,interpolated_adjacent_idle_blocks,872.9581874084724,0.0075799333785587,0.5209850582197719,1919.4408442672852,,,,,,,valid
1392,inference,417.0,1,2026-09-11T09:51:22.407010+09:00,2026-09-11T09:52:22.409076+09:00,60.002019,15457,293.0,22.144984715421582,6.020469483640851,interpolated_adjacent_idle_blocks,967.5034693030968,0.0625932243839746,3.881867063466931,257.6079972988283,,,,,,,valid
1393,inference,417.0,2,2026-09-11T09:53:23.176013+09:00,2026-09-11T09:54:23.179766+09:00,60.003725,15537,292.0,22.742118254538465,6.019356822502682,interpolated_adjacent_idle_blocks,1003.4279782084814,0.0645831227526859,3.861989103429585,258.93392581350474,,,,,,,valid
1394,inference,417.0,3,2026-09-11T09:55:23.947895+09:00,2026-09-11T09:56:23.949331+09:00,60.001408,15496,292.0,22.18006580119052,6.018244153281144,interpolated_adjacent_idle_blocks,969.7320547194428,0.0625795079194271,3.872057802013985,258.2606074423442,,,,,,,valid
1395,inference,418.0,1,2026-09-11T09:56:30.273015+09:00,2026-09-11T09:57:30.274081+09:00,60.001023,11992,293.0,22.543101376360845,6.0176330969637215,interpolated_adjacent_idle_blocks,991.5450023178772,0.0826838727750064,5.003420830552598,199.86326033054388,,,,,,,valid
1396,inference,418.0,2,2026-09-11T09:58:31.270172+09:00,2026-09-11T09:59:31.270922+09:00,60.000723,11953,293.0,21.9438405250492,6.016518343054906,interpolated_adjacent_idle_blocks,955.6508463735952,0.0799507108151589,5.019720823224684,199.2142661347443,,,,,,,valid
1397,inference,418.0,3,2026-09-11T10:00:32.266517+09:00,2026-09-11T10:01:32.270222+09:00,60.003679,12027,292.0,22.17658618167432,6.015403581556949,interpolated_adjacent_idle_blocks,969.730412997828,0.08062945148398,4.98908118400423,200.4377084915265,,,,,,,valid
1398,inference,419.0,1,2026-09-11T10:01:38.730162+09:00,2026-09-11T10:02:38.731983+09:00,60.001777,10513,293.0,22.91841821836802,6.014791255972919,interpolated_adjacent_idle_blocks,1014.2476554888182,0.0964755688660532,5.707388623611123,175.2114786547144,,,,,,,valid
1399,inference,419.0,2,2026-09-11T10:03:39.856218+09:00,2026-09-11T10:04:39.857268+09:00,60.001023,10563,293.0,23.09622653183575,6.013675316600929,interpolated_adjacent_idle_blocks,1024.9705483639823,0.0970340384705086,5.680301372715408,176.04699722507166,,,,,,,valid
1400,inference,419.0,3,2026-09-11T10:05:40.984715+09:00,2026-09-11T10:06:40.986738+09:00,60.001998,10585,293.0,22.874836130186136,6.012559346709834,interpolated_adjacent_idle_blocks,1011.7702978375914,0.0955852903011423,5.668587444496289,176.41079189329858,,,,,,,valid
1401,inference,420.0,1,2026-09-11T10:06:46.356694+09:00,2026-09-11T10:07:46.356824+09:00,60.000087,278256,293.0,19.69324812601104,6.011957078761267,interpolated_adjacent_idle_blocks,820.8786531073075,0.0029500842860793,0.2156290854464649,4637.593290949026,,,,,,,valid
1402,inference,420.0,2,2026-09-11T10:08:46.401871+09:00,2026-09-11T10:09:46.402031+09:00,60.000133,278995,293.0,19.617662386401744,6.010851093917873,interpolated_adjacent_idle_blocks,816.4104872549341,0.0029262549051235,0.2150580953063545,4649.906336125037,,,,,,,valid
1403,inference,420.0,3,2026-09-11T10:10:46.448982+09:00,2026-09-11T10:11:46.449210+09:00,60.000204,280089,293.0,19.71580705354702,6.009745091078004,interpolated_adjacent_idle_blocks,822.3665137847813,0.0029360900063364,0.2142183513096916,4668.134143905896,,,,,,,valid
1404,idle,,1,2026-09-11T10:11:51.735394+09:00,2026-09-11T10:12:51.735852+09:00,60.000396,0,292.0,6.190913130795571,,,,,,,,,,,,,valid
1405,idle,,2,2026-09-11T10:13:51.738089+09:00,2026-09-11T10:14:51.738930+09:00,60.00076,0,291.0,5.856686807797216,,,,,,,,,,,,,valid
1406,idle,,3,2026-09-11T10:15:51.740518+09:00,2026-09-11T10:16:51.741203+09:00,60.000656,0,291.0,5.980661100357914,,,,,,,,,,,,,valid
1407,inference,421.0,1,2026-09-11T10:16:57.688645+09:00,2026-09-11T10:17:57.689995+09:00,60.001302,20432,292.0,22.982998804600356,6.008832154578495,interpolated_adjacent_idle_blocks,1018.4720993662896,0.0498469116761105,2.936633834181356,340.52594108273274,,,,,,,valid
1408,inference,421.0,2,2026-09-11T10:18:58.270350+09:00,2026-09-11T10:19:58.272435+09:00,60.002057,20419,292.0,22.90484124913177,6.006860337059981,interpolated_adjacent_idle_blocks,1013.9136138710438,0.049655400062248,2.938540418238093,340.3050010112114,,,,,,,valid
1409,inference,421.0,3,2026-09-11T10:20:58.857757+09:00,2026-09-11T10:21:58.859361+09:00,60.001579,20403,292.0,23.409886518972375,6.004888436233229,interpolated_adjacent_idle_blocks,1044.3273674563216,0.0511849908080341,2.940821389011512,340.04105238643086,,,,,,,valid
1410,inference,422.0,1,2026-09-11T10:22:04.310970+09:00,2026-09-11T10:23:04.311130+09:00,60.000119,112355,292.0,20.437517091236504,6.003818124821375,interpolated_adjacent_idle_blocks,866.0236555950846,0.0077079227056658,0.5340226861288162,1872.5796225046165,,,,,,,valid
1411,inference,422.0,2,2026-09-11T10:24:04.420131+09:00,2026-09-11T10:25:04.420278+09:00,60.000122,112632,292.0,21.65029134575856,6.001854040684,interpolated_adjacent_idle_blocks,938.9081474138248,0.0083360692113593,0.5327093703387681,1877.196189291857,,,,,,,valid
1412,inference,422.0,3,2026-09-11T10:26:04.531094+09:00,2026-09-11T10:27:04.531668+09:00,60.000543,111272,292.0,20.04190449340934,5.999889923485325,interpolated_adjacent_idle_blocks,842.5284990093523,0.0075717925354927,0.5392240923143599,1854.516543776784,,,,,,,valid
1413,inference,423.0,1,2026-09-11T10:27:10.346532+09:00,2026-09-11T10:28:10.348548+09:00,60.001974,24541,293.0,22.823294806984467,5.9988136651955415,interpolated_adjacent_idle_blocks,1009.5020800331092,0.0411353278201014,2.444968575036992,409.0032118244589,,,,,,,valid
1414,inference,423.0,2,2026-09-11T10:29:10.826619+09:00,2026-09-11T10:30:10.828276+09:00,60.001401,24772,293.0,21.428475499761497,5.996843518325333,interpolated_adjacent_idle_blocks,925.919538602576,0.0373776658567162,2.4221460116254967,412.8570264551898,,,,,,,valid
1415,inference,423.0,3,2026-09-11T10:31:11.310059+09:00,2026-09-11T10:32:11.311826+09:00,60.001742,24793,293.0,22.586952238700796,5.994873312786912,interpolated_adjacent_idle_blocks,995.553638956322,0.0401546258603768,2.420108175695648,413.204669957596,,,,,,,valid
1416,inference,424.0,1,2026-09-11T10:32:18.921472+09:00,2026-09-11T10:33:18.922840+09:00,60.001326,5222,290.0,22.61775856449825,5.993767700877748,interpolated_adjacent_idle_blocks,997.4614952291151,0.1910113931882641,11.49010453849043,87.03141008422713,,,,,,,valid
1417,inference,424.0,2,2026-09-11T10:34:21.181909+09:00,2026-09-11T10:35:21.188017+09:00,60.00607,5252,293.0,23.005854162968987,5.991768399157528,interpolated_adjacent_idle_blocks,1020.9484213292736,0.1943923117534793,11.425375038080883,87.52447921114103,,,,,,,valid
1418,inference,424.0,3,2026-09-11T10:36:23.454136+09:00,2026-09-11T10:37:23.456530+09:00,60.002368,5195,292.0,22.96212605704545,5.989768973761535,interpolated_adjacent_idle_blocks,1018.3816155386082,0.1960311098245636,11.550022733395092,86.57991616836006,,,,,,,valid
1419,inference,425.0,1,2026-09-11T10:37:28.905015+09:00,2026-09-11T10:38:28.905592+09:00,60.000506,96742,292.0,21.798277107143864,5.988698703563243,interpolated_adjacent_idle_blocks,948.5827038615096,0.0098052831641015,0.62021155237654,1612.3530691554818,,,,,,,valid
1420,inference,425.0,2,2026-09-11T10:39:29.031038+09:00,2026-09-11T10:40:29.031456+09:00,60.000371,96216,291.0,21.74134602708468,5.986734344884521,interpolated_adjacent_idle_blocks,945.2825458929436,0.0098245878636915,0.6236007597488944,1603.5900924858888,,,,,,,valid
1421,inference,425.0,3,2026-09-11T10:41:29.158182+09:00,2026-09-11T10:42:29.158353+09:00,60.00014,96115,293.0,20.21749620137452,5.984769968599098,interpolated_adjacent_idle_blocks,853.9655665481976,0.0088848313639723,0.6242536544762959,1601.9129288701213,,,,,,,valid
1422,inference,426.0,1,2026-09-11T10:42:34.514790+09:00,2026-09-11T10:43:34.514997+09:00,60.000167,350406,292.0,19.94039040794287,5.983701224815291,interpolated_adjacent_idle_blocks,837.4036817547484,0.0023898097685392,0.171230421282715,5840.083745101114,,,,,,,valid
1423,inference,426.0,2,2026-09-11T10:44:34.551842+09:00,2026-09-11T10:45:34.551935+09:00,60.000068,354129,292.0,20.31080618192088,5.9817383206700185,interpolated_adjacent_idle_blocks,859.7450460516662,0.0024277736250114,0.1694299746703015,5902.1433600868295,,,,,,,valid
1424,inference,426.0,3,2026-09-11T10:46:34.587784+09:00,2026-09-11T10:47:34.587850+09:00,60.00004,353528,291.0,20.1534724664736,5.979775433959904,interpolated_adjacent_idle_blocks,850.4223888987033,0.0024055305064908,0.1697179298386173,5892.12937578774,,,,,,,valid
1425,inference,427.0,1,2026-09-11T10:47:40.004974+09:00,2026-09-11T10:48:40.005039+09:00,60.000008,138287,292.0,20.875013380909227,5.978705699818619,interpolated_adjacent_idle_blocks,893.778580035898,0.0064632147637586,0.4338803235300859,2304.7830145048247,,,,,,,valid
1426,inference,427.0,2,2026-09-11T10:49:40.094273+09:00,2026-09-11T10:50:40.094460+09:00,60.000159,138891,292.0,20.71078665211134,5.976741939370084,interpolated_adjacent_idle_blocks,884.0450254775848,0.0063650274350215,0.4319945813625108,2314.843850230714,,,,,,,valid
1427,inference,427.0,3,2026-09-11T10:51:40.183348+09:00,2026-09-11T10:52:40.183676+09:00,60.0003,139007,292.0,20.89420127701913,5.974778182434312,interpolated_adjacent_idle_blocks,895.1698615020174,0.0064397466422699,0.4316351003905428,2316.771734029974,,,,,,,valid
1428,inference,428.0,1,2026-09-11T10:52:45.542513+09:00,2026-09-11T10:53:45.542620+09:00,60.000051,361474,292.0,20.3462369617591,5.973709398941856,interpolated_adjacent_idle_blocks,862.3523867679403,0.0023856553632292,0.1659871838638803,6024.561515665338,,,,,,,valid
1429,inference,428.0,2,2026-09-11T10:54:45.578255+09:00,2026-09-11T10:55:45.578348+09:00,60.000068,367417,291.0,20.371034562370912,5.971746515397516,interpolated_adjacent_idle_blocks,863.9582619699909,0.0023514379083439,0.163302373052945,6123.609726576264,,,,,,,valid
1430,inference,428.0,3,2026-09-11T10:56:45.613347+09:00,2026-09-11T10:57:45.613474+09:00,60.000085,367841,292.0,20.35656388937135,5.969783642091263,interpolated_adjacent_idle_blocks,863.2080377131263,0.0023466879377587,0.1631141843894635,6130.674678863768,,,,,,,valid
1431,inference,429.0,1,2026-09-11T10:57:50.985430+09:00,2026-09-11T10:58:50.985678+09:00,60.000205,250415,292.0,20.32377458136875,5.96871464455808,interpolated_adjacent_idle_blocks,861.3065389959272,0.0034395165584966,0.2396030784897778,4173.569080593691,,,,,,,valid
1432,inference,429.0,2,2026-09-11T10:59:51.035608+09:00,2026-09-11T11:00:51.035835+09:00,60.000199,251920,292.0,21.21344905897699,5.966751525007522,interpolated_adjacent_idle_blocks,914.8048861309774,0.003631330923035,0.2381716390124014,4198.652720141589,,,,,,,valid
1433,inference,429.0,3,2026-09-11T11:01:51.085345+09:00,2026-09-11T11:02:51.085592+09:00,60.000222,251157,292.0,19.594595706886352,5.964788412334339,interpolated_adjacent_idle_blocks,817.7914634903402,0.0032560966387173,0.2388952790485606,4185.934539948478,,,,,,,valid
1434,inference,430.0,1,2026-09-11T11:02:57.938112+09:00,2026-09-11T11:03:57.942529+09:00,60.004371,7997,293.0,20.95129962875322,5.963695168821219,interpolated_adjacent_idle_blocks,899.3217784150144,0.112457393824561,7.503360185068303,133.27362346139287,,,,,,,valid
1435,inference,430.0,2,2026-09-11T11:04:59.420888+09:00,2026-09-11T11:05:59.422818+09:00,60.001903,8036,293.0,22.42649068464119,5.961708642883995,interpolated_adjacent_idle_blocks,987.9182549856572,0.1229365673202659,7.46663795420528,133.92908644201648,,,,,,,valid
1436,inference,430.0,3,2026-09-11T11:07:00.893596+09:00,2026-09-11T11:08:00.894136+09:00,60.000511,8034,293.0,22.69058884869176,5.95972227261559,interpolated_adjacent_idle_blocks,1003.8605440373906,0.1249515240275567,7.468323562359335,133.89885851224255,,,,,,,valid
1437,idle,,1,2026-09-11T11:08:06.189100+09:00,2026-09-11T11:09:06.189549+09:00,60.000395,0,292.0,6.014549728795853,,,,,,,,,,,,,valid
1438,idle,,2,2026-09-11T11:10:06.191586+09:00,2026-09-11T11:11:06.191964+09:00,60.000343,0,291.0,5.832475201713281,,,,,,,,,,,,,valid
1439,idle,,3,2026-09-11T11:12:06.193641+09:00,2026-09-11T11:13:06.193946+09:00,60.000275,0,292.0,6.030410424865613,,,,,,,,,,,,,valid
1440,inference,431.0,1,2026-09-11T11:13:11.832407+09:00,2026-09-11T11:14:11.832867+09:00,60.000415,43297,293.0,22.30852476989869,5.960122323939124,interpolated_adjacent_idle_blocks,980.9109313445888,0.0226554017909921,1.3857869020946372,721.6116695059575,,,,,,,valid
1441,inference,431.0,2,2026-09-11T11:15:12.112378+09:00,2026-09-11T11:16:12.113207+09:00,60.000801,43065,293.0,22.042994751084567,5.963420417591657,interpolated_adjacent_idle_blocks,964.7873397486158,0.0224030498025917,1.3932613746659277,717.740416969341,,,,,,,valid
1442,inference,431.0,3,2026-09-11T11:17:12.390348+09:00,2026-09-11T11:18:12.391761+09:00,60.001388,43066,291.0,22.00691247028021,5.966718459323678,interpolated_adjacent_idle_blocks,962.4339044466792,0.0223478824234124,1.393242643849021,717.75006630386,,,,,,,valid
1443,inference,432.0,1,2026-09-11T11:18:17.715084+09:00,2026-09-11T11:19:17.715208+09:00,60.000081,436710,292.0,20.75707707121,5.968509652310898,interpolated_adjacent_idle_blocks,887.3152430079069,0.0020318180096812,0.1373911311854659,7278.490186168479,,,,,,,valid
1444,inference,432.0,2,2026-09-11T11:20:17.744475+09:00,2026-09-11T11:21:17.744581+09:00,60.000075,431263,292.0,20.104003070084108,5.971800869718341,interpolated_adjacent_idle_blocks,847.933191937111,0.001966162624517,0.1391264149718148,7187.707670053792,,,,,,,valid
1445,inference,432.0,3,2026-09-11T11:22:17.774654+09:00,2026-09-11T11:23:17.774801+09:00,60.000122,435440,293.0,20.33423120499239,5.975092109549274,interpolated_adjacent_idle_blocks,861.5500975415564,0.0019785736210305,0.1377919398769059,7257.31854049905,,,,,,,valid
1446,inference,433.0,1,2026-09-11T11:23:26.234641+09:00,2026-09-11T11:24:26.237706+09:00,60.003021,3845,293.0,22.838757063308638,5.976969329113882,interpolated_adjacent_idle_blocks,1011.75820351243,0.2631360737353524,15.605467100132994,64.08010689993878,,,,,,,valid
1447,inference,433.0,2,2026-09-11T11:25:29.245346+09:00,2026-09-11T11:26:29.246760+09:00,60.00139,3878,293.0,22.90025209439236,5.980342272057492,interpolated_adjacent_idle_blocks,1015.2181080147452,0.2617890943823479,15.472251160389469,64.63183602914239,,,,,,,valid
1448,inference,433.0,3,2026-09-11T11:27:32.278703+09:00,2026-09-11T11:28:32.293129+09:00,60.014401,3895,292.0,23.148992727848736,5.983716037152172,interpolated_adjacent_idle_blocks,1030.1637985914167,0.264483645337976,15.40806177149937,64.90108975612507,,,,,,,valid
1449,inference,434.0,1,2026-09-11T11:28:38.721227+09:00,2026-09-11T11:29:38.723010+09:00,60.001737,11076,294.0,22.725202829783072,5.985537724334482,interpolated_adjacent_idle_blocks,1004.4089831252036,0.0906833679239078,5.41727494583022,184.59465506171492,,,,,,,valid
1450,inference,434.0,2,2026-09-11T11:30:39.785979+09:00,2026-09-11T11:31:39.787491+09:00,60.001481,11109,293.0,22.95531876033738,5.988857327985081,interpolated_adjacent_idle_blocks,1018.0128132705192,0.0916385645216058,5.401159546315324,185.1454287593117,,,,,,,valid
1451,inference,434.0,3,2026-09-11T11:32:40.869781+09:00,2026-09-11T11:33:40.870019+09:00,60.000195,11061,293.0,22.94421559083497,5.992177440230517,interpolated_adjacent_idle_blocks,1017.1255946837066,0.0919560251951637,5.424481963656136,184.3494008644456,,,,,,,valid
1452,inference,435.0,1,2026-09-11T11:33:46.371301+09:00,2026-09-11T11:34:46.372021+09:00,60.000677,69556,293.0,20.662895316311715,5.993973504933523,interpolated_adjacent_idle_blocks,880.1452395427578,0.0126537644422157,0.8626240324343717,1159.2535825577986,,,,,,,valid
1453,inference,435.0,2,2026-09-11T11:35:46.543283+09:00,2026-09-11T11:36:46.543538+09:00,60.00023,70052,292.0,22.56370667225257,5.997268626081082,interpolated_adjacent_idle_blocks,993.99009305104,0.0141893178360509,0.8565098712385271,1167.5288675353895,,,,,,,valid
1454,inference,435.0,3,2026-09-11T11:37:46.715576+09:00,2026-09-11T11:38:46.716174+09:00,60.000565,70166,292.0,23.0640644708678,6.000563766827948,interpolated_adjacent_idle_blocks,1023.8196831202888,0.0145913930268262,0.8551230710030195,1169.4223134771075,,,,,,,valid
1455,inference,436.0,1,2026-09-11T11:38:52.239316+09:00,2026-09-11T11:39:52.239888+09:00,60.00053,60158,292.0,23.259595787970344,6.002360433846831,interpolated_adjacent_idle_blocks,1035.4432675821483,0.0172120626946066,0.997382396356125,1002.6244734752069,,,,,,,valid
1456,inference,436.0,2,2026-09-11T11:40:52.439372+09:00,2026-09-11T11:41:52.440382+09:00,60.000985,60359,292.0,21.75102051952444,6.005656337162349,interpolated_adjacent_idle_blocks,944.7373601254448,0.0156519717047241,0.9940685697243156,1005.9668220647288,,,,,,,valid
1457,inference,436.0,3,2026-09-11T11:42:52.640061+09:00,2026-09-11T11:43:52.640567+09:00,60.000481,60468,293.0,23.219176799766736,6.008952244923341,interpolated_adjacent_idle_blocks,1032.6217514086147,0.0170771606702489,0.9922683154729904,1007.7919292659508,,,,,,,valid
1458,inference,437.0,1,2026-09-11T11:43:58.158238+09:00,2026-09-11T11:44:58.158527+09:00,60.000247,61823,293.0,21.734306899477165,6.010748756775591,interpolated_adjacent_idle_blocks,943.4173722809556,0.015259973994807,0.970516579590352,1030.379100192284,,,,,,,valid
1459,inference,437.0,2,2026-09-11T11:45:58.355550+09:00,2026-09-11T11:46:58.356059+09:00,60.000469,62102,290.0,21.71836779792738,6.014044581863853,interpolated_adjacent_idle_blocks,942.2667582914,0.01517288909039,0.9661600190009216,1035.0252342609574,,,,,,,valid
1460,inference,437.0,3,2026-09-11T11:47:58.555729+09:00,2026-09-11T11:48:58.556025+09:00,60.000269,61413,292.0,22.08825896588987,6.017340479629068,interpolated_adjacent_idle_blocks,964.2594322527212,0.0157012266499392,0.9769962271829126,1023.5454059873056,,,,,,,valid
1461,inference,438.0,1,2026-09-11T11:49:03.944093+09:00,2026-09-11T11:50:03.944431+09:00,60.000299,181796,292.0,20.56446683250703,6.019133435553728,interpolated_adjacent_idle_blocks,872.7243528718838,0.0048005696102878,0.3300419085128667,3029.9182443402183,,,,,,,valid
1462,inference,438.0,2,2026-09-11T11:51:04.011941+09:00,2026-09-11T11:52:04.012047+09:00,60.000081,183277,293.0,19.676747049850945,6.022425704524816,interpolated_adjacent_idle_blocks,819.2603867195967,0.0044700665480098,0.3273737604827846,3054.6125582126074,,,,,,,valid
1463,inference,438.0,3,2026-09-11T11:53:04.082244+09:00,2026-09-11T11:54:04.082276+09:00,60.000007,183087,292.0,19.79489213029584,6.02571804298911,interpolated_adjacent_idle_blocks,826.1505416226225,0.0045123386238379,0.3277130921364943,3051.4496490835786,,,,,,,valid
1464,inference,439.0,1,2026-09-11T11:54:09.481818+09:00,2026-09-11T11:55:09.482130+09:00,60.000261,168309,293.0,19.218375970752,6.027511309554296,interpolated_adjacent_idle_blocks,791.4553224875385,0.0047023945391365,0.3564887278755777,2805.1377836244565,,,,,,,valid
1465,inference,439.0,2,2026-09-11T11:56:09.553968+09:00,2026-09-11T11:57:09.554013+09:00,60.00002,168882,293.0,19.29402455278799,6.030803696003553,interpolated_adjacent_idle_blocks,795.7935166714835,0.0047121275012818,0.3552777655404586,2814.699080531459,,,,,,,valid
1466,inference,439.0,3,2026-09-11T11:58:09.625942+09:00,2026-09-11T11:59:09.626242+09:00,60.000275,168741,290.0,19.549665398256224,6.034096084793222,interpolated_adjacent_idle_blocks,810.9378755893414,0.004805814091355,0.3555761474685834,2812.3371241833765,,,,,,,valid
1467,inference,440.0,1,2026-09-11T11:59:15.063680+09:00,2026-09-11T12:00:15.064114+09:00,60.000392,122990,292.0,21.632561050815,6.035890395822369,interpolated_adjacent_idle_blocks,935.8063531944543,0.0076088003349414,0.4878477258312518,2049.8199480095627,,,,,,,valid
1468,inference,440.0,2,2026-09-11T12:01:15.163002+09:00,2026-09-11T12:02:15.163480+09:00,60.000438,122978,290.0,21.03269423358053,6.039183531595383,interpolated_adjacent_idle_blocks,899.6172092767965,0.007315269473213,0.4878957041098127,2049.6183745346643,,,,,,,valid
1469,inference,440.0,3,2026-09-11T12:03:15.263101+09:00,2026-09-11T12:04:15.263238+09:00,60.000113,123232,291.0,21.771148671371357,6.0424766834047885,interpolated_adjacent_idle_blocks,943.7220966179284,0.0076580928380447,0.4868874423852466,2053.862788288461,,,,,,,valid
1470,idle,,1,2026-09-11T12:04:20.544605+09:00,2026-09-11T12:05:20.544980+09:00,60.000311,0,291.0,6.335349678338777,,,,,,,,,,,,,valid
1471,idle,,2,2026-09-11T12:06:20.546765+09:00,2026-09-11T12:07:20.547466+09:00,60.000667,0,292.0,5.819378779379163,,,,,,,,,,,,,valid
1472,idle,,3,2026-09-11T12:08:20.549080+09:00,2026-09-11T12:09:20.549301+09:00,60.000179,0,292.0,5.97560503395202,,,,,,,,,,,,,valid
1473,idle,,1,2026-09-11T15:12:23.929379+09:00,2026-09-11T15:13:23.930056+09:00,60.000513,0,292.0,14.93883835390562,,,,,,,,,,,,,valid
1474,idle,,2,2026-09-11T15:14:23.950495+09:00,2026-09-11T15:15:23.979093+09:00,60.028544,0,292.0,16.324918829873162,,,,,,,,,,,,,valid
1475,idle,,3,2026-09-11T15:16:23.995462+09:00,2026-09-11T15:17:24.015021+09:00,60.019442,0,292.0,17.07956335972981,,,,,,,,,,,,,valid
1476,inference,441.0,1,2026-09-11T15:17:30.280710+09:00,2026-09-11T15:18:30.280992+09:00,60.000108,82388,291.0,23.103065104424005,16.117341854959953,interpolated_adjacent_idle_blocks,419.144149425954,0.0050874417321206,0.7282627033063065,1373.130870851972,,,,,,,valid
1477,inference,441.0,2,2026-09-11T15:19:30.471596+09:00,2026-09-11T15:20:30.471910+09:00,60.00023,82304,292.0,23.24425736791844,16.126513601791164,interpolated_adjacent_idle_blocks,427.06626304870247,0.0051888883049268,0.7290074625777608,1371.7280704699688,,,,,,,valid
1478,inference,441.0,3,2026-09-11T15:21:30.633325+09:00,2026-09-11T15:22:30.633757+09:00,60.000332,82053,291.0,24.05870512006724,16.135683126919304,interpolated_adjacent_idle_blocks,475.3839500321778,0.0057936205870861,0.7312387383764153,1367.5424283734214,,,,,,,valid
1479,inference,442.0,1,2026-09-11T15:22:37.586930+09:00,2026-09-11T15:23:37.587487+09:00,60.000421,9454,291.0,26.09744796628452,16.140792349626057,interpolated_adjacent_idle_blocks,597.4035287515221,0.0631905573039477,6.346564491220654,157.56556186946852,,,,,,,valid
1480,inference,442.0,2,2026-09-11T15:24:38.848115+09:00,2026-09-11T15:25:38.850444+09:00,60.002241,9559,292.0,23.326315699621414,16.150045837151374,interpolated_adjacent_idle_blocks,430.5922737689645,0.0450457447190045,6.277041636154412,159.31071641140863,,,,,,,valid
1481,inference,442.0,3,2026-09-11T15:26:40.137327+09:00,2026-09-11T15:27:40.141384+09:00,60.003986,9569,291.0,23.785664264677354,16.15930146174276,interpolated_adjacent_idle_blocks,457.61216685820807,0.0478223604199193,6.270664238687431,159.47273876193364,,,,,,,valid
1482,inference,443.0,1,2026-09-11T15:27:48.748002+09:00,2026-09-11T15:28:48.754604+09:00,60.006477,5786,291.0,23.58789210314106,16.16453722753614,interpolated_adjacent_idle_blocks,445.4493736058242,0.0769874479097518,10.370977773937089,96.42292383588575,,,,,,,valid
1483,inference,443.0,2,2026-09-11T15:29:50.863358+09:00,2026-09-11T15:30:50.863441+09:00,60.000007,5791,292.0,23.555599167763106,16.173855580352967,interpolated_adjacent_idle_blocks,442.9046669168133,0.0764815518765003,10.360906078397504,96.5166552455292,,,,,,,valid
1484,inference,443.0,3,2026-09-11T15:31:52.939951+09:00,2026-09-11T15:32:52.950446+09:00,60.010419,5788,292.0,23.575431920339824,16.183171621189675,interpolated_adjacent_idle_blocks,443.6126379090657,0.0766435103505642,10.368075190048357,96.4499178169382,,,,,,,valid
1485,inference,444.0,1,2026-09-11T15:33:00.449618+09:00,2026-09-11T15:34:00.450419+09:00,60.000623,55555,291.0,23.37604424687839,16.18832290224532,interpolated_adjacent_idle_blocks,431.2677586283818,0.0077628972842837,1.08002201602016,925.907051121941,,,,,,,valid
1486,inference,444.0,2,2026-09-11T15:35:00.680699+09:00,2026-09-11T15:36:00.681707+09:00,60.000933,55675,292.0,24.31586479435689,16.197497723007977,interpolated_adjacent_idle_blocks,487.10959871741227,0.0087491620784447,1.0776997413560865,927.9022362403877,,,,,,,valid
1487,inference,444.0,3,2026-09-11T15:37:00.930802+09:00,2026-09-11T15:38:00.931218+09:00,60.000342,55509,291.0,23.058179708494603,16.20667396486081,interpolated_adjacent_idle_blocks,411.09268783299206,0.007405874503828,1.0809119620241745,925.1447251331604,,,,,,,valid
1488,inference,445.0,1,2026-09-11T15:38:06.734747+09:00,2026-09-11T15:39:06.734990+09:00,60.000102,217433,291.0,23.31683037771578,16.211695445851763,interpolated_adjacent_idle_blocks,426.3088206356041,0.0019606445233042,0.2759475410816203,3623.877190861497,,,,,,,valid
1489,inference,445.0,2,2026-09-11T15:40:06.805578+09:00,2026-09-11T15:41:06.805959+09:00,60.000258,218693,292.0,23.61715272997303,16.220858035330657,interpolated_adjacent_idle_blocks,443.7795899225735,0.0020292354575709,0.2743583818412109,3644.867684701411,,,,,,,valid
1490,inference,445.0,3,2026-09-11T15:42:06.913472+09:00,2026-09-11T15:43:06.913775+09:00,60.000233,218410,291.0,24.57203657798857,16.230023444829996,interpolated_adjacent_idle_blocks,500.5227316785741,0.0022916658196903,0.2747137617325202,3640.152548941713,,,,,,,valid
1491,inference,446.0,1,2026-09-11T15:43:13.438348+09:00,2026-09-11T15:44:13.439269+09:00,60.00079,36990,291.0,25.743736041932664,16.23509997012746,interpolated_adjacent_idle_blocks,570.525676130809,0.0154237814579834,1.6220813652338482,616.4918859392941,,,,,,,valid
1492,inference,446.0,2,2026-09-11T15:45:13.793615+09:00,2026-09-11T15:46:13.794287+09:00,60.000597,37067,291.0,25.8704046588877,16.24428425011198,interpolated_adjacent_idle_blocks,577.5729713204273,0.0155818644972732,1.6187065988615186,617.7771813022371,,,,,,,valid
1493,inference,446.0,3,2026-09-11T15:47:14.123184+09:00,2026-09-11T15:48:14.124750+09:00,60.001461,36983,291.0,25.96561383998984,16.25346661268273,interpolated_adjacent_idle_blocks,582.7430230855256,0.015757051160953,1.622406540843094,616.3683237373683,,,,,,,valid
1494,inference,447.0,1,2026-09-11T15:48:20.713530+09:00,2026-09-11T15:49:20.717759+09:00,60.004092,13645,291.0,24.99027242033539,16.258548211997496,interpolated_adjacent_idle_blocks,523.9391827157341,0.0383978880700428,4.397515016489556,227.40115639179308,,,,,,,valid
1495,inference,447.0,2,2026-09-11T15:50:21.597793+09:00,2026-09-11T15:51:21.601726+09:00,60.003893,13791,292.0,24.71480098671448,16.26777285779102,interpolated_adjacent_idle_blocks,506.8545720159134,0.0367525612367423,4.350945768979763,229.83508715037055,,,,,,,valid
1496,inference,447.0,3,2026-09-11T15:52:22.524034+09:00,2026-09-11T15:53:22.526740+09:00,60.002637,13813,291.0,22.97925826960373,16.277000671377188,interpolated_adjacent_idle_blocks,402.153129746879,0.0291141048104596,4.343925099543902,230.20654755419167,,,,,,,valid
1497,inference,448.0,1,2026-09-11T15:53:28.843364+09:00,2026-09-11T15:54:28.843799+09:00,60.000315,57370,291.0,21.894405307545643,16.282061401267118,interpolated_adjacent_idle_blocks,336.7424022650421,0.0058696601405794,1.0458482673871374,956.1616452244252,,,,,,,valid
1498,inference,448.0,2,2026-09-11T15:55:29.103917+09:00,2026-09-11T15:56:29.104210+09:00,60.000214,57315,291.0,22.327203084562136,16.291238457705596,interpolated_adjacent_idle_blocks,362.1591693078226,0.0063187502278255,1.0468501177702147,955.2465849934608,,,,,,,valid
1499,inference,448.0,3,2026-09-11T15:57:29.326689+09:00,2026-09-11T15:58:29.327774+09:00,60.001005,57397,291.0,22.26150739889273,16.300412666723947,interpolated_adjacent_idle_blocks,357.6716748303329,0.006231539537438,1.0453683189016838,956.6006372286564,,,,,,,valid
1500,inference,449.0,1,2026-09-11T15:58:35.941586+09:00,2026-09-11T15:59:35.943244+09:00,60.001437,36905,292.0,24.027863265056,16.305496059790038,interpolated_adjacent_idle_blocks,463.35312935763193,0.0125552941161802,1.6258348922910266,615.0686055155708,,,,,,,valid
1501,inference,449.0,2,2026-09-11T16:00:36.282142+09:00,2026-09-11T16:01:36.282398+09:00,60.000155,36999,291.0,23.85922683067785,16.314679173177584,interpolated_adjacent_idle_blocks,452.6740288549032,0.0122347638815887,1.6216696397199972,616.6484069916135,,,,,,,valid
1502,inference,449.0,3,2026-09-11T16:02:36.607024+09:00,2026-09-11T16:03:36.608189+09:00,60.001092,36983,291.0,24.05978055266353,16.32386117866097,interpolated_adjacent_idle_blocks,464.1636100641098,0.0125507289853205,1.6223965470621706,616.372120497172,,,,,,,valid
1503,inference,450.0,1,2026-09-11T16:03:42.557924+09:00,2026-09-11T16:04:42.558423+09:00,60.000301,61008,291.0,23.208288204882184,16.32889385496934,interpolated_adjacent_idle_blocks,412.76573169247,0.0067657640259059,0.9834825039339132,1016.7949058575188,,,,,,,valid
1504,inference,450.0,2,2026-09-11T16:05:42.768645+09:00,2026-09-11T16:06:42.769032+09:00,60.000289,61090,290.0,22.990371694981253,16.33806710987471,interpolated_adjacent_idle_blocks,399.1401976224177,0.0065336421283748,0.9821622000327372,1018.1617659147016,,,,,,,valid
1505,inference,450.0,3,2026-09-11T16:07:42.989853+09:00,2026-09-11T16:08:42.990178+09:00,60.000252,61016,292.0,23.08135777017251,16.347241166975834,interpolated_adjacent_idle_blocks,404.0486931891845,0.0066220121474561,0.9833527599318184,1016.929062231275,,,,,,,valid
1506,idle,,1,2026-09-11T16:08:48.957933+09:00,2026-09-11T16:09:48.973078+09:00,60.014998,0,291.0,16.364163311180732,,,,,,,,,,,,,valid
1507,idle,,2,2026-09-11T16:10:49.010203+09:00,2026-09-11T16:11:49.011073+09:00,60.000753,0,292.0,16.83001183753198,,,,,,,,,,,,,valid
1508,idle,,3,2026-09-11T16:12:49.014221+09:00,2026-09-11T16:13:49.052849+09:00,60.038549,0,291.0,15.85609022028713,,,,,,,,,,,,,valid
1509,inference,451.0,1,2026-09-11T16:13:56.885667+09:00,2026-09-11T16:14:56.895460+09:00,60.009673,5637,292.0,23.52936102698236,16.370685472083185,interpolated_adjacent_idle_blocks,429.5897791625931,0.0762089372294825,10.645675589852765,93.9348556660114,,,,,,,valid
1510,inference,451.0,2,2026-09-11T16:15:59.006863+09:00,2026-09-11T16:16:59.008704+09:00,60.001767,5643,292.0,22.32250850800876,16.437491239635115,interpolated_adjacent_idle_blocks,353.1114349279319,0.0625751258068282,10.632955307460575,94.04723062254888,,,,,,,valid
1511,inference,451.0,3,2026-09-11T16:18:01.144554+09:00,2026-09-11T16:19:01.146512+09:00,60.001887,5597,292.0,22.75977918735249,16.504308238244448,interpolated_adjacent_idle_blocks,375.3400610201634,0.0670609363980995,10.720365695908638,93.28039997568776,,,,,,,valid
1512,inference,452.0,1,2026-09-11T16:19:08.693562+09:00,2026-09-11T16:20:08.693793+09:00,60.000099,241885,293.0,23.20043373764652,16.541261303767484,interpolated_adjacent_idle_blocks,399.551005290813,0.0016518221687612,0.2480521702461895,4031.41000140216,,,,,,,valid
1513,inference,452.0,2,2026-09-11T16:21:08.758452+09:00,2026-09-11T16:22:08.758713+09:00,60.000185,242061,292.0,23.455513050124413,16.606944326609288,interpolated_adjacent_idle_blocks,410.9153903961213,0.0016975695812052,0.2478721681724855,4034.3375675163943,,,,,,,valid
1514,inference,452.0,3,2026-09-11T16:23:08.840123+09:00,2026-09-11T16:24:08.840339+09:00,60.000143,242570,292.0,22.791559955237567,16.672636509020897,interpolated_adjacent_idle_blocks,367.1362817790531,0.0015135271541371,0.2473518695634258,4042.82369793684,,,,,,,valid
1515,inference,453.0,1,2026-09-11T16:24:14.648042+09:00,2026-09-11T16:25:14.648509+09:00,60.000402,111885,291.0,23.08722821470857,16.708637630911657,interpolated_adjacent_idle_blocks,382.7179992212298,0.0034206372545133,0.5362685114179736,1864.7374938272085,,,,,,,valid
1516,inference,453.0,2,2026-09-11T16:26:14.788232+09:00,2026-09-11T16:27:14.788470+09:00,60.000148,112004,291.0,22.926690352524663,16.7743617767342,interpolated_adjacent_idle_blocks,369.1406250920569,0.0032957807318672,0.5356964724474172,1866.7287380694067,,,,,,,valid
1517,inference,453.0,3,2026-09-11T16:28:14.940572+09:00,2026-09-11T16:29:14.940923+09:00,60.000281,111625,291.0,22.85849389382137,16.840092662782432,interpolated_adjacent_idle_blocks,361.10576503308255,0.0032349900562874,0.5375165124300119,1860.4079630580773,,,,,,,valid
1518,inference,454.0,1,2026-09-11T16:29:21.043547+09:00,2026-09-11T16:30:21.043840+09:00,60.000161,34585,291.0,23.94027568977296,16.876255114323357,interpolated_adjacent_idle_blocks,423.8423718342889,0.0122550924341271,1.7348607951423918,576.4151237955223,,,,,,,valid
1519,inference,454.0,2,2026-09-11T16:31:21.404645+09:00,2026-09-11T16:32:21.405809+09:00,60.001083,34535,291.0,23.425636740084656,16.942100411388623,interpolated_adjacent_idle_blocks,389.019201391606,0.0112644911362851,1.7373992384537589,575.5729471194973,,,,,,,valid
1520,inference,454.0,3,2026-09-11T16:33:21.781455+09:00,2026-09-11T16:34:21.782932+09:00,60.001343,34573,291.0,23.560908541698534,17.007954151441854,interpolated_adjacent_idle_blocks,393.1860640331472,0.0113726336746347,1.735497153848372,576.2037683453145,,,,,,,valid
1521,inference,455.0,1,2026-09-11T16:34:30.267713+09:00,2026-09-11T16:35:30.269465+09:00,60.001594,11090,291.0,23.82252292455956,17.04542049903508,interpolated_adjacent_idle_blocks,406.636948232735,0.0366669926269373,5.41042327321913,184.82842275018777,,,,,,,valid
1522,inference,455.0,2,2026-09-11T16:36:31.390809+09:00,2026-09-11T16:37:31.392338+09:00,60.00145,11056,291.0,23.79718761143755,17.111682357490594,interpolated_adjacent_idle_blocks,401.1400092194356,0.0362825623389503,5.427048688494872,184.26221274188316,,,,,,,valid
1523,inference,455.0,3,2026-09-11T16:38:32.496711+09:00,2026-09-11T16:39:32.502138+09:00,60.00534,11053,292.0,23.68045793344352,17.17793593703895,interpolated_adjacent_idle_blocks,390.1860432517349,0.0353013700580597,5.428873654211515,184.2002713075184,,,,,,,valid
1524,inference,456.0,1,2026-09-11T16:39:38.731546+09:00,2026-09-11T16:40:38.732991+09:00,60.001277,23329,291.0,25.24930608308297,17.21416945083001,interpolated_adjacent_idle_blocks,482.11845880465694,0.0206660576451908,2.571960932744652,388.8083941200679,,,,,,,valid
1525,inference,456.0,2,2026-09-11T16:41:39.294635+09:00,2026-09-11T16:42:39.296039+09:00,60.001294,23377,292.0,23.452743735968387,17.28012500041597,interpolated_adjacent_idle_blocks,370.3651115017888,0.0158431411858574,2.56668064764514,389.60826736176665,,,,,,,valid
1526,inference,456.0,3,2026-09-11T16:43:39.822822+09:00,2026-09-11T16:44:39.823716+09:00,60.000835,23403,291.0,23.315183366725677,17.346061327765725,interpolated_adjacent_idle_blocks,358.1523065544993,0.0153036921144511,2.5638095586035843,390.0445712296449,,,,,,,valid
1527,inference,457.0,1,2026-09-11T16:44:48.179964+09:00,2026-09-11T16:45:48.184992+09:00,60.004865,4845,291.0,25.962138278971423,17.38345809648801,interpolated_adjacent_idle_blocks,514.7625462280926,0.1062461395723617,12.384904994840108,80.74345345536582,,,,,,,valid
1528,inference,457.0,2,2026-09-11T16:46:50.690382+09:00,2026-09-11T16:47:50.696782+09:00,60.006301,4837,291.0,23.669866137456204,17.450479343356616,interpolated_adjacent_idle_blocks,373.20239600216473,0.077155756874543,12.405685466198062,80.60820199937467,,,,,,,valid
1529,inference,457.0,3,2026-09-11T16:48:53.225357+09:00,2026-09-11T16:49:53.233030+09:00,60.007498,4835,293.0,25.623513143037425,17.51751399737499,interpolated_adjacent_idle_blocks,486.42072752134027,0.1006040801491913,12.411064653567845,80.57326489815094,,,,,,,valid
1530,inference,458.0,1,2026-09-11T16:49:59.147309+09:00,2026-09-11T16:50:59.148251+09:00,60.000661,62859,293.0,22.47986986591839,17.553575592564858,interpolated_adjacent_idle_blocks,295.58091268172643,0.0047022846797073,0.9545277669068898,1047.638460262357,,,,,,,valid
1531,inference,458.0,2,2026-09-11T16:51:59.371898+09:00,2026-09-11T16:52:59.372615+09:00,60.00065,62851,292.0,21.20096777835857,17.61934591096153,interpolated_adjacent_idle_blocks,214.8996400980361,0.0034191920589654,0.9546490986619022,1047.5053099632785,,,,,,,valid
1532,inference,458.0,3,2026-09-11T16:53:59.573151+09:00,2026-09-11T16:54:59.573459+09:00,60.000181,62798,292.0,23.9270785084816,17.685103412795,interpolated_adjacent_idle_blocks,374.51963553868814,0.0059638783964248,0.9554473152011238,1046.630184720858,,,,,,,valid
1533,inference,459.0,1,2026-09-11T16:55:06.000462+09:00,2026-09-11T16:56:06.000906+09:00,60.000296,105995,293.0,22.743552615833877,17.721443349424177,interpolated_adjacent_idle_blocks,301.3280425289247,0.0028428514791162,0.5660672258125368,1766.574630008994,,,,,,,valid
1534,inference,459.0,2,2026-09-11T16:57:06.144396+09:00,2026-09-11T16:58:06.144734+09:00,60.00025,106167,293.0,24.682406197733577,17.787169577038277,interpolated_adjacent_idle_blocks,413.715921050873,0.0038968410245261,0.5651497188391936,1769.4426214242492,,,,,,,valid
1535,inference,459.0,3,2026-09-11T16:59:06.276379+09:00,2026-09-11T17:00:06.276970+09:00,60.000473,106092,292.0,24.32644647078382,17.85288936480674,interpolated_adjacent_idle_blocks,388.416488351136,0.0036611289102961,0.565551338460956,1768.1860725877093,,,,,,,valid
1536,inference,460.0,1,2026-09-11T17:00:12.499060+09:00,2026-09-11T17:01:12.499241+09:00,60.00003,22474,293.0,23.14333183679393,17.889117206723384,interpolated_adjacent_idle_blocks,315.25303543067184,0.0140274555233012,2.669753061315285,374.5664775105973,,,,,,,valid
1537,inference,460.0,2,2026-09-11T17:02:13.053636+09:00,2026-09-11T17:03:13.056168+09:00,60.002437,22427,292.0,23.722716737013048,17.95506875328544,interpolated_adjacent_idle_blocks,346.07293478179304,0.0154310846204036,2.675455348463903,373.76815149396685,,,,,,,valid
1538,inference,460.0,3,2026-09-11T17:04:13.594108+09:00,2026-09-11T17:05:13.596178+09:00,60.00195,22504,291.0,23.31923716150771,18.021011814600243,interpolated_adjacent_idle_blocks,317.90385235387475,0.0141265487181778,2.666279323675792,375.05447802122177,,,,,,,valid
1539,idle,,1,2026-09-11T17:05:19.991777+09:00,2026-09-11T17:06:19.991945+09:00,60.000098,0,290.0,17.48420761524351,,,,,,,,,,,,,valid
1540,idle,,2,2026-09-11T17:07:19.995170+09:00,2026-09-11T17:08:20.016955+09:00,60.021659,0,293.0,19.074371319761276,,,,,,,,,,,,,valid
1541,idle,,3,2026-09-11T17:09:20.052889+09:00,2026-09-11T17:10:20.053636+09:00,60.000624,0,291.0,17.563823037117288,,,,,,,,,,,,,valid
1542,inference,461.0,1,2026-09-11T17:10:25.759444+09:00,2026-09-11T17:11:25.759620+09:00,60.000066,577038,291.0,24.654622002237403,18.03077565987032,interpolated_adjacent_idle_blocks,397.4312177158838,0.0006887435796531,0.1039794023963758,9617.289356866457,,,,,,,valid
1543,inference,461.0,2,2026-09-11T17:12:25.814398+09:00,2026-09-11T17:13:25.814541+09:00,60.000075,578313,292.0,23.57402827790833,17.99665679514315,interpolated_adjacent_idle_blocks,334.642707268772,0.000578653267813,0.1037501745594504,9638.538000020277,,,,,,,valid
1544,inference,461.0,3,2026-09-11T17:14:25.839155+09:00,2026-09-11T17:15:25.839323+09:00,60.000098,575823,291.0,23.60106082044979,17.962546503989532,interpolated_adjacent_idle_blocks,338.3114115620185,0.0005875267427004,0.1041988553774341,9597.034404819047,,,,,,,valid
1545,inference,462.0,1,2026-09-11T17:15:33.602234+09:00,2026-09-11T17:16:33.602626+09:00,60.000265,86719,292.0,23.342816943853503,17.943288627680964,interpolated_adjacent_idle_blocks,323.9731298453562,0.0037358955920312,0.6918929531013926,1445.3102832129237,,,,,,,valid
1546,inference,462.0,2,2026-09-11T17:17:33.747693+09:00,2026-09-11T17:18:33.748262+09:00,60.000493,86362,292.0,23.382721501302857,17.90914401214898,interpolated_adjacent_idle_blocks,328.4173478229345,0.0038027992383563,0.6947557166346329,1439.3548351699176,,,,,,,valid
1547,inference,462.0,3,2026-09-11T17:19:33.892037+09:00,2026-09-11T17:20:33.892404+09:00,60.000294,86341,292.0,24.354318491060948,17.874999767383706,interpolated_adjacent_idle_blocks,388.7610283403392,0.004502623647402,0.694922393764258,1439.009605926205,,,,,,,valid
1548,inference,463.0,1,2026-09-11T17:20:41.166989+09:00,2026-09-11T17:21:41.167531+09:00,60.000392,39600,292.0,24.98674076814481,17.855880620566605,interpolated_adjacent_idle_blocks,427.85440415186986,0.0108044041452492,1.5151614015151682,659.9956935280925,,,,,,,valid
1549,inference,463.0,2,2026-09-11T17:22:41.467891+09:00,2026-09-11T17:23:41.468667+09:00,60.000704,40781,291.0,23.872973105786087,17.821691821121195,interpolated_adjacent_idle_blocks,363.08113718191794,0.0089031935749961,1.4712906549618632,679.6753562102389,,,,,,,valid
1550,inference,463.0,3,2026-09-11T17:24:41.786356+09:00,2026-09-11T17:25:41.787894+09:00,60.001455,40765,290.0,23.06682905994897,17.787497955208362,interpolated_adjacent_idle_blocks,316.76754771119386,0.0077705764187708,1.4718865570955426,679.4001855505012,,,,,,,valid
1551,inference,464.0,1,2026-09-11T17:25:47.628999+09:00,2026-09-11T17:26:47.629675+09:00,60.00045,93252,291.0,23.66622206890975,17.768786009160873,interpolated_adjacent_idle_blocks,353.84881743115966,0.0037945440036799,0.6434226601037917,1554.188346177749,,,,,,,valid
1552,inference,464.0,2,2026-09-11T17:27:47.766112+09:00,2026-09-11T17:28:47.766344+09:00,60.000153,93288,291.0,24.6147158643356,17.734643853684965,interpolated_adjacent_idle_blocks,412.8053732900557,0.0044250640306369,0.6431711774290494,1554.7960404527205,,,,,,,valid
1553,inference,464.0,3,2026-09-11T17:29:47.922596+09:00,2026-09-11T17:30:47.923060+09:00,60.000339,93427,291.0,23.62202714165501,17.700496097206077,interpolated_adjacent_idle_blocks,355.29387006596016,0.0038029035510715,0.6422162661757213,1557.1078664120648,,,,,,,valid
1554,inference,465.0,1,2026-09-11T17:30:53.860488+09:00,2026-09-11T17:31:53.860927+09:00,60.000299,77288,291.0,23.21497457213629,17.681756962955216,interpolated_adjacent_idle_blocks,331.99471098292975,0.0042955531386881,0.7763210174930087,1288.1269184612868,,,,,,,valid
1555,inference,465.0,2,2026-09-11T17:32:54.047829+09:00,2026-09-11T17:33:54.048045+09:00,60.000136,77210,291.0,23.392477306778407,17.647600501725076,interpolated_adjacent_idle_blocks,344.6933896064454,0.0044643619946437,0.7771031705737711,1286.830420807129,,,,,,,valid
1556,inference,465.0,3,2026-09-11T17:34:54.215697+09:00,2026-09-11T17:35:54.216443+09:00,60.000655,77239,291.0,23.4124562280474,17.613449467497748,interpolated_adjacent_idle_blocks,347.9442039824073,0.0045047735468145,0.7768181203796025,1287.302617904094,,,,,,,valid
1557,inference,466.0,1,2026-09-11T17:36:03.484785+09:00,2026-09-11T17:37:03.486700+09:00,60.001788,5616,291.0,23.181785562462927,17.593763458497833,interpolated_adjacent_idle_blocks,335.2913176214274,0.0597028699468353,10.68407909544179,93.59721049113494,,,,,,,valid
1558,inference,466.0,2,2026-09-11T17:38:05.637987+09:00,2026-09-11T17:39:05.647375+09:00,60.009277,5605,292.0,22.99076897231516,17.559047218206082,interpolated_adjacent_idle_blocks,325.95369532925747,0.0581540937251128,10.70638303300629,93.40222528160434,,,,,,,valid
1559,inference,466.0,3,2026-09-11T17:40:07.774591+09:00,2026-09-11T17:41:07.785188+09:00,60.010529,5617,291.0,23.001990501463197,17.52433658508321,interpolated_adjacent_idle_blocks,328.71690920088486,0.058521792629675,10.68373304254956,93.60024216417156,,,,,,,valid
1560,inference,467.0,1,2026-09-11T17:41:13.603363+09:00,2026-09-11T17:42:13.603596+09:00,60.000108,467256,292.0,24.93313186666172,17.505629931269716,interpolated_adjacent_idle_blocks,445.6509182937293,0.0009537617885992,0.1284094973633317,7787.585969365823,,,,,,,valid
1561,inference,467.0,2,2026-09-11T17:43:13.677276+09:00,2026-09-11T17:44:13.677532+09:00,60.000107,465503,291.0,23.601860407249557,17.47150567057247,interpolated_adjacent_idle_blocks,367.8219401485819,0.0007901601926272,0.1288930623433176,7758.369471713034,,,,,,,valid
1562,inference,467.0,3,2026-09-11T17:45:13.726301+09:00,2026-09-11T17:46:13.726454+09:00,60.00007,465417,291.0,23.63729339486316,17.437388500788494,interpolated_adjacent_idle_blocks,371.9947276378223,0.0007992718951774,0.1289167995582473,7756.940937307233,,,,,,,valid
1563,inference,468.0,1,2026-09-11T17:46:20.277907+09:00,2026-09-11T17:47:20.281132+09:00,60.003004,16074,291.0,23.308368376874206,17.418474512768896,interpolated_adjacent_idle_blocks,353.4113250874864,0.0219865201622176,3.732922993654453,267.8865869185855,,,,,,,valid
1564,inference,468.0,2,2026-09-11T17:48:21.051611+09:00,2026-09-11T17:49:21.052959+09:00,60.001242,16117,292.0,23.265159166230887,17.38415164585747,interpolated_adjacent_idle_blocks,352.8677554337453,0.0218941338607523,3.7228542470682826,268.6111068644419,,,,,,,valid
1565,inference,468.0,3,2026-09-11T17:50:21.838341+09:00,2026-09-11T17:51:21.841046+09:00,60.002617,16132,291.0,23.370232458925923,17.349824617442096,interpolated_adjacent_idle_blocks,361.2402258963507,0.0223927737352064,3.7194778514753057,268.8549414545799,,,,,,,valid
1566,inference,469.0,1,2026-09-11T17:51:29.940472+09:00,2026-09-11T17:52:29.944512+09:00,60.003578,7205,292.0,23.24382326096472,17.330470226738196,interpolated_adjacent_idle_blocks,354.8223400307477,0.0492466814754681,8.328046911866736,120.07617279089624,,,,,,,valid
1567,inference,469.0,2,2026-09-11T17:53:31.609498+09:00,2026-09-11T17:54:31.613764+09:00,60.004174,7205,291.0,25.068534522261757,17.295892616063988,interpolated_adjacent_idle_blocks,466.3909573791825,0.064731569379484,8.328129701596096,120.07497911666157,,,,,,,valid
1568,inference,469.0,3,2026-09-11T17:55:33.279342+09:00,2026-09-11T17:56:33.287435+09:00,60.008008,7223,291.0,23.077629539426752,17.261314261146083,interpolated_adjacent_idle_blocks,349.0254937495886,0.0483214029834678,8.307906410079012,120.36726831525412,,,,,,,valid
1569,inference,470.0,1,2026-09-11T17:56:40.818169+09:00,2026-09-11T17:57:40.825442+09:00,60.007154,7171,291.0,25.655922534347138,17.24212026417384,interpolated_adjacent_idle_blocks,504.88832855183887,0.0704069625647523,8.368031571607895,119.50241719843947,,,,,,,valid
1570,inference,470.0,2,2026-09-11T17:58:42.527017+09:00,2026-09-11T17:59:42.529144+09:00,60.002034,7153,292.0,23.715114610740557,17.20753209965784,interpolated_adjacent_idle_blocks,390.4681870877903,0.0545880311880036,8.388373325877312,119.2126245639423,,,,,,,valid
1571,inference,470.0,3,2026-09-11T18:00:44.224969+09:00,2026-09-11T18:01:44.225096+09:00,60.000059,7163,292.0,25.41494141218279,17.17294658471445,interpolated_adjacent_idle_blocks,494.52017592579546,0.0690381370830372,8.376386890967533,119.38321534292132,,,,,,,valid
1572,idle,,1,2026-09-11T18:01:50.289088+09:00,2026-09-11T18:02:50.311421+09:00,60.022264,0,292.0,17.654090656124396,,,,,,,,,,,,,valid
1573,idle,,2,2026-09-11T18:03:50.344788+09:00,2026-09-11T18:04:50.384868+09:00,60.040046,0,292.0,17.63460201734274,,,,,,,,,,,,,valid
1574,idle,,3,2026-09-11T18:05:50.397588+09:00,2026-09-11T18:06:50.416304+09:00,60.018642,0,290.0,16.19920159500137,,,,,,,,,,,,,valid
1575,inference,471.0,1,2026-09-11T18:06:56.082531+09:00,2026-09-11T18:07:56.082722+09:00,60.000061,406275,293.0,23.70061862948392,17.166448388431583,interpolated_adjacent_idle_blocks,392.0506130475249,0.0009649882789921,0.1476833691465119,6771.243138473719,,,,,,,valid
1576,inference,471.0,2,2026-09-11T18:08:56.116992+09:00,2026-09-11T18:09:56.117117+09:00,60.00004,407187,292.0,23.36961474850279,17.179072262415442,interpolated_adjacent_idle_blocks,371.43279678694034,0.0009121921789913,0.1473525436715821,6786.445453081488,,,,,,,valid
1577,inference,471.0,3,2026-09-11T18:10:56.155246+09:00,2026-09-11T18:11:56.155462+09:00,60.000138,405864,292.0,24.64172074511938,17.191696543554002,interpolated_adjacent_idle_blocks,447.00248019726246,0.0011013602590948,0.1478331128161147,6764.384385546089,,,,,,,valid
1578,inference,472.0,1,2026-09-11T18:12:02.240897+09:00,2026-09-11T18:13:02.242217+09:00,60.001185,32492,293.0,24.81355753882504,17.198646748699755,interpolated_adjacent_idle_blocks,456.9036710768032,0.014062035918897,1.84664487566169,541.5226355536713,,,,,,,valid
1579,inference,472.0,2,2026-09-11T18:14:02.626262+09:00,2026-09-11T18:15:02.626337+09:00,60.000023,32228,293.0,23.772334142243416,17.21130746479326,interpolated_adjacent_idle_blocks,393.66175155062297,0.0122148985835491,1.8617358663273815,537.1331229562037,,,,,,,valid
1580,inference,472.0,3,2026-09-11T18:16:03.034004+09:00,2026-09-11T18:17:03.034651+09:00,60.000546,32450,291.0,25.079694635223824,17.22397062983279,interpolated_adjacent_idle_blocks,471.34772954876894,0.014525353761133,1.8490152942989144,540.8284090906707,,,,,,,valid
1581,inference,473.0,1,2026-09-11T18:17:08.785605+09:00,2026-09-11T18:18:08.785830+09:00,60.000092,317138,291.0,24.512996629912443,17.230885623092455,interpolated_adjacent_idle_blocks,436.927330363412,0.0013777198896487,0.1891923783967817,5285.6251846613,,,,,,,valid
1582,inference,473.0,2,2026-09-11T18:19:08.842571+09:00,2026-09-11T18:20:08.842845+09:00,60.000176,313983,292.0,23.745236849849935,17.243511869947245,interpolated_adjacent_idle_blocks,390.10464309775807,0.0012424387406253,0.1910937092135571,5233.034641043301,,,,,,,valid
1583,inference,473.0,3,2026-09-11T18:21:08.913737+09:00,2026-09-11T18:22:08.913929+09:00,60.000127,314805,292.0,23.77811173119894,17.256139603300333,interpolated_adjacent_idle_blocks,391.3191559643767,0.0012430525435249,0.1905945801369147,5246.738911891639,,,,,,,valid
1584,inference,474.0,1,2026-09-11T18:22:17.190865+09:00,2026-09-11T18:23:17.200878+09:00,60.009874,5105,293.0,24.97504059681212,17.263320741739115,interpolated_adjacent_idle_blocks,462.7793368262294,0.0906521717583211,11.755117238002164,85.06933446543444,,,,,,,valid
1585,inference,474.0,2,2026-09-11T18:24:19.571357+09:00,2026-09-11T18:25:19.580883+09:00,60.009452,5091,292.0,22.45369265632208,17.27619132278796,interpolated_adjacent_idle_blocks,310.6990177546518,0.0610290743969066,11.787360361422282,84.83663596752365,,,,,,,valid
1586,inference,474.0,3,2026-09-11T18:26:21.946783+09:00,2026-09-11T18:27:21.947715+09:00,60.000779,5105,292.0,23.06326450676773,17.28906094474902,interpolated_adjacent_idle_blocks,346.4567118256973,0.0678661531490102,11.7533357100882,85.08222896600098,,,,,,,valid
1587,inference,475.0,1,2026-09-11T18:27:27.941432+09:00,2026-09-11T18:28:27.942728+09:00,60.001182,47988,291.0,24.681664193489244,17.29600154041192,interpolated_adjacent_idle_blocks,443.1484890378954,0.0092345688304971,1.2503372113861573,799.7842429174552,,,,,,,valid
1588,inference,475.0,2,2026-09-11T18:29:28.240063+09:00,2026-09-11T18:30:28.241132+09:00,60.000962,48065,292.0,23.495519997595984,17.308653188349265,interpolated_adjacent_idle_blocks,371.2179603206737,0.0077232489404072,1.2483296015811651,801.0704854978806,,,,,,,valid
1589,inference,475.0,3,2026-09-11T18:31:28.525724+09:00,2026-09-11T18:32:28.526366+09:00,60.000525,48031,292.0,24.60720080928024,17.3213034617195,interpolated_adjacent_idle_blocks,437.1576659497521,0.0091015732745466,1.2492041681413852,800.509656870453,,,,,,,valid
1590,inference,476.0,1,2026-09-11T18:32:34.739536+09:00,2026-09-11T18:33:34.740908+09:00,60.001195,41543,292.0,25.78117455456888,17.328267125737806,interpolated_adjacent_idle_blocks,507.1845469542418,0.0122086644429685,1.4443154105384706,692.369542486,,,,,,,valid
1591,inference,476.0,2,2026-09-11T18:34:35.061313+09:00,2026-09-11T18:35:35.062021+09:00,60.000618,41549,292.0,25.316250869924566,17.34092118493467,interpolated_adjacent_idle_blocks,478.52470985313926,0.011517117375945,1.4440929480853757,692.4762019825883,,,,,,,valid
1592,inference,476.0,3,2026-09-11T18:36:35.365389+09:00,2026-09-11T18:37:35.365883+09:00,60.000414,41500,292.0,23.99707957296613,17.35357340621845,interpolated_adjacent_idle_blocks,398.6131204164137,0.0096051354317208,1.4457931060240805,691.6618953523663,,,,,,,valid
1593,inference,477.0,1,2026-09-11T18:37:42.546722+09:00,2026-09-11T18:38:42.547961+09:00,60.001097,9791,292.0,24.575853548591837,17.360638823984097,interpolated_adjacent_idle_blocks,432.9207985670171,0.0442161984033313,6.128188816259814,163.1803506684908,,,,,,,valid
1594,inference,477.0,2,2026-09-11T18:39:43.784893+09:00,2026-09-11T18:40:43.786370+09:00,60.001418,9781,292.0,23.513544483224138,17.373389306681986,interpolated_adjacent_idle_blocks,368.41801733256943,0.0376667025184101,6.134487036090314,163.01281494553925,,,,,,,valid
1595,inference,477.0,3,2026-09-11T18:41:45.023684+09:00,2026-09-11T18:42:45.026900+09:00,60.003146,9803,291.0,25.279511599002717,17.386139933456175,interpolated_adjacent_idle_blocks,473.6271324800523,0.0483145090768185,6.120896276650069,163.37476650515865,,,,,,,valid
1596,inference,478.0,1,2026-09-11T18:42:53.384351+09:00,2026-09-11T18:43:53.396246+09:00,60.011774,4547,291.0,24.42858414873199,17.39332979756275,interpolated_adjacent_idle_blocks,422.198094154885,0.0928520110303243,13.19810301297557,75.7684645298541,,,,,,,valid
1597,inference,478.0,2,2026-09-11T18:44:56.076330+09:00,2026-09-11T18:45:56.082956+09:00,60.006552,4536,291.0,23.410131608776027,17.40623288587014,interpolated_adjacent_idle_blocks,360.2732609187858,0.0794253220720427,13.228957605820169,75.59174575932147,,,,,,,valid
1598,inference,478.0,3,2026-09-11T18:46:58.744469+09:00,2026-09-11T18:47:58.747487+09:00,60.002949,4531,292.0,25.323562600129957,17.419133554267418,interpolated_adjacent_idle_blocks,474.2890529130084,0.1046764627925421,13.24276073714429,75.5129553307661,,,,,,,valid
1599,inference,479.0,1,2026-09-11T18:48:07.103783+09:00,2026-09-11T18:49:07.107556+09:00,60.003638,10674,292.0,24.183050650116293,17.426322859420143,interpolated_adjacent_idle_blocks,405.4282484174714,0.0379827851243649,5.6214762881768205,177.889214280458,,,,,,,valid
1600,inference,479.0,2,2026-09-11T18:50:08.237180+09:00,2026-09-11T18:51:08.239866+09:00,60.00264,10685,292.0,23.891833312235605,17.43906225345854,interpolated_adjacent_idle_blocks,387.1832988422189,0.0362361533778398,5.615595722976066,178.07549712108474,,,,,,,valid
1601,inference,479.0,3,2026-09-11T18:52:09.365978+09:00,2026-09-11T18:53:09.369998+09:00,60.003908,10677,292.0,23.26842274255084,17.451801291142548,interpolated_adjacent_idle_blocks,349.02001844112965,0.0326889592995344,5.619922103587078,177.9384093885787,,,,,,,valid
1602,inference,480.0,1,2026-09-11T18:53:15.686690+09:00,2026-09-11T18:54:15.689491+09:00,60.002707,19992,292.0,23.329608866657296,17.45877609519736,interpolated_adjacent_idle_blocks,352.2658586319085,0.0176203410680226,3.001335899359749,333.1849661390189,,,,,,,valid
1603,inference,480.0,2,2026-09-11T18:55:16.297182+09:00,2026-09-11T18:56:16.297594+09:00,60.000289,19978,292.0,22.96298639084725,17.471460427492264,interpolated_adjacent_idle_blocks,329.49314485230275,0.0164927993218691,3.003318119931967,332.96506066518606,,,,,,,valid
1604,inference,480.0,3,2026-09-11T18:57:16.908092+09:00,2026-09-11T18:58:16.909566+09:00,60.001384,20009,292.0,23.16291124639849,17.484144985204136,interpolated_adjacent_idle_blocks,340.7338350841669,0.0170290286912972,2.998719761107531,333.4756428292137,,,,,,,valid
1605,idle,,1,2026-09-11T18:58:24.002187+09:00,2026-09-11T18:59:24.019599+09:00,60.017043,0,291.0,17.55266752599053,,,,,,,,,,,,,valid
1606,idle,,2,2026-09-11T19:00:24.050522+09:00,2026-09-11T19:01:24.061549+09:00,60.010947,0,290.0,17.341656643528296,,,,,,,,,,,,,valid
1607,idle,,3,2026-09-11T19:02:24.064487+09:00,2026-09-11T19:03:24.103658+09:00,60.039072,0,291.0,17.569769110333404,,,,,,,,,,,,,valid
1608,inference,481.0,1,2026-09-11T19:03:31.583889+09:00,2026-09-11T19:04:31.584919+09:00,60.000917,59465,292.0,25.23550599814258,17.480386531809746,interpolated_adjacent_idle_blocks,465.3142794245209,0.007825011005205,1.0090123030353988,991.0681931149036,,,,,,,valid
1609,inference,481.0,2,2026-09-11T19:05:31.793339+09:00,2026-09-11T19:06:31.794177+09:00,60.000764,59319,292.0,22.518693729589742,17.455820704660322,interpolated_adjacent_idle_blocks,303.7762495307561,0.0051210615406658,1.0114931758795644,988.6374162934216,,,,,,,valid
1610,inference,481.0,3,2026-09-11T19:07:32.047295+09:00,2026-09-11T19:08:32.047765+09:00,60.00041,59297,291.0,23.424629958125248,17.431245800237765,interpolated_adjacent_idle_blocks,359.60550676075377,0.0060644806104989,1.0118624955731312,988.276573521571,,,,,,,valid
1611,inference,482.0,1,2026-09-11T19:08:38.081507+09:00,2026-09-11T19:09:38.082093+09:00,60.000451,37819,292.0,23.98005350267397,17.41775112278436,interpolated_adjacent_idle_blocks,393.7411023917503,0.0104111981382836,1.586516050133571,630.3119340745455,,,,,,,valid
1612,inference,482.0,2,2026-09-11T19:10:38.409316+09:00,2026-09-11T19:11:38.410589+09:00,60.001203,37803,291.0,22.97477484070625,17.39316101808049,interpolated_adjacent_idle_blocks,334.9035440389739,0.008859179007988,1.5872074306272377,630.0373730009675,,,,,,,valid
1613,inference,482.0,3,2026-09-11T19:12:38.730446+09:00,2026-09-11T19:13:38.731922+09:00,60.001368,37698,291.0,22.853921208562387,17.36857232780272,interpolated_adjacent_idle_blocks,329.1284368028489,0.0087306604276844,1.5916326728208243,628.2856698510193,,,,,,,valid
1614,inference,483.0,1,2026-09-11T19:13:44.447135+09:00,2026-09-11T19:14:44.447509+09:00,60.000215,233122,291.0,23.64915778958708,17.35514266337528,interpolated_adjacent_idle_blocks,377.64226078596016,0.0016199340293321,0.2573768872092705,3885.352763579389,,,,,,,valid
1615,inference,483.0,2,2026-09-11T19:15:44.529564+09:00,2026-09-11T19:16:44.529656+09:00,60.000013,233978,291.0,23.23333139082163,17.330602803247224,interpolated_adjacent_idle_blocks,354.16379198993604,0.0015136627887661,0.2564344211848932,3899.6324884130295,,,,,,,valid
1616,inference,483.0,3,2026-09-11T19:17:44.607028+09:00,2026-09-11T19:18:44.607154+09:00,60.00008,234619,292.0,23.23874875563101,17.306063925470493,interpolated_adjacent_idle_blocks,355.9615644244175,0.0015171898457687,0.2557341046547766,3910.311459435303,,,,,,,valid
1617,inference,484.0,1,2026-09-11T19:18:51.061897+09:00,2026-09-11T19:19:51.062334+09:00,60.000151,126927,291.0,21.976319231833443,17.29248326309127,interpolated_adjacent_idle_blocks,281.0308653837617,0.0022141141394956,0.4727138473295675,2115.4446937595594,,,,,,,valid
1618,inference,484.0,2,2026-09-11T19:20:51.180972+09:00,2026-09-11T19:21:51.181389+09:00,60.000314,126829,292.0,22.89508941347283,17.267935887308088,interpolated_adjacent_idle_blocks,337.630978496092,0.00266209603873,0.4730803980162208,2113.805611463344,,,,,,,valid
1619,inference,484.0,3,2026-09-11T19:22:51.279801+09:00,2026-09-11T19:23:51.280309+09:00,60.000424,127231,291.0,22.712973715814822,17.243392637575866,interpolated_adjacent_idle_blocks,328.17718379671487,0.0025793806839269,0.4715865174367846,2120.5016747198424,,,,,,,valid
1620,inference,485.0,1,2026-09-11T19:23:57.467705+09:00,2026-09-11T19:24:57.468026+09:00,60.000192,252611,292.0,23.583013177522965,17.22986658276293,interpolated_adjacent_idle_blocks,381.190015489748,0.0015090000652772,0.2375201091797268,4210.169839738998,,,,,,,valid
1621,inference,485.0,2,2026-09-11T19:25:57.546063+09:00,2026-09-11T19:26:57.546273+09:00,60.000126,253535,293.0,23.580639190801108,17.205327537135773,interpolated_adjacent_idle_blocks,382.5195025091885,0.0015087443647196,0.2366542153943209,4225.5744244139805,,,,,,,valid
1622,inference,485.0,3,2026-09-11T19:27:57.599624+09:00,2026-09-11T19:28:57.599741+09:00,60.000044,253287,291.0,22.713700562541625,17.180793557132183,interpolated_adjacent_idle_blocks,331.97466377247474,0.0013106660182815,0.2368856048672061,4221.446890200788,,,,,,,valid
1623,inference,486.0,1,2026-09-11T19:29:04.558011+09:00,2026-09-11T19:30:04.560185+09:00,60.002035,19328,292.0,25.600437958737988,17.167109818073726,interpolated_adjacent_idle_blocks,506.016850262622,0.0261805075673955,3.1044099337747944,322.12240694129406,,,,,,,valid
1624,inference,486.0,2,2026-09-11T19:31:05.177715+09:00,2026-09-11T19:32:05.178549+09:00,60.000729,19339,291.0,23.63315327669273,17.142460269226408,interpolated_adjacent_idle_blocks,389.4463121631818,0.0201378722872527,3.102576591343956,322.3127521782874,,,,,,,valid
1625,inference,486.0,3,2026-09-11T19:33:05.828439+09:00,2026-09-11T19:34:05.830451+09:00,60.001891,19375,291.0,23.40731122508894,17.117804123930394,interpolated_adjacent_idle_blocks,377.382319527441,0.0194777971369001,3.096871788387052,322.90649026863053,,,,,,,valid
1626,inference,487.0,1,2026-09-11T19:34:11.612690+09:00,2026-09-11T19:35:11.612924+09:00,60.000129,110935,291.0,24.747183461460807,17.104360721639804,interpolated_adjacent_idle_blocks,458.5703503133937,0.0041336850436146,0.5408584188939428,1848.9127007489371,,,,,,,valid
1627,inference,487.0,2,2026-09-11T19:36:11.737568+09:00,2026-09-11T19:37:11.738163+09:00,60.000519,111005,292.0,23.328472069126423,17.079812121011372,interpolated_adjacent_idle_blocks,374.9228399414162,0.0033775311016748,0.5405208684293598,1850.0673302508933,,,,,,,valid
1628,inference,487.0,3,2026-09-11T19:38:11.872858+09:00,2026-09-11T19:39:11.873120+09:00,60.000175,110997,292.0,23.26942716433889,17.055261463447827,interpolated_adjacent_idle_blocks,372.8510295324612,0.0033591090708078,0.5405567267583902,1849.9446043282053,,,,,,,valid
1629,inference,488.0,1,2026-09-11T19:39:17.904001+09:00,2026-09-11T19:40:17.904198+09:00,60.000038,46878,291.0,23.13398621279242,17.04176743167043,interpolated_adjacent_idle_blocks,365.5333583716331,0.0077975459356549,1.2799188958573346,781.2995051769783,,,,,,,valid
1630,inference,488.0,2,2026-09-11T19:41:18.200912+09:00,2026-09-11T19:42:18.201269+09:00,60.000263,46854,291.0,22.88714443481452,17.017183695148425,interpolated_adjacent_idle_blocks,352.19918817964003,0.0075169502748888,1.2805793059290604,780.8965796729784,,,,,,,valid
1631,inference,488.0,3,2026-09-11T19:43:18.465092+09:00,2026-09-11T19:44:18.465551+09:00,60.000379,46876,291.0,24.611179124302826,16.992606653349224,interpolated_adjacent_idle_blocks,457.1172356961823,0.0097516263268235,1.2799807748102034,781.2617343008772,,,,,,,valid
1632,inference,489.0,1,2026-09-11T19:44:27.233898+09:00,2026-09-11T19:45:27.234991+09:00,60.000981,11187,291.0,21.706663439860957,16.978553084840676,interpolated_adjacent_idle_blocks,283.69125957747497,0.0253590113146933,5.363455895235703,186.446951281596,,,,,,,valid
1633,inference,489.0,2,2026-09-11T19:46:28.310302+09:00,2026-09-11T19:47:28.312858+09:00,60.002478,11321,292.0,22.80957569738633,16.95380991896466,interpolated_adjacent_idle_blocks,351.360457292899,0.0310361679439006,5.300104036745927,188.67554166237915,,,,,,,valid
1634,inference,489.0,3,2026-09-11T19:48:29.391011+09:00,2026-09-11T19:49:29.393811+09:00,60.002725,11297,291.0,22.79747172547713,16.929065997932252,interpolated_adjacent_idle_blocks,352.1203350583006,0.0311693666511729,5.311385748428838,188.27478314784616,,,,,,,valid
1635,inference,490.0,1,2026-09-11T19:49:37.226607+09:00,2026-09-11T19:50:37.228214+09:00,60.001487,25090,291.0,23.176661213739404,16.91520332568995,interpolated_adjacent_idle_blocks,375.69678407084666,0.0149739650885152,2.3914502710243126,418.1563012688853,,,,,,,valid
1636,inference,490.0,2,2026-09-11T19:51:37.737842+09:00,2026-09-11T19:52:37.740104+09:00,60.00218,25107,292.0,24.23486359240625,16.89057573957159,interpolated_adjacent_idle_blocks,440.6732817175988,0.0175518095239414,2.389858597204032,418.4347982637679,,,,,,,valid
1637,inference,490.0,3,2026-09-11T19:53:38.228423+09:00,2026-09-11T19:54:38.229319+09:00,60.000826,25062,293.0,23.88098041106677,16.865952580806677,interpolated_adjacent_idle_blocks,420.9074642285932,0.0167946478424943,2.394095670736608,417.69425183093176,,,,,,,valid
1638,idle,,1,2026-09-11T19:54:44.987772+09:00,2026-09-11T19:55:44.988397+09:00,60.000463,0,291.0,15.759012793493854,,,,,,,,,,,,,valid
1639,idle,,2,2026-09-11T19:56:45.014088+09:00,2026-09-11T19:57:45.014256+09:00,60.000128,0,291.0,17.439650441237216,,,,,,,,,,,,,valid
1640,idle,,3,2026-09-11T19:58:45.059311+09:00,2026-09-11T19:59:45.069160+09:00,60.009694,0,292.0,17.376582033846624,,,,,,,,,,,,,valid
1641,inference,491.0,1,2026-09-11T19:59:56.138531+09:00,2026-09-11T20:00:56.150364+09:00,60.011778,2247,291.0,23.8905896643971,16.86956976722105,interpolated_adjacent_idle_blocks,421.343887402912,0.1875139685816252,26.70751134846464,37.44265000780344,,,,,,,valid
1642,inference,491.0,2,2026-09-11T20:02:01.521627+09:00,2026-09-11T20:03:01.545043+09:00,60.023286,2247,292.0,22.84677183616781,16.903543393206757,interpolated_adjacent_idle_blocks,356.732100595186,0.1587592793035986,26.712633021806436,37.435471044118565,,,,,,,valid
1643,inference,491.0,3,2026-09-11T20:04:06.871551+09:00,2026-09-11T20:05:06.894745+09:00,60.023101,2223,292.0,23.775261783472605,16.93750643213178,interpolated_adjacent_idle_blocks,410.4232800668209,0.1846258569801263,27.000944984255607,37.03574080770526,,,,,,,valid
1644,inference,492.0,1,2026-09-11T20:05:14.351484+09:00,2026-09-11T20:06:14.353002+09:00,60.001398,18679,292.0,22.92871135254873,16.955786918017044,interpolated_adjacent_idle_blocks,358.3838162202609,0.0191864562460656,3.212238230098143,311.3094136761604,,,,,,,valid
1645,inference,492.0,2,2026-09-11T20:07:15.013563+09:00,2026-09-11T20:08:15.014447+09:00,60.000843,18695,292.0,22.952396036363663,16.98847974789986,interpolated_adjacent_idle_blocks,357.8400048892596,0.0191409470387408,3.209459374164107,311.5789556490169,,,,,,,valid
1646,inference,492.0,3,2026-09-11T20:09:15.675810+09:00,2026-09-11T20:10:15.676507+09:00,60.000642,18647,291.0,22.81831424757721,17.02117268385354,interpolated_adjacent_idle_blocks,347.83221558830405,0.0186535215095352,3.217710183943861,310.78000902316404,,,,,,,valid
1647,inference,493.0,1,2026-09-11T20:10:22.970408+09:00,2026-09-11T20:11:22.971151+09:00,60.000599,28927,291.0,23.71250160006545,17.039405896759007,interpolated_adjacent_idle_blocks,400.38973938271306,0.0138413848440112,2.0742074601583496,482.1118519763003,,,,,,,valid
1648,inference,493.0,2,2026-09-11T20:12:23.406429+09:00,2026-09-11T20:13:23.406857+09:00,60.000294,28847,292.0,23.70188008321205,17.072037520330493,interpolated_adjacent_idle_blocks,397.7925029466069,0.013789735603238,2.0799491940236665,480.78097430134704,,,,,,,valid
1649,inference,493.0,3,2026-09-11T20:14:23.826282+09:00,2026-09-11T20:15:23.827188+09:00,60.000833,28860,292.0,23.77820598741016,17.104664870706152,interpolated_adjacent_idle_blocks,400.4180260619905,0.0138744984775464,2.0790309598059045,480.9933182011674,,,,,,,valid
1650,inference,494.0,1,2026-09-11T20:15:31.744362+09:00,2026-09-11T20:16:31.748194+09:00,60.003673,5569,292.0,23.48477998552021,17.123067403779928,interpolated_adjacent_idle_blocks,381.7261214747293,0.0685448233928406,10.774586568504192,92.81098570623185,,,,,,,valid
1651,inference,494.0,2,2026-09-11T20:17:33.914943+09:00,2026-09-11T20:18:33.922274+09:00,60.00723,5495,291.0,23.20823689849698,17.15616951628933,interpolated_adjacent_idle_blocks,363.16779937963247,0.066090591333873,10.920333011829324,91.5722990239182,,,,,,,valid
1652,inference,494.0,3,2026-09-11T20:19:36.163802+09:00,2026-09-11T20:20:36.167765+09:00,60.003893,5562,291.0,24.527666844576306,17.189291907519234,interpolated_adjacent_idle_blocks,440.3310645170541,0.0791677570149324,10.78818638978761,92.69398616866938,,,,,,,valid
1653,inference,495.0,1,2026-09-11T20:20:42.121979+09:00,2026-09-11T20:21:42.122128+09:00,60.00004,435685,292.0,24.19768241428953,17.20716249954618,interpolated_adjacent_idle_blocks,419.4314745053978,0.0009626943193027,0.1377142655817791,7261.411849930446,,,,,,,valid
1654,inference,495.0,2,2026-09-11T20:22:42.192098+09:00,2026-09-11T20:23:42.192236+09:00,60.000069,437187,292.0,23.510463325959154,17.23969502450881,interpolated_adjacent_idle_blocks,376.2465307700336,0.0008606077737216,0.1372412004474041,7286.441657024394,,,,,,,valid
1655,inference,495.0,3,2026-09-11T20:24:42.257114+09:00,2026-09-11T20:25:42.257285+09:00,60.000066,436782,292.0,23.458844124331307,17.272226172940375,interpolated_adjacent_idle_blocks,371.1974854002408,0.0008498461140803,0.1373684497071729,7279.691968073389,,,,,,,valid
1656,inference,496.0,1,2026-09-11T20:25:48.236099+09:00,2026-09-11T20:26:48.236803+09:00,60.000587,46574,291.0,22.851774435772107,17.290102991688695,interpolated_adjacent_idle_blocks,333.7035513461424,0.0071650180647172,1.2882850216859023,776.225744432982,,,,,,,valid
1657,inference,496.0,2,2026-09-11T20:27:48.522108+09:00,2026-09-11T20:28:48.522829+09:00,60.000642,46651,291.0,22.832922804954094,17.322694015054932,interpolated_adjacent_idle_blocks,330.61726496083315,0.0070870348965902,1.2861598293712235,777.5083447357231,,,,,,,valid
1658,inference,496.0,3,2026-09-11T20:29:48.807629+09:00,2026-09-11T20:30:48.808528+09:00,60.000813,46607,291.0,22.733695603982827,17.3552849280222,interpolated_adjacent_idle_blocks,322.7090132055173,0.0069240460275391,1.287377720084926,776.7728028833928,,,,,,,valid
1659,inference,497.0,1,2026-09-11T20:30:55.457570+09:00,2026-09-11T20:31:55.458750+09:00,60.001047,32838,291.0,23.09559981784569,17.373343505459307,interpolated_adjacent_idle_blocks,343.34136994554206,0.0104556114850338,1.827183357695313,547.2904488695284,,,,,,,valid
1660,inference,497.0,2,2026-09-11T20:32:55.875738+09:00,2026-09-11T20:33:55.876285+09:00,60.000467,32855,291.0,24.761291232374237,17.405970248737543,interpolated_adjacent_idle_blocks,441.3226939531007,0.0134324362791995,1.8262202587124825,547.579074993406,,,,,,,valid
1661,inference,497.0,3,2026-09-11T20:34:56.256058+09:00,2026-09-11T20:35:56.256468+09:00,60.000326,32804,292.0,23.222042500207134,17.438586804497294,interpolated_adjacent_idle_blocks,347.00922714914736,0.01057825957655,1.829055164004445,546.7303664098617,,,,,,,valid
1662,inference,498.0,1,2026-09-11T20:36:02.802412+09:00,2026-09-11T20:37:02.802919+09:00,60.000361,45131,291.0,23.503019927400317,17.45661729053288,interpolated_adjacent_idle_blocks,362.78634096339806,0.0080385176699696,1.3294711174137184,752.1788077241921,,,,,,,valid
1663,inference,498.0,2,2026-09-11T20:38:03.121512+09:00,2026-09-11T20:39:03.122598+09:00,60.001011,45071,291.0,24.42693660201679,17.48921735595565,interpolated_adjacent_idle_blocks,416.2701687978263,0.00923587603554,1.33125537041562,751.1706786112709,,,,,,,valid
1664,inference,498.0,3,2026-09-11T20:40:03.397138+09:00,2026-09-11T20:41:03.397404+09:00,60.000196,44979,291.0,22.93130156107714,17.52180545274798,interpolated_adjacent_idle_blocks,324.57082676098685,0.0072160525303138,1.3339601992041394,749.6475536501126,,,,,,,valid
1665,inference,499.0,1,2026-09-11T20:41:09.550329+09:00,2026-09-11T20:42:09.551496+09:00,60.001049,28824,292.0,25.070901447233148,17.539729521672797,interpolated_adjacent_idle_blocks,451.8782157329711,0.0156771515311188,2.081635061060179,480.3916011535177,,,,,,,valid
1666,inference,499.0,2,2026-09-11T20:43:09.976207+09:00,2026-09-11T20:44:09.977014+09:00,60.000732,28813,291.0,24.910626347505403,17.57235839101938,interpolated_adjacent_idle_blocks,440.3014490013054,0.0152813469267797,2.0824187762469006,480.21080649410914,,,,,,,valid
1667,inference,499.0,3,2026-09-11T20:45:10.402041+09:00,2026-09-11T20:46:10.404095+09:00,60.001984,28802,291.0,24.808420924469623,17.60498746604783,interpolated_adjacent_idle_blocks,432.22029911728896,0.0150066071494093,2.0832575376710945,480.01746395595205,,,,,,,valid
1668,inference,500.0,1,2026-09-11T20:46:16.272975+09:00,2026-09-11T20:47:16.273842+09:00,60.000667,94149,291.0,23.04523602689097,17.622834775714274,interpolated_adjacent_idle_blocks,325.34769181223646,0.0034556680560838,0.6372947891108881,1569.1325538611957,,,,,,,valid
1669,inference,500.0,2,2026-09-11T20:48:16.448278+09:00,2026-09-11T20:49:16.448703+09:00,60.000373,94172,292.0,23.03651800961793,17.65539574162132,interpolated_adjacent_idle_blocks,322.8693432384025,0.0034285068092256,0.6371360213226687,1569.5235656650527,,,,,,,valid
1670,inference,500.0,3,2026-09-11T20:50:16.596892+09:00,2026-09-11T20:51:16.597289+09:00,60.000325,94157,291.0,22.739708988500222,17.687949532306096,interpolated_adjacent_idle_blocks,303.10720919347114,0.0032191680830259,0.6372370030905903,1569.274846171855,,,,,,,valid
1671,idle,,1,2026-09-11T20:51:22.867904+09:00,2026-09-11T20:52:22.899328+09:00,60.031275,0,291.0,17.65788908276833,,,,,,,,,,,,,valid
1672,idle,,2,2026-09-11T20:53:22.901915+09:00,2026-09-11T20:54:22.922522+09:00,60.020527,0,291.0,17.41275004009065,,,,,,,,,,,,,valid
1673,idle,,3,2026-09-11T20:55:22.932328+09:00,2026-09-11T20:56:22.942689+09:00,60.010266,0,291.0,18.022754477029363,,,,,,,,,,,,,valid
1674,idle,,1,2026-09-17T22:59:58.195440+09:00,2026-09-17T23:00:58.195877+09:00,60.000374,0,290.0,6.025338732406157,,,,,,,,,,,,,valid
1675,idle,,2,2026-09-17T23:01:58.197717+09:00,2026-09-17T23:02:58.198600+09:00,60.000835,0,289.0,5.954740969031724,,,,,,,,,,,,,valid
1676,idle,,3,2026-09-17T23:03:58.200110+09:00,2026-09-17T23:04:58.200511+09:00,60.000365,0,290.0,6.2104625735481225,,,,,,,,,,,,,valid
1677,inference,501.0,1,2026-09-17T23:05:03.834129+09:00,2026-09-17T23:06:03.835496+09:00,60.001323,33487,291.0,25.703596466429023,6.097639604964859,interpolated_adjacent_idle_blocks,1176.3833503687774,0.0351295532704863,1.7917795831218082,558.104361395672,,,,,,,valid
1678,inference,501.0,2,2026-09-17T23:07:04.209441+09:00,2026-09-17T23:08:04.210995+09:00,60.001504,35833,292.0,22.033249419169252,6.212919173301728,interpolated_adjacent_idle_blocks,949.2436085287414,0.0264907657335065,1.6744761588479893,597.2016948201775,,,,,,,valid
1679,inference,501.0,3,2026-09-17T23:09:04.573057+09:00,2026-09-17T23:10:04.574552+09:00,60.001466,33024,291.0,26.681916011038822,6.328187423080209,interpolated_adjacent_idle_blocks,1221.2535538436268,0.0369807883310206,1.8169048691860477,550.3865485527531,,,,,,,valid
1680,inference,502.0,1,2026-09-17T23:10:10.197958+09:00,2026-09-17T23:11:10.198918+09:00,60.000916,56434,292.0,26.908638899728555,6.391033977456381,interpolated_adjacent_idle_blocks,1231.075089462439,0.0218144219701321,1.0632050926746268,940.5523044329796,,,,,,,valid
1681,inference,502.0,2,2026-09-17T23:12:10.416880+09:00,2026-09-17T23:13:10.417815+09:00,60.000902,55124,292.0,28.80136192485852,6.506163674672899,interpolated_adjacent_idle_blocks,1337.7320052799591,0.024267687491473,1.0884714770335968,918.7195265100491,,,,,,,valid
1682,inference,502.0,3,2026-09-17T23:14:10.625851+09:00,2026-09-17T23:15:10.625889+09:00,60.00001,56550,293.0,28.82019679829756,6.621283424883118,interpolated_adjacent_idle_blocks,1331.9350243940005,0.023553227663908,1.0610081326259928,942.4998444875272,,,,,,,valid
1683,inference,503.0,1,2026-09-17T23:15:16.117499+09:00,2026-09-17T23:16:16.118035+09:00,60.000476,82578,292.0,25.981885021637908,6.68400286170179,interpolated_adjacent_idle_blocks,1157.8821153880754,0.0140216778728968,0.7265915425415973,1376.2890722647655,,,,,,,valid
1684,inference,503.0,2,2026-09-17T23:17:16.260282+09:00,2026-09-17T23:18:16.260329+09:00,60.000019,84591,292.0,27.18237489309355,6.799059420965859,interpolated_adjacent_idle_blocks,1222.9993156106552,0.0144577947489763,0.7092955432611017,1409.8495464983994,,,,,,,valid
1685,inference,503.0,3,2026-09-17T23:19:16.406632+09:00,2026-09-17T23:20:16.407364+09:00,60.000698,83825,292.0,28.02517739653767,6.914119958575795,interpolated_adjacent_idle_blocks,1266.6781817958042,0.0151109833796099,0.715785247837759,1397.067071472618,,,,,,,valid
1686,inference,504.0,1,2026-09-17T23:20:21.834498+09:00,2026-09-17T23:21:21.834607+09:00,60.000056,108734,292.0,26.330106052998357,6.976777776470314,interpolated_adjacent_idle_blocks,1161.200780378066,0.0106792795296601,0.5518058390199931,1812.2316388967529,,,,,,,valid
1687,inference,504.0,2,2026-09-17T23:22:21.943687+09:00,2026-09-17T23:23:21.943901+09:00,60.00017,110193,292.0,27.571488425884127,7.091802448689471,interpolated_adjacent_idle_blocks,1228.7846401782954,0.0111512041615918,0.544500744148902,1836.5447811519143,,,,,,,valid
1688,inference,504.0,3,2026-09-17T23:24:22.063819+09:00,2026-09-17T23:25:22.064148+09:00,60.00028,111997,291.0,27.863236284472784,7.206837605165145,interpolated_adjacent_idle_blocks,1239.3897045500885,0.0110662759230165,0.5357311347625374,1866.6079589405413,,,,,,,valid
1689,inference,505.0,1,2026-09-17T23:25:27.470942+09:00,2026-09-17T23:26:27.471302+09:00,60.000291,146833,292.0,26.19451197090686,7.26947587153552,interpolated_adjacent_idle_blocks,1135.5076731477852,0.0077333274750756,0.4086294722575992,2447.2047854874304,,,,,,,valid
1690,inference,505.0,2,2026-09-17T23:27:27.554449+09:00,2026-09-17T23:28:27.554715+09:00,60.00024,147621,292.0,24.64632782420146,7.384475853533787,interpolated_adjacent_idle_blocks,1035.7152610845333,0.0070160428467801,0.4064478617540843,2460.340166840479,,,,,,,valid
1691,inference,505.0,3,2026-09-17T23:29:27.637779+09:00,2026-09-17T23:30:27.637859+09:00,60.000056,144965,292.0,25.20435220469884,7.499475621819259,interpolated_adjacent_idle_blocks,1062.2935864458634,0.0073279314761898,0.4138933956472231,2416.0810742975405,,,,,,,valid
1692,inference,506.0,1,2026-09-17T23:30:33.043561+09:00,2026-09-17T23:31:33.043896+09:00,60.00027,135508,292.0,26.485932408820126,7.562112710942658,interpolated_adjacent_idle_blocks,1135.4342913039666,0.0083790941590457,0.4427802793930974,2258.456499848329,,,,,,,valid
1693,inference,506.0,2,2026-09-17T23:32:33.128357+09:00,2026-09-17T23:33:33.128603+09:00,60.000173,138916,292.0,24.813805077391194,7.677113929780892,interpolated_adjacent_idle_blocks,1028.204433504187,0.0074016271236156,0.431916937573785,2315.259979424096,,,,,,,valid
1694,inference,506.0,3,2026-09-17T23:34:33.234772+09:00,2026-09-17T23:35:33.234963+09:00,60.000155,136055,292.0,27.51068379904863,7.792135868713868,interpolated_adjacent_idle_blocks,1183.115932195015,0.0086958651442064,0.4409992672081124,2267.5774640870072,,,,,,,valid
1695,inference,507.0,1,2026-09-17T23:35:38.656164+09:00,2026-09-17T23:36:38.656427+09:00,60.000197,238877,292.0,25.926910859290796,7.85478781932454,interpolated_adjacent_idle_blocks,1084.330942606214,0.0045392856683825,0.2511761169974518,3981.270241589668,,,,,,,valid
1696,inference,507.0,2,2026-09-17T23:37:38.707504+09:00,2026-09-17T23:38:38.707717+09:00,60.000184,246957,292.0,27.031173503730784,7.969757017319038,interpolated_adjacent_idle_blocks,1143.6884964853382,0.0046311240276053,0.2429580222467879,4115.937357212418,,,,,,,valid
1697,inference,507.0,3,2026-09-17T23:39:38.757337+09:00,2026-09-17T23:40:38.757513+09:00,60.00015,248911,292.0,27.415594448143807,8.084724778003661,interpolated_adjacent_idle_blocks,1159.8550798388592,0.0046597180511864,0.2410506144766608,4148.506329971719,,,,,,,valid
1698,inference,508.0,1,2026-09-17T23:40:44.138930+09:00,2026-09-17T23:41:44.139091+09:00,60.000109,267872,291.0,25.58200648966356,8.147338572889106,interpolated_adjacent_idle_blocks,1046.08197538527,0.0039051561021132,0.2239879845597894,4464.5251930157365,,,,,,,valid
1699,inference,508.0,2,2026-09-17T23:42:44.184311+09:00,2026-09-17T23:43:44.184673+09:00,60.000315,275020,292.0,26.717772870792736,8.262302184211961,interpolated_adjacent_idle_blocks,1107.334054668113,0.0040263764623231,0.2181670962111848,4583.642617821726,,,,,,,valid
1700,inference,508.0,3,2026-09-17T23:44:44.229380+09:00,2026-09-17T23:45:44.229528+09:00,60.000119,260287,290.0,26.90349006506606,8.377265297784934,interpolated_adjacent_idle_blocks,1111.5756906576148,0.0042705770578538,0.2305152343374817,4338.108077212666,,,,,,,valid
1701,inference,509.0,1,2026-09-17T23:45:49.619854+09:00,2026-09-17T23:46:49.620099+09:00,60.000186,336724,291.0,25.71371550107996,8.439887651456814,interpolated_adjacent_idle_blocks,1036.432883909369,0.0030779893441197,0.1781880293652968,5612.049269313912,,,,,,,valid
1702,inference,509.0,2,2026-09-17T23:47:49.658655+09:00,2026-09-17T23:48:49.658855+09:00,60.000163,329699,291.0,28.138835966648244,8.55484484317611,interpolated_adjacent_idle_blocks,1175.0426595988813,0.003563986119457,0.1819846687433074,5494.968377861092,,,,,,,valid
1703,inference,509.0,3,2026-09-17T23:49:49.697966+09:00,2026-09-17T23:50:49.698073+09:00,60.000075,334783,290.0,26.731504611462217,8.669802500679701,interpolated_adjacent_idle_blocks,1083.7034812746092,0.0032370325890938,0.1792207934692026,5579.7097013290495,,,,,,,valid
1704,inference,510.0,1,2026-09-17T23:50:55.143443+09:00,2026-09-17T23:51:55.143510+09:00,60.000023,584663,291.0,26.5415067749961,8.732477463317844,interpolated_adjacent_idle_blocks,1068.5421683083696,0.0018276206435303,0.1026232598950165,9744.379597987812,,,,,,,valid
1705,inference,510.0,2,2026-09-17T23:52:55.165536+09:00,2026-09-17T23:53:55.165595+09:00,60.000032,651526,292.0,21.12228071611717,8.847418672242675,interpolated_adjacent_idle_blocks,736.4921154280553,0.0011304109359074,0.0920915395548301,10858.76080293579,,,,,,,valid
1706,inference,510.0,3,2026-09-17T23:54:55.186000+09:00,2026-09-17T23:55:55.186084+09:00,60.000058,638483,292.0,22.235164986358196,8.962358337001234,interpolated_adjacent_idle_blocks,796.3691687842031,0.0012472832773687,0.0939728362383962,10641.372975730314,,,,,,,valid
1707,idle,,1,2026-09-17T23:56:00.521197+09:00,2026-09-17T23:57:00.521626+09:00,60.00037,0,291.0,5.914115396209239,,,,,,,,,,,,,valid
1708,idle,,2,2026-09-17T23:58:00.523323+09:00,2026-09-17T23:59:00.523723+09:00,60.00035,0,291.0,15.43362277626963,,,,,,,,,,,,,valid
1709,idle,,3,2026-09-18T00:00:00.525395+09:00,2026-09-18T00:01:00.525847+09:00,60.000422,0,291.0,5.640859841201739,,,,,,,,,,,,,valid
1710,inference,511.0,1,2026-09-18T00:01:05.874986+09:00,2026-09-18T00:02:05.875104+09:00,60.000079,651550,292.0,20.451470508536616,8.957106220813005,interpolated_adjacent_idle_blocks,689.6627653181955,0.0010584955342156,0.0920882185557513,10859.152404979886,,,,,,,valid
1711,inference,511.0,2,2026-09-18T00:03:05.896381+09:00,2026-09-18T00:04:05.896443+09:00,60.000024,651862,293.0,20.33618591197792,8.824378819538653,interpolated_adjacent_idle_blocks,690.7087018297261,0.0010595934443635,0.092044058711814,10864.362284707113,,,,,,,valid
1712,inference,511.0,3,2026-09-18T00:05:05.917572+09:00,2026-09-18T00:06:05.917677+09:00,60.00008,651272,292.0,20.367551176380807,8.691651589115146,interpolated_adjacent_idle_blocks,700.5549093079067,0.0010756717766277,0.0921275282831128,10854.518933004976,,,,,,,valid
1713,inference,512.0,1,2026-09-18T00:06:11.243108+09:00,2026-09-18T00:07:11.243170+09:00,60.000004,636333,291.0,20.88498029104772,8.619410404105862,interpolated_adjacent_idle_blocks,735.9342422787912,0.0011565237733683,0.0942902593453429,10605.549363667016,,,,,,,valid
1714,inference,512.0,2,2026-09-18T00:08:11.264849+09:00,2026-09-18T00:09:11.264912+09:00,60.000038,635936,291.0,20.508398794413363,8.486682588887343,interpolated_adjacent_idle_blocks,721.3034291567772,0.0011342390258717,0.0943491760177121,10598.926691339306,,,,,,,valid
1715,inference,512.0,3,2026-09-18T00:10:11.286539+09:00,2026-09-18T00:11:11.286613+09:00,60.000049,637387,292.0,20.94774976721641,8.353954824291295,interpolated_adjacent_idle_blocks,755.6283136714592,0.0011855094529249,0.094134409864023,10623.107973423295,,,,,,,valid
1716,inference,513.0,1,2026-09-18T00:11:16.621296+09:00,2026-09-18T00:12:16.621339+09:00,60.000002,605939,292.0,20.648995978077597,8.281703435690062,interpolated_adjacent_idle_blocks,742.037577277837,0.0012246077200474,0.0990198714722107,10098.98301353222,,,,,,,valid
1717,inference,513.0,2,2026-09-18T00:13:16.644053+09:00,2026-09-18T00:14:16.644145+09:00,60.000059,605285,291.0,20.54230460284986,8.148974470128604,interpolated_adjacent_idle_blocks,743.6005391697531,0.0012285130792432,0.0991269547403293,10088.073447021312,,,,,,,valid
1718,inference,513.0,3,2026-09-18T00:15:16.667268+09:00,2026-09-18T00:16:16.667343+09:00,60.000051,606161,292.0,20.416976604921267,8.016245034727332,interpolated_adjacent_idle_blocks,744.0445266489462,0.0012274701385423,0.0989836871722203,10102.674779735304,,,,,,,valid
1719,inference,514.0,1,2026-09-18T00:16:21.999387+09:00,2026-09-18T00:17:21.999464+09:00,60.000038,576467,293.0,20.38627255332553,7.943996545053579,interpolated_adjacent_idle_blocks,746.5370333028051,0.0012950212818822,0.1040823466044023,9607.777232394794,,,,,,,valid
1720,inference,514.0,2,2026-09-18T00:18:22.023230+09:00,2026-09-18T00:19:22.023325+09:00,60.000067,576569,292.0,20.648577783079425,7.811266395664528,interpolated_adjacent_idle_blocks,770.2395433447567,0.0013359017625726,0.1040639836689103,9609.472602755604,,,,,,,valid
1721,inference,514.0,3,2026-09-18T00:20:22.046365+09:00,2026-09-18T00:21:22.046485+09:00,60.000095,575393,293.0,20.77930454808374,7.6785370256506145,interpolated_adjacent_idle_blocks,786.0472959189021,0.001366105072392,0.1042767213017878,9589.868069460055,,,,,,,valid
1722,inference,515.0,1,2026-09-18T00:21:27.363101+09:00,2026-09-18T00:22:27.363155+09:00,60.000008,861563,293.0,20.61048637309178,7.606305584939815,interpolated_adjacent_idle_blocks,780.2509513225643,0.000905622631569,0.0696408832551996,14359.381346952356,,,,,,,valid
1723,inference,515.0,2,2026-09-18T00:23:27.381149+09:00,2026-09-18T00:24:27.381206+09:00,60.000026,860522,292.0,20.81994611743425,7.473581852476368,interpolated_adjacent_idle_blocks,800.7822029029439,0.0009305772576447,0.0697251504319469,14342.027142358318,,,,,,,valid
1724,inference,515.0,3,2026-09-18T00:25:27.398240+09:00,2026-09-18T00:26:27.398274+09:00,60.000006,862602,291.0,20.46722366779809,7.34085919257654,interpolated_adjacent_idle_blocks,787.5819472714799,0.0009130305138076,0.0695569981289166,14376.69863421369,,,,,,,valid
1725,inference,516.0,1,2026-09-18T00:26:32.723672+09:00,2026-09-18T00:27:32.723740+09:00,60.000032,1001160,292.0,20.252868997755023,7.268618080073401,interpolated_adjacent_idle_blocks,779.0554705569268,0.0007781528132935,0.0599305127052616,16685.99107299484,,,,,,,valid
1726,inference,516.0,2,2026-09-18T00:28:32.738133+09:00,2026-09-18T00:29:32.738217+09:00,60.000057,1002164,292.0,20.612144302711357,7.135898307236412,interpolated_adjacent_idle_blocks,808.5755278745183,0.000806829548731,0.0598704977428838,16702.717326562713,,,,,,,valid
1727,inference,516.0,3,2026-09-18T00:30:32.752595+09:00,2026-09-18T00:31:32.752631+09:00,60.00001,994643,291.0,19.92096252379948,7.003178568411396,interpolated_adjacent_idle_blocks,775.0671665011247,0.0007792415635571,0.060323161174411,16577.380570436642,,,,,,,valid
1728,inference,517.0,1,2026-09-18T00:31:38.079686+09:00,2026-09-18T00:32:38.079778+09:00,60.000047,1260578,293.0,20.28179651812427,6.930935609242676,interpolated_adjacent_idle_blocks,801.0522820233584,0.0006354642727569,0.0475972510229432,21009.616700720213,,,,,,,valid
1729,inference,517.0,2,2026-09-18T00:33:38.091972+09:00,2026-09-18T00:34:38.092017+09:00,60.000015,1267886,293.0,20.50909261580061,6.798218276303357,interpolated_adjacent_idle_blocks,822.6526660329503,0.0006488380390925,0.0473228787130703,21131.427909600192,,,,,,,valid
1730,inference,517.0,3,2026-09-18T00:35:38.103924+09:00,2026-09-18T00:36:38.103964+09:00,60.000012,1269306,291.0,20.43940620528894,6.665501289547922,interpolated_adjacent_idle_blocks,826.43446023132,0.0006510915888141,0.047269934988096,21155.095733722264,,,,,,,valid
1731,inference,518.0,1,2026-09-18T00:36:43.430579+09:00,2026-09-18T00:37:43.430627+09:00,60.000009,1219430,292.0,20.54514200944282,6.593258838976848,interpolated_adjacent_idle_blocks,837.1131157949069,0.000686479023638,0.0492033240940435,20323.830115393703,,,,,,,valid
1732,inference,518.0,2,2026-09-18T00:38:43.442535+09:00,2026-09-18T00:39:43.442582+09:00,60.000021,1232650,293.0,20.56752733573209,6.460541845893602,interpolated_adjacent_idle_blocks,846.4194256370049,0.0006866664711288,0.0486756344461121,20544.159544691312,,,,,,,valid
1733,inference,518.0,3,2026-09-18T00:40:43.454586+09:00,2026-09-18T00:41:43.454643+09:00,60.000033,1233808,291.0,20.179082702585852,6.327824741019066,interpolated_adjacent_idle_blocks,831.0759347855201,0.0006735861129004,0.0486299591184365,20563.45549385587,,,,,,,valid
1734,inference,519.0,1,2026-09-18T00:41:48.774986+09:00,2026-09-18T00:42:48.775068+09:00,60.000039,1111248,293.0,20.59063777673093,6.255589198306106,interpolated_adjacent_idle_blocks,860.103473772384,0.0007739977698698,0.0539933834751565,18520.78783801574,,,,,,,valid
1735,inference,519.0,2,2026-09-18T00:43:48.787961+09:00,2026-09-18T00:44:48.788016+09:00,60.000029,1111494,292.0,20.11924888081713,6.1228710923194605,interpolated_adjacent_idle_blocks,839.783073204816,0.0007555444052822,0.0539814243711619,18524.890953678165,,,,,,,valid
1736,inference,519.0,3,2026-09-18T00:45:48.800973+09:00,2026-09-18T00:46:48.801002+09:00,60.000005,1110750,292.0,20.061686745412487,5.990152945202057,interpolated_adjacent_idle_blocks,844.2920983702948,0.0007601099242586,0.0540175599369798,18512.498549854183,,,,,,,valid
1737,inference,520.0,1,2026-09-18T00:46:54.127910+09:00,2026-09-18T00:47:54.127993+09:00,60.000047,1128919,292.0,20.48166157115396,5.917910157147837,interpolated_adjacent_idle_blocks,873.8257693366838,0.0007740376141571,0.0531482300324469,18815.30202208993,,,,,,,valid
1738,inference,520.0,2,2026-09-18T00:48:54.141121+09:00,2026-09-18T00:49:54.141173+09:00,60.000027,1131662,293.0,20.159129828679493,5.78519179277566,interpolated_adjacent_idle_blocks,862.436670250557,0.0007620974020958,0.0530193880328229,18861.02494017708,,,,,,,valid
1739,inference,520.0,3,2026-09-18T00:50:54.154313+09:00,2026-09-18T00:51:54.154401+09:00,60.000048,1122746,290.0,19.86740981763512,5.652473412056642,interpolated_adjacent_idle_blocks,852.896866651656,0.0007596525542301,0.0534404471714887,18712.41826983652,,,,,,,valid
1740,idle,,1,2026-09-18T00:51:59.440695+09:00,2026-09-18T00:52:59.441578+09:00,60.000817,0,291.0,5.561481153799964,,,,,,,,,,,,,valid
1741,idle,,2,2026-09-18T00:53:59.443525+09:00,2026-09-18T00:54:59.444269+09:00,60.000712,0,291.0,5.53331122301416,,,,,,,,,,,,,valid
1742,idle,,3,2026-09-18T00:55:59.445560+09:00,2026-09-18T00:56:59.446260+09:00,60.000671,0,292.0,5.745562286299502,,,,,,,,,,,,,valid
1743,inference,521.0,1,2026-09-18T00:57:04.953370+09:00,2026-09-18T00:58:04.953490+09:00,60.000081,66495,291.0,21.952924405093945,5.616228753018605,interpolated_adjacent_idle_blocks,980.203062396868,0.0147410040213078,0.9023246965937376,1108.248509405744,,,,,,,valid
1744,inference,521.0,2,2026-09-18T00:59:05.139979+09:00,2026-09-18T01:00:05.140320+09:00,60.000316,66225,291.0,22.25205380004648,5.6256293797895776,interpolated_adjacent_idle_blocks,997.590719165531,0.0150636575185433,0.9060070351075986,1103.7441887868329,,,,,,,valid
1745,inference,521.0,3,2026-09-18T01:01:05.324356+09:00,2026-09-18T01:02:05.324771+09:00,60.000389,66350,291.0,21.58290337418777,5.635029826231,interpolated_adjacent_idle_blocks,956.8786166002164,0.0144216822396415,0.9043012675207184,1105.8261620506787,,,,,,,valid
1746,inference,522.0,1,2026-09-18T01:02:10.901769+09:00,2026-09-18T01:03:10.902256+09:00,60.000444,50633,292.0,22.68076877941524,5.640159087801421,interpolated_adjacent_idle_blocks,1022.4441475275324,0.0201932365755047,1.1850066873382956,843.8770942686841,,,,,,,valid
1747,inference,522.0,2,2026-09-18T01:04:11.140450+09:00,2026-09-18T01:05:11.141074+09:00,60.000597,50594,291.0,22.762432377358152,5.649563784201938,interpolated_adjacent_idle_blocks,1026.782331971923,0.0202945474161347,1.1859231727082302,843.2249432451453,,,,,,,valid
1748,inference,522.0,3,2026-09-18T01:06:11.389344+09:00,2026-09-18T01:07:11.389599+09:00,60.000215,50682,292.0,22.3557373786226,5.658969259655947,interpolated_adjacent_idle_blocks,1001.8096769431448,0.0197665774228156,1.1838565013219629,844.6969703535368,,,,,,,valid
1749,inference,523.0,1,2026-09-18T01:07:16.973412+09:00,2026-09-18T01:08:16.974144+09:00,60.000684,47967,293.0,23.79328536522447,5.664099057608876,interpolated_adjacent_idle_blocks,1087.76357882037,0.0226773318910995,1.2508742301999345,799.4408837091195,,,,,,,valid
1750,inference,523.0,2,2026-09-18T01:09:17.230053+09:00,2026-09-18T01:10:17.230843+09:00,60.000765,47675,293.0,22.592804914139517,5.673505155694015,interpolated_adjacent_idle_blocks,1015.1709287710452,0.0212935695599589,1.258537279496612,794.5732051735317,,,,,,,valid
1751,inference,523.0,3,2026-09-18T01:11:17.484461+09:00,2026-09-18T01:12:17.485416+09:00,60.000929,48199,293.0,23.2837796740131,5.682911083314581,interpolated_adjacent_idle_blocks,1056.068466648832,0.0219105887393686,1.244858374655078,803.3042315171613,,,,,,,valid
1752,inference,524.0,1,2026-09-18T01:12:23.044477+09:00,2026-09-18T01:13:23.045419+09:00,60.000898,51490,293.0,23.788950535107503,5.688038980832752,interpolated_adjacent_idle_blocks,1086.070947875061,0.02109285196883,1.1652922431540265,858.1538286853777,,,,,,,valid
1753,inference,524.0,2,2026-09-18T01:14:23.282132+09:00,2026-09-18T01:15:23.283035+09:00,60.000876,51243,292.0,22.4823225036546,5.697443590089526,interpolated_adjacent_idle_blocks,1007.1074383678324,0.0196535612350532,1.1709087348515996,854.0375267819138,,,,,,,valid
1754,inference,524.0,3,2026-09-18T01:16:23.521293+09:00,2026-09-18T01:17:23.521803+09:00,60.000483,51231,293.0,23.40484962984021,5.706848303292206,interpolated_adjacent_idle_blocks,1061.8886277275217,0.0207274624295352,1.1711753176787365,853.8431308320219,,,,,,,valid
1755,inference,525.0,1,2026-09-18T01:17:28.994097+09:00,2026-09-18T01:18:28.994665+09:00,60.000495,77923,291.0,22.86763307436938,5.711969382152882,interpolated_adjacent_idle_blocks,1029.3483135865176,0.0132098137082314,0.7699972447159464,1298.7059458490687,,,,,,,valid
1756,inference,525.0,2,2026-09-18T01:19:29.155683+09:00,2026-09-18T01:20:29.156118+09:00,60.000408,77828,292.0,23.18718920880625,5.7213680378677925,interpolated_adjacent_idle_blocks,1047.956396311345,0.0134650305328589,0.7709360101762884,1297.1245172103609,,,,,,,valid
1757,inference,525.0,3,2026-09-18T01:21:29.314789+09:00,2026-09-18T01:22:29.314917+09:00,60.000103,77047,291.0,22.545432227170902,5.730766492814561,interpolated_adjacent_idle_blocks,1008.8816759719512,0.0130943667627805,0.77874678313237,1284.1144537094308,,,,,,,valid
1758,inference,526.0,1,2026-09-18T01:22:34.830115+09:00,2026-09-18T01:23:34.830599+09:00,60.00044,64163,292.0,20.85221952351327,5.73589090924513,interpolated_adjacent_idle_blocks,906.9863680406786,0.0141356602409594,0.9351252294936422,1069.375489464108,,,,,,,valid
1759,inference,526.0,2,2026-09-18T01:24:35.023128+09:00,2026-09-18T01:25:35.023959+09:00,60.000804,64189,292.0,22.036341141247785,5.745292041833963,interpolated_adjacent_idle_blocks,977.4760439683052,0.0152280927256742,0.93475212731153,1069.8023259664906,,,,,,,valid
1760,inference,526.0,3,2026-09-18T01:26:35.212424+09:00,2026-09-18T01:27:35.213215+09:00,60.000765,64167,291.0,22.087112252813363,5.754692868589847,interpolated_adjacent_idle_blocks,979.95765735424,0.0152719880523359,0.935072004301266,1069.4363593392486,,,,,,,valid
1761,inference,527.0,1,2026-09-18T01:27:40.783861+09:00,2026-09-18T01:28:40.784869+09:00,60.000966,48357,293.0,23.567960526538744,5.759821668408459,interpolated_adjacent_idle_blocks,1068.505534149954,0.0220961915369016,1.2407917343921389,805.9370257571047,,,,,,,valid
1762,inference,527.0,2,2026-09-18T01:29:41.039007+09:00,2026-09-18T01:30:41.039196+09:00,60.000162,48553,293.0,22.83942305039408,5.769227615274123,interpolated_adjacent_idle_blocks,1024.2144914788578,0.0210947725470899,1.2357663069223344,809.2144885310003,,,,,,,valid
1763,inference,527.0,3,2026-09-18T01:31:41.295060+09:00,2026-09-18T01:32:41.295401+09:00,60.000314,48073,292.0,23.1768216587081,5.778633671027507,interpolated_adjacent_idle_blocks,1043.8967422918636,0.0217148241693229,1.2481083830840858,801.2124696486629,,,,,,,valid
1764,inference,528.0,1,2026-09-18T01:32:46.790658+09:00,2026-09-18T01:33:46.791294+09:00,60.000592,68954,292.0,22.453506073431125,5.783756542031968,interpolated_adjacent_idle_blocks,1000.194840375672,0.01450524756179,0.8701539040519881,1149.2219885969207,,,,,,,valid
1765,inference,528.0,2,2026-09-18T01:34:46.968268+09:00,2026-09-18T01:35:46.968953+09:00,60.000659,69063,290.0,22.07492837659957,5.793156458188893,interpolated_adjacent_idle_blocks,976.9170447923344,0.0141453027640318,0.8687815313554351,1151.0373596913869,,,,,,,valid
1766,inference,528.0,3,2026-09-18T01:36:47.146063+09:00,2026-09-18T01:37:47.146931+09:00,60.000842,68389,293.0,23.23971615725704,5.802556394094422,interpolated_adjacent_idle_blocks,1046.2442678782777,0.0152984291023158,0.8773463846525102,1139.8006733635416,,,,,,,valid
1767,inference,529.0,1,2026-09-18T01:37:52.957557+09:00,2026-09-18T01:38:52.959145+09:00,60.001543,24765,290.0,23.25586830810107,5.807703990107727,interpolated_adjacent_idle_blocks,1046.9167815971432,0.0422740473085864,2.422836377952811,412.7393864066692,,,,,,,valid
1768,inference,529.0,2,2026-09-18T01:39:53.435490+09:00,2026-09-18T01:40:53.437480+09:00,60.001963,24882,293.0,22.80246677161552,5.817127410384631,interpolated_adjacent_idle_blocks,1019.1537038950196,0.040959476886706,2.4114606181174967,414.6864321510871,,,,,,,valid
1769,inference,529.0,3,2026-09-18T01:41:53.914197+09:00,2026-09-18T01:42:53.915272+09:00,60.001051,24887,293.0,23.228078947858407,5.826550839724635,interpolated_adjacent_idle_blocks,1044.109975494068,0.0419540312409719,2.410939470406231,414.7760706043379,,,,,,,valid
1770,inference,530.0,1,2026-09-18T01:42:59.442179+09:00,2026-09-18T01:43:59.443061+09:00,60.000841,58502,293.0,22.35351308644726,5.8316762246199945,interpolated_adjacent_idle_blocks,991.3241065744368,0.0169451319027458,1.0256203394755716,975.019665182662,,,,,,,valid
1771,inference,530.0,2,2026-09-18T01:44:59.649187+09:00,2026-09-18T01:45:59.649925+09:00,60.000693,58630,292.0,21.29916128911569,5.841078432677853,interpolated_adjacent_idle_blocks,927.4956838376896,0.0158194726903921,1.0233787037352784,977.155374007738,,,,,,,valid
1772,inference,530.0,3,2026-09-18T01:46:59.855277+09:00,2026-09-18T01:47:59.855669+09:00,60.000366,58571,291.0,22.75518544292301,5.850480561014013,interpolated_adjacent_idle_blocks,1014.2884800365266,0.0173172471024316,1.0244039917365235,976.1773753974202,,,,,,,valid
1773,idle,,1,2026-09-18T01:48:05.150628+09:00,2026-09-18T01:49:05.151397+09:00,60.000702,0,291.0,5.892398964586119,,,,,,,,,,,,,valid
1774,idle,,2,2026-09-18T01:50:05.153332+09:00,2026-09-18T01:51:05.153830+09:00,60.000466,0,290.0,5.723546301016447,,,,,,,,,,,,,valid
1775,idle,,3,2026-09-18T01:52:05.156449+09:00,2026-09-18T01:53:05.156922+09:00,60.000434,0,291.0,5.943778339397298,,,,,,,,,,,,,valid
1776,inference,531.0,1,2026-09-18T01:53:10.444208+09:00,2026-09-18T01:54:10.444295+09:00,60.000044,1198223,293.0,20.416472452737544,5.851277314543785,interpolated_adjacent_idle_blocks,873.9123491602115,0.0007293403224276,0.0500741881936837,19970.368688396185,,,,,,,valid
1777,inference,531.0,2,2026-09-18T01:55:10.456825+09:00,2026-09-18T01:56:10.456874+09:00,60.000024,1200372,291.0,20.26337307522888,5.8445979928324325,interpolated_adjacent_idle_blocks,865.1268509943886,0.0007207156206529,0.0499845249639283,20006.191930835736,,,,,,,valid
1778,inference,531.0,3,2026-09-18T01:57:10.469328+09:00,2026-09-18T01:58:10.469382+09:00,60.000027,1204933,291.0,20.42225681965749,5.83791867626954,interpolated_adjacent_idle_blocks,875.060682380407,0.0007262318173544,0.0497953218975651,20082.207763554958,,,,,,,valid
1779,inference,532.0,1,2026-09-18T01:58:15.798512+09:00,2026-09-18T01:59:15.798602+09:00,60.000053,1066404,291.0,21.013264247916265,5.834282768339739,interpolated_adjacent_idle_blocks,910.73969326061,0.0008540287670156,0.0562639044864798,17773.38435942175,,,,,,,valid
1780,inference,532.0,2,2026-09-18T02:00:15.812715+09:00,2026-09-18T02:01:15.812749+09:00,60.000007,1067752,293.0,20.40946594040697,5.82760335886572,interpolated_adjacent_idle_blocks,874.9118569655132,0.0008193961303425,0.0561928308258836,17795.864442183938,,,,,,,valid
1781,inference,532.0,3,2026-09-18T02:02:15.826370+09:00,2026-09-18T02:03:15.826441+09:00,60.000046,1065162,292.0,20.66819015244421,5.820923977296886,interpolated_adjacent_idle_blocks,890.8366534830839,0.0008363391235165,0.0563295026484239,17752.686478370302,,,,,,,valid
1782,inference,533.0,1,2026-09-18T02:03:21.148155+09:00,2026-09-18T02:04:21.148363+09:00,60.00015,1171776,293.0,20.784642592320456,5.817288478337927,interpolated_adjacent_idle_blocks,898.0434919420687,0.000766395191523,0.051204453837594,19529.55114357269,,,,,,,valid
1783,inference,533.0,2,2026-09-18T02:05:21.168623+09:00,2026-09-18T02:06:21.168670+09:00,60.000021,1197466,293.0,20.446275853065373,5.810608723120932,interpolated_adjacent_idle_blocks,878.1403351456761,0.0007333321657113,0.0501058245495072,19957.759581661918,,,,,,,valid
1784,inference,533.0,3,2026-09-18T02:07:21.180674+09:00,2026-09-18T02:08:21.180702+09:00,60.000004,1194423,292.0,20.440323449407263,5.803929432379955,interpolated_adjacent_idle_blocks,878.1836995672147,0.000735236762493,0.0502334631868273,19907.048739220303,,,,,,,valid
1785,inference,534.0,1,2026-09-18T02:08:26.509235+09:00,2026-09-18T02:09:26.509315+09:00,60.000046,1079035,293.0,20.857415735882427,5.80029355867149,interpolated_adjacent_idle_blocks,903.4280232602764,0.0008372555322675,0.0556052821270855,17983.90299890045,,,,,,,valid
1786,inference,534.0,2,2026-09-18T02:10:26.523633+09:00,2026-09-18T02:11:26.523733+09:00,60.000073,1074174,292.0,20.25907133700352,5.793614136220167,interpolated_adjacent_idle_blocks,867.9284880253767,0.0008079961794135,0.0558569405887684,17902.87812865064,,,,,,,valid
1787,inference,534.0,3,2026-09-18T02:12:26.537937+09:00,2026-09-18T02:13:26.538065+09:00,60.000054,1080043,292.0,20.380650452641948,5.786934718784612,interpolated_adjacent_idle_blocks,875.6237320920898,0.0008107304358179,0.0555533934297056,18000.70055603978,,,,,,,valid
1788,inference,535.0,1,2026-09-18T02:13:31.861130+09:00,2026-09-18T02:14:31.861189+09:00,60.000021,1066256,291.0,20.526418515579604,5.783299147216444,interpolated_adjacent_idle_blocks,884.5874717072962,0.0008296201584866,0.0562716843797367,17770.927083890467,,,,,,,valid
1789,inference,535.0,2,2026-09-18T02:15:31.874463+09:00,2026-09-18T02:16:31.874529+09:00,60.00004,1069135,292.0,20.24113935363672,5.776619784397027,interpolated_adjacent_idle_blocks,867.8717527351645,0.0008117513248889,0.0561201721952788,17818.904698302507,,,,,,,valid
1790,inference,535.0,3,2026-09-18T02:17:31.888362+09:00,2026-09-18T02:18:31.888447+09:00,60.000044,1065679,293.0,20.290573576295337,5.769940389758003,interpolated_adjacent_idle_blocks,871.2386301001004,0.0008175432096345,0.0563021736376519,17761.303612108724,,,,,,,valid
1791,inference,536.0,1,2026-09-18T02:18:37.203930+09:00,2026-09-18T02:19:37.203996+09:00,60.000027,1097845,292.0,20.76719834090493,5.766305241159711,interpolated_adjacent_idle_blocks,900.0539910088269,0.0008198370362016,0.0546525480372918,18297.408554815345,,,,,,,valid
1792,inference,536.0,2,2026-09-18T02:20:37.217060+09:00,2026-09-18T02:21:37.217093+09:00,60.000008,1098035,291.0,20.34675222719772,5.759625890747021,interpolated_adjacent_idle_blocks,875.2276968840524,0.0007970854270438,0.0546430743100172,18300.580862754967,,,,,,,valid
1793,inference,536.0,3,2026-09-18T02:22:37.230535+09:00,2026-09-18T02:23:37.230583+09:00,60.00001,1097220,293.0,20.625045858830816,5.752946519820105,interpolated_adjacent_idle_blocks,892.3261090616362,0.0008132608857491,0.0546836644428648,18286.996860732143,,,,,,,valid
1794,inference,537.0,1,2026-09-18T02:23:42.546230+09:00,2026-09-18T02:24:42.546335+09:00,60.000051,1160296,292.0,20.403759552051284,5.749311362026239,interpolated_adjacent_idle_blocks,879.2676387783604,0.0007577959751463,0.0517109866792619,19338.250229153684,,,,,,,valid
1795,inference,537.0,2,2026-09-18T02:25:42.559689+09:00,2026-09-18T02:26:42.559755+09:00,60.00004,1170356,291.0,20.775660261438507,5.742631993487785,interpolated_adjacent_idle_blocks,901.9822973981738,0.0007706905398,0.0512664860093857,19505.920491935467,,,,,,,valid
1796,inference,537.0,3,2026-09-18T02:27:42.572895+09:00,2026-09-18T02:28:42.572932+09:00,60.000012,1160943,292.0,20.63415787310165,5.735952638736057,interpolated_adjacent_idle_blocks,893.8924928403981,0.0007699710432298,0.0516821342649901,19349.04613019064,,,,,,,valid
1797,inference,538.0,1,2026-09-18T02:28:47.901946+09:00,2026-09-18T02:29:47.901995+09:00,60.000014,1064023,292.0,20.567595258406552,5.732316738887216,interpolated_adjacent_idle_blocks,890.1169188650595,0.0008365579680749,0.0563897718376396,17733.71246968781,,,,,,,valid
1798,inference,538.0,2,2026-09-18T02:30:47.914862+09:00,2026-09-18T02:31:47.914938+09:00,60.000047,1075014,293.0,20.341019101935387,5.725637398731638,interpolated_adjacent_idle_blocks,876.9235891151652,0.0008157322501057,0.0558132702457834,17916.88599496727,,,,,,,valid
1799,inference,538.0,3,2026-09-18T02:32:47.928661+09:00,2026-09-18T02:33:47.928725+09:00,60.000039,1072579,292.0,20.36545956734107,5.718958010501651,interpolated_adjacent_idle_blocks,878.790664623926,0.000819324883877,0.0559399717876263,17876.305047068246,,,,,,,valid
1800,inference,539.0,1,2026-09-18T02:33:53.253634+09:00,2026-09-18T02:34:53.253711+09:00,60.000039,1152479,292.0,21.074834649590063,5.715322337569859,interpolated_adjacent_idle_blocks,921.5713377421924,0.0007996426292732,0.0520617201701724,19207.9707841257,,,,,,,valid
1801,inference,539.0,2,2026-09-18T02:35:53.266605+09:00,2026-09-18T02:36:53.266695+09:00,60.000046,1162516,293.0,20.446530133631,5.708642994747166,interpolated_adjacent_idle_blocks,884.2739062758383,0.000760655256595,0.0516122328638912,19375.25165084684,,,,,,,valid
1802,inference,539.0,3,2026-09-18T02:37:53.280056+09:00,2026-09-18T02:38:53.280119+09:00,60.000039,1161940,292.0,20.776797294072487,5.701963626314866,interpolated_adjacent_idle_blocks,904.4906079839704,0.0007784314232954,0.0516378118491483,19365.65404671564,,,,,,,valid
1803,inference,540.0,1,2026-09-18T02:38:58.600889+09:00,2026-09-18T02:39:58.601005+09:00,60.000059,1010368,292.0,20.8079514403076,5.698328182688583,interpolated_adjacent_idle_blocks,906.5782869249132,0.0008972753362387,0.0593843614405856,16839.45024820222,,,,,,,valid
1804,inference,540.0,2,2026-09-18T02:40:58.615011+09:00,2026-09-18T02:41:58.615044+09:00,60.000006,1017457,292.0,20.274430674708917,5.691648778469178,interpolated_adjacent_idle_blocks,874.9670012710756,0.0008599547708365,0.0589705572815368,16957.614886116913,,,,,,,valid
1805,inference,540.0,3,2026-09-18T02:42:58.628955+09:00,2026-09-18T02:43:58.629033+09:00,60.000055,1017912,293.0,20.534637530455743,5.684969380592463,interpolated_adjacent_idle_blocks,890.9809057235452,0.0008753024875662,0.0589442451803301,16965.184589957258,,,,,,,valid
1806,idle,,1,2026-09-18T02:44:03.915449+09:00,2026-09-18T02:45:03.916066+09:00,60.000557,0,291.0,5.816327603639296,,,,,,,,,,,,,valid
1807,idle,,2,2026-09-18T02:46:03.918158+09:00,2026-09-18T02:47:03.919048+09:00,60.000857,0,291.0,5.633694092643541,,,,,,,,,,,,,valid
1808,idle,,3,2026-09-18T02:48:03.920955+09:00,2026-09-18T02:49:03.921271+09:00,60.000287,0,290.0,5.598994692917126,,,,,,,,,,,,,valid
1809,inference,541.0,1,2026-09-18T02:49:09.350745+09:00,2026-09-18T02:50:09.350977+09:00,60.000181,108907,292.0,21.50491024026348,5.685065320227827,interpolated_adjacent_idle_blocks,949.1935585940696,0.0087156340601987,0.5509304351419145,1815.1111941064016,,,,,,,valid
1810,inference,541.0,2,2026-09-18T02:51:09.462828+09:00,2026-09-18T02:52:09.463251+09:00,60.000377,108752,292.0,22.503755142358745,5.692048428590885,interpolated_adjacent_idle_blocks,1008.7087408395028,0.0092753120939339,0.5517174599087833,1812.521938612079,,,,,,,valid
1811,inference,541.0,3,2026-09-18T02:53:09.576889+09:00,2026-09-18T02:54:09.577322+09:00,60.000403,107928,292.0,21.48831303780841,5.699031646707179,interpolated_adjacent_idle_blocks,947.3632465464744,0.0087777337349573,0.5559299060484866,1798.7879211390778,,,,,,,valid
1812,inference,542.0,1,2026-09-18T02:54:15.403731+09:00,2026-09-18T02:55:15.404678+09:00,60.00087,22909,293.0,22.80178047009047,5.702858717138697,interpolated_adjacent_idle_blocks,1025.9501812390315,0.0447837173704234,2.6190959972063186,381.8111291325933,,,,,,,valid
1813,inference,542.0,2,2026-09-18T02:56:15.920463+09:00,2026-09-18T02:57:15.921136+09:00,60.000647,22943,293.0,23.23980846869712,5.709865337561145,interpolated_adjacent_idle_blocks,1051.8079297413642,0.0458443939215169,2.615204929608172,382.3792119227256,,,,,,,valid
1814,inference,542.0,3,2026-09-18T02:58:16.443587+09:00,2026-09-18T02:59:16.446033+09:00,60.00242,22962,292.0,23.041267589559908,5.716872389109493,interpolated_adjacent_idle_blocks,1039.50563706341,0.0452706923205038,2.613118195279188,382.68456505587153,,,,,,,valid
1815,inference,543.0,1,2026-09-18T02:59:22.197200+09:00,2026-09-18T03:00:22.198917+09:00,60.001675,26775,292.0,22.80863289708962,5.720695166010527,interpolated_adjacent_idle_blocks,1025.304886160445,0.0382933664298952,2.2409589019607887,446.237545510104,,,,,,,valid
1816,inference,543.0,2,2026-09-18T03:01:22.647954+09:00,2026-09-18T03:02:22.650099+09:00,60.002117,26758,292.0,22.76930167045674,5.727697970990246,interpolated_adjacent_idle_blocks,1022.5322990430216,0.0382140779969736,2.2423991666043515,445.9509327745125,,,,,,,valid
1817,inference,543.0,3,2026-09-18T03:03:23.099204+09:00,2026-09-18T03:04:23.100865+09:00,60.001635,26735,292.0,23.357006668016155,5.734700778312513,interpolated_adjacent_idle_blocks,1057.3671658523483,0.0395499220442247,2.244310282401344,445.5711885479713,,,,,,,valid
1818,inference,544.0,1,2026-09-18T03:04:28.514137+09:00,2026-09-18T03:05:28.514727+09:00,60.000534,98625,293.0,22.2242153227186,5.738503855006829,interpolated_adjacent_idle_blocks,989.15149143263,0.0100294194315095,0.6083704354879635,1643.73536527612,,,,,,,valid
1819,inference,544.0,2,2026-09-18T03:06:28.638812+09:00,2026-09-18T03:07:28.638884+09:00,60.000042,99151,293.0,21.050580382011194,5.745487674853066,interpolated_adjacent_idle_blocks,918.3062052433814,0.0092616938330766,0.6051380419763761,1652.5155099058188,,,,,,,valid
1820,inference,544.0,3,2026-09-18T03:08:28.763612+09:00,2026-09-18T03:09:28.763738+09:00,60.000093,99342,293.0,21.095999660217927,5.752471518582206,interpolated_adjacent_idle_blocks,920.6131154462604,0.0092671087299053,0.6039750900928104,1655.697422631013,,,,,,,valid
1821,inference,545.0,1,2026-09-18T03:09:34.528645+09:00,2026-09-18T03:10:34.528719+09:00,60.000032,25101,293.0,23.27691807869575,5.756294979091482,interpolated_adjacent_idle_blocks,1051.2379466361954,0.0418803213671246,2.39034428508821,418.3497775773741,,,,,,,valid
1822,inference,545.0,2,2026-09-18T03:11:35.007155+09:00,2026-09-18T03:12:35.008378+09:00,60.001197,25184,291.0,23.31889660018304,5.763299418726295,interpolated_adjacent_idle_blocks,1053.356844937231,0.0418264312633906,2.3825125952986466,419.7249584213218,,,,,,,valid
1823,inference,545.0,3,2026-09-18T03:13:35.484380+09:00,2026-09-18T03:14:35.485709+09:00,60.001305,24917,291.0,22.861778339862504,5.770303753334551,interpolated_adjacent_idle_blocks,1025.5107795660126,0.0411570726638846,2.408046923786952,415.2742997330701,,,,,,,valid
1824,inference,546.0,1,2026-09-18T03:14:40.938241+09:00,2026-09-18T03:15:40.938694+09:00,60.000413,67288,293.0,22.53062790126772,5.774109098904632,interpolated_adjacent_idle_blocks,1005.3980485840506,0.0149417139547029,0.8916955995125418,1121.4589379454874,,,,,,,valid
1825,inference,546.0,2,2026-09-18T03:16:41.117244+09:00,2026-09-18T03:17:41.117811+09:00,60.00054,67409,293.0,22.05880607847635,5.781096095648223,interpolated_adjacent_idle_blocks,976.6713889330784,0.014488738728257,0.8900968787550514,1123.473212712156,,,,,,,valid
1826,inference,546.0,3,2026-09-18T03:18:41.296687+09:00,2026-09-18T03:19:41.297406+09:00,60.000695,67278,291.0,20.373163286884683,5.7880831190746855,interpolated_adjacent_idle_blocks,875.1149466993164,0.0130074459213905,0.8918323226017515,1121.2870117587686,,,,,,,valid
1827,inference,547.0,1,2026-09-18T03:19:47.161487+09:00,2026-09-18T03:20:47.163898+09:00,60.002367,21447,291.0,23.2708726995484,5.791912430562475,interpolated_adjacent_idle_blocks,1048.7789888381124,0.0489009646495133,2.7977044155359603,357.435901536592,,,,,,,valid
1828,inference,547.0,2,2026-09-18T03:21:47.725654+09:00,2026-09-18T03:22:47.727275+09:00,60.001592,21509,292.0,23.694548345846638,5.79892179376235,interpolated_adjacent_idle_blocks,1073.766082962528,0.0499217110494457,2.7896039797293555,358.47382182793524,,,,,,,valid
1829,inference,547.0,3,2026-09-18T03:23:48.284809+09:00,2026-09-18T03:24:48.287078+09:00,60.002228,21464,290.0,22.99443297142069,5.805930907404604,interpolated_adjacent_idle_blocks,1031.3484198235635,0.0480501500104157,2.7954821282147133,357.72004761076147,,,,,,,valid
1830,inference,548.0,1,2026-09-18T03:24:54.015623+09:00,2026-09-18T03:25:54.016858+09:00,60.001194,28295,293.0,23.59849764106532,5.809752349940276,interpolated_adjacent_idle_blocks,1067.3459572293802,0.0377220695256893,2.1205581869587493,471.5739497977061,,,,,,,valid
1831,inference,548.0,2,2026-09-18T03:26:54.449487+09:00,2026-09-18T03:27:54.451088+09:00,60.001573,28394,293.0,22.87137222566791,5.8167541711606345,interpolated_adjacent_idle_blocks,1023.3039101846362,0.036039441789978,2.1131779037825167,473.22092390329937,,,,,,,valid
1832,inference,548.0,3,2026-09-18T03:28:54.866498+09:00,2026-09-18T03:29:54.867605+09:00,60.001082,28469,293.0,22.87046156841248,5.823754987608006,interpolated_adjacent_idle_blocks,1022.820839384789,0.0359275295719831,2.1075935754681345,474.4747809253888,,,,,,,valid
1833,inference,549.0,1,2026-09-18T03:30:00.324160+09:00,2026-09-18T03:31:00.324308+09:00,60.000083,87651,293.0,20.80016472602219,5.8275605517419935,interpolated_adjacent_idle_blocks,898.357493182958,0.0102492554926122,0.6845339243134589,1460.84797916032,,,,,,,valid
1834,inference,549.0,2,2026-09-18T03:32:00.462248+09:00,2026-09-18T03:33:00.462460+09:00,60.000187,87483,293.0,21.6324206621493,5.8345451683179865,interpolated_adjacent_idle_blocks,947.8754838325964,0.0108349677518214,0.6858496702216752,1458.0454630484658,,,,,,,valid
1835,inference,549.0,3,2026-09-18T03:34:00.601231+09:00,2026-09-18T03:35:00.601815+09:00,60.000558,88004,292.0,21.98559569294154,5.841529845855678,interpolated_adjacent_idle_blocks,968.6529592138944,0.0110069196765362,0.6817935321121736,1466.7196928401966,,,,,,,valid
1836,inference,550.0,1,2026-09-18T03:35:05.993859+09:00,2026-09-18T03:36:05.994184+09:00,60.000284,145966,292.0,22.92357936069242,5.845331649381971,interpolated_adjacent_idle_blocks,1024.6997129009767,0.0070201260081181,0.4110565755039003,2432.755147570949,,,,,,,valid
1837,inference,550.0,2,2026-09-18T03:37:06.079331+09:00,2026-09-18T03:38:06.079737+09:00,60.000378,146187,292.0,22.878558947070665,5.852313207449394,interpolated_adjacent_idle_blocks,1021.5811802981658,0.0069881807568262,0.4104357973007167,2436.434654522406,,,,,,,valid
1838,inference,550.0,3,2026-09-18T03:39:06.164618+09:00,2026-09-18T03:40:06.164882+09:00,60.000232,144957,293.0,21.601569252334805,5.859294748273444,interpolated_adjacent_idle_blocks,944.5401224513666,0.006516002141679,0.4139174486226887,2415.9406744690327,,,,,,,valid
1839,idle,,1,2026-09-18T03:40:11.454966+09:00,2026-09-18T03:41:11.455792+09:00,60.000768,0,291.0,5.922252021958267,,,,,,,,,,,,,valid
1840,idle,,2,2026-09-18T03:42:11.458889+09:00,2026-09-18T03:43:11.459137+09:00,60.000217,0,290.0,5.757136465815162,,,,,,,,,,,,,valid
1841,idle,,3,2026-09-18T03:44:11.460279+09:00,2026-09-18T03:45:11.461100+09:00,60.000793,0,291.0,5.904649913142015,,,,,,,,,,,,,valid
