model_id,target_energy_j,target_energy_std_j,target_energy_cv_percent,target_latency_ms,target_throughput_inferences_per_sec,measurement_valid_trials,feature_depth,feature_parameter_count,feature_pattern,feature_growth_pattern,feature_synflow_score,feature_grad_norm_score,feature_jacob_cov_score,target_accuracy_percent,feature_channel_1,feature_pool_after_1,feature_channel_2,feature_pool_after_2,feature_channel_3,feature_pool_after_3,feature_channel_4,feature_pool_after_4,feature_channel_5,feature_pool_after_5,feature_channel_6,feature_pool_after_6,feature_channel_min,feature_channel_max,feature_channel_mean,feature_channel_std,feature_channel_sum,feature_channel_range,feature_channel_first,feature_channel_last,feature_channel_last_first_ratio,feature_pool_count,feature_conv_macs,feature_conv_flops,feature_activation_elements,feature_final_feature_map_height,feature_final_feature_map_width
0001,0.01710337803725,0.0007237104538953,4.231388982451955,1.2274332186666663,814.7103565666666,3,3,236817,inverse_hourglass,late,105852.7780944705,0.9932143024331574,-16.062286376953125,,66.0,1.0,197.0,0.0,66.0,1.0,,0.0,,0.0,,0.0,66.0,197.0,109.66666666666667,61.753992223625154,329.0,131.0,66.0,66.0,1.0,2.0,61737984.0,123475968.0,134912.0,8.0,8.0
0002,0.005262527226963,0.0002577502280161,4.897841225325171,0.412115778,2426.504756,3,2,34094,decreasing,late,3272.922165036201,1.5805555928099957,-16.097003936767578,,129.0,1.0,26.0,0.0,,0.0,,0.0,,0.0,,0.0,26.0,129.0,77.5,51.5,155.0,103.0,129.0,26.0,0.20155038759689922,1.0,11294208.0,22588416.0,138752.0,16.0,16.0
0003,0.0028505521154354,7.763102709729589e-05,2.723368103916875,0.236056384,4236.416246666667,3,3,150097,increasing,late,40924.36547133327,0.8067155241156446,-16.098968505859375,,12.0,1.0,67.0,1.0,232.0,0.0,,0.0,,0.0,,0.0,12.0,232.0,103.66666666666667,93.48202441586773,311.0,220.0,12.0,232.0,19.333333333333332,2.0,11137536.0,22275072.0,44288.0,8.0,8.0
0004,0.0110708722754785,0.0003751781804138,3.388876423449092,0.8987092736666666,1112.7167756666663,3,2,191265,decreasing,early,7794.2403832376,2.7610193418857234,-17.728553771972656,,240.0,1.0,85.0,0.0,,0.0,,0.0,,0.0,,0.0,85.0,240.0,162.5,77.5,325.0,155.0,240.0,85.0,0.3541666666666667,1.0,53637120.0,107274240.0,267520.0,16.0,16.0
0005,0.065585101872519,0.0002596874937649,0.3959550055586172,4.891702368333333,204.43124826666667,3,4,285802,hourglass,late,2517194.49878788,0.3622996137339698,-16.466157913208008,,160.0,0.0,78.0,0.0,78.0,0.0,160.0,0.0,,0.0,,0.0,78.0,160.0,119.0,41.0,476.0,82.0,160.0,160.0,1.0,0.0,290525184.0,581050368.0,487424.0,32.0,32.0
0006,0.0238733589370154,0.0008541462676244,3.5778219138659666,1.7816946413333334,561.2818838333334,3,4,727587,increasing,early,4043213.99647522,0.7755811718257009,-16.05268096923828,,55.0,1.0,152.0,0.0,192.0,1.0,223.0,1.0,,0.0,,0.0,55.0,223.0,155.5,63.24752959602454,622.0,168.0,55.0,223.0,4.054545454545455,3.0,112684032.0,225368064.0,158656.0,4.0,4.0
0007,0.0179994964998784,0.000812359119267,4.513232463322007,1.2721835126666667,786.0549898333334,3,3,59936,decreasing,late,32585.713342905045,0.3899006435152825,-16.082427978515625,,121.0,0.0,45.0,1.0,18.0,0.0,,0.0,,0.0,,0.0,18.0,121.0,61.333333333333336,43.60682923070142,184.0,103.0,121.0,18.0,0.1487603305785124,1.0,55392768.0,110785536.0,174592.0,16.0,16.0
0008,0.0124008823559509,0.0001096453774128,0.8841739987978189,0.9071978313333332,1102.300594,3,6,1116683,increasing,linear,812516771.3192718,0.2358667996620106,-16.072750091552734,,55.0,1.0,101.0,1.0,125.0,0.0,153.0,1.0,220.0,0.0,239.0,0.0,55.0,239.0,148.83333333333334,64.38534167201587,893.0,184.0,55.0,239.0,4.345454545454546,3.0,45025920.0,90051840.0,107312.0,4.0,4.0
0009,0.0229500595410083,0.0022540944496728,9.82173682663045,1.7623277816666667,567.4370050333333,3,6,670555,hourglass,early,22395597.5373866,0.2369963531149323,-16.04800033569336,,206.0,1.0,164.0,1.0,18.0,1.0,18.0,1.0,163.0,1.0,206.0,0.0,18.0,206.0,129.16666666666666,80.49930986591679,775.0,188.0,206.0,206.0,1.0,5.0,85688658.0,171377316.0,255226.0,1.0,1.0
0010,0.0072518343018133,0.0002051196170832,2.8285204618092936,0.5781657423333333,1729.6548386666668,3,2,116588,increasing,linear,6350.284576743841,1.497631363960414,-16.39496612548828,,51.0,1.0,245.0,0.0,,0.0,,0.0,,0.0,,0.0,51.0,245.0,148.0,97.0,296.0,194.0,51.0,245.0,4.803921568627451,1.0,30198528.0,60397056.0,114944.0,16.0,16.0
0011,0.0014857342268949,2.2809343275393457e-05,1.535223653227863,0.121484869,8231.499533333334,3,6,20758,uniform,linear,4154785.6380744576,0.2474088771323316,-16.079565048217773,,21.0,1.0,21.0,1.0,21.0,0.0,21.0,0.0,21.0,1.0,21.0,0.0,21.0,21.0,21.0,0.0,126.0,0.0,21.0,21.0,1.0,3.0,2422224.0,4844448.0,31248.0,4.0,4.0
0012,0.0606554149906456,0.0028653425093095,4.723968189404731,4.467616269,223.8336796,3,4,234552,decreasing,early,1681521.4390044212,0.3565923110775245,-18.38512420654297,,101.0,0.0,97.0,0.0,91.0,0.0,77.0,0.0,,0.0,,0.0,77.0,101.0,91.5,9.096702699330127,366.0,24.0,101.0,77.0,0.7623762376237624,0.0,239007744.0,478015488.0,374784.0,32.0,32.0
0013,0.0062759284846389,0.0002830919143333,4.510757492317754,0.4861633746666666,2056.928816333333,3,4,139028,uniform,early,1055074.2649269402,0.49686867237908,-16.058460235595703,,71.0,1.0,71.0,1.0,71.0,0.0,71.0,1.0,,0.0,,0.0,71.0,71.0,71.0,0.0,284.0,0.0,71.0,71.0,1.0,3.0,19384704.0,38769408.0,99968.0,4.0,4.0
0014,0.0016926240088799,3.5405060237098096e-05,2.091726222206096,0.1442993236666666,6930.049192,3,2,15970,uniform,late,2144.787996172905,0.9392649731047376,-17.814231872558594,,40.0,1.0,40.0,0.0,,0.0,,0.0,,0.0,,0.0,40.0,40.0,40.0,0.0,80.0,0.0,40.0,40.0,1.0,1.0,4792320.0,9584640.0,51200.0,16.0,16.0
0015,0.0168271504127387,0.0002935918307182,1.744750736262727,1.2357408096666669,809.234139,3,5,378145,increasing,early,29061755.28903687,0.3482952872267946,-16.056583404541016,,37.0,0.0,86.0,1.0,106.0,1.0,122.0,1.0,135.0,1.0,,0.0,37.0,135.0,97.2,34.26601815209931,486.0,98.0,37.0,135.0,3.6486486486486487,4.0,61172064.0,122344128.0,163056.0,2.0,2.0
0016,0.0475930682275806,0.0007444115232517,1.5641175300825454,3.448114320333333,290.01560133333334,3,3,236514,decreasing,late,140972.7694838047,0.6990143616977836,-16.27267074584961,,167.0,0.0,103.0,1.0,82.0,1.0,,0.0,,0.0,,0.0,82.0,167.0,117.33333333333333,36.15091823023157,352.0,85.0,167.0,82.0,0.49101796407185627,2.0,182601216.0,365202432.0,297472.0,8.0,8.0
0017,0.01868880569235,0.0009231652709073,4.939669693741946,1.3640683176666666,733.1043455666667,3,5,1363143,increasing,early,76814377.63266867,0.4194478378189134,-16.05770492553711,,83.0,1.0,166.0,1.0,209.0,1.0,223.0,1.0,250.0,1.0,,0.0,83.0,250.0,186.2,58.3143207111255,931.0,167.0,83.0,250.0,3.0120481927710845,5.0,62741448.0,125482896.0,145432.0,1.0,1.0
0018,0.0320988563494843,0.000520647419751,1.6220123673016469,2.202213723,454.08973943333336,3,3,95579,inverse_hourglass,early,38831.15730394423,0.8114804135312746,-17.736345291137695,,21.0,0.0,250.0,0.0,21.0,0.0,,0.0,,0.0,,0.0,21.0,250.0,97.33333333333333,107.95163526114627,292.0,229.0,21.0,21.0,1.0,0.0,97348608.0,194697216.0,299008.0,32.0,32.0
0019,0.0234376073050102,0.0001793367234059,0.7651665166674765,1.6630005516666666,601.3292668333333,3,2,70678,decreasing,late,4899.978353977203,1.4559259714141033,-16.10336685180664,,181.0,0.0,40.0,1.0,,0.0,,0.0,,0.0,,0.0,40.0,181.0,110.5,70.5,221.0,141.0,181.0,40.0,0.22099447513812154,1.0,71728128.0,143456256.0,226304.0,16.0,16.0
0020,0.0151591575480639,0.000707380879363,4.666360100290621,1.1200177116666667,892.8487784333333,3,4,49360,uniform,early,369813.3885305524,0.2266874102781211,-16.04542350769043,,42.0,0.0,42.0,0.0,42.0,0.0,42.0,1.0,,0.0,,0.0,42.0,42.0,42.0,0.0,168.0,0.0,42.0,42.0,1.0,1.0,49932288.0,99864576.0,172032.0,16.0,16.0
0021,0.0062485330334876,8.594976640084283e-05,1.37551911689053,0.478305646,2090.7185123333334,3,5,479224,increasing,late,22383545.865853667,0.5008041788464023,-16.07512092590332,,56.0,1.0,66.0,1.0,94.0,1.0,142.0,0.0,208.0,0.0,,0.0,56.0,208.0,113.2,56.00857077269514,566.0,152.0,56.0,208.0,3.7142857142857144,3.0,19812672.0,39625344.0,85856.0,4.0,4.0
0022,0.0044506308206383,5.328198028561177e-05,1.19717816266704,0.3852647816666666,2595.628442,3,2,89852,increasing,late,5534.0287129580975,1.1161785188116429,-16.15706443786621,60.43,64.0,1.0,150.0,0.0,,0.0,,0.0,,0.0,,0.0,64.0,150.0,107.0,43.0,214.0,86.0,64.0,150.0,2.34375,1.0,23887872.0,47775744.0,103936.0,16.0,16.0
0023,0.0176798502192851,0.0001568515851424,0.8871771151734203,1.297706947,770.5917996666667,3,6,128455,hourglass,early,75754726.95558387,0.374302762875462,-16.051410675048828,81.17,83.0,0.0,68.0,1.0,20.0,0.0,20.0,1.0,63.0,1.0,83.0,1.0,20.0,83.0,56.166666666666664,26.592083199495466,337.0,63.0,83.0,83.0,1.0,4.0,59843664.0,119687328.0,170224.0,2.0,2.0
0024,0.0079144548217043,0.0002677626690028,3.383210531047061,0.6109128453333333,1636.9037463333334,3,3,109370,increasing,linear,66339.5385992527,0.6946279386980401,-16.149620056152344,,51.0,1.0,77.0,0.0,103.0,0.0,,0.0,,0.0,,0.0,51.0,103.0,77.0,21.228911104120876,231.0,52.0,51.0,103.0,2.019607843137255,1.0,28730880.0,57461760.0,98304.0,16.0,16.0
0025,0.0510668667646274,0.0012933168367766,2.532594848118872,3.8621951923333335,258.9260781666667,3,5,878765,decreasing,early,84108784.41796637,0.5344329507936457,-16.071651458740234,,204.0,1.0,188.0,0.0,158.0,0.0,131.0,0.0,62.0,1.0,,0.0,62.0,204.0,148.6,50.038385265713764,743.0,142.0,204.0,62.0,0.30392156862745096,2.0,228842496.0,457684992.0,346880.0,8.0,8.0
0026,0.0022405426194103,5.9454323388343926e-05,2.653568063078869,0.1823141439999999,5485.056064333333,3,2,19990,uniform,early,2541.7747732400894,2.0296972648127563,-16.172945022583008,,45.0,1.0,45.0,1.0,,0.0,,0.0,,0.0,,0.0,45.0,45.0,45.0,0.0,90.0,0.0,45.0,45.0,1.0,2.0,5909760.0,11819520.0,57600.0,8.0,8.0
0027,0.0067305164641829,0.0002560332045171,3.804064753122918,0.5494093636666667,1820.1479283333333,3,4,212706,uniform,late,1711639.2337953448,0.7119033149163343,-16.071474075317383,,88.0,1.0,88.0,1.0,88.0,1.0,88.0,1.0,,0.0,,0.0,88.0,88.0,88.0,0.0,352.0,0.0,88.0,88.0,1.0,4.0,25850880.0,51701760.0,119680.0,2.0,2.0
0028,0.0053954816057134,0.0002238359213575,4.148580937066983,0.427272089,2340.433722,3,4,116750,uniform,early,713162.6547820568,0.4539313035964934,-16.076845169067383,,65.0,1.0,65.0,1.0,65.0,0.0,65.0,0.0,,0.0,,0.0,65.0,65.0,65.0,0.0,260.0,0.0,65.0,65.0,1.0,2.0,16398720.0,32797440.0,91520.0,8.0,8.0
0029,0.0242976219817612,0.0005011600483869,2.0625888770642216,1.732020096,577.3778047000001,3,6,313491,decreasing,late,232201035.7036575,0.3101910147204402,-16.10968017578125,,149.0,1.0,110.0,0.0,80.0,0.0,58.0,0.0,45.0,0.0,41.0,1.0,41.0,149.0,80.5,38.49134101760204,483.0,108.0,149.0,41.0,0.2751677852348993,2.0,83112192.0,166224384.0,238080.0,8.0,8.0
0030,0.040298592980743,0.0007531269281772,1.868866559527532,3.133787116,319.10624196666663,3,6,263198,uniform,linear,272522374.735013,0.1781775608018589,-16.136138916015625,,76.0,0.0,76.0,0.0,76.0,0.0,76.0,1.0,76.0,0.0,76.0,0.0,76.0,76.0,76.0,0.0,456.0,0.0,76.0,76.0,1.0,1.0,188411904.0,376823808.0,350208.0,16.0,16.0
0031,0.0341484522665427,0.0004582863862493,1.342041456732013,2.5540192526666665,391.5410027,3,3,142267,decreasing,late,95513.19307494164,0.4977963780566934,-16.075939178466797,,96.0,0.0,87.0,0.0,81.0,1.0,,0.0,,0.0,,0.0,81.0,96.0,88.0,6.164414002968976,264.0,15.0,96.0,81.0,0.84375,1.0,144571392.0,289142784.0,270336.0,16.0,16.0
0032,0.041248069146102,0.0005073210549783,1.2299267953159885,3.073280132,325.3883599,3,6,563525,inverse_hourglass,early,590637816.7847197,0.28355709081832,-16.07508087158203,86.49,85.0,0.0,120.0,1.0,124.0,0.0,124.0,1.0,104.0,0.0,85.0,0.0,85.0,124.0,107.0,16.950909513454825,642.0,39.0,85.0,85.0,1.0,2.0,178583040.0,357166080.0,285504.0,8.0,8.0
0033,0.0034785238803765,5.640829288334853e-05,1.6216158009311177,0.292451814,3419.375243666667,3,5,80019,decreasing,linear,2547165.5555451512,0.3666838421706754,-16.06006622314453,,60.0,1.0,54.0,1.0,46.0,1.0,38.0,1.0,31.0,1.0,,0.0,31.0,60.0,45.8,10.476640682967036,229.0,29.0,60.0,31.0,0.5166666666666667,5.0,10848744.0,21697488.0,78940.0,1.0,1.0
0034,0.2462892181387705,0.0018211936045772,0.739453240519494,18.02814924666667,55.46896133,3,6,1020472,inverse_hourglass,late,1211024651.3473277,0.269847731108222,-16.20608139038086,,81.0,0.0,104.0,0.0,223.0,0.0,223.0,0.0,104.0,0.0,81.0,0.0,81.0,223.0,136.0,62.23075338340897,816.0,142.0,81.0,81.0,1.0,0.0,1043288064.0,2086576128.0,835584.0,32.0,32.0
0035,0.0460708435851104,0.0008212034028014,1.782479631145366,3.346301917666666,298.84322146666665,3,5,166733,hourglass,late,15372605.244830849,0.3507938234787088,-17.42533302307129,,98.0,0.0,64.0,0.0,49.0,0.0,59.0,0.0,98.0,0.0,,0.0,49.0,98.0,73.6,20.49975609611002,368.0,49.0,98.0,98.0,1.0,0.0,169344000.0,338688000.0,376832.0,32.0,32.0
0036,0.0420195006695903,0.0023124752132452,5.503338155845292,3.125707311,319.9382902,3,4,628548,increasing,early,2083000.9194664955,0.4596934727228624,-16.0988712310791,,17.0,0.0,137.0,1.0,186.0,0.0,224.0,1.0,,0.0,,0.0,17.0,224.0,141.0,77.95190825117753,564.0,207.0,17.0,224.0,13.176470588235293,2.0,176638464.0,353276928.0,262656.0,8.0,8.0
0037,0.0572356540264239,0.0002775039106864,0.4848444827035972,4.062284414333333,246.1674338333333,3,3,205871,decreasing,linear,71375.82302692533,0.3404995986853587,-16.14333724975586,,186.0,0.0,107.0,0.0,22.0,0.0,,0.0,,0.0,,0.0,22.0,186.0,105.0,66.9676538835479,315.0,164.0,186.0,22.0,0.11827956989247312,0.0,210253824.0,420507648.0,322560.0,32.0,32.0
0038,0.0134407090273032,0.0006603689283186,4.913200092176759,0.993611666,1006.4932172,3,4,204464,increasing,late,844096.7467839718,0.2575524675077187,-16.3487548828125,74.21,29.0,1.0,45.0,0.0,95.0,0.0,177.0,0.0,,0.0,,0.0,29.0,177.0,86.5,57.64329969736292,346.0,148.0,29.0,177.0,6.103448275862069,1.0,52399872.0,104799744.0,110848.0,16.0,16.0
0039,0.028094395126626,0.0017382404199403,6.18714306574606,2.1166201303333336,472.45258293333336,3,5,170569,inverse_hourglass,early,6323215.1508044,0.2571928865462876,-16.06002426147461,,24.0,0.0,71.0,0.0,99.0,1.0,82.0,0.0,24.0,0.0,,0.0,24.0,99.0,60.0,30.71807285621935,300.0,75.0,24.0,24.0,1.0,1.0,104385024.0,208770048.0,225792.0,16.0,16.0
0040,0.0186428082928842,0.0004817817443157,2.584276664474604,1.3233583416666663,755.6566455333333,3,6,1488937,increasing,early,1178650734.959707,0.2683446563803082,-16.056114196777344,,82.0,1.0,154.0,1.0,171.0,1.0,207.0,0.0,207.0,1.0,230.0,1.0,82.0,230.0,175.16666666666666,48.61212697351237,1051.0,148.0,82.0,230.0,2.8048780487804876,5.0,59511816.0,119023632.0,141880.0,1.0,1.0
0041,0.0045347371766918,0.0001642979600628,3.623097737776129,0.3948647276831046,2532.51335524121,3,2,95135,increasing,late,6047.472940504551,1.6208509864587477,-16.092952728271484,,64.0,1.0,159.0,1.0,,0.0,,0.0,,0.0,,0.0,64.0,159.0,111.5,47.5,223.0,95.0,64.0,159.0,2.484375,2.0,25214976.0,50429952.0,106240.0,8.0,8.0
0042,0.0117028808759882,0.0009280799704489,7.930354758657877,0.9262349941315812,1079.6431780040327,3,2,187255,increasing,early,7823.552893519402,0.7831692150859609,-17.469785690307617,,90.0,1.0,225.0,0.0,,0.0,,0.0,,0.0,,0.0,90.0,225.0,157.5,67.5,315.0,135.0,90.0,225.0,2.5,1.0,49144320.0,98288640.0,149760.0,16.0,16.0
0043,0.0037164804063671,0.0001182654283624,3.1821889376788017,0.336319642225949,2973.3928630284245,3,2,11266,increasing,linear,1929.041859030724,0.3637487454266241,-16.093795776367188,,20.0,0.0,56.0,1.0,,0.0,,0.0,,0.0,,0.0,20.0,56.0,38.0,18.0,76.0,36.0,20.0,56.0,2.8,1.0,10874880.0,21749760.0,77824.0,16.0,16.0
0044,0.0007379757878575,5.636516711667132e-06,0.7637807099377919,0.0640170892618381,15620.89408638099,3,6,9432,uniform,linear,911871.5494257808,0.2516685784988909,-16.05691909790039,,14.0,1.0,14.0,1.0,14.0,0.0,14.0,1.0,14.0,1.0,14.0,1.0,14.0,14.0,14.0,0.0,84.0,0.0,14.0,14.0,1.0,5.0,1099728.0,2199456.0,19992.0,1.0,1.0
0045,0.0232681890204593,0.0004619462381808,1.9853123841079,1.7797457428501935,561.8845655714612,3,3,265642,increasing,linear,117372.87414932252,1.0460170213434894,-16.064023971557617,,39.0,0.0,124.0,1.0,196.0,1.0,,0.0,,0.0,,0.0,39.0,196.0,119.66666666666667,64.1681818002938,359.0,157.0,39.0,196.0,5.0256410256410255,2.0,101643264.0,203286528.0,217088.0,8.0,8.0
0046,0.0684641054684376,0.0009395614485772,1.372341670352259,5.136205910022753,194.69668725140136,3,6,391905,decreasing,late,380468850.3198029,0.2351444465731601,-16.04632568359375,,156.0,0.0,119.0,0.0,91.0,1.0,70.0,1.0,58.0,0.0,54.0,1.0,54.0,156.0,91.33333333333333,36.30273941300972,548.0,102.0,156.0,54.0,0.34615384615384615,3.0,294018048.0,588036096.0,399872.0,4.0,4.0
0047,0.0260687614244043,0.0007522373056165,2.88558897513382,1.870317759646388,534.6700257936116,3,4,453382,decreasing,linear,1320651.5476916134,0.4247060423576285,-16.041091918945312,,221.0,1.0,151.0,1.0,94.0,1.0,22.0,0.0,,0.0,,0.0,22.0,221.0,122.0,73.18811378905731,488.0,199.0,221.0,22.0,0.09954751131221719,3.0,91470528.0,182941056.0,271328.0,4.0,4.0
0048,0.0024580000987887,6.115024406596347e-05,2.4878047847148634,0.1960658573525817,5100.377089330483,3,3,20932,uniform,late,20828.282187640667,0.4896948800656546,-16.45342254638672,,33.0,1.0,33.0,0.0,33.0,0.0,,0.0,,0.0,,0.0,33.0,33.0,33.0,0.0,99.0,0.0,33.0,33.0,1.0,1.0,5930496.0,11860992.0,50688.0,16.0,16.0
0049,0.0073552927121071,0.000340600470089,4.630685459035895,0.637132555543754,1569.5535924078076,3,3,190743,decreasing,linear,99962.3017912507,1.2851162206070792,-16.069194793701172,,128.0,1.0,104.0,1.0,71.0,0.0,,0.0,,0.0,,0.0,71.0,128.0,101.0,23.366642891095847,303.0,57.0,128.0,71.0,0.5546875,2.0,38462976.0,76925952.0,162240.0,8.0,8.0
0050,0.0160858607706468,0.0005483385324598,3.408823066903809,1.1575160830762818,863.9333952164297,3,2,58728,increasing,early,4621.856268048286,0.7570965433622173,-16.45928382873535,,66.0,0.0,94.0,1.0,,0.0,,0.0,,0.0,,0.0,66.0,94.0,80.0,14.0,160.0,28.0,66.0,94.0,1.4242424242424243,1.0,59000832.0,118001664.0,163840.0,16.0,16.0
0051,0.0086444451401943,8.441264499721551e-05,0.9764958146905128,0.715728834459959,1397.1806175352528,3,3,76298,decreasing,late,54985.72416436672,0.5267386789835282,-16.78464126586914,,64.0,0.0,64.0,1.0,64.0,0.0,,0.0,,0.0,,0.0,64.0,64.0,64.0,0.0,192.0,0.0,64.0,64.0,1.0,1.0,48955392.0,97910784.0,147456.0,16.0,16.0
0052,0.0045204357131976,0.0002247615599772,4.972121588214298,0.3573212273246012,2798.6033789234184,3,4,102978,uniform,early,871992.5003716946,1.0344840561297306,-16.052669525146484,,61.0,1.0,61.0,1.0,61.0,1.0,61.0,1.0,,0.0,,0.0,61.0,61.0,61.0,0.0,244.0,0.0,61.0,61.0,1.0,4.0,12938832.0,25877664.0,82960.0,2.0,2.0
0053,0.0135423922288624,0.0004178658670941,3.085613383753653,1.0543479385300414,948.4587212349036,3,6,261643,decreasing,late,141390361.774997,0.1614953547929823,-16.058324813842773,,124.0,1.0,100.0,0.0,72.0,1.0,60.0,0.0,45.0,0.0,44.0,0.0,44.0,124.0,74.16666666666667,29.20283471780703,445.0,80.0,124.0,44.0,0.3548387096774194,2.0,53770752.0,107541504.0,180544.0,8.0,8.0
0054,0.0595322102356336,0.0012529214279305,2.104610971054748,4.470659641173812,223.6825016473637,3,6,1040372,increasing,linear,1322201167.5476863,0.1819628427319157,-16.127925872802734,83.77,66.0,1.0,102.0,0.0,133.0,0.0,161.0,0.0,192.0,0.0,221.0,0.0,66.0,221.0,145.83333333333334,52.3940730320605,875.0,155.0,66.0,221.0,3.3484848484848486,1.0,266911488.0,533822976.0,274688.0,16.0,16.0
0055,0.0118544009709553,7.223872129974656e-05,0.6093831436673987,0.9659048269821464,1035.3402802653056,3,2,53420,decreasing,early,4354.413556456566,0.5123467712692941,-16.117969512939453,,80.0,0.0,70.0,1.0,,0.0,,0.0,,0.0,,0.0,70.0,80.0,75.0,5.0,150.0,10.0,80.0,70.0,0.875,1.0,53821440.0,107642880.0,153600.0,16.0,16.0
0056,0.0107200848779876,0.0007134430545829,6.655199680815241,0.8319318882093676,1202.0330400141445,3,6,447738,hourglass,late,37760952.68229933,0.1442845258739793,-16.064430236816406,,110.0,1.0,104.0,1.0,94.0,1.0,94.0,1.0,94.0,1.0,110.0,0.0,94.0,110.0,101.0,7.280109889280518,606.0,16.0,110.0,110.0,1.0,5.0,36713556.0,73427112.0,147270.0,1.0,1.0
0057,0.0649727426052959,0.0014575654741684,2.2433491580046283,4.682260174284802,213.5733991100068,3,6,532793,decreasing,late,494522505.5866671,0.2383908902023715,-16.060588836669922,85.08,166.0,0.0,133.0,1.0,107.0,1.0,89.0,0.0,78.0,0.0,74.0,0.0,74.0,166.0,107.83333333333333,32.67729418962891,647.0,92.0,166.0,74.0,0.4457831325301205,2.0,253657152.0,507314304.0,348992.0,8.0,8.0
0058,0.003270308580887,4.8717559794291855e-05,1.4896930546253468,0.2794797246712965,3578.1126576791976,3,2,51413,increasing,early,4487.341244995594,1.4525239413991575,-16.07444190979004,,22.0,1.0,243.0,1.0,,0.0,,0.0,,0.0,,0.0,22.0,243.0,132.5,110.5,265.0,221.0,22.0,243.0,11.045454545454545,2.0,12925440.0,25850880.0,84736.0,8.0,8.0
0059,0.0068076816739257,9.05543656838492e-05,1.3301792008090372,0.5213937563226633,1917.950161682925,3,5,569800,increasing,late,23367361.747131884,0.4135906083103354,-16.05807876586914,,60.0,1.0,71.0,1.0,102.0,1.0,155.0,1.0,229.0,1.0,,0.0,60.0,229.0,123.4,62.24660633319699,617.0,169.0,60.0,229.0,3.816666666666667,5.0,19199772.0,38399544.0,89540.0,1.0,1.0
0060,0.0646934126755835,0.0003709244464426,0.573357365305127,5.107612117567965,195.7880536003973,3,4,520631,decreasing,early,2703951.314242959,0.4808589352129671,-16.075382232666016,,184.0,0.0,160.0,1.0,129.0,1.0,55.0,0.0,,0.0,,0.0,55.0,184.0,132.0,48.54379466007988,528.0,129.0,184.0,55.0,0.29891304347826086,2.0,328047552.0,656095104.0,388800.0,8.0,8.0
0061,0.0105541661372241,0.0008352374898034,7.913817907959736,0.8249706745258544,1212.1766810142965,3,4,527525,increasing,late,4023179.895888373,1.118390688624501,-16.071250915527344,84.18,94.0,1.0,112.0,1.0,148.0,1.0,209.0,1.0,,0.0,,0.0,94.0,209.0,140.75,43.939589210642374,563.0,115.0,94.0,209.0,2.223404255319149,4.0,40857408.0,81714816.0,137744.0,2.0,2.0
0062,0.2430152719880613,0.0042971609592046,1.768267864011323,17.60029265905935,56.81759470676754,3,5,1018995,increasing,linear,109381266.18612936,0.237956621413765,-16.07691764831543,,91.0,0.0,130.0,0.0,169.0,0.0,197.0,0.0,231.0,0.0,,0.0,91.0,231.0,163.6,49.16746892000848,818.0,140.0,91.0,231.0,2.5384615384615383,0.0,1040237568.0,2080475136.0,837632.0,32.0,32.0
0063,0.0113108031545785,0.0008310228865364,7.347160720412741,0.9073390607220194,1102.1417927731986,3,5,159790,hourglass,linear,13483309.962975023,0.5614268416753098,-16.1015625,,72.0,1.0,68.0,0.0,58.0,0.0,66.0,0.0,72.0,1.0,,0.0,58.0,72.0,67.2,5.1536394906900505,336.0,14.0,72.0,72.0,1.0,2.0,42126336.0,84252672.0,141312.0,8.0,8.0
0064,0.0033804285716678,2.524170622015496e-05,0.7467013630079687,0.2688018239332593,3720.227300895787,3,4,66846,uniform,late,546744.27813375,0.7318479018515145,-16.076332092285156,,49.0,1.0,49.0,1.0,49.0,1.0,49.0,1.0,,0.0,,0.0,49.0,49.0,49.0,0.0,196.0,0.0,49.0,49.0,1.0,4.0,8615376.0,17230752.0,66640.0,2.0,2.0
0065,0.0051601013412294,0.0001985253261808,3.847314481881383,0.4493219851399874,2225.592283126188,3,2,79774,uniform,late,5789.179214179516,1.906888372238719,-16.115230560302734,,92.0,1.0,92.0,1.0,,0.0,,0.0,,0.0,,0.0,92.0,92.0,92.0,0.0,184.0,0.0,92.0,92.0,1.0,2.0,22044672.0,44089344.0,117760.0,8.0,8.0
0066,0.0120262942940499,0.0004219850949004,3.508853887845288,0.9677133109676812,1033.3744240578962,3,2,54958,uniform,linear,4345.20688867569,0.3483299669198266,-16.17709732055664,,76.0,0.0,76.0,1.0,,0.0,,0.0,,0.0,,0.0,76.0,76.0,76.0,0.0,152.0,0.0,76.0,76.0,1.0,1.0,55332864.0,110665728.0,155648.0,16.0,16.0
0067,0.0027874141379283,4.160174026035821e-05,1.492485084806134,0.2266355974371907,4412.377673825761,3,2,27358,uniform,late,2965.1598759889603,0.9991498960347732,-16.101848602294922,,53.0,1.0,53.0,0.0,,0.0,,0.0,,0.0,,0.0,53.0,53.0,53.0,0.0,106.0,0.0,53.0,53.0,1.0,1.0,7937280.0,15874560.0,67840.0,16.0,16.0
0068,0.014124774034824,0.0004668748880095,3.305361819300374,1.1366905836428836,879.757376144973,3,2,57960,decreasing,early,4468.081159353256,1.090405623804905,-16.06845474243164,,92.0,0.0,66.0,1.0,,0.0,,0.0,,0.0,,0.0,66.0,92.0,79.0,13.0,158.0,26.0,92.0,66.0,0.717391304347826,1.0,58503168.0,117006336.0,161792.0,16.0,16.0
0069,0.0489297584241961,0.0011675283644067,2.38613147092374,3.7669982899936,265.4651482447248,3,4,412074,hourglass,late,3527087.004991621,0.357787108229474,-16.133630752563477,,192.0,0.0,94.0,1.0,94.0,0.0,192.0,0.0,,0.0,,0.0,94.0,192.0,143.0,49.0,572.0,98.0,192.0,192.0,1.0,1.0,233579520.0,467159040.0,366080.0,16.0,16.0
0070,0.0036408403049146,1.1767518824608671e-05,0.3232088704556503,0.2363781467815525,4230.530296599137,3,2,28360,uniform,late,3337.098767697811,2.1206448697090177,-16.184303283691406,,54.0,1.0,54.0,1.0,,0.0,,0.0,,0.0,,0.0,54.0,54.0,54.0,0.0,108.0,0.0,54.0,54.0,1.0,2.0,8211456.0,16422912.0,69120.0,8.0,8.0
0071,0.0025422265514363,5.733135799274344e-05,2.2551632135362274,0.2050017069645699,4878.012961443553,3,5,11128,uniform,late,393743.9511423111,0.2695314618643107,-16.081918716430664,,17.0,0.0,17.0,1.0,17.0,0.0,17.0,0.0,17.0,0.0,,0.0,17.0,17.0,17.0,0.0,85.0,0.0,17.0,17.0,1.0,1.0,5131008.0,10262016.0,47872.0,16.0,16.0
0072,0.0082027971965906,0.0004863282547333,5.928809930050613,0.6497725742472749,1539.0168863088477,3,3,190974,increasing,late,125493.43807780744,1.969949073879825,-16.070579528808594,,85.0,1.0,99.0,1.0,125.0,1.0,,0.0,,0.0,,0.0,85.0,125.0,103.0,16.57307052620807,309.0,40.0,85.0,125.0,1.4705882352941178,3.0,28866240.0,57732480.0,120384.0,4.0,4.0
0073,0.0137747143946385,0.00059747489601,4.3374757464492175,1.0285076200898688,972.2933268981526,3,4,135983,increasing,early,789669.5020930171,0.3031449450430804,-16.066200256347656,,33.0,0.0,68.0,1.0,77.0,0.0,96.0,0.0,,0.0,,0.0,33.0,96.0,68.5,22.85278976405288,274.0,63.0,33.0,96.0,2.909090909090909,1.0,50688000.0,101376000.0,147712.0,16.0,16.0
0074,0.0115087070984067,0.0010717306276586,9.31234602197022,0.9876852331760796,1012.4779871972488,3,4,54086,uniform,linear,381358.249735713,0.1704772891782016,-16.238672256469727,,44.0,0.0,44.0,0.0,44.0,0.0,44.0,0.0,,0.0,,0.0,44.0,44.0,44.0,0.0,176.0,0.0,44.0,44.0,1.0,0.0,54743040.0,109486080.0,180224.0,32.0,32.0
0075,0.0121472816711671,0.000130989902996,1.078347457003181,0.903137322509236,1107.255949307548,3,3,190191,decreasing,early,91990.40340089798,1.653178551427534,-16.376449584960938,,130.0,1.0,111.0,1.0,56.0,0.0,,0.0,,0.0,,0.0,56.0,130.0,99.0,31.379398762032817,297.0,74.0,130.0,56.0,0.4307692307692308,2.0,40421376.0,80842752.0,165120.0,8.0,8.0
0076,0.0037515609369913,0.0001629328371804,4.343067856739773,0.3462076203008091,2888.468985452975,3,2,22618,uniform,linear,2783.049815177917,0.4840214224599128,-21.87224006652832,,48.0,0.0,48.0,0.0,,0.0,,0.0,,0.0,,0.0,48.0,48.0,48.0,0.0,96.0,0.0,48.0,48.0,1.0,0.0,22560768.0,45121536.0,98304.0,32.0,32.0
0077,0.0114331271967512,0.000678996085978,5.938848350877673,0.8794899097714182,1137.0262170964277,3,5,251500,uniform,linear,25263720.928215142,0.524249728444371,-16.057558059692383,83.37,83.0,1.0,83.0,0.0,83.0,1.0,83.0,1.0,83.0,1.0,,0.0,83.0,83.0,83.0,0.0,415.0,0.0,83.0,83.0,1.0,4.0,38999376.0,77998752.0,134128.0,2.0,2.0
0078,0.0312734312659077,0.0004256737394468,1.3611353862244222,2.531372243140292,395.0477446067249,3,3,140786,hourglass,linear,95176.4363090992,0.2158510749565148,-16.460947036743164,,100.0,0.0,76.0,0.0,100.0,0.0,,0.0,,0.0,,0.0,76.0,100.0,92.0,11.313708498984761,276.0,24.0,100.0,100.0,1.0,0.0,142848000.0,285696000.0,282624.0,32.0,32.0
0079,0.0033568471379174,6.001354114949888e-05,1.7877948766749925,0.2819523574651197,3546.720248337849,3,6,221189,increasing,linear,49059333.35417312,0.2632166489118895,-16.064132690429688,,16.0,1.0,36.0,0.0,59.0,1.0,74.0,1.0,94.0,1.0,110.0,1.0,16.0,110.0,64.83333333333333,32.209815619190096,389.0,94.0,16.0,110.0,6.875,5.0,10551888.0,21103776.0,47384.0,1.0,1.0
0080,0.0103647554558934,0.0002866044763584,2.765183197790753,0.79016674649382,1265.570593708376,3,3,229200,inverse_hourglass,linear,98958.06444385648,3.0884091803915386,-16.101116180419922,,57.0,1.0,221.0,1.0,57.0,1.0,,0.0,,0.0,,0.0,57.0,221.0,111.66666666666667,77.3103414097292,335.0,164.0,57.0,57.0,1.0,3.0,37855296.0,75710592.0,118592.0,4.0,4.0
0081,0.0434233141758967,0.0004256117636245,0.9801457389929406,3.11610344878364,320.9138390183476,3,3,172229,increasing,late,99650.63354876636,0.4883889018902298,-17.38983154296875,66.03,59.0,0.0,86.0,0.0,159.0,0.0,,0.0,,0.0,,0.0,59.0,159.0,101.33333333333333,42.240054713769275,304.0,100.0,59.0,159.0,2.694915254237288,0.0,174412800.0,348825600.0,311296.0,32.0,32.0
0082,0.0116975655031407,0.0006074331527932,5.192816852619077,0.9076460566165936,1101.759376739399,3,4,220964,increasing,late,1112441.8222598135,0.4334408423119439,-16.131744384765625,,39.0,0.0,56.0,1.0,102.0,1.0,160.0,0.0,,0.0,,0.0,39.0,160.0,89.25,46.90082621873521,357.0,121.0,39.0,160.0,4.102564102564102,2.0,43766784.0,87533568.0,133632.0,8.0,8.0
0083,0.0046857407077828,0.0001863668770636,3.977319461022113,0.3729535279123562,2681.3168697565766,3,5,315047,inverse_hourglass,early,4527296.056714296,0.4089362188974196,-16.062557220458984,,19.0,1.0,107.0,1.0,144.0,1.0,107.0,1.0,19.0,1.0,,0.0,19.0,144.0,79.2,50.97607281852929,396.0,125.0,19.0,19.0,1.0,5.0,16376292.0,32752584.0,57852.0,1.0,1.0
0084,0.0139977203179301,0.0004737803380139,3.384696416651938,1.0840680493973969,922.4590288151144,3,6,277477,inverse_hourglass,linear,105349249.69805062,0.3266040320007499,-16.055519104003906,,44.0,0.0,68.0,1.0,103.0,1.0,103.0,1.0,68.0,1.0,44.0,1.0,44.0,103.0,71.66666666666667,24.225789747475496,430.0,59.0,44.0,44.0,1.0,5.0,52155072.0,104310144.0,148912.0,1.0,1.0
0085,0.1140872105113419,0.0002036036372074,0.1784631566455718,8.584752638972432,116.4863293024856,3,5,473346,hourglass,linear,54902159.2414943,0.3004511448316326,-16.067974090576172,,136.0,0.0,115.0,0.0,88.0,0.0,117.0,0.0,136.0,1.0,,0.0,88.0,136.0,118.4,17.647662734764623,592.0,48.0,136.0,136.0,1.0,1.0,482697216.0,965394432.0,606208.0,16.0,16.0
0086,0.0030557992239946,7.511752309529963e-05,2.45819563358301,0.2525440308331821,3959.722596535511,3,2,31474,uniform,linear,3214.9519987106323,1.7741484606467448,-16.131656646728516,,57.0,1.0,57.0,1.0,,0.0,,0.0,,0.0,,0.0,57.0,57.0,57.0,0.0,114.0,0.0,57.0,57.0,1.0,2.0,9061632.0,18123264.0,72960.0,8.0,8.0
0087,0.0045275983572039,0.0002034106860497,4.492683979489119,0.3699112116403431,2703.3734490458487,3,3,113554,increasing,linear,65911.64903068542,1.239429801195088,-16.249927520751953,,49.0,1.0,79.0,1.0,107.0,0.0,,0.0,,0.0,,0.0,49.0,107.0,78.33333333333333,23.683092891108814,235.0,58.0,49.0,107.0,2.183673469387755,2.0,15142464.0,30284928.0,77248.0,8.0,8.0
0088,0.2443805584296242,0.0193849204738812,7.932267852421511,15.127017704258003,66.12190128949254,3,6,1057879,decreasing,linear,920316588.7318282,0.3433560694758534,-16.047643661499023,84.42,248.0,0.0,214.0,0.0,154.0,1.0,119.0,0.0,81.0,1.0,33.0,0.0,33.0,248.0,141.5,73.8167776773456,849.0,215.0,248.0,33.0,0.13306451612903225,2.0,865661760.0,1731323520.0,684096.0,8.0,8.0
0089,0.0408153720303962,0.005902109059136,14.460505357492634,2.547534825416897,392.8067541752308,3,4,467198,decreasing,late,2984031.42886889,0.4015581106656739,-16.683773040771484,,203.0,1.0,139.0,0.0,101.0,0.0,88.0,0.0,,0.0,,0.0,88.0,203.0,132.75,44.6787141712919,531.0,115.0,203.0,88.0,0.43349753694581283,1.0,123448320.0,246896640.0,291840.0,16.0,16.0
0090,0.0694879148250317,0.0009193720944103,1.3230676107138026,5.033952659518035,198.6534162168124,3,6,902643,inverse_hourglass,linear,742645510.2258637,0.2111921686247179,-16.063377380371094,,58.0,0.0,115.0,1.0,201.0,0.0,201.0,0.0,115.0,0.0,58.0,0.0,58.0,201.0,124.66666666666667,58.77830287520123,748.0,143.0,58.0,58.0,1.0,1.0,278039808.0,556079616.0,324352.0,16.0,16.0
0091,0.0040110504420804,6.063876717078066e-05,1.5117926848940084,0.3267393421114754,3060.546287174672,3,6,39102,uniform,early,13066314.911753476,0.2847957211895222,-16.15198516845703,,29.0,1.0,29.0,0.0,29.0,0.0,29.0,0.0,29.0,0.0,29.0,0.0,29.0,29.0,29.0,0.0,174.0,0.0,29.0,29.0,1.0,1.0,10490112.0,20980224.0,66816.0,16.0,16.0
0092,0.003502803004408,0.0001007233964172,2.875508451102141,0.3013676199005795,3318.2408605280166,3,5,99538,uniform,linear,4927625.789667487,0.2685258281094282,-16.089019775390625,,52.0,1.0,52.0,1.0,52.0,0.0,52.0,1.0,52.0,0.0,,0.0,52.0,52.0,52.0,0.0,260.0,0.0,52.0,52.0,1.0,3.0,11172096.0,22344192.0,74048.0,4.0,4.0
0093,0.0014422413691175,1.4370442663952136e-05,0.9963965097427012,0.1204040792071028,8305.45696808726,3,4,19328,uniform,early,151050.7707925439,0.5857047914634463,-16.061996459960938,,26.0,1.0,26.0,1.0,26.0,1.0,26.0,1.0,,0.0,,0.0,26.0,26.0,26.0,0.0,104.0,0.0,26.0,26.0,1.0,4.0,2763072.0,5526144.0,35360.0,2.0,2.0
0094,0.0071249067558598,0.0003801439669848,5.335423746734283,0.5517475275429106,1812.44432220133,3,5,112512,hourglass,linear,8524938.038908273,0.2966839227095184,-16.1048641204834,75.96,89.0,1.0,55.0,0.0,21.0,1.0,55.0,0.0,89.0,1.0,,0.0,21.0,89.0,61.8,25.4432702300628,309.0,68.0,89.0,89.0,1.0,3.0,19884672.0,39769344.0,119808.0,4.0,4.0
0095,0.0045649151139467,0.0001719326532434,3.766393217656221,0.3576246232269396,2796.255828386946,3,2,48758,decreasing,late,4460.38768529892,1.863980924967363,-16.332523345947266,,75.0,1.0,68.0,1.0,,0.0,,0.0,,0.0,,0.0,68.0,75.0,71.5,3.5,143.0,7.0,75.0,68.0,0.9066666666666666,2.0,13824000.0,27648000.0,94208.0,8.0,8.0
0096,0.0006569777613802,2.4127434224609184e-06,0.3672488726851045,0.0552632947678389,18095.517712825906,3,5,6640,uniform,late,207886.14436793327,0.3311256254375984,-16.104572296142578,,13.0,1.0,13.0,1.0,13.0,1.0,13.0,0.0,13.0,1.0,,0.0,13.0,13.0,13.0,0.0,65.0,0.0,13.0,13.0,1.0,4.0,894816.0,1789632.0,17888.0,2.0,2.0
0097,0.006430607354401,0.0003949154430282,6.141184203355532,0.5232536033945073,1911.153690861556,3,3,104340,decreasing,late,75370.73047626019,1.3827670809837909,-16.089773178100586,,100.0,1.0,70.0,1.0,60.0,1.0,,0.0,,0.0,,0.0,60.0,100.0,76.66666666666667,16.996731711975947,230.0,40.0,100.0,60.0,0.6,3.0,21312000.0,42624000.0,124160.0,4.0,4.0
0098,0.0064449773124673,5.830054664990065e-05,0.9045888577004384,0.5173305912678147,1933.0093383841788,3,3,33687,inverse_hourglass,late,30640.32388228178,0.4555228513907869,-16.05895233154297,,38.0,0.0,47.0,1.0,38.0,1.0,,0.0,,0.0,,0.0,38.0,47.0,41.0,4.242640687119285,123.0,9.0,38.0,38.0,1.0,2.0,21625344.0,43250688.0,96768.0,8.0,8.0
0099,0.0274249045206119,0.0003082522868579,1.1239867275609143,2.037696289992089,490.75296003583446,3,4,298557,inverse_hourglass,linear,1428376.686176002,0.2569230369436459,-16.099721908569336,,53.0,0.0,136.0,1.0,136.0,1.0,53.0,0.0,,0.0,,0.0,53.0,136.0,94.5,41.5,378.0,83.0,53.0,53.0,1.0,2.0,114660864.0,229321728.0,231744.0,8.0,8.0
0100,0.0056052923144896,0.0002713147459439,4.840331792198692,0.480816759501964,2079.851449466245,3,6,59878,uniform,late,14181842.585464954,0.199788975210591,-16.05448341369629,,36.0,0.0,36.0,1.0,36.0,1.0,36.0,1.0,36.0,1.0,36.0,1.0,36.0,36.0,36.0,0.0,216.0,0.0,36.0,36.0,1.0,5.0,16905024.0,33810048.0,85968.0,1.0,1.0
0101,0.0610890906353715,0.0004106344147446,0.6721894375472653,3.7608170714103424,265.9109137321931,3,3,213119,increasing,early,101077.84780618548,0.3485503259632536,-16.362348556518555,,54.0,0.0,119.0,0.0,142.0,0.0,,0.0,,0.0,,0.0,54.0,142.0,105.0,37.26481808176,315.0,88.0,54.0,142.0,2.6296296296296298,0.0,216446976.0,432893952.0,322560.0,32.0,32.0
0102,0.0093452718426891,0.0013070183919388,13.985878783840684,0.5905417761070624,1693.479659885624,3,4,312731,inverse_hourglass,linear,1272011.195294857,0.4042687158997972,-16.054431915283203,,34.0,1.0,155.0,1.0,155.0,1.0,34.0,1.0,,0.0,,0.0,34.0,155.0,94.5,60.5,378.0,121.0,34.0,34.0,1.0,4.0,27679392.0,55358784.0,84960.0,2.0,2.0
0103,0.0849443992348342,0.000690761334781,0.8131923246303246,5.3735458669801766,186.1020165365896,3,6,1015965,increasing,linear,1555843159.3381276,0.3659456066636158,-16.117189407348633,,87.0,0.0,107.0,1.0,143.0,0.0,164.0,0.0,176.0,0.0,201.0,0.0,87.0,201.0,146.33333333333334,39.2838672004453,878.0,114.0,87.0,201.0,2.310344827586207,1.0,325492992.0,650985984.0,373760.0,16.0,16.0
0104,0.0118114652550038,0.0009113480386672,7.715791554999378,0.8159368588139582,1225.5915687438232,3,3,136133,decreasing,linear,81770.46103686094,0.8884774448674864,-16.2576904296875,,106.0,1.0,86.0,0.0,65.0,0.0,,0.0,,0.0,,0.0,65.0,106.0,85.66666666666667,16.73983937265296,257.0,41.0,106.0,65.0,0.6132075471698113,1.0,36813312.0,73626624.0,147200.0,16.0,16.0
0105,0.0077652869644178,0.0004218845121188,5.432954558563126,0.5614289333354132,1781.1815649084958,3,3,199639,increasing,linear,127371.40904569626,1.1323196380330385,-16.056774139404297,,96.0,1.0,105.0,1.0,111.0,1.0,,0.0,,0.0,,0.0,96.0,111.0,104.0,6.164414002968976,312.0,15.0,96.0,111.0,1.15625,3.0,32591808.0,65183616.0,132288.0,4.0,4.0
0106,0.005096189592358,4.887107739403259e-05,0.9589729053117864,0.3624390051651515,2759.1165994867924,3,2,52180,uniform,late,4487.511345803738,1.798031309544626,-16.06557273864746,,74.0,1.0,74.0,1.0,,0.0,,0.0,,0.0,,0.0,74.0,74.0,74.0,0.0,148.0,0.0,74.0,74.0,1.0,2.0,14662656.0,29325312.0,94720.0,8.0,8.0
0107,0.0377295911222877,0.000770856842236,2.043109451511397,2.333358737534578,428.56845627473785,3,3,185987,decreasing,linear,120583.88384139538,1.2323181205599318,-16.081501007080078,,110.0,0.0,99.0,1.0,94.0,1.0,,0.0,,0.0,,0.0,94.0,110.0,101.0,6.683312551921141,303.0,16.0,110.0,94.0,0.8545454545454545,2.0,124844544.0,249689088.0,238080.0,8.0,8.0
0108,0.0212877060848248,0.0006811821809413,3.199885315153557,1.4256130678749523,701.4603464986058,3,5,140009,hourglass,late,12820190.791084826,0.2936003667273515,-16.06965446472168,,116.0,0.0,50.0,1.0,30.0,0.0,53.0,1.0,116.0,1.0,,0.0,30.0,116.0,73.0,35.988887173681825,365.0,86.0,116.0,116.0,1.0,3.0,67320576.0,134641152.0,198656.0,4.0,4.0
0109,0.062425005151078,0.0009528598943212,1.5264073939845049,3.890565998801569,257.0324204524124,3,5,285995,decreasing,early,22569405.0072462,0.209600664402657,-16.277442932128906,,105.0,0.0,100.0,0.0,89.0,1.0,83.0,0.0,55.0,0.0,,0.0,55.0,105.0,86.4,17.522556891047607,432.0,50.0,105.0,55.0,0.5238095238095238,1.0,209230848.0,418461696.0,336384.0,16.0,16.0
0110,0.0021330938014934,1.869961126614326e-05,0.8766427080258337,0.1495101693671713,6688.5393816744645,3,5,20020,uniform,late,909382.3928115964,0.2624196264388868,-16.061832427978516,,23.0,1.0,23.0,0.0,23.0,1.0,23.0,0.0,23.0,1.0,,0.0,23.0,23.0,23.0,0.0,115.0,0.0,23.0,23.0,1.0,3.0,3682944.0,7365888.0,38272.0,4.0,4.0
0111,0.0502603421214645,0.0024090509112413,4.793144673427418,3.143691430560359,318.1047465449089,3,5,326720,decreasing,linear,26261791.80947745,0.3029994535064657,-16.047746658325195,,133.0,0.0,113.0,1.0,92.0,1.0,72.0,0.0,52.0,1.0,,0.0,52.0,133.0,92.4,28.7095802825468,462.0,81.0,133.0,52.0,0.39097744360902253,3.0,172108800.0,344217600.0,283392.0,4.0,4.0
0112,0.2693138089499891,0.0007800498797431,0.2896434767992248,16.830790946101818,59.414945534210375,3,6,998572,decreasing,linear,1156765228.747857,0.2464731810914605,-16.20360565185547,,220.0,0.0,203.0,0.0,166.0,0.0,110.0,0.0,84.0,0.0,51.0,0.0,51.0,220.0,139.0,61.90853468356901,834.0,169.0,220.0,51.0,0.2318181818181818,0.0,1021151232.0,2042302464.0,854016.0,32.0,32.0
0113,0.0035719747459825,2.970403250698589e-05,0.83158573672432,0.2539427537920781,3937.9032361678833,3,6,114320,increasing,late,42051592.142279744,0.1540513340986478,-16.06937026977539,79.35,30.0,1.0,32.0,0.0,38.0,1.0,49.0,0.0,64.0,1.0,83.0,0.0,30.0,83.0,49.333333333333336,18.93556324896504,296.0,53.0,30.0,83.0,2.7666666666666666,3.0,9486720.0,18973440.0,57200.0,4.0,4.0
0114,0.113712354721056,0.0007481430513892,0.6579259159873228,7.076222165132576,141.31941784314523,3,6,760375,increasing,late,1247374086.8577626,0.2461596544668921,-16.060501098632812,,88.0,0.0,89.0,0.0,103.0,0.0,129.0,1.0,163.0,0.0,200.0,1.0,88.0,200.0,128.66666666666666,41.13662871726635,772.0,112.0,88.0,200.0,2.272727272727273,2.0,405105408.0,810210816.0,511744.0,8.0,8.0
0115,0.0238494793619163,0.001056119706826,4.428271539178842,1.5182772523895784,658.6509068487608,3,6,680350,increasing,late,516575044.9202684,0.2503272900093136,-16.057308197021484,,42.0,0.0,48.0,1.0,73.0,0.0,118.0,1.0,168.0,0.0,245.0,1.0,42.0,245.0,115.66666666666667,72.22341879350645,694.0,203.0,42.0,245.0,5.833333333333333,3.0,82787328.0,165574656.0,167488.0,4.0,4.0
0116,0.0410116702199192,3.379291356359438e-05,0.0823982865910719,2.4824628190625946,402.8265191788976,3,4,123960,uniform,early,947331.6232056022,0.3087036594473976,-16.227867126464844,,67.0,0.0,67.0,0.0,67.0,0.0,67.0,0.0,,0.0,,0.0,67.0,67.0,67.0,0.0,268.0,0.0,67.0,67.0,1.0,0.0,125964288.0,251928576.0,274432.0,32.0,32.0
0117,0.0321834937549113,0.0011586760262922,3.600218283061368,2.153031225821026,464.462273712328,3,6,218130,decreasing,late,121246085.2578587,0.2644032317578535,-16.08255386352539,,111.0,0.0,87.0,1.0,67.0,1.0,54.0,0.0,48.0,0.0,44.0,0.0,44.0,111.0,68.5,23.73991013743172,411.0,67.0,111.0,44.0,0.3963963963963964,2.0,110291328.0,220582656.0,229248.0,8.0,8.0
0118,0.0120704080044407,0.0008433951824773,6.987296387719574,0.8025658561268679,1246.0146514647138,3,3,37589,increasing,linear,33055.2647523284,0.472212100068132,-16.2927188873291,,30.0,0.0,45.0,0.0,59.0,1.0,,0.0,,0.0,,0.0,30.0,59.0,44.666666666666664,11.841546445554407,134.0,29.0,30.0,59.0,1.9666666666666666,1.0,37739520.0,75479040.0,137216.0,16.0,16.0
0119,0.0092129069970523,0.0005035691500642,5.465909405417668,0.6404310164382556,1561.449330124262,3,5,334051,inverse_hourglass,linear,17188986.761425495,0.3798611603823851,-16.051239013671875,,95.0,1.0,96.0,1.0,96.0,1.0,96.0,1.0,95.0,1.0,,0.0,95.0,96.0,95.6,0.4898979485566356,478.0,1.0,95.0,95.0,1.0,5.0,30602880.0,61205760.0,129916.0,1.0,1.0
0120,0.0028117520786756,3.669898065880613e-05,1.305199734255779,0.1999373158365229,5001.590651494261,3,4,40556,uniform,linear,289646.1095071435,0.321583293888351,-16.059024810791016,71.48,38.0,1.0,38.0,1.0,38.0,0.0,38.0,1.0,,0.0,,0.0,38.0,38.0,38.0,0.0,152.0,0.0,38.0,38.0,1.0,3.0,6041088.0,12082176.0,53504.0,4.0,4.0
0121,0.1480547460794739,0.0008486143939468,0.5731760827791109,8.963590933729472,111.56247036087224,3,5,500687,hourglass,late,64531896.24720669,0.265583493479457,-16.07652473449707,,182.0,0.0,105.0,0.0,79.0,0.0,105.0,0.0,182.0,1.0,,0.0,79.0,182.0,130.6,43.02836273901204,653.0,103.0,182.0,182.0,1.0,1.0,510160896.0,1020321792.0,668672.0,16.0,16.0
0122,0.0030533843817294,4.320263420488333e-05,1.414909778912723,0.2254151745448691,4436.260231082561,3,3,43609,decreasing,linear,38089.31850785017,0.6855426473550101,-16.07347869873047,,60.0,1.0,47.0,1.0,38.0,1.0,,0.0,,0.0,,0.0,38.0,60.0,48.333333333333336,9.030811456096044,145.0,22.0,60.0,38.0,0.6333333333333333,3.0,9184896.0,18369792.0,75904.0,4.0,4.0
0123,0.0272705833440743,0.0002268184787649,0.8317331386101232,1.6765688919846276,596.4589320455043,3,5,374710,decreasing,linear,40300867.57069218,0.2666435110442403,-16.060911178588867,,119.0,1.0,110.0,0.0,101.0,0.0,92.0,1.0,83.0,1.0,,0.0,83.0,119.0,101.0,12.727922061357855,505.0,36.0,119.0,83.0,0.6974789915966386,3.0,84854016.0,169708032.0,204736.0,4.0,4.0
0124,0.0264273411787669,0.0006641811345463,2.513234797452944,1.6201427674412188,617.2312198350571,3,5,92110,uniform,early,6866849.790919185,0.340219555263052,-16.105777740478516,,50.0,0.0,50.0,0.0,50.0,0.0,50.0,1.0,50.0,1.0,,0.0,50.0,50.0,50.0,0.0,250.0,0.0,50.0,50.0,1.0,2.0,76262400.0,152524800.0,217600.0,8.0,8.0
0125,0.2952002713482779,0.00014444904744,0.0489325591674797,19.082714956051507,52.40362869993383,3,6,1251204,inverse_hourglass,early,1085903544.9377155,0.1983019400292799,-16.072628021240234,83.62,46.0,0.0,165.0,0.0,224.0,0.0,224.0,0.0,163.0,1.0,46.0,0.0,46.0,224.0,144.66666666666666,73.94517488578204,868.0,178.0,46.0,46.0,1.0,1.0,1228036608.0,2456073216.0,853504.0,16.0,16.0
0126,0.0041493501612894,0.0001292390615086,3.114681973923316,0.2823135835698082,3542.669675012754,3,6,37680,increasing,late,9627897.945307374,0.3769559204069708,-16.098800659179688,,17.0,0.0,18.0,1.0,21.0,0.0,27.0,0.0,36.0,1.0,51.0,0.0,17.0,51.0,28.333333333333332,11.995369476964388,170.0,34.0,17.0,51.0,3.0,2.0,8764416.0,17528832.0,60608.0,8.0,8.0
0127,0.0126705110269852,0.0009297018662361,7.337524621194218,0.8171973613533421,1223.6977622719355,3,6,1303183,inverse_hourglass,early,176446355.78773922,0.2147271818543043,-16.079553604125977,83.99,19.0,1.0,162.0,1.0,240.0,1.0,240.0,0.0,174.0,1.0,19.0,0.0,19.0,240.0,142.33333333333334,92.09536120541335,854.0,221.0,19.0,19.0,1.0,4.0,44438760.0,88877520.0,82988.0,2.0,2.0
0128,0.0341231718457886,0.0016685893107322,4.889900968975173,2.1856446530968565,457.53178362687817,3,4,103257,decreasing,linear,531074.5814157128,0.2920618762946666,-16.141372680664062,,93.0,0.0,74.0,0.0,43.0,0.0,25.0,0.0,,0.0,,0.0,25.0,93.0,58.75,26.423237878806603,235.0,68.0,93.0,25.0,0.26881720430107525,0.0,105228288.0,210456576.0,240640.0,32.0,32.0
0129,0.0071280980219475,0.0003418469330232,4.795766443876844,0.495635100219099,2017.6177423154832,3,3,125051,inverse_hourglass,early,69333.93439424038,1.0863766667089614,-16.111711502075195,,66.0,1.0,103.0,1.0,66.0,0.0,,0.0,,0.0,,0.0,66.0,103.0,78.33333333333333,17.441967269268172,235.0,37.0,66.0,66.0,1.0,2.0,21403008.0,42806016.0,98176.0,8.0,8.0
0130,0.0060629315876301,3.136104171809521e-05,0.5172587099956587,0.4327876460590258,2310.6121034175817,3,3,98852,uniform,linear,77544.8173609376,1.0634181049207094,-16.082080841064453,,73.0,1.0,73.0,1.0,73.0,1.0,,0.0,,0.0,,0.0,73.0,73.0,73.0,0.0,219.0,0.0,73.0,73.0,1.0,3.0,17365824.0,34731648.0,98112.0,4.0,4.0
0131,0.0037305872666124,7.837249371918386e-05,2.10080848183318,0.2610304126647763,3831.0403575774335,3,3,48868,uniform,early,43253.05365037918,1.9550095711400888,-16.062545776367188,,51.0,1.0,51.0,1.0,51.0,1.0,,0.0,,0.0,,0.0,51.0,51.0,51.0,0.0,153.0,0.0,51.0,51.0,1.0,3.0,8900928.0,17801856.0,68544.0,4.0,4.0
0132,0.0439365190528603,0.0009344193891444,2.126748794141544,2.7386523854099023,365.1443810033448,3,5,360553,hourglass,late,38734938.73535863,0.3240921581761334,-16.063236236572266,,122.0,0.0,100.0,1.0,87.0,1.0,89.0,0.0,122.0,1.0,,0.0,87.0,122.0,104.0,15.349267083479914,520.0,35.0,122.0,122.0,1.0,3.0,146567232.0,293134464.0,263104.0,4.0,4.0
0133,0.0720539100343796,0.000827332229295,1.1482128157934968,4.3918209858062855,227.6968140584933,3,6,430210,hourglass,early,574173528.9690582,0.2853406080563892,-16.03183364868164,83.52,135.0,0.0,115.0,0.0,53.0,1.0,53.0,0.0,121.0,1.0,135.0,1.0,53.0,135.0,102.0,35.37890143385838,612.0,82.0,135.0,135.0,1.0,3.0,233638848.0,467277696.0,363456.0,4.0,4.0
0134,0.1027604781232096,0.0014510855031639,1.4121046628686178,6.357341071314688,157.2989581558149,3,3,424820,decreasing,linear,173923.5301991701,0.9788575070368256,-16.081024169921875,,239.0,0.0,152.0,1.0,66.0,0.0,,0.0,,0.0,,0.0,66.0,239.0,152.33333333333334,70.62734755193786,457.0,173.0,239.0,66.0,0.27615062761506276,1.0,364520448.0,729040896.0,417280.0,16.0,16.0
0135,0.0036547137409273,0.0001038117246488,2.8404885309149708,0.2508510008249843,3986.466787924263,3,6,293683,increasing,late,68754548.71454692,0.1563509418294016,-16.059953689575195,,26.0,1.0,30.0,1.0,50.0,0.0,72.0,1.0,113.0,1.0,162.0,0.0,26.0,162.0,75.5,48.427781283061066,453.0,136.0,26.0,162.0,6.230769230769231,4.0,7284168.0,14568336.0,44568.0,2.0,2.0
0136,0.1705160256597583,0.0010466501265793,0.613813348352254,11.121045490937767,89.91996407731192,3,6,1070341,hourglass,linear,2068369171.49724,0.2789124670450224,-16.07110023498535,,252.0,0.0,168.0,0.0,73.0,0.0,73.0,1.0,178.0,0.0,252.0,1.0,73.0,252.0,166.0,73.3007503372237,996.0,179.0,252.0,252.0,1.0,2.0,692559360.0,1385118720.0,689664.0,8.0,8.0
0137,0.0475688006099756,0.000700269976808,1.4721203137950116,2.950876190162695,338.8829613264086,3,2,171126,increasing,linear,7936.659048199654,1.4808510075992245,-16.078996658325195,,77.0,0.0,240.0,1.0,,0.0,,0.0,,0.0,,0.0,77.0,240.0,158.5,81.5,317.0,163.0,77.0,240.0,3.116883116883117,1.0,172440576.0,344881152.0,324608.0,16.0,16.0
0138,0.0122324390272776,0.0008450363658549,6.908159231127866,0.8553986505453687,1169.0501182573717,3,2,153525,decreasing,linear,7090.990038633347,1.6551792388455873,-16.300121307373047,,184.0,1.0,89.0,0.0,,0.0,,0.0,,0.0,,0.0,89.0,184.0,136.5,47.5,273.0,95.0,184.0,89.0,0.483695652173913,1.0,42817536.0,85635072.0,211200.0,16.0,16.0
0139,0.0160625650138707,0.0005881604539397,3.66168450326506,0.9809442671212272,1019.4530528821545,3,2,142608,decreasing,linear,7272.931051552296,2.624162746577861,-16.2714900970459,,207.0,1.0,73.0,1.0,,0.0,,0.0,,0.0,,0.0,73.0,207.0,140.0,67.0,280.0,134.0,207.0,73.0,0.3526570048309179,2.0,40538880.0,81077760.0,230656.0,8.0,8.0
0140,0.1900215363631838,0.0008922148711423,0.4695335529952965,12.507839417976747,79.9500792540379,3,4,849367,decreasing,early,4490065.596327692,0.5941244042911489,-16.063404083251953,,248.0,0.0,204.0,0.0,165.0,1.0,56.0,0.0,,0.0,,0.0,56.0,248.0,168.25,71.1490512937453,673.0,192.0,248.0,56.0,0.22580645161290322,1.0,804612096.0,1609224192.0,646144.0,16.0,16.0
0141,0.085707215379176,0.00065952970695,0.7695147999293618,5.290353150485118,189.030855330974,3,5,466821,inverse_hourglass,late,39090353.62967569,0.3619232229827402,-16.065961837768555,,87.0,0.0,105.0,0.0,158.0,1.0,105.0,0.0,87.0,0.0,,0.0,87.0,158.0,108.4,26.07374158037162,542.0,71.0,87.0,87.0,1.0,1.0,298757376.0,597514752.0,407552.0,16.0,16.0
0142,0.0059557881165394,0.000245065732221,4.114749004258262,0.4103724749085398,2436.81065064911,3,6,729567,increasing,early,33837597.24766034,0.2311755307685148,-16.07575225830078,,20.0,1.0,92.0,1.0,125.0,1.0,141.0,1.0,159.0,1.0,172.0,0.0,20.0,172.0,118.16666666666667,50.75239457952261,709.0,152.0,20.0,172.0,8.6,5.0,15007536.0,30015072.0,55096.0,1.0,1.0
0143,0.0035282411683091,7.872354735561865e-06,0.2231240541681746,0.2630595833717034,3801.446315711769,3,4,75150,uniform,linear,414058.33574455976,0.4876299233036678,-16.092260360717773,,52.0,1.0,52.0,1.0,52.0,1.0,52.0,0.0,,0.0,,0.0,52.0,52.0,52.0,0.0,208.0,0.0,52.0,52.0,1.0,3.0,9614592.0,19229184.0,70720.0,4.0,4.0
0144,0.0339274096265723,0.0003377933861999,0.9956356524649016,2.1626395238214253,462.40084571047856,3,5,1035657,hourglass,early,117405408.59252124,0.6321302667197758,-16.063262939453125,,236.0,1.0,189.0,1.0,68.0,1.0,186.0,0.0,236.0,1.0,,0.0,68.0,236.0,183.0,61.462183495219236,915.0,168.0,236.0,236.0,1.0,4.0,124837632.0,249675264.0,301152.0,2.0,2.0
0145,0.0989323759371485,0.0013338896024384,1.3482842090903722,6.184843513158103,161.6867003659557,3,4,343047,decreasing,late,2397980.0004616976,0.357191160730595,-16.306182861328125,,157.0,0.0,116.0,0.0,95.0,0.0,87.0,0.0,,0.0,,0.0,87.0,157.0,113.75,27.123559869604136,455.0,70.0,157.0,87.0,0.554140127388535,0.0,349913088.0,699826176.0,465920.0,32.0,32.0
0146,0.0290588364618222,0.000571958542165,1.9682775080016288,1.9250118242284189,519.4952528445779,3,5,325478,increasing,linear,25843634.188515306,0.4640515743573309,-16.11800193786621,,84.0,0.0,89.0,1.0,94.0,1.0,100.0,0.0,105.0,0.0,,0.0,84.0,105.0,94.4,7.49933330370107,472.0,21.0,84.0,105.0,1.25,2.0,101958912.0,203917824.0,214336.0,8.0,8.0
0147,0.002935702643221,2.532942090300644e-05,0.8628060802239462,0.2234412584236921,4475.487174884381,3,6,187082,uniform,late,37931805.425723255,0.284263056392555,-16.065567016601562,,64.0,1.0,64.0,1.0,64.0,1.0,64.0,1.0,64.0,0.0,64.0,1.0,64.0,64.0,64.0,0.0,384.0,0.0,64.0,64.0,1.0,5.0,14450688.0,28901376.0,87552.0,1.0,1.0
0148,0.0083766914302693,0.0003358895851148,4.009812082860697,0.5885747938501711,1699.033583706836,3,3,267474,increasing,late,116493.82097065447,1.0345103078533977,-16.104339599609375,,57.0,1.0,103.0,1.0,227.0,0.0,,0.0,,0.0,,0.0,57.0,227.0,129.0,71.7960073170275,387.0,170.0,57.0,227.0,3.982456140350877,2.0,28570176.0,57140352.0,99264.0,8.0,8.0
0149,0.0058234417526668,0.0002140785210503,3.676151151547679,0.4333418850021187,2307.673370155746,3,3,163926,inverse_hourglass,early,92368.2750492096,1.153901939511505,-16.071504592895508,73.86,64.0,1.0,140.0,1.0,64.0,1.0,,0.0,,0.0,,0.0,64.0,140.0,89.33333333333333,35.8267435801184,268.0,76.0,64.0,64.0,1.0,3.0,27574272.0,55148544.0,105472.0,4.0,4.0
0150,0.0289704924500333,0.0009984450430754,3.446420680620017,1.7137782639473444,583.5079038676927,3,4,95325,hourglass,linear,994680.7760720848,0.3808907069618175,-16.056901931762695,,209.0,0.0,22.0,0.0,22.0,1.0,209.0,1.0,,0.0,,0.0,22.0,209.0,115.5,93.5,462.0,187.0,209.0,209.0,1.0,2.0,63207936.0,126415872.0,312576.0,8.0,8.0
0151,0.0482402549130023,0.0011494482133203,2.382757336986136,2.9863507572476,334.85692326089946,3,3,159412,uniform,late,105736.61159607768,0.7417464966692948,-16.415464401245117,,93.0,0.0,93.0,0.0,93.0,1.0,,0.0,,0.0,,0.0,93.0,93.0,93.0,0.0,279.0,0.0,93.0,93.0,1.0,1.0,161989632.0,323979264.0,285696.0,16.0,16.0
0152,0.0177481447815309,0.0001605213136502,0.9044399604928272,1.1702585895422497,854.5194522483847,3,3,96202,uniform,early,66412.26175999641,0.7594320109643116,-16.362995147705078,,72.0,0.0,72.0,1.0,72.0,0.0,,0.0,,0.0,,0.0,72.0,72.0,72.0,0.0,216.0,0.0,72.0,72.0,1.0,1.0,61710336.0,123420672.0,165888.0,16.0,16.0
0153,0.0027331526291783,5.630973974590162e-05,2.0602486353947413,0.1925894543280535,5192.4099684321,3,2,19462,decreasing,linear,2753.2713664770126,1.6659578027258954,-16.116914749145508,,49.0,1.0,40.0,1.0,,0.0,,0.0,,0.0,,0.0,40.0,49.0,44.5,4.5,89.0,9.0,49.0,40.0,0.8163265306122449,2.0,5870592.0,11741184.0,60416.0,8.0,8.0
0154,0.2572808343669643,0.0150264658600501,5.840491732321434,16.02117951561829,62.41817596054265,3,4,915906,decreasing,early,4612277.794947326,0.3678801694009873,-16.160778045654297,,253.0,0.0,217.0,0.0,169.0,0.0,55.0,0.0,,0.0,,0.0,55.0,253.0,173.5,74.6240577829965,694.0,198.0,253.0,55.0,0.21739130434782608,0.0,936603648.0,1873207296.0,710656.0,32.0,32.0
0155,0.0299003775234632,0.0009630919341013,3.221002588832303,1.908673513612797,523.9296071392088,3,4,386879,decreasing,early,2372153.5085279346,0.3458487281424521,-16.33676528930664,,143.0,1.0,135.0,0.0,108.0,0.0,79.0,0.0,,0.0,,0.0,79.0,143.0,116.25,25.113492389550284,465.0,64.0,143.0,79.0,0.5524475524475524,1.0,101682432.0,203364864.0,228864.0,16.0,16.0
0156,0.0055184122164868,0.0001989481659687,3.605170439684169,0.3895014119685955,2567.395708066946,3,2,57808,uniform,linear,4544.0181720256805,2.0690893171618603,-16.875652313232422,,78.0,1.0,78.0,0.0,,0.0,,0.0,,0.0,,0.0,78.0,78.0,78.0,0.0,156.0,0.0,78.0,78.0,1.0,1.0,16174080.0,32348160.0,99840.0,16.0,16.0
0157,0.0581537504302239,0.0009401890330418,1.6167298344239578,3.5453244080905337,282.0637547912271,3,5,324944,hourglass,late,38985908.32979292,0.3311803648451177,-16.05890655517578,,151.0,0.0,79.0,0.0,65.0,1.0,85.0,1.0,151.0,1.0,,0.0,65.0,151.0,106.2,37.150504707204185,531.0,86.0,151.0,151.0,1.0,3.0,181559232.0,363118464.0,333504.0,4.0,4.0
0158,0.026220133763747,0.0003376941658672,1.2879193100615496,1.6045665048428672,623.2266787029574,3,3,127332,uniform,linear,91507.02726995944,0.8639085312537338,-16.063186645507812,69.84,83.0,0.0,83.0,1.0,83.0,1.0,,0.0,,0.0,,0.0,83.0,83.0,83.0,0.0,249.0,0.0,83.0,83.0,1.0,2.0,81656064.0,163312128.0,191232.0,8.0,8.0
0159,0.0101512026793388,0.0004706311722007,4.636210969943723,0.7360844546618516,1358.5579825368368,3,3,142922,uniform,early,87212.59168475866,0.4852338864961119,-16.6486873626709,,88.0,1.0,88.0,0.0,88.0,0.0,,0.0,,0.0,,0.0,88.0,88.0,88.0,0.0,264.0,0.0,88.0,88.0,1.0,1.0,38117376.0,76234752.0,135168.0,16.0,16.0
0160,0.0052053563482368,0.0003100234739187,5.955854953596196,0.369094071371603,2709.356813717004,3,6,117782,hourglass,late,81503109.85450423,0.2028317337031555,-16.069740295410156,,57.0,1.0,51.0,1.0,47.0,0.0,47.0,0.0,51.0,1.0,57.0,1.0,47.0,57.0,51.666666666666664,4.109609335312651,310.0,10.0,57.0,57.0,1.0,4.0,12726000.0,25452000.0,81616.0,2.0,2.0
0161,0.1063500307215067,0.011780981525072,11.077553476145448,6.931150938282679,144.27619022054486,3,6,799858,hourglass,linear,1286950430.545528,0.3088690481279029,-16.21328353881836,,191.0,0.0,148.0,1.0,83.0,0.0,83.0,0.0,148.0,0.0,191.0,0.0,83.0,191.0,140.66666666666666,44.39469437769438,844.0,108.0,191.0,191.0,1.0,1.0,403405056.0,806810112.0,476416.0,16.0,16.0
0162,0.0157642124412036,0.0002666692879345,1.691611864082326,0.9768424910842332,1023.706987844064,3,2,145778,decreasing,early,7425.934216797352,2.195871568045931,-16.451343536376953,,201.0,1.0,77.0,1.0,,0.0,,0.0,,0.0,,0.0,77.0,201.0,139.0,62.0,278.0,124.0,201.0,77.0,0.38308457711442784,2.0,41216256.0,82432512.0,225536.0,8.0,8.0
0163,0.004699019975642,0.0002013944745522,4.2858824945659935,0.3198419938847511,3126.566860058702,3,2,12400,uniform,late,1993.215343654156,0.3908736353797982,-16.111099243164062,,35.0,0.0,35.0,1.0,,0.0,,0.0,,0.0,,0.0,35.0,35.0,35.0,0.0,70.0,0.0,35.0,35.0,1.0,1.0,12257280.0,24514560.0,71680.0,16.0,16.0
0164,0.0159139715548912,0.0003847322001295,2.4175750145241763,1.0214736670576938,978.9851730536288,3,4,298000,increasing,linear,1853767.1007998583,0.5364623117999824,-16.076889038085938,,69.0,1.0,94.0,0.0,114.0,1.0,136.0,0.0,,0.0,,0.0,69.0,136.0,103.25,24.732316915323562,413.0,67.0,69.0,136.0,1.9710144927536233,2.0,50471424.0,100942848.0,132608.0,8.0,8.0
0165,0.0092148459044323,0.0001956323086466,2.123012263857675,0.6372673791822008,1569.219151540389,3,6,735561,increasing,late,281322350.6480069,0.3441886724168235,-16.055118560791016,,41.0,1.0,49.0,0.0,73.0,1.0,119.0,1.0,182.0,1.0,249.0,0.0,41.0,249.0,118.83333333333333,75.24275528063963,713.0,208.0,41.0,249.0,6.073170731707317,4.0,23757624.0,47515248.0,84740.0,2.0,2.0
0166,0.0057784355401652,0.0001914768516309,3.313645195139417,0.4025020488188111,2484.4803073370163,3,2,16738,uniform,early,2478.5152039527893,1.0093657056668717,-16.368305206298828,,41.0,0.0,41.0,1.0,,0.0,,0.0,,0.0,,0.0,41.0,41.0,41.0,0.0,82.0,0.0,41.0,41.0,1.0,1.0,16625664.0,33251328.0,83968.0,16.0,16.0
0167,0.0025263840028671,4.934622455046285e-05,1.9532353155522104,0.1826514963606651,5475.012113740748,3,3,28948,uniform,early,29041.71217226982,0.8132317096356713,-16.061864852905273,,39.0,1.0,39.0,1.0,39.0,1.0,,0.0,,0.0,,0.0,39.0,39.0,39.0,0.0,117.0,0.0,39.0,39.0,1.0,3.0,5458752.0,10917504.0,52416.0,4.0,4.0
0168,0.0115709357106455,0.0011169019017854,9.652649791821377,0.7574294298048595,1320.301593941797,3,2,121486,decreasing,linear,6960.0230255723,2.6100656152779504,-16.056976318359375,,135.0,1.0,96.0,1.0,,0.0,,0.0,,0.0,,0.0,96.0,135.0,115.5,19.5,231.0,39.0,135.0,96.0,0.7111111111111111,2.0,33592320.0,67184640.0,162816.0,8.0,8.0
0169,0.034590709114467,0.0002902897139042,0.8392129601727863,2.106248163318566,474.781467199582,3,3,105023,hourglass,early,82426.82662141323,0.670327056089026,-16.054161071777344,,102.0,0.0,55.0,0.0,102.0,1.0,,0.0,,0.0,,0.0,55.0,102.0,86.33333333333333,22.15601247717849,259.0,47.0,102.0,102.0,1.0,1.0,106223616.0,212447232.0,265216.0,16.0,16.0
0170,0.005073583056919,3.138441655562516e-06,0.061858485814724,0.3620277994466083,2762.314909362984,3,2,50818,uniform,late,4313.782949745655,3.1883439028215657,-16.280406951904297,,73.0,1.0,73.0,1.0,,0.0,,0.0,,0.0,,0.0,73.0,73.0,73.0,0.0,146.0,0.0,73.0,73.0,1.0,2.0,14296320.0,28592640.0,93440.0,8.0,8.0
0171,0.0316556957812223,0.0016348632557229,5.1645153119419325,1.9223953236834264,520.1849695208304,3,4,497935,decreasing,linear,2186066.3824179173,1.0343702984272447,-16.066837310791016,,227.0,1.0,160.0,1.0,97.0,1.0,28.0,1.0,,0.0,,0.0,28.0,227.0,128.0,73.80040650294549,512.0,199.0,227.0,28.0,0.12334801762114538,4.0,99288000.0,198576000.0,280064.0,2.0,2.0
0172,0.0244030708740314,0.0002997023823791,1.2281338849777717,1.467066847828253,681.6374383238882,3,6,950842,increasing,early,453802906.2006092,0.3669001568048922,-16.06404685974121,,26.0,0.0,98.0,1.0,131.0,1.0,161.0,1.0,190.0,1.0,201.0,1.0,26.0,201.0,134.5,59.61193951997648,807.0,175.0,26.0,201.0,7.730769230769231,5.0,71708184.0,143416368.0,174660.0,1.0,1.0
0173,0.0062718653050196,0.0001877886844881,2.9941440919960858,0.4348649318008788,2299.578695950772,3,5,104812,increasing,late,8318061.842914283,0.5011256644784564,-16.062686920166016,,53.0,1.0,53.0,0.0,53.0,1.0,54.0,1.0,54.0,1.0,,0.0,53.0,54.0,53.4,0.4898979485566356,267.0,1.0,53.0,54.0,1.0188679245283019,4.0,16477632.0,32955264.0,85728.0,2.0,2.0
0174,0.0191409583451695,0.0012427485746208,6.492614174328793,1.2158446607087832,822.481104873355,3,4,135482,increasing,late,977652.1689459682,0.422617200215737,-16.08574676513672,,55.0,0.0,61.0,1.0,75.0,0.0,91.0,1.0,,0.0,,0.0,55.0,91.0,70.5,13.88344337691482,282.0,36.0,55.0,91.0,1.6545454545454545,2.0,58705920.0,117411840.0,161280.0,8.0,8.0
0175,0.005944840244639,0.0002475984420552,4.164930122025599,0.4360665408802207,2293.2614798846653,3,2,66790,uniform,early,5007.580468297005,2.882034482436088,-16.049137115478516,,84.0,1.0,84.0,1.0,,0.0,,0.0,,0.0,,0.0,84.0,84.0,84.0,0.0,168.0,0.0,84.0,84.0,1.0,2.0,18579456.0,37158912.0,107520.0,8.0,8.0
0176,0.0059986233891175,1.0135664331483103e-05,0.1689665057131395,0.4293194010316304,2329.3029997670715,3,6,29210,uniform,linear,9822449.446838737,0.2273309929563133,-16.05771255493164,69.13,25.0,0.0,25.0,0.0,25.0,1.0,25.0,1.0,25.0,0.0,25.0,1.0,25.0,25.0,25.0,0.0,150.0,0.0,25.0,25.0,1.0,3.0,14371200.0,28742400.0,86400.0,4.0,4.0
0177,0.0024218835975873,3.898037513151957e-05,1.6095065497925338,0.1753472092895691,5703.03629653183,3,5,43054,uniform,early,1282043.012635231,0.2681273210664818,-16.064716339111328,,34.0,1.0,34.0,1.0,34.0,1.0,34.0,1.0,34.0,1.0,,0.0,34.0,34.0,34.0,0.0,170.0,0.0,34.0,34.0,1.0,5.0,4477392.0,8954784.0,46376.0,1.0,1.0
0178,0.021309926619845,0.0008055337307648,3.780086835281364,1.3736740123840314,727.9776009029987,3,5,447800,decreasing,linear,27048041.671046138,0.3429172267676678,-16.10138702392578,,158.0,1.0,133.0,1.0,108.0,0.0,83.0,1.0,58.0,0.0,,0.0,58.0,158.0,108.0,35.35533905932738,540.0,100.0,158.0,58.0,0.3670886075949367,3.0,66914784.0,133829568.0,208992.0,4.0,4.0
0179,0.0335963755852347,0.0007807586976886,2.323937282186317,2.002940652994313,499.2695177413255,3,5,738255,hourglass,linear,82067605.75699866,0.6255136680782091,-16.064144134521484,,243.0,1.0,141.0,1.0,40.0,0.0,145.0,1.0,243.0,1.0,,0.0,40.0,243.0,162.4,75.80923426601802,812.0,203.0,243.0,243.0,1.0,4.0,97323696.0,194647392.0,300656.0,2.0,2.0
0180,0.0059940866706845,0.000216649188773,3.614381984708225,0.4192265034737453,2385.3765665270976,3,3,143198,increasing,linear,96520.06094264984,1.0685864727114207,-16.067310333251953,,57.0,1.0,88.0,1.0,120.0,1.0,,0.0,,0.0,,0.0,57.0,120.0,88.33333333333333,25.72072229848057,265.0,63.0,57.0,120.0,2.1052631578947367,3.0,19215360.0,38430720.0,88576.0,4.0,4.0
0181,0.0099718894925336,3.193982654099513e-05,0.3202986411442861,0.6334379803886822,1578.687338949209,3,2,19564,decreasing,late,2564.728709101677,1.139851659112998,-16.259525299072266,,107.0,0.0,17.0,1.0,,0.0,,0.0,,0.0,,0.0,17.0,107.0,62.0,45.0,124.0,90.0,107.0,17.0,0.1588785046728972,1.0,19722240.0,39444480.0,126976.0,16.0,16.0
0182,0.0190555877853553,0.0004496224719377,2.3595308473415777,1.284630398831215,778.4560946262324,3,3,282970,inverse_hourglass,early,107928.06718450785,1.0612080476811672,-16.403114318847656,,72.0,1.0,216.0,0.0,72.0,0.0,,0.0,,0.0,,0.0,72.0,216.0,120.0,67.88225099390856,360.0,144.0,72.0,72.0,1.0,1.0,73654272.0,147308544.0,147456.0,16.0,16.0
0183,0.3220275481536853,0.0025929762622241,0.8052032433531517,19.573504820094406,51.089609176968,3,6,1139371,decreasing,linear,2002477849.6954656,0.3119751236643068,-16.0546875,81.56,222.0,0.0,195.0,0.0,168.0,0.0,141.0,0.0,114.0,0.0,87.0,0.0,87.0,222.0,154.5,46.11127844681819,927.0,135.0,222.0,87.0,0.3918918918918919,0.0,1164865536.0,2329731072.0,949248.0,32.0,32.0
0184,0.0497571804470032,0.0028844840468657,5.797121181209363,3.154584047933631,317.0027879295057,3,5,294163,decreasing,early,11137000.569515318,0.4195967339508367,-16.23119354248047,,127.0,0.0,112.0,1.0,94.0,0.0,70.0,1.0,13.0,0.0,,0.0,13.0,127.0,83.2,39.91691370835175,416.0,114.0,127.0,13.0,0.10236220472440945,2.0,174540672.0,349081344.0,287552.0,8.0,8.0
0185,0.016495786734799,0.0009129650717309,5.534534887050671,1.030197825209029,970.6971984518524,3,4,242384,inverse_hourglass,early,1608026.8522851467,0.5646742245743999,-16.06258773803711,,66.0,1.0,110.0,0.0,110.0,1.0,66.0,1.0,,0.0,,0.0,66.0,110.0,88.0,22.0,352.0,44.0,66.0,66.0,1.0,3.0,50611968.0,101223936.0,128128.0,4.0,4.0
0186,0.0013853949102296,5.269801681295442e-06,0.3803826361988039,0.1032912664434962,9681.436483078547,3,5,9710,decreasing,late,295577.16617786884,0.2877672966830426,-16.06208038330078,,24.0,1.0,19.0,1.0,14.0,0.0,11.0,1.0,10.0,1.0,,0.0,10.0,24.0,15.6,5.238320341483518,78.0,14.0,24.0,10.0,0.4166666666666667,4.0,1971936.0,3943872.0,31200.0,2.0,2.0
0187,0.0024456362455996,4.813861539433068e-05,1.9683473157933924,0.1750480972606648,5712.73909066902,3,5,129194,increasing,linear,3598149.2256190777,0.4977552660736459,-16.05591583251953,,23.0,1.0,40.0,1.0,57.0,1.0,74.0,1.0,91.0,1.0,,0.0,23.0,91.0,57.0,24.041630560342615,285.0,68.0,23.0,91.0,3.9565217391304346,5.0,4918680.0,9837360.0,38988.0,1.0,1.0
0188,0.042452857122846,0.0008310055468482,1.957478490655139,2.5938313430725537,385.5359007553928,3,6,413028,hourglass,linear,603355234.4551576,0.2151506665869361,-16.062236785888672,,113.0,0.0,100.0,1.0,81.0,1.0,81.0,0.0,100.0,1.0,113.0,1.0,81.0,113.0,98.0,13.140268896284683,588.0,32.0,113.0,113.0,1.0,4.0,135999360.0,271998720.0,252240.0,2.0,2.0
0189,0.009389456713291,5.039341367677588e-05,0.5367021246867493,0.6696886571305063,1493.232103032377,3,3,242944,increasing,linear,140615.68626189232,1.7330432115733132,-16.054458618164062,,73.0,1.0,113.0,1.0,162.0,1.0,,0.0,,0.0,,0.0,73.0,162.0,116.0,36.39597047293377,348.0,89.0,73.0,162.0,2.219178082191781,3.0,31568256.0,63136512.0,114048.0,4.0,4.0
0190,0.1160411702665353,0.0061123456061574,5.26739397070709,7.247824092368317,137.97345933990863,3,6,724130,decreasing,linear,309661159.76546013,0.1894186435194614,-16.064409255981445,,219.0,0.0,176.0,1.0,132.0,1.0,90.0,0.0,56.0,0.0,18.0,0.0,18.0,219.0,115.16666666666667,68.7275215777655,691.0,201.0,219.0,18.0,0.0821917808219178,2.0,425129472.0,850258944.0,448768.0,8.0,8.0
0191,0.0329274330420626,0.0007830304412506,2.378048845321035,2.0067337985633817,498.3260115204444,3,3,194570,increasing,early,112375.53307271004,0.7139399101575535,-16.138736724853516,,79.0,0.0,105.0,1.0,123.0,0.0,,0.0,,0.0,,0.0,79.0,123.0,102.33333333333333,18.06162291219209,307.0,44.0,79.0,123.0,1.5569620253164558,1.0,108387072.0,216774144.0,219904.0,16.0,16.0
0192,0.0110085422817143,0.0007846997539197,7.128098651382886,0.7267198166121098,1376.0512890277705,3,4,157195,hourglass,early,1590947.58967337,0.5685213340407447,-16.052452087402344,,151.0,1.0,48.0,0.0,48.0,1.0,151.0,1.0,,0.0,,0.0,48.0,151.0,99.5,51.5,398.0,103.0,151.0,151.0,1.0,3.0,30357504.0,60715008.0,188864.0,4.0,4.0
0193,0.0102616010568798,0.000207017498782,2.017399601042332,0.6655027662157014,1502.634737567225,3,6,284681,inverse_hourglass,late,145962766.61669675,0.3176508462174748,-16.066442489624023,84.63,41.0,1.0,56.0,0.0,118.0,1.0,118.0,1.0,54.0,0.0,41.0,1.0,41.0,118.0,71.33333333333333,33.49460984828587,428.0,77.0,41.0,41.0,1.0,4.0,30904992.0,61809984.0,95600.0,2.0,2.0
0194,0.0498903051980037,0.0010819238047337,2.168605304056317,3.023914956112907,330.7001564633475,3,5,1244912,decreasing,early,106129997.17515956,0.5158206344159594,-16.046937942504883,84.65,246.0,1.0,219.0,1.0,200.0,1.0,145.0,0.0,74.0,1.0,,0.0,74.0,246.0,176.8,61.133951287316606,884.0,172.0,246.0,74.0,0.3008130081300813,4.0,161877024.0,323754048.0,324272.0,2.0,2.0
0195,0.105667473714691,0.0008187717289083,0.7748569168210161,6.527812816907153,153.1920534107885,3,3,371319,hourglass,late,251492.6620889306,0.5684556442850788,-17.041587829589844,,251.0,0.0,80.0,0.0,251.0,0.0,,0.0,,0.0,,0.0,80.0,251.0,194.0,80.61017305526642,582.0,171.0,251.0,251.0,1.0,0.0,377054208.0,754108416.0,595968.0,32.0,32.0
0196,0.0334492590657182,0.000817259771973,2.4432821377818232,2.0578971610052137,485.93560993213424,3,2,101238,decreasing,late,6284.876083135605,0.890672295088963,-16.068721771240234,,157.0,0.0,68.0,1.0,,0.0,,0.0,,0.0,,0.0,68.0,157.0,112.5,44.5,225.0,89.0,157.0,68.0,0.43312101910828027,1.0,102730752.0,205461504.0,230400.0,16.0,16.0
0197,0.0127700962787418,0.0007664940602413,6.002257488984601,0.8678339551062055,1152.314639665581,3,3,29556,hourglass,early,38179.482137560844,0.1840937913570781,-16.5196475982666,,74.0,0.0,20.0,0.0,74.0,0.0,,0.0,,0.0,,0.0,20.0,74.0,56.0,25.45584412271571,168.0,54.0,74.0,74.0,1.0,0.0,29325312.0,58650624.0,172032.0,32.0,32.0
0198,0.0268670370784468,0.000716884917033,2.6682693552692416,1.6729191440425342,597.7607050278323,3,5,137974,inverse_hourglass,late,4182211.541183949,0.3229399541254152,-16.06731605529785,74.65,24.0,0.0,50.0,0.0,128.0,1.0,50.0,1.0,24.0,0.0,,0.0,24.0,128.0,55.2,38.212039987417576,276.0,104.0,24.0,24.0,1.0,2.0,86141952.0,172283904.0,221184.0,8.0,8.0
0199,0.0519344212528298,0.0001853147282693,0.3568244794087084,3.151354093501092,317.323911143773,3,5,205008,increasing,linear,16762456.88064456,0.2723966945718238,-16.06866455078125,,71.0,0.0,74.0,0.0,74.0,0.0,76.0,1.0,80.0,0.0,,0.0,71.0,80.0,75.0,2.9664793948382653,375.0,9.0,71.0,80.0,1.1267605633802817,1.0,166689792.0,333379584.0,322560.0,16.0,16.0
0200,0.0486162957292069,0.0049252795188868,10.130923068101778,3.117068783122307,320.81717557708123,3,6,223520,uniform,early,207442750.1973509,0.2996623968008208,-16.120555877685547,79.84,70.0,0.0,70.0,0.0,70.0,0.0,70.0,1.0,70.0,0.0,70.0,0.0,70.0,70.0,70.0,0.0,420.0,0.0,70.0,70.0,1.0,1.0,159989760.0,319979520.0,322560.0,16.0,16.0
0201,0.0226319089848998,0.0007722930865413,3.412408060922428,1.5263040112192958,655.1893821078372,3,2,81168,increasing,late,5099.260293662548,0.4095241572632833,-16.828052520751953,,88.0,0.0,98.0,0.0,,0.0,,0.0,,0.0,,0.0,88.0,98.0,93.0,5.0,186.0,10.0,88.0,98.0,1.1136363636363635,0.0,81911808.0,163823616.0,190464.0,32.0,32.0
0202,0.0238598057199407,0.0006451434986684,2.703892505416703,1.4741793905246048,678.3450677194711,3,4,271712,decreasing,linear,1650495.8488254547,0.2535118289140185,-16.13605499267578,,131.0,1.0,109.0,0.0,88.0,0.0,66.0,0.0,,0.0,,0.0,66.0,131.0,98.5,24.150569351466643,394.0,65.0,131.0,66.0,0.5038167938931297,1.0,72002304.0,144004608.0,201472.0,16.0,16.0
0203,0.0013084977861961,1.333766355515056e-05,1.0193111288268584,0.0945344586820396,10578.201288618642,3,2,7108,uniform,early,1572.720790266991,0.7925066124508101,-16.10795783996582,,26.0,1.0,26.0,1.0,,0.0,,0.0,,0.0,,0.0,26.0,26.0,26.0,0.0,52.0,0.0,26.0,26.0,1.0,2.0,2276352.0,4552704.0,33280.0,8.0,8.0
0204,0.0075368607963586,0.0004221733151228,5.60144769194712,0.5046503029044302,1981.5853655826145,3,6,854811,increasing,early,165988345.19345975,0.3459873964781029,-16.060632705688477,,23.0,1.0,94.0,1.0,124.0,1.0,155.0,1.0,179.0,0.0,189.0,1.0,23.0,189.0,127.33333333333333,56.635285428393104,764.0,166.0,23.0,189.0,8.217391304347826,5.0,17315424.0,34630848.0,59504.0,1.0,1.0
0205,0.012387926955724,0.0001390200920919,1.1222224072581033,0.7875531979818335,1269.767182496954,3,3,180715,hourglass,late,155199.78440988064,1.6207498951676165,-16.0599365234375,,154.0,1.0,63.0,1.0,154.0,1.0,,0.0,,0.0,,0.0,63.0,154.0,123.66666666666667,42.89781139198388,371.0,91.0,154.0,154.0,1.0,3.0,32199552.0,64399104.0,183680.0,4.0,4.0
0206,0.0338718109922164,0.0007332893625976,2.164895649559772,2.02106810484872,494.7935978625955,3,2,90136,decreasing,linear,5481.322532713413,0.8705392621261043,-16.202335357666016,,207.0,0.0,45.0,0.0,,0.0,,0.0,,0.0,,0.0,45.0,207.0,126.0,81.0,252.0,162.0,207.0,45.0,0.21739130434782608,0.0,91570176.0,183140352.0,258048.0,32.0,32.0
0207,0.0917215224844393,0.0008637091183266,0.9416646114581948,5.563903552869582,179.7327029392895,3,5,387429,increasing,early,35969637.78786227,0.2812188715511268,-16.053815841674805,,79.0,0.0,102.0,0.0,106.0,0.0,107.0,1.0,116.0,0.0,,0.0,79.0,116.0,102.0,12.37739875741264,510.0,37.0,79.0,116.0,1.4683544303797469,1.0,309215232.0,618430464.0,433152.0,16.0,16.0
0208,0.0179457867392169,0.0003376629352503,1.8815722049814472,1.097166229387066,911.4456007750166,3,4,203855,inverse_hourglass,linear,1382716.78998667,0.7037653302269387,-16.325942993164062,,70.0,1.0,95.0,0.0,95.0,0.0,70.0,1.0,,0.0,,0.0,70.0,95.0,82.5,12.5,330.0,25.0,70.0,70.0,1.0,2.0,53372160.0,106744320.0,138240.0,8.0,8.0
0209,0.0140110895992932,0.0009983078884127,7.12512671721918,0.8894811051275651,1124.2581394622316,3,2,105712,decreasing,early,6250.429495036602,2.532501074889228,-18.018280029296875,,238.0,1.0,46.0,0.0,,0.0,,0.0,,0.0,,0.0,46.0,238.0,142.0,96.0,284.0,192.0,238.0,46.0,0.19327731092436976,1.0,31804416.0,63608832.0,255488.0,16.0,16.0
0210,0.0078538982476332,0.0004750889398892,6.049084478939482,0.5467384243615744,1829.0473354041528,3,2,84910,decreasing,early,5789.354900062084,1.7566153092353296,-16.42034912109375,,98.0,1.0,92.0,1.0,,0.0,,0.0,,0.0,,0.0,92.0,98.0,95.0,3.0,190.0,6.0,98.0,92.0,0.9387755102040817,2.0,23482368.0,46964736.0,123904.0,8.0,8.0
0211,0.0194889197999115,5.885334148287235e-05,0.3019835993328863,1.2431859813185626,804.3854422809649,3,5,326737,increasing,early,19507964.33397549,0.4467439055254092,-16.050853729248047,,47.0,0.0,88.0,1.0,89.0,1.0,116.0,1.0,118.0,0.0,,0.0,47.0,118.0,91.6,25.69513572643663,458.0,71.0,47.0,118.0,2.5106382978723403,3.0,65379456.0,130758912.0,170336.0,4.0,4.0
0212,0.0106980277260474,0.0006681138838719,6.2452061350074,0.7153661954075051,1397.893487747258,3,4,333385,inverse_hourglass,early,2188127.6039804816,0.6276749510126881,-16.06719207763672,,73.0,1.0,132.0,1.0,132.0,1.0,73.0,1.0,,0.0,,0.0,73.0,132.0,102.5,29.5,410.0,59.0,73.0,73.0,1.0,4.0,35643456.0,71286912.0,118160.0,2.0,2.0
0213,0.0635333046413809,0.0035164133539608,5.534755942272448,4.1933983771473695,238.4721062889972,3,3,257225,hourglass,linear,183664.35250094533,0.6890435203356986,-16.063371658325195,,176.0,0.0,79.0,0.0,176.0,1.0,,0.0,,0.0,,0.0,79.0,176.0,143.66666666666666,45.72623851673008,431.0,97.0,176.0,176.0,1.0,1.0,261144576.0,522289152.0,441344.0,16.0,16.0
0214,0.0273888788200058,0.0003426831869663,1.2511763961510498,1.6314383866059614,612.9612251000867,3,5,74800,uniform,late,4498817.998133063,0.381637779559666,-16.37533950805664,,45.0,0.0,45.0,0.0,45.0,0.0,45.0,0.0,45.0,0.0,,0.0,45.0,45.0,45.0,0.0,225.0,0.0,45.0,45.0,1.0,0.0,75893760.0,151787520.0,230400.0,32.0,32.0
0215,0.0040426602327629,0.0001068909857595,2.644075425712959,0.2832589270192702,3530.372948151828,3,4,20800,uniform,late,128775.30445945264,0.3343033980371549,-16.05335235595703,,27.0,0.0,27.0,1.0,27.0,1.0,27.0,0.0,,0.0,,0.0,27.0,27.0,27.0,0.0,108.0,0.0,27.0,27.0,1.0,2.0,9564480.0,19128960.0,63936.0,8.0,8.0
0216,0.0206382275043216,0.0002641743590067,1.280024454384336,1.2729151668098209,785.6297314684917,3,6,210229,decreasing,late,58417899.961479664,0.2561345859594081,-16.108932495117188,,145.0,1.0,93.0,0.0,65.0,0.0,34.0,0.0,22.0,1.0,17.0,0.0,17.0,145.0,62.666666666666664,45.21307578811933,376.0,128.0,145.0,17.0,0.11724137931034483,2.0,56036736.0,112073472.0,204352.0,8.0,8.0
0217,0.091256564619227,0.000555960338382,0.609227775231116,5.798228201528499,172.46824581935869,3,5,346324,hourglass,late,36953626.06623733,0.2398672095446329,-16.16236114501953,,126.0,0.0,92.0,0.0,80.0,0.0,92.0,0.0,126.0,0.0,,0.0,80.0,126.0,103.2,19.124852940611074,516.0,46.0,126.0,126.0,1.0,0.0,352806912.0,705613824.0,528384.0,32.0,32.0
0218,0.0023666274629023,3.943311972446553e-05,1.6662157581872543,0.1668742856236411,5992.697223915436,3,2,17524,uniform,early,2615.4103560447693,0.880152771198213,-16.171974182128906,,42.0,1.0,42.0,1.0,,0.0,,0.0,,0.0,,0.0,42.0,42.0,42.0,0.0,84.0,0.0,42.0,42.0,1.0,2.0,5225472.0,10450944.0,53760.0,8.0,8.0
0219,0.0051345983247525,0.0002283223257952,4.44674171871537,0.367381582800501,2721.9771233272745,3,4,57911,decreasing,late,292781.534339726,0.511377440551165,-16.060895919799805,,92.0,1.0,51.0,1.0,22.0,1.0,14.0,1.0,,0.0,,0.0,14.0,92.0,44.75,30.55630049596973,179.0,78.0,92.0,14.0,0.15217391304347827,4.0,14044608.0,28089216.0,108896.0,2.0,2.0
0220,0.0677474236181113,0.0004025719189641,0.5942246914560727,4.01904680707371,248.81754756346848,3,6,204805,inverse_hourglass,early,175498660.07509255,0.2233666395717598,-17.371074676513672,,62.0,0.0,70.0,0.0,70.0,0.0,70.0,0.0,63.0,0.0,62.0,0.0,62.0,70.0,66.16666666666667,3.847798793538398,397.0,8.0,62.0,62.0,1.0,0.0,208668672.0,417337344.0,406528.0,32.0,32.0
0221,0.1572978057887669,0.0006029001930592,0.3832858252764829,9.595149996032164,104.24428477329468,3,6,540140,decreasing,early,370851790.2786284,0.2738209626101061,-16.108535766601562,,148.0,0.0,141.0,0.0,117.0,0.0,106.0,0.0,79.0,0.0,17.0,1.0,17.0,148.0,101.33333333333333,44.02524528293082,608.0,131.0,148.0,17.0,0.11486486486486487,1.0,552296448.0,1104592896.0,622592.0,16.0,16.0
0222,0.0319249695174068,0.0012592930259311,3.944539477929756,1.9676880583114416,508.2132905123627,3,5,469033,inverse_hourglass,early,36633936.20106685,0.3277218816702743,-16.081077575683594,,86.0,1.0,122.0,0.0,134.0,0.0,113.0,1.0,86.0,0.0,,0.0,86.0,134.0,108.2,19.3121723273173,541.0,48.0,86.0,86.0,1.0,2.0,104701824.0,209403648.0,188032.0,8.0,8.0
0223,0.3747841952974684,0.0006223467922039,0.1660547056179919,22.87371837112721,43.71834051714092,3,6,1408542,hourglass,early,2634114050.0660787,0.2896196606331118,-16.075645446777344,82.05,252.0,0.0,223.0,0.0,76.0,0.0,76.0,0.0,233.0,0.0,252.0,0.0,76.0,252.0,185.33333333333334,77.98219169927339,1112.0,176.0,252.0,252.0,1.0,0.0,1438617600.0,2877235200.0,1138688.0,32.0,32.0
0224,0.0299428185361557,0.0003002980076204,1.0029049444956308,1.8179166174534,550.0816799938733,3,4,363625,hourglass,early,3368319.4941510856,0.6087227929072793,-16.243295669555664,,184.0,1.0,87.0,0.0,87.0,0.0,184.0,1.0,,0.0,,0.0,87.0,184.0,135.5,48.5,542.0,97.0,184.0,184.0,1.0,2.0,96291072.0,192582144.0,280064.0,8.0,8.0
0225,0.0177434718046642,0.0005151747628171,2.903460881211186,1.0522074590184556,950.38300397454,3,6,350004,hourglass,late,413283384.0863743,0.3265013962876861,-16.072731018066406,,106.0,1.0,81.0,0.0,80.0,1.0,80.0,0.0,91.0,0.0,106.0,1.0,80.0,106.0,90.66666666666667,11.48428878463481,544.0,26.0,106.0,106.0,1.0,3.0,51078528.0,102157056.0,167488.0,4.0,4.0
0226,0.012155447113478,0.0005845831940355,4.80922822976499,0.7808725473137774,1280.619758074513,3,2,33764,decreasing,linear,3604.125979483128,0.991000694107794,-16.65182113647461,,82.0,0.0,42.0,1.0,,0.0,,0.0,,0.0,,0.0,42.0,82.0,62.0,20.0,124.0,40.0,82.0,42.0,0.5121951219512195,1.0,34007040.0,68014080.0,126976.0,16.0,16.0
0227,0.0048420503877875,0.0001618620811324,3.342841733755729,0.3242202261250989,3084.3414077765856,3,2,45550,uniform,late,3923.92254537344,0.9990008132469208,-17.23534393310547,,69.0,1.0,69.0,0.0,,0.0,,0.0,,0.0,,0.0,69.0,69.0,69.0,0.0,138.0,0.0,69.0,69.0,1.0,1.0,12877056.0,25754112.0,88320.0,16.0,16.0
0228,0.0527401888433064,0.0007981585489967,1.5133782538552445,3.123187715511292,320.18660227628544,3,3,158357,inverse_hourglass,linear,62789.892680704594,0.4229547289570221,-17.332748413085938,,38.0,0.0,229.0,0.0,38.0,0.0,,0.0,,0.0,,0.0,38.0,229.0,101.66666666666667,90.03826347108705,305.0,191.0,38.0,38.0,1.0,0.0,161445888.0,322891776.0,312320.0,32.0,32.0
0229,0.0119196625508045,0.0007935277656612,6.657300592856565,0.7849214262412454,1274.0574691845873,3,3,293942,increasing,late,138491.9460720718,1.0079178727859537,-16.05813980102539,,93.0,1.0,116.0,1.0,184.0,0.0,,0.0,,0.0,,0.0,93.0,184.0,131.0,38.63504454076204,393.0,91.0,93.0,184.0,1.978494623655914,2.0,39720960.0,79441920.0,136704.0,8.0,8.0
0230,0.2804821746242517,0.0036816192917066,1.312603660692062,17.01422086589429,58.77462605990393,3,5,1034499,increasing,early,86280469.50347275,0.2332865646237076,-16.095199584960938,,48.0,0.0,136.0,0.0,174.0,0.0,205.0,0.0,237.0,0.0,,0.0,48.0,237.0,160.0,65.22269543648132,800.0,189.0,48.0,237.0,4.9375,0.0,1056070656.0,2112141312.0,819200.0,32.0,32.0
0231,0.115671061475693,0.0005005296605928,0.4327181355537596,6.796690339068752,147.1308017599662,3,5,810913,hourglass,linear,106765766.42297693,0.4390732202799297,-16.054462432861328,,234.0,0.0,149.0,1.0,57.0,0.0,157.0,1.0,234.0,1.0,,0.0,57.0,234.0,166.2,65.57255523464066,831.0,177.0,234.0,234.0,1.0,3.0,389142144.0,778284288.0,461952.0,4.0,4.0
0232,0.004618082283726,4.587295744491246e-05,0.993333479712294,0.3138302613837737,3186.4400828346206,3,5,190982,inverse_hourglass,early,4634559.283178568,0.6660065185770867,-16.05999755859375,,30.0,1.0,83.0,1.0,100.0,1.0,79.0,1.0,30.0,1.0,,0.0,30.0,100.0,64.4,28.959281759049205,322.0,70.0,30.0,30.0,1.0,5.0,12570120.0,25140240.0,59752.0,1.0,1.0
0233,0.0433541060287059,0.0005859820974576,1.3516184535546916,2.732185019063703,366.0110098270058,3,6,896444,inverse_hourglass,early,500155272.52132463,0.199330994195719,-16.052350997924805,,64.0,0.0,137.0,1.0,180.0,1.0,180.0,1.0,137.0,1.0,64.0,1.0,64.0,180.0,127.0,47.88179890800539,762.0,116.0,64.0,64.0,1.0,5.0,161921088.0,323842176.0,265872.0,1.0,1.0
0234,0.0131164819920023,7.992550826682166e-05,0.6093517172939773,0.8283616885143507,1207.2030090815813,3,3,217654,hourglass,linear,147269.60027575493,1.294935937332775,-16.09148406982422,,127.0,1.0,93.0,1.0,127.0,1.0,,0.0,,0.0,,0.0,93.0,127.0,115.66666666666667,16.027753706895076,347.0,34.0,127.0,127.0,1.0,3.0,37526976.0,75053952.0,161984.0,4.0,4.0
0235,0.0210706237123093,0.0003235178146424,1.535397428475053,1.2745559051101325,784.588497787729,3,4,318640,inverse_hourglass,late,1961572.2821163533,0.5739639803592725,-16.13447380065918,,91.0,1.0,117.0,0.0,117.0,1.0,91.0,0.0,,0.0,,0.0,91.0,117.0,104.0,13.0,416.0,26.0,91.0,91.0,1.0,2.0,64718784.0,129437568.0,158912.0,8.0,8.0
0236,0.0039008769069214,2.616703221627743e-05,0.6707987163052681,0.2786442052372491,3588.860637002294,3,3,23484,hourglass,early,32882.42278838158,0.8299848443210243,-16.072856903076172,,99.0,1.0,11.0,1.0,99.0,0.0,,0.0,,0.0,,0.0,11.0,99.0,69.66666666666667,41.48359782961079,209.0,88.0,99.0,99.0,1.0,2.0,5873472.0,11746944.0,110528.0,8.0,8.0
0237,0.0612523392066153,0.002989488292028,4.8806108154399634,3.735854849999938,267.67739243320364,3,2,196418,decreasing,early,7969.0352945923805,0.9798131096601026,-16.360980987548828,,241.0,0.0,87.0,0.0,,0.0,,0.0,,0.0,,0.0,87.0,241.0,164.0,77.0,328.0,154.0,241.0,87.0,0.36099585062240663,0.0,199895040.0,399790080.0,335872.0,32.0,32.0
0238,0.1071568469698503,0.0016691095274234,1.5576321762183591,6.435550707506643,155.38739082139296,3,4,373001,increasing,late,2422854.646639049,0.2764311707566465,-16.190677642822266,,59.0,0.0,78.0,0.0,125.0,0.0,213.0,1.0,,0.0,,0.0,59.0,213.0,118.75,59.48266554215606,475.0,154.0,59.0,213.0,3.610169491525424,1.0,379275264.0,758550528.0,486400.0,16.0,16.0
0239,0.0078123849631731,4.5081309833787245e-05,0.5770492627577374,0.5671414053565595,1763.2295535091205,3,3,172135,increasing,late,114443.57862144709,1.0792408665819722,-16.079025268554688,,84.0,1.0,95.0,1.0,113.0,1.0,,0.0,,0.0,,0.0,84.0,113.0,97.33333333333333,11.953614051360738,292.0,29.0,84.0,113.0,1.3452380952380953,3.0,26891712.0,53783424.0,117568.0,4.0,4.0
0240,0.0070017871977245,0.0003884138523833,5.547353003096369,0.4900646162870011,2040.5718712798748,3,4,256275,increasing,late,2214560.437635511,0.9784803412741736,-16.06128692626953,,96.0,1.0,96.0,1.0,97.0,1.0,98.0,1.0,,0.0,,0.0,96.0,98.0,96.75,0.82915619758885,387.0,2.0,96.0,98.0,1.0208333333333333,4.0,30620448.0,61240896.0,130656.0,2.0,2.0
0241,0.0786470993722356,0.0006257405048077,0.7956307477357532,4.651785340878645,214.9715983771221,3,6,528381,hourglass,linear,247842540.79113555,0.2642066115172162,-16.062776565551758,,205.0,0.0,118.0,1.0,17.0,0.0,17.0,0.0,141.0,1.0,205.0,0.0,17.0,205.0,117.16666666666667,77.52938511013456,703.0,188.0,205.0,205.0,1.0,2.0,256062528.0,512125056.0,388672.0,8.0,8.0
0242,0.0060405838640495,0.0001504798475683,2.491147394938729,0.4014221625250874,2491.1431030906483,3,4,13584,hourglass,early,101262.552523911,0.367445943722149,-16.85500144958496,,27.0,0.0,19.0,0.0,19.0,0.0,27.0,0.0,,0.0,,0.0,19.0,27.0,23.0,4.0,92.0,8.0,27.0,27.0,1.0,0.0,13529088.0,27058176.0,94208.0,32.0,32.0
0243,0.01990528006155,0.0005044955856381,2.5344812234651,1.1911045523917372,839.5971671650483,3,5,380177,hourglass,linear,13912863.464939537,0.4807664504839286,-16.062602996826172,,187.0,1.0,103.0,1.0,14.0,1.0,103.0,1.0,187.0,1.0,,0.0,14.0,187.0,118.8,64.47449107980613,594.0,173.0,187.0,187.0,1.0,5.0,51279156.0,102558312.0,221148.0,1.0,1.0
0244,0.0069483506661791,0.0004234949279474,6.094898606785012,0.486328241782048,2056.2278875218194,3,6,121637,hourglass,late,22872693.15205407,0.2189741934428107,-16.08296775817871,,120.0,1.0,50.0,1.0,9.0,1.0,9.0,0.0,50.0,0.0,120.0,1.0,9.0,120.0,59.666666666666664,45.82818152864264,358.0,111.0,120.0,120.0,1.0,4.0,18341424.0,36682848.0,139120.0,2.0,2.0
0245,0.0057871437984631,0.000211074792364,3.647305125199429,0.4152485659059863,2408.2591757664736,3,3,59383,decreasing,early,23992.32335031033,0.4350195197769907,-16.086502075195312,,88.0,1.0,65.0,1.0,9.0,0.0,,0.0,,0.0,,0.0,9.0,88.0,54.0,33.1762967593833,162.0,79.0,88.0,9.0,0.10227272727272728,2.0,15948864.0,31897728.0,107328.0,8.0,8.0
0246,0.0070151266430241,0.0003281551035843,4.677821517458629,0.4665717993880777,2143.2929179787643,3,4,130255,decreasing,early,1012696.9915062188,0.520123285484998,-16.069107055664062,,78.0,1.0,73.0,1.0,65.0,1.0,57.0,1.0,,0.0,,0.0,57.0,78.0,68.25,7.980444849756184,273.0,21.0,78.0,57.0,0.7307692307692307,4.0,18542160.0,37084320.0,103632.0,2.0,2.0
0247,0.0335910329635745,0.0004093547920486,1.2186430601658602,2.02289124851789,494.34456631642905,3,6,831917,increasing,early,574814074.6951674,0.221966253487206,-16.056013107299805,,55.0,0.0,109.0,1.0,131.0,1.0,148.0,1.0,162.0,1.0,175.0,1.0,55.0,175.0,130.0,39.66526608171604,780.0,120.0,55.0,175.0,3.1818181818181817,5.0,105310008.0,210620016.0,214236.0,1.0,1.0
0248,0.017205567203398,0.0006451105842005,3.749429336297321,1.0430364485324843,958.7527055203972,3,3,53914,increasing,early,28783.72075617313,0.2847291687946925,-16.152690887451172,,11.0,0.0,59.0,0.0,88.0,1.0,,0.0,,0.0,,0.0,11.0,88.0,52.666666666666664,31.752515210959622,158.0,77.0,11.0,88.0,8.0,1.0,54134784.0,108269568.0,161792.0,16.0,16.0
0249,0.1194754956359734,0.0002649438747748,0.2217558281424231,7.293747504021532,137.10413079473042,3,5,411660,inverse_hourglass,early,37586975.98675227,0.240811259283832,-16.104595184326172,,88.0,0.0,106.0,0.0,118.0,0.0,114.0,0.0,88.0,0.0,,0.0,88.0,118.0,102.8,12.687001221722964,514.0,30.0,88.0,88.0,1.0,0.0,420102144.0,840204288.0,526336.0,32.0,32.0
0250,0.0711959911484862,0.0010898206175432,1.530733121293716,4.353317236356284,229.7107055062472,3,4,237647,decreasing,late,1822774.6400706768,0.3168267681457782,-16.1715030670166,,126.0,0.0,97.0,0.0,80.0,0.0,74.0,1.0,,0.0,,0.0,74.0,126.0,94.25,20.17888748172208,377.0,52.0,126.0,74.0,0.5873015873015873,1.0,242196480.0,484392960.0,386048.0,16.0,16.0
0251,0.0954292676637769,0.0044246776304782,4.6366044074314505,5.882440854651374,169.99780042953472,3,4,388821,decreasing,late,1265798.906870544,0.4723397462856034,-16.09345054626465,,250.0,0.0,136.0,1.0,52.0,1.0,25.0,0.0,,0.0,,0.0,25.0,250.0,115.75,87.6537934147747,463.0,225.0,250.0,25.0,0.1,2.0,337298688.0,674597376.0,410176.0,8.0,8.0
0252,0.0084638876745593,0.0001219124728763,1.440383870437578,0.5942190969986565,1682.9083384214723,3,2,27842,increasing,linear,3143.0828191637997,0.5871540000100415,-16.090850830078125,,40.0,0.0,72.0,1.0,,0.0,,0.0,,0.0,,0.0,40.0,72.0,56.0,16.0,112.0,32.0,40.0,72.0,1.8,1.0,27648000.0,55296000.0,114688.0,16.0,16.0
0253,0.0197130454984071,0.0011736717906529,5.953782183213787,1.207954672247317,827.846157005496,3,3,50488,hourglass,late,60339.73936733604,0.4504632973749899,-18.582015991210938,,121.0,0.0,21.0,0.0,121.0,0.0,,0.0,,0.0,,0.0,21.0,121.0,87.66666666666667,47.14045207910317,263.0,100.0,121.0,121.0,1.0,0.0,50181120.0,100362240.0,269312.0,32.0,32.0
0254,0.0161634066673681,4.892487534461022e-05,0.3026891320094254,0.9641354841058024,1037.1996615993537,3,2,155003,decreasing,early,7690.668077111244,1.3775692448160723,-16.089181900024414,,178.0,1.0,93.0,1.0,,0.0,,0.0,,0.0,,0.0,93.0,178.0,135.5,42.5,271.0,85.0,178.0,93.0,0.5224719101123596,2.0,43061760.0,86123520.0,206080.0,8.0,8.0
0255,0.0877825763826037,0.0051849792277594,5.906615459952404,5.428337532293835,184.21956502477423,3,5,1222375,increasing,early,116881277.34226876,0.3362207022529717,-16.05563735961914,,82.0,0.0,159.0,1.0,191.0,0.0,215.0,1.0,236.0,0.0,,0.0,82.0,236.0,176.6,53.794423502813004,883.0,154.0,82.0,236.0,2.8780487804878048,2.0,316235520.0,632471040.0,365824.0,8.0,8.0
0256,0.031720525065197,0.0005502683403877,1.7347390664460356,1.882267474424514,531.2750678555581,3,6,87553,hourglass,linear,47543388.96975112,0.2015414993168811,-16.055240631103516,,70.0,0.0,48.0,0.0,22.0,0.0,22.0,0.0,49.0,0.0,70.0,1.0,22.0,70.0,46.833333333333336,19.63344651919836,281.0,48.0,70.0,70.0,1.0,1.0,88639488.0,177278976.0,287744.0,16.0,16.0
0257,0.1032475394890706,0.0054257215920753,5.255061398000403,7.112304261288442,140.60259841453606,3,5,479134,inverse_hourglass,linear,40040778.30706364,0.2356810826346566,-16.183446884155273,,76.0,0.0,112.0,0.0,160.0,0.0,112.0,0.0,76.0,0.0,,0.0,76.0,160.0,107.2,30.921836944140303,536.0,84.0,76.0,76.0,1.0,0.0,489295872.0,978591744.0,548864.0,32.0,32.0
0258,0.0466876778166348,0.0029272931794369,6.269948124072131,3.0395767448812534,328.9942759824413,3,5,472366,increasing,late,44420045.845912814,0.2899608307699794,-16.24305534362793,83.63,88.0,0.0,89.0,1.0,106.0,0.0,132.0,0.0,157.0,0.0,,0.0,88.0,157.0,114.4,26.59774426525678,572.0,69.0,88.0,157.0,1.7840909090909092,1.0,176334336.0,352668672.0,282368.0,16.0,16.0
0259,0.001187770444355,2.4740234520558867e-05,2.082913801916788,0.0838614693047935,11924.428600662675,3,2,5668,uniform,early,1303.220315694809,1.0626149336308568,-16.086658477783203,,23.0,1.0,23.0,1.0,,0.0,,0.0,,0.0,,0.0,23.0,23.0,23.0,0.0,46.0,0.0,23.0,23.0,1.0,2.0,1854720.0,3709440.0,29440.0,8.0,8.0
0260,0.0236496012970089,0.0008363035025811,3.536226645338656,1.4239794197666014,702.2624814726378,3,6,282320,inverse_hourglass,linear,164920399.29189026,0.2542224074049385,-16.058055877685547,,35.0,0.0,67.0,1.0,109.0,0.0,109.0,1.0,67.0,1.0,35.0,1.0,35.0,109.0,70.33333333333333,30.3021818063027,422.0,74.0,35.0,35.0,1.0,4.0,71323344.0,142646688.0,165104.0,2.0,2.0
0261,0.0029746866787546,2.016961631889343e-05,0.6780417064743601,0.2192432065691946,4561.145354601807,3,2,34750,uniform,early,3275.708556652069,0.6328765827793621,-16.24052619934082,,60.0,1.0,60.0,0.0,,0.0,,0.0,,0.0,,0.0,60.0,60.0,60.0,0.0,120.0,0.0,60.0,60.0,1.0,1.0,9953280.0,19906560.0,76800.0,16.0,16.0
0262,0.0497024768754694,0.0008278922867113,1.66569623639804,3.253053529905507,307.40398263565413,3,6,296150,increasing,linear,296956419.8109075,0.2715935828710881,-16.087345123291016,,60.0,0.0,68.0,0.0,76.0,0.0,84.0,1.0,92.0,0.0,100.0,0.0,60.0,100.0,80.0,13.662601021279464,480.0,40.0,60.0,100.0,1.6666666666666667,1.0,184725504.0,369451008.0,344064.0,16.0,16.0
0263,0.081938577687994,0.0037978636915659,4.635012955713565,4.984740802633538,200.61335360787305,3,6,309854,decreasing,late,358106790.62797445,0.2656365567389171,-16.426349639892578,,83.0,0.0,83.0,0.0,83.0,0.0,82.0,0.0,82.0,1.0,82.0,0.0,82.0,83.0,82.5,0.5,495.0,1.0,83.0,82.0,0.9879518072289156,1.0,269457408.0,538914816.0,443904.0,16.0,16.0
0264,0.0252829146216077,0.0011658957245552,4.61139762564726,1.5937343996513451,627.4613643686769,3,3,138336,inverse_hourglass,early,67854.03331160545,0.9941900712679084,-16.489299774169922,,54.0,0.0,140.0,1.0,54.0,0.0,,0.0,,0.0,,0.0,54.0,140.0,82.66666666666667,40.54078878802873,248.0,86.0,54.0,54.0,1.0,1.0,88584192.0,177168384.0,212480.0,16.0,16.0
0265,0.004177041305562,0.0001312920719708,3.1431834728571384,0.3025215954252168,3305.5686424935943,3,2,51957,increasing,linear,4506.505068600178,2.4625631954834333,-16.080310821533203,,40.0,1.0,137.0,1.0,,0.0,,0.0,,0.0,,0.0,40.0,137.0,88.5,48.5,177.0,97.0,40.0,137.0,3.425,2.0,13731840.0,27463680.0,76032.0,8.0,8.0
0266,0.0712918451844154,0.000342711140605,0.4807157673062703,4.340303813594595,230.40167032601707,3,6,1013547,increasing,early,1416473520.5873013,0.2519165996260331,-16.099788665771484,,64.0,0.0,121.0,1.0,145.0,0.0,163.0,0.0,178.0,1.0,192.0,0.0,64.0,192.0,143.83333333333334,42.329724255605015,863.0,128.0,64.0,192.0,3.0,2.0,254550528.0,509101056.0,326144.0,8.0,8.0
0267,0.0027725979844005,5.335249677521972e-05,1.924278134637505,0.1958446135077645,5106.089606022114,3,4,65231,increasing,late,517080.6164179444,0.3745500626224236,-16.063953399658203,,40.0,1.0,42.0,1.0,51.0,1.0,63.0,1.0,,0.0,,0.0,40.0,63.0,49.0,9.082951062292475,196.0,23.0,40.0,63.0,1.575,4.0,6673104.0,13346208.0,55984.0,2.0,2.0
0268,0.0356452672859273,0.0006534234131186,1.8331281061163576,2.041806229422873,489.76345957304494,3,2,87378,decreasing,linear,5440.169579565525,1.032142576752669,-16.260540008544922,,235.0,0.0,38.0,0.0,,0.0,,0.0,,0.0,,0.0,38.0,235.0,136.5,98.5,273.0,197.0,235.0,38.0,0.16170212765957448,0.0,88796160.0,177592320.0,279552.0,32.0,32.0
0269,0.0035943794985674,0.0001134294703281,3.155745529189792,0.2645942229927375,3779.4174782380223,3,2,60730,uniform,late,4839.726868331432,2.233831444100214,-16.095439910888672,,80.0,1.0,80.0,1.0,,0.0,,0.0,,0.0,,0.0,80.0,80.0,80.0,0.0,160.0,0.0,80.0,80.0,1.0,2.0,16957440.0,33914880.0,102400.0,8.0,8.0
0270,0.0023722140210886,2.628452717823588e-05,1.1080166858710878,0.1632895885668033,6124.091106101892,3,2,17524,uniform,early,2597.230094134808,1.446467454217061,-16.285804748535156,,42.0,1.0,42.0,1.0,,0.0,,0.0,,0.0,,0.0,42.0,42.0,42.0,0.0,84.0,0.0,42.0,42.0,1.0,2.0,5225472.0,10450944.0,53760.0,8.0,8.0
0271,0.0056146688510562,0.0001987236526916,3.5393655078025694,0.4147158205779788,2411.302998198716,3,2,89761,decreasing,linear,5363.914612710476,1.6670025188215574,-16.21112632751465,,112.0,1.0,85.0,0.0,,0.0,,0.0,,0.0,,0.0,85.0,112.0,98.5,13.5,197.0,27.0,112.0,85.0,0.7589285714285714,1.0,25030656.0,50061312.0,136448.0,16.0,16.0
0272,0.0037792444702173,9.981884440267763e-05,2.6412380884409137,0.2758979688493332,3624.5308322908136,3,3,11769,decreasing,linear,14040.46111613512,0.4343011187056391,-16.06894302368164,,36.0,0.0,24.0,1.0,13.0,1.0,,0.0,,0.0,,0.0,13.0,36.0,24.333333333333332,9.392668535736915,73.0,23.0,36.0,13.0,0.3611111111111111,2.0,9676800.0,19353600.0,64768.0,8.0,8.0
0273,0.0210540784807879,0.0007847141046106,3.727135838914636,1.2962729469149128,771.4437264580268,3,3,62882,uniform,linear,51948.40347510576,0.3985313484892632,-16.086339950561523,,58.0,0.0,58.0,0.0,58.0,1.0,,0.0,,0.0,,0.0,58.0,58.0,58.0,0.0,174.0,0.0,58.0,58.0,1.0,1.0,63608832.0,127217664.0,178176.0,16.0,16.0
0274,0.0047765455154015,0.0001257963323001,2.633625742590572,0.3201130025462895,3123.901889331968,3,4,93216,uniform,early,563161.749583602,0.3700241225943443,-16.076383590698242,,58.0,1.0,58.0,1.0,58.0,1.0,58.0,0.0,,0.0,,0.0,58.0,58.0,58.0,0.0,232.0,0.0,58.0,58.0,1.0,3.0,11776320.0,23552640.0,78880.0,4.0,4.0
0275,0.0238565948980584,0.0005406051353222,2.2660615969391613,1.5425074233918137,648.3256178785276,3,5,115624,decreasing,late,4037430.8065172434,0.3382270390617267,-16.0972900390625,,112.0,0.0,71.0,1.0,42.0,0.0,25.0,1.0,19.0,0.0,,0.0,19.0,112.0,53.8,34.242663447810244,269.0,93.0,112.0,19.0,0.16964285714285715,2.0,85945536.0,171891072.0,205760.0,8.0,8.0
0276,0.023355357623313,0.0006199792974627,2.654548508578339,1.4041525744138994,712.1737050862873,3,3,319214,decreasing,late,178838.64675539732,1.1414980707064375,-16.101032257080078,,199.0,1.0,121.0,1.0,88.0,1.0,,0.0,,0.0,,0.0,88.0,199.0,136.0,46.54030511288038,408.0,111.0,199.0,88.0,0.44221105527638194,3.0,67113216.0,134226432.0,240384.0,4.0,4.0
0277,0.0549464499742855,0.0003407369500758,0.6201255044416965,3.2691057642263184,305.9014443965749,3,4,182154,decreasing,late,1061110.9877849815,0.3308292475283631,-16.043256759643555,70.08,150.0,0.0,87.0,0.0,52.0,1.0,41.0,0.0,,0.0,,0.0,41.0,150.0,82.5,42.51176307799995,330.0,109.0,150.0,41.0,0.2733333333333333,1.0,171021312.0,342042624.0,306432.0,16.0,16.0
0278,0.0287034909126435,0.0004608683918632,1.605617913395643,1.7732035928992065,563.9592337931399,3,5,81863,decreasing,linear,5729034.492119789,0.3067967964826832,-16.35974884033203,,52.0,0.0,50.0,0.0,47.0,0.0,44.0,0.0,42.0,1.0,,0.0,42.0,52.0,47.0,3.687817782917155,235.0,10.0,52.0,42.0,0.8076923076923077,1.0,83146752.0,166293504.0,240640.0,16.0,16.0
0279,0.0209721087938944,0.0011586040597768,5.524499568274949,1.3246869492382047,754.9025144890646,3,2,68350,uniform,early,4684.894133538008,0.4697991381709795,-16.320478439331055,,85.0,0.0,85.0,0.0,,0.0,,0.0,,0.0,,0.0,85.0,85.0,85.0,0.0,170.0,0.0,85.0,85.0,1.0,0.0,68935680.0,137871360.0,174080.0,32.0,32.0
0280,0.1365034115612008,0.006367163724424,4.664472229376722,8.365688396512533,119.5398058162736,3,4,466852,inverse_hourglass,late,744341.6946437061,0.5870716704484985,-16.058507919311523,,15.0,0.0,213.0,0.0,213.0,0.0,15.0,1.0,,0.0,,0.0,15.0,213.0,114.0,99.0,456.0,198.0,15.0,15.0,1.0,1.0,477425664.0,954851328.0,466944.0,16.0,16.0
0281,0.0689956193654648,0.0002105110271536,0.3051078156695131,4.221334062861343,236.8925821065789,3,4,226812,hourglass,late,1817885.80568558,0.3840969867070247,-16.07404327392578,72.16,103.0,0.0,85.0,0.0,85.0,0.0,103.0,0.0,,0.0,,0.0,85.0,103.0,94.0,9.0,376.0,18.0,103.0,103.0,1.0,0.0,230805504.0,461611008.0,385024.0,32.0,32.0
0282,0.0121927488593165,0.0006495612065031,5.32743857843678,0.8102666598554263,1234.1658393266496,3,4,69352,hourglass,late,553437.0401340127,0.6794537391886478,-16.054180145263672,,75.0,0.0,39.0,1.0,39.0,1.0,75.0,0.0,,0.0,,0.0,39.0,75.0,57.0,18.0,228.0,36.0,75.0,75.0,1.0,2.0,34219584.0,68439168.0,131520.0,8.0,8.0
0283,0.0023644278530794,1.4355575027035611e-05,0.6071479410267909,0.1781573460511444,5613.019330650696,3,2,6130,uniform,early,1380.4262893795967,0.5737960566359765,-19.650150299072266,,24.0,0.0,24.0,1.0,,0.0,,0.0,,0.0,,0.0,24.0,24.0,24.0,0.0,48.0,0.0,24.0,24.0,1.0,1.0,5971968.0,11943936.0,49152.0,16.0,16.0
0284,0.0117513505166767,0.0002098159984293,1.7854628549424978,0.8124468627799781,1230.9188352175763,3,4,130495,hourglass,late,1141043.3194442391,0.309554973729575,-16.232833862304688,,103.0,1.0,54.0,0.0,54.0,0.0,103.0,1.0,,0.0,,0.0,54.0,103.0,78.5,24.5,314.0,49.0,103.0,103.0,1.0,2.0,35195904.0,70391808.0,159488.0,8.0,8.0
0285,0.0027975319120404,7.862821688108417e-05,2.810628059064205,0.1929963205467093,5181.469875556589,3,6,33976,uniform,late,10477530.136859238,0.2323448136939086,-16.10433578491211,,27.0,1.0,27.0,0.0,27.0,1.0,27.0,0.0,27.0,0.0,27.0,1.0,27.0,27.0,27.0,0.0,162.0,0.0,27.0,27.0,1.0,3.0,5365440.0,10730880.0,46656.0,4.0,4.0
0286,0.0736394787234863,0.0031427190487579,4.267709526514646,4.576817034304023,218.4966568542124,3,3,290609,decreasing,early,105452.5610820651,0.7081819385842901,-16.1187801361084,,189.0,0.0,140.0,1.0,37.0,0.0,,0.0,,0.0,,0.0,37.0,189.0,122.0,63.34561284466878,366.0,152.0,189.0,37.0,0.19576719576719576,1.0,261015552.0,522031104.0,346368.0,16.0,16.0
0287,0.0066615229956563,4.2652701531519424e-05,0.6402845349228835,0.457710411697158,2184.848639732168,3,5,184468,uniform,linear,7636983.915852189,0.431675719023522,-16.066545486450195,83.31,71.0,1.0,71.0,1.0,71.0,1.0,71.0,1.0,71.0,1.0,,0.0,71.0,71.0,71.0,0.0,355.0,0.0,71.0,71.0,1.0,5.0,17388468.0,34776936.0,96844.0,1.0,1.0
0288,0.0113059233049569,0.0004794970022202,4.241113169501034,0.7331311102896055,1364.041285087285,3,5,300191,hourglass,late,16388090.36703506,0.4431833164515484,-16.058448791503906,,131.0,1.0,80.0,1.0,64.0,1.0,88.0,1.0,131.0,1.0,,0.0,64.0,131.0,98.8,27.403649392006166,494.0,67.0,131.0,131.0,1.0,5.0,31942944.0,63885888.0,160652.0,1.0,1.0
0289,0.0077646560891884,4.889138292804966e-05,0.6296657877240176,0.5230929046707923,1911.7101866384128,3,3,20932,uniform,early,21230.576137781143,0.4380227869444258,-16.108755111694336,,33.0,0.0,33.0,0.0,33.0,1.0,,0.0,,0.0,,0.0,33.0,33.0,33.0,0.0,99.0,0.0,33.0,33.0,1.0,1.0,20984832.0,41969664.0,101376.0,16.0,16.0
0290,0.0113967703366232,0.0009405635219027,8.25289528630955,0.7584420252695363,1318.5014662501592,3,4,260659,hourglass,late,2376369.4947654307,0.9824029028500694,-16.06153106689453,,127.0,1.0,84.0,1.0,84.0,1.0,127.0,1.0,,0.0,,0.0,84.0,127.0,105.5,21.5,422.0,43.0,127.0,127.0,1.0,4.0,33690816.0,67381632.0,158960.0,2.0,2.0
0291,0.1111042190777789,0.0053786756737414,4.841108392090971,7.050547974028606,141.83330567229132,3,4,392859,hourglass,early,3552779.797521532,0.3797538689646757,-16.89223861694336,,199.0,0.0,88.0,0.0,88.0,0.0,199.0,0.0,,0.0,,0.0,88.0,199.0,143.5,55.5,574.0,111.0,199.0,199.0,1.0,0.0,399651840.0,799303680.0,587776.0,32.0,32.0
0292,0.0387867200456405,0.0007121384943456,1.836036905177065,2.325769516385787,429.9692735559968,3,5,288983,hourglass,early,25328164.824198127,0.1546584395634884,-16.09821319580078,,97.0,0.0,94.0,1.0,76.0,0.0,89.0,1.0,97.0,0.0,,0.0,76.0,97.0,90.6,7.863841300535,453.0,21.0,97.0,97.0,1.0,2.0,123729984.0,247459968.0,244032.0,8.0,8.0
0293,0.0024708111199119,3.3227574033635064e-05,1.3448042938554792,0.1708926101086666,5851.814935385121,3,2,18328,uniform,early,2623.7200011610985,1.288637023090552,-16.233152389526367,,43.0,1.0,43.0,1.0,,0.0,,0.0,,0.0,,0.0,43.0,43.0,43.0,0.0,86.0,0.0,43.0,43.0,1.0,2.0,5448960.0,10897920.0,55040.0,8.0,8.0
0294,0.0064236329947192,0.0001699470853171,2.645653720517414,0.4276157970246191,2338.563127231267,3,4,202705,increasing,late,1563612.9996543825,0.690882137190457,-16.070642471313477,,63.0,1.0,70.0,1.0,91.0,1.0,125.0,1.0,,0.0,,0.0,63.0,125.0,87.25,24.107830678018296,349.0,62.0,63.0,125.0,1.9841269841269842,4.0,17209584.0,34419168.0,90256.0,2.0,2.0
0295,0.0021811285687048,1.0438916045911511e-05,0.47860159165721,0.1532534717142654,6525.163445224484,3,6,41800,uniform,late,7106810.096332669,0.3047075915390669,-16.067163467407227,,30.0,1.0,30.0,1.0,30.0,1.0,30.0,0.0,30.0,1.0,30.0,1.0,30.0,30.0,30.0,0.0,180.0,0.0,30.0,30.0,1.0,5.0,3713040.0,7426080.0,41400.0,1.0,1.0
0296,0.0139930404513299,0.0008052336774764,5.754529762685993,0.9334929722598504,1071.248604091373,3,3,284377,inverse_hourglass,early,124777.68329709768,1.1865732732359744,-16.060993194580078,,66.0,1.0,237.0,1.0,66.0,1.0,,0.0,,0.0,,0.0,66.0,237.0,123.0,80.61017305526642,369.0,171.0,66.0,66.0,1.0,3.0,46873728.0,93747456.0,132480.0,4.0,4.0
0297,0.0048051779282051,0.000136031085693,2.8309271316373463,0.3183935690324446,3140.776244812516,3,2,43024,uniform,early,4032.53164640069,1.399591937924267,-16.175390243530273,,67.0,1.0,67.0,1.0,,0.0,,0.0,,0.0,,0.0,67.0,67.0,67.0,0.0,134.0,0.0,67.0,67.0,1.0,2.0,12195072.0,24390144.0,85760.0,8.0,8.0
0298,0.168352330909091,0.0015474649901293,0.9191823966874386,10.07878006503166,99.2192558911018,3,4,588561,inverse_hourglass,early,2452489.9213142395,0.2677094156515847,-16.197059631347656,74.65,64.0,0.0,199.0,0.0,199.0,0.0,64.0,0.0,,0.0,,0.0,64.0,199.0,131.5,67.5,526.0,135.0,64.0,64.0,1.0,0.0,601482240.0,1202964480.0,538624.0,32.0,32.0
0299,0.0010951081390605,1.381187777901333e-05,1.2612341454115736,0.0781089528440495,12802.73165518191,3,3,5892,uniform,linear,6803.515257835388,0.5109910362960404,-16.080406188964844,,17.0,1.0,17.0,1.0,17.0,0.0,,0.0,,0.0,,0.0,17.0,17.0,17.0,0.0,51.0,0.0,17.0,17.0,1.0,2.0,1302336.0,2604672.0,22848.0,8.0,8.0
0300,0.0175202813646571,0.0007123506819695,4.065863253809225,1.14247319584537,875.3010827946551,3,3,378080,inverse_hourglass,late,140252.8756815195,1.3837379460065606,-16.07512092590332,,92.0,1.0,226.0,1.0,92.0,0.0,,0.0,,0.0,,0.0,92.0,226.0,136.66666666666666,63.168205785998246,410.0,134.0,92.0,92.0,1.0,2.0,62424576.0,124849152.0,157952.0,8.0,8.0
0301,0.0035875672073782,1.7154069812693e-05,0.4781532671336053,0.2490782377837229,4014.8399491004734,3,2,9280,uniform,early,1802.9520829916,0.7533996963805232,-16.13174819946289,,30.0,0.0,30.0,1.0,,0.0,,0.0,,0.0,,0.0,30.0,30.0,30.0,0.0,60.0,0.0,30.0,30.0,1.0,1.0,9123840.0,18247680.0,61440.0,16.0,16.0
0302,0.0341976363919715,0.0003610300991625,1.055716526792783,2.048898726765488,488.07345403975086,3,3,395379,hourglass,late,231454.61037927863,0.9954307660330592,-17.18893051147461,,226.0,1.0,95.0,0.0,226.0,0.0,,0.0,,0.0,,0.0,95.0,226.0,182.33333333333334,61.753992223625154,547.0,131.0,226.0,226.0,1.0,1.0,105182208.0,210364416.0,313600.0,16.0,16.0
0303,0.0147178514260835,0.0014112543752734,9.58872551717938,0.9294681536531304,1075.9114675152232,3,2,45550,uniform,late,4137.578439116478,1.0452369948171982,-16.091236114501953,,69.0,0.0,69.0,1.0,,0.0,,0.0,,0.0,,0.0,69.0,69.0,69.0,0.0,138.0,0.0,69.0,69.0,1.0,1.0,45785088.0,91570176.0,141312.0,16.0,16.0
0304,0.0287611240336278,0.0007309420042257,2.541423636194243,1.8311739258370767,546.1035280758589,3,4,453113,decreasing,linear,1750590.2991977036,0.4275264950939069,-17.192272186279297,76.01,208.0,1.0,160.0,0.0,87.0,0.0,28.0,0.0,,0.0,,0.0,28.0,208.0,120.75,68.72908772855929,483.0,180.0,208.0,28.0,0.1346153846153846,1.0,120112128.0,240224256.0,283392.0,16.0,16.0
0305,0.0144737243616538,0.000390436451712,2.697553455878094,0.9259777265135988,1079.9587006517822,3,6,318665,decreasing,late,230707187.78539044,0.2733977924630154,-16.107666015625,,116.0,1.0,98.0,1.0,84.0,0.0,70.0,0.0,70.0,0.0,65.0,0.0,65.0,116.0,83.83333333333333,18.132996320397673,503.0,51.0,116.0,65.0,0.5603448275862069,2.0,42970752.0,85941504.0,162368.0,8.0,8.0
0306,0.1304654385362213,0.0002435437991227,0.1866730391245538,7.852724509210472,127.34517523457284,3,6,930497,inverse_hourglass,early,332454411.9172338,0.3643890600869445,-16.181888580322266,,20.0,0.0,134.0,0.0,205.0,1.0,205.0,0.0,138.0,0.0,20.0,0.0,20.0,205.0,120.33333333333333,76.34279417353167,722.0,185.0,20.0,20.0,1.0,1.0,446780160.0,893560320.0,460544.0,16.0,16.0
0307,0.0164955511825107,0.000353834390343,2.1450292047119945,1.0116972876859798,988.4471104830502,3,4,569775,inverse_hourglass,late,2428113.8344992995,1.1848508871709096,-16.06710433959961,,55.0,1.0,202.0,1.0,202.0,1.0,55.0,1.0,,0.0,,0.0,55.0,202.0,128.5,73.5,514.0,147.0,55.0,55.0,1.0,4.0,52221024.0,104442048.0,121840.0,2.0,2.0
0308,0.0033146771415418,0.0001240183709676,3.741491725194317,0.2233751767169961,4476.818455874071,3,5,8740,uniform,late,326583.4732221365,0.2681060820509913,-16.141468048095703,,15.0,0.0,15.0,0.0,15.0,0.0,15.0,0.0,15.0,1.0,,0.0,15.0,15.0,15.0,0.0,75.0,0.0,15.0,15.0,1.0,1.0,8709120.0,17418240.0,76800.0,16.0,16.0
0309,0.0498837560637359,0.0018323048747212,3.6731493762821295,3.050533430030776,327.81608956114945,3,4,656798,decreasing,linear,3535168.91969651,1.0137864422072838,-16.04839324951172,,239.0,1.0,191.0,0.0,109.0,1.0,52.0,1.0,,0.0,,0.0,52.0,239.0,147.75,72.2266398221598,591.0,187.0,239.0,52.0,0.2175732217573222,3.0,163014912.0,326029824.0,324864.0,4.0,4.0
0310,0.043639131549911,0.0003604380788265,0.8259515394212932,2.715561154251305,368.2508602395339,3,6,139694,decreasing,early,92844726.47737776,0.2861011628404891,-16.671937942504883,,64.0,0.0,61.0,0.0,56.0,0.0,56.0,0.0,51.0,0.0,38.0,0.0,38.0,64.0,54.333333333333336,8.379870059984356,326.0,26.0,64.0,38.0,0.59375,0.0,142313472.0,284626944.0,333824.0,32.0,32.0
0311,0.0151177761545178,0.000478116854315,3.162613663730744,1.0158881132517978,984.3784978377132,3,4,106340,uniform,early,860905.8807914257,0.3974218588067953,-16.062742233276367,,62.0,0.0,62.0,1.0,62.0,1.0,62.0,1.0,,0.0,,0.0,62.0,62.0,62.0,0.0,248.0,0.0,62.0,62.0,1.0,3.0,48211200.0,96422400.0,146816.0,4.0,4.0
0312,0.0727575945731548,0.0038126889850322,5.240262555957331,4.432782500052902,225.5934691370689,3,6,226698,decreasing,late,169396852.6283757,0.2925854464928858,-16.08141326904297,75.95,118.0,0.0,94.0,0.0,66.0,0.0,53.0,0.0,42.0,0.0,41.0,0.0,41.0,118.0,69.0,28.296053906272277,414.0,77.0,118.0,41.0,0.3474576271186441,0.0,231284736.0,462569472.0,423936.0,32.0,32.0
0313,0.0199445233596669,0.0012490568195114,6.262655652314697,1.2441362859569205,803.7726150858373,3,3,122816,increasing,late,86269.53702121973,0.9329885939818228,-16.060073852539062,,65.0,0.0,76.0,1.0,110.0,1.0,,0.0,,0.0,,0.0,65.0,110.0,83.66666666666667,19.154343864744856,251.0,45.0,65.0,110.0,1.6923076923076923,2.0,66585600.0,133171200.0,172544.0,8.0,8.0
0314,0.0475050467281026,0.0004909658450258,1.0335024988733243,2.890174301266418,346.00120791485534,3,2,169054,increasing,early,8265.757802724838,1.2538024967978798,-16.103513717651367,,73.0,0.0,250.0,1.0,,0.0,,0.0,,0.0,,0.0,73.0,250.0,161.5,88.5,323.0,177.0,73.0,250.0,3.4246575342465753,1.0,170210304.0,340420608.0,330752.0,16.0,16.0
0315,0.0193394063373932,0.0005393423493271,2.7888257784018933,1.1516624620916405,868.3111137086695,3,5,321358,hourglass,late,26572146.70616949,0.3597439196346078,-16.068208694458008,,159.0,1.0,85.0,0.0,57.0,1.0,77.0,1.0,159.0,0.0,,0.0,57.0,159.0,107.4,43.1073079651235,537.0,102.0,159.0,159.0,1.0,3.0,50988528.0,101977056.0,206640.0,4.0,4.0
0316,0.0183574197618314,0.0011089955443356,6.041129737859427,1.1113677729173888,899.7923650558627,3,3,261652,hourglass,late,216289.74604427812,1.4640249195946309,-16.072345733642578,,223.0,1.0,63.0,1.0,223.0,1.0,,0.0,,0.0,,0.0,63.0,223.0,169.66666666666666,75.42472332656506,509.0,160.0,223.0,223.0,1.0,3.0,46626624.0,93253248.0,258752.0,4.0,4.0
0317,0.0086741241675587,0.0003690211056977,4.254275112614209,0.5751358578867978,1738.7687609849795,3,3,92479,inverse_hourglass,late,39164.02165418863,1.591710567608685,-16.199939727783203,,26.0,1.0,195.0,0.0,26.0,0.0,,0.0,,0.0,,0.0,26.0,195.0,82.33333333333333,79.66736401368436,247.0,169.0,26.0,26.0,1.0,1.0,24081408.0,48162816.0,83200.0,16.0,16.0
0318,0.087167040659101,0.0006076885059608,0.6971539946359065,5.645827959816983,177.12441564489492,3,5,325088,inverse_hourglass,late,7251345.117796123,0.3230723324215706,-16.075340270996094,,18.0,0.0,72.0,0.0,232.0,0.0,72.0,0.0,18.0,0.0,,0.0,18.0,232.0,82.4,78.60178115030219,412.0,214.0,18.0,18.0,1.0,0.0,332273664.0,664547328.0,421888.0,32.0,32.0
0319,0.0100923814526522,0.0005443967916526,5.39413610362136,0.6442295997996239,1552.2418944957376,3,4,106340,uniform,late,804725.4842853546,0.3548108130851774,-16.092910766601562,,62.0,1.0,62.0,0.0,62.0,0.0,62.0,1.0,,0.0,,0.0,62.0,62.0,62.0,0.0,248.0,0.0,62.0,62.0,1.0,2.0,28283904.0,56567808.0,111104.0,8.0,8.0
0320,0.1581609234772597,0.0003316967210053,0.2097210320430352,9.562339271482394,104.5793306603506,3,5,757993,hourglass,linear,96014935.92355707,0.369715544959539,-16.081016540527344,81.69,226.0,0.0,140.0,0.0,68.0,0.0,143.0,1.0,226.0,0.0,,0.0,68.0,226.0,160.6,59.771565145978904,803.0,158.0,226.0,226.0,1.0,1.0,549656064.0,1099312128.0,648704.0,16.0,16.0
0321,0.0219361345813544,0.0002078357854992,0.9474585630774262,1.2725947000645288,785.8152960512997,3,3,329324,hourglass,early,242863.6315907538,1.5883761173540745,-16.074237823486328,,234.0,1.0,76.0,1.0,234.0,1.0,,0.0,,0.0,,0.0,76.0,234.0,181.33333333333334,74.481914284983,544.0,158.0,234.0,234.0,1.0,3.0,57687552.0,115375104.0,274048.0,4.0,4.0
0322,0.0203660716778136,0.000467896491873,2.2974312340400607,1.3472118755537157,742.2753618632495,3,3,117326,hourglass,late,136199.96849638224,0.7542636305137224,-16.101627349853516,,216.0,0.0,28.0,1.0,216.0,1.0,,0.0,,0.0,,0.0,28.0,216.0,153.33333333333334,88.62404990871396,460.0,188.0,216.0,216.0,1.0,2.0,75644928.0,151289856.0,305152.0,8.0,8.0
0323,0.0099174767897701,0.0004484918577371,4.522237533237567,0.6860067410335737,1457.7122980876975,3,2,141021,increasing,early,7369.695512443781,2.8403993829225134,-16.088796615600586,,92.0,1.0,165.0,1.0,,0.0,,0.0,,0.0,,0.0,92.0,165.0,128.5,36.5,257.0,73.0,92.0,165.0,1.7934782608695652,2.0,37518336.0,75036672.0,136448.0,8.0,8.0
0324,0.0166322670322508,5.009640030082749e-05,0.3012000721470381,1.1049227672257824,905.041011501708,3,5,308578,uniform,late,31208265.995422184,0.2742872672235012,-16.072357177734375,,92.0,1.0,92.0,0.0,92.0,0.0,92.0,1.0,92.0,1.0,,0.0,92.0,92.0,92.0,0.0,460.0,0.0,92.0,92.0,1.0,3.0,65922048.0,131844096.0,170752.0,4.0,4.0
0325,0.0437404900861996,0.0012583195077853,2.8767841999610697,2.577386747035561,387.9905118020503,3,4,818471,decreasing,linear,5878506.804586023,0.8259701070783033,-16.065574645996094,83.7,246.0,1.0,198.0,1.0,141.0,1.0,95.0,1.0,,0.0,,0.0,95.0,246.0,170.0,57.06575155029503,680.0,151.0,246.0,95.0,0.3861788617886179,4.0,137034288.0,274068576.0,313136.0,2.0,2.0
0326,0.0027480539948921,3.307718336894197e-05,1.203658422666487,0.1901212266304235,5259.802084772975,3,4,42676,uniform,linear,340056.9557019472,0.4419650006313526,-16.06719207763672,,39.0,1.0,39.0,1.0,39.0,1.0,39.0,1.0,,0.0,,0.0,39.0,39.0,39.0,0.0,156.0,0.0,39.0,39.0,1.0,4.0,5677776.0,11355552.0,53040.0,2.0,2.0
0327,0.0677339043704123,0.0012120564627954,1.7894383530101952,4.072559005690252,245.54707885817788,3,6,607707,decreasing,early,755436934.1197107,0.2348253757306688,-16.04976463317871,,130.0,0.0,124.0,1.0,118.0,0.0,113.0,1.0,111.0,0.0,93.0,0.0,93.0,130.0,114.83333333333333,11.682132605916705,689.0,37.0,130.0,93.0,0.7153846153846154,2.0,229760640.0,459521280.0,332288.0,8.0,8.0
0328,0.0108027928219588,0.0004808026376355,4.450725340748864,0.7193486419639509,1390.1522902678355,3,3,281440,increasing,late,156275.96302229166,1.5350315875101406,-16.054950714111328,,78.0,1.0,114.0,1.0,192.0,1.0,,0.0,,0.0,,0.0,78.0,192.0,128.0,47.58150901348127,384.0,114.0,78.0,192.0,2.4615384615384617,3.0,35251200.0,70502400.0,121344.0,4.0,4.0
0329,0.0232402646472245,0.001162105862933,5.000398577956123,1.446416984751378,691.3656683028227,3,2,81338,increasing,late,5595.676754176617,1.0373760099583498,-16.11609649658203,,51.0,0.0,170.0,1.0,,0.0,,0.0,,0.0,,0.0,51.0,170.0,110.5,59.5,221.0,119.0,51.0,170.0,3.3333333333333335,1.0,81312768.0,162625536.0,226304.0,16.0,16.0
0330,0.0742513314484558,0.0004674885421889,0.6296029082164794,4.4992361373226,222.2604504683229,3,6,1034392,hourglass,linear,1858280264.4210732,0.2329356751471454,-16.132654190063477,83.35,220.0,1.0,169.0,0.0,92.0,0.0,92.0,0.0,169.0,0.0,220.0,0.0,92.0,220.0,160.33333333333334,52.613897614814874,962.0,128.0,220.0,220.0,1.0,1.0,268554240.0,537108480.0,415232.0,16.0,16.0
0331,0.065364408588633,0.0007984468399229,1.2215314988130157,3.8455685866682496,260.04093519138434,3,4,198579,decreasing,linear,720157.4198291302,0.2003786627972711,-16.08683967590332,,145.0,0.0,102.0,0.0,58.0,0.0,15.0,1.0,,0.0,,0.0,15.0,145.0,80.0,48.52319033204639,320.0,130.0,145.0,15.0,0.10344827586206896,1.0,202853376.0,405706752.0,327680.0,16.0,16.0
0332,0.0064728694678846,0.0002440700866739,3.770662885833738,0.432505530128222,2312.112094307328,3,2,60061,decreasing,late,4625.570480525494,2.643553609239225,-16.24907112121582,,94.0,1.0,67.0,1.0,,0.0,,0.0,,0.0,,0.0,67.0,94.0,80.5,13.5,161.0,27.0,94.0,67.0,0.7127659574468085,2.0,17109504.0,34219008.0,113408.0,8.0,8.0
0333,0.0103091577195272,0.0006432245626522,6.239351265660628,0.6641866894061099,1505.6013967427673,3,4,242436,uniform,late,2043192.2948454616,1.3208086647671953,-16.06918716430664,,94.0,1.0,94.0,1.0,94.0,1.0,94.0,1.0,,0.0,,0.0,94.0,94.0,94.0,0.0,376.0,0.0,94.0,94.0,1.0,4.0,29318976.0,58637952.0,127840.0,2.0,2.0
0334,0.002368151853306,3.2038787736357244e-05,1.3529025890645547,0.1676933268804385,5963.266710055967,3,3,12280,hourglass,late,21261.414843678474,0.5990658531491629,-16.075443267822266,,61.0,1.0,9.0,1.0,61.0,1.0,,0.0,,0.0,,0.0,9.0,61.0,43.666666666666664,24.513035081133648,131.0,52.0,61.0,61.0,1.0,3.0,3267648.0,6535296.0,68672.0,4.0,4.0
0335,0.0124671179501381,0.0005309306526906,4.25864786724602,0.794101026165526,1259.288441372813,3,3,122369,increasing,linear,47718.53713077307,0.7144336801070144,-16.215473175048828,,14.0,0.0,83.0,1.0,147.0,1.0,,0.0,,0.0,,0.0,14.0,147.0,81.33333333333333,54.309810859139944,244.0,133.0,14.0,147.0,10.5,2.0,39207168.0,78414336.0,136960.0,8.0,8.0
0336,0.0047887790461222,0.0001230211555437,2.568946162662512,0.3501940867382476,2855.563648029632,3,4,16546,uniform,early,123664.87947034836,0.2185162369410475,-16.097076416015625,,24.0,0.0,24.0,0.0,24.0,1.0,24.0,0.0,,0.0,,0.0,24.0,24.0,24.0,0.0,96.0,0.0,24.0,24.0,1.0,1.0,12607488.0,25214976.0,79872.0,16.0,16.0
0337,0.0036543005029011,5.877405979022053e-05,1.6083532195439063,0.2518712248203504,3970.283148850008,3,5,45580,uniform,linear,2154742.351557493,0.1853177428546547,-16.192258834838867,,35.0,1.0,35.0,0.0,35.0,1.0,35.0,0.0,35.0,0.0,,0.0,35.0,35.0,35.0,0.0,175.0,0.0,35.0,35.0,1.0,2.0,8023680.0,16047360.0,58240.0,8.0,8.0
0338,0.0075469509812301,0.0003863126329951,5.118790806458411,0.5075970574011676,1970.067298817254,3,2,25404,decreasing,late,2803.6903033852577,2.676603364642371,-16.058982849121094,,199.0,1.0,11.0,1.0,,0.0,,0.0,,0.0,,0.0,11.0,199.0,105.0,94.0,210.0,188.0,199.0,11.0,0.05527638190954774,2.0,10545408.0,21090816.0,206592.0,8.0,8.0
0339,0.0437970326144265,0.0018845260876532,4.3028624889817815,2.8176222868997223,354.910390326213,3,6,266682,decreasing,linear,140408045.14469737,0.2653268084533127,-16.067981719970703,,120.0,0.0,101.0,1.0,75.0,0.0,69.0,0.0,46.0,0.0,25.0,0.0,25.0,120.0,72.66666666666667,31.742015618979767,436.0,95.0,120.0,25.0,0.20833333333333334,1.0,154354176.0,308708352.0,281344.0,16.0,16.0
0340,0.0520598656895946,0.0006234393342037,1.1975431091600348,3.316057948495782,301.56322825286395,3,5,518808,hourglass,early,48219128.271229535,0.2436018779983134,-16.08684539794922,,140.0,0.0,125.0,1.0,88.0,1.0,125.0,0.0,140.0,0.0,,0.0,88.0,140.0,123.6,19.022092419079453,618.0,52.0,140.0,140.0,1.0,2.0,206910720.0,413821440.0,310848.0,8.0,8.0
0341,0.0007630669506792,6.460113041378054e-06,0.8465984584481763,0.054469472331131,18358.927411751665,3,5,17571,increasing,linear,321268.142776072,0.2202344939351228,-16.053226470947266,,10.0,1.0,16.0,1.0,21.0,1.0,26.0,1.0,32.0,1.0,,0.0,10.0,32.0,21.0,7.64198926981712,105.0,22.0,10.0,32.0,3.2,5.0,947232.0,1894464.0,16224.0,1.0,1.0
0342,0.0097616646599857,0.0005892464676054,6.036331795138015,0.6297670795292474,1587.8928070119275,3,3,44141,inverse_hourglass,linear,26604.06327778101,0.6999253580691519,-16.35574722290039,,22.0,0.0,109.0,1.0,22.0,0.0,,0.0,,0.0,,0.0,22.0,109.0,51.0,41.012193308819754,153.0,87.0,22.0,22.0,1.0,1.0,28233216.0,56466432.0,139776.0,16.0,16.0
0343,0.013944845528825,0.0004001079114908,2.8692172363173567,0.8624097042140059,1159.5637294222956,3,5,177990,decreasing,late,4928285.563174069,0.2663481148387958,-16.120967864990234,,143.0,1.0,89.0,1.0,53.0,0.0,26.0,0.0,18.0,0.0,,0.0,18.0,143.0,65.8,45.89291884376063,329.0,125.0,143.0,18.0,0.1258741258741259,2.0,37056960.0,74113920.0,175424.0,8.0,8.0
0344,0.009339139300043,9.357421090395364e-05,1.0019575455258716,0.5833526710049316,1714.2935367250027,3,5,251500,uniform,linear,20142727.61367089,0.3883304895509663,-16.05994415283203,,83.0,1.0,83.0,1.0,83.0,1.0,83.0,0.0,83.0,1.0,,0.0,83.0,83.0,83.0,0.0,415.0,0.0,83.0,83.0,1.0,4.0,24119136.0,48238272.0,114208.0,2.0,2.0
0345,0.0283733780478141,0.0007294214203093,2.570795127320107,1.755473358995101,569.6487974215745,3,2,102022,increasing,early,6021.433381140232,0.3794983658313144,-16.444095611572266,,53.0,0.0,206.0,0.0,,0.0,,0.0,,0.0,,0.0,53.0,206.0,129.5,76.5,259.0,153.0,53.0,206.0,3.8867924528301887,0.0,102085632.0,204171264.0,265216.0,32.0,32.0
0346,0.0044497062066134,0.0001343891761419,3.020180881654388,0.3015957163195203,3315.701549020382,3,5,103360,uniform,early,3718829.1800471535,0.4125096652729518,-16.056396484375,,53.0,1.0,53.0,1.0,53.0,1.0,53.0,1.0,53.0,1.0,,0.0,53.0,53.0,53.0,0.0,265.0,0.0,53.0,53.0,1.0,5.0,10060884.0,20121768.0,72292.0,1.0,1.0
0347,0.0640120724122878,0.0003177134259548,0.4963336039310826,3.822861457011679,261.58521897564856,3,6,840125,increasing,linear,1266184299.7080436,0.2063208985042748,-16.173946380615234,,94.0,1.0,110.0,0.0,126.0,0.0,143.0,0.0,159.0,0.0,175.0,0.0,94.0,175.0,134.5,27.765386124933805,807.0,81.0,94.0,175.0,1.8617021276595744,1.0,216364032.0,432728064.0,278784.0,16.0,16.0
0348,0.0186577033462647,0.0002534599342491,1.3584733852028348,1.1597162561652858,862.2802362204309,3,2,59260,uniform,linear,4450.215194255114,0.4479731917582231,-17.301097869873047,53.92,79.0,0.0,79.0,0.0,,0.0,,0.0,,0.0,,0.0,79.0,79.0,79.0,0.0,158.0,0.0,79.0,79.0,1.0,0.0,59701248.0,119402496.0,161792.0,32.0,32.0
0349,0.0145460468500427,0.0001026236769582,0.7055090500961985,0.8953549722620078,1116.8757470941875,3,5,101318,decreasing,early,5948918.199202776,0.2821929740558126,-16.104455947875977,,57.0,0.0,55.0,1.0,55.0,1.0,50.0,0.0,42.0,0.0,,0.0,42.0,57.0,51.8,5.418486873657627,259.0,15.0,57.0,42.0,0.7368421052631579,2.0,40231296.0,80462592.0,134656.0,8.0,8.0
0350,0.0136406821121352,0.0007898737621887,5.790573782861389,0.8716179787416601,1147.2939340413022,3,3,39938,uniform,early,36548.388302505016,0.4999375308889767,-16.57406997680664,,46.0,0.0,46.0,0.0,46.0,1.0,,0.0,,0.0,,0.0,46.0,46.0,46.0,0.0,138.0,0.0,46.0,46.0,1.0,1.0,40273920.0,80547840.0,141312.0,16.0,16.0
0351,0.0044512864211857,3.786371611311947e-05,0.8506241236894702,0.3108577398316876,3216.905790659852,3,5,92528,hourglass,linear,3487847.763269156,0.315238280777542,-16.061752319335938,,61.0,1.0,50.0,1.0,39.0,1.0,50.0,1.0,61.0,1.0,,0.0,39.0,61.0,52.2,8.23164625090267,261.0,22.0,61.0,61.0,1.0,5.0,10227528.0,20455056.0,78804.0,1.0,1.0
0352,0.0174823165625709,0.0005762303072705,3.2960752381308738,1.073707099232276,931.3611851713852,3,4,631018,increasing,late,4041827.040867269,0.8177210407858825,-16.058887481689453,,89.0,1.0,107.0,1.0,168.0,0.0,250.0,1.0,,0.0,,0.0,89.0,250.0,153.5,62.93846200853656,614.0,161.0,89.0,250.0,2.808988764044944,3.0,58947840.0,117895680.0,145280.0,4.0,4.0
0353,0.0222611663838789,0.0008252207538946,3.706996927583423,1.3407188703098107,745.8706998906035,3,6,1024329,inverse_hourglass,early,579207378.6703354,0.3126903228425465,-16.06546974182129,,73.0,1.0,147.0,1.0,190.0,0.0,190.0,1.0,147.0,1.0,73.0,1.0,73.0,190.0,136.66666666666666,48.32068800098865,820.0,117.0,73.0,73.0,1.0,5.0,68032044.0,136064088.0,139348.0,1.0,1.0
0354,0.0076898929763258,0.0001258916053634,1.6371047783240806,0.5564151111197047,1797.2223731452832,3,3,278328,increasing,linear,142511.40138968825,1.527753539600608,-16.05144500732422,,56.0,1.0,124.0,1.0,190.0,1.0,,0.0,,0.0,,0.0,56.0,190.0,123.33333333333333,54.70730197047639,370.0,134.0,56.0,190.0,3.392857142857143,3.0,31117824.0,62235648.0,101248.0,4.0,4.0
0355,0.0125653432840256,0.0008439589112423,6.716560719159307,0.8263922542368044,1210.0805538970703,3,6,968679,increasing,linear,376230986.12198585,0.2814574898310065,-16.063674926757812,,96.0,1.0,123.0,1.0,135.0,1.0,136.0,1.0,186.0,0.0,188.0,0.0,96.0,188.0,144.0,33.141112433551974,864.0,92.0,96.0,188.0,1.9583333333333333,4.0,44237664.0,88475328.0,142104.0,2.0,2.0
0356,0.1357737679262482,0.0003058015296995,0.2252287274414388,8.011846855434728,124.81556837528336,3,5,508466,inverse_hourglass,linear,34930318.84983921,0.1186561233235054,-16.0675106048584,,65.0,0.0,123.0,0.0,173.0,0.0,113.0,1.0,65.0,0.0,,0.0,65.0,173.0,107.8,40.429692059178485,539.0,108.0,65.0,65.0,1.0,1.0,468672768.0,937345536.0,502016.0,16.0,16.0
0357,0.0023829370256388,2.106827036878022e-05,0.8841303879246304,0.1631848758569891,6128.019763650799,3,2,17524,uniform,late,2615.001594364643,1.6693944574229056,-16.17285919189453,,42.0,1.0,42.0,1.0,,0.0,,0.0,,0.0,,0.0,42.0,42.0,42.0,0.0,84.0,0.0,42.0,42.0,1.0,2.0,5225472.0,10450944.0,53760.0,8.0,8.0
0358,0.0134207741709876,0.0002063321719701,1.5374088658476834,0.8360002793959899,1196.1736741014115,3,2,40570,uniform,late,3877.7018083631992,0.6975824412917927,-16.676836013793945,,65.0,0.0,65.0,1.0,,0.0,,0.0,,0.0,,0.0,65.0,65.0,65.0,0.0,130.0,0.0,65.0,65.0,1.0,1.0,40734720.0,81469440.0,133120.0,16.0,16.0
0359,0.1289370617330464,0.0010057634007803,0.7800421285097454,7.592816537841403,131.70421500310158,3,3,454169,increasing,linear,180552.16579073668,0.5286187180996621,-16.329090118408203,,69.0,0.0,158.0,0.0,247.0,0.0,,0.0,,0.0,,0.0,69.0,247.0,158.0,72.66819570256762,474.0,178.0,69.0,247.0,3.579710144927536,0.0,462044160.0,924088320.0,485376.0,32.0,32.0
0360,0.3113586809865327,0.001407377484613,0.4520116414142607,18.840181051539265,53.078189195305,3,6,1125973,increasing,linear,1870037862.9002512,0.2503116026772986,-16.17874526977539,,75.0,0.0,108.0,0.0,137.0,0.0,171.0,0.0,196.0,0.0,228.0,1.0,75.0,228.0,152.5,51.89974309506101,915.0,153.0,75.0,228.0,3.04,1.0,1149714432.0,2299428864.0,936960.0,16.0,16.0
0361,0.248082343704579,0.0012144810927372,0.4895475730362517,15.363179521679628,65.0923480502796,3,5,943170,increasing,linear,98366206.02565776,0.201895269127241,-16.25296401977539,,92.0,0.0,120.0,0.0,162.0,0.0,188.0,0.0,230.0,0.0,,0.0,92.0,230.0,158.4,48.78360380291723,792.0,138.0,92.0,230.0,2.5,0.0,962629632.0,1925259264.0,811008.0,32.0,32.0
0362,0.0036295958502717,1.2706902482531731e-05,0.3500913877664985,0.2556062482235974,3912.356560762032,3,5,52832,decreasing,early,1128806.3360372782,0.4375587087818482,-16.051311492919922,,50.0,1.0,47.0,1.0,38.0,1.0,31.0,1.0,12.0,1.0,,0.0,12.0,50.0,35.6,13.573503600765722,178.0,38.0,50.0,12.0,0.24,5.0,8008560.0,16017120.0,66208.0,1.0,1.0
0363,0.0152451317907727,0.0001788981897502,1.17347748911253,0.9441336332165112,1059.2042448784582,3,3,290842,inverse_hourglass,early,110304.2825154662,0.8122805590283144,-16.16071891784668,,73.0,1.0,219.0,1.0,73.0,0.0,,0.0,,0.0,,0.0,73.0,219.0,121.66666666666667,68.82506003549064,365.0,146.0,73.0,73.0,1.0,2.0,48060864.0,96121728.0,135488.0,8.0,8.0
0364,0.1285091005914865,0.0009741829922408,0.7580653726132957,7.701775110176634,129.84084726904356,3,6,1818609,increasing,early,4019500427.939419,0.2208030317642951,-16.05101776123047,87.39,93.0,0.0,161.0,1.0,190.0,0.0,212.0,0.0,249.0,1.0,252.0,1.0,93.0,252.0,192.83333333333334,54.7887356630499,1157.0,159.0,93.0,252.0,2.7096774193548385,3.0,461613312.0,923226624.0,442880.0,4.0,4.0
0365,0.0050499435126838,0.0001374049009641,2.72091956313989,0.3502558674944272,2855.056145009355,3,6,143538,uniform,early,91853737.79873668,0.2921629272751452,-16.066551208496094,,56.0,1.0,56.0,1.0,56.0,0.0,56.0,0.0,56.0,0.0,56.0,1.0,56.0,56.0,56.0,0.0,336.0,0.0,56.0,56.0,1.0,3.0,15998976.0,31997952.0,86016.0,4.0,4.0
0366,0.0035500381642877,6.493655208457443e-05,1.829178985674432,0.242112585987868,4130.310549114567,3,2,31474,uniform,late,3156.583068072796,1.106910467515604,-16.648740768432617,,57.0,1.0,57.0,0.0,,0.0,,0.0,,0.0,,0.0,57.0,57.0,57.0,0.0,114.0,0.0,57.0,57.0,1.0,1.0,9061632.0,18123264.0,72960.0,16.0,16.0
0367,0.050802399851247,0.0001783149775375,0.3509971537952053,3.0515286199231366,327.70492901786315,3,4,160261,inverse_hourglass,late,1120466.1871361136,0.318359347818101,-16.11221694946289,,73.0,0.0,78.0,0.0,78.0,0.0,73.0,0.0,,0.0,,0.0,73.0,78.0,75.5,2.5,302.0,5.0,73.0,73.0,1.0,0.0,163040256.0,326080512.0,309248.0,32.0,32.0
0368,0.0206214381805822,0.0003997076751861,1.9383113422347669,1.2744259689130617,784.6694747827809,3,3,67295,inverse_hourglass,linear,34032.182784974575,0.4788048559552273,-16.334077835083008,,27.0,0.0,136.0,0.0,27.0,0.0,,0.0,,0.0,,0.0,27.0,136.0,63.333333333333336,51.383092766222454,190.0,109.0,27.0,27.0,1.0,0.0,68428800.0,136857600.0,194560.0,32.0,32.0
0369,0.0085665852713381,0.0004293689372958,5.012136384521542,0.5521221460386564,1811.193523054415,3,5,148665,inverse_hourglass,late,8572707.064423323,0.287434638107764,-16.10906219482422,,58.0,1.0,62.0,0.0,73.0,1.0,62.0,1.0,58.0,0.0,,0.0,58.0,73.0,62.6,5.499090833947008,313.0,15.0,58.0,58.0,1.0,3.0,23441472.0,46882944.0,98848.0,4.0,4.0
0370,0.0244476750180841,0.0007000556824002,2.863485717485946,1.490451300232697,670.9429527039423,3,5,333827,increasing,late,10875251.639321951,0.2588879024770413,-16.29616355895996,,20.0,1.0,32.0,0.0,66.0,0.0,125.0,0.0,206.0,0.0,,0.0,20.0,206.0,89.8,68.58687921169764,449.0,186.0,20.0,206.0,10.3,1.0,85229568.0,170459136.0,130304.0,16.0,16.0
0371,0.0113600454421689,0.0004604874134392,4.053570170854096,0.7235454133189179,1382.0866783012896,3,6,162879,decreasing,late,38935609.78530133,0.2977862956312836,-16.07927894592285,,118.0,1.0,83.0,1.0,55.0,0.0,36.0,0.0,24.0,0.0,20.0,0.0,20.0,118.0,56.0,34.86641172628274,336.0,98.0,118.0,20.0,0.1694915254237288,2.0,30371904.0,60743808.0,150720.0,8.0,8.0
0372,0.042409233204489,0.0022276789989491,5.252816027603542,2.666584563870765,375.0120849133497,3,5,894123,increasing,early,72608936.95787936,0.4566434091517555,-16.051319122314453,,44.0,1.0,119.0,0.0,157.0,0.0,201.0,1.0,216.0,1.0,,0.0,44.0,216.0,147.4,61.91801030394952,737.0,172.0,44.0,216.0,4.909090909090909,3.0,154040832.0,308081664.0,180992.0,4.0,4.0
0373,0.0059675459787517,2.331596245605044e-05,0.390712740866515,0.3917857175038566,2552.416123837517,3,2,39154,decreasing,early,3905.1114641726017,2.353383013530852,-16.405649185180664,,113.0,1.0,35.0,1.0,,0.0,,0.0,,0.0,,0.0,35.0,113.0,74.0,39.0,148.0,78.0,113.0,35.0,0.30973451327433627,2.0,12236544.0,24473088.0,124672.0,8.0,8.0
0374,0.0041514383115499,2.658044274243165e-05,0.6402706904852928,0.2874984798341061,3478.2794807220084,3,5,33207,hourglass,early,1757810.6847867966,0.2789135258773938,-16.67943000793457,,42.0,1.0,33.0,0.0,11.0,0.0,33.0,0.0,42.0,1.0,,0.0,11.0,42.0,32.2,11.338430226446693,161.0,31.0,42.0,42.0,1.0,2.0,9220608.0,18441216.0,73472.0,8.0,8.0
0375,0.0011236541028455,1.911441713298237e-05,1.7010944101549754,0.0782085440771204,12786.352203358338,3,5,6595,hourglass,linear,214133.1157619953,0.2478784857844285,-16.100492477416992,,18.0,1.0,13.0,1.0,8.0,1.0,12.0,0.0,18.0,1.0,,0.0,8.0,18.0,13.8,3.8157568056677826,69.0,10.0,18.0,18.0,1.0,4.0,1141632.0,2283264.0,22752.0,2.0,2.0
0376,0.0301947343359709,0.0030401392040152,10.06844163683716,2.054401678400287,486.7599176685674,3,3,164630,decreasing,late,98878.2446744442,0.952716069787981,-16.63459014892578,,116.0,0.0,90.0,1.0,82.0,0.0,,0.0,,0.0,,0.0,82.0,116.0,96.0,14.514360704718161,288.0,34.0,116.0,82.0,0.7068965517241379,1.0,116425728.0,232851456.0,231936.0,16.0,16.0
0377,0.0308444642878192,0.0008317077247215,2.696457026974556,1.846170742137305,541.6757453715722,3,5,89215,increasing,late,6027014.904958487,0.360091669598742,-16.757516860961914,,41.0,0.0,42.0,0.0,47.0,0.0,54.0,0.0,64.0,0.0,,0.0,41.0,64.0,49.6,8.546344247688598,248.0,23.0,41.0,64.0,1.5609756097560976,0.0,90436608.0,180873216.0,253952.0,32.0,32.0
0378,0.1324482777433386,0.0005024058886555,0.379322326583298,7.797097349551852,128.25840576211866,3,5,435354,hourglass,early,47485425.73446524,0.3435963257632041,-16.11908531188965,,139.0,0.0,117.0,0.0,65.0,0.0,117.0,0.0,139.0,0.0,,0.0,65.0,139.0,115.4,27.052541470257466,577.0,74.0,139.0,139.0,1.0,0.0,443778048.0,887556096.0,590848.0,32.0,32.0
0379,0.00694115823076,0.0002890051737602,4.163644800365879,0.4569461446941841,2188.5058878609043,3,2,71524,uniform,early,4965.835360765457,1.3666794645215312,-16.284629821777344,,87.0,1.0,87.0,0.0,,0.0,,0.0,,0.0,,0.0,87.0,87.0,87.0,0.0,174.0,0.0,87.0,87.0,1.0,1.0,19844352.0,39688704.0,111360.0,16.0,16.0
0380,0.0247467586170078,0.0005760633433744,2.327833524745256,1.6411985727858538,609.3123359483709,3,2,84788,decreasing,early,5409.092120826244,1.1355481082039078,-16.13277244567871,52.24,228.0,0.0,38.0,1.0,,0.0,,0.0,,0.0,,0.0,38.0,228.0,133.0,95.0,266.0,190.0,228.0,38.0,0.16666666666666666,1.0,86151168.0,172302336.0,272384.0,16.0,16.0
0381,0.0089457368067732,0.0005101503865285,5.702720721028994,0.6214065955324469,1609.2852719973591,3,5,182983,inverse_hourglass,early,15811662.066005409,0.3878547352065944,-16.06195640563965,,67.0,1.0,72.0,0.0,72.0,1.0,72.0,1.0,67.0,1.0,,0.0,67.0,72.0,70.0,2.449489742783178,350.0,5.0,67.0,67.0,1.0,4.0,28591488.0,57182976.0,111152.0,2.0,2.0
0382,0.1643884249935437,0.000481825543957,0.2931018677111546,10.030640673136451,99.69464184136554,3,6,582265,increasing,late,817582167.604187,0.2790090325866829,-16.84194564819336,,83.0,0.0,86.0,0.0,96.0,0.0,113.0,0.0,136.0,0.0,166.0,0.0,83.0,166.0,113.33333333333333,29.595420066099567,680.0,83.0,83.0,166.0,2.0,0.0,593832960.0,1187665920.0,696320.0,32.0,32.0
0383,0.0159129871507229,0.0001587737550887,0.9977621020169816,0.9824949129455044,1017.8185760382572,3,6,39102,uniform,late,14629105.14079684,0.3179688626845512,-16.212316513061523,,29.0,0.0,29.0,0.0,29.0,0.0,29.0,0.0,29.0,0.0,29.0,0.0,29.0,29.0,29.0,0.0,174.0,0.0,29.0,29.0,1.0,0.0,39555072.0,79110144.0,178176.0,32.0,32.0
0384,0.0033030123701096,7.304287296430272e-05,2.211401738161744,0.2262150217492276,4420.664562662532,3,5,28744,inverse_hourglass,late,1121066.061254501,0.3655830019068513,-16.07076644897461,,19.0,1.0,25.0,0.0,43.0,0.0,25.0,1.0,19.0,1.0,,0.0,19.0,43.0,26.2,8.818163074019441,131.0,24.0,19.0,19.0,1.0,3.0,6846912.0,13693824.0,44480.0,4.0,4.0
0385,0.0147075203967286,0.0006080723262649,4.134431296795567,0.9563020493427428,1045.7176686542962,3,3,242323,decreasing,late,139377.90108311176,1.0698119277359377,-16.067922592163086,,208.0,1.0,97.0,1.0,62.0,1.0,,0.0,,0.0,,0.0,62.0,208.0,122.33333333333333,62.23789485157379,367.0,146.0,208.0,62.0,0.2980769230769231,3.0,55700352.0,111400704.0,241792.0,4.0,4.0
0386,0.1103275167562989,0.0067635852100588,6.130460839609768,7.3873521155099615,135.36663076727208,3,5,444161,decreasing,late,45204531.36623019,0.2532304568229398,-16.11338233947754,,152.0,0.0,121.0,0.0,100.0,0.0,96.0,0.0,90.0,1.0,,0.0,90.0,152.0,111.8,22.648620267027304,559.0,62.0,152.0,90.0,0.5921052631578947,1.0,453316608.0,906633216.0,572416.0,16.0,16.0
0387,0.0234245285168301,0.0003934765714839,1.679763036431115,1.4812465910106631,675.1140026527544,3,2,86172,increasing,late,5341.134253561497,0.5929103954970741,-16.32738494873047,,39.0,0.0,235.0,0.0,,0.0,,0.0,,0.0,,0.0,39.0,235.0,137.0,98.0,274.0,196.0,39.0,235.0,6.0256410256410255,0.0,85542912.0,171085824.0,280576.0,32.0,32.0
0388,0.0147936904088419,0.0007124090183006,4.815627464225458,0.8823126763565623,1133.427006206049,3,6,232785,decreasing,linear,202259113.67905143,0.463494302701843,-16.057754516601562,,86.0,1.0,79.0,0.0,75.0,1.0,67.0,0.0,62.0,0.0,58.0,1.0,58.0,86.0,71.16666666666667,9.753916592266355,427.0,28.0,86.0,58.0,0.6744186046511628,3.0,39040704.0,78081408.0,139456.0,4.0,4.0
0389,0.0151345081539666,0.0012245734146829,8.091266674972836,0.9494882152697324,1053.202279989449,3,5,1077559,increasing,early,49568655.534325,0.3436889686875184,-16.05291175842285,85.89,61.0,1.0,145.0,1.0,180.0,1.0,206.0,1.0,229.0,0.0,,0.0,61.0,229.0,164.2,58.676741559156135,821.0,168.0,61.0,229.0,3.7540983606557377,4.0,44136792.0,88273584.0,115316.0,2.0,2.0
0390,0.0865768262873374,0.0014407298805164,1.664105676194275,5.093948536325549,196.3121481601627,3,3,277968,hourglass,late,205695.30303186175,0.5860189672246137,-16.177175521850586,,211.0,0.0,71.0,0.0,211.0,1.0,,0.0,,0.0,,0.0,71.0,211.0,164.33333333333334,65.99663291074444,493.0,140.0,211.0,211.0,1.0,1.0,281963520.0,563927040.0,504832.0,16.0,16.0
0391,0.0075984029228612,0.0002214407926535,2.9143070577013632,0.5080944259318015,1968.1397776058527,3,2,81478,uniform,early,5440.239880263805,2.1631874010758407,-16.126079559326172,,93.0,1.0,93.0,1.0,,0.0,,0.0,,0.0,,0.0,93.0,93.0,93.0,0.0,186.0,0.0,93.0,93.0,1.0,2.0,22498560.0,44997120.0,119040.0,8.0,8.0
0392,0.0213730253356968,0.000899569714444,4.208902110557234,1.348879140768624,741.3698219423522,3,5,625741,hourglass,early,38925669.73157394,0.8467619455123024,-16.05743980407715,,159.0,1.0,140.0,1.0,93.0,1.0,133.0,1.0,159.0,1.0,,0.0,93.0,159.0,136.8,24.20247921184935,684.0,66.0,159.0,159.0,1.0,5.0,65725020.0,131450040.0,207372.0,1.0,1.0
0393,0.0455713967101322,0.0005233635190523,1.1484473964696522,2.643912206426944,378.2290777549356,3,6,1187641,decreasing,early,870247420.0934333,0.3902236283105769,-16.051822662353516,,210.0,1.0,195.0,1.0,179.0,0.0,149.0,1.0,137.0,1.0,60.0,1.0,60.0,210.0,155.0,49.3051721424842,930.0,150.0,210.0,60.0,0.2857142857142857,5.0,138858048.0,277716096.0,288384.0,1.0,1.0
0394,0.0128339296158243,0.000648579089585,5.053628226115099,0.8108623822285371,1233.2575843657114,3,5,85427,inverse_hourglass,late,4999687.693745434,0.3603155530406642,-16.08577537536621,,42.0,0.0,46.0,1.0,59.0,0.0,46.0,0.0,42.0,0.0,,0.0,42.0,59.0,47.0,6.260990336999411,235.0,17.0,42.0,42.0,1.0,1.0,35923968.0,71847936.0,127744.0,16.0,16.0
0395,0.0199018890167117,0.000716560232855,3.6004634145700565,1.1724934387435495,852.8834185469705,3,5,553213,increasing,late,60574636.33293301,0.4659592900825678,-16.06964874267578,,86.0,1.0,94.0,0.0,109.0,1.0,149.0,1.0,177.0,1.0,,0.0,86.0,177.0,123.0,34.63524216748022,615.0,91.0,86.0,177.0,2.058139534883721,4.0,57762576.0,115525152.0,152400.0,2.0,2.0
0396,0.0091506143277504,0.0003731809106971,4.078206089020657,0.6107557381284605,1637.315819949691,3,4,209460,inverse_hourglass,late,1517991.2980223298,0.4269070332394389,-16.054229736328125,80.65,86.0,1.0,88.0,1.0,88.0,0.0,86.0,1.0,,0.0,,0.0,86.0,88.0,87.0,1.0,348.0,2.0,86.0,86.0,1.0,3.0,28634112.0,57268224.0,121728.0,4.0,4.0
0397,0.0018191240344491,1.1884696689360838e-05,0.6533197552392194,0.1295438907524269,7719.393074484742,3,2,11740,uniform,linear,1962.9056954979897,1.1281869547489918,-16.845073699951172,,34.0,1.0,34.0,0.0,,0.0,,0.0,,0.0,,0.0,34.0,34.0,34.0,0.0,68.0,0.0,34.0,34.0,1.0,1.0,3603456.0,7206912.0,43520.0,16.0,16.0
0398,0.0287665664879437,0.0006341602446886,2.2045044720734164,1.707989580273038,585.4997984614105,3,3,139732,uniform,early,91906.53019613028,0.5551268613310072,-16.069629669189453,,87.0,0.0,87.0,1.0,87.0,0.0,,0.0,,0.0,,0.0,87.0,87.0,87.0,0.0,261.0,0.0,87.0,87.0,1.0,1.0,89600256.0,179200512.0,200448.0,16.0,16.0
0399,0.0039778849538952,0.0001220642618838,3.068571949630892,0.2739697235998056,3650.038437786325,3,2,37024,uniform,early,3478.893655836582,0.878371765028351,-16.211570739746094,,62.0,1.0,62.0,0.0,,0.0,,0.0,,0.0,,0.0,62.0,62.0,62.0,0.0,124.0,0.0,62.0,62.0,1.0,1.0,10570752.0,21141504.0,79360.0,16.0,16.0
0400,0.0015376883011898,1.6080821899522923e-05,1.0457790364327622,0.1080072376031885,9258.648756641947,3,5,16768,uniform,linear,808407.4126541615,0.4219894538501886,-16.076705932617188,,21.0,1.0,21.0,1.0,21.0,0.0,21.0,1.0,21.0,1.0,,0.0,21.0,21.0,21.0,0.0,105.0,0.0,21.0,21.0,1.0,4.0,2168208.0,4336416.0,29904.0,2.0,2.0
0401,0.0467844441409858,0.0007681369869308,1.6418640875929762,2.743528784133758,364.4950876560392,3,4,240281,decreasing,early,1603086.9277460575,0.4682491645699199,-16.06372833251953,,126.0,0.0,106.0,1.0,87.0,1.0,42.0,1.0,,0.0,,0.0,42.0,126.0,90.25,31.083556746292725,361.0,84.0,126.0,42.0,0.3333333333333333,3.0,149924736.0,299849472.0,262528.0,4.0,4.0
0402,0.0019046346886807,2.893205502161649e-05,1.5190343425728792,0.1379631176823304,7248.481480365685,3,2,15408,decreasing,linear,2241.8236778974533,2.230475812019024,-17.530170440673828,,80.0,1.0,18.0,0.0,,0.0,,0.0,,0.0,,0.0,18.0,80.0,49.0,31.0,98.0,62.0,80.0,18.0,0.225,1.0,5529600.0,11059200.0,86528.0,16.0,16.0
0403,0.1063477145531664,0.0051866228252347,4.877042113248008,6.578012488191303,152.02226876930894,3,5,386511,increasing,late,35832899.08326441,0.3209989840952869,-16.084766387939453,,71.0,0.0,76.0,0.0,92.0,0.0,119.0,0.0,161.0,1.0,,0.0,71.0,161.0,103.8,33.138497250177174,519.0,90.0,71.0,161.0,2.267605633802817,1.0,393596928.0,787193856.0,531456.0,16.0,16.0
0404,0.0295344943321081,0.0011214405962402,3.797053654042268,1.770802018171472,564.7262678428089,3,6,646397,hourglass,linear,187335618.35499492,0.3708306637103302,-16.067764282226562,,222.0,1.0,145.0,1.0,20.0,0.0,20.0,1.0,146.0,1.0,222.0,0.0,20.0,222.0,129.16666666666666,83.27147704279594,775.0,202.0,222.0,222.0,1.0,4.0,83791728.0,167583456.0,270232.0,2.0,2.0
0405,0.0041680161425272,9.035355673673222e-05,2.1677832725942063,0.2779794806724175,3597.4123561630963,3,6,324199,inverse_hourglass,linear,31054053.448349595,0.305311774845204,-16.076156616210938,,14.0,1.0,62.0,1.0,133.0,1.0,133.0,0.0,62.0,1.0,14.0,0.0,14.0,133.0,69.66666666666667,48.883080463035014,418.0,119.0,14.0,14.0,1.0,4.0,10902528.0,21805056.0,41896.0,2.0,2.0
0406,0.0033035440169213,3.563292629923871e-05,1.0786272595951734,0.2417734405569029,4136.116506069511,3,5,150154,uniform,late,12452090.951628208,0.2824652295041514,-16.065563201904297,,64.0,1.0,64.0,1.0,64.0,0.0,64.0,1.0,64.0,1.0,,0.0,64.0,64.0,64.0,0.0,320.0,0.0,64.0,64.0,1.0,4.0,16515072.0,33030144.0,91136.0,2.0,2.0
0407,0.0133928871581249,0.0006509434271355,4.860366696516467,0.8460870829620956,1181.9209517625989,3,2,41788,uniform,early,3636.355032384396,0.4804308549126541,-16.59003448486328,,66.0,0.0,66.0,0.0,,0.0,,0.0,,0.0,,0.0,66.0,66.0,66.0,0.0,132.0,0.0,66.0,66.0,1.0,0.0,41969664.0,83939328.0,135168.0,32.0,32.0
0408,0.0051793143374827,3.087318145256154e-05,0.5960862662675648,0.3553363156926444,2814.2386618305823,3,6,12461,decreasing,early,2647653.416618645,0.2567125195425563,-16.202234268188477,,18.0,0.0,18.0,0.0,16.0,0.0,15.0,0.0,15.0,0.0,15.0,0.0,15.0,18.0,16.166666666666668,1.3437096247164249,97.0,3.0,18.0,15.0,0.8333333333333334,0.0,12496896.0,24993792.0,99328.0,32.0,32.0
0409,0.0846560728367572,0.0008427603793619,0.9955108371103968,5.042522259280839,198.3144818063308,3,6,633466,decreasing,early,804358607.476286,0.3177393704132,-16.086612701416016,,137.0,0.0,134.0,1.0,128.0,0.0,118.0,0.0,100.0,0.0,74.0,0.0,74.0,137.0,115.16666666666667,22.0938654130256,691.0,63.0,137.0,74.0,0.5401459854014599,1.0,291529728.0,583059456.0,385024.0,16.0,16.0
0410,0.0633380475541639,0.0008046558917584,1.2704147393717824,3.961660353213256,252.42203930671863,3,6,968928,inverse_hourglass,linear,619915116.8428509,0.3236481232928691,-16.719383239746094,84.59,48.0,1.0,115.0,0.0,216.0,0.0,216.0,0.0,115.0,0.0,48.0,0.0,48.0,216.0,126.33333333333333,69.05231511124173,758.0,168.0,48.0,48.0,1.0,1.0,248721408.0,497442816.0,230912.0,16.0,16.0
0411,0.0103546579770983,0.0004758862489245,4.595866420475054,0.6612528218704945,1512.2837660703467,3,6,393630,inverse_hourglass,late,214580422.9407967,0.2590468708707608,-16.063913345336914,,85.0,1.0,85.0,1.0,105.0,1.0,105.0,0.0,85.0,0.0,85.0,0.0,85.0,105.0,91.66666666666667,9.428090415820634,550.0,20.0,85.0,85.0,1.0,3.0,28050480.0,56100960.0,119920.0,4.0,4.0
0412,0.0074722030357022,0.0004101125544235,5.488509245051917,0.5473316859857904,1827.0473070953635,3,2,27893,increasing,linear,2928.957050859928,0.5489453643779824,-18.101119995117188,,16.0,0.0,177.0,0.0,,0.0,,0.0,,0.0,,0.0,16.0,177.0,96.5,80.5,193.0,161.0,16.0,177.0,11.0625,0.0,26542080.0,53084160.0,197632.0,32.0,32.0
0413,0.0208625565826892,0.0005879060130877,2.817996014810547,1.3650524069062462,732.5868946019604,3,4,142930,uniform,early,989314.4078750312,0.246941669848201,-16.11407470703125,,72.0,0.0,72.0,1.0,72.0,0.0,72.0,0.0,,0.0,,0.0,72.0,72.0,72.0,0.0,288.0,0.0,72.0,72.0,1.0,1.0,73654272.0,147308544.0,184320.0,16.0,16.0
0414,0.0286182918548991,0.0018097288443447,6.323678762940943,1.917845350513172,521.4365428202912,3,6,143538,uniform,late,107097834.23778558,0.3213252780467216,-16.07823944091797,78.41,56.0,0.0,56.0,0.0,56.0,0.0,56.0,1.0,56.0,0.0,56.0,0.0,56.0,56.0,56.0,0.0,336.0,0.0,56.0,56.0,1.0,1.0,102703104.0,205406208.0,258048.0,16.0,16.0
0415,0.1236412637152972,0.0012025436954414,0.972607088690451,7.454096609674238,134.15808138336584,3,6,405326,decreasing,linear,239617889.95373368,0.2969773389415113,-16.93433952331543,,150.0,0.0,130.0,0.0,100.0,0.0,72.0,0.0,50.0,0.0,24.0,0.0,24.0,150.0,87.66666666666667,43.869756730070385,526.0,126.0,150.0,24.0,0.16,0.0,414259200.0,828518400.0,538624.0,32.0,32.0
0416,0.0075868785376129,4.240923099059352e-05,0.5589812830183609,0.5206782247832126,1920.572515686155,3,3,110286,hourglass,late,98511.892041713,1.452469391852007,-16.064868927001953,,111.0,1.0,53.0,1.0,111.0,1.0,,0.0,,0.0,,0.0,53.0,111.0,91.66666666666667,27.34146220587984,275.0,58.0,111.0,111.0,1.0,3.0,20011968.0,40023936.0,134336.0,4.0,4.0
0417,0.0632519516853625,0.0011528483608909,1.8226289152715007,3.8719713229701673,258.26751018489244,3,6,208575,inverse_hourglass,early,160834077.91622847,0.2303436747390964,-16.071552276611328,,51.0,0.0,66.0,0.0,76.0,0.0,76.0,0.0,69.0,0.0,51.0,0.0,51.0,76.0,64.83333333333333,10.414999866645328,389.0,25.0,51.0,51.0,1.0,0.0,212649984.0,425299968.0,398336.0,32.0,32.0
0418,0.0810880116913818,0.0014231133730481,1.7550231450544271,5.004074279260504,199.8384116522716,3,3,284593,hourglass,early,173848.09655562043,0.481826095747509,-16.291440963745117,67.52,161.0,0.0,96.0,0.0,161.0,0.0,,0.0,,0.0,,0.0,96.0,161.0,139.33333333333334,30.641293851417057,418.0,65.0,161.0,161.0,1.0,0.0,289336320.0,578672640.0,428032.0,32.0,32.0
0419,0.0963649658792347,0.0007306795330926,0.758241884305033,5.685425813607607,175.88975592436154,3,4,775350,inverse_hourglass,linear,4071029.3679461777,0.3343653922179332,-16.16124153137207,,89.0,0.0,217.0,1.0,217.0,0.0,89.0,1.0,,0.0,,0.0,89.0,217.0,153.0,64.0,612.0,128.0,89.0,89.0,1.0,2.0,333439488.0,666878976.0,391680.0,8.0,8.0
0420,0.0029374763991797,1.1975032902756952e-05,0.4076639698654471,0.2149685106875037,4651.877923659987,3,5,150154,uniform,linear,6368124.246648669,0.4436602893259985,-16.05402374267578,,64.0,1.0,64.0,1.0,64.0,1.0,64.0,1.0,64.0,1.0,,0.0,64.0,64.0,64.0,0.0,320.0,0.0,64.0,64.0,1.0,5.0,14303232.0,28606464.0,87296.0,1.0,1.0
0421,0.0502291008487975,0.000833344697702,1.6590874286413912,2.9386652138103204,340.29066482679167,3,6,1463418,decreasing,early,147476320.59773362,0.3219656343055295,-16.056798934936523,,242.0,1.0,215.0,1.0,192.0,1.0,173.0,1.0,149.0,1.0,63.0,0.0,63.0,242.0,172.33333333333334,57.095436673072996,1034.0,179.0,242.0,63.0,0.2603305785123967,5.0,156140775.0,312281550.0,318563.0,1.0,1.0
0422,0.0078719281508393,0.0004076800815018,5.178910092800372,0.5353187162606481,1868.0974518577525,3,3,81955,hourglass,linear,62830.74355390668,0.4964416606614755,-16.31562042236328,67.09,81.0,1.0,54.0,0.0,81.0,0.0,,0.0,,0.0,,0.0,54.0,81.0,72.0,12.727922061357855,216.0,27.0,81.0,81.0,1.0,1.0,22394880.0,44789760.0,117504.0,16.0,16.0
0423,0.0395558731790648,0.001949072712292,4.927391448215148,2.429074254119379,411.6883027457482,3,2,139742,increasing,late,7043.472204446793,0.8372491777500218,-16.08272933959961,,85.0,0.0,177.0,1.0,,0.0,,0.0,,0.0,,0.0,85.0,177.0,131.0,46.0,262.0,92.0,85.0,177.0,2.0823529411764707,1.0,141004800.0,282009600.0,268288.0,16.0,16.0
0424,0.1938116049221024,0.0025597468810785,1.3207397369767526,11.488500769988802,87.04526848790941,3,5,653361,decreasing,linear,69570629.7483713,0.3015204355027567,-16.81241798400879,,166.0,0.0,154.0,0.0,133.0,0.0,115.0,0.0,92.0,0.0,,0.0,92.0,166.0,132.0,26.570660511172846,660.0,74.0,166.0,92.0,0.5542168674698795,0.0,667413504.0,1334827008.0,675840.0,32.0,32.0
0425,0.0095049007972551,0.0005370826234624,5.650586312458553,0.6226886555339101,1605.9520301704972,3,4,222400,uniform,late,1894311.0677464008,0.9848175882687592,-16.087085723876953,,90.0,1.0,90.0,1.0,90.0,1.0,90.0,1.0,,0.0,,0.0,90.0,90.0,90.0,0.0,360.0,0.0,90.0,90.0,1.0,4.0,26982720.0,53965440.0,122400.0,2.0,2.0
0426,0.0024077046333471,1.907508113353753e-05,0.7922517101700964,0.1701261085972113,5878.118826991895,3,3,38204,inverse_hourglass,early,22329.951087474823,1.4600328671813891,-16.07550048828125,,16.0,1.0,130.0,1.0,16.0,1.0,,0.0,,0.0,,0.0,16.0,130.0,54.0,53.74011537017761,162.0,114.0,16.0,16.0,1.0,3.0,6432768.0,12865536.0,50688.0,4.0,4.0
0427,0.0064226629470167,5.127452938603634e-05,0.7983375401919979,0.4325033350943799,2312.132866255171,3,6,391247,inverse_hourglass,late,165081141.31608403,0.2207059278988927,-16.054969787597656,,47.0,1.0,59.0,1.0,142.0,1.0,142.0,0.0,63.0,0.0,47.0,1.0,47.0,142.0,83.33333333333333,41.891393971660676,500.0,95.0,47.0,47.0,1.0,4.0,17132400.0,34264800.0,76352.0,2.0,2.0
0428,0.0023612604031106,2.125972987909116e-05,0.9003551599427256,0.1641345804354296,6092.948640368457,3,2,17524,uniform,late,2476.995097517967,1.0440261117394187,-16.138965606689453,,42.0,1.0,42.0,1.0,,0.0,,0.0,,0.0,,0.0,42.0,42.0,42.0,0.0,84.0,0.0,42.0,42.0,1.0,2.0,5225472.0,10450944.0,53760.0,8.0,8.0
0429,0.0034423147067496,0.0001876327909963,5.450773882714051,0.2388899988502466,4186.052113561253,3,2,46826,increasing,linear,4167.172538548708,2.297054112441383,-16.198047637939453,,44.0,1.0,112.0,1.0,,0.0,,0.0,,0.0,,0.0,44.0,112.0,78.0,34.0,156.0,68.0,44.0,112.0,2.5454545454545454,2.0,12570624.0,25141248.0,73728.0,8.0,8.0
0430,0.1201151617241279,0.0067079109665969,5.58456640303513,7.479440567210973,133.7005228052173,3,4,440755,increasing,linear,3373356.1423676014,0.3483885960194382,-16.063766479492188,,96.0,0.0,118.0,0.0,135.0,0.0,157.0,1.0,,0.0,,0.0,96.0,157.0,126.5,22.38861317723811,506.0,61.0,96.0,157.0,1.6354166666666667,1.0,449197056.0,898394112.0,518144.0,16.0,16.0
0431,0.0224687780056654,0.0001639578844357,0.7297142924033326,1.390763640203195,719.0340509263862,3,5,1135787,inverse_hourglass,early,49812093.7671752,0.4933511425963932,-16.052104949951172,,92.0,1.0,190.0,1.0,238.0,1.0,191.0,1.0,92.0,1.0,,0.0,92.0,238.0,160.6,58.636507399400934,803.0,146.0,92.0,92.0,1.0,5.0,76042800.0,152085600.0,161504.0,1.0,1.0
0432,0.0019921847517429,3.487985894060975e-05,1.7508345503645228,0.1381031620113955,7241.17213224044,3,4,40722,inverse_hourglass,late,149834.16495350003,0.3971308925350195,-16.058454513549805,,13.0,1.0,55.0,1.0,55.0,0.0,13.0,1.0,,0.0,,0.0,13.0,55.0,34.0,21.0,136.0,42.0,13.0,13.0,1.0,3.0,4161024.0,8322048.0,31744.0,4.0,4.0
0433,0.2631362711518921,0.0013472754886618,0.5120067570936215,15.495260010673944,64.53767756173542,3,5,1208107,decreasing,early,112210444.90203226,0.3889709803972119,-16.118316650390625,,235.0,0.0,213.0,0.0,188.0,1.0,167.0,0.0,71.0,0.0,,0.0,71.0,235.0,174.8,56.732354084772474,874.0,164.0,235.0,71.0,0.3021276595744681,1.0,936504576.0,1873009152.0,712192.0,16.0,16.0
0434,0.0914259858802258,0.0006624246308814,0.7245474298185131,5.414305485267227,184.6964948951574,3,5,365727,inverse_hourglass,late,35302303.2100074,0.2549907255426318,-16.099159240722656,,93.0,0.0,98.0,0.0,106.0,0.0,104.0,1.0,93.0,0.0,,0.0,93.0,106.0,98.8,5.418486873657627,494.0,13.0,93.0,93.0,1.0,1.0,306183168.0,612366336.0,434432.0,16.0,16.0
0435,0.0138114917683642,0.0010225778875188,7.403819259126858,0.8580856582253061,1165.4015878567652,3,3,62882,uniform,late,52120.98233568669,0.8209494717817415,-16.16352081298828,,58.0,0.0,58.0,1.0,58.0,1.0,,0.0,,0.0,,0.0,58.0,58.0,58.0,0.0,174.0,0.0,58.0,58.0,1.0,2.0,40356864.0,80713728.0,133632.0,8.0,8.0
0436,0.0166470650231932,0.0008644117499145,5.192577482638754,0.9945730938511436,1005.4610749352954,3,4,180478,uniform,linear,1172283.0143953562,0.5754618410946424,-16.127033233642578,,81.0,1.0,81.0,0.0,81.0,0.0,81.0,0.0,,0.0,,0.0,81.0,81.0,81.0,0.0,324.0,0.0,81.0,81.0,1.0,1.0,47589120.0,95178240.0,145152.0,16.0,16.0
0437,0.0153780299117121,0.0002832632059495,1.8419993170507496,0.971224275258062,1029.6499134801822,3,2,48148,uniform,late,4283.501442104578,0.7591608335526602,-16.229694366455078,,71.0,0.0,71.0,1.0,,0.0,,0.0,,0.0,,0.0,71.0,71.0,71.0,0.0,142.0,0.0,71.0,71.0,1.0,1.0,48420864.0,96841728.0,145408.0,16.0,16.0
0438,0.0045943249273785,0.0001798593451004,3.9148155157386073,0.3283762537107152,3045.3268172121348,3,2,54958,uniform,linear,4731.105619728565,2.661722014088265,-16.097137451171875,,76.0,1.0,76.0,1.0,,0.0,,0.0,,0.0,,0.0,76.0,76.0,76.0,0.0,152.0,0.0,76.0,76.0,1.0,2.0,15409152.0,30818304.0,97280.0,8.0,8.0
0439,0.0047401120439244,5.7107371813583794e-05,1.2047683954386597,0.3557808802948732,2810.724662779764,3,2,86698,uniform,linear,5793.870944082737,1.3155734955314815,-16.0924072265625,,96.0,1.0,96.0,1.0,,0.0,,0.0,,0.0,,0.0,96.0,96.0,96.0,0.0,192.0,0.0,96.0,96.0,1.0,2.0,23887872.0,47775744.0,122880.0,8.0,8.0
0440,0.007527387548733,0.0001853456128083,2.462283383290152,0.4875436241087704,2051.100370277563,3,3,118262,inverse_hourglass,early,85781.27859449387,1.1035368033153303,-16.05251693725586,,78.0,1.0,82.0,1.0,78.0,1.0,,0.0,,0.0,,0.0,78.0,82.0,79.33333333333333,1.8856180831641267,238.0,4.0,78.0,78.0,1.0,3.0,20577024.0,41154048.0,105856.0,4.0,4.0
0441,0.0053566502080445,0.0003818117152515,7.127807499510857,0.7295029680868276,1370.8004565651208,3,4,208341,decreasing,late,1192156.502982378,0.8452276965214861,-16.050264358520508,,112.0,1.0,84.0,1.0,83.0,1.0,76.0,0.0,,0.0,,0.0,76.0,112.0,88.75,13.77270852083932,355.0,36.0,112.0,76.0,0.6785714285714286,3.0,29696832.0,59393664.0,142720.0,4.0,4.0
0442,0.0520195541476238,0.0097734785172215,18.788085898402365,6.298090122020832,158.78300568093692,3,4,260955,decreasing,late,1907696.335316956,0.2935083043348779,-16.096376419067383,,127.0,0.0,101.0,0.0,86.0,0.0,81.0,0.0,,0.0,,0.0,81.0,127.0,98.75,17.893783836852393,395.0,46.0,127.0,81.0,0.6377952755905512,0.0,265973760.0,531947520.0,404480.0,32.0,32.0
0443,0.0767041700456054,0.000258345501348,0.3368076353534187,10.36665301412765,96.4631656327844,3,6,451453,decreasing,late,629657768.141342,0.331173664890134,-16.134746551513672,,117.0,0.0,111.0,0.0,98.0,0.0,95.0,0.0,90.0,0.0,88.0,1.0,88.0,117.0,99.83333333333333,10.667968670536842,599.0,29.0,117.0,88.0,0.7521367521367521,1.0,460763136.0,921526272.0,613376.0,16.0,16.0
0444,0.0079726446221855,0.0006957735524921,8.727010740652307,1.0795445731334736,926.3180041651632,3,6,691390,increasing,linear,59523894.20254722,0.2803626531843815,-16.054851531982422,,85.0,1.0,100.0,1.0,115.0,1.0,129.0,1.0,144.0,1.0,159.0,0.0,85.0,159.0,122.0,25.179356624028344,732.0,74.0,85.0,159.0,1.8705882352941177,5.0,31569120.0,63138240.0,122799.0,1.0,1.0
0445,0.0020938486001885,0.0001747138183272,8.344147628987855,0.2750065615517838,3636.299141501541,3,3,34260,hourglass,late,40257.76824092865,0.8292585435494859,-16.04708480834961,,61.0,1.0,29.0,1.0,61.0,1.0,,0.0,,0.0,,0.0,29.0,61.0,50.333333333333336,15.084944665313014,151.0,32.0,61.0,61.0,1.0,3.0,6781248.0,13562496.0,73792.0,4.0,4.0
0446,0.0155875657054032,0.0001667079828921,1.0694933772393131,1.621064834979487,616.8791303262998,3,2,67542,decreasing,early,4945.062003672123,0.7465711362147671,-16.21753692626953,,109.0,0.0,65.0,1.0,,0.0,,0.0,,0.0,,0.0,65.0,109.0,87.0,22.0,174.0,44.0,109.0,65.0,0.5963302752293578,1.0,68308992.0,136617984.0,178176.0,16.0,16.0
0447,0.0347548513724149,0.0049538158453108,14.25359525272684,4.36412862833774,229.14759703211843,3,3,157942,decreasing,late,90174.60182029007,0.7366920290968292,-16.227611541748047,62.79,175.0,0.0,77.0,0.0,45.0,1.0,,0.0,,0.0,,0.0,45.0,175.0,99.0,55.3052137385497,297.0,130.0,175.0,45.0,0.2571428571428571,1.0,160957440.0,321914880.0,304128.0,16.0,16.0
0448,0.0061399833019476,0.0002381331241313,3.878400191346184,1.0460222346863453,956.0029558155142,3,2,37854,decreasing,late,3187.947738289833,1.2207932606665437,-16.167247772216797,,219.0,1.0,16.0,0.0,,0.0,,0.0,,0.0,,0.0,16.0,219.0,117.5,101.5,235.0,203.0,219.0,16.0,0.0730593607305936,1.0,14128128.0,28256256.0,228352.0,16.0,16.0
0449,0.0124469289943631,0.0001837545548112,1.4763043550296804,1.623300359691065,616.029711001452,3,4,69599,inverse_hourglass,linear,312258.80937445164,0.2741400440948131,-16.45290756225586,,26.0,0.0,65.0,0.0,65.0,0.0,26.0,0.0,,0.0,,0.0,26.0,65.0,45.5,19.5,182.0,39.0,26.0,26.0,1.0,0.0,70806528.0,141613056.0,186368.0,32.0,32.0
0450,0.0066404727672456,0.0001171569020187,1.7642855580493042,0.9829991546328228,1017.2952446678318,3,6,776738,increasing,late,344400021.896028,0.2911370942195802,-16.066448211669922,85.63,48.0,1.0,55.0,0.0,77.0,1.0,124.0,1.0,185.0,1.0,251.0,1.0,48.0,251.0,123.33333333333333,73.70361064576295,740.0,203.0,48.0,251.0,5.229166666666667,5.0,27641772.0,55283544.0,94844.0,1.0,1.0
0451,0.0686149998114701,0.0069484918001467,10.126782510003364,10.66633219774066,93.75416208808268,3,6,544309,inverse_hourglass,late,313275800.7586864,0.1636771058315533,-16.047529220581055,,41.0,0.0,63.0,0.0,180.0,0.0,180.0,0.0,63.0,1.0,41.0,1.0,41.0,180.0,94.66666666666667,61.00455356410336,568.0,139.0,41.0,41.0,1.0,2.0,538507008.0,1077014016.0,550144.0,8.0,8.0
0452,0.0016209729680345,9.582097176183958e-05,5.911324473104799,0.2477587359940336,4036.1904222851313,3,4,113226,uniform,late,898723.693695426,0.9070477462570916,-16.072542190551758,79.77,64.0,1.0,64.0,1.0,64.0,1.0,64.0,1.0,,0.0,,0.0,64.0,64.0,64.0,0.0,256.0,0.0,64.0,64.0,1.0,4.0,14155776.0,28311552.0,87040.0,2.0,2.0
0453,0.0033171360142226,9.464806715220709e-05,2.853306790749325,0.5364938320984676,1863.9580649848967,3,3,48117,decreasing,linear,25959.25486248732,0.680110762547292,-16.165010452270508,,88.0,1.0,50.0,0.0,13.0,1.0,,0.0,,0.0,,0.0,13.0,88.0,50.333333333333336,30.619528989773105,151.0,75.0,88.0,13.0,0.14772727272727273,2.0,14068224.0,28136448.0,106240.0,8.0,8.0
0454,0.0116307390816823,0.0005434027361745,4.672125583406795,1.7359190624815075,576.0639464201114,3,4,299792,hourglass,late,2345964.4475791454,0.5459854241368645,-16.08279037475586,,155.0,1.0,83.0,0.0,83.0,1.0,155.0,0.0,,0.0,,0.0,83.0,155.0,119.0,36.0,476.0,72.0,155.0,155.0,1.0,2.0,57208896.0,114417792.0,211136.0,8.0,8.0
0455,0.0360836416746491,0.0007042075852839,1.951597878156229,5.422115205308505,184.43030226652976,3,6,226507,inverse_hourglass,linear,30270703.997585803,0.2694118520562841,-16.73714256286621,,9.0,0.0,50.0,0.0,113.0,0.0,113.0,0.0,51.0,0.0,9.0,0.0,9.0,113.0,57.5,42.746344872983,345.0,104.0,9.0,9.0,1.0,0.0,231487488.0,462974976.0,353280.0,32.0,32.0
0456,0.0172709636484997,0.0029525834043996,17.095649463983893,2.567483712997792,389.4870775704931,3,2,95238,increasing,linear,5978.406664788723,0.8715378006771399,-16.902780532836914,,61.0,0.0,167.0,1.0,,0.0,,0.0,,0.0,,0.0,61.0,167.0,114.0,53.0,228.0,106.0,61.0,167.0,2.737704918032787,1.0,95569920.0,191139840.0,233472.0,16.0,16.0
0457,0.0946686588653653,0.0154267466025328,16.29551615859714,12.400551704868672,80.64164011763047,3,6,521950,hourglass,linear,810230541.290168,0.2513983537096796,-16.374549865722656,,151.0,0.0,117.0,0.0,73.0,0.0,73.0,0.0,115.0,0.0,151.0,0.0,73.0,151.0,113.33333333333333,31.904370999737463,680.0,78.0,151.0,151.0,1.0,0.0,532224000.0,1064448000.0,696320.0,32.0,32.0
0458,0.0046951183783658,0.0012723583048494,27.099600101931493,0.9548747269233052,1047.2579849821643,3,2,60730,uniform,late,4757.548938691616,1.2447809362621367,-16.17974853515625,,80.0,0.0,80.0,1.0,,0.0,,0.0,,0.0,,0.0,80.0,80.0,80.0,0.0,160.0,0.0,80.0,80.0,1.0,1.0,61194240.0,122388480.0,163840.0,16.0,16.0
0459,0.0034669404713128,0.0005531775057198,15.95578321281032,0.5655894277042288,1768.0677746736508,3,2,99122,increasing,linear,6131.839219301939,2.0399075243781444,-16.273805618286133,,43.0,1.0,246.0,1.0,,0.0,,0.0,,0.0,,0.0,43.0,246.0,144.5,101.5,289.0,203.0,43.0,246.0,5.72093023255814,2.0,25560576.0,51121152.0,107008.0,8.0,8.0
0460,0.0145283629539609,0.0007833483711712,5.391855735250916,2.67049591115166,374.463035675262,3,3,162072,hourglass,linear,113628.66058927774,0.5666893510307137,-16.215747833251953,,123.0,0.0,71.0,1.0,123.0,0.0,,0.0,,0.0,,0.0,71.0,123.0,105.66666666666667,24.513035081133648,317.0,52.0,123.0,123.0,1.0,1.0,104004864.0,208009728.0,230144.0,16.0,16.0
0461,0.0006183078633888,6.116025861118541e-05,9.891554391039373,0.1039761441110868,9617.62058723526,3,4,5876,uniform,late,41892.66563725472,0.1839153469463359,-16.443050384521484,,14.0,0.0,14.0,1.0,14.0,0.0,14.0,1.0,,0.0,,0.0,14.0,14.0,14.0,0.0,56.0,0.0,14.0,14.0,1.0,2.0,3096576.0,6193152.0,35840.0,8.0,8.0
0462,0.0040137728259298,0.0004246767814625,10.580488729183928,0.6938570211667612,1441.2249081030154,3,3,149958,inverse_hourglass,linear,69117.293938905,0.8749864697645288,-16.074060440063477,,51.0,1.0,161.0,1.0,51.0,0.0,,0.0,,0.0,,0.0,51.0,161.0,87.66666666666667,51.85449728701349,263.0,110.0,51.0,51.0,1.0,2.0,25057728.0,50115456.0,96704.0,8.0,8.0
0463,0.009159391379672,0.0015330543548184,16.737513348548926,1.486112871190858,673.0237450962775,3,6,754434,increasing,late,1166716042.2696724,0.2706160515687449,-16.062267303466797,,87.0,1.0,92.0,1.0,105.0,0.0,128.0,0.0,159.0,1.0,200.0,1.0,87.0,200.0,128.5,40.102992407051126,771.0,113.0,87.0,200.0,2.2988505747126435,4.0,50454144.0,100908288.0,140928.0,2.0,2.0
0464,0.0040075038617961,0.0003616418690637,9.024117793404852,0.6429367012361874,1555.3640843475114,3,2,74770,uniform,late,5276.955056071281,2.199199161316571,-16.11457061767578,,89.0,1.0,89.0,1.0,,0.0,,0.0,,0.0,,0.0,89.0,89.0,89.0,0.0,178.0,0.0,89.0,89.0,1.0,2.0,20710656.0,41421312.0,113920.0,8.0,8.0
0465,0.0044215628933821,0.000110982508062,2.510028936332982,0.7767474361487942,1287.41998572417,3,3,133460,uniform,early,94310.3292053342,1.179436245033311,-16.068790435791016,,85.0,1.0,85.0,1.0,85.0,1.0,,0.0,,0.0,,0.0,85.0,85.0,85.0,0.0,255.0,0.0,85.0,85.0,1.0,3.0,23158080.0,46316160.0,114240.0,4.0,4.0
0466,0.0587929187672077,0.0008092026835616,1.3763607940025526,10.691398390332546,93.53322597897028,3,5,722112,hourglass,early,90879671.14534076,0.28902487332776,-16.107280731201172,,192.0,0.0,155.0,0.0,64.0,0.0,155.0,1.0,192.0,1.0,,0.0,64.0,192.0,151.6,46.82136264569838,758.0,128.0,192.0,192.0,1.0,2.0,530989056.0,1061978112.0,628736.0,8.0,8.0
0467,0.0008477312921346,9.193805205807457e-05,10.845187963578049,0.1287397864216322,7767.632126128697,3,5,25438,uniform,linear,690548.4889236093,0.3821649044761395,-16.054668426513672,,26.0,1.0,26.0,1.0,26.0,1.0,26.0,1.0,26.0,1.0,,0.0,26.0,26.0,26.0,0.0,130.0,0.0,26.0,26.0,1.0,5.0,2787408.0,5574816.0,35464.0,1.0,1.0
0468,0.0220911425860588,0.0002652731041336,1.2008120589519566,3.72508503073268,268.45087841253576,3,5,839055,decreasing,late,43500194.32471934,0.4002717776713465,-16.070648193359375,,253.0,1.0,180.0,1.0,134.0,1.0,101.0,1.0,90.0,1.0,,0.0,90.0,253.0,151.6,59.58724695771738,758.0,163.0,253.0,90.0,0.3557312252964427,5.0,128088360.0,256176720.0,315704.0,1.0,1.0
0469,0.0540998846128066,0.0092189248725347,17.04056291157483,8.321361007847281,120.1728067409373,3,4,345964,hourglass,linear,3397902.505434513,0.378528837371599,-16.10987091064453,,182.0,0.0,84.0,0.0,84.0,0.0,182.0,1.0,,0.0,,0.0,84.0,182.0,133.0,49.0,532.0,98.0,182.0,182.0,1.0,1.0,351848448.0,703696896.0,544768.0,16.0,16.0
0470,0.0646777102785977,0.0087646813355207,13.551316671179483,8.37759726281758,119.3660857017677,3,3,311467,decreasing,linear,57586.94949784875,0.3127482026314168,-16.459259033203125,,251.0,0.0,130.0,0.0,9.0,0.0,,0.0,,0.0,,0.0,9.0,251.0,130.0,98.79608629225484,390.0,242.0,251.0,9.0,0.035856573705179286,0.0,318440448.0,636880896.0,399360.0,32.0,32.0
0471,0.0009928469056927,9.76125911127514e-05,9.831585368606484,0.1476230085447362,6774.024325700432,3,4,14069,decreasing,late,87187.99282205105,0.4134168048222275,-16.050052642822266,,37.0,1.0,24.0,1.0,15.0,1.0,12.0,1.0,,0.0,,0.0,12.0,37.0,22.0,9.72111104761179,88.0,25.0,37.0,12.0,0.32432432432432434,4.0,3302208.0,6604416.0,45184.0,2.0,2.0
0472,0.0136007627545264,0.0012223463015988,8.987336399144711,1.8524653454293287,539.8280558668486,3,5,169093,hourglass,linear,16122058.595161438,0.2666508487154466,-16.05580711364746,,94.0,0.0,68.0,1.0,41.0,0.0,68.0,1.0,94.0,1.0,,0.0,41.0,94.0,73.0,19.778776504121787,365.0,53.0,94.0,94.0,1.0,3.0,78036480.0,156072960.0,199808.0,4.0,4.0
0473,0.0012877370579329,7.792802250271424e-05,6.051547714857253,0.1902935559157512,5255.13291253208,3,2,19990,uniform,linear,2608.642619252205,1.859976435546035,-16.097454071044922,55.46,45.0,1.0,45.0,1.0,,0.0,,0.0,,0.0,,0.0,45.0,45.0,45.0,0.0,90.0,0.0,45.0,45.0,1.0,2.0,5909760.0,11819520.0,57600.0,8.0,8.0
0474,0.073182466434746,0.0155106210235125,21.19444968057032,11.765271103170882,84.99606646631969,3,3,553761,increasing,early,220240.12686875465,0.48926213528317,-17.438711166381836,,90.0,0.0,196.0,0.0,221.0,0.0,,0.0,,0.0,,0.0,90.0,221.0,169.0,56.786148545808835,507.0,131.0,90.0,221.0,2.4555555555555557,0.0,564258816.0,1128517632.0,519168.0,32.0,32.0
0475,0.008686463681817,0.0008368147543079,9.633549220491355,1.249290327036236,800.454795095263,3,4,256175,inverse_hourglass,early,1853069.783979148,0.6349069767097157,-16.07787322998047,,83.0,1.0,104.0,0.0,104.0,1.0,83.0,1.0,,0.0,,0.0,83.0,104.0,93.5,10.5,374.0,21.0,83.0,83.0,1.0,3.0,52075008.0,104150016.0,143552.0,4.0,4.0
0476,0.0111103057502114,0.0013485965305554,12.138248585370883,1.4447338215493088,692.1692132736515,3,6,110162,uniform,linear,64127957.416537225,0.3281191297548754,-16.047142028808594,,49.0,0.0,49.0,0.0,49.0,1.0,49.0,0.0,49.0,1.0,49.0,0.0,49.0,49.0,49.0,0.0,294.0,0.0,49.0,49.0,1.0,2.0,58056768.0,116113536.0,178752.0,8.0,8.0
0477,0.0433991366661866,0.0053707204859358,12.375178168279762,6.127857376333399,163.18931070639624,3,6,1312707,inverse_hourglass,early,902140509.3181392,0.2924077228054805,-16.0866641998291,,47.0,1.0,157.0,0.0,238.0,0.0,238.0,1.0,155.0,0.0,47.0,0.0,47.0,238.0,147.0,78.2368199762746,882.0,191.0,47.0,47.0,1.0,2.0,260344512.0,520689024.0,223104.0,8.0,8.0
0478,0.0923179319649697,0.0126340396254584,13.685358149327293,13.223273785313342,75.62438853998056,3,5,522673,hourglass,early,45727638.51274756,0.318253579048816,-16.220857620239258,,174.0,0.0,143.0,0.0,27.0,0.0,142.0,0.0,174.0,0.0,,0.0,27.0,174.0,132.0,54.358072077659266,660.0,147.0,174.0,174.0,1.0,0.0,532749312.0,1065498624.0,675840.0,32.0,32.0
0479,0.0356359659339131,0.0026974648638668,7.5695011855978835,5.618998038246655,177.96770693004046,3,4,490943,increasing,linear,1582620.8144174516,0.4183381700754342,-16.480239868164062,,17.0,0.0,90.0,0.0,162.0,1.0,235.0,0.0,,0.0,,0.0,17.0,235.0,126.0,81.16957558100202,504.0,218.0,17.0,235.0,13.823529411764707,1.0,236653056.0,473306112.0,335616.0,16.0,16.0
0480,0.0170473896937296,0.0005639950727953,3.308395495896917,3.001124593466416,333.2085565444729,3,4,493027,decreasing,linear,2464035.907273948,0.9453099860825076,-16.05926513671875,,222.0,1.0,159.0,1.0,97.0,1.0,34.0,1.0,,0.0,,0.0,34.0,222.0,128.0,69.98928489418934,512.0,188.0,222.0,34.0,0.15315315315315314,4.0,96823008.0,193646016.0,274784.0,2.0,2.0
0481,0.0063368510521232,0.0013723975079394,21.657405178864828,1.010789324829365,989.3273943099654,3,5,410181,inverse_hourglass,late,16607276.943790851,0.3953594691390527,-16.080589294433594,84.34,77.0,1.0,97.0,1.0,156.0,1.0,97.0,1.0,77.0,0.0,,0.0,77.0,156.0,100.8,29.013100489261742,504.0,79.0,77.0,77.0,1.0,4.0,30501396.0,61002792.0,115524.0,2.0,2.0
0482,0.0093336791913187,0.0009353686798114,10.021435927232078,1.5884520511938778,629.5449923088441,3,5,235707,hourglass,late,17146248.73079458,0.4185698966197143,-16.05901336669922,,197.0,1.0,60.0,0.0,14.0,0.0,60.0,1.0,197.0,1.0,,0.0,14.0,197.0,105.6,76.4947056991528,528.0,183.0,197.0,197.0,1.0,3.0,43358976.0,86717952.0,248640.0,4.0,4.0
0483,0.001550262221289,6.0363322139939566e-05,3.893749154884811,0.2565151376829801,3898.4322371425737,3,6,70132,uniform,early,8637949.945976257,0.2313708467154468,-16.052927017211914,,39.0,1.0,39.0,1.0,39.0,1.0,39.0,1.0,39.0,0.0,39.0,1.0,39.0,39.0,39.0,0.0,234.0,0.0,39.0,39.0,1.0,5.0,5787288.0,11574576.0,53352.0,1.0,1.0
0484,0.0024851969540508,0.0002383796902851,9.591983842431423,0.4724602542608577,2116.583993314249,3,3,52887,hourglass,linear,45978.39808654785,0.5324541624119837,-16.153850555419922,,68.0,1.0,41.0,0.0,68.0,0.0,,0.0,,0.0,,0.0,41.0,68.0,59.0,12.727922061357855,177.0,27.0,68.0,68.0,1.0,1.0,14727168.0,29454336.0,97536.0,16.0,16.0
0485,0.0014428034827594,0.000114434472449,7.931397020899715,0.237019976480418,4219.063718117922,3,4,47078,uniform,linear,324572.86652320623,0.2803928910804214,-16.07970428466797,,41.0,1.0,41.0,1.0,41.0,0.0,41.0,1.0,,0.0,,0.0,41.0,41.0,41.0,0.0,164.0,0.0,41.0,41.0,1.0,3.0,6943104.0,13886208.0,57728.0,4.0,4.0
0486,0.0219320589971828,0.0036940372550009,16.843093735410264,3.1012861045019338,322.44721646273734,3,4,146886,uniform,linear,1101557.26191172,0.2632755393816909,-17.60634994506836,,73.0,0.0,73.0,0.0,73.0,0.0,73.0,0.0,,0.0,,0.0,73.0,73.0,73.0,0.0,292.0,0.0,73.0,73.0,1.0,0.0,149354496.0,298708992.0,299008.0,32.0,32.0
0487,0.0036234417386991,0.0004419796550336,12.19778561121094,0.5406453380272309,1849.641545109345,3,2,47810,decreasing,early,3863.900342792273,1.6022721782980274,-16.76317596435547,,97.0,1.0,51.0,0.0,,0.0,,0.0,,0.0,,0.0,51.0,97.0,74.0,23.0,148.0,46.0,97.0,51.0,0.5257731958762887,1.0,14079744.0,28159488.0,112384.0,16.0,16.0
0488,0.0083553741791224,0.0012173017399889,14.569087079674524,1.2801596588655328,781.1526063836113,3,5,986311,increasing,linear,45111268.30594981,0.4387855578995514,-16.051071166992188,,65.0,1.0,112.0,1.0,158.0,1.0,205.0,1.0,252.0,1.0,,0.0,65.0,252.0,158.4,66.04422760544634,792.0,187.0,65.0,252.0,3.876923076923077,5.0,35287056.0,70574112.0,109632.0,1.0,1.0
0489,0.0291881819699223,0.003316827762193,11.363598341311386,5.324981893470156,187.7990920306071,3,5,388438,decreasing,linear,21228498.588789582,0.3825284979555917,-16.227577209472656,,164.0,0.0,131.0,1.0,98.0,0.0,64.0,0.0,31.0,0.0,,0.0,31.0,164.0,97.6,47.09394865585174,488.0,133.0,164.0,31.0,0.18902439024390244,1.0,251131392.0,502262784.0,351488.0,16.0,16.0
0490,0.016440140818317,0.0013249818511805,8.059431277524745,2.391801512988317,418.09511712119496,3,5,1199077,increasing,early,67383457.96927008,0.3726228112447766,-16.073619842529297,,24.0,1.0,138.0,1.0,187.0,0.0,234.0,0.0,256.0,1.0,,0.0,24.0,256.0,167.8,82.57941632150231,839.0,232.0,24.0,256.0,10.666666666666666,3.0,82867968.0,165735936.0,103232.0,4.0,4.0
0491,0.17696636828845,0.0158337886853526,8.947343406824102,26.80702978484223,37.30462061987576,3,6,1203977,decreasing,early,1975852776.2744975,0.3010799106089353,-16.086654663085938,,216.0,0.0,190.0,0.0,181.0,0.0,168.0,0.0,120.0,1.0,58.0,1.0,58.0,216.0,155.5,52.31873469418006,933.0,158.0,216.0,58.0,0.26851851851851855,2.0,1183205376.0,2366410752.0,910848.0,8.0,8.0
0492,0.0189936415981139,0.0002954302421535,1.5554165357257097,3.213135929402037,311.22279278278046,3,5,881072,hourglass,early,67163574.87410298,0.2870506267988575,-16.08053207397461,,209.0,1.0,167.0,1.0,83.0,1.0,165.0,0.0,209.0,0.0,,0.0,83.0,209.0,166.6,46.01564951187802,833.0,126.0,209.0,209.0,1.0,3.0,101116800.0,202233600.0,268064.0,4.0,4.0
0493,0.0138352063082652,4.271787615542858e-05,0.3087621189277725,2.0777292046626403,481.2953814929383,3,6,217222,uniform,late,181018954.3574599,0.2630088402818704,-16.265533447265625,,69.0,0.0,69.0,1.0,69.0,0.0,69.0,0.0,69.0,0.0,69.0,0.0,69.0,69.0,69.0,0.0,414.0,0.0,69.0,69.0,1.0,1.0,89662464.0,179324928.0,211968.0,16.0,16.0
0494,0.071267723913882,0.0069508061401599,9.75309124304164,10.827701990040374,92.35909029960648,3,5,701485,hourglass,late,88953080.64878291,0.1707765330102874,-16.062213897705078,,206.0,0.0,125.0,0.0,96.0,1.0,130.0,0.0,206.0,0.0,,0.0,96.0,206.0,152.6,45.12028368705144,763.0,110.0,206.0,206.0,1.0,1.0,444054528.0,888109056.0,523264.0,16.0,16.0
0495,0.0008910494023682,6.22792013554293e-05,6.98942181992427,0.137441305245452,7275.848491676076,3,3,26015,increasing,late,26476.89031112194,0.7449684345963276,-16.07257843017578,,24.0,1.0,33.0,1.0,59.0,1.0,,0.0,,0.0,,0.0,24.0,59.0,38.666666666666664,14.83988619303471,116.0,35.0,24.0,59.0,2.4583333333333335,3.0,3609792.0,7219584.0,36800.0,4.0,4.0
0496,0.0070586996629489,0.0001229595249445,1.741957170807458,1.287274190380684,776.8356306840326,3,3,324042,inverse_hourglass,early,155346.6797864437,3.177708757677796,-16.07210922241211,,84.0,1.0,212.0,1.0,84.0,1.0,,0.0,,0.0,,0.0,84.0,212.0,126.66666666666667,60.339778661252055,380.0,128.0,84.0,84.0,1.0,3.0,53609472.0,107218944.0,145664.0,4.0,4.0
0497,0.0114887691135944,0.0016843818381164,14.661116621478133,1.8274862601374136,547.1999634242654,3,5,551053,hourglass,early,31907770.95758021,0.7603800919283069,-16.04540252685547,,154.0,1.0,128.0,1.0,77.0,1.0,134.0,1.0,154.0,1.0,,0.0,77.0,154.0,129.4,28.21063629200873,647.0,77.0,154.0,154.0,1.0,5.0,57579984.0,115159968.0,198152.0,1.0,1.0
0498,0.0081634820786078,0.0010156937656773,12.441918239018722,1.3315622290111593,750.9990133285252,3,5,395655,hourglass,early,30440056.63454166,0.2128282033777859,-16.070316314697266,84.29,118.0,1.0,108.0,1.0,83.0,0.0,108.0,1.0,118.0,0.0,,0.0,83.0,118.0,107.0,12.806248474865697,535.0,35.0,118.0,118.0,1.0,3.0,44786304.0,89572608.0,162592.0,4.0,4.0
0499,0.0153217018691026,0.0003370887612899,2.200073883239237,2.0824371249927247,480.2066238678596,3,5,488013,inverse_hourglass,early,7020584.823226064,0.2303487569548997,-16.105037689208984,,10.0,1.0,137.0,0.0,189.0,1.0,135.0,0.0,10.0,1.0,,0.0,10.0,189.0,96.2,72.99698623915921,481.0,179.0,10.0,10.0,1.0,3.0,78564672.0,157129344.0,102976.0,4.0,4.0
0500,0.0033677809827784,0.00012941707311,3.842799569563375,0.637222604508049,1569.310321899368,3,5,557589,increasing,linear,20117854.79022175,0.5155050990705338,-16.086999893188477,,41.0,1.0,80.0,1.0,118.0,1.0,156.0,1.0,195.0,1.0,,0.0,41.0,195.0,118.0,54.30653735969547,590.0,154.0,41.0,195.0,4.7560975609756095,5.0,17874000.0,35748000.0,73292.0,1.0,1.0
0501,0.0328670357783378,0.0055990519354438,17.03546365788816,1.7610535370519482,568.5642015895342,3,6,1792630,increasing,early,1807814365.181621,0.2420695790276187,-16.074193954467773,85.32,90.0,1.0,163.0,1.0,193.0,0.0,216.0,1.0,236.0,1.0,253.0,0.0,90.0,253.0,191.83333333333334,53.973501728986314,1151.0,163.0,90.0,253.0,2.811111111111111,4.0,87910704.0,175821408.0,164852.0,2.0,2.0
0502,0.0232117790418377,0.0012617718893228,5.435912030045338,1.070894900778072,933.9238918101854,3,6,1476541,increasing,early,539531831.1823401,0.276450776894623,-16.05521011352539,84.41,53.0,1.0,138.0,1.0,173.0,1.0,199.0,1.0,222.0,0.0,242.0,1.0,53.0,242.0,171.16666666666666,62.50711070661392,1027.0,189.0,53.0,242.0,4.566037735849057,5.0,40550184.0,81100368.0,105712.0,1.0,1.0
0503,0.0145301520004943,0.0005482456571869,3.773158444373202,0.717224111213486,1394.401896745261,3,6,1042674,increasing,early,75218846.56929243,0.2023800402089734,-16.061016082763672,84.15,42.0,1.0,121.0,1.0,142.0,1.0,166.0,1.0,185.0,1.0,210.0,0.0,42.0,210.0,144.33333333333334,53.94029621308689,866.0,168.0,42.0,210.0,5.0,5.0,27616554.0,55233108.0,86678.0,1.0,1.0
0504,0.0109655865380895,0.0002515590959073,2.29407788660952,0.5440125726438109,1838.4614596630693,3,5,654514,increasing,late,22978071.523367677,0.2790394247412164,-16.075586318969727,83.35,56.0,1.0,65.0,1.0,110.0,1.0,175.0,1.0,241.0,0.0,,0.0,56.0,241.0,129.4,69.9216704605947,647.0,185.0,56.0,241.0,4.303571428571429,4.0,18343548.0,36687096.0,84788.0,2.0,2.0
0505,0.0073591005993485,0.0003596567046172,4.887237234520998,0.4096569098863022,2441.208675541817,3,6,733598,increasing,linear,40365236.64965349,0.2734738060285929,-16.05280113220215,83.39,36.0,1.0,71.0,1.0,107.0,1.0,148.0,1.0,157.0,1.0,203.0,0.0,36.0,203.0,120.33333333333333,55.778331117219906,722.0,167.0,36.0,203.0,5.638888888888889,5.0,14663943.0,29327886.0,65087.0,1.0,1.0
0506,0.0081588621422892,0.0006746403630003,8.26880453713644,0.4385654947249983,2280.431314453144,3,6,765114,increasing,linear,133831172.92620675,0.3001845777273051,-16.06256675720215,83.2,28.0,1.0,59.0,1.0,104.0,1.0,131.0,1.0,187.0,0.0,207.0,1.0,28.0,207.0,119.33333333333333,64.05379683429304,716.0,179.0,28.0,207.0,7.392857142857143,5.0,12351960.0,24703920.0,54104.0,1.0,1.0
0507,0.0046100425823914,6.292304987987865e-05,1.3649125524397578,0.2450615845736335,4081.9046429246014,3,6,479774,increasing,early,13420499.00437042,0.3390729651474051,-16.065969467163086,80.65,9.0,1.0,71.0,1.0,94.0,1.0,116.0,1.0,134.0,1.0,144.0,0.0,9.0,144.0,94.66666666666667,45.34191095321071,568.0,135.0,9.0,144.0,16.0,5.0,7868736.0,15737472.0,35944.0,1.0,1.0
0508,0.0040673698740967,0.0001861275465379,4.576115580815856,0.2242234383694853,4462.091962683377,3,6,520911,increasing,late,36148243.39224303,0.1954403362813068,-16.084619522094727,78.62,14.0,1.0,24.0,1.0,52.0,1.0,100.0,1.0,147.0,0.0,245.0,1.0,14.0,245.0,97.0,80.26622369755952,582.0,231.0,14.0,245.0,17.5,5.0,4454604.0,8909208.0,26976.0,1.0,1.0
0509,0.0032930026842235,0.0002477856030345,7.524609810422381,0.1797978305259356,5562.242449501351,3,6,295219,increasing,late,6705904.436908305,0.2697007958108352,-16.055999755859375,77.57,20.0,1.0,26.0,1.0,42.0,1.0,76.0,1.0,114.0,1.0,167.0,0.0,20.0,167.0,74.16666666666667,52.43541000337675,445.0,147.0,20.0,167.0,8.35,5.0,3322926.0,6645852.0,31663.0,1.0,1.0
0510,0.0014017716189355,0.0003733970137279,26.637507043513622,0.0962292118960809,10414.837792217972,3,6,277897,increasing,late,2747950.4979739487,0.3468597953932454,-16.096824645996094,72.34,8.0,1.0,15.0,1.0,35.0,1.0,68.0,1.0,114.0,1.0,174.0,0.0,8.0,174.0,69.0,58.9406481131655,414.0,166.0,8.0,174.0,21.75,5.0,1600380.0,3200760.0,15990.0,1.0,1.0
0511,0.0010645869184023,9.615451787703975e-06,0.9032096507567838,0.092086601850226,10859.344540897324,3,5,115505,increasing,late,1747706.527578235,0.4317283042183469,-16.0633544921875,76.1,14.0,1.0,19.0,1.0,39.0,1.0,76.0,1.0,114.0,1.0,,0.0,14.0,114.0,52.4,37.739104387889235,262.0,100.0,14.0,114.0,8.142857142857142,5.0,2165472.0,4330944.0,23368.0,1.0,1.0
0512,0.0011587574173883,2.5708093020677548e-05,2.2185914527839405,0.094257948409026,10609.194676143206,3,6,143084,increasing,linear,2736064.5868093967,0.209308459267046,-16.07740592956543,75.66,12.0,1.0,29.0,1.0,44.0,1.0,60.0,1.0,78.0,1.0,87.0,0.0,12.0,87.0,51.666666666666664,26.32278269653284,310.0,75.0,12.0,87.0,7.25,5.0,2478258.0,4956516.0,23887.0,1.0,1.0
0513,0.0012268636459443,2.022086191434641e-06,0.1648175164468421,0.0990435044615868,10096.577080096278,3,4,69062,increasing,linear,324251.19155824184,0.47983093508606,-16.06475067138672,75.02,11.0,1.0,35.0,1.0,60.0,1.0,84.0,1.0,,0.0,,0.0,11.0,84.0,47.5,27.28094573140748,190.0,73.0,11.0,84.0,7.636363636363637,4.0,3126528.0,6253056.0,25408.0,2.0,2.0
0514,0.0013323427056156,3.56752923341871e-05,2.677636330639265,0.1041410171917001,9602.372634870151,3,4,55908,increasing,linear,287821.41066884995,0.6161519303864434,-16.082754135131836,75.6,13.0,1.0,36.0,1.0,50.0,1.0,76.0,1.0,,0.0,,0.0,13.0,76.0,43.75,22.829531313629722,175.0,63.0,13.0,76.0,5.846153846153846,4.0,3021696.0,6043392.0,26944.0,2.0,2.0
0515,0.0009164101343404,1.28159945713573e-05,1.3984998737034642,0.0696410106053544,14359.369041174788,3,5,53153,increasing,linear,1005386.277108848,0.3530203422048928,-16.05690574645996,73.48,11.0,1.0,24.0,1.0,36.0,1.0,48.0,1.0,61.0,1.0,,0.0,11.0,61.0,36.0,17.538529014715003,180.0,50.0,11.0,61.0,5.545454545454546,5.0,1764288.0,3528576.0,20724.0,1.0,1.0
0516,0.0007880746418605,1.6251345885038958e-05,2.062158204541556,0.0600413905408521,16655.362989998066,3,6,44511,increasing,linear,649465.4361431003,0.2830826252891099,-16.063413619995117,66.02,9.0,1.0,16.0,1.0,26.0,1.0,34.0,1.0,42.0,1.0,47.0,0.0,9.0,47.0,29.0,13.515423288475528,174.0,38.0,9.0,47.0,5.222222222222222,5.0,1016694.0,2033388.0,15735.0,1.0,1.0
0517,0.0006451313002212,8.447377497400439e-06,1.3094043793106709,0.0473966882413698,21098.713448014223,3,4,11839,increasing,late,64848.80664610863,0.2186122265271722,-16.07933807373047,64.02,8.0,1.0,11.0,1.0,23.0,1.0,39.0,1.0,,0.0,,0.0,8.0,39.0,20.25,12.193748398257199,81.0,31.0,8.0,39.0,4.875,4.0,698832.0,1397664.0,13104.0,2.0,2.0
0518,0.0006822438692224,7.498422670033157e-06,1.0990824554537937,0.0488363058861974,20477.148384646964,3,4,5294,inverse_hourglass,early,40634.01441210508,0.4221742978815544,-16.05872344970703,59.41,12.0,1.0,14.0,1.0,14.0,1.0,12.0,1.0,,0.0,,0.0,12.0,14.0,13.0,1.0,52.0,2.0,12.0,12.0,1.0,4.0,855936.0,1711872.0,16960.0,2.0,2.0
0519,0.0007632173664702,9.61112969295894e-06,1.259291273390237,0.0539974559277661,18519.392447182698,3,4,5876,uniform,linear,46542.785263717175,0.3492823596926385,-16.075973510742188,61.25,14.0,1.0,14.0,1.0,14.0,1.0,14.0,1.0,,0.0,,0.0,14.0,14.0,14.0,0.0,56.0,0.0,14.0,14.0,1.0,4.0,979776.0,1959552.0,19040.0,2.0,2.0
0520,0.0007652625234943,7.697141182071618e-06,1.0058170818198022,0.0532026884122528,18796.248410701177,3,5,6640,uniform,linear,104461.73994481564,0.2221497765000636,-16.086410522460938,59.62,13.0,1.0,13.0,1.0,13.0,1.0,13.0,1.0,13.0,0.0,,0.0,13.0,13.0,13.0,0.0,65.0,0.0,13.0,13.0,1.0,4.0,876564.0,1753128.0,17732.0,2.0,2.0
0521,0.0147421145931642,0.0003209890803557,2.177361180631453,0.9042109997406848,1105.9396200810852,3,6,1432297,increasing,early,539887175.0266795,0.33084049051668,-16.042400360107422,85.08,64.0,1.0,136.0,1.0,165.0,1.0,189.0,1.0,227.0,0.0,235.0,1.0,64.0,235.0,169.33333333333334,58.09379389305616,1016.0,171.0,64.0,235.0,3.671875,5.0,42704496.0,85408992.0,115784.0,1.0,1.0
0522,0.0200847871381517,0.0002801946445026,1.3950590692118063,1.1849287871228296,843.9330026224554,3,6,1684297,increasing,early,1256755248.1949112,0.2721855723040592,-16.05750274658203,85.69,69.0,1.0,149.0,1.0,188.0,1.0,216.0,0.0,229.0,1.0,254.0,1.0,69.0,254.0,184.16666666666666,61.12123653490295,1105.0,185.0,69.0,254.0,3.681159420289855,5.0,56794392.0,113588784.0,128968.0,1.0,1.0
0523,0.0219604967301424,0.0006932298701932,3.156713068524281,1.2514232947838748,799.1061067999375,3,6,1480291,increasing,early,1168685902.5962777,0.343169907052675,-16.051998138427734,85.55,56.0,1.0,138.0,1.0,182.0,0.0,192.0,1.0,221.0,1.0,243.0,1.0,56.0,243.0,172.0,61.310684223877324,1032.0,187.0,56.0,243.0,4.339285714285714,5.0,61991676.0,123983352.0,121116.0,1.0,1.0
0524,0.0204912918778061,0.0007481456082956,3.651041685204368,1.1691254318947877,855.3448287664378,3,6,1615229,increasing,early,1163245431.412721,0.3649089586443945,-16.089481353759766,85.37,68.0,1.0,148.0,1.0,182.0,1.0,207.0,0.0,229.0,1.0,248.0,1.0,68.0,248.0,180.33333333333334,59.617298011753455,1082.0,180.0,68.0,248.0,3.6470588235294117,5.0,54878256.0,109756512.0,127136.0,1.0,1.0
0525,0.0132564036679569,0.0001896730762986,1.430803414331389,0.773226679341535,1293.3149722562869,3,6,914950,increasing,late,318349599.15429246,0.3770558492513571,-16.07081413269043,83.41,81.0,1.0,85.0,1.0,112.0,1.0,135.0,1.0,182.0,0.0,247.0,1.0,81.0,247.0,140.33333333333334,58.49121491491028,842.0,166.0,81.0,247.0,3.049382716049383,5.0,28266192.0,56532384.0,115748.0,1.0,1.0
0526,0.0148785803396565,0.0006437619161707,4.326769768852681,0.9349831203688128,1069.5380582566158,3,6,1031230,increasing,late,784426058.4814494,0.3625536848057398,-16.050888061523438,85.25,84.0,1.0,92.0,1.0,114.0,0.0,145.0,1.0,198.0,1.0,255.0,1.0,84.0,255.0,148.0,61.02731628814537,888.0,171.0,84.0,255.0,3.0357142857142856,5.0,41641992.0,83283984.0,130332.0,1.0,1.0
0527,0.0216352627511048,0.0005054280490243,2.336130856550487,1.2415554747995197,805.454661312256,3,6,1360052,increasing,linear,1128985925.665228,0.3150211302417643,-16.059770584106445,85.87,86.0,1.0,119.0,1.0,152.0,0.0,184.0,1.0,217.0,1.0,250.0,0.0,86.0,250.0,168.0,55.91958512006326,1008.0,164.0,86.0,250.0,2.9069767441860463,4.0,60187752.0,120375504.0,144504.0,2.0,2.0
0528,0.0146496598093792,0.000589971406893,4.0272020959512105,0.8720939400199779,1146.6866738839497,3,6,1259366,increasing,linear,123888615.90688407,0.2287253012559439,-16.046606063842773,84.56,78.0,1.0,111.0,1.0,144.0,1.0,178.0,1.0,211.0,1.0,244.0,0.0,78.0,244.0,161.0,56.79788728465171,966.0,166.0,78.0,244.0,3.128205128205128,5.0,36817812.0,73635624.0,121440.0,1.0,1.0
0529,0.0417291851454214,0.0006855221904022,1.642788345886225,2.415078822158846,414.0672963873647,3,6,1709338,increasing,early,3048218976.553634,0.281437213775412,-16.069597244262695,85.96,88.0,1.0,159.0,1.0,189.0,0.0,211.0,0.0,230.0,0.0,247.0,1.0,88.0,247.0,187.33333333333334,52.62023269512297,1124.0,159.0,88.0,247.0,2.8068181818181817,3.0,135626112.0,271252224.0,186944.0,4.0,4.0
0530,0.0166939505651898,0.0007798404295703,4.6713953448289205,1.024467678315791,976.1174715292734,3,6,1178481,increasing,early,838533565.279877,0.3527745204170862,-16.05240249633789,86.16,51.0,1.0,120.0,1.0,147.0,0.0,183.0,1.0,202.0,1.0,212.0,0.0,51.0,212.0,152.5,55.241138052481624,915.0,161.0,51.0,212.0,4.1568627450980395,4.0,48030912.0,96061824.0,108144.0,2.0,2.0
0531,0.0007254292534783,4.36800317733048e-06,0.6021266934558251,0.0499513450183923,20019.58946092896,3,5,5698,uniform,linear,107932.78250461815,0.2962497246737048,-16.057586669921875,58.93,12.0,1.0,12.0,1.0,12.0,1.0,12.0,1.0,12.0,1.0,,0.0,12.0,12.0,12.0,0.0,60.0,0.0,12.0,12.0,1.0,5.0,772416.0,1544832.0,16368.0,1.0,1.0
0532,0.0008365880069582,1.7317659713695802e-05,2.0700344219206657,0.0562620793202624,17773.978426658665,3,5,7654,uniform,late,155699.16621756554,0.3098848828988342,-16.10440444946289,61.5,14.0,1.0,14.0,1.0,14.0,1.0,14.0,1.0,14.0,1.0,,0.0,14.0,14.0,14.0,0.0,70.0,0.0,14.0,14.0,1.0,5.0,986832.0,1973664.0,19096.0,1.0,1.0
0533,0.0007449880399091,1.8563579325934323e-05,2.4917956170408857,0.0505145805246428,19798.11982148497,3,4,5106,uniform,linear,26795.59578287601,0.2940157850553149,-16.079513549804688,54.3,13.0,1.0,13.0,1.0,13.0,1.0,13.0,0.0,,0.0,,0.0,13.0,13.0,13.0,0.0,52.0,0.0,13.0,13.0,1.0,3.0,870480.0,1740960.0,17680.0,4.0,4.0
0534,0.0008186607158329,1.6161511012163144e-05,1.974140287862555,0.0556718720485198,17962.49389453029,3,5,7654,uniform,linear,133396.87599110603,0.2722594837156719,-16.073558807373047,60.14,14.0,1.0,14.0,1.0,14.0,1.0,14.0,1.0,14.0,0.0,,0.0,14.0,14.0,14.0,0.0,70.0,0.0,14.0,14.0,1.0,4.0,986832.0,1973664.0,19096.0,2.0,2.0
0535,0.0008196382310033,9.116777908724016e-06,1.112292907270038,0.0562313434042225,17783.711798100565,3,6,8174,uniform,late,69687.74437448382,0.2405221417808326,-16.084909439086914,58.31,13.0,1.0,13.0,1.0,13.0,1.0,13.0,1.0,13.0,1.0,13.0,0.0,13.0,13.0,13.0,0.0,78.0,0.0,13.0,13.0,1.0,5.0,878085.0,1756170.0,17745.0,1.0,1.0
0536,0.0008100611163315,1.1708450924963046e-05,1.4453787114219616,0.0546597622633913,18294.995426100817,3,4,5379,hourglass,linear,42986.58355653286,0.2974943868978461,-16.069618225097656,60.72,14.0,1.0,13.0,1.0,13.0,1.0,14.0,1.0,,0.0,,0.0,13.0,14.0,13.5,0.5,54.0,1.0,14.0,14.0,1.0,4.0,929952.0,1859904.0,18720.0,2.0,2.0
0537,0.000766152519392,7.245915582379655e-06,0.9457536716226308,0.0515532023178792,19397.7389504266,3,6,7006,uniform,linear,288787.0157860517,0.271920075813896,-16.065486907958984,59.08,12.0,1.0,12.0,1.0,12.0,1.0,12.0,1.0,12.0,0.0,12.0,1.0,12.0,12.0,12.0,0.0,72.0,0.0,12.0,12.0,1.0,5.0,777600.0,1555200.0,16416.0,1.0,1.0
0538,0.0008238717006859,1.1132510478506476e-05,1.3512432177532134,0.0560476712903497,17842.301170574443,3,6,8174,uniform,linear,617866.2989991903,0.1055050268351067,-16.07284927368164,61.44,13.0,1.0,13.0,1.0,13.0,1.0,13.0,0.0,13.0,1.0,13.0,1.0,13.0,13.0,13.0,0.0,78.0,0.0,13.0,13.0,1.0,5.0,900900.0,1801800.0,17940.0,1.0,1.0
0539,0.0007795764363879,1.9518890806692227e-05,2.5037815274574866,0.051770588294404,19316.292160562727,3,5,7569,inverse_hourglass,linear,121551.54424589872,0.2933574640288389,-16.07196807861328,61.3,12.0,1.0,15.0,1.0,15.0,1.0,14.0,1.0,12.0,1.0,,0.0,12.0,15.0,13.6,1.3564659966250536,68.0,3.0,12.0,12.0,1.0,5.0,912384.0,1824768.0,17360.0,1.0,1.0
0540,0.0008775108648805,1.875803423221129e-05,2.137641251286939,0.0590997213008175,16920.74990809213,3,6,9432,hourglass,linear,106884.16720253228,0.1979124649156622,-16.06886100769043,57.49,14.0,1.0,14.0,1.0,14.0,1.0,14.0,1.0,14.0,1.0,14.0,0.0,14.0,14.0,14.0,0.0,84.0,0.0,14.0,14.0,1.0,5.0,988596.0,1977192.0,19110.0,1.0,1.0
0541,0.0089228932963633,0.0003067789905813,3.4381111640812887,0.5528592670330614,1808.80701795252,3,4,772801,increasing,early,1739034.448694408,1.0069958598359334,-16.079090118408203,80.29,8.0,1.0,143.0,1.0,213.0,1.0,253.0,1.0,,0.0,,0.0,8.0,253.0,154.25,93.16484047107042,617.0,245.0,8.0,253.0,31.625,4.0,28161360.0,56322720.0,62480.0,2.0,2.0
0542,0.0452996012041481,0.0005309288833498,1.1720387580391949,2.615806374031226,382.2916353703968,3,4,149043,increasing,late,332762.2623874247,0.2759540728210297,-16.17296028137207,63.02,8.0,0.0,27.0,0.0,83.0,0.0,167.0,0.0,,0.0,,0.0,8.0,167.0,71.25,61.77529846144007,285.0,159.0,8.0,167.0,20.875,0.0,150607872.0,301215744.0,291840.0,32.0,32.0
0543,0.0386857888236978,0.0007494106557905,1.937172999640244,2.242556116988828,445.9198889441959,3,3,78820,hourglass,early,108780.38090844452,0.294014129187543,-16.833206176757812,58.73,255.0,0.0,15.0,0.0,255.0,0.0,,0.0,,0.0,,0.0,15.0,255.0,175.0,113.13708498984761,525.0,240.0,255.0,255.0,1.0,0.0,77552640.0,155105280.0,537600.0,32.0,32.0
0544,0.0095194073314971,0.0004416917328818,4.639907900783089,0.6058278558523833,1650.649432604317,3,5,1022549,increasing,early,26495919.686962187,0.5796804576301553,-16.057153701782227,83.82,16.0,1.0,139.0,1.0,170.0,1.0,206.0,1.0,254.0,1.0,,0.0,16.0,254.0,157.0,80.22967032214454,785.0,238.0,16.0,254.0,15.875,5.0,26103888.0,52207776.0,67160.0,1.0,1.0
0545,0.0416212750981333,0.0004029130933488,0.9680460110817491,2.3936346013912697,417.7830119105887,3,6,927873,decreasing,late,614318528.538018,0.4334459240925167,-16.053997039794922,84.66,243.0,1.0,174.0,1.0,134.0,1.0,123.0,0.0,93.0,1.0,93.0,1.0,93.0,243.0,143.33333333333334,52.34713193883904,860.0,150.0,243.0,93.0,0.38271604938271603,5.0,121898196.0,243796392.0,305780.0,1.0,1.0
0546,0.0141459662014501,0.0010116659330152,7.151621307504296,0.8912082669564483,1122.073054138804,3,2,50998,increasing,linear,3999.274584889412,0.4911731061217984,-17.11673355102539,50.39,21.0,0.0,252.0,0.0,,0.0,,0.0,,0.0,,0.0,21.0,252.0,136.5,115.5,273.0,231.0,21.0,252.0,12.0,0.0,49351680.0,98703360.0,279552.0,32.0,32.0
0547,0.0489576085697916,0.0009370654091268,1.9140342767989464,2.794263507826676,357.87659032509623,3,6,133585,hourglass,linear,54735627.16301942,0.4044038618399736,-17.39999771118164,70.8,97.0,0.0,63.0,0.0,14.0,0.0,14.0,0.0,65.0,0.0,97.0,0.0,14.0,97.0,58.333333333333336,34.12558505806978,350.0,83.0,97.0,97.0,1.0,0.0,135429120.0,270858240.0,358400.0,32.0,32.0
0548,0.0365630136292168,0.001005330301192,2.749582710514599,2.1137765554031334,473.0898848754648,3,2,123982,increasing,early,6457.852614015341,0.6735419375718477,-20.285680770874023,56.07,53.0,0.0,251.0,0.0,,0.0,,0.0,,0.0,,0.0,53.0,251.0,152.0,99.0,304.0,198.0,53.0,251.0,4.735849056603773,0.0,124065792.0,248131584.0,311296.0,32.0,32.0
0549,0.0106970476403233,0.0003972155860071,3.713319780963247,0.6840590422157693,1461.8710450163271,3,5,585688,increasing,linear,21460501.79365605,0.2324126340471418,-16.056812286376953,85.67,9.0,0.0,64.0,1.0,121.0,1.0,164.0,1.0,223.0,1.0,,0.0,9.0,223.0,116.2,74.7406181403392,581.0,214.0,9.0,223.0,24.77777777777778,4.0,40095936.0,80191872.0,119792.0,2.0,2.0
0550,0.0068414363022078,0.0002822865023328,4.126129219997263,0.4118032738091019,2428.376825520796,3,6,953757,increasing,linear,183848888.08735383,0.446433947704307,-16.062957763671875,81.05,10.0,1.0,58.0,1.0,106.0,1.0,155.0,0.0,203.0,1.0,251.0,1.0,10.0,251.0,130.5,82.41510783830839,783.0,241.0,10.0,251.0,25.1,5.0,13885236.0,27770472.0,38604.0,1.0,1.0
